date,NOx,SOx,먼지,NOx_conc,n_units,api_gen_mwh,utilization,temp_mean,humidity_mean,wind_dir,wind_speed_mean,precipitation,pressure_mean,wind_sin,wind_cos,stagnation_idx,solar_radiation,wind_speed_max,heat_efficiency,LNG,gen_mwh_combined,coal_ratio,lng_ratio,유연탄,solar_mwh,wind_mwh,renewable_mwh,renewable_ratio,plant_type,is_coal,month,dayofweek,year,season,seasonal_mgmt,SOx_lag1,SOx_lag7,NOx_lag1,NOx_lag7,먼지_lag1,먼지_lag7
2022-01-01,5538.575197728,0.0,0.0,9.29125,8.0,13079.0,60.55092592592592,-3.35,57.06,324.75,1.44,,,-0.5771451900372337,0.8166415551616788,39.625,,2.16,29.145,2641.6451612903224,13079.0,0.0,1.0,0.0,0.0,0.0,0.0,0.0,bundang_cc,0,1,5,2022,winter,1,,,,,,
2022-01-02,5740.806687984,0.0,0.0,9.01,8.0,12962.0,60.00925925925926,-6.38,57.16,324.68,1.44,,,-0.5781424749345445,0.8159358299992467,39.69444444444444,,2.16,29.145,2641.6451612903224,12962.0,0.0,1.0,0.0,0.0,0.0,0.0,0.0,bundang_cc,0,1,6,2022,winter,1,0.0,,332314.51186368,,0.0,
2022-01-03,7084.494713231999,0.0,0.0,10.70125,8.0,15821.0,73.24537037037037,-0.17,81.06,322.0,1.1,,,-0.6156614753256582,0.7880107536067221,73.69090909090909,,1.65,29.145,2641.6451612903224,15821.0,0.0,1.0,0.0,0.0,0.0,0.0,0.0,bundang_cc,0,1,0,2022,winter,1,0.0,,344448.40127904,,0.0,
2022-01-04,6688.697830272,0.0,0.0,9.49875,8.0,15371.0,71.16203703703704,-6.71,50.95,324.58,1.43,,,-0.5795656703222735,0.8149255387971921,35.629370629370634,,2.145,29.145,2641.6451612903224,15371.0,0.0,1.0,0.0,0.0,0.0,0.0,0.0,bundang_cc,0,1,1,2022,winter,1,0.0,,425069.68279392,,0.0,
2022-01-05,6502.802869008,0.0,0.0,10.725,8.0,15349.0,71.06018518518519,-2.67,57.42,325.0,1.45,,,-0.5735764363510465,0.8191520442889916,39.6,,2.175,29.145,2641.6451612903224,15349.0,0.0,1.0,0.0,0.0,0.0,0.0,0.0,bundang_cc,0,1,2,2022,winter,1,0.0,,401321.86981632,,0.0,
2022-01-06,5433.5151277919995,0.0,0.0,11.1125,8.0,15312.0,70.88888888888889,-5.43,60.56,324.94,1.48,,,-0.5744339357106558,0.8185509474088746,40.91891891891892,,2.22,29.145,2641.6451612903224,15312.0,0.0,1.0,0.0,0.0,0.0,0.0,0.0,bundang_cc,0,1,3,2022,winter,1,0.0,,390168.17214048,,0.0,
2022-01-07,5284.104911568001,0.0,0.0,10.8525,8.0,16063.0,74.36574074074073,-4.8,62.78,324.98,1.52,,,-0.5738623394059101,0.8189517784409385,41.30263157894737,,2.28,29.145,2641.6451612903224,16063.0,0.0,1.0,0.0,0.0,0.0,0.0,0.0,bundang_cc,0,1,4,2022,winter,1,0.0,,326010.90766752,,0.0,
2022-01-08,4822.237590336,0.0,0.0,11.23,8.0,14928.0,69.11111111111111,3.34,77.89,322.01,1.16,,,-0.6155239321273803,0.7881181948023076,67.14655172413794,,1.7399999999999998,29.145,2641.6451612903224,14928.0,0.0,1.0,0.0,0.0,0.0,0.0,0.0,bundang_cc,0,1,5,2022,winter,1,0.0,0.0,317046.29469408,332314.51186368,0.0,0.0
2022-01-09,3791.3947538400002,0.0,0.0,11.125,8.0,12731.0,58.93981481481482,-3.22,85.5,326.0,1.56,,,-0.5591929034707466,0.8290375725550418,54.80769230769231,,2.34,29.145,2641.6451612903224,12731.0,0.0,1.0,0.0,0.0,0.0,0.0,0.0,bundang_cc,0,1,6,2022,winter,1,0.0,0.0,289334.25542016,344448.40127904,0.0,0.0
2022-01-10,5618.201292432001,0.0,0.0,9.48,8.0,14371.0,66.53240740740742,0.21,86.54,320.0,0.91,,,-0.6427876096865396,0.7660444431189778,95.09890109890112,,1.365,29.145,2641.6451612903224,14371.0,0.0,1.0,0.0,0.0,0.0,0.0,0.0,bundang_cc,0,1,0,2022,winter,1,0.0,0.0,227483.6852304,425069.68279392,0.0,0.0
2022-01-11,5920.687284336001,0.0,0.0,8.50125,8.0,16763.0,77.60648148148148,-9.4,52.62,322.6,1.25,,,-0.6073758397232863,0.7944146205354183,42.096,,1.875,29.145,2641.6451612903224,16763.0,0.0,1.0,0.0,0.0,0.0,0.0,0.0,bundang_cc,0,1,1,2022,winter,1,0.0,0.0,337092.07754592004,401321.86981632,0.0,0.0
2022-01-12,6217.387607376,0.0,0.0,8.8525,8.0,16766.0,77.62037037037037,-6.79,44.77,323.17,1.29,,,-0.5994427783489823,0.8004176131778041,34.70542635658915,,1.935,29.145,2641.6451612903224,16766.0,0.0,1.0,0.0,0.0,0.0,0.0,0.0,bundang_cc,0,1,2,2022,winter,1,0.0,0.0,355241.23706016,390168.17214048,0.0,0.0
2022-01-13,5809.053473424,0.0,0.0,8.40375,8.0,16273.0,75.33796296296296,-7.53,45.71,323.58,1.32,,,-0.5936998113827054,0.8046866060548914,34.628787878787875,,1.98,29.145,2641.6451612903224,16273.0,0.0,1.0,0.0,0.0,0.0,0.0,0.0,bundang_cc,0,1,3,2022,winter,1,0.0,0.0,373043.25644256,326010.90766752,0.0,0.0
2022-01-14,5585.146491456,0.0,0.0,7.96125,8.0,16188.0,74.94444444444444,-5.35,54.5,324.47,1.43,,,-0.5811291459785648,0.8138113514164225,38.11188811188811,,2.145,29.145,2641.6451612903224,16188.0,0.0,1.0,0.0,0.0,0.0,0.0,0.0,bundang_cc,0,1,4,2022,winter,1,0.0,0.0,348543.20840544,317046.29469408,0.0,0.0
2022-01-15,5934.537162576,0.0,0.0,9.9125,8.0,15104.0,69.92592592592592,0.49,75.19,321.01,1.05,,,-0.6291847439074688,0.7772557867485406,71.60952380952381,,1.5750000000000002,29.145,2641.6451612903224,15104.0,0.0,1.0,0.0,0.0,0.0,0.0,0.0,bundang_cc,0,1,5,2022,winter,1,0.0,0.0,335108.78948736,289334.25542016,0.0,0.0
2022-01-16,4453.45213176,0.0,0.0,11.535,8.0,12837.0,59.43055555555555,-5.84,47.9,324.85,1.52,,,-0.5757190033240681,0.8176476192171916,31.51315789473684,,2.28,29.145,2641.6451612903224,12837.0,0.0,1.0,0.0,0.0,0.0,0.0,0.0,bundang_cc,0,1,6,2022,winter,1,0.0,0.0,356072.22975456,227483.6852304,0.0,0.0
2022-01-17,6633.017448624,0.0,0.0,10.24125,8.0,17383.0,80.47685185185185,-6.7,52.09,323.58,1.34,,,-0.5936998113827054,0.8046866060548914,38.87313432835821,,2.01,29.145,2641.6451612903224,17383.0,0.0,1.0,0.0,0.0,0.0,0.0,0.0,bundang_cc,0,1,0,2022,winter,1,0.0,0.0,267207.1279056,337092.07754592004,0.0,0.0
2022-01-18,5696.600499648,0.0,0.0,8.08,8.0,16821.0,77.875,-7.14,61.91,323.55,1.32,,,-0.5941210629020384,0.8043756352700846,46.90151515151515,,1.98,29.145,2641.6451612903224,16821.0,0.0,1.0,0.0,0.0,0.0,0.0,0.0,bundang_cc,0,1,1,2022,winter,1,0.0,0.0,397981.04691744,355241.23706016,0.0,0.0
2022-01-19,5933.8595196,0.0,0.0,8.3175,8.0,16840.0,77.96296296296296,-8.14,83.67,323.97,1.34,,,-0.5882087720084799,0.8087091198522965,62.440298507462686,,2.01,29.145,2641.6451612903224,16840.0,0.0,1.0,0.0,0.0,0.0,0.0,0.0,bundang_cc,0,1,2,2022,winter,1,0.0,0.0,341796.02997887996,373043.25644256,0.0,0.0
2022-01-20,5268.70720656,0.0,0.0,7.7225,8.0,15466.0,71.60185185185185,-7.43,76.18,323.31,1.29,,,-0.5974852016253369,0.8018799372965573,59.054263565891475,,1.935,29.145,2641.6451612903224,15466.0,0.0,1.0,0.0,0.0,0.0,0.0,0.0,bundang_cc,0,1,3,2022,winter,1,0.0,0.0,356031.571176,348543.20840544,0.0,0.0
2022-01-21,5399.894889648,0.0,0.0,7.685,8.0,15953.0,73.85648148148148,-4.41,59.54,323.88,1.34,,,-0.5894783631276566,0.8077841663491174,44.43283582089552,,2.01,29.145,2641.6451612903224,15953.0,0.0,1.0,0.0,0.0,0.0,0.0,0.0,bundang_cc,0,1,4,2022,winter,1,0.0,0.0,316122.4323936,335108.78948736,0.0,0.0
2022-01-22,4304.313058752,0.0,0.0,9.795,8.0,12709.0,58.83796296296296,1.09,48.37,321.0,1.05,,,-0.6293203910498378,0.7771459614569706,46.06666666666666,,1.5750000000000002,29.145,2641.6451612903224,12709.0,0.0,1.0,0.0,0.0,0.0,0.0,0.0,bundang_cc,0,1,5,2022,winter,1,0.0,0.0,323993.69337888,356072.22975456,0.0,0.0
2022-01-23,5194.221273072,0.0,0.0,10.95,8.0,13977.0,64.70833333333333,-1.02,72.42,320.97,0.97,,,-0.6297272174392471,0.7768163435563281,74.65979381443299,,1.455,29.145,2641.6451612903224,13977.0,0.0,1.0,0.0,0.0,0.0,0.0,0.0,bundang_cc,0,1,6,2022,winter,1,0.0,0.0,258258.78352512,267207.1279056,0.0,0.0
2022-01-24,5890.751529839999,0.0,0.0,10.17875,8.0,14514.0,67.19444444444444,4.23,49.03,318.0,0.67,,,-0.6691306063588581,0.7431448254773944,73.17910447761194,,1.005,29.145,2641.6451612903224,14514.0,0.0,1.0,0.0,0.0,0.0,0.0,0.0,bundang_cc,0,1,0,2022,winter,1,0.0,0.0,311653.27638432,397981.04691744,0.0,0.0
2022-01-25,5223.379876848,0.0,0.0,9.2375,8.0,13444.0,62.24074074074074,1.16,87.99,321.0,0.99,,,-0.6293203910498378,0.7771459614569706,88.87878787878788,,1.485,29.145,2641.6451612903224,13444.0,0.0,1.0,0.0,0.0,0.0,0.0,0.0,bundang_cc,0,1,1,2022,winter,1,0.0,0.0,353445.0917904,341796.02997887996,0.0,0.0
2022-01-26,6274.864897056,0.0,0.0,9.535,8.0,17902.0,82.87962962962962,-1.24,50.2,322.0,1.13,,,-0.6156614753256582,0.7880107536067221,44.42477876106195,,1.6949999999999998,29.145,2641.6451612903224,17902.0,0.0,1.0,0.0,0.0,0.0,0.0,0.0,bundang_cc,0,1,2,2022,winter,1,0.0,0.0,313402.79261088,356031.571176,0.0,0.0
2022-01-27,5635.498493808,0.0,0.0,7.94625,8.0,18430.0,85.32407407407408,-3.49,55.89,324.0,1.41,,,-0.5877852522924734,0.8090169943749473,39.63829787234043,,2.115,29.145,2641.6451612903224,18430.0,0.0,1.0,0.0,0.0,0.0,0.0,0.0,bundang_cc,0,1,3,2022,winter,1,0.0,0.0,376491.89382336,316122.4323936,0.0,0.0
2022-01-28,5655.838571423999,0.0,0.0,7.5025,8.0,16115.0,74.60648148148148,-3.35,42.63,325.94,1.58,,,-0.5600607628161108,0.8284515326522343,26.981012658227847,,2.37,29.145,2641.6451612903224,16115.0,0.0,1.0,0.0,0.0,0.0,0.0,0.0,bundang_cc,0,1,4,2022,winter,1,0.0,0.0,338129.90962848,323993.69337888,0.0,0.0
2022-01-29,5236.926215328,0.0,0.0,7.6925,8.0,14337.0,66.375,-5.38,62.42,324.5,1.4,,,-0.5807029557109397,0.8141155183563192,44.58571428571429,,2.0999999999999996,29.145,2641.6451612903224,14337.0,0.0,1.0,0.0,0.0,0.0,0.0,0.0,bundang_cc,0,1,5,2022,winter,1,0.0,0.0,339350.31428543996,258258.78352512,0.0,0.0
2022-01-30,4721.778763056001,0.0,0.0,6.07875,8.0,12728.0,58.92592592592592,-4.8,52.84,324.9,1.48,,,-0.5750052520432788,0.8181497174250233,35.70270270270271,,2.22,29.145,2641.6451612903224,12728.0,0.0,1.0,0.0,0.0,0.0,0.0,0.0,bundang_cc,0,1,6,2022,winter,1,0.0,0.0,314215.57291968,311653.27638432,0.0,0.0
2022-01-31,4779.555732288,0.0,0.0,6.06875,8.0,12842.0,59.45370370370371,0.1,99.98,323.47,1.32,,,-0.5952436036630643,0.8035453019576487,75.74242424242424,,1.98,29.145,2641.6451612903224,12842.0,0.0,1.0,0.0,0.0,0.0,0.0,0.0,bundang_cc,0,1,0,2022,winter,1,0.0,0.0,283306.72578336,353445.0917904,0.0,0.0
2022-02-01,4360.475748096,0.0,0.0,5.57125,8.0,12749.0,59.02314814814815,-2.14,72.19,325.0,1.56,,,-0.5735764363510465,0.8191520442889916,46.27564102564102,,2.34,29.03125,2572.6428571428573,12749.0,0.0,1.0,0.0,0.0,0.0,0.0,0.0,bundang_cc,0,2,1,2022,winter,1,0.0,0.0,286773.34393728,313402.79261088,0.0,0.0
2022-02-02,4311.508318416,0.0,0.0,5.5625,8.0,12762.0,59.08333333333333,-4.2,66.75,324.5,1.41,,,-0.5807029557109397,0.8141155183563192,47.340425531914896,,2.115,29.03125,2572.6428571428573,12762.0,0.0,1.0,0.0,0.0,0.0,0.0,0.0,bundang_cc,0,2,2,2022,winter,1,0.0,0.0,261628.54488575997,376491.89382336,0.0,0.0
2022-02-03,4882.561329888001,0.0,0.0,7.54,8.0,14902.0,68.99074074074075,-5.79,58.69,323.38,1.3,,,-0.5965050748005216,0.8026093045418948,45.14615384615384,,1.95,29.03125,2572.6428571428573,14902.0,0.0,1.0,0.0,0.0,0.0,0.0,0.0,bundang_cc,0,2,3,2022,winter,1,0.0,0.0,258690.49910496,338129.90962848,0.0,0.0
2022-02-04,5165.50040784,0.0,0.0,6.630000000000001,8.0,15430.0,71.43518518518519,-7.3,50.73,323.61,1.35,,,-0.5932783970972005,0.8049973562303024,37.577777777777776,,2.0250000000000004,29.03125,2572.6428571428573,15430.0,0.0,1.0,0.0,0.0,0.0,0.0,0.0,bundang_cc,0,2,4,2022,winter,1,0.0,0.0,292953.67979328,339350.31428543996,0.0,0.0
2022-02-05,5205.776653152,0.0,0.0,6.66375,8.0,15416.0,71.37037037037037,-8.17,61.45,323.16,1.29,,,-0.5995824684456458,0.8003129784856836,47.63565891472868,,1.935,29.03125,2572.6428571428573,15416.0,0.0,1.0,0.0,0.0,0.0,0.0,0.0,bundang_cc,0,2,5,2022,winter,1,0.0,0.0,309930.0244704,314215.57291968,0.0,0.0
2022-02-06,4938.4746313919995,0.0,0.0,6.3125,8.0,15427.0,71.4212962962963,-4.42,46.8,323.65,1.4,,,-0.5927162583910683,0.8054113464801028,33.42857142857143,,2.0999999999999996,29.03125,2572.6428571428573,15427.0,0.0,1.0,0.0,0.0,0.0,0.0,0.0,bundang_cc,0,2,6,2022,winter,1,0.0,0.0,312346.59918912,283306.72578336,0.0,0.0
2022-02-07,4972.651578,0.0,0.0,6.73125,8.0,15912.0,73.66666666666667,-2.49,59.06,323.47,1.31,,,-0.5952436036630643,0.8035453019576487,45.083969465648856,,1.965,29.03125,2572.6428571428573,15912.0,0.0,1.0,0.0,0.0,0.0,0.0,0.0,bundang_cc,0,2,0,2022,winter,1,0.0,0.0,296308.47788351995,286773.34393728,0.0,0.0
2022-02-08,4970.5126332479995,0.0,0.0,6.4,8.0,15358.0,71.10185185185185,-3.58,76.59,322.88,1.27,,,-0.6034863603024766,0.7973733209287037,60.30708661417323,,1.905,29.03125,2572.6428571428573,15358.0,0.0,1.0,0.0,0.0,0.0,0.0,0.0,bundang_cc,0,2,1,2022,winter,1,0.0,0.0,298359.09468,261628.54488575997,0.0,0.0
2022-02-09,5096.7886978080005,0.0,0.0,6.77125,8.0,14862.0,68.80555555555556,-0.14,56.96,320.0,0.86,,,-0.6427876096865396,0.7660444431189778,66.23255813953489,,1.29,29.03125,2572.6428571428573,14862.0,0.0,1.0,0.0,0.0,0.0,0.0,0.0,bundang_cc,0,2,2,2022,winter,1,0.0,0.0,298230.75799487997,258690.49910496,0.0,0.0
2022-02-10,4547.561880816001,0.0,0.0,6.48875,8.0,12791.0,59.217592592592595,-2.23,82.39,320.5,0.93,,,-0.636078220277764,0.77162458338772,88.59139784946237,,1.395,29.03125,2572.6428571428573,12791.0,0.0,1.0,0.0,0.0,0.0,0.0,0.0,bundang_cc,0,2,3,2022,winter,1,0.0,0.0,305807.32186848,292953.67979328,0.0,0.0
2022-02-11,4478.2122127679995,0.0,0.0,6.6049999999999995,8.0,14056.0,65.07407407407408,1.07,65.09,319.0,0.75,,,-0.6560590289905074,0.7547095802227719,86.78666666666668,,1.125,29.03125,2572.6428571428573,14056.0,0.0,1.0,0.0,0.0,0.0,0.0,0.0,bundang_cc,0,2,4,2022,winter,1,0.0,0.0,272853.71284896,309930.0244704,0.0,0.0
2022-02-12,4848.805754352,0.0,0.0,7.94375,8.0,13525.0,62.61574074074075,0.95,47.91,318.5,0.7,,,-0.6626200482157378,0.7489557207890019,68.44285714285714,,1.0499999999999998,29.03125,2572.6428571428573,13525.0,0.0,1.0,0.0,0.0,0.0,0.0,0.0,bundang_cc,0,2,5,2022,winter,1,0.0,0.0,268692.73276607995,312346.59918912,0.0,0.0
2022-02-13,4355.10814032,0.0,0.0,8.86125,8.0,12597.0,58.31944444444444,-0.12,64.0,318.0,0.69,,,-0.6691306063588581,0.7431448254773944,92.7536231884058,,1.035,29.03125,2572.6428571428573,12597.0,0.0,1.0,0.0,0.0,0.0,0.0,0.0,bundang_cc,0,2,6,2022,winter,1,0.0,0.0,290928.34526112,296308.47788351995,0.0,0.0
2022-02-14,4756.078974672,0.0,0.0,9.4375,8.0,12718.0,58.879629629629626,-0.68,63.53,320.0,0.9,,,-0.6427876096865396,0.7660444431189778,70.58888888888889,,1.35,29.03125,2572.6428571428573,12718.0,0.0,1.0,0.0,0.0,0.0,0.0,0.0,bundang_cc,0,2,0,2022,winter,1,0.0,0.0,261306.4884192,298359.09468,0.0,0.0
2022-02-15,5092.84771776,0.0,0.0,9.72875,8.0,14381.0,66.5787037037037,-7.0,50.53,324.47,1.46,,,-0.5811291459785648,0.8138113514164225,34.609589041095894,,2.19,29.03125,2572.6428571428573,14381.0,0.0,1.0,0.0,0.0,0.0,0.0,0.0,bundang_cc,0,2,1,2022,winter,1,0.0,0.0,285364.73848032,298230.75799487997,0.0,0.0
2022-02-16,6221.7959857920005,0.0,0.0,11.29625,8.0,17014.0,78.76851851851852,-8.73,47.32,323.58,1.36,,,-0.5936998113827054,0.8046866060548914,34.79411764705882,,2.04,29.03125,2572.6428571428573,17014.0,0.0,1.0,0.0,0.0,0.0,0.0,0.0,bundang_cc,0,2,2,2022,winter,1,0.0,0.0,305570.8630656,305807.32186848,0.0,0.0
2022-02-17,5950.04130216,0.0,0.0,10.74625,8.0,17036.0,78.87037037037037,-7.95,56.04,323.3,1.3,,,-0.5976251469755207,0.8017756442437544,43.107692307692304,,1.95,29.03125,2572.6428571428573,17036.0,0.0,1.0,0.0,0.0,0.0,0.0,0.0,bundang_cc,0,2,3,2022,winter,1,0.0,0.0,373307.75914752,272853.71284896,0.0,0.0
2022-02-18,5107.1365088640005,0.0,0.0,11.18,8.0,15299.0,70.8287037037037,-0.56,39.96,321.0,1.05,,,-0.6293203910498378,0.7771459614569706,38.05714285714286,,1.5750000000000002,29.03125,2572.6428571428573,15299.0,0.0,1.0,0.0,0.0,0.0,0.0,0.0,bundang_cc,0,2,4,2022,winter,1,0.0,0.0,357002.4781296,268692.73276607995,0.0,0.0
2022-02-19,5188.163735232,0.0,0.0,10.76375,8.0,15491.0,71.7175925925926,-5.5,50.05,325.47,1.57,,,-0.5668376707266758,0.8238295060539873,31.878980891719745,,2.355,29.03125,2572.6428571428573,15491.0,0.0,1.0,0.0,0.0,0.0,0.0,0.0,bundang_cc,0,2,5,2022,winter,1,0.0,0.0,306428.19053184,290928.34526112,0.0,0.0
2022-02-20,5356.88441784,0.0,0.0,13.35875,8.0,15563.0,72.05092592592592,-5.39,55.21,324.25,1.37,,,-0.5842496656374349,0.811573981965012,40.2992700729927,,2.055,29.03125,2572.6428571428573,15563.0,0.0,1.0,0.0,0.0,0.0,0.0,0.0,bundang_cc,0,2,6,2022,winter,1,0.0,0.0,311289.82411392004,261306.4884192,0.0,0.0
2022-02-21,6110.796169584,0.0,0.0,9.465,8.0,17586.0,81.41666666666667,-3.95,49.36,325.88,1.6,,,-0.5609280079861784,0.8278645842507444,30.85,,2.4000000000000004,29.03125,2572.6428571428573,17586.0,0.0,1.0,0.0,0.0,0.0,0.0,0.0,bundang_cc,0,2,0,2022,winter,1,0.0,0.0,321413.0650704,285364.73848032,0.0,0.0
2022-02-22,5686.17228504,0.0,0.0,9.22125,8.0,16915.0,78.31018518518519,-7.04,40.64,323.94,1.38,,,-0.5886321304637169,0.808401023617453,29.449275362318843,,2.07,29.03125,2572.6428571428573,16915.0,0.0,1.0,0.0,0.0,0.0,0.0,0.0,bundang_cc,0,2,1,2022,winter,1,0.0,0.0,366647.77017504,305570.8630656,0.0,0.0
2022-02-23,6081.372243936,0.0,0.0,9.9325,8.0,16599.0,76.84722222222223,-5.87,37.74,323.87,1.37,,,-0.5896193390821546,0.807681270663325,27.54744525547445,,2.055,29.03125,2572.6428571428573,16599.0,0.0,1.0,0.0,0.0,0.0,0.0,0.0,bundang_cc,0,2,2,2022,winter,1,0.0,0.0,341170.3371024,373307.75914752,0.0,0.0
2022-02-24,6009.661593216,0.0,0.0,9.8275,8.0,17114.0,79.23148148148148,-3.51,87.25,324.0,1.35,,,-0.5877852522924734,0.8090169943749473,64.62962962962962,,2.0250000000000004,29.03125,2572.6428571428573,17114.0,0.0,1.0,0.0,0.0,0.0,0.0,0.0,bundang_cc,0,2,3,2022,winter,1,0.0,0.0,364882.33463616,357002.4781296,0.0,0.0
2022-02-25,4050.1810800000003,0.0,0.0,10.3475,8.0,12682.0,58.71296296296297,4.07,93.96,317.0,0.57,,,-0.6819983600624984,0.7313537016191707,164.8421052631579,,0.855,29.03125,2572.6428571428573,12682.0,0.0,1.0,0.0,0.0,0.0,0.0,0.0,bundang_cc,0,2,4,2022,winter,1,0.0,0.0,360579.69559296,306428.19053184,0.0,0.0
2022-02-26,4373.680499712001,0.0,0.0,11.125,8.0,12628.0,58.46296296296296,0.82,73.29,318.0,0.64,,,-0.6691306063588581,0.7431448254773944,114.515625,,0.96,29.03125,2572.6428571428573,12628.0,0.0,1.0,0.0,0.0,0.0,0.0,0.0,bundang_cc,0,2,5,2022,winter,1,0.0,0.0,243010.8648,311289.82411392004,0.0,0.0
2022-02-27,4349.982768624,0.0,0.0,12.6775,8.0,12726.0,58.916666666666664,0.89,93.15,318.0,0.63,,,-0.6691306063588581,0.7431448254773944,147.85714285714286,,0.945,29.03125,2572.6428571428573,12726.0,0.0,1.0,0.0,0.0,0.0,0.0,0.0,bundang_cc,0,2,6,2022,winter,1,0.0,0.0,262420.82998272,321413.0650704,0.0,0.0
2022-02-28,4258.390898592,0.0,0.0,12.1025,8.0,12654.0,58.58333333333333,3.78,55.85,316.0,0.43,,,-0.6946583704589976,0.7193398003386509,129.88372093023256,,0.645,29.03125,2572.6428571428573,12654.0,0.0,1.0,0.0,0.0,0.0,0.0,0.0,bundang_cc,0,2,0,2022,winter,1,0.0,0.0,260998.96611744,366647.77017504,0.0,0.0
2022-03-01,4536.578768688,0.0,0.0,11.45375,8.0,12701.0,58.80092592592593,-0.05,59.61,318.0,0.68,,,-0.6691306063588581,0.7431448254773944,87.66176470588235,,1.02,28.5575,1622.0967741935483,12701.0,0.0,1.0,0.0,0.0,0.0,0.0,0.0,bundang_cc,0,3,1,2022,spring,1,0.0,0.0,255503.45391552,341170.3371024,0.0,0.0
2022-03-02,4531.4875192320005,0.0,0.0,9.81375,8.0,12696.0,58.77777777777777,0.42,87.97,318.0,0.64,,,-0.6691306063588581,0.7431448254773944,137.453125,,0.96,28.5575,1622.0967741935483,12696.0,0.0,1.0,0.0,0.0,0.0,0.0,0.0,bundang_cc,0,3,2,2022,spring,1,0.0,0.0,272194.72612128,364882.33463616,0.0,0.0
2022-03-03,3558.262783968,0.0,0.0,8.4575,8.0,10087.0,46.69907407407408,0.81,60.24,316.99,0.49,,,-0.6821259949753202,0.7312346593118583,122.93877551020408,,0.735,28.5575,1622.0967741935483,10087.0,0.0,1.0,0.0,0.0,0.0,0.0,0.0,bundang_cc,0,3,3,2022,spring,1,0.0,0.0,271889.25115392,360579.69559296,0.0,0.0
2022-03-04,5117.67499896,0.0,0.0,11.2375,8.0,13081.0,60.56018518518519,5.14,74.72,313.94,0.15,,,-0.7200668503280137,0.6939046988302457,498.1333333333333,,0.2249999999999999,28.5575,1622.0967741935483,13081.0,0.0,1.0,0.0,0.0,0.0,0.0,0.0,bundang_cc,0,3,4,2022,spring,1,0.0,0.0,213495.76703808,243010.8648,0.0,0.0
2022-03-05,4385.933906256,0.0,0.0,7.805,8.0,12815.0,59.3287037037037,-0.66,35.05,319.0,0.79,,,-0.6560590289905074,0.7547095802227719,44.36708860759493,,1.185,28.5575,1622.0967741935483,12815.0,0.0,1.0,0.0,0.0,0.0,0.0,0.0,bundang_cc,0,3,5,2022,spring,1,0.0,0.0,307060.4999376,262420.82998272,0.0,0.0
2022-03-06,4121.321607936,0.0,0.0,6.23125,8.0,12692.0,58.75925925925925,-2.13,64.86,319.0,0.77,,,-0.6560590289905074,0.7547095802227719,84.23376623376623,,1.155,28.5575,1622.0967741935483,12692.0,0.0,1.0,0.0,0.0,0.0,0.0,0.0,bundang_cc,0,3,6,2022,spring,1,0.0,0.0,263156.03437536,260998.96611744,0.0,0.0
2022-03-07,4017.223600848001,0.0,0.0,8.373750000000001,8.0,11870.0,54.9537037037037,-0.62,43.39,317.99,0.63,,,-0.6692602994069952,0.743028028837176,68.87301587301587,,0.945,28.5575,1622.0967741935483,11870.0,0.0,1.0,0.0,0.0,0.0,0.0,0.0,bundang_cc,0,3,0,2022,spring,1,0.0,0.0,247279.29647616,255503.45391552,0.0,0.0
2022-03-08,3231.3128201279997,0.0,0.0,6.885,8.0,9934.0,45.99074074074074,1.62,92.41,315.0,0.31,,,-0.7071067811865477,0.7071067811865474,298.09677419354836,,0.4649999999999999,28.5575,1622.0967741935483,9934.0,0.0,1.0,0.0,0.0,0.0,0.0,0.0,bundang_cc,0,3,1,2022,spring,1,0.0,0.0,241033.41605088004,272194.72612128,0.0,0.0
2022-03-09,3151.831744368,0.0,0.0,8.53125,8.0,9936.0,46.0,2.72,80.31,313.94,0.12,,,-0.7200668503280137,0.6939046988302457,669.25,,0.18,28.5575,1622.0967741935483,9936.0,0.0,1.0,0.0,0.0,0.0,0.0,0.0,bundang_cc,0,3,2,2022,spring,1,0.0,0.0,193878.76920768,271889.25115392,0.0,0.0
2022-03-10,3124.9221933599997,0.0,0.0,8.2475,8.0,9747.0,45.125,4.41,53.04,312.97,0.02,,,-0.73171069485676,0.6816153306904398,530.4,,0.03,28.5575,1622.0967741935483,9747.0,0.0,1.0,0.0,0.0,0.0,0.0,0.0,bundang_cc,0,3,3,2022,spring,1,0.0,0.0,189109.90466208,213495.76703808,0.0,0.0
2022-03-11,2405.517609456,0.0,0.0,7.36625,8.0,7353.0,34.041666666666664,7.44,86.95,309.0,0.01,,,-0.7771459614569708,0.6293203910498375,869.5,,0.015,28.5575,1622.0967741935483,7353.0,0.0,1.0,0.0,0.0,0.0,0.0,0.0,bundang_cc,0,3,4,2022,spring,1,0.0,0.0,187495.3316016,307060.4999376,0.0,0.0
2022-03-12,2447.452712592,0.0,0.0,8.66125,8.0,7286.0,33.73148148148148,15.61,66.27,305.88,0.02,,,-0.8102462736564354,0.5860895631436043,662.6999999999999,,0.03,28.5575,1622.0967741935483,7286.0,0.0,1.0,0.0,0.0,0.0,0.0,0.0,bundang_cc,0,3,5,2022,spring,1,0.0,0.0,144331.05656736,263156.03437536,0.0,0.0
2022-03-13,2293.884628416,0.0,0.0,8.175,8.0,7221.0,33.43055555555556,10.87,100.0,309.0,0.01,,,-0.7771459614569708,0.6293203910498375,1000.0,,0.015,28.5575,1622.0967741935483,7221.0,0.0,1.0,0.0,0.0,0.0,0.0,0.0,bundang_cc,0,3,6,2022,spring,1,0.0,0.0,146847.16275552,247279.29647616,0.0,0.0
2022-03-14,2326.887588096,0.0,0.0,8.38,8.0,7780.0,36.01851851851852,4.48,99.72,315.0,0.26,,,-0.7071067811865477,0.7071067811865474,383.53846153846155,,0.39,28.5575,1622.0967741935483,7780.0,0.0,1.0,0.0,0.0,0.0,0.0,0.0,bundang_cc,0,3,0,2022,spring,1,0.0,0.0,137633.07770496,241033.41605088004,0.0,0.0
2022-03-15,2804.9447508480002,0.0,0.0,9.83875,8.0,7603.0,35.19907407407407,4.54,87.84,313.5,0.12,,,-0.7253743710122879,0.6883545756937537,732.0,,0.18,28.5575,1622.0967741935483,7603.0,0.0,1.0,0.0,0.0,0.0,0.0,0.0,bundang_cc,0,3,1,2022,spring,1,0.0,0.0,139613.25528576,193878.76920768,0.0,0.0
2022-03-16,2687.084104608,0.0,0.0,8.3225,8.0,7347.0,34.013888888888886,10.57,65.44,308.0,0.01,,,-0.7880107536067218,0.6156614753256585,654.4,,0.015,28.5575,1622.0967741935483,7347.0,0.0,1.0,0.0,0.0,0.0,0.0,0.0,bundang_cc,0,3,2,2022,spring,1,0.0,0.0,168296.68505088,189109.90466208,0.0,0.0
2022-03-17,3764.853000576,0.0,0.0,8.54375,8.0,9991.0,46.254629629629626,7.56,75.73,312.0,0.04,,,-0.7431448254773946,0.6691306063588578,757.3,,0.06,28.5575,1622.0967741935483,9991.0,0.0,1.0,0.0,0.0,0.0,0.0,0.0,bundang_cc,0,3,3,2022,spring,1,0.0,0.0,161225.04627648,187495.3316016,0.0,0.0
2022-03-18,4149.43082136,0.0,0.0,8.535,8.0,10481.0,48.523148148148145,6.04,57.63,315.0,0.4,,,-0.7071067811865477,0.7071067811865474,144.075,,0.6000000000000001,28.5575,1622.0967741935483,10481.0,0.0,1.0,0.0,0.0,0.0,0.0,0.0,bundang_cc,0,3,4,2022,spring,1,0.0,0.0,225891.18003456,144331.05656736,0.0,0.0
2022-03-19,2705.253850224,0.0,0.0,7.26375,8.0,7438.0,34.43518518518518,0.9,100.0,319.0,0.8,,,-0.6560590289905074,0.7547095802227719,125.0,,1.2000000000000002,28.5575,1622.0967741935483,7438.0,0.0,1.0,0.0,0.0,0.0,0.0,0.0,bundang_cc,0,3,5,2022,spring,1,0.0,0.0,248965.8492816,146847.16275552,0.0,0.0
2022-03-20,2579.170428864,0.0,0.0,7.0928571428571425,7.0,7442.0,34.4537037037037,-0.04,83.62,318.0,0.68,,,-0.6691306063588581,0.7431448254773944,122.97058823529412,,1.02,28.5575,1622.0967741935483,7442.0,0.0,1.0,0.0,0.0,0.0,0.0,0.0,bundang_cc,0,3,6,2022,spring,1,0.0,0.0,162315.23101344,137633.07770496,0.0,0.0
2022-03-21,3842.6099218560003,0.0,0.0,8.877142857142857,7.0,11820.0,54.72222222222223,4.28,49.28,316.0,0.4,,,-0.6946583704589976,0.7193398003386509,123.2,,0.6000000000000001,28.5575,1622.0967741935483,11820.0,0.0,1.0,0.0,0.0,0.0,0.0,0.0,bundang_cc,0,3,0,2022,spring,1,0.0,0.0,154750.22573183998,139613.25528576,0.0,0.0
2022-03-22,3163.5957139200004,0.0,0.0,6.98125,8.0,9733.0,45.06018518518518,4.32,63.2,313.0,0.08,,,-0.7313537016191703,0.6819983600624987,632.0,,0.12,28.5575,1622.0967741935483,9733.0,0.0,1.0,0.0,0.0,0.0,0.0,0.0,bundang_cc,0,3,1,2022,spring,1,0.0,0.0,230556.59531136003,168296.68505088,0.0,0.0
2022-03-23,2990.040491232,0.0,0.0,7.6075,8.0,9427.0,43.64351851851852,4.06,58.89,315.0,0.35,,,-0.7071067811865477,0.7071067811865474,168.25714285714287,,0.5249999999999999,28.5575,1622.0967741935483,9427.0,0.0,1.0,0.0,0.0,0.0,0.0,0.0,bundang_cc,0,3,2,2022,spring,1,0.0,0.0,189815.7428352,161225.04627648,0.0,0.0
2022-03-24,3682.8023859359996,0.0,0.0,8.36125,8.0,10532.0,48.75925925925926,7.23,88.95,313.0,0.05,,,-0.7313537016191703,0.6819983600624987,889.5,,0.075,28.5575,1622.0967741935483,10532.0,0.0,1.0,0.0,0.0,0.0,0.0,0.0,bundang_cc,0,3,3,2022,spring,1,0.0,0.0,179402.42947392,225891.18003456,0.0,0.0
2022-03-25,2854.24094088,0.0,0.0,8.9375,8.0,8611.0,39.86574074074074,12.74,100.0,308.99,0.01,,,-0.7772557867485409,0.6291847439074685,1000.0,,0.015,28.5575,1622.0967741935483,8611.0,0.0,1.0,0.0,0.0,0.0,0.0,0.0,bundang_cc,0,3,4,2022,spring,1,0.0,0.0,220968.14315616,248965.8492816,0.0,0.0
2022-03-26,2400.789887712,0.0,0.0,7.25375,8.0,7021.0,32.504629629629626,6.99,88.12,311.0,0.05,,,-0.7547095802227722,0.656059028990507,881.2,,0.075,28.5575,1622.0967741935483,7021.0,0.0,1.0,0.0,0.0,0.0,0.0,0.0,bundang_cc,0,3,5,2022,spring,1,0.0,0.0,171254.4564528,162315.23101344,0.0,0.0
2022-03-27,1603.745097264,0.0,0.0,6.2775,8.0,4848.0,22.444444444444443,3.32,45.76,314.5,0.25,,,-0.7132504491541813,0.7009092642998511,183.04,,0.375,28.5575,1622.0967741935483,4848.0,0.0,1.0,0.0,0.0,0.0,0.0,0.0,bundang_cc,0,3,6,2022,spring,1,0.0,0.0,144047.39326272,154750.22573183998,0.0,0.0
2022-03-28,1621.337119776,0.0,0.0,4.31125,8.0,6171.0,28.569444444444443,3.99,48.73,314.0,0.2,,,-0.7193398003386512,0.6946583704589973,243.65,,0.3,28.5575,1622.0967741935483,6171.0,0.0,1.0,0.0,0.0,0.0,0.0,0.0,bundang_cc,0,3,0,2022,spring,1,0.0,0.0,96224.70583584,230556.59531136003,0.0,0.0
2022-03-29,2174.118134832,0.0,0.0,3.01875,8.0,7149.0,33.09722222222222,6.37,77.82,311.5,0.01,,,-0.7489557207890021,0.6626200482157375,778.1999999999999,,0.015,28.5575,1622.0967741935483,7149.0,0.0,1.0,0.0,0.0,0.0,0.0,0.0,bundang_cc,0,3,1,2022,spring,1,0.0,0.0,97280.22718656,189815.7428352,0.0,0.0
2022-03-30,3477.265397568,0.0,0.0,8.4225,8.0,10541.0,48.80092592592592,11.27,95.9,309.0,0.04,,,-0.7771459614569708,0.6293203910498375,959.0,,0.06,28.5575,1622.0967741935483,10541.0,0.0,1.0,0.0,0.0,0.0,0.0,0.0,bundang_cc,0,3,2,2022,spring,1,0.0,0.0,130447.08808992,179402.42947392,0.0,0.0
2022-03-31,1904.725093824,0.0,0.0,4.643750000000001,8.0,5812.0,26.90740740740741,6.48,70.67,309.0,0.01,,,-0.7771459614569708,0.6293203910498375,706.6999999999999,,0.015,28.5575,1622.0967741935483,5812.0,0.0,1.0,0.0,0.0,0.0,0.0,0.0,bundang_cc,0,3,3,2022,spring,1,0.0,0.0,208635.92385408,220968.14315616,0.0,0.0
2022-04-01,1314.2064134879997,0.0,0.0,4.130000000000001,8.0,4876.0,22.574074074074073,3.84,48.16,312.94,0.02,,,-0.7320674874917127,0.6812321144496721,481.6,,0.03,27.61,614.6,4876.0,0.0,1.0,0.0,0.0,0.0,0.0,0.0,bundang_cc,0,4,4,2022,spring,0,0.0,0.0,114283.50562944,171254.4564528,0.0,0.0
2022-04-02,3775.146959952,0.0,0.0,7.0,8.0,11075.0,51.27314814814815,4.07,71.25,312.0,0.01,,,-0.7431448254773946,0.6691306063588578,712.5,,0.015,27.61,614.6,11075.0,0.0,1.0,0.0,0.0,0.0,0.0,0.0,bundang_cc,0,4,5,2022,spring,0,0.0,0.0,78852.38480927999,144047.39326272,0.0,0.0
2022-04-03,2563.6379186880004,0.0,0.0,5.45125,8.0,9313.0,43.11574074074074,5.13,67.57,310.0,0.01,,,-0.7660444431189781,0.6427876096865393,675.6999999999999,,0.015,27.61,614.6,9313.0,0.0,1.0,0.0,0.0,0.0,0.0,0.0,bundang_cc,0,4,6,2022,spring,0,0.0,0.0,226508.81759712,96224.70583584,0.0,0.0
2022-04-04,1367.58887136,0.0,0.0,4.3375,8.0,4847.0,22.439814814814817,4.77,51.27,331.04,2.2,,,-0.4841989024070806,0.8749579549371378,23.304545454545455,,3.3000000000000003,27.61,614.6,4847.0,0.0,1.0,0.0,0.0,0.0,0.0,0.0,bundang_cc,0,4,0,2022,spring,0,0.0,0.0,153818.27512128002,97280.22718656,0.0,0.0
2022-04-05,1409.5946953440002,0.0,0.0,3.22875,8.0,4847.0,22.439814814814817,8.67,39.23,331.26,2.22,,,-0.4808357439090125,0.8768106907305969,17.671171171171167,,3.33,27.61,614.6,4847.0,0.0,1.0,0.0,0.0,0.0,0.0,0.0,bundang_cc,0,4,1,2022,spring,0,0.0,0.0,82055.3322816,130447.08808992,0.0,0.0
2022-04-06,1501.106145264,0.0,0.0,3.59,8.0,4840.0,22.407407407407405,8.0,51.97,331.04,2.22,,,-0.4841989024070806,0.8749579549371378,23.409909909909903,,3.33,27.61,614.6,4840.0,0.0,1.0,0.0,0.0,0.0,0.0,0.0,bundang_cc,0,4,2,2022,spring,0,0.0,0.0,84575.68172064002,208635.92385408,0.0,0.0
2022-04-07,1395.183856176,0.0,0.0,1.995,8.0,4852.0,22.46296296296296,5.54,73.47,331.08,2.22,,,-0.4835879485751622,0.8752957762910011,33.09459459459459,,3.33,27.61,614.6,4852.0,0.0,1.0,0.0,0.0,0.0,0.0,0.0,bundang_cc,0,4,3,2022,spring,0,0.0,0.0,90066.36871584,114283.50562944,0.0,0.0
2022-04-08,1427.004403056,0.0,0.0,2.29125,8.0,4838.0,22.39814814814815,9.86,55.07,331.65,2.28,,,-0.4748563898705951,0.8800632982911317,24.153508771929825,,3.42,27.61,614.6,4838.0,0.0,1.0,0.0,0.0,0.0,0.0,0.0,bundang_cc,0,4,4,2022,spring,0,0.0,0.0,83711.03137056,78852.38480927999,0.0,0.0
2022-04-09,1465.4050430399998,0.0,0.0,3.795,8.0,4804.0,22.24074074074074,12.82,60.79,331.34,2.27,,,-0.4796110169222667,0.8774812091701959,26.779735682819386,,3.405,27.61,614.6,4804.0,0.0,1.0,0.0,0.0,0.0,0.0,0.0,bundang_cc,0,4,5,2022,spring,0,0.0,0.0,85620.26418336,226508.81759712,0.0,0.0
2022-04-10,1006.869025008,0.0,0.0,6.205,8.0,1929.0,8.930555555555555,12.86,68.74,331.36,2.26,,,-0.4793046889844252,0.8776485715350668,30.415929203539825,,3.3899999999999997,27.61,614.6,1929.0,0.0,1.0,0.0,0.0,0.0,0.0,0.0,bundang_cc,0,4,6,2022,spring,0,0.0,0.0,87924.30258239999,153818.27512128002,0.0,0.0
2022-04-11,1382.564032848,0.0,0.0,6.4675,8.0,2813.0,13.023148148148149,15.2,98.51,332.0,2.29,,,-0.4694715627858908,0.882947592858927,43.0174672489083,,3.435,27.61,614.6,2813.0,0.0,1.0,0.0,0.0,0.0,0.0,0.0,bundang_cc,0,4,0,2022,spring,0,0.0,0.0,60412.14150048,82055.3322816,0.0,0.0
2022-04-12,1419.926831568,0.0,0.0,6.075,8.0,3899.0,18.050925925925927,15.65,98.71,331.37,2.3,,,-0.4791515031124879,0.8777322126167203,42.917391304347824,,3.4499999999999997,27.61,614.6,3899.0,0.0,1.0,0.0,0.0,0.0,0.0,0.0,bundang_cc,0,4,1,2022,spring,0,0.0,0.0,82953.84197087999,84575.68172064002,0.0,0.0
2022-04-13,1620.123061824,0.0,0.0,5.17625,8.0,2658.0,12.305555555555555,10.07,62.3,330.71,2.22,,,-0.4892302394948042,0.8721546725001572,28.06306306306306,,3.33,27.61,614.6,2658.0,0.0,1.0,0.0,0.0,0.0,0.0,0.0,bundang_cc,0,4,2,2022,spring,0,0.0,0.0,85195.60989408,90066.36871584,0.0,0.0
2022-04-14,10.67884776,0.0,0.0,6.41,8.0,0.0,0.0,8.36,68.27,331.24,2.25,,,-0.4811417792780072,0.8766427939777942,30.34222222222222,,3.375,27.61,614.6,0.0,0.0,1.0,0.0,0.0,0.0,0.0,0.0,bundang_cc,0,4,3,2022,spring,0,0.0,0.0,97207.38370944,83711.03137056,0.0,0.0
2022-04-15,1620.858157632,0.0,0.0,4.245,8.0,3063.0,14.180555555555555,8.44,71.43,330.43,2.16,,,-0.4934865324160734,0.8697534376614787,33.06944444444444,,3.24,27.61,614.6,3063.0,0.0,1.0,0.0,0.0,0.0,0.0,0.0,bundang_cc,0,4,4,2022,spring,0,0.0,0.0,640.7308656,85620.26418336,0.0,0.0
2022-04-16,1656.5014368,0.0,0.0,2.9975,8.0,4368.0,20.22222222222222,7.9,70.89,330.84,2.19,,,-0.4872501257253327,0.8732624548099199,32.369863013698634,,3.285,27.61,614.6,4368.0,0.0,1.0,0.0,0.0,0.0,0.0,0.0,bundang_cc,0,4,5,2022,spring,0,0.0,0.0,97251.48945792,87924.30258239999,0.0,0.0
2022-04-17,8.641221264,0.0,0.0,5.324999999999999,8.0,0.0,0.0,10.27,61.83,330.74,2.2,,,-0.4887735133343936,0.8724107132897632,28.104545454545452,,3.3000000000000003,27.61,614.6,0.0,0.0,1.0,0.0,0.0,0.0,0.0,0.0,bundang_cc,0,4,6,2022,spring,0,0.0,0.0,99390.086208,60412.14150048,0.0,0.0
2022-04-18,1559.564356608,0.0,0.0,4.03875,8.0,2616.0,12.11111111111111,9.96,60.17,331.08,2.25,,,-0.4835879485751622,0.8752957762910011,26.742222222222225,,3.375,27.61,614.6,2616.0,0.0,1.0,0.0,0.0,0.0,0.0,0.0,bundang_cc,0,4,0,2022,spring,0,0.0,0.0,518.47327584,82953.84197087999,0.0,0.0
2022-04-19,1029.5036111519998,0.0,0.0,6.44375,8.0,2630.0,12.175925925925926,9.24,67.4,331.34,2.23,,,-0.4796110169222667,0.8774812091701959,30.224215246636778,,3.345,27.61,614.6,2630.0,0.0,1.0,0.0,0.0,0.0,0.0,0.0,bundang_cc,0,4,1,2022,spring,0,0.0,0.0,93573.86139648,85195.60989408,0.0,0.0
2022-04-20,1110.265063488,0.0,0.0,6.4025,8.0,2629.0,12.171296296296298,9.57,69.13,331.69,2.32,,,-0.47424187411364,0.8803945960972173,29.79741379310345,,3.4799999999999995,27.61,614.6,2629.0,0.0,1.0,0.0,0.0,0.0,0.0,0.0,bundang_cc,0,4,2,2022,spring,0,0.0,0.0,61770.21666912,97207.38370944,0.0,0.0
2022-04-21,2355.603020928,0.0,0.0,9.9925,8.0,4887.0,22.625,13.03,66.87,331.34,2.27,,,-0.4796110169222667,0.8774812091701959,29.458149779735685,,3.405,27.61,614.6,4887.0,0.0,1.0,0.0,0.0,0.0,0.0,0.0,bundang_cc,0,4,3,2022,spring,0,0.0,0.0,66615.90380927999,640.7308656,0.0,0.0
2022-04-22,1416.762785808,0.0,0.0,4.38875,8.0,2507.0,11.60648148148148,12.98,96.79,331.34,2.28,,,-0.4796110169222667,0.8774812091701959,42.45175438596492,,3.42,27.61,614.6,2507.0,0.0,1.0,0.0,0.0,0.0,0.0,0.0,bundang_cc,0,4,4,2022,spring,0,0.0,0.0,141336.18125568,97251.48945792,0.0,0.0
2022-04-23,1641.312619776,0.0,0.0,3.335,8.0,4295.0,19.88425925925926,14.27,63.19,331.67,2.3,,,-0.4745491609033047,0.8802290008207918,27.473913043478262,,3.4499999999999997,27.61,614.6,4295.0,0.0,1.0,0.0,0.0,0.0,0.0,0.0,bundang_cc,0,4,5,2022,spring,0,0.0,0.0,85005.76714848,99390.086208,0.0,0.0
2022-04-24,10.086971903999999,0.0,0.0,5.7700000000000005,8.0,0.0,0.0,16.5,98.72,331.38,2.31,,,-0.4789983026447612,0.8778158269611216,42.73593073593074,,3.465,27.61,614.6,0.0,0.0,1.0,0.0,0.0,0.0,0.0,0.0,bundang_cc,0,4,6,2022,spring,0,0.0,0.0,98478.75718656,518.47327584,0.0,0.0
2022-04-25,1636.06926816,0.0,0.0,8.02375,8.0,3011.0,13.939814814814817,16.93,100.0,332.01,2.37,,,-0.4693174522100329,0.883029517655601,42.19409282700422,,3.555,27.61,614.6,3011.0,0.0,1.0,0.0,0.0,0.0,0.0,0.0,bundang_cc,0,4,0,2022,spring,0,0.0,0.0,605.2183142399999,93573.86139648,0.0,0.0
2022-04-26,630.381146688,0.0,0.0,6.34875,8.0,1070.0,4.953703703703704,17.56,50.0,331.34,2.3,,,-0.4796110169222667,0.8774812091701959,21.73913043478261,,3.4499999999999997,27.61,614.6,1070.0,0.0,1.0,0.0,0.0,0.0,0.0,0.0,bundang_cc,0,4,1,2022,spring,0,0.0,0.0,98164.1560896,61770.21666912,0.0,0.0
2022-04-27,1526.650686432,0.0,0.0,5.50875,8.0,2014.0,9.324074074074073,11.05,61.1,331.01,2.2,,,-0.484656962927115,0.8747043090589328,27.77272727272727,,3.3000000000000003,27.61,614.6,2014.0,0.0,1.0,0.0,0.0,0.0,0.0,0.0,bundang_cc,0,4,2,2022,spring,0,0.0,0.0,37822.86880128,66615.90380927999,0.0,0.0
2022-04-28,437.51695996800004,0.0,0.0,7.995000000000001,8.0,507.0,2.347222222222222,16.08,58.99,331.34,2.26,,,-0.4796110169222667,0.8774812091701959,26.101769911504427,,3.3899999999999997,27.61,614.6,507.0,0.0,1.0,0.0,0.0,0.0,0.0,0.0,bundang_cc,0,4,3,2022,spring,0,0.0,0.0,91599.04118592,141336.18125568,0.0,0.0
2022-04-29,1423.662749424,0.0,0.0,5.46875,8.0,1883.0,8.717592592592592,11.81,60.52,331.66,2.27,,,-0.4747027826170863,0.8801461629613545,26.66079295154185,,3.405,27.61,614.6,1883.0,0.0,1.0,0.0,0.0,0.0,0.0,0.0,bundang_cc,0,4,4,2022,spring,0,0.0,0.0,26251.01759808,85005.76714848,0.0,0.0
2022-04-30,1714.803593328,0.0,0.0,3.25,8.0,4329.0,20.041666666666664,8.47,100.0,331.08,2.24,,,-0.4835879485751622,0.8752957762910011,44.64285714285714,,3.3600000000000003,27.61,614.6,4329.0,0.0,1.0,0.0,0.0,0.0,0.0,0.0,bundang_cc,0,4,5,2022,spring,0,0.0,0.0,85419.76496544,98478.75718656,0.0,0.0
2022-05-01,10.731842496000002,0.0,0.0,6.3125,8.0,0.0,0.0,9.48,92.18,331.54,2.24,,,-0.4765451139432014,0.8791500181293641,41.151785714285715,,3.3600000000000003,27.4225,622.741935483871,0.0,0.0,1.0,0.0,0.0,0.0,0.0,0.0,bundang_cc,0,5,6,2022,spring,0,0.0,0.0,102888.21559968,605.2183142399999,0.0,0.0
2022-05-02,1424.760530688,0.0,0.0,5.06375,8.0,2008.0,9.296296296296298,8.17,74.8,331.53,2.25,,,-0.4766985473085793,0.8790668319268394,33.24444444444444,,3.375,27.4225,622.741935483871,2008.0,0.0,1.0,0.0,0.0,0.0,0.0,0.0,bundang_cc,0,5,0,2022,spring,0,0.0,0.0,643.9105497600001,98164.1560896,0.0,0.0
2022-05-03,9.925898687999998,0.0,0.0,6.08625,8.0,0.0,0.0,9.66,59.89,330.94,2.18,,,-0.4857252538678863,0.874111536221195,27.472477064220183,,3.2700000000000005,27.4225,622.741935483871,0.0,0.0,1.0,0.0,0.0,0.0,0.0,0.0,bundang_cc,0,5,1,2022,spring,0,0.0,0.0,85485.63184128,37822.86880128,0.0,0.0
2022-05-04,1639.281601728,0.0,0.0,5.33,8.0,2171.0,10.050925925925926,12.29,53.88,331.0,2.2,,,-0.4848096202463369,0.8746197071393959,24.49090909090909,,3.3000000000000003,27.4225,622.741935483871,2171.0,0.0,1.0,0.0,0.0,0.0,0.0,0.0,bundang_cc,0,5,2,2022,spring,0,0.0,0.0,595.5539212799999,91599.04118592,0.0,0.0
2022-05-05,10.862431343999999,0.0,0.0,7.692857142857143,7.0,0.0,0.0,13.19,86.21,331.67,2.27,,,-0.4745491609033047,0.8802290008207918,37.97797356828193,,3.405,27.4225,622.741935483871,0.0,0.0,1.0,0.0,0.0,0.0,0.0,0.0,bundang_cc,0,5,3,2022,spring,0,0.0,0.0,98356.89610368,26251.01759808,0.0,0.0
2022-05-06,1315.8901736639998,0.0,0.0,6.015714285714286,7.0,1800.0,8.333333333333332,15.61,100.0,331.01,2.23,,,-0.484656962927115,0.8747043090589328,44.84304932735426,,3.345,27.4225,622.741935483871,1800.0,0.0,1.0,0.0,0.0,0.0,0.0,0.0,bundang_cc,0,5,4,2022,spring,0,0.0,0.0,651.74588064,85419.76496544,0.0,0.0
2022-05-07,1998.4858348320001,0.0,0.0,5.767142857142858,7.0,6081.0,28.152777777777775,13.3,51.73,331.34,2.24,,,-0.4796110169222667,0.8774812091701959,23.093749999999996,,3.3600000000000003,27.4225,622.741935483871,6081.0,0.0,1.0,0.0,0.0,0.0,0.0,0.0,bundang_cc,0,5,5,2022,spring,0,0.0,0.0,78953.41041983999,102888.21559968,0.0,0.0
2022-05-08,1700.2403645759998,0.0,0.0,3.6914285714285713,7.0,4800.0,22.22222222222222,10.39,99.64,331.27,2.25,,,-0.4806827042515429,0.8768945990445053,44.284444444444446,,3.375,27.4225,622.741935483871,4800.0,0.0,1.0,0.0,0.0,0.0,0.0,0.0,bundang_cc,0,5,6,2022,spring,0,0.0,0.0,119909.15008992,643.9105497600001,0.0,0.0
2022-05-09,1636.9126598879993,0.0,0.0,3.892857142857143,7.0,5097.0,23.59722222222222,13.06,65.15,331.01,2.26,,,-0.484656962927115,0.8747043090589328,28.82743362831859,,3.3899999999999997,27.4225,622.741935483871,5097.0,0.0,1.0,0.0,0.0,0.0,0.0,0.0,bundang_cc,0,5,0,2022,spring,0,0.0,0.0,102014.42187456,85485.63184128,0.0,0.0
2022-05-10,1698.542822592,0.0,0.0,3.41,8.0,4284.0,19.833333333333332,16.81,43.68,331.34,2.28,,,-0.4796110169222667,0.8774812091701959,19.157894736842103,,3.42,27.4225,622.741935483871,4284.0,0.0,1.0,0.0,0.0,0.0,0.0,0.0,bundang_cc,0,5,1,2022,spring,0,0.0,0.0,98214.75959327996,595.5539212799999,0.0,0.0
2022-05-11,1889.5796573760001,0.0,0.0,9.405,8.0,4526.0,20.953703703703702,14.36,69.62,331.34,2.28,,,-0.4796110169222667,0.8774812091701959,30.53508771929825,,3.42,27.4225,622.741935483871,4526.0,0.0,1.0,0.0,0.0,0.0,0.0,0.0,bundang_cc,0,5,2,2022,spring,0,0.0,0.0,101912.56935552,98356.89610368,0.0,0.0
2022-05-12,1017.543516336,0.0,0.0,7.03125,8.0,2592.0,12.0,17.84,60.41,332.01,2.33,,,-0.4693174522100329,0.883029517655601,25.92703862660944,,3.495,27.4225,622.741935483871,2592.0,0.0,1.0,0.0,0.0,0.0,0.0,0.0,bundang_cc,0,5,3,2022,spring,0,0.0,0.0,113374.77944256,651.74588064,0.0,0.0
2022-05-13,738.5743994400001,0.0,0.0,6.585,8.0,1986.0,9.194444444444445,12.14,81.86,332.01,2.33,,,-0.4693174522100329,0.883029517655601,35.133047210300425,,3.495,27.4225,622.741935483871,1986.0,0.0,1.0,0.0,0.0,0.0,0.0,0.0,bundang_cc,0,5,4,2022,spring,0,0.0,0.0,61052.61098016,78953.41041983999,0.0,0.0
2022-05-14,1533.5948730240002,0.0,0.0,5.82,8.0,4848.0,22.444444444444443,10.2,66.5,331.34,2.26,,,-0.4796110169222667,0.8774812091701959,29.42477876106195,,3.3899999999999997,27.4225,622.741935483871,4848.0,0.0,1.0,0.0,0.0,0.0,0.0,0.0,bundang_cc,0,5,5,2022,spring,0,0.0,0.0,44314.463966400006,119909.15008992,0.0,0.0
2022-05-15,633.210704784,0.0,0.0,4.20125,8.0,1862.0,8.62037037037037,10.42,57.44,331.33,2.26,,,-0.4797641589788397,0.8773974878920765,25.415929203539825,,3.3899999999999997,27.4225,622.741935483871,1862.0,0.0,1.0,0.0,0.0,0.0,0.0,0.0,bundang_cc,0,5,6,2022,spring,0,0.0,0.0,92015.69238144,102014.42187456,0.0,0.0
2022-05-16,988.047806688,0.0,0.0,5.80625,8.0,2563.0,11.86574074074074,12.89,84.03,331.34,2.29,,,-0.4796110169222667,0.8774812091701959,36.6943231441048,,3.435,27.4225,622.741935483871,2563.0,0.0,1.0,0.0,0.0,0.0,0.0,0.0,bundang_cc,0,5,0,2022,spring,0,0.0,0.0,37992.64228704,98214.75959327996,0.0,0.0
2022-05-17,1103.819718672,0.0,0.0,9.76375,8.0,4525.0,20.949074074074073,15.8,72.53,331.67,2.29,,,-0.4745491609033047,0.8802290008207918,31.67248908296943,,3.435,27.4225,622.741935483871,4525.0,0.0,1.0,0.0,0.0,0.0,0.0,0.0,bundang_cc,0,5,1,2022,spring,0,0.0,0.0,59282.86840128,101912.56935552,0.0,0.0
2022-05-18,1788.4112578559996,0.0,0.0,9.83875,8.0,2557.0,11.837962962962962,15.97,67.32,331.99,2.3,,,-0.4696256590608271,0.8828656411661311,29.269565217391303,,3.4499999999999997,27.4225,622.741935483871,2557.0,0.0,1.0,0.0,0.0,0.0,0.0,0.0,bundang_cc,0,5,2,2022,spring,0,0.0,0.0,66229.18312032,113374.77944256,0.0,0.0
2022-05-19,2008.862122752,0.0,0.0,9.68625,8.0,5839.0,27.032407407407405,16.22,62.6,331.84,2.27,,,-0.4719353838833733,0.8816331399390865,27.577092511013216,,3.405,27.4225,622.741935483871,5839.0,0.0,1.0,0.0,0.0,0.0,0.0,0.0,bundang_cc,0,5,3,2022,spring,0,0.0,0.0,107304.67547135998,61052.61098016,0.0,0.0
2022-05-20,883.74437856,0.0,0.0,7.89625,8.0,2749.0,12.726851851851851,16.69,78.42,332.01,2.32,,,-0.4693174522100329,0.883029517655601,33.80172413793104,,3.4799999999999995,27.4225,622.741935483871,2749.0,0.0,1.0,0.0,0.0,0.0,0.0,0.0,bundang_cc,0,5,4,2022,spring,0,0.0,0.0,120531.72736512,44314.463966400006,0.0,0.0
2022-05-21,2093.021872416,0.0,0.0,7.82375,8.0,7387.0,34.199074074074076,15.48,98.83,332.01,2.36,,,-0.4693174522100329,0.883029517655601,41.8771186440678,,3.54,27.4225,622.741935483871,7387.0,0.0,1.0,0.0,0.0,0.0,0.0,0.0,bundang_cc,0,5,5,2022,spring,0,0.0,0.0,53024.662713599995,92015.69238144,0.0,0.0
2022-05-22,635.9815929600002,0.0,0.0,5.93,8.0,1742.0,8.064814814814815,16.3,100.0,332.51,2.39,,,-0.4615937936075887,0.8870914100040395,41.84100418410041,,3.585,27.4225,622.741935483871,1742.0,0.0,1.0,0.0,0.0,0.0,0.0,0.0,bundang_cc,0,5,6,2022,spring,0,0.0,0.0,125581.31234496,37992.64228704,0.0,0.0
2022-05-23,1623.77774568,0.0,0.0,8.09375,8.0,5944.0,27.51851851851852,18.27,74.05,332.01,2.39,,,-0.4693174522100329,0.883029517655601,30.983263598326356,,3.585,27.4225,622.741935483871,5944.0,0.0,1.0,0.0,0.0,0.0,0.0,0.0,bundang_cc,0,5,0,2022,spring,0,0.0,0.0,38158.89557760001,59282.86840128,0.0,0.0
2022-05-24,1723.609131552,0.0,0.0,7.955,8.0,5885.0,27.24537037037037,17.15,66.21,332.01,2.38,,,-0.4693174522100329,0.883029517655601,27.819327731092436,,3.57,27.4225,622.741935483871,5885.0,0.0,1.0,0.0,0.0,0.0,0.0,0.0,bundang_cc,0,5,1,2022,spring,0,0.0,0.0,97426.6647408,66229.18312032,0.0,0.0
2022-05-25,1704.797845488,0.0,0.0,10.62875,8.0,5047.0,23.36574074074074,15.96,100.0,332.01,2.38,,,-0.4693174522100329,0.883029517655601,42.01680672268907,,3.57,27.4225,622.741935483871,5047.0,0.0,1.0,0.0,0.0,0.0,0.0,0.0,bundang_cc,0,5,2,2022,spring,0,0.0,0.0,103416.54789312,107304.67547135998,0.0,0.0
2022-05-26,1606.892962176,0.0,0.0,5.865,8.0,1892.0,8.75925925925926,15.94,65.18,332.01,2.37,,,-0.4693174522100329,0.883029517655601,27.502109704641352,,3.555,27.4225,622.741935483871,1892.0,0.0,1.0,0.0,0.0,0.0,0.0,0.0,bundang_cc,0,5,3,2022,spring,0,0.0,0.0,102287.87072928,120531.72736512,0.0,0.0
2022-05-27,1450.9356644159998,0.0,0.0,4.53875,8.0,2486.0,11.50925925925926,14.62,79.36,332.01,2.35,,,-0.4693174522100329,0.883029517655601,33.770212765957446,,3.5250000000000004,27.4225,622.741935483871,2486.0,0.0,1.0,0.0,0.0,0.0,0.0,0.0,bundang_cc,0,5,4,2022,spring,0,0.0,0.0,96413.57773056,53024.662713599995,0.0,0.0
2022-05-28,1728.784376496,0.0,0.0,3.57125,8.0,4955.0,22.939814814814817,17.34,52.21,332.01,2.35,,,-0.4693174522100329,0.883029517655601,22.217021276595744,,3.5250000000000004,27.4225,622.741935483871,4955.0,0.0,1.0,0.0,0.0,0.0,0.0,0.0,bundang_cc,0,5,5,2022,spring,0,0.0,0.0,87056.13986495999,125581.31234496,0.0,0.0
2022-05-29,91.347856128,0.0,0.0,6.475,8.0,484.0,2.240740740740741,19.12,89.88,332.43,2.39,,,-0.4628319565244293,0.8864460389779903,37.60669456066945,,3.585,27.4225,622.741935483871,484.0,0.0,1.0,0.0,0.0,0.0,0.0,0.0,bundang_cc,0,5,6,2022,spring,0,0.0,0.0,103727.06258976,38158.89557760001,0.0,0.0
2022-05-30,3205.641589056,0.0,0.0,7.365,8.0,10996.0,50.90740740740741,15.38,75.29,332.01,2.36,,,-0.4693174522100329,0.883029517655601,31.90254237288136,,3.54,27.4225,622.741935483871,10996.0,0.0,1.0,0.0,0.0,0.0,0.0,0.0,bundang_cc,0,5,0,2022,spring,0,0.0,0.0,5480.87136768,97426.6647408,0.0,0.0
2022-05-31,1234.890498672,0.0,0.0,4.42125,8.0,2070.0,9.583333333333334,15.11,51.85,332.01,2.36,,,-0.4693174522100329,0.883029517655601,21.970338983050848,,3.54,27.4225,622.741935483871,2070.0,0.0,1.0,0.0,0.0,0.0,0.0,0.0,bundang_cc,0,5,1,2022,spring,0,0.0,0.0,192338.49534336,103416.54789312,0.0,0.0
2022-06-01,1647.971174448,0.0,0.0,4.74375,8.0,2989.0,13.837962962962964,15.87,58.86,332.01,2.36,,,-0.4693174522100329,0.883029517655601,24.940677966101696,,3.54,27.3775,1000.4,2989.0,0.0,1.0,0.0,0.0,0.0,0.0,0.0,bundang_cc,0,6,2,2022,summer,0,0.0,0.0,74093.42992031999,102287.87072928,0.0,0.0
2022-06-02,1674.6984792,0.0,0.0,3.85125,8.0,3817.0,17.671296296296298,16.96,100.0,332.05,2.39,,,-0.4687008669912818,0.8833569478311816,41.84100418410041,,3.585,27.3775,1000.4,3817.0,0.0,1.0,0.0,0.0,0.0,0.0,0.0,bundang_cc,0,6,3,2022,summer,0,0.0,0.0,98878.27046688,96413.57773056,0.0,0.0
2022-06-03,1996.511964768,0.0,0.0,8.03375,8.0,5415.0,25.069444444444443,21.8,77.52,332.56,2.39,,,-0.4608194846504306,0.8874938887488248,32.43514644351464,,3.585,27.3775,1000.4,5415.0,0.0,1.0,0.0,0.0,0.0,0.0,0.0,bundang_cc,0,6,4,2022,summer,0,0.0,0.0,100481.908752,87056.13986495999,0.0,0.0
2022-06-04,1724.2899462720002,0.0,0.0,3.42375,8.0,5326.0,24.65740740740741,24.42,53.55,332.53,2.4,,,-0.4612841121745607,0.8872524825861731,22.3125,,3.5999999999999996,27.3775,1000.4,5326.0,0.0,1.0,0.0,0.0,0.0,0.0,0.0,bundang_cc,0,6,5,2022,summer,0,0.0,0.0,119790.71788608,103727.06258976,0.0,0.0
2022-06-05,1772.207816256,0.0,0.0,3.5875,8.0,5345.0,24.74537037037037,17.85,98.37,332.01,2.37,,,-0.4693174522100329,0.883029517655601,41.50632911392405,,3.555,27.3775,1000.4,5345.0,0.0,1.0,0.0,0.0,0.0,0.0,0.0,bundang_cc,0,6,6,2022,summer,0,0.0,0.0,103457.39677632,5480.87136768,0.0,0.0
2022-06-06,530.544295728,0.0,0.0,5.640000000000001,8.0,639.0,2.9583333333333335,14.86,72.33,332.01,2.33,,,-0.4693174522100329,0.883029517655601,31.04291845493562,,3.495,27.3775,1000.4,639.0,0.0,1.0,0.0,0.0,0.0,0.0,0.0,bundang_cc,0,6,0,2022,summer,0,0.0,0.0,106332.46897536,192338.49534336,0.0,0.0
2022-06-07,2329.719071904,0.0,0.0,7.24,8.0,6546.0,30.305555555555557,18.86,70.53,332.01,2.35,,,-0.4693174522100329,0.883029517655601,30.01276595744681,,3.5250000000000004,27.3775,1000.4,6546.0,0.0,1.0,0.0,0.0,0.0,0.0,0.0,bundang_cc,0,6,1,2022,summer,0,0.0,0.0,31832.65774368,74093.42992031999,0.0,0.0
2022-06-08,2398.972522176,0.0,0.0,7.335,8.0,6437.0,29.800925925925924,17.14,84.88,332.01,2.35,,,-0.4693174522100329,0.883029517655601,36.11914893617021,,3.5250000000000004,27.3775,1000.4,6437.0,0.0,1.0,0.0,0.0,0.0,0.0,0.0,bundang_cc,0,6,2,2022,summer,0,0.0,0.0,139783.14431424,98878.27046688,0.0,0.0
2022-06-09,1391.60275488,0.0,0.0,5.1575,8.0,1924.0,8.907407407407407,17.03,100.0,332.01,2.36,,,-0.4693174522100329,0.883029517655601,42.37288135593221,,3.54,27.3775,1000.4,1924.0,0.0,1.0,0.0,0.0,0.0,0.0,0.0,bundang_cc,0,6,3,2022,summer,0,0.0,0.0,143938.35133056,100481.908752,0.0,0.0
2022-06-10,2067.811034688,0.0,0.0,7.63,8.0,4840.0,22.407407407407405,17.74,94.82,332.0,2.31,,,-0.4694715627858908,0.882947592858927,41.04761904761904,,3.465,27.3775,1000.4,4840.0,0.0,1.0,0.0,0.0,0.0,0.0,0.0,bundang_cc,0,6,4,2022,summer,0,0.0,0.0,83496.1652928,119790.71788608,0.0,0.0
2022-06-11,1334.43435312,0.0,0.0,5.39875,8.0,1705.0,7.893518518518519,20.83,68.67,332.12,2.37,,,-0.4676212933577039,0.8839289145618375,28.974683544303797,,3.555,27.3775,1000.4,1705.0,0.0,1.0,0.0,0.0,0.0,0.0,0.0,bundang_cc,0,6,5,2022,summer,0,0.0,0.0,124068.66208128,103457.39677632,0.0,0.0
2022-06-12,11.158321824,0.0,0.0,6.3549999999999995,8.0,0.0,0.0,21.21,89.3,332.01,2.35,,,-0.4693174522100329,0.883029517655601,38.0,,3.5250000000000004,27.3775,1000.4,0.0,0.0,1.0,0.0,0.0,0.0,0.0,0.0,bundang_cc,0,6,6,2022,summer,0,0.0,0.0,80066.0611872,106332.46897536,0.0,0.0
2022-06-13,2091.082454064,0.0,0.0,5.715,8.0,5304.0,24.555555555555557,21.91,42.07,332.2,2.37,,,-0.4663866403398914,0.8845809752150838,17.751054852320674,,3.555,27.3775,1000.4,5304.0,0.0,1.0,0.0,0.0,0.0,0.0,0.0,bundang_cc,0,6,0,2022,summer,0,0.0,0.0,669.4993094399999,31832.65774368,0.0,0.0
2022-06-14,1682.6134988160002,0.0,0.0,3.05375,8.0,5037.0,23.319444444444446,16.45,83.07,332.01,2.36,,,-0.4693174522100329,0.883029517655601,35.19915254237288,,3.54,27.3775,1000.4,5037.0,0.0,1.0,0.0,0.0,0.0,0.0,0.0,bundang_cc,0,6,1,2022,summer,0,0.0,0.0,125464.94724384,139783.14431424,0.0,0.0
2022-06-15,1817.862889536,0.0,0.0,3.855,8.0,5579.0,25.828703703703702,18.4,100.0,332.0,2.33,,,-0.4694715627858908,0.882947592858927,42.918454935622314,,3.495,27.3775,1000.4,5579.0,0.0,1.0,0.0,0.0,0.0,0.0,0.0,bundang_cc,0,6,2,2022,summer,0,0.0,0.0,100956.80992896,143938.35133056,0.0,0.0
2022-06-16,1848.309006672,0.0,0.0,4.0725,8.0,6144.0,28.444444444444443,16.02,100.0,332.01,2.37,,,-0.4693174522100329,0.883029517655601,42.19409282700422,,3.555,27.3775,1000.4,6144.0,0.0,1.0,0.0,0.0,0.0,0.0,0.0,bundang_cc,0,6,3,2022,summer,0,0.0,0.0,109071.77337216,83496.1652928,0.0,0.0
2022-06-17,1879.792039296,0.0,0.0,4.9125,8.0,5879.0,27.21759259259259,21.62,100.0,332.25,2.38,,,-0.4656145203251117,0.8849876374630418,42.01680672268907,,3.57,27.3775,1000.4,5879.0,0.0,1.0,0.0,0.0,0.0,0.0,0.0,bundang_cc,0,6,4,2022,summer,0,0.0,0.0,110898.54040032,124068.66208128,0.0,0.0
2022-06-18,1096.729231248,0.0,0.0,6.22625,8.0,3048.0,14.11111111111111,20.98,100.0,332.95,2.42,,,-0.4547678766492918,0.8906100035188772,41.32231404958678,,3.63,27.3775,1000.4,3048.0,0.0,1.0,0.0,0.0,0.0,0.0,0.0,bundang_cc,0,6,5,2022,summer,0,0.0,0.0,112787.52235776,80066.0611872,0.0,0.0
2022-06-19,11.894021424,0.0,0.0,5.53875,8.0,0.0,0.0,21.42,100.0,332.06,2.39,,,-0.4685466849812418,0.8834387381098301,41.84100418410041,,3.585,27.3775,1000.4,0.0,0.0,1.0,0.0,0.0,0.0,0.0,0.0,bundang_cc,0,6,6,2022,summer,0,0.0,0.0,65803.75387488,669.4993094399999,0.0,0.0
2022-06-20,3270.92495544,0.0,0.0,6.985,8.0,10251.0,47.458333333333336,21.5,100.0,332.01,2.36,,,-0.4693174522100329,0.883029517655601,42.37288135593221,,3.54,27.3775,1000.4,10251.0,0.0,1.0,0.0,0.0,0.0,0.0,0.0,bundang_cc,0,6,0,2022,summer,0,0.0,0.0,713.64128544,125464.94724384,0.0,0.0
2022-06-21,2114.0095622399995,0.0,0.0,4.45875,8.0,7876.0,36.46296296296296,22.86,98.36,332.76,2.41,,,-0.45771874538167,0.8890970420186033,40.81327800829875,,3.615,27.3775,1000.4,7876.0,0.0,1.0,0.0,0.0,0.0,0.0,0.0,bundang_cc,0,6,1,2022,summer,0,0.0,0.0,196255.4973264,100956.80992896,0.0,0.0
2022-06-22,3028.479763248,0.0,0.0,5.9037500000000005,8.0,11295.0,52.29166666666667,21.91,100.0,332.5,2.41,,,-0.4617486132350336,0.8870108331782218,41.49377593360995,,3.615,27.3775,1000.4,11295.0,0.0,1.0,0.0,0.0,0.0,0.0,0.0,bundang_cc,0,6,2,2022,summer,0,0.0,0.0,126840.57373439998,109071.77337216,0.0,0.0
2022-06-23,3060.687227472,0.0,0.0,6.1775,8.0,10891.0,50.42129629629629,23.48,100.0,331.0,2.2,,,-0.4848096202463369,0.8746197071393959,45.45454545454545,,3.3000000000000003,27.3775,1000.4,10891.0,0.0,1.0,0.0,0.0,0.0,0.0,0.0,bundang_cc,0,6,3,2022,summer,0,0.0,0.0,181708.78579488,110898.54040032,0.0,0.0
2022-06-24,2585.073443472,0.0,0.0,5.654999999999999,8.0,9195.0,42.56944444444444,22.12,100.0,331.0,2.23,,,-0.4848096202463369,0.8746197071393959,44.84304932735426,,3.345,27.3775,1000.4,9195.0,0.0,1.0,0.0,0.0,0.0,0.0,0.0,bundang_cc,0,6,4,2022,summer,0,0.0,0.0,183641.23364832,112787.52235776,0.0,0.0
2022-06-25,1916.6999867999998,0.0,0.0,4.125,8.0,6149.0,28.467592592592595,24.51,100.0,330.01,2.1,,,-0.4998488424383128,0.8661126570562738,47.61904761904762,,3.1500000000000004,27.3775,1000.4,6149.0,0.0,1.0,0.0,0.0,0.0,0.0,0.0,bundang_cc,0,6,5,2022,summer,0,0.0,0.0,155104.40660832,65803.75387488,0.0,0.0
2022-06-26,2436.9306742080003,0.0,0.0,4.955,8.0,8630.0,39.9537037037037,25.93,100.0,330.01,2.11,,,-0.4998488424383128,0.8661126570562738,47.39336492890995,,3.165,27.3775,1000.4,8630.0,0.0,1.0,0.0,0.0,0.0,0.0,0.0,bundang_cc,0,6,6,2022,summer,0,0.0,0.0,115001.999208,713.64128544,0.0,0.0
2022-06-27,2893.026096864,0.0,0.0,5.7325,8.0,10690.0,49.49074074074074,28.06,75.24,333.0,2.44,,,-0.4539904997395469,0.8910065241883678,30.83606557377049,,3.66,27.3775,1000.4,10690.0,0.0,1.0,0.0,0.0,0.0,0.0,0.0,bundang_cc,0,6,0,2022,summer,0,0.0,0.0,146215.84045248,196255.4973264,0.0,0.0
2022-06-28,3325.902756336,0.0,0.0,6.6675,8.0,10959.0,50.736111111111114,27.96,78.97,332.5,2.39,,,-0.4617486132350336,0.8870108331782218,33.0418410041841,,3.585,27.3775,1000.4,10959.0,0.0,1.0,0.0,0.0,0.0,0.0,0.0,bundang_cc,0,6,1,2022,summer,0,0.0,0.0,173581.56581184,126840.57373439998,0.0,0.0
2022-06-29,3233.197221552,0.0,0.0,9.24,8.0,9659.0,44.717592592592595,24.04,100.0,332.0,2.35,,,-0.4694715627858908,0.882947592858927,42.5531914893617,,3.5250000000000004,27.3775,1000.4,9659.0,0.0,1.0,0.0,0.0,0.0,0.0,0.0,bundang_cc,0,6,2,2022,summer,0,0.0,0.0,199554.16538016,181708.78579488,0.0,0.0
2022-06-30,3453.097604688,0.0,0.0,8.33125,8.0,9958.0,46.10185185185185,22.07,100.0,332.01,2.35,,,-0.4693174522100329,0.883029517655601,42.5531914893617,,3.5250000000000004,27.3775,1000.4,9958.0,0.0,1.0,0.0,0.0,0.0,0.0,0.0,bundang_cc,0,6,3,2022,summer,0,0.0,0.0,193991.83329312,183641.23364832,0.0,0.0
2022-07-01,3550.3931334239996,0.0,0.0,7.93,8.0,11775.0,54.513888888888886,23.39,100.0,332.01,2.32,,,-0.4693174522100329,0.883029517655601,43.10344827586207,,3.4799999999999995,26.81125,796.0645161290323,11775.0,0.0,1.0,0.0,0.0,0.0,0.0,0.0,bundang_cc,0,7,4,2022,summer,0,0.0,0.0,207185.85628128,155104.40660832,0.0,0.0
2022-07-02,2678.1070389119996,0.0,0.0,7.577500000000001,8.0,8648.0,40.03703703703704,24.23,100.0,331.76,2.24,,,-0.4731659155392337,0.8809733346543008,44.64285714285714,,3.3600000000000003,26.81125,796.0645161290323,8648.0,0.0,1.0,0.0,0.0,0.0,0.0,0.0,bundang_cc,0,7,5,2022,summer,0,0.0,0.0,213023.58800544,115001.999208,0.0,0.0
2022-07-03,3290.84268912,0.0,0.0,8.6925,8.0,9635.0,44.60648148148148,25.74,98.17,331.01,2.21,,,-0.484656962927115,0.8747043090589328,44.42081447963801,,3.315,26.81125,796.0645161290323,9635.0,0.0,1.0,0.0,0.0,0.0,0.0,0.0,bundang_cc,0,7,6,2022,summer,0,0.0,0.0,160686.42233471997,146215.84045248,0.0,0.0
2022-07-04,3325.4471844,0.0,0.0,8.45875,8.0,9977.0,46.18981481481482,26.54,96.66,331.01,2.16,,,-0.484656962927115,0.8747043090589328,44.74999999999999,,3.24,26.81125,796.0645161290323,9977.0,0.0,1.0,0.0,0.0,0.0,0.0,0.0,bundang_cc,0,7,0,2022,summer,0,0.0,0.0,197450.5613472,173581.56581184,0.0,0.0
2022-07-05,3265.47240624,0.0,0.0,7.96,8.0,10694.0,49.50925925925926,25.77,100.0,331.01,2.27,,,-0.484656962927115,0.8747043090589328,44.052863436123346,,3.405,26.81125,796.0645161290323,10694.0,0.0,1.0,0.0,0.0,0.0,0.0,0.0,bundang_cc,0,7,1,2022,summer,0,0.0,0.0,199526.831064,199554.16538016,0.0,0.0
2022-07-06,3342.2601182400003,0.0,0.0,7.705,8.0,11510.0,53.28703703703703,25.99,100.0,331.01,2.2,,,-0.484656962927115,0.8747043090589328,45.45454545454545,,3.3000000000000003,26.81125,796.0645161290323,11510.0,0.0,1.0,0.0,0.0,0.0,0.0,0.0,bundang_cc,0,7,2,2022,summer,0,0.0,0.0,195928.3443744,193991.83329312,0.0,0.0
2022-07-07,3148.746716016,0.0,0.0,7.52,8.0,11346.0,52.52777777777777,26.23,100.0,331.01,2.29,,,-0.484656962927115,0.8747043090589328,43.66812227074236,,3.435,26.81125,796.0645161290323,11346.0,0.0,1.0,0.0,0.0,0.0,0.0,0.0,bundang_cc,0,7,3,2022,summer,0,0.0,0.0,200535.6070944,207185.85628128,0.0,0.0
2022-07-08,2834.867336112,0.0,0.0,7.4775,8.0,9949.0,46.06018518518519,24.29,100.0,332.01,2.29,,,-0.4693174522100329,0.883029517655601,43.66812227074236,,3.435,26.81125,796.0645161290323,9949.0,0.0,1.0,0.0,0.0,0.0,0.0,0.0,bundang_cc,0,7,4,2022,summer,0,0.0,0.0,188924.80296096,213023.58800544,0.0,0.0
2022-07-09,11.875365216,0.0,0.0,5.654999999999999,8.0,0.0,0.0,23.83,100.0,332.0,2.36,,,-0.4694715627858908,0.882947592858927,42.37288135593221,,3.54,26.81125,796.0645161290323,0.0,0.0,1.0,0.0,0.0,0.0,0.0,0.0,bundang_cc,0,7,5,2022,summer,0,0.0,0.0,170092.04016672,160686.42233471997,0.0,0.0
2022-07-10,11.348352863999999,0.0,0.0,5.785,8.0,0.0,0.0,27.05,72.85,332.0,2.34,,,-0.4694715627858908,0.882947592858927,31.13247863247863,,3.51,26.81125,796.0645161290323,0.0,0.0,1.0,0.0,0.0,0.0,0.0,0.0,bundang_cc,0,7,6,2022,summer,0,0.0,0.0,712.52191296,197450.5613472,0.0,0.0
2022-07-11,3360.9924401760004,0.0,0.0,8.87125,8.0,9938.0,46.00925925925926,24.33,92.8,332.0,2.31,,,-0.4694715627858908,0.882947592858927,40.17316017316017,,3.465,26.81125,796.0645161290323,9938.0,0.0,1.0,0.0,0.0,0.0,0.0,0.0,bundang_cc,0,7,0,2022,summer,0,0.0,0.0,680.90117184,199526.831064,0.0,0.0
2022-07-12,2775.3502376160004,0.0,0.0,7.3475,8.0,9566.0,44.28703703703704,26.47,93.45,332.01,2.34,,,-0.4693174522100329,0.883029517655601,39.93589743589744,,3.51,26.81125,796.0645161290323,9566.0,0.0,1.0,0.0,0.0,0.0,0.0,0.0,bundang_cc,0,7,1,2022,summer,0,0.0,0.0,201659.54641056003,195928.3443744,0.0,0.0
2022-07-13,1027.6455905280002,0.0,0.0,6.90875,8.0,3059.0,14.162037037037036,24.21,100.0,333.01,2.46,,,-0.4538349828506274,0.8910857469070924,40.65040650406504,,3.69,26.81125,796.0645161290323,3059.0,0.0,1.0,0.0,0.0,0.0,0.0,0.0,bundang_cc,0,7,2,2022,summer,0,0.0,0.0,166521.01425696,200535.6070944,0.0,0.0
2022-07-14,1710.6941573279996,0.0,0.0,7.172499999999999,8.0,5768.0,26.703703703703702,22.44,100.0,333.0,2.47,,,-0.4539904997395469,0.8910065241883678,40.48582995951417,,3.705,26.81125,796.0645161290323,5768.0,0.0,1.0,0.0,0.0,0.0,0.0,0.0,bundang_cc,0,7,3,2022,summer,0,0.0,0.0,61658.735431680005,188924.80296096,0.0,0.0
2022-07-15,498.795666912,0.0,0.0,5.5825,8.0,855.0,3.958333333333333,22.29,100.0,332.63,2.42,,,-0.4597348626732868,0.8880562234694231,41.32231404958678,,3.63,26.81125,796.0645161290323,855.0,0.0,1.0,0.0,0.0,0.0,0.0,0.0,bundang_cc,0,7,4,2022,summer,0,0.0,0.0,102641.64943967998,170092.04016672,0.0,0.0
2022-07-16,11.499008400000001,0.0,0.0,5.04125,8.0,0.0,0.0,22.2,100.0,333.0,2.47,,,-0.4539904997395469,0.8910065241883678,40.48582995951417,,3.705,26.81125,796.0645161290323,0.0,0.0,1.0,0.0,0.0,0.0,0.0,0.0,bundang_cc,0,7,5,2022,summer,0,0.0,0.0,29927.74001472,712.52191296,0.0,0.0
2022-07-17,10.379442816000001,0.0,0.0,4.921250000000001,8.0,0.0,0.0,23.11,100.0,333.0,2.45,,,-0.4539904997395469,0.8910065241883678,40.81632653061224,,3.675,26.81125,796.0645161290323,0.0,0.0,1.0,0.0,0.0,0.0,0.0,0.0,bundang_cc,0,7,6,2022,summer,0,0.0,0.0,689.940504,680.90117184,0.0,0.0
2022-07-18,946.995108768,0.0,0.0,7.95875,8.0,3921.0,18.15277777777778,22.86,100.0,333.0,2.45,,,-0.4539904997395469,0.8910065241883678,40.81632653061224,,3.675,26.81125,796.0645161290323,3921.0,0.0,1.0,0.0,0.0,0.0,0.0,0.0,bundang_cc,0,7,0,2022,summer,0,0.0,0.0,622.7665689600001,201659.54641056003,0.0,0.0
2022-07-19,12.779050032000002,0.0,0.0,5.53375,8.0,0.0,0.0,24.24,100.0,332.01,2.38,,,-0.4693174522100329,0.883029517655601,42.01680672268907,,3.57,26.81125,796.0645161290323,0.0,0.0,1.0,0.0,0.0,0.0,0.0,0.0,bundang_cc,0,7,1,2022,summer,0,0.0,0.0,56819.70652608,166521.01425696,0.0,0.0
2022-07-20,1452.8069146080002,0.0,0.0,5.0875,8.0,3294.0,15.25,23.04,100.0,333.0,2.41,,,-0.4539904997395469,0.8910065241883678,41.49377593360995,,3.615,26.81125,796.0645161290323,3294.0,0.0,1.0,0.0,0.0,0.0,0.0,0.0,bundang_cc,0,7,2,2022,summer,0,0.0,0.0,766.7430019200001,61658.735431680005,0.0,0.0
2022-07-21,1706.226654528,0.0,0.0,8.0475,8.0,4507.0,20.86574074074074,21.8,100.0,333.0,2.48,,,-0.4539904997395469,0.8910065241883678,40.32258064516129,,3.72,26.81125,796.0645161290323,4507.0,0.0,1.0,0.0,0.0,0.0,0.0,0.0,bundang_cc,0,7,3,2022,summer,0,0.0,0.0,87168.41487648,102641.64943967998,0.0,0.0
2022-07-22,12.505839984,0.0,0.0,5.3825,8.0,0.0,0.0,21.89,100.0,333.0,2.48,,,-0.4539904997395469,0.8910065241883678,40.32258064516129,,3.72,26.81125,796.0645161290323,0.0,0.0,1.0,0.0,0.0,0.0,0.0,0.0,bundang_cc,0,7,4,2022,summer,0,0.0,0.0,102373.59927168,29927.74001472,0.0,0.0
2022-07-23,12.603790512,0.0,0.0,5.3462499999999995,8.0,0.0,0.0,21.67,100.0,333.01,2.51,,,-0.4538349828506274,0.8910857469070924,39.8406374501992,,3.765,26.81125,796.0645161290323,0.0,0.0,1.0,0.0,0.0,0.0,0.0,0.0,bundang_cc,0,7,5,2022,summer,0,0.0,0.0,750.35039904,689.940504,0.0,0.0
2022-07-24,11.416889375999999,0.0,0.0,5.4925,8.0,0.0,0.0,24.11,100.0,333.0,2.41,,,-0.4539904997395469,0.8910065241883678,41.49377593360995,,3.615,26.81125,796.0645161290323,0.0,0.0,1.0,0.0,0.0,0.0,0.0,0.0,bundang_cc,0,7,6,2022,summer,0,0.0,0.0,756.22743072,622.7665689600001,0.0,0.0
2022-07-25,1795.538779488,0.0,0.0,8.15625,8.0,5099.0,23.60648148148148,23.62,100.0,332.01,2.39,,,-0.4693174522100329,0.883029517655601,41.84100418410041,,3.585,26.81125,796.0645161290323,5099.0,0.0,1.0,0.0,0.0,0.0,0.0,0.0,bundang_cc,0,7,0,2022,summer,0,0.0,0.0,685.0133625599999,56819.70652608,0.0,0.0
2022-07-26,2188.375488432,0.0,0.0,7.0925,8.0,7817.0,36.18981481481482,26.06,100.0,332.01,2.39,,,-0.4693174522100329,0.883029517655601,41.84100418410041,,3.585,26.81125,796.0645161290323,7817.0,0.0,1.0,0.0,0.0,0.0,0.0,0.0,bundang_cc,0,7,1,2022,summer,0,0.0,0.0,107732.32676928,766.7430019200001,0.0,0.0
2022-07-27,670.5279486719999,0.0,0.0,5.28125,8.0,1310.0,6.064814814814815,25.26,83.89,333.0,2.41,,,-0.4539904997395469,0.8910065241883678,34.809128630705395,,3.615,26.81125,796.0645161290323,1310.0,0.0,1.0,0.0,0.0,0.0,0.0,0.0,bundang_cc,0,7,2,2022,summer,0,0.0,0.0,131302.52930592,87168.41487648,0.0,0.0
2022-07-28,1393.260147648,0.0,0.0,6.3462499999999995,8.0,5136.0,23.77777777777778,27.91,83.74,332.76,2.41,,,-0.45771874538167,0.8890970420186033,34.74688796680498,,3.615,26.81125,796.0645161290323,5136.0,0.0,1.0,0.0,0.0,0.0,0.0,0.0,bundang_cc,0,7,3,2022,summer,0,0.0,0.0,40231.676920319995,102373.59927168,0.0,0.0
2022-07-29,1699.3706182560002,0.0,0.0,7.25875,8.0,5264.0,24.37037037037037,27.28,98.85,333.51,2.49,,,-0.4460416108026285,0.8950122241805396,39.69879518072288,,3.735,26.81125,796.0645161290323,5264.0,0.0,1.0,0.0,0.0,0.0,0.0,0.0,bundang_cc,0,7,4,2022,summer,0,0.0,0.0,83595.60885887999,750.35039904,0.0,0.0
2022-07-30,12.012872256000001,0.0,0.0,5.785,8.0,0.0,0.0,28.06,76.77,333.25,2.49,,,-0.4500984410374354,0.8929789434111368,30.831325301204817,,3.735,26.81125,796.0645161290323,0.0,0.0,1.0,0.0,0.0,0.0,0.0,0.0,bundang_cc,0,7,5,2022,summer,0,0.0,0.0,101962.23709536,756.22743072,0.0,0.0
2022-07-31,11.314324943999999,0.0,0.0,4.785,8.0,0.0,0.0,24.55,100.0,332.01,2.33,,,-0.4693174522100329,0.883029517655601,42.918454935622314,,3.495,26.81125,796.0645161290323,0.0,0.0,1.0,0.0,0.0,0.0,0.0,0.0,bundang_cc,0,7,6,2022,summer,0,0.0,0.0,720.77233536,685.0133625599999,0.0,0.0
2022-08-01,12.541723487999999,0.0,0.0,6.40375,8.0,0.0,0.0,26.65,96.65,333.98,2.56,,,-0.4386848583837132,0.8986409711474663,37.75390625,,3.84,26.54375,338.2903225806452,0.0,0.0,1.0,0.0,0.0,0.0,0.0,0.0,bundang_cc,0,8,0,2022,summer,0,0.0,0.0,678.85949664,107732.32676928,0.0,0.0
2022-08-02,967.5107537760001,0.0,0.0,5.311249999999999,8.0,2066.0,9.564814814814817,26.14,100.0,332.01,2.32,,,-0.4693174522100329,0.883029517655601,43.10344827586207,,3.4799999999999995,26.54375,338.2903225806452,2066.0,0.0,1.0,0.0,0.0,0.0,0.0,0.0,bundang_cc,0,8,1,2022,summer,0,0.0,0.0,752.5034092799999,131302.52930592,0.0,0.0
2022-08-03,13.388682816000001,0.0,0.0,5.4625,8.0,0.0,0.0,25.57,100.0,332.01,2.35,,,-0.4693174522100329,0.883029517655601,42.5531914893617,,3.5250000000000004,26.54375,338.2903225806452,0.0,0.0,1.0,0.0,0.0,0.0,0.0,0.0,bundang_cc,0,8,2,2022,summer,0,0.0,0.0,58050.64522656001,40231.676920319995,0.0,0.0
2022-08-04,3494.7907038720004,0.0,0.0,9.96375,8.0,9094.0,42.101851851851855,25.27,100.0,332.01,2.37,,,-0.4693174522100329,0.883029517655601,42.19409282700422,,3.555,26.54375,338.2903225806452,9094.0,0.0,1.0,0.0,0.0,0.0,0.0,0.0,bundang_cc,0,8,3,2022,summer,0,0.0,0.0,803.3209689600001,83595.60885887999,0.0,0.0
2022-08-05,2486.151945792,0.0,0.0,7.0975,8.0,9135.0,42.291666666666664,26.5,100.0,327.03,1.74,,,-0.544199833494646,0.8389556253011238,57.47126436781609,,2.61,26.54375,338.2903225806452,9135.0,0.0,1.0,0.0,0.0,0.0,0.0,0.0,bundang_cc,0,8,4,2022,summer,0,0.0,0.0,209687.44223232003,101962.23709536,0.0,0.0
2022-08-06,12.908416463999998,0.0,0.0,5.38375,8.0,0.0,0.0,26.57,100.0,327.53,1.84,,,-0.5368579359867569,0.8436726596068165,54.34782608695651,,2.76,26.54375,338.2903225806452,0.0,0.0,1.0,0.0,0.0,0.0,0.0,0.0,bundang_cc,0,8,5,2022,summer,0,0.0,0.0,149169.11674752,720.77233536,0.0,0.0
2022-08-07,11.794336704000001,0.0,0.0,5.2275,8.0,0.0,0.0,28.19,99.96,327.01,1.75,,,-0.5444926510929411,0.8387656126152172,57.12,,2.625,26.54375,338.2903225806452,0.0,0.0,1.0,0.0,0.0,0.0,0.0,0.0,bundang_cc,0,8,6,2022,summer,0,0.0,0.0,774.5049878399999,678.85949664,0.0,0.0
2022-08-08,2832.20363448,0.0,0.0,8.44,8.0,8575.0,39.69907407407408,25.26,100.0,333.0,2.45,,,-0.4539904997395469,0.8910065241883678,40.81632653061224,,3.675,26.54375,338.2903225806452,8575.0,0.0,1.0,0.0,0.0,0.0,0.0,0.0,bundang_cc,0,8,0,2022,summer,0,0.0,0.0,707.6602022400001,752.5034092799999,0.0,0.0
2022-08-09,1648.89694944,0.0,0.0,6.1275,8.0,5364.0,24.833333333333332,23.56,100.0,333.01,2.52,,,-0.4538349828506274,0.8910857469070924,39.68253968253968,,3.78,26.54375,338.2903225806452,5364.0,0.0,1.0,0.0,0.0,0.0,0.0,0.0,bundang_cc,0,8,1,2022,summer,0,0.0,0.0,169932.2180688,58050.64522656001,0.0,0.0
2022-08-10,568.0839782879998,0.0,0.0,5.225,8.0,1040.0,4.814814814814815,22.96,100.0,333.2,2.5,,,-0.4508775406894311,0.8925858184521253,40.0,,3.75,26.54375,338.2903225806452,1040.0,0.0,1.0,0.0,0.0,0.0,0.0,0.0,bundang_cc,0,8,2,2022,summer,0,0.0,0.0,98933.8169664,803.3209689600001,0.0,0.0
2022-08-11,597.5344094400001,0.0,0.0,7.74625,8.0,1971.0,9.125,23.43,100.0,333.99,2.63,,,-0.4385280092655586,0.8987175224115673,38.02281368821293,,3.945,26.54375,338.2903225806452,1971.0,0.0,1.0,0.0,0.0,0.0,0.0,0.0,bundang_cc,0,8,3,2022,summer,0,0.0,0.0,34085.03869727999,209687.44223232003,0.0,0.0
2022-08-12,12.328178543999998,0.0,0.0,4.975,8.0,0.0,0.0,23.15,100.0,333.97,2.65,,,-0.4388416941387629,0.898564392509196,37.735849056603776,,3.975,26.54375,338.2903225806452,0.0,0.0,1.0,0.0,0.0,0.0,0.0,0.0,bundang_cc,0,8,4,2022,summer,0,0.0,0.0,35852.064566400004,149169.11674752,0.0,0.0
2022-08-13,486.004971024,0.0,0.0,5.28125,8.0,1000.0,4.62962962962963,24.63,100.0,333.51,2.55,,,-0.4460416108026285,0.8950122241805396,39.21568627450981,,3.825,26.54375,338.2903225806452,1000.0,0.0,1.0,0.0,0.0,0.0,0.0,0.0,bundang_cc,0,8,5,2022,summer,0,0.0,0.0,739.6907126399999,774.5049878399999,0.0,0.0
2022-08-14,11.18749032,0.0,0.0,4.62625,8.0,0.0,0.0,25.62,100.0,334.0,2.68,,,-0.4383711467890778,0.8987940462991668,37.31343283582089,,4.0200000000000005,26.54375,338.2903225806452,0.0,0.0,1.0,0.0,0.0,0.0,0.0,0.0,bundang_cc,0,8,6,2022,summer,0,0.0,0.0,29160.29826144,707.6602022400001,0.0,0.0
2022-08-15,10.599290351999999,0.0,0.0,4.77875,8.0,0.0,0.0,26.56,100.0,332.01,2.4,,,-0.4693174522100329,0.883029517655601,41.66666666666667,,3.5999999999999996,26.54375,338.2903225806452,0.0,0.0,1.0,0.0,0.0,0.0,0.0,0.0,bundang_cc,0,8,0,2022,summer,0,0.0,0.0,671.2494192,169932.2180688,0.0,0.0
2022-08-16,1253.78355528,0.0,0.0,4.8525,8.0,3113.0,14.412037037037036,21.71,100.0,334.5,2.67,,,-0.4305110968082952,0.9025852843498606,37.453183520599254,,4.005,26.54375,338.2903225806452,3113.0,0.0,1.0,0.0,0.0,0.0,0.0,0.0,bundang_cc,0,8,1,2022,summer,0,0.0,0.0,635.9574211199999,98933.8169664,0.0,0.0
2022-08-17,11.952408816,0.0,0.0,4.69125,8.0,0.0,0.0,21.92,100.0,334.51,2.68,,,-0.4303535594021165,0.9026604089633758,37.31343283582089,,4.0200000000000005,26.54375,338.2903225806452,0.0,0.0,1.0,0.0,0.0,0.0,0.0,0.0,bundang_cc,0,8,2,2022,summer,0,0.0,0.0,75227.0133168,34085.03869727999,0.0,0.0
2022-08-18,1239.4338560639999,0.0,0.0,8.30375,8.0,3103.0,14.36574074074074,22.09,100.0,334.01,2.62,,,-0.4382142709590474,0.8988705428079343,38.167938931297705,,3.93,26.54375,338.2903225806452,3103.0,0.0,1.0,0.0,0.0,0.0,0.0,0.0,bundang_cc,0,8,3,2022,summer,0,0.0,0.0,717.14452896,35852.064566400004,0.0,0.0
2022-08-19,1692.518912784,0.0,0.0,7.31875,8.0,5927.0,27.439814814814817,26.42,100.0,333.99,2.6,,,-0.4385280092655586,0.8987175224115673,38.46153846153846,,3.9,26.54375,338.2903225806452,5927.0,0.0,1.0,0.0,0.0,0.0,0.0,0.0,bundang_cc,0,8,4,2022,summer,0,0.0,0.0,74366.03136384,739.6907126399999,0.0,0.0
2022-08-20,12.244843008000002,0.0,0.0,4.91375,8.0,0.0,0.0,23.95,100.0,334.51,2.68,,,-0.4303535594021165,0.9026604089633758,37.31343283582089,,4.0200000000000005,26.54375,338.2903225806452,0.0,0.0,1.0,0.0,0.0,0.0,0.0,0.0,bundang_cc,0,8,5,2022,summer,0,0.0,0.0,101551.13476704,29160.29826144,0.0,0.0
2022-08-21,11.056348944000002,0.0,0.0,4.838749999999999,8.0,0.0,0.0,23.72,100.0,334.75,2.7,,,-0.4265687399014586,0.904455145454368,37.03703703703704,,4.050000000000001,26.54375,338.2903225806452,0.0,0.0,1.0,0.0,0.0,0.0,0.0,0.0,bundang_cc,0,8,6,2022,summer,0,0.0,0.0,734.6905804800001,671.2494192,0.0,0.0
2022-08-22,1507.8768399360001,0.0,0.0,6.9075,8.0,5002.0,23.15740740740741,23.57,82.04,333.01,2.51,,,-0.4538349828506274,0.8910857469070924,32.68525896414343,,3.765,26.54375,338.2903225806452,5002.0,0.0,1.0,0.0,0.0,0.0,0.0,0.0,bundang_cc,0,8,0,2022,summer,0,0.0,0.0,663.3809366400001,635.9574211199999,0.0,0.0
2022-08-23,1754.02541016,0.0,0.0,6.55,8.0,6345.0,29.375,20.49,100.0,334.26,2.61,,,-0.4342880492898044,0.9007740506053982,38.31417624521073,,3.915,26.54375,338.2903225806452,6345.0,0.0,1.0,0.0,0.0,0.0,0.0,0.0,bundang_cc,0,8,1,2022,summer,0,0.0,0.0,90472.61039616,75227.0133168,0.0,0.0
2022-08-24,27.732979871999998,0.0,0.0,5.51125,8.0,0.0,0.0,20.78,98.77,333.8,2.54,,,-0.4415058527917454,0.8972583696743284,38.88582677165354,,3.81,26.54375,338.2903225806452,0.0,0.0,1.0,0.0,0.0,0.0,0.0,0.0,bundang_cc,0,8,2,2022,summer,0,0.0,0.0,105241.5246096,717.14452896,0.0,0.0
2022-08-25,11.57764824,0.0,0.0,6.168749999999999,8.0,0.0,0.0,19.23,100.0,334.41,2.68,,,-0.4319283427528656,0.9019079258587116,37.31343283582089,,4.0200000000000005,26.54375,338.2903225806452,0.0,0.0,1.0,0.0,0.0,0.0,0.0,0.0,bundang_cc,0,8,3,2022,summer,0,0.0,0.0,1663.97879232,74366.03136384,0.0,0.0
2022-08-26,10.369576512,0.0,0.0,6.1225,8.0,0.0,0.0,20.88,100.0,328.72,1.97,,,-0.5192208178364813,0.854640124453103,50.76142131979695,,2.955,26.54375,338.2903225806452,0.0,0.0,1.0,0.0,0.0,0.0,0.0,0.0,bundang_cc,0,8,4,2022,summer,0,0.0,0.0,694.6588944,101551.13476704,0.0,0.0
2022-08-27,145.18009368,0.0,0.0,7.79125,8.0,414.0,1.9166666666666663,16.19,86.48,328.09,1.87,,,-0.5285865001850724,0.8488794448106848,46.24598930481283,,2.805,26.54375,338.2903225806452,414.0,0.0,1.0,0.0,0.0,0.0,0.0,0.0,bundang_cc,0,8,5,2022,summer,0,0.0,0.0,622.17459072,734.6905804800001,0.0,0.0
2022-08-28,9.121948272,0.0,0.0,6.115,8.0,0.0,0.0,20.57,74.93,328.43,1.99,,,-0.5235398709837408,0.8520011757564235,37.653266331658294,,2.985,26.54375,338.2903225806452,0.0,0.0,1.0,0.0,0.0,0.0,0.0,0.0,bundang_cc,0,8,6,2022,summer,0,0.0,0.0,8710.8056208,663.3809366400001,0.0,0.0
2022-08-29,9.053562528000002,0.0,0.0,6.223750000000001,8.0,0.0,0.0,19.87,77.24,328.36,1.96,,,-0.5245803958027432,0.8513609154403537,39.40816326530612,,2.94,26.54375,338.2903225806452,0.0,0.0,1.0,0.0,0.0,0.0,0.0,0.0,bundang_cc,0,8,0,2022,summer,0,0.0,0.0,547.31689632,90472.61039616,0.0,0.0
2022-08-30,11.919897791999999,0.0,0.0,7.092499999999999,8.0,0.0,0.0,19.02,100.0,328.71,1.99,,,-0.5193699727684532,0.8545494903084877,50.25125628140704,,2.985,26.54375,338.2903225806452,0.0,0.0,1.0,0.0,0.0,0.0,0.0,0.0,bundang_cc,0,8,1,2022,summer,0,0.0,0.0,543.2137516800001,105241.5246096,0.0,0.0
2022-08-31,7.8319131839999985,0.0,0.0,6.1525,8.0,0.0,0.0,18.17,100.0,329.2,2.05,,,-0.512042864870572,0.8589598969306641,48.78048780487805,,3.0749999999999997,26.54375,338.2903225806452,0.0,0.0,1.0,0.0,0.0,0.0,0.0,0.0,bundang_cc,0,8,2,2022,summer,0,0.0,0.0,715.1938675199999,1663.97879232,0.0,0.0
2022-09-01,7.393229136,0.0,0.0,6.172499999999999,8.0,0.0,0.0,19.93,100.0,328.68,1.99,,,-0.5198173426207094,0.8542774316992952,50.25125628140704,,2.985,26.57125,372.6,0.0,0.0,1.0,0.0,0.0,0.0,0.0,0.0,bundang_cc,0,9,3,2022,autumn,0,0.0,0.0,469.9147910399999,694.6588944,0.0,0.0
2022-09-02,6.846575472,0.0,0.0,6.0175,8.0,0.0,0.0,20.82,72.38,328.94,2.01,,,-0.5159354158430572,0.8566274841953483,36.00995024875622,,3.0149999999999997,26.57125,372.6,0.0,0.0,1.0,0.0,0.0,0.0,0.0,0.0,bundang_cc,0,9,4,2022,autumn,0,0.0,0.0,443.59374816,622.17459072,0.0,0.0
2022-09-03,6.452561952,0.0,0.0,5.94625,8.0,0.0,0.0,22.59,66.99,329.01,2.02,,,-0.5148884631499587,0.8572571787480543,33.16336633663366,,3.03,26.57125,372.6,0.0,0.0,1.0,0.0,0.0,0.0,0.0,0.0,bundang_cc,0,9,5,2022,autumn,0,0.0,0.0,410.79452832,8710.8056208,0.0,0.0
2022-09-04,6.890246784,0.0,0.0,6.154999999999999,8.0,0.0,0.0,22.42,100.0,328.89,2.01,,,-0.5166827677976581,0.8561769194862422,49.75124378109453,,3.0149999999999997,26.57125,372.6,0.0,0.0,1.0,0.0,0.0,0.0,0.0,0.0,bundang_cc,0,9,6,2022,autumn,0,0.0,0.0,387.15371712,547.31689632,0.0,0.0
2022-09-05,3965.478604272,0.0,0.0,11.8425,8.0,8033.0,37.18981481481482,17.04,100.0,328.29,1.97,,,-0.5256201376198426,0.8507193843615518,50.76142131979695,,2.955,26.57125,372.6,8033.0,0.0,1.0,0.0,0.0,0.0,0.0,0.0,bundang_cc,0,9,0,2022,autumn,0,0.0,0.0,413.41480704,543.2137516800001,0.0,0.0
2022-09-06,542.220070752,0.0,0.0,4.9875,8.0,907.0,4.1990740740740735,17.27,100.0,328.42,1.96,,,-0.5236885652664957,0.8519097878350261,51.02040816326531,,2.94,26.57125,372.6,907.0,0.0,1.0,0.0,0.0,0.0,0.0,0.0,bundang_cc,0,9,1,2022,autumn,0,0.0,0.0,237928.71625632,715.1938675199999,0.0,0.0
2022-09-07,1160.5762238399998,0.0,0.0,4.80375,8.0,3214.0,14.879629629629628,16.28,84.83,328.88,2.03,,,-0.5168321909896171,0.856086728291516,41.78817733990148,,3.045,26.57125,372.6,3214.0,0.0,1.0,0.0,0.0,0.0,0.0,0.0,bundang_cc,0,9,2,2022,autumn,0,0.0,0.0,32533.20424512,469.9147910399999,0.0,0.0
2022-09-08,603.2737078560001,0.0,0.0,4.52375,8.0,2421.0,11.208333333333332,19.21,100.0,328.42,1.98,,,-0.5236885652664957,0.8519097878350261,50.505050505050505,,2.97,26.57125,372.6,2421.0,0.0,1.0,0.0,0.0,0.0,0.0,0.0,bundang_cc,0,9,3,2022,autumn,0,0.0,0.0,69634.57343039999,443.59374816,0.0,0.0
2022-09-09,9.200416608000001,0.0,0.0,4.27625,8.0,0.0,0.0,18.78,71.12,328.94,2.01,,,-0.5159354158430572,0.8566274841953483,35.38308457711443,,3.0149999999999997,26.57125,372.6,0.0,0.0,1.0,0.0,0.0,0.0,0.0,0.0,bundang_cc,0,9,4,2022,autumn,0,0.0,0.0,36196.422471360005,410.79452832,0.0,0.0
2022-09-10,8.719509888000001,0.0,0.0,4.425,8.0,0.0,0.0,19.62,82.26,329.07,2.02,,,-0.513990463376539,0.8577958985434535,40.722772277227726,,3.03,26.57125,372.6,0.0,0.0,1.0,0.0,0.0,0.0,0.0,0.0,bundang_cc,0,9,5,2022,autumn,0,0.0,0.0,552.02499648,387.15371712,0.0,0.0
2022-09-11,8.324673984,0.0,0.0,4.465,8.0,0.0,0.0,19.68,100.0,328.42,1.97,,,-0.5236885652664957,0.8519097878350261,50.76142131979695,,2.955,26.57125,372.6,0.0,0.0,1.0,0.0,0.0,0.0,0.0,0.0,bundang_cc,0,9,6,2022,autumn,0,0.0,0.0,523.17059328,413.41480704,0.0,0.0
2022-09-12,7.304432256,0.0,0.0,4.33125,8.0,0.0,0.0,21.07,100.0,328.69,1.99,,,-0.5196682351651093,0.8543681439288222,50.25125628140704,,2.985,26.57125,372.6,0.0,0.0,1.0,0.0,0.0,0.0,0.0,0.0,bundang_cc,0,9,0,2022,autumn,0,0.0,0.0,499.48043904,237928.71625632,0.0,0.0
2022-09-13,1542.961835136,0.0,0.0,4.08875,8.0,8110.0,37.5462962962963,21.81,98.95,328.86,1.99,,,-0.5171309901381573,0.8559062676711329,49.72361809045226,,2.985,26.57125,372.6,8110.0,0.0,1.0,0.0,0.0,0.0,0.0,0.0,bundang_cc,0,9,1,2022,autumn,0,0.0,0.0,438.26593536,32533.20424512,0.0,0.0
2022-09-14,829.4829698880001,0.0,0.0,4.36375,8.0,1832.0,8.481481481481481,21.12,68.79,328.94,1.97,,,-0.5159354158430572,0.8566274841953483,34.91878172588833,,2.955,26.57125,372.6,1832.0,0.0,1.0,0.0,0.0,0.0,0.0,0.0,bundang_cc,0,9,2,2022,autumn,0,0.0,0.0,92577.71010816,69634.57343039999,0.0,0.0
2022-09-15,8.798076,0.0,0.0,4.09375,8.0,0.0,0.0,25.31,68.7,339.04,3.19,,,-0.3577161001751689,0.9338303869951268,21.53605015673981,,4.785,26.57125,372.6,0.0,0.0,1.0,0.0,0.0,0.0,0.0,0.0,bundang_cc,0,9,3,2022,autumn,0,0.0,0.0,49768.97819328,36196.422471360005,0.0,0.0
2022-09-16,9.885555071999999,0.0,0.0,4.395,8.0,696.0,3.2222222222222223,23.63,100.0,339.48,3.25,,,-0.3505343201912592,0.9365498867481924,30.76923076923077,,4.875,26.57125,372.6,696.0,0.0,1.0,0.0,0.0,0.0,0.0,0.0,bundang_cc,0,9,4,2022,autumn,0,0.0,0.0,527.88456,552.02499648,0.0,0.0
2022-09-17,614.1285878399999,0.0,0.0,4.606249999999999,8.0,1061.0,4.912037037037037,23.18,100.0,340.0,3.3,,,-0.3420201433256686,0.9396926207859084,30.303030303030305,,4.949999999999999,26.57125,372.6,1061.0,0.0,1.0,0.0,0.0,0.0,0.0,0.0,bundang_cc,0,9,5,2022,autumn,0,0.0,0.0,593.13330432,523.17059328,0.0,0.0
2022-09-18,690.55563024,0.0,0.0,4.37625,8.0,1343.0,6.217592592592593,24.35,91.23,339.99,3.25,,,-0.3421841454174653,0.9396329126977828,28.070769230769233,,4.875,26.57125,372.6,1343.0,0.0,1.0,0.0,0.0,0.0,0.0,0.0,bundang_cc,0,9,6,2022,autumn,0,0.0,0.0,36847.7152704,499.48043904,0.0,0.0
2022-09-19,1528.3265231520002,0.0,0.0,3.98875,8.0,3719.0,17.21759259259259,17.26,75.51,341.0,3.4,,,-0.3255681544571567,0.9455185755993168,22.208823529411767,,5.1,26.57125,372.6,3719.0,0.0,1.0,0.0,0.0,0.0,0.0,0.0,bundang_cc,0,9,0,2022,autumn,0,0.0,0.0,41433.3378144,438.26593536,0.0,0.0
2022-09-20,1356.491598336,0.0,0.0,4.0725,8.0,3239.0,14.99537037037037,14.2,82.04,341.77,3.46,,,-0.312832279878341,0.9498083831311024,23.71098265895954,,5.1899999999999995,26.57125,372.6,3239.0,0.0,1.0,0.0,0.0,0.0,0.0,0.0,bundang_cc,0,9,1,2022,autumn,0,0.0,0.0,91699.59138912,92577.71010816,0.0,0.0
2022-09-21,727.171962192,0.0,0.0,4.0825,8.0,1582.0,7.324074074074074,15.24,76.3,341.49,3.45,,,-0.3174701652730042,0.9482682606528235,22.115942028985504,,5.175000000000001,26.57125,372.6,1582.0,0.0,1.0,0.0,0.0,0.0,0.0,0.0,bundang_cc,0,9,2,2022,autumn,0,0.0,0.0,81389.49590016,49768.97819328,0.0,0.0
2022-09-22,750.083031792,0.0,0.0,4.1850000000000005,8.0,4184.0,19.37037037037037,14.91,99.97,341.03,3.44,,,-0.3250730374831114,0.945688913068935,29.061046511627907,,5.16,26.57125,372.6,4184.0,0.0,1.0,0.0,0.0,0.0,0.0,0.0,bundang_cc,0,9,3,2022,autumn,0,0.0,0.0,43630.31773152,527.88456,0.0,0.0
2022-09-23,500.330433024,0.0,0.0,4.2825,8.0,947.0,4.3842592592592595,12.35,86.92,327.41,1.83,,,-0.5386237411204698,0.8425464174165059,47.49726775956284,,2.745,26.57125,372.6,947.0,0.0,1.0,0.0,0.0,0.0,0.0,0.0,bundang_cc,0,9,4,2022,autumn,0,0.0,0.0,45004.98190752,593.13330432,0.0,0.0
2022-09-24,9.262929888,0.0,0.0,4.17375,8.0,0.0,0.0,16.04,100.0,328.0,1.87,,,-0.529919264233205,0.8480480961564258,53.475935828877,,2.805,26.57125,372.6,0.0,0.0,1.0,0.0,0.0,0.0,0.0,0.0,bundang_cc,0,9,5,2022,autumn,0,0.0,0.0,30019.82598144,36847.7152704,0.0,0.0
2022-09-25,8.521460352,0.0,0.0,4.22,8.0,0.0,0.0,15.1,92.47,327.72,1.88,,,-0.5340572648005883,0.8454483058790255,49.18617021276596,,2.82,26.57125,372.6,0.0,0.0,1.0,0.0,0.0,0.0,0.0,0.0,bundang_cc,0,9,6,2022,autumn,0,0.0,0.0,555.77579328,41433.3378144,0.0,0.0
2022-09-26,674.696343744,0.0,0.0,4.6,8.0,1268.0,5.87037037037037,14.76,93.25,327.87,1.88,,,-0.5318420586556668,0.8468435656276206,49.60106382978723,,2.82,26.57125,372.6,1268.0,0.0,1.0,0.0,0.0,0.0,0.0,0.0,bundang_cc,0,9,0,2022,autumn,0,0.0,0.0,511.28762112,91699.59138912,0.0,0.0
2022-09-27,1561.759277472,0.0,0.0,4.09,8.0,4939.0,22.86574074074074,16.2,95.94,328.0,1.91,,,-0.529919264233205,0.8480480961564258,50.2303664921466,,2.865,26.57125,372.6,4939.0,0.0,1.0,0.0,0.0,0.0,0.0,0.0,bundang_cc,0,9,1,2022,autumn,0,0.0,0.0,40481.78062464,81389.49590016,0.0,0.0
2022-09-28,1718.096120496,0.0,0.0,4.14375,8.0,6429.0,29.76388888888889,16.05,100.0,328.01,1.87,,,-0.5297712438478926,0.8481405715987513,53.475935828877,,2.805,26.57125,372.6,6429.0,0.0,1.0,0.0,0.0,0.0,0.0,0.0,bundang_cc,0,9,2,2022,autumn,0,0.0,0.0,93705.55664832,43630.31773152,0.0,0.0
2022-09-29,1437.08394312,0.0,0.0,3.73625,8.0,5485.0,25.39351851851852,15.52,100.0,333.86,2.54,,,-0.4405660041133136,0.8977202214608,39.37007874015748,,3.81,26.57125,372.6,5485.0,0.0,1.0,0.0,0.0,0.0,0.0,0.0,bundang_cc,0,9,3,2022,autumn,0,0.0,0.0,103085.76722976,45004.98190752,0.0,0.0
2022-09-30,2330.4196396800003,0.0,0.0,6.60375,8.0,6311.0,29.217592592592595,16.65,100.0,333.31,2.51,,,-0.4491630690514739,0.8934497956797913,39.8406374501992,,3.765,26.57125,372.6,6311.0,0.0,1.0,0.0,0.0,0.0,0.0,0.0,bundang_cc,0,9,4,2022,autumn,0,0.0,0.0,86225.0365872,30019.82598144,0.0,0.0
2022-10-01,1486.16331552,0.0,0.0,6.29625,8.0,5345.0,24.74537037037037,17.47,85.69,333.18,2.52,,,-0.4511890844418454,0.8924283781237177,34.00396825396825,,3.78,27.06625,804.2903225806451,5345.0,0.0,1.0,0.0,0.0,0.0,0.0,0.0,bundang_cc,0,10,5,2022,autumn,0,0.0,0.0,139825.1783808,555.77579328,0.0,0.0
2022-10-02,9.584556048,0.0,0.0,4.4875,8.0,0.0,0.0,17.55,100.0,333.36,2.54,,,-0.448383216090032,0.8938414241512639,39.37007874015748,,3.81,27.06625,804.2903225806451,0.0,0.0,1.0,0.0,0.0,0.0,0.0,0.0,bundang_cc,0,10,6,2022,autumn,0,0.0,0.0,89169.7989312,511.28762112,0.0,0.0
2022-10-03,9.956207376000002,0.0,0.0,4.5962499999999995,8.0,0.0,0.0,22.74,100.0,333.97,2.62,,,-0.4388416941387629,0.898564392509196,38.167938931297705,,3.93,27.06625,804.2903225806451,0.0,0.0,1.0,0.0,0.0,0.0,0.0,0.0,bundang_cc,0,10,0,2022,autumn,0,0.0,0.0,575.07336288,40481.78062464,0.0,0.0
2022-10-04,1078.599109248,0.0,0.0,6.7075,8.0,4158.0,19.25,14.69,79.04,333.29,2.51,,,-0.4494749144932793,0.8932929537622354,31.490039840637458,,3.765,27.06625,804.2903225806451,4158.0,0.0,1.0,0.0,0.0,0.0,0.0,0.0,bundang_cc,0,10,1,2022,autumn,0,0.0,0.0,597.3724425600001,93705.55664832,0.0,0.0
2022-10-05,1011.790192032,0.0,0.0,5.766249999999999,8.0,3531.0,16.34722222222222,14.35,98.9,333.26,2.48,,,-0.4499425799557004,0.8930574868074329,39.87903225806452,,3.72,27.06625,804.2903225806451,3531.0,0.0,1.0,0.0,0.0,0.0,0.0,0.0,bundang_cc,0,10,2,2022,autumn,0,0.0,0.0,64715.94655488,103085.76722976,0.0,0.0
2022-10-06,1314.039335616,0.0,0.0,6.907500000000001,8.0,5432.0,25.14814814814815,13.68,100.0,333.12,2.49,,,-0.452123385691151,0.8919554047771506,40.16064257028112,,3.735,27.06625,804.2903225806451,5432.0,0.0,1.0,0.0,0.0,0.0,0.0,0.0,bundang_cc,0,10,3,2022,autumn,0,0.0,0.0,60707.41152192,86225.0365872,0.0,0.0
2022-10-07,330.483670272,0.0,0.0,7.702500000000001,8.0,1560.0,7.222222222222221,10.95,100.0,333.58,2.51,,,-0.4449478144771542,0.8955564987157448,39.8406374501992,,3.765,27.06625,804.2903225806451,1560.0,0.0,1.0,0.0,0.0,0.0,0.0,0.0,bundang_cc,0,10,4,2022,autumn,0,0.0,0.0,78842.36013696001,139825.1783808,0.0,0.0
2022-10-08,7.873214976,0.0,0.0,5.0,8.0,0.0,0.0,14.65,67.01,333.01,2.48,,,-0.4538349828506274,0.8910857469070924,27.020161290322584,,3.72,27.06625,804.2903225806451,0.0,0.0,1.0,0.0,0.0,0.0,0.0,0.0,bundang_cc,0,10,5,2022,autumn,0,0.0,0.0,19829.020216319997,89169.7989312,0.0,0.0
2022-10-09,7.639665695999998,0.0,0.0,4.4399999999999995,8.0,0.0,0.0,10.28,100.0,333.83,2.53,,,-0.4410359889087883,0.8974894185934713,39.52569169960475,,3.795,27.06625,804.2903225806451,0.0,0.0,1.0,0.0,0.0,0.0,0.0,0.0,bundang_cc,0,10,6,2022,autumn,0,0.0,0.0,472.39289856,575.07336288,0.0,0.0
2022-10-10,717.1253805599998,0.0,0.0,6.869999999999999,8.0,1946.0,9.00925925925926,8.33,81.3,333.29,2.48,,,-0.4494749144932793,0.8932929537622354,32.78225806451613,,3.72,27.06625,804.2903225806451,1946.0,0.0,1.0,0.0,0.0,0.0,0.0,0.0,bundang_cc,0,10,0,2022,autumn,0,0.0,0.0,458.3799417599999,597.3724425600001,0.0,0.0
2022-10-11,2844.355335408,0.0,0.0,8.88875,8.0,10357.0,47.94907407407407,7.11,100.0,333.28,2.46,,,-0.4496308166788743,0.8932144919853733,40.65040650406504,,3.69,27.06625,804.2903225806451,10357.0,0.0,1.0,0.0,0.0,0.0,0.0,0.0,bundang_cc,0,10,1,2022,autumn,0,0.0,0.0,43027.52283359999,64715.94655488,0.0,0.0
2022-10-12,1367.114981184,0.0,0.0,8.42375,8.0,6196.0,28.685185185185187,10.72,100.0,333.33,2.51,,,-0.4488511688805118,0.8936065287331993,39.8406374501992,,3.765,27.06625,804.2903225806451,6196.0,0.0,1.0,0.0,0.0,0.0,0.0,0.0,bundang_cc,0,10,2,2022,autumn,0,0.0,0.0,170661.32012448,60707.41152192,0.0,0.0
2022-10-13,1415.6862500159998,0.0,0.0,8.59875,8.0,6208.0,28.74074074074074,11.39,100.0,333.29,2.49,,,-0.4494749144932793,0.8932929537622354,40.16064257028112,,3.735,27.06625,804.2903225806451,6208.0,0.0,1.0,0.0,0.0,0.0,0.0,0.0,bundang_cc,0,10,3,2022,autumn,0,0.0,0.0,82026.89887104,78842.36013696001,0.0,0.0
2022-10-14,0.0,0.0,0.0,8.813749999999999,8.0,6658.0,30.824074074074076,14.19,100.0,333.26,2.49,,,-0.4499425799557004,0.8930574868074329,40.16064257028112,,3.735,27.06625,804.2903225806451,6658.0,0.0,1.0,0.0,0.0,0.0,0.0,0.0,bundang_cc,0,10,4,2022,autumn,0,0.0,0.0,84941.17500096,19829.020216319997,0.0,0.0
2022-10-15,0.0,0.0,0.0,8.25875,8.0,4893.0,22.65277777777778,15.22,84.14,333.63,2.52,,,-0.4441661246757786,0.8959444478819547,33.388888888888886,,3.78,27.06625,804.2903225806451,4893.0,0.0,1.0,0.0,0.0,0.0,0.0,0.0,bundang_cc,0,10,5,2022,autumn,0,0.0,0.0,0.0,472.39289856,0.0,0.0
2022-10-16,0.0,0.0,0.0,6.275,8.0,0.0,0.0,13.53,99.88,333.0,2.48,,,-0.4539904997395469,0.8910065241883678,40.274193548387096,,3.72,27.06625,804.2903225806451,0.0,0.0,1.0,0.0,0.0,0.0,0.0,0.0,bundang_cc,0,10,6,2022,autumn,0,0.0,0.0,0.0,458.3799417599999,0.0,0.0
2022-10-17,0.0,0.0,0.0,8.594999999999999,8.0,7076.0,32.75925925925926,5.3,78.28,332.43,2.41,,,-0.4628319565244293,0.8864460389779903,32.481327800829874,,3.615,27.06625,804.2903225806451,7076.0,0.0,1.0,0.0,0.0,0.0,0.0,0.0,bundang_cc,0,10,0,2022,autumn,0,0.0,0.0,0.0,43027.52283359999,0.0,0.0
2022-10-18,0.0,0.0,0.0,7.16125,8.0,5917.0,27.393518518518515,4.27,78.68,332.58,2.45,,,-0.4605096627729946,0.8876546910216285,32.114285714285714,,3.675,27.06625,804.2903225806451,5917.0,0.0,1.0,0.0,0.0,0.0,0.0,0.0,bundang_cc,0,10,1,2022,autumn,0,0.0,0.0,0.0,170661.32012448,0.0,0.0
2022-10-19,0.0,0.0,0.0,7.175,8.0,5040.0,23.333333333333332,6.12,94.79,332.58,2.41,,,-0.4605096627729946,0.8876546910216285,39.33195020746888,,3.615,27.06625,804.2903225806451,5040.0,0.0,1.0,0.0,0.0,0.0,0.0,0.0,bundang_cc,0,10,2,2022,autumn,0,0.0,0.0,0.0,82026.89887104,0.0,0.0
2022-10-20,0.0,0.0,0.0,6.89,8.0,5618.0,26.00925925925926,9.82,97.81,332.94,2.43,,,-0.4549233104911178,0.8905306179867158,40.25102880658436,,3.645000000000001,27.06625,804.2903225806451,5618.0,0.0,1.0,0.0,0.0,0.0,0.0,0.0,bundang_cc,0,10,3,2022,autumn,0,0.0,0.0,0.0,84941.17500096,0.0,0.0
2022-10-21,0.0,0.0,0.0,7.7675,8.0,6731.0,31.16203703703704,9.36,100.0,333.02,2.44,,,-0.4536794521371037,0.891164942481793,40.98360655737705,,3.66,27.06625,804.2903225806451,6731.0,0.0,1.0,0.0,0.0,0.0,0.0,0.0,bundang_cc,0,10,4,2022,autumn,0,0.0,0.0,0.0,0.0,0.0,0.0
2022-10-22,0.0,0.0,0.0,7.25,8.0,8596.0,39.7962962962963,13.39,100.0,333.27,2.48,,,-0.4497867051679306,0.8931360029996422,40.32258064516129,,3.72,27.06625,804.2903225806451,8596.0,0.0,1.0,0.0,0.0,0.0,0.0,0.0,bundang_cc,0,10,5,2022,autumn,0,0.0,0.0,0.0,0.0,0.0,0.0
2022-10-23,0.0,0.0,0.0,5.57,8.0,0.0,0.0,8.29,68.04,332.74,2.46,,,-0.4580290709046064,0.888937213871859,27.658536585365855,,3.69,27.06625,804.2903225806451,0.0,0.0,1.0,0.0,0.0,0.0,0.0,0.0,bundang_cc,0,10,6,2022,autumn,0,0.0,0.0,0.0,0.0,0.0,0.0
2022-10-24,0.0,0.0,0.0,8.6425,8.0,7433.0,34.41203703703704,5.61,65.39,332.29,2.39,,,-0.4649965689833412,0.885312482027516,27.359832635983263,,3.585,27.06625,804.2903225806451,7433.0,0.0,1.0,0.0,0.0,0.0,0.0,0.0,bundang_cc,0,10,0,2022,autumn,0,0.0,0.0,0.0,0.0,0.0,0.0
2022-10-25,0.0,0.0,0.0,8.775,8.0,8639.0,39.99537037037037,8.74,70.95,332.87,2.46,,,-0.456010959101624,0.889974159837923,28.84146341463415,,3.69,27.06625,804.2903225806451,8639.0,0.0,1.0,0.0,0.0,0.0,0.0,0.0,bundang_cc,0,10,1,2022,autumn,0,0.0,0.0,0.0,0.0,0.0,0.0
2022-10-26,0.0,0.0,0.0,8.786249999999999,8.0,7952.0,36.81481481481482,9.79,74.53,332.86,2.43,,,-0.4561662819488597,0.8898945573566306,30.670781893004115,,3.645000000000001,27.06625,804.2903225806451,7952.0,0.0,1.0,0.0,0.0,0.0,0.0,0.0,bundang_cc,0,10,2,2022,autumn,0,0.0,0.0,0.0,0.0,0.0,0.0
2022-10-27,0.0,0.0,0.0,9.09125,8.0,9254.0,42.842592592592595,9.53,100.0,333.15,2.49,,,-0.4516562969785659,0.8921920137501845,40.16064257028112,,3.735,27.06625,804.2903225806451,9254.0,0.0,1.0,0.0,0.0,0.0,0.0,0.0,bundang_cc,0,10,3,2022,autumn,0,0.0,0.0,0.0,0.0,0.0,0.0
2022-10-28,0.0,0.0,0.0,9.58,8.0,5553.0,25.708333333333332,9.74,97.21,332.97,2.46,,,-0.4544569674113091,0.8907686931921869,39.516260162601625,,3.69,27.06625,804.2903225806451,5553.0,0.0,1.0,0.0,0.0,0.0,0.0,0.0,bundang_cc,0,10,4,2022,autumn,0,0.0,0.0,0.0,0.0,0.0,0.0
2022-10-29,0.0,0.0,0.0,8.1,8.0,4662.0,21.583333333333332,10.02,97.67,333.26,2.47,,,-0.4499425799557004,0.8930574868074329,39.54251012145749,,3.705,27.06625,804.2903225806451,4662.0,0.0,1.0,0.0,0.0,0.0,0.0,0.0,bundang_cc,0,10,5,2022,autumn,0,0.0,0.0,0.0,0.0,0.0,0.0
2022-10-30,0.0,0.0,0.0,5.62125,8.0,0.0,0.0,10.65,81.99,332.94,2.43,,,-0.4549233104911178,0.8905306179867158,33.74074074074073,,3.645000000000001,27.06625,804.2903225806451,0.0,0.0,1.0,0.0,0.0,0.0,0.0,0.0,bundang_cc,0,10,6,2022,autumn,0,0.0,0.0,0.0,0.0,0.0,0.0
2022-10-31,0.0,0.0,0.0,5.70625,8.0,3243.0,15.013888888888888,10.27,100.0,333.07,2.49,,,-0.4529015913662592,0.8915605131105291,40.16064257028112,,3.735,27.06625,804.2903225806451,3243.0,0.0,1.0,0.0,0.0,0.0,0.0,0.0,bundang_cc,0,10,0,2022,autumn,0,0.0,0.0,0.0,0.0,0.0,0.0
2022-11-01,1292.2716771359999,0.0,0.0,11.4175,8.0,3598.0,16.65740740740741,7.57,90.54,332.93,2.42,,,-0.4550787304751874,0.8904512053274406,37.41322314049587,,3.63,26.83,1091.1,3598.0,0.0,1.0,0.0,0.0,0.0,0.0,0.0,bundang_cc,0,11,1,2022,autumn,0,0.0,0.0,0.0,0.0,0.0,0.0
2022-11-02,1124.4055514400002,0.0,0.0,9.04625,8.0,3227.0,14.939814814814817,6.42,72.29,332.58,2.42,,,-0.4605096627729946,0.8876546910216285,29.87190082644629,,3.63,26.83,1091.1,3227.0,0.0,1.0,0.0,0.0,0.0,0.0,0.0,bundang_cc,0,11,2,2022,autumn,0,0.0,0.0,77536.30062816,0.0,0.0,0.0
2022-11-03,1039.7064667680002,0.0,0.0,5.4475,8.0,3246.0,15.02777777777778,6.76,51.32,332.72,2.46,,,-0.4583393406180898,0.8887772774108116,20.86178861788618,,3.69,26.83,1091.1,3246.0,0.0,1.0,0.0,0.0,0.0,0.0,0.0,bundang_cc,0,11,3,2022,autumn,0,0.0,0.0,67464.33308640002,0.0,0.0,0.0
2022-11-04,1305.495123984,0.0,0.0,9.38375,8.0,4086.0,18.916666666666668,1.59,53.42,332.21,2.36,,,-0.4662322447320204,0.8846623615663444,22.635593220338983,,3.54,26.83,1091.1,4086.0,0.0,1.0,0.0,0.0,0.0,0.0,0.0,bundang_cc,0,11,4,2022,autumn,0,0.0,0.0,62382.388006080015,0.0,0.0,0.0
2022-11-05,1641.878660736,0.0,0.0,13.07375,8.0,5389.0,24.949074074074073,3.84,74.57,332.2,2.36,,,-0.4663866403398914,0.8845809752150838,31.597457627118644,,3.54,26.83,1091.1,5389.0,0.0,1.0,0.0,0.0,0.0,0.0,0.0,bundang_cc,0,11,5,2022,autumn,0,0.0,0.0,78329.70743904,0.0,0.0,0.0
2022-11-06,1450.4995350719998,0.0,0.0,10.2075,8.0,4868.0,22.537037037037035,6.44,77.49,332.15,2.41,,,-0.4671584051809562,0.8841736393202331,32.15352697095435,,3.615,26.83,1091.1,4868.0,0.0,1.0,0.0,0.0,0.0,0.0,0.0,bundang_cc,0,11,6,2022,autumn,0,0.0,0.0,98512.71964416,0.0,0.0,0.0
2022-11-07,1337.383013184,0.0,0.0,6.52625,8.0,4544.0,21.03703703703704,10.18,78.05,332.75,2.47,,,-0.4578739151169567,0.8890171414857364,31.599190283400805,,3.705,26.83,1091.1,4544.0,0.0,1.0,0.0,0.0,0.0,0.0,0.0,bundang_cc,0,11,0,2022,autumn,0,0.0,0.0,87029.97210432,0.0,0.0,0.0
2022-11-08,1122.263544528,0.0,0.0,7.31625,8.0,3367.0,15.587962962962962,7.39,99.99,332.72,2.43,,,-0.4583393406180898,0.8887772774108116,41.148148148148145,,3.645000000000001,26.83,1091.1,3367.0,0.0,1.0,0.0,0.0,0.0,0.0,0.0,bundang_cc,0,11,1,2022,autumn,0,0.0,0.0,80242.98079104,77536.30062816,0.0,0.0
2022-11-09,1139.604656976,0.0,0.0,7.57,8.0,3284.0,15.203703703703702,8.57,99.84,332.42,2.42,,,-0.4629866634945243,0.8863652460618072,41.25619834710744,,3.63,26.83,1091.1,3284.0,0.0,1.0,0.0,0.0,0.0,0.0,0.0,bundang_cc,0,11,2,2022,autumn,0,0.0,0.0,67335.81267168,67464.33308640002,0.0,0.0
2022-11-10,1111.485001392,0.0,0.0,7.94125,8.0,3192.0,14.77777777777778,9.68,96.17,332.93,2.43,,,-0.4550787304751874,0.8904512053274406,39.5761316872428,,3.645000000000001,26.83,1091.1,3192.0,0.0,1.0,0.0,0.0,0.0,0.0,0.0,bundang_cc,0,11,3,2022,autumn,0,0.0,0.0,68376.27941855999,62382.388006080015,0.0,0.0
2022-11-11,1214.272402848,0.0,0.0,8.25625,8.0,3410.0,15.787037037037038,10.32,83.98,332.84,2.46,,,-0.4564768859517423,0.8897352710732558,34.13821138211382,,3.69,26.83,1091.1,3410.0,0.0,1.0,0.0,0.0,0.0,0.0,0.0,bundang_cc,0,11,4,2022,autumn,0,0.0,0.0,66689.10008352,78329.70743904,0.0,0.0
2022-11-12,2631.367087344,0.0,0.0,9.415,8.0,8362.0,38.71296296296297,17.32,100.0,333.66,2.53,,,-0.4436969483959675,0.8961768898962448,39.52569169960475,,3.795,26.83,1091.1,8362.0,0.0,1.0,0.0,0.0,0.0,0.0,0.0,bundang_cc,0,11,5,2022,autumn,0,0.0,0.0,72856.34417088,98512.71964416,0.0,0.0
2022-11-13,1193.831712288,0.0,0.0,5.28875,8.0,4976.0,23.03703703703704,7.92,100.0,332.49,2.43,,,-0.4619034187968123,0.8869302293325088,41.15226337448559,,3.645000000000001,26.83,1091.1,4976.0,0.0,1.0,0.0,0.0,0.0,0.0,0.0,bundang_cc,0,11,6,2022,autumn,0,0.0,0.0,157882.02524064,87029.97210432,0.0,0.0
2022-11-14,2838.8427811200004,0.0,0.0,9.54875,8.0,9571.0,44.31018518518518,4.14,80.08,332.14,2.33,,,-0.4673127154765981,0.8840920913309247,34.36909871244635,,3.495,26.83,1091.1,9571.0,0.0,1.0,0.0,0.0,0.0,0.0,0.0,bundang_cc,0,11,0,2022,autumn,0,0.0,0.0,71629.90273728,80242.98079104,0.0,0.0
2022-11-15,1613.8067783039999,0.0,0.0,7.205,8.0,6093.0,28.208333333333336,5.08,99.99,332.29,2.4,,,-0.4649965689833412,0.885312482027516,41.6625,,3.5999999999999996,26.83,1091.1,6093.0,0.0,1.0,0.0,0.0,0.0,0.0,0.0,bundang_cc,0,11,1,2022,autumn,0,0.0,0.0,170330.56686720002,67335.81267168,0.0,0.0
2022-11-16,1944.254993328,0.0,0.0,7.9175,8.0,7779.0,36.01388888888889,4.91,79.63,332.78,2.4,,,-0.4574083640870937,0.8892567618315695,33.17916666666667,,3.5999999999999996,26.83,1091.1,7779.0,0.0,1.0,0.0,0.0,0.0,0.0,0.0,bundang_cc,0,11,2,2022,autumn,0,0.0,0.0,96828.40669824,68376.27941855999,0.0,0.0
2022-11-17,1737.884223504,0.0,0.0,7.984999999999999,8.0,7414.0,34.324074074074076,5.6,96.6,332.4,2.36,,,-0.4632960351198621,0.8862035792312145,40.932203389830505,,3.54,26.83,1091.1,7414.0,0.0,1.0,0.0,0.0,0.0,0.0,0.0,bundang_cc,0,11,3,2022,autumn,0,0.0,0.0,116655.29959968,66689.10008352,0.0,0.0
2022-11-18,2751.8016401279997,0.0,0.0,9.78,8.0,8885.0,41.13425925925926,6.37,81.74,332.15,2.33,,,-0.4671584051809562,0.8841736393202331,35.08154506437768,,3.495,26.83,1091.1,8885.0,0.0,1.0,0.0,0.0,0.0,0.0,0.0,bundang_cc,0,11,4,2022,autumn,0,0.0,0.0,104273.05341024,72856.34417088,0.0,0.0
2022-11-19,1257.727334688,0.0,0.0,6.1175,8.0,6062.0,28.064814814814813,8.01,77.35,332.59,2.41,,,-0.4603547307900269,0.8877350515999928,32.0954356846473,,3.615,26.83,1091.1,6062.0,0.0,1.0,0.0,0.0,0.0,0.0,0.0,bundang_cc,0,11,5,2022,autumn,0,0.0,0.0,165108.09840768,157882.02524064,0.0,0.0
2022-11-20,1067.5167158880001,0.0,0.0,4.842499999999999,8.0,4799.0,22.21759259259259,8.25,77.41,332.72,2.42,,,-0.4583393406180898,0.8887772774108116,31.987603305785125,,3.63,26.83,1091.1,4799.0,0.0,1.0,0.0,0.0,0.0,0.0,0.0,bundang_cc,0,11,6,2022,autumn,0,0.0,0.0,75463.64008128,71629.90273728,0.0,0.0
2022-11-21,1909.529000496,0.0,0.0,7.30875,8.0,7017.0,32.48611111111111,7.59,100.0,332.18,2.38,,,-0.4666953889300822,0.8844181216774107,42.01680672268907,,3.57,26.83,1091.1,7017.0,0.0,1.0,0.0,0.0,0.0,0.0,0.0,bundang_cc,0,11,0,2022,autumn,0,0.0,0.0,64051.00295328,170330.56686720002,0.0,0.0
2022-11-22,2015.781553728,0.0,0.0,6.56125,8.0,8873.0,41.07870370370371,9.23,77.89,332.84,2.43,,,-0.4564768859517423,0.8897352710732558,32.05349794238683,,3.645000000000001,26.83,1091.1,8873.0,0.0,1.0,0.0,0.0,0.0,0.0,0.0,bundang_cc,0,11,1,2022,autumn,0,0.0,0.0,114571.74002976,96828.40669824,0.0,0.0
2022-11-23,1929.69918072,0.0,0.0,6.7787500000000005,8.0,7433.0,34.41203703703704,4.85,61.78,332.24,2.35,,,-0.4657689727137445,0.8849063589200742,26.28936170212766,,3.5250000000000004,26.83,1091.1,7433.0,0.0,1.0,0.0,0.0,0.0,0.0,0.0,bundang_cc,0,11,2,2022,autumn,0,0.0,0.0,120946.89322368,116655.29959968,0.0,0.0
2022-11-24,1315.9811211840001,0.0,0.0,3.69875,8.0,5279.0,24.439814814814813,5.69,95.81,332.29,2.37,,,-0.4649965689833412,0.885312482027516,40.426160337552744,,3.555,26.83,1091.1,5279.0,0.0,1.0,0.0,0.0,0.0,0.0,0.0,bundang_cc,0,11,3,2022,autumn,0,0.0,0.0,115781.9508432,104273.05341024,0.0,0.0
2022-11-25,2132.052048432,0.0,0.0,6.9037500000000005,8.0,7458.0,34.52777777777778,11.8,87.37,332.42,2.4,,,-0.4629866634945243,0.8863652460618072,36.40416666666667,,3.5999999999999996,26.83,1091.1,7458.0,0.0,1.0,0.0,0.0,0.0,0.0,0.0,bundang_cc,0,11,4,2022,autumn,0,0.0,0.0,78958.86727104001,165108.09840768,0.0,0.0
2022-11-26,1654.2449362080001,0.0,0.0,3.52,8.0,6156.0,28.499999999999996,0.15,53.81,331.56,2.3,,,-0.4762382036679395,0.879316310190556,23.39565217391305,,3.4499999999999997,26.83,1091.1,6156.0,0.0,1.0,0.0,0.0,0.0,0.0,0.0,bundang_cc,0,11,5,2022,autumn,0,0.0,0.0,127923.12290592,75463.64008128,0.0,0.0
2022-11-27,1173.963305664,0.0,0.0,3.63125,8.0,4800.0,22.22222222222222,4.99,46.93,332.08,2.32,,,-0.4682382781476146,0.8836022379313879,20.22844827586207,,3.4799999999999995,26.83,1091.1,4800.0,0.0,1.0,0.0,0.0,0.0,0.0,0.0,bundang_cc,0,11,6,2022,autumn,0,0.0,0.0,99254.69617248,64051.00295328,0.0,0.0
2022-11-28,1863.774916848,0.0,0.0,5.733750000000001,8.0,7286.0,33.73148148148148,13.98,100.0,333.0,2.45,,,-0.4539904997395469,0.8910065241883678,40.81632653061224,,3.675,26.83,1091.1,7286.0,0.0,1.0,0.0,0.0,0.0,0.0,0.0,bundang_cc,0,11,0,2022,autumn,0,0.0,0.0,70437.79833984,114571.74002976,0.0,0.0
2022-11-29,2321.9362998720003,0.0,0.0,6.4750000000000005,8.0,10750.0,49.76851851851852,-0.16,35.56,332.13,2.34,,,-0.4674670115370807,0.8840105164106312,15.196581196581198,,3.51,26.83,1091.1,10750.0,0.0,1.0,0.0,0.0,0.0,0.0,0.0,bundang_cc,0,11,1,2022,autumn,0,0.0,0.0,111826.49501088,120946.89322368,0.0,0.0
2022-11-30,3776.274817776,0.0,0.0,8.22875,8.0,14131.0,65.42129629629629,-6.8,44.93,333.0,2.43,,,-0.4539904997395469,0.8910065241883678,18.48971193415638,,3.645000000000001,26.83,1091.1,14131.0,0.0,1.0,0.0,0.0,0.0,0.0,0.0,bundang_cc,0,11,2,2022,autumn,0,0.0,0.0,139316.17799232,115781.9508432,0.0,0.0
2022-12-01,4589.064149472,0.0,0.0,9.3175,8.0,15918.0,73.69444444444444,-6.21,61.97,332.0,2.34,,,-0.4694715627858908,0.882947592858927,26.482905982905983,,3.51,29.235,2919.4193548387098,15918.0,0.0,1.0,0.0,0.0,0.0,0.0,0.0,bundang_cc,0,12,3,2022,winter,1,0.0,0.0,226576.48906656,78958.86727104001,0.0,0.0
2022-12-02,3927.304988928,0.0,0.0,7.09375,8.0,13066.0,60.49074074074075,-1.45,47.09,331.22,2.24,,,-0.4814477560213348,0.8764747904087267,21.022321428571427,,3.3600000000000003,29.235,2919.4193548387098,13066.0,0.0,1.0,0.0,0.0,0.0,0.0,0.0,bundang_cc,0,12,4,2022,winter,1,0.0,0.0,275343.84896832,127923.12290592,0.0,0.0
2022-12-03,3700.783266624,0.0,0.0,7.46875,8.0,13064.0,60.48148148148148,0.46,65.13,332.8,2.41,,,-0.4570979270586942,0.8894163732912975,27.02489626556016,,3.615,29.235,2919.4193548387098,13064.0,0.0,1.0,0.0,0.0,0.0,0.0,0.0,bundang_cc,0,12,5,2022,winter,1,0.0,0.0,235638.29933568,99254.69617248,0.0,0.0
2022-12-04,3910.75981704,0.0,0.0,6.0425,8.0,13066.0,60.49074074074075,-4.94,44.73,332.14,2.36,,,-0.4673127154765981,0.8840920913309247,18.95338983050847,,3.54,29.235,2919.4193548387098,13066.0,0.0,1.0,0.0,0.0,0.0,0.0,0.0,bundang_cc,0,12,6,2022,winter,1,0.0,0.0,222046.99599744,70437.79833984,0.0,0.0
2022-12-05,4971.5093363040005,0.0,0.0,10.61,8.0,15207.0,70.40277777777779,-5.19,59.83,332.26,2.37,,,-0.4654600537530494,0.8850688890477443,25.24472573839662,,3.555,29.235,2919.4193548387098,15207.0,0.0,1.0,0.0,0.0,0.0,0.0,0.0,bundang_cc,0,12,0,2022,winter,1,0.0,0.0,234645.5890224,111826.49501088,0.0,0.0
2022-12-06,4527.577538784,0.0,0.0,8.93625,8.0,13820.0,63.98148148148148,0.06,82.03,332.07,2.32,,,-0.4683924886984538,0.8835205014773957,35.35775862068966,,3.4799999999999995,29.235,2919.4193548387098,13820.0,0.0,1.0,0.0,0.0,0.0,0.0,0.0,bundang_cc,0,12,1,2022,winter,1,0.0,0.0,298290.56017824,139316.17799232,0.0,0.0
2022-12-07,4107.724224768,0.0,0.0,6.995,8.0,13886.0,64.28703703703704,-0.16,80.22,331.94,2.31,,,-0.4703959257574087,0.8824554793477292,34.72727272727273,,3.465,29.235,2919.4193548387098,13886.0,0.0,1.0,0.0,0.0,0.0,0.0,0.0,bundang_cc,0,12,2,2022,winter,1,0.0,0.0,271654.65232704004,226576.48906656,0.0,0.0
2022-12-08,4527.656899487999,0.0,0.0,8.01375,8.0,15033.0,69.59722222222223,-0.81,77.33,332.07,2.34,,,-0.4683924886984538,0.8835205014773957,33.047008547008545,,3.51,29.235,2919.4193548387098,15033.0,0.0,1.0,0.0,0.0,0.0,0.0,0.0,bundang_cc,0,12,3,2022,winter,1,0.0,0.0,246463.45348608,275343.84896832,0.0,0.0
2022-12-09,4514.821540848,0.0,0.0,8.0575,8.0,15073.0,69.7824074074074,-0.58,76.46,331.55,2.28,,,-0.4763916660614301,0.8792331775514474,33.53508771929825,,3.42,29.235,2919.4193548387098,15073.0,0.0,1.0,0.0,0.0,0.0,0.0,0.0,bundang_cc,0,12,4,2022,winter,1,0.0,0.0,271659.41396927997,235638.29933568,0.0,0.0
2022-12-10,4350.009396528,0.0,0.0,8.2375,8.0,13547.0,62.717592592592595,-1.4,55.65,331.45,2.25,,,-0.4779254910806337,0.8784003785150226,24.733333333333334,,3.375,29.235,2919.4193548387098,13547.0,0.0,1.0,0.0,0.0,0.0,0.0,0.0,bundang_cc,0,12,5,2022,winter,1,0.0,0.0,270889.29245088,222046.99599744,0.0,0.0
2022-12-11,4223.43314136,0.0,0.0,7.8625,8.0,12527.0,57.99537037037037,-2.62,66.29,331.76,2.29,,,-0.4731659155392337,0.8809733346543008,28.94759825327511,,3.435,29.235,2919.4193548387098,12527.0,0.0,1.0,0.0,0.0,0.0,0.0,0.0,bundang_cc,0,12,6,2022,winter,1,0.0,0.0,261000.56379168,234645.5890224,0.0,0.0
2022-12-12,4656.33202824,0.0,0.0,8.07875,8.0,14092.0,65.24074074074075,1.62,99.96,332.06,2.33,,,-0.4685466849812418,0.8834387381098301,42.90128755364807,,3.495,29.235,2919.4193548387098,14092.0,0.0,1.0,0.0,0.0,0.0,0.0,0.0,bundang_cc,0,12,0,2022,winter,1,0.0,0.0,253405.9884816,298290.56017824,0.0,0.0
2022-12-13,5259.000265776001,0.0,0.0,8.50125,8.0,16857.0,78.04166666666667,-5.91,50.87,332.0,2.35,,,-0.4694715627858908,0.882947592858927,21.646808510638294,,3.5250000000000004,29.235,2919.4193548387098,16857.0,0.0,1.0,0.0,0.0,0.0,0.0,0.0,bundang_cc,0,12,1,2022,winter,1,0.0,0.0,279379.9216944,271654.65232704004,0.0,0.0
2022-12-14,6070.238277263999,0.0,0.0,9.22,8.0,20187.0,93.45833333333331,-9.33,68.56,335.0,2.63,,,-0.4226182617406992,0.90630778703665,26.068441064638787,,3.945,29.235,2919.4193548387098,20187.0,0.0,1.0,0.0,0.0,0.0,0.0,0.0,bundang_cc,0,12,2,2022,winter,1,0.0,0.0,315540.01594656,246463.45348608,0.0,0.0
2022-12-15,5636.822871744001,0.0,0.0,8.846250000000001,8.0,19246.0,89.10185185185185,-5.17,66.56,324.07,1.4,,,-0.5867964131488771,0.809734505573038,47.542857142857144,,2.0999999999999996,29.235,2919.4193548387098,19246.0,0.0,1.0,0.0,0.0,0.0,0.0,0.0,bundang_cc,0,12,3,2022,winter,1,0.0,0.0,364214.29663584,271659.41396927997,0.0,0.0
2022-12-16,4945.7167801919995,0.0,0.0,8.5175,8.0,17321.0,80.18981481481482,-6.15,49.24,325.01,1.48,,,-0.5734334586132308,0.8192521397853461,33.270270270270274,,2.22,29.235,2919.4193548387098,17321.0,0.0,1.0,0.0,0.0,0.0,0.0,0.0,bundang_cc,0,12,4,2022,winter,1,0.0,0.0,338209.37230464,270889.29245088,0.0,0.0
2022-12-17,5541.485425344,0.0,0.0,8.38875,8.0,18097.0,83.7824074074074,-9.64,57.04,324.28,1.44,,,-0.5838246464259074,0.8118797831118004,39.611111111111114,,2.16,29.235,2919.4193548387098,18097.0,0.0,1.0,0.0,0.0,0.0,0.0,0.0,bundang_cc,0,12,5,2022,winter,1,0.0,0.0,296743.00681151997,261000.56379168,0.0,0.0
2022-12-18,5575.4559324,0.0,0.0,8.44625,8.0,18098.0,83.78703703703704,-10.94,61.74,324.38,1.41,,,-0.5824067603951811,0.812897512264609,43.787234042553195,,2.115,29.235,2919.4193548387098,18098.0,0.0,1.0,0.0,0.0,0.0,0.0,0.0,bundang_cc,0,12,6,2022,winter,1,0.0,0.0,332489.12552064,253405.9884816,0.0,0.0
2022-12-19,5829.518137392,0.0,0.0,9.19625,8.0,19718.0,91.28703703703704,-8.26,68.08,324.21,1.41,,,-0.584816108737668,0.8111659010097331,48.283687943262414,,2.115,29.235,2919.4193548387098,19718.0,0.0,1.0,0.0,0.0,0.0,0.0,0.0,bundang_cc,0,12,0,2022,winter,1,0.0,0.0,334527.355944,279379.9216944,0.0,0.0
2022-12-20,5859.4986555840005,0.0,0.0,9.95125,8.0,17106.0,79.19444444444444,-1.78,59.79,325.24,1.52,,,-0.5701401583575879,0.8215474422259402,39.33552631578947,,2.28,29.235,2919.4193548387098,17106.0,0.0,1.0,0.0,0.0,0.0,0.0,0.0,bundang_cc,0,12,1,2022,winter,1,0.0,0.0,349771.08824352,315540.01594656,0.0,0.0
2022-12-21,,,,,,17228.0,79.75925925925927,,,,,,,,,,,,29.235,2919.4193548387098,17228.0,0.0,1.0,0.0,0.0,0.0,0.0,0.0,bundang_cc,0,12,2,2022,winter,1,0.0,0.0,351569.91933504003,364214.29663584,0.0,0.0
2022-12-22,,,,,,19257.0,89.15277777777779,,,,,,,,,,,,29.235,2919.4193548387098,19257.0,0.0,1.0,0.0,0.0,0.0,0.0,0.0,bundang_cc,0,12,3,2022,winter,1,,0.0,,338209.37230464,,0.0
2022-12-23,,,,,,20410.0,94.49074074074076,,,,,,,,,,,,29.235,2919.4193548387098,20410.0,0.0,1.0,0.0,0.0,0.0,0.0,0.0,bundang_cc,0,12,4,2022,winter,1,,0.0,,296743.00681151997,,0.0
2022-12-24,,,,,,18083.0,83.7175925925926,,,,,,,,,,,,29.235,2919.4193548387098,18083.0,0.0,1.0,0.0,0.0,0.0,0.0,0.0,bundang_cc,0,12,5,2022,winter,1,,0.0,,332489.12552064,,0.0
2022-12-25,,,,,,18045.0,83.54166666666667,,,,,,,,,,,,29.235,2919.4193548387098,18045.0,0.0,1.0,0.0,0.0,0.0,0.0,0.0,bundang_cc,0,12,6,2022,winter,1,,0.0,,334527.355944,,0.0
2022-12-26,,,,,,18218.0,84.3425925925926,,,,,,,,,,,,29.235,2919.4193548387098,18218.0,0.0,1.0,0.0,0.0,0.0,0.0,0.0,bundang_cc,0,12,0,2022,winter,1,,0.0,,349771.08824352,,0.0
2022-12-27,,,,,,18943.0,87.69907407407408,,,,,,,,,,,,29.235,2919.4193548387098,18943.0,0.0,1.0,0.0,0.0,0.0,0.0,0.0,bundang_cc,0,12,1,2022,winter,1,,0.0,,351569.91933504003,,0.0
2022-12-28,4806.891307872001,0.0,0.0,7.91875,8.0,17379.0,80.45833333333333,-6.58,62.42,324.6,1.44,,,-0.5792811723426788,0.8151277957285542,43.34722222222223,,2.16,29.235,2919.4193548387098,17379.0,0.0,1.0,0.0,0.0,0.0,0.0,0.0,bundang_cc,0,12,2,2022,winter,1,,,,,,
2022-12-29,4940.363513664,0.0,0.0,8.72875,8.0,17645.0,81.68981481481481,-2.63,73.92,325.94,1.67,,,-0.5600607628161108,0.8284515326522343,44.26347305389222,,2.505,29.235,2919.4193548387098,17645.0,0.0,1.0,0.0,0.0,0.0,0.0,0.0,bundang_cc,0,12,3,2022,winter,1,0.0,,288413.47847232,,0.0,
2022-12-30,4934.955728592,0.0,0.0,8.76625,8.0,18112.0,83.85185185185186,-6.21,73.8,324.59,1.44,,,-0.5794234301576003,0.8150266796764388,51.25,,2.16,29.235,2919.4193548387098,18112.0,0.0,1.0,0.0,0.0,0.0,0.0,0.0,bundang_cc,0,12,4,2022,winter,1,0.0,,296421.81081984,,0.0,
2022-12-31,5144.789675952,0.0,0.0,8.08,8.0,17925.0,82.98611111111111,-2.03,80.13,325.44,1.54,,,-0.5672689491267565,0.8235325976284275,52.03246753246753,,2.31,29.235,2919.4193548387098,17925.0,0.0,1.0,0.0,0.0,0.0,0.0,0.0,bundang_cc,0,12,5,2022,winter,1,0.0,,296097.34371552,,0.0,
2023-01-01,4530.4327218240005,0.0,0.0,7.50875,8.0,15428.0,71.42592592592592,-3.96,46.07,325.03,1.51,,,-0.5731474507386093,0.819452255907465,30.509933774834437,,2.265,29.015,2802.9032258064517,15428.0,0.0,1.0,0.0,0.0,0.0,0.0,0.0,bundang_cc,0,1,6,2023,winter,1,0.0,,308687.38055712,,0.0,
2023-01-02,4771.970224560001,0.0,0.0,8.0875,8.0,16824.0,77.88888888888889,-7.45,63.39,324.52,1.44,,,-0.5804187404125267,0.8143181723245134,44.020833333333336,,2.16,29.015,2802.9032258064517,16824.0,0.0,1.0,0.0,0.0,0.0,0.0,0.0,bundang_cc,0,1,0,2023,winter,1,0.0,,271825.96330944,,0.0,
2023-01-03,4958.214419088001,0.0,0.0,8.39875,8.0,16944.0,78.44444444444446,-7.28,56.97,325.07,1.49,,,-0.5725752255153889,0.8198521885840164,38.23489932885906,,2.235,29.015,2802.9032258064517,16944.0,0.0,1.0,0.0,0.0,0.0,0.0,0.0,bundang_cc,0,1,1,2023,winter,1,0.0,,286318.21347360004,,0.0,
2023-01-04,5396.388159312,0.0,0.0,8.9475,8.0,18354.0,84.97222222222223,-5.12,68.63,324.83,1.5,,,-0.5760043811049943,0.8174466055638451,45.75333333333333,,2.25,29.015,2802.9032258064517,18354.0,0.0,1.0,0.0,0.0,0.0,0.0,0.0,bundang_cc,0,1,2,2023,winter,1,0.0,0.0,297492.86514528,288413.47847232,0.0,0.0
2023-01-05,5637.07283616,0.0,0.0,9.3125,8.0,18327.0,84.84722222222221,-4.2,72.47,324.25,1.42,,,-0.5842496656374349,0.811573981965012,51.03521126760563,,2.13,29.015,2802.9032258064517,18327.0,0.0,1.0,0.0,0.0,0.0,0.0,0.0,bundang_cc,0,1,3,2023,winter,1,0.0,0.0,323783.28955872,296421.81081984,0.0,0.0
2023-01-06,4833.613377072,0.0,0.0,8.09125,8.0,17160.0,79.44444444444444,0.38,99.96,326.0,1.59,,,-0.5591929034707466,0.8290375725550418,62.86792452830188,,2.385,29.015,2802.9032258064517,17160.0,0.0,1.0,0.0,0.0,0.0,0.0,0.0,bundang_cc,0,1,4,2023,winter,1,0.0,0.0,338224.3701696,296097.34371552,0.0,0.0
2023-01-07,4259.175193152,0.0,0.0,6.57625,8.0,15063.0,69.73611111111111,-2.72,94.2,325.73,1.57,,,-0.563093427654882,0.8263932427917572,60.0,,2.355,29.015,2802.9032258064517,15063.0,0.0,1.0,0.0,0.0,0.0,0.0,0.0,bundang_cc,0,1,5,2023,winter,1,0.0,0.0,290016.80262432,308687.38055712,0.0,0.0
2023-01-08,4361.643976032,0.0,0.0,6.905,8.0,15108.0,69.94444444444444,1.86,68.79,324.0,1.36,,,-0.5877852522924734,0.8090169943749473,50.580882352941174,,2.04,29.015,2802.9032258064517,15108.0,0.0,1.0,0.0,0.0,0.0,0.0,0.0,bundang_cc,0,1,6,2023,winter,1,0.0,0.0,255550.51158912,271825.96330944,0.0,0.0
2023-01-09,4762.476883728,0.0,0.0,7.409999999999999,8.0,15082.0,69.82407407407408,-1.76,63.46,324.9,1.45,,,-0.5750052520432788,0.8181497174250233,43.765517241379314,,2.175,29.015,2802.9032258064517,15082.0,0.0,1.0,0.0,0.0,0.0,0.0,0.0,bundang_cc,0,1,0,2023,winter,1,0.0,0.0,261698.63856192,286318.21347360004,0.0,0.0
2023-01-10,4477.015438128001,0.0,0.0,7.34375,8.0,14958.0,69.25,-1.66,81.52,339.86,3.25,,,-0.3443152222520036,0.9388541035355564,25.083076923076923,,4.875,29.015,2802.9032258064517,14958.0,0.0,1.0,0.0,0.0,0.0,0.0,0.0,bundang_cc,0,1,1,2023,winter,1,0.0,0.0,285748.61302368,297492.86514528,0.0,0.0
2023-01-11,4160.982445344,0.0,0.0,7.485,8.0,13818.0,63.97222222222222,-1.25,74.54,339.43,3.21,,,-0.351351480570605,0.9362436312738496,23.221183800623056,,4.8149999999999995,29.015,2802.9032258064517,13818.0,0.0,1.0,0.0,0.0,0.0,0.0,0.0,bundang_cc,0,1,2,2023,winter,1,0.0,0.0,268620.92628768005,323783.28955872,0.0,0.0
2023-01-12,3633.251289984,0.0,0.0,6.365,8.0,12403.0,57.4212962962963,4.74,68.4,323.0,1.26,,,-0.6018150231520483,0.7986355100472928,54.28571428571429,,1.89,29.015,2802.9032258064517,12403.0,0.0,1.0,0.0,0.0,0.0,0.0,0.0,bundang_cc,0,1,3,2023,winter,1,0.0,0.0,249658.94672064,338224.3701696,0.0,0.0
2023-01-13,3472.12843848,0.0,0.0,5.9399999999999995,8.0,12245.0,56.68981481481481,7.34,100.0,318.01,0.66,,,-0.6690008929278374,0.7432615994801267,151.5151515151515,,0.99,29.015,2802.9032258064517,12245.0,0.0,1.0,0.0,0.0,0.0,0.0,0.0,bundang_cc,0,1,4,2023,winter,1,0.0,0.0,217995.07739904,290016.80262432,0.0,0.0
2023-01-14,3873.555840816,0.0,0.0,6.83125,8.0,13858.0,64.1574074074074,3.3,98.81,321.0,1.04,,,-0.6293203910498378,0.7771459614569706,95.0096153846154,,1.56,29.015,2802.9032258064517,13858.0,0.0,1.0,0.0,0.0,0.0,0.0,0.0,bundang_cc,0,1,5,2023,winter,1,0.0,0.0,208327.7063088,255550.51158912,0.0,0.0
2023-01-15,4171.156130304,0.0,0.0,7.32625,8.0,16167.0,74.84722222222221,-2.45,85.18,328.0,1.86,,,-0.529919264233205,0.8480480961564258,45.795698924731184,,2.79,29.015,2802.9032258064517,16167.0,0.0,1.0,0.0,0.0,0.0,0.0,0.0,bundang_cc,0,1,6,2023,winter,1,0.0,0.0,232413.35044896,261698.63856192,0.0,0.0
2023-01-16,4055.0253073920003,0.0,0.0,6.68875,8.0,16270.0,75.32407407407408,-7.31,70.01,326.46,1.68,,,-0.5525190128883086,0.8335002941792696,41.67261904761905,,2.52,29.015,2802.9032258064517,16270.0,0.0,1.0,0.0,0.0,0.0,0.0,0.0,bundang_cc,0,1,0,2023,winter,1,0.0,0.0,250269.36781824,285748.61302368,0.0,0.0
2023-01-17,4382.262005184,0.0,0.0,7.09875,8.0,17872.0,82.74074074074073,-2.16,86.15,327.88,1.81,,,-0.5316942484713041,0.8469363766792256,47.59668508287293,,2.715,29.015,2802.9032258064517,17872.0,0.0,1.0,0.0,0.0,0.0,0.0,0.0,bundang_cc,0,1,1,2023,winter,1,0.0,0.0,243301.51844352,268620.92628768005,0.0,0.0
2023-01-18,4619.3930629920005,0.0,0.0,7.6425,8.0,16586.0,76.78703703703704,-5.54,63.14,326.63,1.7,,,-0.5500435393272453,0.8351359798525969,37.141176470588235,,2.55,29.015,2802.9032258064517,16586.0,0.0,1.0,0.0,0.0,0.0,0.0,0.0,bundang_cc,0,1,2,2023,winter,1,0.0,0.0,262935.72031104,249658.94672064,0.0,0.0
2023-01-19,5101.256196863999,0.0,0.0,8.44875,8.0,16888.0,78.18518518518518,0.9,96.35,324.01,1.37,,,-0.5876440432381446,0.8091195699318647,70.32846715328466,,2.055,29.015,2802.9032258064517,16888.0,0.0,1.0,0.0,0.0,0.0,0.0,0.0,bundang_cc,0,1,3,2023,winter,1,0.0,0.0,277163.58377952,217995.07739904,0.0,0.0
2023-01-20,5214.37216248,0.0,0.0,8.213750000000001,8.0,17766.0,82.25,-7.69,60.48,326.49,1.68,,,-0.5520825174366462,0.8337894781902775,36.0,,2.52,29.015,2802.9032258064517,17766.0,0.0,1.0,0.0,0.0,0.0,0.0,0.0,bundang_cc,0,1,4,2023,winter,1,0.0,0.0,306075.37181184,208327.7063088,0.0,0.0
2023-01-21,4187.986221024,0.0,0.0,6.9025,8.0,13954.0,64.60185185185185,-3.65,57.99,326.69,1.73,,,-0.5491686855389787,0.835711526080256,33.52023121387283,,2.595,29.015,2802.9032258064517,13954.0,0.0,1.0,0.0,0.0,0.0,0.0,0.0,bundang_cc,0,1,5,2023,winter,1,0.0,0.0,312862.3297488,232413.35044896,0.0,0.0
2023-01-22,4162.067309088,0.0,0.0,6.635,8.0,12915.0,59.791666666666664,-2.5,72.45,327.01,1.77,,,-0.5444926510929411,0.8387656126152172,40.93220338983051,,2.655,29.015,2802.9032258064517,12915.0,0.0,1.0,0.0,0.0,0.0,0.0,0.0,bundang_cc,0,1,6,2023,winter,1,0.0,0.0,251279.17326144,250269.36781824,0.0,0.0
2023-01-23,4233.536891568,0.0,0.0,6.69125,8.0,12945.0,59.93055555555556,-5.13,47.38,327.25,1.77,,,-0.540974471367994,0.8410390129643923,26.768361581920907,,2.655,29.015,2802.9032258064517,12945.0,0.0,1.0,0.0,0.0,0.0,0.0,0.0,bundang_cc,0,1,0,2023,winter,1,0.0,0.0,249724.03854528,243301.51844352,0.0,0.0
2023-01-24,4353.499288512,0.0,0.0,6.57625,8.0,13152.0,60.88888888888889,-16.22,52.44,325.0,1.56,,,-0.5735764363510465,0.8191520442889916,33.61538461538461,,2.34,29.015,2802.9032258064517,13152.0,0.0,1.0,0.0,0.0,0.0,0.0,0.0,bundang_cc,0,1,1,2023,winter,1,0.0,0.0,254012.21349408,262935.72031104,0.0,0.0
2023-01-25,5217.31184832,0.0,0.0,9.34625,8.0,16959.0,78.5138888888889,-9.7,45.92,325.51,1.57,,,-0.5662623911442692,0.8242250326067357,29.248407643312103,,2.355,29.015,2802.9032258064517,16959.0,0.0,1.0,0.0,0.0,0.0,0.0,0.0,bundang_cc,0,1,2,2023,winter,1,0.0,0.0,261209.95731072,277163.58377952,0.0,0.0
2023-01-26,5525.302430304,0.0,0.0,8.675,8.0,19889.0,92.0787037037037,-6.68,83.84,326.9,1.75,,,-0.5461019610144296,0.8377187166204384,47.90857142857143,,2.625,29.015,2802.9032258064517,19889.0,0.0,1.0,0.0,0.0,0.0,0.0,0.0,bundang_cc,0,1,3,2023,winter,1,0.0,0.0,313038.7108992,306075.37181184,0.0,0.0
2023-01-27,5474.485399104,0.0,0.0,8.68125,8.0,18991.0,87.92129629629629,-8.7,47.93,326.87,1.73,,,-0.5465405146302301,0.8374326634826965,27.705202312138727,,2.595,29.015,2802.9032258064517,18991.0,0.0,1.0,0.0,0.0,0.0,0.0,0.0,bundang_cc,0,1,4,2023,winter,1,0.0,0.0,331518.14581824,312862.3297488,0.0,0.0
2023-01-28,5449.568395248,0.0,0.0,8.255,8.0,17997.0,83.31944444444444,-5.3,44.37,326.88,1.72,,,-0.5463943467342689,0.8375280400421419,25.796511627906977,,2.58,29.015,2802.9032258064517,17997.0,0.0,1.0,0.0,0.0,0.0,0.0,0.0,bundang_cc,0,1,5,2023,winter,1,0.0,0.0,328469.12394624,251279.17326144,0.0,0.0
2023-01-29,5390.621480736,0.0,0.0,8.3425,8.0,17795.0,82.38425925925927,-1.22,51.19,327.88,1.83,,,-0.5316942484713041,0.8469363766792256,27.97267759562841,,2.745,29.015,2802.9032258064517,17795.0,0.0,1.0,0.0,0.0,0.0,0.0,0.0,bundang_cc,0,1,6,2023,winter,1,0.0,0.0,326974.10371488,249724.03854528,0.0,0.0
2023-01-30,5012.904578976,0.0,0.0,8.19125,8.0,17018.0,78.78703703703704,-4.14,73.8,326.98,1.76,,,-0.5449317530827791,0.8384804019666346,41.93181818181818,,2.64,29.015,2802.9032258064517,17018.0,0.0,1.0,0.0,0.0,0.0,0.0,0.0,bundang_cc,0,1,0,2023,winter,1,0.0,0.0,323437.28884416004,254012.21349408,0.0,0.0
2023-01-31,5004.218625696,0.0,0.0,8.23125,8.0,17138.0,79.3425925925926,5.28,85.13,324.0,1.36,,,-0.5877852522924734,0.8090169943749473,62.59558823529411,,2.04,29.015,2802.9032258064517,17138.0,0.0,1.0,0.0,0.0,0.0,0.0,0.0,bundang_cc,0,1,1,2023,winter,1,0.0,0.0,300774.27473856,261209.95731072,0.0,0.0
2023-02-01,4652.51741856,0.0,0.0,7.72625,8.0,14596.0,67.57407407407408,-2.45,52.95,327.78,1.84,,,-0.5331716207371893,0.8460071056678418,28.77717391304348,,2.76,28.885,2355.6071428571427,14596.0,0.0,1.0,0.0,0.0,0.0,0.0,0.0,bundang_cc,0,2,2,2023,winter,1,0.0,0.0,300253.11754176003,313038.7108992,0.0,0.0
2023-02-02,4778.6947058880005,0.0,0.0,7.625,8.0,16916.0,78.31481481481481,-4.28,50.49,327.07,1.72,,,-0.5436139994064433,0.8393353439772041,29.3546511627907,,2.58,28.885,2355.6071428571427,16916.0,0.0,1.0,0.0,0.0,0.0,0.0,0.0,bundang_cc,0,2,3,2023,winter,1,0.0,0.0,279151.0451136,331518.14581824,0.0,0.0
2023-02-03,5330.923741296,0.0,0.0,8.69125,8.0,18064.0,83.62962962962963,-2.75,40.7,327.1,1.73,,,-0.5431744499506707,0.8396198645344132,23.526011560693643,,2.595,28.885,2355.6071428571427,18064.0,0.0,1.0,0.0,0.0,0.0,0.0,0.0,bundang_cc,0,2,4,2023,winter,1,0.0,0.0,286721.68235328,328469.12394624,0.0,0.0
2023-02-04,4489.678478016,0.0,0.0,6.96125,8.0,15178.0,70.26851851851852,-3.31,74.43,327.56,1.77,,,-0.5364161164440409,0.8439536421031034,42.05084745762712,,2.655,28.885,2355.6071428571427,15178.0,0.0,1.0,0.0,0.0,0.0,0.0,0.0,bundang_cc,0,2,5,2023,winter,1,0.0,0.0,319855.42447776,326974.10371488,0.0,0.0
2023-02-05,4562.93069352,0.0,0.0,7.175,8.0,15150.0,70.13888888888889,-1.99,89.08,327.13,1.75,,,-0.542734751580542,0.8399041549050745,50.902857142857144,,2.625,28.885,2355.6071428571427,15150.0,0.0,1.0,0.0,0.0,0.0,0.0,0.0,bundang_cc,0,2,6,2023,winter,1,0.0,0.0,269380.70868096,323437.28884416004,0.0,0.0
2023-02-06,4471.944613776,0.0,0.0,7.82125,8.0,14599.0,67.58796296296296,-0.49,78.77,326.75,1.7,,,-0.5482932295199135,0.8362861558477597,46.33529411764706,,2.55,28.885,2355.6071428571427,14599.0,0.0,1.0,0.0,0.0,0.0,0.0,0.0,bundang_cc,0,2,0,2023,winter,1,0.0,0.0,273775.8416112,300774.27473856,0.0,0.0
2023-02-07,4344.635101824,0.0,0.0,8.20125,8.0,12927.0,59.84722222222222,-1.11,90.37,327.5,1.8,,,-0.5372996083468242,0.8433914458128855,50.20555555555555,,2.7,28.885,2355.6071428571427,12927.0,0.0,1.0,0.0,0.0,0.0,0.0,0.0,bundang_cc,0,2,1,2023,winter,1,0.0,0.0,268316.67682656,300253.11754176003,0.0,0.0
2023-02-08,4046.18188176,0.0,0.0,7.87125,8.0,13263.0,61.40277777777777,-2.49,66.37,327.0,1.77,,,-0.544639035015027,0.838670567945424,37.49717514124294,,2.655,28.885,2355.6071428571427,13263.0,0.0,1.0,0.0,0.0,0.0,0.0,0.0,bundang_cc,0,2,2,2023,winter,1,0.0,0.0,260678.10610944,279151.0451136,0.0,0.0
2023-02-09,3702.880783584,0.0,0.0,6.630000000000001,8.0,12666.0,58.638888888888886,4.93,69.34,321.0,1.06,,,-0.6293203910498378,0.7771459614569706,65.41509433962264,,1.59,28.885,2355.6071428571427,12666.0,0.0,1.0,0.0,0.0,0.0,0.0,0.0,bundang_cc,0,2,3,2023,winter,1,0.0,0.0,242770.9129056,286721.68235328,0.0,0.0
2023-02-10,3707.0641402560004,0.0,0.0,5.95875,8.0,12507.0,57.90277777777778,-0.98,93.73,325.0,1.47,,,-0.5735764363510465,0.8191520442889916,63.761904761904766,,2.205,28.885,2355.6071428571427,12507.0,0.0,1.0,0.0,0.0,0.0,0.0,0.0,bundang_cc,0,2,4,2023,winter,1,0.0,0.0,222172.84701504,319855.42447776,0.0,0.0
2023-02-11,3810.969703008,0.0,0.0,6.38375,8.0,12517.0,57.94907407407407,-0.75,94.13,325.0,1.47,,,-0.5735764363510465,0.8191520442889916,64.03401360544217,,2.205,28.885,2355.6071428571427,12517.0,0.0,1.0,0.0,0.0,0.0,0.0,0.0,bundang_cc,0,2,5,2023,winter,1,0.0,0.0,222423.84841536003,269380.70868096,0.0,0.0
2023-02-12,4085.379408672,0.0,0.0,6.8149999999999995,8.0,12503.0,57.88425925925927,5.45,56.41,322.0,1.11,,,-0.6156614753256582,0.7880107536067221,50.81981981981981,,1.665,28.885,2355.6071428571427,12503.0,0.0,1.0,0.0,0.0,0.0,0.0,0.0,bundang_cc,0,2,6,2023,winter,1,0.0,0.0,228658.18218048,273775.8416112,0.0,0.0
2023-02-13,4125.567100752,0.0,0.0,6.735,8.0,12422.0,57.50925925925926,2.69,71.99,321.88,1.08,,,-0.6173105296858454,0.7867195878704056,66.6574074074074,,1.62,28.885,2355.6071428571427,12422.0,0.0,1.0,0.0,0.0,0.0,0.0,0.0,bundang_cc,0,2,0,2023,winter,1,0.0,0.0,245122.76452032,268316.67682656,0.0,0.0
2023-02-14,3581.941330944,0.0,0.0,5.98125,8.0,12421.0,57.50462962962963,0.24,44.56,325.0,1.46,,,-0.5735764363510465,0.8191520442889916,30.52054794520548,,2.19,28.885,2355.6071428571427,12421.0,0.0,1.0,0.0,0.0,0.0,0.0,0.0,bundang_cc,0,2,1,2023,winter,1,0.0,0.0,247534.02604512,260678.10610944,0.0,0.0
2023-02-15,3581.34955632,0.0,0.0,6.39,8.0,12623.0,58.43981481481482,1.1,63.1,325.0,1.53,,,-0.5735764363510465,0.8191520442889916,41.24183006535948,,2.295,28.885,2355.6071428571427,12623.0,0.0,1.0,0.0,0.0,0.0,0.0,0.0,bundang_cc,0,2,2,2023,winter,1,0.0,0.0,214916.47985664,242770.9129056,0.0,0.0
2023-02-16,3452.2968432959997,0.0,0.0,5.46625,8.0,12439.0,57.587962962962955,-2.26,85.72,328.0,1.88,,,-0.529919264233205,0.8480480961564258,45.59574468085106,,2.82,28.885,2355.6071428571427,12439.0,0.0,1.0,0.0,0.0,0.0,0.0,0.0,bundang_cc,0,2,3,2023,winter,1,0.0,0.0,214880.9733792,222172.84701504,0.0,0.0
2023-02-17,3692.517196608,0.0,0.0,6.10625,8.0,12470.0,57.73148148148148,2.65,68.52,322.0,1.13,,,-0.6156614753256582,0.7880107536067221,60.63716814159292,,1.6949999999999998,28.885,2355.6071428571427,12470.0,0.0,1.0,0.0,0.0,0.0,0.0,0.0,bundang_cc,0,2,4,2023,winter,1,0.0,0.0,207137.81059776,222423.84841536003,0.0,0.0
2023-02-18,4240.751973264,0.0,0.0,7.1425,8.0,12491.0,57.828703703703695,5.72,55.12,320.0,0.91,,,-0.6427876096865396,0.7660444431189778,60.57142857142857,,1.365,28.885,2355.6071428571427,12491.0,0.0,1.0,0.0,0.0,0.0,0.0,0.0,bundang_cc,0,2,5,2023,winter,1,0.0,0.0,221551.03179648,228658.18218048,0.0,0.0
2023-02-19,4277.50183656,0.0,0.0,6.9575,8.0,12647.0,58.55092592592592,-1.47,52.62,326.5,1.7,,,-0.5519369853120584,0.833885822067168,30.95294117647059,,2.55,28.885,2355.6071428571427,12647.0,0.0,1.0,0.0,0.0,0.0,0.0,0.0,bundang_cc,0,2,6,2023,winter,1,0.0,0.0,254445.11839584,245122.76452032,0.0,0.0
2023-02-20,4303.814212656,0.0,0.0,7.24375,8.0,14147.0,65.49537037037037,-3.03,43.33,327.38,1.81,,,-0.5390648235394803,0.8422642792035935,23.939226519337016,,2.715,28.885,2355.6071428571427,14147.0,0.0,1.0,0.0,0.0,0.0,0.0,0.0,bundang_cc,0,2,0,2023,winter,1,0.0,0.0,256650.1101936,247534.02604512,0.0,0.0
2023-02-21,3983.204749104,0.0,0.0,6.9525,8.0,14108.0,65.31481481481481,-4.3,60.22,327.0,1.76,,,-0.544639035015027,0.838670567945424,34.21590909090909,,2.64,28.885,2355.6071428571427,14108.0,0.0,1.0,0.0,0.0,0.0,0.0,0.0,bundang_cc,0,2,1,2023,winter,1,0.0,0.0,258228.85275936,214916.47985664,0.0,0.0
2023-02-22,4022.714040768,0.0,0.0,7.6025,8.0,13826.0,64.00925925925925,0.01,63.2,322.0,1.14,,,-0.6156614753256582,0.7880107536067221,55.43859649122808,,1.71,28.885,2355.6071428571427,13826.0,0.0,1.0,0.0,0.0,0.0,0.0,0.0,bundang_cc,0,2,2,2023,winter,1,0.0,0.0,238992.28494624,214880.9733792,0.0,0.0
2023-02-23,3688.531553664,0.0,0.0,6.14125,8.0,12699.0,58.791666666666664,0.74,82.05,321.0,1.0,,,-0.6293203910498378,0.7771459614569706,82.05,,1.5,28.885,2355.6071428571427,12699.0,0.0,1.0,0.0,0.0,0.0,0.0,0.0,bundang_cc,0,2,3,2023,winter,1,0.0,0.0,241362.84244608,207137.81059776,0.0,0.0
2023-02-24,3429.656758512,0.0,0.0,5.9725,8.0,12625.0,58.44907407407407,-0.86,47.04,322.0,1.12,,,-0.6156614753256582,0.7880107536067221,41.99999999999999,,1.6800000000000002,28.885,2355.6071428571427,12625.0,0.0,1.0,0.0,0.0,0.0,0.0,0.0,bundang_cc,0,2,4,2023,winter,1,0.0,0.0,221311.89321984,221551.03179648,0.0,0.0
2023-02-25,3341.4754877279997,0.0,0.0,5.58875,8.0,12839.0,59.43981481481482,-2.1,43.79,323.75,1.3,,,-0.5913096483635824,0.8064446042674825,33.684615384615384,,1.95,28.885,2355.6071428571427,12839.0,0.0,1.0,0.0,0.0,0.0,0.0,0.0,bundang_cc,0,2,5,2023,winter,1,0.0,0.0,205779.40551072,254445.11839584,0.0,0.0
2023-02-26,3014.3613774240002,0.0,0.0,5.16125,8.0,12680.0,58.7037037037037,-1.74,61.0,322.0,1.14,,,-0.6156614753256582,0.7880107536067221,53.50877192982457,,1.71,28.885,2355.6071428571427,12680.0,0.0,1.0,0.0,0.0,0.0,0.0,0.0,bundang_cc,0,2,6,2023,winter,1,0.0,0.0,200488.52926368,256650.1101936,0.0,0.0
2023-02-27,3190.348104624,0.0,0.0,7.36875,8.0,12585.0,58.26388888888889,-0.85,45.09,322.88,1.2,,,-0.6034863603024766,0.7973733209287037,37.575,,1.7999999999999998,28.885,2355.6071428571427,12585.0,0.0,1.0,0.0,0.0,0.0,0.0,0.0,bundang_cc,0,2,0,2023,winter,1,0.0,0.0,180861.68264544,258228.85275936,0.0,0.0
2023-02-28,3111.763522032,0.0,0.0,8.6225,8.0,12726.0,58.916666666666664,6.06,67.68,319.0,0.71,,,-0.6560590289905074,0.7547095802227719,95.32394366197184,,1.065,28.885,2355.6071428571427,12726.0,0.0,1.0,0.0,0.0,0.0,0.0,0.0,bundang_cc,0,2,1,2023,winter,1,0.0,0.0,191420.88627744,238992.28494624,0.0,0.0
2023-03-01,3015.262324224,0.0,0.0,7.7075,8.0,12551.0,58.10648148148149,3.42,30.17,322.0,1.21,,,-0.6156614753256582,0.7880107536067221,24.933884297520663,,1.815,28.805,1312.451612903226,12551.0,0.0,1.0,0.0,0.0,0.0,0.0,0.0,bundang_cc,0,3,2,2023,spring,1,0.0,0.0,186705.81132192,241362.84244608,0.0,0.0
2023-03-02,2618.2483094880004,0.0,0.0,5.3825,8.0,10156.0,47.01851851851852,-1.33,69.46,325.75,1.56,,,-0.5628049276950688,0.8265897491271884,44.52564102564102,,2.34,28.805,1312.451612903226,10156.0,0.0,1.0,0.0,0.0,0.0,0.0,0.0,bundang_cc,0,3,3,2023,spring,1,0.0,0.0,180915.73945344,221311.89321984,0.0,0.0
2023-03-03,2785.7216447999995,0.0,0.0,7.8075,8.0,11663.0,53.99537037037037,3.77,82.21,321.0,1.03,,,-0.6293203910498378,0.7771459614569706,79.81553398058252,,1.545,28.805,1312.451612903226,11663.0,0.0,1.0,0.0,0.0,0.0,0.0,0.0,bundang_cc,0,3,4,2023,spring,1,0.0,0.0,157094.89856928002,205779.40551072,0.0,0.0
2023-03-04,2385.708585552,0.0,0.0,7.9525,8.0,10808.0,50.03703703703704,2.76,83.1,319.5,0.81,,,-0.6494480483301834,0.760405965600031,102.59259259259258,,1.215,28.805,1312.451612903226,10808.0,0.0,1.0,0.0,0.0,0.0,0.0,0.0,bundang_cc,0,3,5,2023,spring,1,0.0,0.0,167143.29868799998,200488.52926368,0.0,0.0
2023-03-05,2501.7629444639997,0.0,0.0,7.8,8.0,9850.0,45.601851851851855,2.63,39.11,319.75,0.82,,,-0.6461239796429639,0.7632324697825288,47.69512195121951,,1.23,28.805,1312.451612903226,9850.0,0.0,1.0,0.0,0.0,0.0,0.0,0.0,bundang_cc,0,3,6,2023,spring,1,0.0,0.0,143142.51513312,180861.68264544,0.0,0.0
2023-03-06,2388.855489984,0.0,0.0,7.3075,8.0,10010.0,46.34259259259259,5.11,62.49,318.5,0.7,,,-0.6626200482157378,0.7489557207890019,89.27142857142859,,1.0499999999999998,28.805,1312.451612903226,10010.0,0.0,1.0,0.0,0.0,0.0,0.0,0.0,bundang_cc,0,3,0,2023,spring,1,0.0,0.0,150105.77666784,191420.88627744,0.0,0.0
2023-03-07,2375.5718761919998,0.0,0.0,7.66125,8.0,9559.0,44.254629629629626,6.39,90.62,316.0,0.44,,,-0.6946583704589976,0.7193398003386509,205.95454545454547,,0.66,28.805,1312.451612903226,9559.0,0.0,1.0,0.0,0.0,0.0,0.0,0.0,bundang_cc,0,3,1,2023,spring,1,0.0,0.0,143331.32939904,186705.81132192,0.0,0.0
2023-03-08,1892.7977813280002,0.0,0.0,7.558750000000001,8.0,7409.0,34.300925925925924,11.88,73.07,314.0,0.21,,,-0.7193398003386512,0.6946583704589973,347.9523809523809,,0.315,28.805,1312.451612903226,7409.0,0.0,1.0,0.0,0.0,0.0,0.0,0.0,bundang_cc,0,3,2,2023,spring,1,0.0,0.0,142534.31257152,180915.73945344,0.0,0.0
2023-03-09,1821.6527866560002,0.0,0.0,7.6275,8.0,7307.0,33.8287037037037,5.66,99.54,316.0,0.41,,,-0.6946583704589976,0.7193398003386509,242.78048780487808,,0.615,28.805,1312.451612903226,7307.0,0.0,1.0,0.0,0.0,0.0,0.0,0.0,bundang_cc,0,3,3,2023,spring,1,0.0,0.0,113567.86687968,157094.89856928002,0.0,0.0
2023-03-10,2226.8821220639998,0.0,0.0,8.9,8.0,7390.0,34.21296296296296,10.24,66.25,311.5,0.01,,,-0.7489557207890021,0.6626200482157375,662.5,,0.015,28.805,1312.451612903226,7390.0,0.0,1.0,0.0,0.0,0.0,0.0,0.0,bundang_cc,0,3,4,2023,spring,1,0.0,0.0,109299.16719936002,167143.29868799998,0.0,0.0
2023-03-11,2069.25592176,0.0,0.0,8.965,8.0,7368.0,34.11111111111111,10.89,54.89,310.0,0.02,,,-0.7660444431189781,0.6427876096865393,548.9,,0.03,28.805,1312.451612903226,7368.0,0.0,1.0,0.0,0.0,0.0,0.0,0.0,bundang_cc,0,3,5,2023,spring,1,0.0,0.0,133612.92732383998,143142.51513312,0.0,0.0
2023-03-12,2263.40327304,0.0,0.0,8.46375,8.0,7554.0,34.97222222222222,0.93,33.11,323.0,1.3,,,-0.6018150231520483,0.7986355100472928,25.46923076923077,,1.95,28.805,1312.451612903226,7554.0,0.0,1.0,0.0,0.0,0.0,0.0,0.0,bundang_cc,0,3,6,2023,spring,1,0.0,0.0,124155.3553056,150105.77666784,0.0,0.0
2023-03-13,2413.1810298240002,0.0,0.0,7.575,8.0,7599.0,35.18055555555556,1.48,62.42,321.0,0.96,,,-0.6293203910498378,0.7771459614569706,65.02083333333334,,1.44,28.805,1312.451612903226,7599.0,0.0,1.0,0.0,0.0,0.0,0.0,0.0,bundang_cc,0,3,0,2023,spring,1,0.0,0.0,135804.1963824,143331.32939904,0.0,0.0
2023-03-14,2203.088351472,0.0,0.0,9.2,7.0,7463.0,34.550925925925924,5.13,79.59,316.94,0.48,,,-0.6827638577805032,0.7306391137276219,165.8125,,0.72,28.805,1312.451612903226,7463.0,0.0,1.0,0.0,0.0,0.0,0.0,0.0,bundang_cc,0,3,1,2023,spring,1,0.0,0.0,144790.86178944,142534.31257152,0.0,0.0
2023-03-15,2280.091151808,0.0,0.0,8.792857142857143,7.0,7401.0,34.263888888888886,4.62,26.46,316.94,0.66,,,-0.6827638577805032,0.7306391137276219,40.09090909090909,,0.99,28.805,1312.451612903226,7401.0,0.0,1.0,0.0,0.0,0.0,0.0,0.0,bundang_cc,0,3,2,2023,spring,1,0.0,0.0,132185.30108832,113567.86687968,0.0,0.0
2023-03-16,2344.1658225119995,0.0,0.0,6.0275,8.0,9919.0,45.9212962962963,2.3,57.42,320.0,0.85,,,-0.6427876096865396,0.7660444431189778,67.5529411764706,,1.275,28.805,1312.451612903226,9919.0,0.0,1.0,0.0,0.0,0.0,0.0,0.0,bundang_cc,0,3,3,2023,spring,1,0.0,0.0,136805.46910848,109299.16719936002,0.0,0.0
2023-03-17,1627.717959792,0.0,0.0,3.22125,8.0,7320.0,33.88888888888889,6.7,36.85,317.0,0.5,,,-0.6819983600624984,0.7313537016191707,73.7,,0.75,28.805,1312.451612903226,7320.0,0.0,1.0,0.0,0.0,0.0,0.0,0.0,bundang_cc,0,3,4,2023,spring,1,0.0,0.0,140649.94935071998,133612.92732383998,0.0,0.0
2023-03-18,1753.623598176,0.0,0.0,4.35375,8.0,7829.0,36.245370370370374,2.95,82.26,317.0,0.54,,,-0.6819983600624984,0.7313537016191707,152.33333333333334,,0.81,28.805,1312.451612903226,7829.0,0.0,1.0,0.0,0.0,0.0,0.0,0.0,bundang_cc,0,3,5,2023,spring,1,0.0,0.0,97663.07758752,124155.3553056,0.0,0.0
2023-03-19,1676.401228656,0.0,0.0,3.0575,8.0,7338.0,33.97222222222222,2.58,64.2,317.0,0.53,,,-0.6819983600624984,0.7313537016191707,121.13207547169812,,0.795,28.805,1312.451612903226,7338.0,0.0,1.0,0.0,0.0,0.0,0.0,0.0,bundang_cc,0,3,6,2023,spring,1,0.0,0.0,105217.41589056,135804.1963824,0.0,0.0
2023-03-20,1658.7868102559999,0.0,0.0,5.20125,8.0,8573.0,39.68981481481482,5.83,41.71,315.0,0.3,,,-0.7071067811865477,0.7071067811865474,139.03333333333333,,0.4499999999999999,28.805,1312.451612903226,8573.0,0.0,1.0,0.0,0.0,0.0,0.0,0.0,bundang_cc,0,3,0,2023,spring,1,0.0,0.0,100584.07371936,144790.86178944,0.0,0.0
2023-03-21,1563.720399792,0.0,0.0,3.35625,8.0,7096.0,32.851851851851855,8.66,48.3,311.0,0.01,,,-0.7547095802227722,0.656059028990507,482.99999999999994,,0.015,28.805,1312.451612903226,7096.0,0.0,1.0,0.0,0.0,0.0,0.0,0.0,bundang_cc,0,3,1,2023,spring,1,0.0,0.0,99527.20861536,132185.30108832,0.0,0.0
2023-03-22,1326.555556992,0.0,0.0,2.965,8.0,4988.0,23.09259259259259,17.0,55.64,305.0,0.01,,,-0.8191520442889918,0.573576436351046,556.4,,0.015,28.805,1312.451612903226,4988.0,0.0,1.0,0.0,0.0,0.0,0.0,0.0,bundang_cc,0,3,2,2023,spring,1,0.0,0.0,93823.22398752,136805.46910848,0.0,0.0
2023-03-23,1308.156817824,0.0,0.0,2.7575,8.0,4822.0,22.324074074074073,11.32,40.1,308.97,0.01,,,-0.7774753662986408,0.6289133921286733,401.0,,0.015,28.805,1312.451612903226,4822.0,0.0,1.0,0.0,0.0,0.0,0.0,0.0,bundang_cc,0,3,3,2023,spring,1,0.0,0.0,79593.33341952,140649.94935071998,0.0,0.0
2023-03-24,1322.316909648,0.0,0.0,2.50375,8.0,4916.0,22.75925925925926,11.33,46.52,310.97,0.01,,,-0.7550529884574194,0.6556637740652751,465.2,,0.015,28.805,1312.451612903226,4916.0,0.0,1.0,0.0,0.0,0.0,0.0,0.0,bundang_cc,0,3,4,2023,spring,1,0.0,0.0,78489.40906944,97663.07758752,0.0,0.0
2023-03-25,1318.64499792,0.0,0.0,2.38375,8.0,4902.0,22.694444444444446,9.78,54.56,312.0,0.02,,,-0.7431448254773946,0.6691306063588578,545.6,,0.03,28.805,1312.451612903226,4902.0,0.0,1.0,0.0,0.0,0.0,0.0,0.0,bundang_cc,0,3,5,2023,spring,1,0.0,0.0,79339.01457888,105217.41589056,0.0,0.0
2023-03-26,1334.865672864,0.0,0.0,2.30875,8.0,4941.0,22.875,3.44,31.44,315.97,0.38,,,-0.6950349206582174,0.7189759794774965,82.73684210526316,,0.5700000000000001,28.805,1312.451612903226,4941.0,0.0,1.0,0.0,0.0,0.0,0.0,0.0,bundang_cc,0,3,6,2023,spring,1,0.0,0.0,79118.69987519999,100584.07371936,0.0,0.0
2023-03-27,1342.9450519200002,0.0,0.0,2.48125,8.0,4914.0,22.75,2.77,68.28,317.0,0.51,,,-0.6819983600624984,0.7313537016191707,133.88235294117646,,0.765,28.805,1312.451612903226,4914.0,0.0,1.0,0.0,0.0,0.0,0.0,0.0,bundang_cc,0,3,0,2023,spring,1,0.0,0.0,80091.94037184,99527.20861536,0.0,0.0
2023-03-28,1446.187542624,0.0,0.0,10.76875,8.0,5049.0,23.375,5.09,73.87,316.0,0.41,,,-0.6946583704589976,0.7193398003386509,180.1707317073171,,0.615,28.805,1312.451612903226,5049.0,0.0,1.0,0.0,0.0,0.0,0.0,0.0,bundang_cc,0,3,1,2023,spring,1,0.0,0.0,80576.70311520001,93823.22398752,0.0,0.0
2023-03-29,1381.951079136,0.0,0.0,63.1975,8.0,4868.0,22.537037037037035,7.08,52.35,312.99,0.03,,,-0.7314727216481751,0.6818707043748187,523.5,,0.045,28.805,1312.451612903226,4868.0,0.0,1.0,0.0,0.0,0.0,0.0,0.0,bundang_cc,0,3,2,2023,spring,1,0.0,0.0,86771.25255743999,79593.33341952,0.0,0.0
2023-03-30,1695.8955155039998,0.0,0.0,8.870000000000001,8.0,6503.0,30.106481481481485,7.7,54.98,310.0,0.01,,,-0.7660444431189781,0.6427876096865393,549.8,,0.015,28.805,1312.451612903226,6503.0,0.0,1.0,0.0,0.0,0.0,0.0,0.0,bundang_cc,0,3,3,2023,spring,1,0.0,0.0,82917.06474816,78489.40906944,0.0,0.0
2023-03-31,1348.9723404,0.0,0.0,6.13375,8.0,4839.0,22.40277777777778,9.32,54.99,332.84,2.44,,,-0.4564768859517423,0.8897352710732558,22.53688524590164,,3.66,28.805,1312.451612903226,4839.0,0.0,1.0,0.0,0.0,0.0,0.0,0.0,bundang_cc,0,3,4,2023,spring,1,0.0,0.0,101753.73093024,79339.01457888,0.0,0.0
2023-04-01,880.9028628479999,0.0,0.0,4.95375,8.0,1799.0,8.328703703703704,13.85,42.27,333.0,2.43,,,-0.4539904997395469,0.8910065241883678,17.395061728395063,,3.645000000000001,26.6325,514.3333333333334,1799.0,0.0,1.0,0.0,0.0,0.0,0.0,0.0,bundang_cc,0,4,5,2023,spring,0,0.0,0.0,80938.340424,79118.69987519999,0.0,0.0
2023-04-02,11.387439648,0.0,0.0,5.3028571428571425,7.0,0.0,0.0,12.25,39.19,333.0,2.45,,,-0.4539904997395469,0.8910065241883678,15.995918367346937,,3.675,26.6325,514.3333333333334,0.0,0.0,1.0,0.0,0.0,0.0,0.0,0.0,bundang_cc,0,4,6,2023,spring,0,0.0,0.0,52854.17177088,80091.94037184,0.0,0.0
2023-04-03,1130.6646416160002,0.0,0.0,4.1075,8.0,3028.0,14.01851851851852,17.49,25.24,333.0,2.45,,,-0.4539904997395469,0.8910065241883678,10.30204081632653,,3.675,26.6325,514.3333333333334,3028.0,0.0,1.0,0.0,0.0,0.0,0.0,0.0,bundang_cc,0,4,0,2023,spring,0,0.0,0.0,683.2463788800001,80576.70311520001,0.0,0.0
2023-04-04,1363.720175424,0.0,0.0,3.36375,8.0,4796.0,22.203703703703702,12.03,94.03,333.0,2.46,,,-0.4539904997395469,0.8910065241883678,38.22357723577236,,3.69,26.6325,514.3333333333334,4796.0,0.0,1.0,0.0,0.0,0.0,0.0,0.0,bundang_cc,0,4,1,2023,spring,0,0.0,0.0,67839.87849696001,86771.25255743999,0.0,0.0
2023-04-05,2019.0384084959999,0.0,0.0,6.66125,8.0,7356.0,34.05555555555556,8.34,98.74,332.71,2.44,,,-0.458494454534473,0.8886972685685132,40.467213114754095,,3.66,26.6325,514.3333333333334,7356.0,0.0,1.0,0.0,0.0,0.0,0.0,0.0,bundang_cc,0,4,2,2023,spring,0,0.0,0.0,81823.21052544,82917.06474816,0.0,0.0
2023-04-06,1300.3239548160002,0.0,0.0,2.5149999999999997,8.0,4734.0,21.916666666666668,5.96,99.3,332.15,2.38,,,-0.4671584051809562,0.8841736393202331,41.72268907563025,,3.57,26.6325,514.3333333333334,4734.0,0.0,1.0,0.0,0.0,0.0,0.0,0.0,bundang_cc,0,4,3,2023,spring,0,0.0,0.0,121142.30450976,101753.73093024,0.0,0.0
2023-04-07,1296.4284597600001,0.0,0.0,2.36875,8.0,4797.0,22.208333333333332,2.89,51.9,331.79,2.36,,,-0.4727045741403904,0.8812209629750941,21.991525423728813,,3.54,26.6325,514.3333333333334,4797.0,0.0,1.0,0.0,0.0,0.0,0.0,0.0,bundang_cc,0,4,4,2023,spring,0,0.0,0.0,78019.43728896,80938.340424,0.0,0.0
2023-04-08,1291.3026652800002,0.0,0.0,2.4625000000000004,8.0,4519.0,20.921296296296298,4.15,71.06,332.49,2.39,,,-0.4619034187968123,0.8869302293325088,29.732217573221757,,3.585,26.6325,514.3333333333334,4519.0,0.0,1.0,0.0,0.0,0.0,0.0,0.0,bundang_cc,0,4,5,2023,spring,0,0.0,0.0,77785.7075856,52854.17177088,0.0,0.0
2023-04-09,14.25363408,0.0,0.0,4.688750000000001,8.0,0.0,0.0,6.19,74.18,332.58,2.41,,,-0.4605096627729946,0.8876546910216285,30.780082987551868,,3.615,26.6325,514.3333333333334,0.0,0.0,1.0,0.0,0.0,0.0,0.0,0.0,bundang_cc,0,4,6,2023,spring,0,0.0,0.0,77478.15991680001,683.2463788800001,0.0,0.0
2023-04-10,1142.02307232,0.0,0.0,3.46875,8.0,2824.0,13.074074074074074,10.29,61.31,332.84,2.44,,,-0.4564768859517423,0.8897352710732558,25.12704918032787,,3.66,26.6325,514.3333333333334,2824.0,0.0,1.0,0.0,0.0,0.0,0.0,0.0,bundang_cc,0,4,0,2023,spring,0,0.0,0.0,855.2180447999999,67839.87849696001,0.0,0.0
2023-04-11,1470.64277448,0.0,0.0,4.422499999999999,8.0,5185.0,24.00462962962963,6.42,96.56,332.43,2.4,,,-0.4628319565244293,0.8864460389779903,40.233333333333334,,3.5999999999999996,26.6325,514.3333333333334,5185.0,0.0,1.0,0.0,0.0,0.0,0.0,0.0,bundang_cc,0,4,1,2023,spring,0,0.0,0.0,68521.3843392,81823.21052544,0.0,0.0
2023-04-12,1265.955275376,0.0,0.0,2.3975,8.0,4844.0,22.425925925925927,5.35,72.14,332.71,2.43,,,-0.458494454534473,0.8886972685685132,29.687242798353907,,3.645000000000001,26.6325,514.3333333333334,4844.0,0.0,1.0,0.0,0.0,0.0,0.0,0.0,bundang_cc,0,4,2,2023,spring,0,0.0,0.0,88238.56646880001,121142.30450976,0.0,0.0
2023-04-13,1273.5064411199999,0.0,0.0,2.62625,8.0,4773.0,22.09722222222222,9.9,42.22,332.71,2.45,,,-0.458494454534473,0.8886972685685132,17.23265306122449,,3.675,26.6325,514.3333333333334,4773.0,0.0,1.0,0.0,0.0,0.0,0.0,0.0,bundang_cc,0,4,3,2023,spring,0,0.0,0.0,75957.31652256,78019.43728896,0.0,0.0
2023-04-14,1392.0536249280003,0.0,0.0,3.5175,8.0,5365.0,24.83796296296296,13.18,78.27,333.03,2.48,,,-0.4535239076037137,0.8912441109100571,31.56048387096774,,3.72,26.6325,514.3333333333334,5365.0,0.0,1.0,0.0,0.0,0.0,0.0,0.0,bundang_cc,0,4,4,2023,spring,0,0.0,0.0,76410.38646719999,77785.7075856,0.0,0.0
2023-04-15,997.7591982239999,0.0,0.0,4.52,8.0,4556.0,21.09259259259259,7.59,99.99,333.22,2.51,,,-0.4505659419989554,0.8927431500216587,39.83665338645419,,3.765,26.6325,514.3333333333334,4556.0,0.0,1.0,0.0,0.0,0.0,0.0,0.0,bundang_cc,0,4,5,2023,spring,0,0.0,0.0,83523.21749568002,77478.15991680001,0.0,0.0
2023-04-16,13.237607087999997,0.0,0.0,4.81375,8.0,0.0,0.0,7.48,81.94,332.43,2.39,,,-0.4628319565244293,0.8864460389779903,34.28451882845188,,3.585,26.6325,514.3333333333334,0.0,0.0,1.0,0.0,0.0,0.0,0.0,0.0,bundang_cc,0,4,6,2023,spring,0,0.0,0.0,59865.551893439995,855.2180447999999,0.0,0.0
2023-04-17,1241.820872064,0.0,0.0,3.99625,8.0,3103.0,14.36574074074074,14.23,45.19,333.63,2.49,,,-0.4441661246757786,0.8959444478819547,18.148594377510037,,3.735,26.6325,514.3333333333334,3103.0,0.0,1.0,0.0,0.0,0.0,0.0,0.0,bundang_cc,0,4,0,2023,spring,0,0.0,0.0,794.2564252799998,68521.3843392,0.0,0.0
2023-04-18,1481.4992977919999,0.0,0.0,9.08,8.0,4179.0,19.34722222222222,13.05,99.84,333.66,2.5,,,-0.4436969483959675,0.8961768898962448,39.936,,3.75,26.6325,514.3333333333334,4179.0,0.0,1.0,0.0,0.0,0.0,0.0,0.0,bundang_cc,0,4,1,2023,spring,0,0.0,0.0,74509.25232384,88238.56646880001,0.0,0.0
2023-04-19,799.0308208800001,0.0,0.0,5.45,8.0,2615.0,12.106481481481485,18.15,81.49,333.51,2.51,,,-0.4460416108026285,0.8950122241805396,32.46613545816733,,3.765,26.6325,514.3333333333334,2615.0,0.0,1.0,0.0,0.0,0.0,0.0,0.0,bundang_cc,0,4,2,2023,spring,0,0.0,0.0,88889.95786751999,75957.31652256,0.0,0.0
2023-04-20,14.264515871999999,0.0,0.0,5.516249999999999,8.0,0.0,0.0,14.12,99.86,333.04,2.5,,,-0.4533683492551946,0.8913232521894735,39.944,,3.75,26.6325,514.3333333333334,0.0,0.0,1.0,0.0,0.0,0.0,0.0,0.0,bundang_cc,0,4,3,2023,spring,0,0.0,0.0,47941.849252800006,76410.38646719999,0.0,0.0
2023-04-21,1182.862721808,0.0,0.0,4.1625,8.0,2999.0,13.88425925925926,13.51,48.97,333.33,2.48,,,-0.4488511688805118,0.8936065287331993,19.745967741935484,,3.72,26.6325,514.3333333333334,2999.0,0.0,1.0,0.0,0.0,0.0,0.0,0.0,bundang_cc,0,4,4,2023,spring,0,0.0,0.0,855.8709523199999,83523.21749568002,0.0,0.0
2023-04-22,11.416947984,0.0,0.0,4.32625,8.0,0.0,0.0,11.39,41.6,333.63,2.49,,,-0.4441661246757786,0.8959444478819547,16.706827309236946,,3.735,26.6325,514.3333333333334,0.0,0.0,1.0,0.0,0.0,0.0,0.0,0.0,bundang_cc,0,4,5,2023,spring,0,0.0,0.0,70971.76330848,59865.551893439995,0.0,0.0
2023-04-23,10.239859295999999,0.0,0.0,4.266249999999999,8.0,0.0,0.0,12.39,38.55,333.01,2.46,,,-0.4538349828506274,0.8910857469070924,15.670731707317072,,3.69,26.6325,514.3333333333334,0.0,0.0,1.0,0.0,0.0,0.0,0.0,0.0,bundang_cc,0,4,6,2023,spring,0,0.0,0.0,685.01687904,794.2564252799998,0.0,0.0
2023-04-24,714.1167142560001,0.0,0.0,4.391249999999999,8.0,2526.0,11.694444444444445,8.84,55.07,332.72,2.47,,,-0.4583393406180898,0.8887772774108116,22.29554655870445,,3.705,26.6325,514.3333333333334,2526.0,0.0,1.0,0.0,0.0,0.0,0.0,0.0,bundang_cc,0,4,0,2023,spring,0,0.0,0.0,614.39155776,74509.25232384,0.0,0.0
2023-04-25,1846.710593856,0.0,0.0,6.41,8.0,4912.0,22.74074074074074,8.35,86.84,332.88,2.44,,,-0.4558556223635001,0.8900537352090524,35.59016393442623,,3.66,26.6325,514.3333333333334,4912.0,0.0,1.0,0.0,0.0,0.0,0.0,0.0,bundang_cc,0,4,1,2023,spring,0,0.0,0.0,42847.002855360006,88889.95786751999,0.0,0.0
2023-04-26,62.192219472000005,0.0,0.0,5.52625,8.0,0.0,0.0,5.18,93.39,332.15,2.39,,,-0.4671584051809562,0.8841736393202331,39.07531380753138,,3.585,26.6325,514.3333333333334,0.0,0.0,1.0,0.0,0.0,0.0,0.0,0.0,bundang_cc,0,4,2,2023,spring,0,0.0,0.0,110802.63563136,47941.849252800006,0.0,0.0
2023-04-27,907.311394368,0.0,0.0,7.40125,8.0,2135.0,9.88425925925926,9.27,72.86,332.84,2.47,,,-0.4564768859517423,0.8897352710732558,29.49797570850202,,3.705,26.6325,514.3333333333334,2135.0,0.0,1.0,0.0,0.0,0.0,0.0,0.0,bundang_cc,0,4,3,2023,spring,0,0.0,0.0,3731.53316832,855.8709523199999,0.0,0.0
2023-04-28,719.294043456,0.0,0.0,9.0925,8.0,3635.0,16.828703703703702,14.61,100.0,333.67,2.55,,,-0.443540529264781,0.8962543159726026,39.21568627450981,,3.825,26.6325,514.3333333333334,3635.0,0.0,1.0,0.0,0.0,0.0,0.0,0.0,bundang_cc,0,4,4,2023,spring,0,0.0,0.0,54438.68366208,70971.76330848,0.0,0.0
2023-04-29,625.5691908480001,0.0,0.0,6.97375,8.0,2291.0,10.606481481481485,9.72,81.54,333.64,2.49,,,-0.4440097461062305,0.896021955848561,32.74698795180723,,3.735,26.6325,514.3333333333334,2291.0,0.0,1.0,0.0,0.0,0.0,0.0,0.0,bundang_cc,0,4,5,2023,spring,0,0.0,0.0,43157.64260736,685.01687904,0.0,0.0
2023-04-30,13.416543072,0.0,0.0,6.766249999999999,8.0,0.0,0.0,11.57,92.93,333.34,2.5,,,-0.4486951982834722,0.8936848544298799,37.172,,3.75,26.6325,514.3333333333334,0.0,0.0,1.0,0.0,0.0,0.0,0.0,0.0,bundang_cc,0,4,6,2023,spring,0,0.0,0.0,37534.15145088,614.39155776,0.0,0.0
2023-05-01,13.121309088000002,0.0,0.0,7.2625,8.0,0.0,0.0,8.83,55.72,333.32,2.48,,,-0.4490071258047628,0.8935281758157075,22.467741935483872,,3.72,25.34714285714286,247.03225806451613,0.0,0.0,1.0,0.0,0.0,0.0,0.0,0.0,bundang_cc,0,5,0,2023,spring,0,0.0,0.0,804.99258432,42847.002855360006,0.0,0.0
2023-05-02,788.291482464,0.0,0.0,7.24375,8.0,2440.0,11.296296296296296,13.51,53.53,333.09,2.51,,,-0.4525903504515457,0.8917185512694839,21.326693227091635,,3.765,25.34714285714286,247.03225806451613,2440.0,0.0,1.0,0.0,0.0,0.0,0.0,0.0,bundang_cc,0,5,1,2023,spring,0,0.0,0.0,787.2785452800001,110802.63563136,0.0,0.0
2023-05-03,69.56797968,0.0,0.0,12.7825,8.0,938.0,4.342592592592593,15.91,85.9,333.34,2.53,,,-0.4486951982834722,0.8936848544298799,33.952569169960476,,3.795,25.34714285714286,247.03225806451613,938.0,0.0,1.0,0.0,0.0,0.0,0.0,0.0,bundang_cc,0,5,2,2023,spring,0,0.0,0.0,47297.48894784,3731.53316832,0.0,0.0
2023-05-04,17.776903392,0.0,0.0,12.77375,8.0,0.0,0.0,20.6,62.12,334.0,2.59,,,-0.4383711467890778,0.8987940462991668,23.984555984555985,,3.885,25.34714285714286,247.03225806451613,0.0,0.0,1.0,0.0,0.0,0.0,0.0,0.0,bundang_cc,0,5,3,2023,spring,0,0.0,0.0,4174.0787808,54438.68366208,0.0,0.0
2023-05-05,13.558466304000001,0.0,0.0,8.6025,8.0,0.0,0.0,17.51,100.0,333.71,2.57,,,-0.4429147176775176,0.8965637472397848,38.91050583657588,,3.854999999999999,25.34714285714286,247.03225806451613,0.0,0.0,1.0,0.0,0.0,0.0,0.0,0.0,bundang_cc,0,5,4,2023,spring,0,0.0,0.0,1066.61420352,43157.64260736,0.0,0.0
2023-05-06,15.15223368,0.0,0.0,7.73,8.0,0.0,0.0,9.66,100.0,333.17,2.48,,,-0.451344835704416,0.8923496171809308,40.32258064516129,,3.72,25.34714285714286,247.03225806451613,0.0,0.0,1.0,0.0,0.0,0.0,0.0,0.0,bundang_cc,0,5,5,2023,spring,0,0.0,0.0,813.50797824,37534.15145088,0.0,0.0
2023-05-07,10.933353360000002,0.0,0.0,7.06875,8.0,0.0,0.0,6.92,82.81,333.22,2.48,,,-0.4505659419989554,0.8927431500216587,33.391129032258064,,3.72,25.34714285714286,247.03225806451613,0.0,0.0,1.0,0.0,0.0,0.0,0.0,0.0,bundang_cc,0,5,6,2023,spring,0,0.0,0.0,909.1340208,804.99258432,0.0,0.0
2023-05-08,10.435404096000001,0.0,0.0,7.422499999999999,8.0,0.0,0.0,9.58,72.14,333.0,2.48,,,-0.4539904997395469,0.8910065241883678,29.088709677419356,,3.72,25.34714285714286,247.03225806451613,0.0,0.0,1.0,0.0,0.0,0.0,0.0,0.0,bundang_cc,0,5,0,2023,spring,0,0.0,0.0,656.0012016000001,787.2785452800001,0.0,0.0
2023-05-09,9.294298271999999,0.0,0.0,7.17375,8.0,0.0,0.0,11.22,70.67,333.63,2.5,,,-0.4441661246757786,0.8959444478819547,28.268,,3.75,25.34714285714286,247.03225806451613,0.0,0.0,1.0,0.0,0.0,0.0,0.0,0.0,bundang_cc,0,5,1,2023,spring,0,0.0,0.0,626.12424576,47297.48894784,0.0,0.0
2023-05-10,458.399388672,0.0,0.0,6.8774999999999995,8.0,539.0,2.4953703703703702,13.38,65.97,333.32,2.48,,,-0.4490071258047628,0.8935281758157075,26.600806451612904,,3.72,25.34714285714286,247.03225806451613,539.0,0.0,1.0,0.0,0.0,0.0,0.0,0.0,bundang_cc,0,5,2,2023,spring,0,0.0,0.0,557.65789632,4174.0787808,0.0,0.0
2023-05-11,553.47014736,0.0,0.0,5.03125,8.0,1326.0,6.138888888888889,13.34,59.24,332.94,2.39,,,-0.4549233104911178,0.8905306179867158,24.786610878661087,,3.585,25.34714285714286,247.03225806451613,1326.0,0.0,1.0,0.0,0.0,0.0,0.0,0.0,bundang_cc,0,5,3,2023,spring,0,0.0,0.0,27503.96332032,1066.61420352,0.0,0.0
2023-05-12,632.274167664,0.0,0.0,4.6725,8.0,1676.0,7.759259259259259,13.01,78.51,332.98,2.4,,,-0.4543014920246249,0.8908479973285003,32.712500000000006,,3.5999999999999996,25.34714285714286,247.03225806451613,1676.0,0.0,1.0,0.0,0.0,0.0,0.0,0.0,bundang_cc,0,5,4,2023,spring,0,0.0,0.0,33208.208841600004,813.50797824,0.0,0.0
2023-05-13,12.319503264000002,0.0,0.0,4.77,8.0,0.0,0.0,14.32,64.25,333.01,2.41,,,-0.4538349828506274,0.8910857469070924,26.659751037344396,,3.615,25.34714285714286,247.03225806451613,0.0,0.0,1.0,0.0,0.0,0.0,0.0,0.0,bundang_cc,0,5,5,2023,spring,0,0.0,0.0,37936.45005984,909.1340208,0.0,0.0
2023-05-14,11.13039144,0.0,0.0,4.55625,8.0,0.0,0.0,12.61,69.41,333.01,2.4,,,-0.4538349828506274,0.8910857469070924,28.920833333333334,,3.5999999999999996,25.34714285714286,247.03225806451613,0.0,0.0,1.0,0.0,0.0,0.0,0.0,0.0,bundang_cc,0,5,6,2023,spring,0,0.0,0.0,739.1701958400001,656.0012016000001,0.0,0.0
2023-05-15,426.883704192,0.0,0.0,5.0575,8.0,822.0,3.805555555555556,16.44,74.77,333.01,2.44,,,-0.4538349828506274,0.8910857469070924,30.64344262295082,,3.66,25.34714285714286,247.03225806451613,822.0,0.0,1.0,0.0,0.0,0.0,0.0,0.0,bundang_cc,0,5,0,2023,spring,0,0.0,0.0,667.8234864,626.12424576,0.0,0.0
2023-05-16,1136.0033547839998,0.0,0.0,4.00625,8.0,2532.0,11.722222222222223,17.48,55.79,333.01,2.45,,,-0.4538349828506274,0.8910857469070924,22.77142857142857,,3.675,25.34714285714286,247.03225806451613,2532.0,0.0,1.0,0.0,0.0,0.0,0.0,0.0,bundang_cc,0,5,1,2023,spring,0,0.0,0.0,25613.02225152,557.65789632,0.0,0.0
2023-05-17,603.9724716,0.0,0.0,11.7975,8.0,1279.0,5.921296296296296,20.13,89.32,334.01,2.59,,,-0.4382142709590474,0.8988705428079343,34.486486486486484,,3.885,25.34714285714286,247.03225806451613,1279.0,0.0,1.0,0.0,0.0,0.0,0.0,0.0,bundang_cc,0,5,2,2023,spring,0,0.0,0.0,68160.20128703999,27503.96332032,0.0,0.0
2023-05-18,1144.1669978880002,0.0,0.0,7.9,8.0,3896.0,18.03703703703704,15.86,90.39,333.68,2.56,,,-0.4433840966225773,0.896331714747493,35.30859375,,3.84,25.34714285714286,247.03225806451613,3896.0,0.0,1.0,0.0,0.0,0.0,0.0,0.0,bundang_cc,0,5,3,2023,spring,0,0.0,0.0,36238.348296,33208.208841600004,0.0,0.0
2023-05-19,964.2081612959998,0.0,0.0,4.02,8.0,1959.0,9.069444444444445,17.12,79.8,333.68,2.55,,,-0.4433840966225773,0.896331714747493,31.294117647058822,,3.825,25.34714285714286,247.03225806451613,1959.0,0.0,1.0,0.0,0.0,0.0,0.0,0.0,bundang_cc,0,5,4,2023,spring,0,0.0,0.0,68650.01987328,37936.45005984,0.0,0.0
2023-05-20,14.352450192000001,0.0,0.0,4.93,8.0,0.0,0.0,16.73,82.32,334.0,2.55,,,-0.4383711467890778,0.8987940462991668,32.28235294117647,,3.825,25.34714285714286,247.03225806451613,0.0,0.0,1.0,0.0,0.0,0.0,0.0,0.0,bundang_cc,0,5,5,2023,spring,0,0.0,0.0,57852.48967775999,739.1701958400001,0.0,0.0
2023-05-21,14.166774144,0.0,0.0,5.08625,8.0,0.0,0.0,15.5,77.34,333.34,2.54,,,-0.4486951982834722,0.8936848544298799,30.448818897637796,,3.81,25.34714285714286,247.03225806451613,0.0,0.0,1.0,0.0,0.0,0.0,0.0,0.0,bundang_cc,0,5,6,2023,spring,0,0.0,0.0,861.1470115200001,667.8234864,0.0,0.0
2023-05-22,1057.669779168,0.0,0.0,6.30625,8.0,2664.0,12.333333333333334,12.49,100.0,333.42,2.51,,,-0.4474469418569946,0.8943104797679737,39.8406374501992,,3.765,25.34714285714286,247.03225806451613,2664.0,0.0,1.0,0.0,0.0,0.0,0.0,0.0,bundang_cc,0,5,0,2023,spring,0,0.0,0.0,850.00644864,25613.02225152,0.0,0.0
2023-05-23,622.71831384,0.0,0.0,10.1675,8.0,2018.0,9.342592592592592,14.4,66.68,333.33,2.52,,,-0.4488511688805118,0.8936065287331993,26.460317460317462,,3.78,25.34714285714286,247.03225806451613,2018.0,0.0,1.0,0.0,0.0,0.0,0.0,0.0,bundang_cc,0,5,1,2023,spring,0,0.0,0.0,63460.18675008,68160.20128703999,0.0,0.0
2023-05-24,1484.8075493280003,0.0,0.0,11.75125,8.0,3256.0,15.074074074074073,16.53,63.81,333.68,2.54,,,-0.4433840966225773,0.896331714747493,25.12204724409449,,3.81,25.34714285714286,247.03225806451613,3256.0,0.0,1.0,0.0,0.0,0.0,0.0,0.0,bundang_cc,0,5,2,2023,spring,0,0.0,0.0,37363.0988304,36238.348296,0.0,0.0
2023-05-25,1353.4492197600002,0.0,0.0,11.00625,8.0,3000.0,13.88888888888889,17.8,54.37,333.96,2.54,,,-0.4389985165259309,0.8984877864990887,21.405511811023626,,3.81,25.34714285714286,247.03225806451613,3000.0,0.0,1.0,0.0,0.0,0.0,0.0,0.0,bundang_cc,0,5,3,2023,spring,0,0.0,0.0,89088.45295968001,68650.01987328,0.0,0.0
2023-05-26,1622.17691784,0.0,0.0,7.85375,8.0,3105.0,14.374999999999998,18.12,73.61,333.3,2.5,,,-0.4493189986158963,0.8933713883278377,29.444,,3.75,25.34714285714286,247.03225806451613,3105.0,0.0,1.0,0.0,0.0,0.0,0.0,0.0,bundang_cc,0,5,4,2023,spring,0,0.0,0.0,81206.95318560001,57852.48967775999,0.0,0.0
2023-05-27,1292.3012328480002,0.0,0.0,7.745,8.0,4166.0,19.287037037037035,18.02,100.0,333.3,2.5,,,-0.4493189986158963,0.8933713883278377,40.0,,3.75,25.34714285714286,247.03225806451613,4166.0,0.0,1.0,0.0,0.0,0.0,0.0,0.0,bundang_cc,0,5,5,2023,spring,0,0.0,0.0,97330.6150704,861.1470115200001,0.0,0.0
2023-05-28,22.78967616,0.0,0.0,7.89375,8.0,0.0,0.0,19.02,100.0,333.65,2.54,,,-0.443853354011373,0.8960994365207774,39.37007874015748,,3.81,25.34714285714286,247.03225806451613,0.0,0.0,1.0,0.0,0.0,0.0,0.0,0.0,bundang_cc,0,5,6,2023,spring,0,0.0,0.0,77538.07397088001,850.00644864,0.0,0.0
2023-05-29,13.905944208,0.0,0.0,5.581250000000001,8.0,0.0,0.0,19.6,100.0,333.59,2.53,,,-0.4447915036056036,0.8956341431188666,39.52569169960475,,3.795,25.34714285714286,247.03225806451613,0.0,0.0,1.0,0.0,0.0,0.0,0.0,0.0,bundang_cc,0,5,0,2023,spring,0,0.0,0.0,1367.3805696,63460.18675008,0.0,0.0
2023-05-30,1398.58204176,0.0,0.0,8.77125,8.0,3287.0,15.217592592592592,18.04,98.59,333.42,2.52,,,-0.4474469418569946,0.8943104797679737,39.12301587301587,,3.78,25.34714285714286,247.03225806451613,3287.0,0.0,1.0,0.0,0.0,0.0,0.0,0.0,bundang_cc,0,5,1,2023,spring,0,0.0,0.0,834.35665248,37363.0988304,0.0,0.0
2023-05-31,1148.180575248,0.0,0.0,4.01375,8.0,2345.0,10.85648148148148,19.39,91.01,333.67,2.51,,,-0.443540529264781,0.8962543159726026,36.2589641434263,,3.765,25.34714285714286,247.03225806451613,2345.0,0.0,1.0,0.0,0.0,0.0,0.0,0.0,bundang_cc,0,5,2,2023,spring,0,0.0,0.0,83914.9225056,89088.45295968001,0.0,0.0
2023-06-01,1485.0380530080001,0.0,0.0,4.88125,8.0,4770.0,22.083333333333332,20.17,75.92,334.0,2.54,,,-0.4383711467890778,0.8987940462991668,29.88976377952756,,3.81,27.1625,572.3666666666667,4770.0,0.0,1.0,0.0,0.0,0.0,0.0,0.0,bundang_cc,0,6,3,2023,summer,0,0.0,0.0,68890.83451488,81206.95318560001,0.0,0.0
2023-06-02,1142.3063080799998,0.0,0.0,3.8425,8.0,2369.0,10.967592592592592,16.2,100.0,334.0,2.55,,,-0.4383711467890778,0.8987940462991668,39.21568627450981,,3.825,27.1625,572.3666666666667,2369.0,0.0,1.0,0.0,0.0,0.0,0.0,0.0,bundang_cc,0,6,4,2023,summer,0,0.0,0.0,89102.28318048001,97330.6150704,0.0,0.0
2023-06-03,685.004849712,0.0,0.0,5.703749999999999,8.0,2067.0,9.569444444444445,17.26,73.79,334.0,2.55,,,-0.4383711467890778,0.8987940462991668,28.937254901960788,,3.825,27.1625,572.3666666666667,2067.0,0.0,1.0,0.0,0.0,0.0,0.0,0.0,bundang_cc,0,6,5,2023,summer,0,0.0,0.0,68538.37848479999,77538.07397088001,0.0,0.0
2023-06-04,15.319115999999998,0.0,0.0,5.31,8.0,0.0,0.0,17.83,77.91,334.0,2.58,,,-0.4383711467890778,0.8987940462991668,30.19767441860465,,3.87,27.1625,572.3666666666667,0.0,0.0,1.0,0.0,0.0,0.0,0.0,0.0,bundang_cc,0,6,6,2023,summer,0,0.0,0.0,41100.29098272,1367.3805696,0.0,0.0
2023-06-05,728.342829216,0.0,0.0,5.16125,8.0,2461.0,11.393518518518515,16.89,78.81,333.85,2.54,,,-0.4407226791385756,0.8976433145146886,31.02755905511811,,3.81,27.1625,572.3666666666667,2461.0,0.0,1.0,0.0,0.0,0.0,0.0,0.0,bundang_cc,0,6,0,2023,summer,0,0.0,0.0,919.1469599999998,834.35665248,0.0,0.0
2023-06-06,898.8913403999999,0.0,0.0,4.475,8.0,5048.0,23.37037037037037,18.68,78.23,334.0,2.56,,,-0.4383711467890778,0.8987940462991668,30.55859375,,3.84,27.1625,572.3666666666667,5048.0,0.0,1.0,0.0,0.0,0.0,0.0,0.0,bundang_cc,0,6,1,2023,summer,0,0.0,0.0,43700.56975296,83914.9225056,0.0,0.0
2023-06-07,1216.252752624,0.0,0.0,8.719999999999999,8.0,5578.0,25.824074074074073,18.76,84.96,334.0,2.56,,,-0.4383711467890778,0.8987940462991668,33.1875,,3.84,27.1625,572.3666666666667,5578.0,0.0,1.0,0.0,0.0,0.0,0.0,0.0,bundang_cc,0,6,2,2023,summer,0,0.0,0.0,53933.480423999994,68890.83451488,0.0,0.0
2023-06-08,890.8296194879999,0.0,0.0,4.68,8.0,4972.0,23.01851851851852,20.21,78.47,334.0,2.58,,,-0.4383711467890778,0.8987940462991668,30.41472868217054,,3.87,27.1625,572.3666666666667,4972.0,0.0,1.0,0.0,0.0,0.0,0.0,0.0,bundang_cc,0,6,3,2023,summer,0,0.0,0.0,72975.16515744,89102.28318048001,0.0,0.0
2023-06-09,1015.3097343360001,0.0,0.0,4.49625,8.0,4841.0,22.412037037037035,19.42,67.01,333.88,2.55,,,-0.4402526138063373,0.8978739533123166,26.278431372549026,,3.825,27.1625,572.3666666666667,4841.0,0.0,1.0,0.0,0.0,0.0,0.0,0.0,bundang_cc,0,6,4,2023,summer,0,0.0,0.0,53449.777169279994,68538.37848479999,0.0,0.0
2023-06-10,991.799945856,0.0,0.0,4.327500000000001,8.0,5058.0,23.416666666666668,19.89,82.08,334.0,2.58,,,-0.4383711467890778,0.8987940462991668,31.813953488372093,,3.87,27.1625,572.3666666666667,5058.0,0.0,1.0,0.0,0.0,0.0,0.0,0.0,bundang_cc,0,6,5,2023,summer,0,0.0,0.0,60918.58406016001,41100.29098272,0.0,0.0
2023-06-11,972.5646323520001,0.0,0.0,4.27,8.0,5012.0,23.203703703703702,18.09,99.26,334.01,2.57,,,-0.4382142709590474,0.8988705428079343,38.62256809338522,,3.854999999999999,27.1625,572.3666666666667,5012.0,0.0,1.0,0.0,0.0,0.0,0.0,0.0,bundang_cc,0,6,6,2023,summer,0,0.0,0.0,59507.99675136,919.1469599999998,0.0,0.0
2023-06-12,1055.841926976,0.0,0.0,4.56875,8.0,4510.0,20.87962962962963,19.46,83.79,333.38,2.54,,,-0.4480711792624577,0.8939978849607814,32.988188976377955,,3.81,27.1625,572.3666666666667,4510.0,0.0,1.0,0.0,0.0,0.0,0.0,0.0,bundang_cc,0,6,0,2023,summer,0,0.0,0.0,58353.87794112001,43700.56975296,0.0,0.0
2023-06-13,602.929525968,0.0,0.0,7.01875,8.0,2180.0,10.092592592592592,17.37,90.96,334.01,2.55,,,-0.4382142709590474,0.8988705428079343,35.67058823529412,,3.825,27.1625,572.3666666666667,2180.0,0.0,1.0,0.0,0.0,0.0,0.0,0.0,bundang_cc,0,6,1,2023,summer,0,0.0,0.0,63350.51561856,53933.480423999994,0.0,0.0
2023-06-14,1083.57665256,0.0,0.0,6.60625,8.0,4470.0,20.694444444444443,18.08,95.63,334.0,2.55,,,-0.4383711467890778,0.8987940462991668,37.50196078431373,,3.825,27.1625,572.3666666666667,4470.0,0.0,1.0,0.0,0.0,0.0,0.0,0.0,bundang_cc,0,6,2,2023,summer,0,0.0,0.0,36175.77155808,72975.16515744,0.0,0.0
2023-06-15,469.28253959999995,0.0,0.0,6.3325,8.0,2408.0,11.148148148148149,18.16,78.29,334.01,2.56,,,-0.4382142709590474,0.8988705428079343,30.582031250000004,,3.84,27.1625,572.3666666666667,2408.0,0.0,1.0,0.0,0.0,0.0,0.0,0.0,bundang_cc,0,6,3,2023,summer,0,0.0,0.0,65014.59915359999,53449.777169279994,0.0,0.0
2023-06-16,674.79145488,0.0,0.0,5.48875,8.0,2161.0,10.00462962962963,18.63,70.88,334.01,2.58,,,-0.4382142709590474,0.8988705428079343,27.472868217054263,,3.87,27.1625,572.3666666666667,2161.0,0.0,1.0,0.0,0.0,0.0,0.0,0.0,bundang_cc,0,6,4,2023,summer,0,0.0,0.0,28156.952375999997,60918.58406016001,0.0,0.0
2023-06-17,13.445042544,0.0,0.0,4.987500000000001,8.0,0.0,0.0,20.21,64.75,334.01,2.57,,,-0.4382142709590474,0.8988705428079343,25.19455252918288,,3.854999999999999,27.1625,572.3666666666667,0.0,0.0,1.0,0.0,0.0,0.0,0.0,0.0,bundang_cc,0,6,5,2023,summer,0,0.0,0.0,40487.4872928,59507.99675136,0.0,0.0
2023-06-18,250.815599136,0.0,0.0,5.17,8.0,754.0,3.490740740740741,21.55,76.82,334.01,2.57,,,-0.4382142709590474,0.8988705428079343,29.891050583657588,,3.854999999999999,27.1625,572.3666666666667,754.0,0.0,1.0,0.0,0.0,0.0,0.0,0.0,bundang_cc,0,6,6,2023,summer,0,0.0,0.0,806.70255264,58353.87794112001,0.0,0.0
2023-06-19,1257.167193264,0.0,0.0,9.10375,8.0,4047.0,18.73611111111111,23.29,74.0,334.01,2.59,,,-0.4382142709590474,0.8988705428079343,28.571428571428573,,3.885,27.1625,572.3666666666667,4047.0,0.0,1.0,0.0,0.0,0.0,0.0,0.0,bundang_cc,0,6,0,2023,summer,0,0.0,0.0,15048.93594816,63350.51561856,0.0,0.0
2023-06-20,987.639071616,0.0,0.0,8.30375,8.0,3976.0,18.40740740740741,19.01,100.0,334.01,2.57,,,-0.4382142709590474,0.8988705428079343,38.91050583657588,,3.854999999999999,27.1625,572.3666666666667,3976.0,0.0,1.0,0.0,0.0,0.0,0.0,0.0,bundang_cc,0,6,1,2023,summer,0,0.0,0.0,75430.03159584,36175.77155808,0.0,0.0
2023-06-21,787.374918,0.0,0.0,5.2,8.0,2555.0,11.828703703703704,19.02,100.0,334.0,2.58,,,-0.4383711467890778,0.8987940462991668,38.75968992248062,,3.87,27.1625,572.3666666666667,2555.0,0.0,1.0,0.0,0.0,0.0,0.0,0.0,bundang_cc,0,6,2,2023,summer,0,0.0,0.0,59258.34429696,65014.59915359999,0.0,0.0
2023-06-22,13.092470928000001,0.0,0.0,5.12125,8.0,0.0,0.0,19.8,100.0,334.01,2.56,,,-0.4382142709590474,0.8988705428079343,39.0625,,3.84,27.1625,572.3666666666667,0.0,0.0,1.0,0.0,0.0,0.0,0.0,0.0,bundang_cc,0,6,3,2023,summer,0,0.0,0.0,47242.49508,28156.952375999997,0.0,0.0
2023-06-23,1045.6252475039998,0.0,0.0,7.4425,8.0,4622.0,21.39814814814815,21.2,100.0,334.01,2.58,,,-0.4382142709590474,0.8988705428079343,38.75968992248062,,3.87,27.1625,572.3666666666667,4622.0,0.0,1.0,0.0,0.0,0.0,0.0,0.0,bundang_cc,0,6,4,2023,summer,0,0.0,0.0,785.54825568,40487.4872928,0.0,0.0
2023-06-24,726.1966486080001,0.0,0.0,7.50625,8.0,4089.0,18.930555555555557,23.18,90.5,334.01,2.59,,,-0.4382142709590474,0.8988705428079343,34.942084942084946,,3.885,27.1625,572.3666666666667,4089.0,0.0,1.0,0.0,0.0,0.0,0.0,0.0,bundang_cc,0,6,5,2023,summer,0,0.0,0.0,62737.51485024,806.70255264,0.0,0.0
2023-06-25,440.37747921600004,0.0,0.0,7.385,8.0,1837.0,8.50462962962963,26.13,63.24,334.01,2.63,,,-0.4382142709590474,0.8988705428079343,24.04562737642586,,3.945,27.1625,572.3666666666667,1837.0,0.0,1.0,0.0,0.0,0.0,0.0,0.0,bundang_cc,0,6,6,2023,summer,0,0.0,0.0,43571.79891648001,15048.93594816,0.0,0.0
2023-06-26,1102.9287925439999,0.0,0.0,7.4,8.0,5115.0,23.680555555555554,23.36,100.0,334.1,2.61,,,-0.4368017883677019,0.8995577789551805,38.31417624521073,,3.915,27.1625,572.3666666666667,5115.0,0.0,1.0,0.0,0.0,0.0,0.0,0.0,bundang_cc,0,6,0,2023,summer,0,0.0,0.0,26422.64875296,75430.03159584,0.0,0.0
2023-06-27,297.441344304,0.0,0.0,6.08375,8.0,820.0,3.796296296296296,22.89,90.92,334.01,2.6,,,-0.4382142709590474,0.8988705428079343,34.96923076923077,,3.9,27.1625,572.3666666666667,820.0,0.0,1.0,0.0,0.0,0.0,0.0,0.0,bundang_cc,0,6,1,2023,summer,0,0.0,0.0,66175.72755263999,59258.34429696,0.0,0.0
2023-06-28,894.949464096,0.0,0.0,5.41375,8.0,2420.0,11.203703703703702,24.89,94.76,334.51,2.64,,,-0.4303535594021165,0.9026604089633758,35.89393939393939,,3.96,27.1625,572.3666666666667,2420.0,0.0,1.0,0.0,0.0,0.0,0.0,0.0,bundang_cc,0,6,2,2023,summer,0,0.0,0.0,17846.480658239998,47242.49508,0.0,0.0
2023-06-29,1428.2597532959999,0.0,0.0,7.50875,8.0,5315.0,24.60648148148148,23.22,100.0,334.01,2.61,,,-0.4382142709590474,0.8988705428079343,38.31417624521073,,3.915,27.1625,572.3666666666667,5315.0,0.0,1.0,0.0,0.0,0.0,0.0,0.0,bundang_cc,0,6,3,2023,summer,0,0.0,0.0,53696.96784576,785.54825568,0.0,0.0
2023-06-30,1785.884910912,0.0,0.0,6.8325,8.0,7436.0,34.425925925925924,22.78,100.0,334.04,2.61,,,-0.4377435633954523,0.8990998680379458,38.31417624521073,,3.915,27.1625,572.3666666666667,7436.0,0.0,1.0,0.0,0.0,0.0,0.0,0.0,bundang_cc,0,6,4,2023,summer,0,0.0,0.0,85695.58519776,62737.51485024,0.0,0.0
2023-07-01,15.886235088000001,0.0,0.0,6.481249999999999,8.0,0.0,0.0,22.99,100.0,334.04,2.61,,,-0.4377435633954523,0.8990998680379458,38.31417624521073,,3.915,26.165,261.38709677419354,0.0,0.0,1.0,0.0,0.0,0.0,0.0,0.0,bundang_cc,0,7,5,2023,summer,0,0.0,0.0,107153.09465472,43571.79891648001,0.0,0.0
2023-07-02,13.176761615999999,0.0,0.0,4.8275,8.0,0.0,0.0,23.5,100.0,334.26,2.59,,,-0.4342880492898044,0.9007740506053982,38.610038610038615,,3.885,26.165,261.38709677419354,0.0,0.0,1.0,0.0,0.0,0.0,0.0,0.0,bundang_cc,0,7,6,2023,summer,0,0.0,0.0,953.17410528,26422.64875296,0.0,0.0
2023-07-03,14.300844192,0.0,0.0,6.84875,8.0,0.0,0.0,24.59,100.0,331.01,2.17,,,-0.484656962927115,0.8747043090589328,46.082949308755765,,3.255,26.165,261.38709677419354,0.0,0.0,1.0,0.0,0.0,0.0,0.0,0.0,bundang_cc,0,7,0,2023,summer,0,0.0,0.0,790.6056969599999,66175.72755263999,0.0,0.0
2023-07-04,712.122830496,0.0,0.0,5.70625,8.0,1442.0,6.675925925925926,24.81,99.48,331.0,2.19,,,-0.4848096202463369,0.8746197071393959,45.42465753424658,,3.285,26.165,261.38709677419354,1442.0,0.0,1.0,0.0,0.0,0.0,0.0,0.0,bundang_cc,0,7,1,2023,summer,0,0.0,0.0,858.05065152,17846.480658239998,0.0,0.0
2023-07-05,1165.402290672,0.0,0.0,11.77375,8.0,1923.0,8.902777777777777,21.09,100.0,331.0,2.19,,,-0.4848096202463369,0.8746197071393959,45.662100456621005,,3.285,26.165,261.38709677419354,1923.0,0.0,1.0,0.0,0.0,0.0,0.0,0.0,bundang_cc,0,7,2,2023,summer,0,0.0,0.0,42727.36982976,53696.96784576,0.0,0.0
2023-07-06,14.502403584,0.0,0.0,5.421250000000001,8.0,0.0,0.0,23.27,82.24,331.0,2.19,,,-0.4848096202463369,0.8746197071393959,37.55251141552511,,3.285,26.165,261.38709677419354,0.0,0.0,1.0,0.0,0.0,0.0,0.0,0.0,bundang_cc,0,7,3,2023,summer,0,0.0,0.0,69924.13744032,85695.58519776,0.0,0.0
2023-07-07,1477.3965014880002,0.0,0.0,8.07625,8.0,3414.0,15.805555555555555,22.35,78.25,331.0,2.2,,,-0.4848096202463369,0.8746197071393959,35.56818181818181,,3.3000000000000003,26.165,261.38709677419354,3414.0,0.0,1.0,0.0,0.0,0.0,0.0,0.0,bundang_cc,0,7,4,2023,summer,0,0.0,0.0,870.14421504,107153.09465472,0.0,0.0
2023-07-08,13.790386655999999,0.0,0.0,5.095,8.0,0.0,0.0,23.74,99.99,331.01,2.21,,,-0.484656962927115,0.8747043090589328,45.244343891402714,,3.315,26.165,261.38709677419354,0.0,0.0,1.0,0.0,0.0,0.0,0.0,0.0,bundang_cc,0,7,5,2023,summer,0,0.0,0.0,88643.79008928001,953.17410528,0.0,0.0
2023-07-09,13.711104,0.0,0.0,5.245,8.0,0.0,0.0,23.26,100.0,331.01,2.2,,,-0.484656962927115,0.8747043090589328,45.45454545454545,,3.3000000000000003,26.165,261.38709677419354,0.0,0.0,1.0,0.0,0.0,0.0,0.0,0.0,bundang_cc,0,7,6,2023,summer,0,0.0,0.0,827.4231993599999,790.6056969599999,0.0,0.0
2023-07-10,617.572559952,0.0,0.0,7.972499999999999,8.0,1791.0,8.291666666666666,23.98,97.38,331.01,2.21,,,-0.484656962927115,0.8747043090589328,44.06334841628959,,3.315,26.165,261.38709677419354,1791.0,0.0,1.0,0.0,0.0,0.0,0.0,0.0,bundang_cc,0,7,0,2023,summer,0,0.0,0.0,822.66624,858.05065152,0.0,0.0
2023-07-11,481.475859552,0.0,0.0,5.713749999999999,8.0,1348.0,6.2407407407407405,21.4,100.0,331.0,2.21,,,-0.4848096202463369,0.8746197071393959,45.248868778280546,,3.315,26.165,261.38709677419354,1348.0,0.0,1.0,0.0,0.0,0.0,0.0,0.0,bundang_cc,0,7,1,2023,summer,0,0.0,0.0,37054.35359712,42727.36982976,0.0,0.0
2023-07-12,14.167389456,0.0,0.0,5.2524999999999995,8.0,0.0,0.0,24.3,100.0,331.01,2.2,,,-0.484656962927115,0.8747043090589328,45.45454545454545,,3.3000000000000003,26.165,261.38709677419354,0.0,0.0,1.0,0.0,0.0,0.0,0.0,0.0,bundang_cc,0,7,2,2023,summer,0,0.0,0.0,28888.55157312,69924.13744032,0.0,0.0
2023-07-13,1145.776838832,0.0,0.0,6.422499999999999,8.0,4074.0,18.86111111111111,24.53,100.0,331.0,2.21,,,-0.4848096202463369,0.8746197071393959,45.248868778280546,,3.315,26.165,261.38709677419354,4074.0,0.0,1.0,0.0,0.0,0.0,0.0,0.0,bundang_cc,0,7,3,2023,summer,0,0.0,0.0,850.04336736,870.14421504,0.0,0.0
2023-07-14,17.067554928,0.0,0.0,5.24,8.0,0.0,0.0,24.12,100.0,331.0,2.22,,,-0.4848096202463369,0.8746197071393959,45.04504504504504,,3.33,26.165,261.38709677419354,0.0,0.0,1.0,0.0,0.0,0.0,0.0,0.0,bundang_cc,0,7,4,2023,summer,0,0.0,0.0,68746.61032992,88643.79008928001,0.0,0.0
2023-07-15,14.01781824,0.0,0.0,5.383750000000001,8.0,0.0,0.0,22.89,94.91,331.0,2.21,,,-0.4848096202463369,0.8746197071393959,42.94570135746606,,3.315,26.165,261.38709677419354,0.0,0.0,1.0,0.0,0.0,0.0,0.0,0.0,bundang_cc,0,7,5,2023,summer,0,0.0,0.0,1024.05329568,827.4231993599999,0.0,0.0
2023-07-16,13.302609120000003,0.0,0.0,5.5075,8.0,0.0,0.0,22.55,100.0,331.0,2.2,,,-0.4848096202463369,0.8746197071393959,45.45454545454545,,3.3000000000000003,26.165,261.38709677419354,0.0,0.0,1.0,0.0,0.0,0.0,0.0,0.0,bundang_cc,0,7,6,2023,summer,0,0.0,0.0,841.0690944,822.66624,0.0,0.0
2023-07-17,443.645158176,0.0,0.0,5.50125,8.0,635.0,2.939814814814815,23.54,100.0,331.01,2.26,,,-0.484656962927115,0.8747043090589328,44.24778761061947,,3.3899999999999997,26.165,261.38709677419354,635.0,0.0,1.0,0.0,0.0,0.0,0.0,0.0,bundang_cc,0,7,0,2023,summer,0,0.0,0.0,798.1565472000002,37054.35359712,0.0,0.0
2023-07-18,15.890195232,0.0,0.0,6.4712499999999995,8.0,0.0,0.0,21.86,100.0,331.0,2.22,,,-0.4848096202463369,0.8746197071393959,45.04504504504504,,3.33,26.165,261.38709677419354,0.0,0.0,1.0,0.0,0.0,0.0,0.0,0.0,bundang_cc,0,7,1,2023,summer,0,0.0,0.0,26618.70949056,28888.55157312,0.0,0.0
2023-07-19,447.86068430400013,0.0,0.0,5.38125,8.0,604.0,2.7962962962962963,22.98,100.0,331.01,2.21,,,-0.484656962927115,0.8747043090589328,45.248868778280546,,3.315,26.165,261.38709677419354,604.0,0.0,1.0,0.0,0.0,0.0,0.0,0.0,bundang_cc,0,7,2,2023,summer,0,0.0,0.0,953.41171392,850.04336736,0.0,0.0
2023-07-20,561.8561627519999,0.0,0.0,4.88875,8.0,1392.0,6.444444444444445,23.48,99.81,331.01,2.21,,,-0.484656962927115,0.8747043090589328,45.16289592760181,,3.315,26.165,261.38709677419354,1392.0,0.0,1.0,0.0,0.0,0.0,0.0,0.0,bundang_cc,0,7,3,2023,summer,0,0.0,0.0,26871.64105824001,68746.61032992,0.0,0.0
2023-07-21,1537.846637472,0.0,0.0,7.19375,8.0,5478.0,25.36111111111111,27.71,74.91,331.01,2.19,,,-0.484656962927115,0.8747043090589328,34.205479452054796,,3.285,26.165,261.38709677419354,5478.0,0.0,1.0,0.0,0.0,0.0,0.0,0.0,bundang_cc,0,7,4,2023,summer,0,0.0,0.0,33711.36976512,1024.05329568,0.0,0.0
2023-07-22,13.929408864000001,0.0,0.0,4.949999999999999,8.0,0.0,0.0,23.98,96.3,331.01,2.22,,,-0.484656962927115,0.8747043090589328,43.37837837837837,,3.33,26.165,261.38709677419354,0.0,0.0,1.0,0.0,0.0,0.0,0.0,0.0,bundang_cc,0,7,5,2023,summer,0,0.0,0.0,92270.79824832,841.0690944,0.0,0.0
2023-07-23,13.972517712,0.0,0.0,4.92625,8.0,0.0,0.0,24.26,100.0,331.01,2.24,,,-0.484656962927115,0.8747043090589328,44.64285714285714,,3.3600000000000003,26.165,261.38709677419354,0.0,0.0,1.0,0.0,0.0,0.0,0.0,0.0,bundang_cc,0,7,6,2023,summer,0,0.0,0.0,835.76453184,798.1565472000002,0.0,0.0
2023-07-24,1894.737901248,0.0,0.0,6.0,8.0,8631.0,39.958333333333336,24.23,100.0,331.01,2.24,,,-0.484656962927115,0.8747043090589328,44.64285714285714,,3.3600000000000003,26.165,261.38709677419354,8631.0,0.0,1.0,0.0,0.0,0.0,0.0,0.0,bundang_cc,0,7,0,2023,summer,0,0.0,0.0,838.35106272,26618.70949056,0.0,0.0
2023-07-25,1109.25262584,0.0,0.0,3.135,8.0,3288.0,15.222222222222223,24.91,100.0,331.01,2.22,,,-0.484656962927115,0.8747043090589328,45.04504504504504,,3.33,26.165,261.38709677419354,3288.0,0.0,1.0,0.0,0.0,0.0,0.0,0.0,bundang_cc,0,7,1,2023,summer,0,0.0,0.0,113684.27407488,953.41171392,0.0,0.0
2023-07-26,477.773709264,0.0,0.0,4.70625,8.0,1128.0,5.222222222222222,23.16,100.0,331.01,2.24,,,-0.484656962927115,0.8747043090589328,44.64285714285714,,3.3600000000000003,26.165,261.38709677419354,1128.0,0.0,1.0,0.0,0.0,0.0,0.0,0.0,bundang_cc,0,7,2,2023,summer,0,0.0,0.0,66555.1575504,26871.64105824001,0.0,0.0
2023-07-27,1083.295140768,0.0,0.0,3.37375,8.0,2883.0,13.34722222222222,24.44,100.0,331.01,2.22,,,-0.484656962927115,0.8747043090589328,45.04504504504504,,3.33,26.165,261.38709677419354,2883.0,0.0,1.0,0.0,0.0,0.0,0.0,0.0,bundang_cc,0,7,3,2023,summer,0,0.0,0.0,28666.42255584,33711.36976512,0.0,0.0
2023-07-28,1845.664789392,0.0,0.0,6.3100000000000005,8.0,8450.0,39.120370370370374,24.83,99.97,331.01,2.22,,,-0.484656962927115,0.8747043090589328,45.03153153153153,,3.33,26.165,261.38709677419354,8450.0,0.0,1.0,0.0,0.0,0.0,0.0,0.0,bundang_cc,0,7,4,2023,summer,0,0.0,0.0,64997.70844608,92270.79824832,0.0,0.0
2023-07-29,583.8964650720001,0.0,0.0,5.285,8.0,1156.0,5.351851851851852,25.39,83.96,331.01,2.22,,,-0.484656962927115,0.8747043090589328,37.81981981981981,,3.33,26.165,261.38709677419354,1156.0,0.0,1.0,0.0,0.0,0.0,0.0,0.0,bundang_cc,0,7,5,2023,summer,0,0.0,0.0,110739.88736352,835.76453184,0.0,0.0
2023-07-30,13.329960479999999,0.0,0.0,5.13125,8.0,0.0,0.0,25.2,98.64,331.01,2.22,,,-0.484656962927115,0.8747043090589328,44.43243243243243,,3.33,26.165,261.38709677419354,0.0,0.0,1.0,0.0,0.0,0.0,0.0,0.0,bundang_cc,0,7,6,2023,summer,0,0.0,0.0,35033.78790432,838.35106272,0.0,0.0
2023-07-31,13.544991648000002,0.0,0.0,5.69875,8.0,0.0,0.0,25.81,94.74,331.01,2.23,,,-0.484656962927115,0.8747043090589328,42.48430493273543,,3.345,26.165,261.38709677419354,0.0,0.0,1.0,0.0,0.0,0.0,0.0,0.0,bundang_cc,0,7,0,2023,summer,0,0.0,0.0,799.7976287999999,113684.27407488,0.0,0.0
2023-08-01,521.618378688,0.0,0.0,4.5962499999999995,8.0,1296.0,6.0,26.27,95.51,331.01,2.21,,,-0.484656962927115,0.8747043090589328,43.21719457013575,,3.315,26.43375,398.4193548387097,1296.0,0.0,1.0,0.0,0.0,0.0,0.0,0.0,bundang_cc,0,8,1,2023,summer,0,0.0,0.0,812.6994988800001,66555.1575504,0.0,0.0
2023-08-02,611.9686018079999,0.0,0.0,4.14875,8.0,1765.0,8.171296296296296,24.38,80.92,331.01,2.22,,,-0.484656962927115,0.8747043090589328,36.45045045045045,,3.33,26.43375,398.4193548387097,1765.0,0.0,1.0,0.0,0.0,0.0,0.0,0.0,bundang_cc,0,8,2,2023,summer,0,0.0,0.0,31297.10272128,28666.42255584,0.0,0.0
2023-08-03,340.67501208,0.0,0.0,3.17375,8.0,1270.0,5.87962962962963,24.94,85.34,331.26,2.23,,,-0.4808357439090125,0.8768106907305969,38.26905829596413,,3.345,26.43375,398.4193548387097,1270.0,0.0,1.0,0.0,0.0,0.0,0.0,0.0,bundang_cc,0,8,3,2023,summer,0,0.0,0.0,36718.11610848,64997.70844608,0.0,0.0
2023-08-04,388.20711326400004,0.0,0.0,4.25625,8.0,1519.0,7.032407407407408,25.46,89.62,331.49,2.25,,,-0.4773121355126747,0.8787338193630253,39.83111111111111,,3.375,26.43375,398.4193548387097,1519.0,0.0,1.0,0.0,0.0,0.0,0.0,0.0,bundang_cc,0,8,4,2023,summer,0,0.0,0.0,20440.5007248,110739.88736352,0.0,0.0
2023-08-05,11.754679536,0.0,0.0,2.7925,8.0,0.0,0.0,26.49,98.48,331.07,2.24,,,-0.4837407091411709,0.875211360940657,43.964285714285715,,3.3600000000000003,26.43375,398.4193548387097,0.0,0.0,1.0,0.0,0.0,0.0,0.0,0.0,bundang_cc,0,8,5,2023,summer,0,0.0,0.0,23292.42679584,35033.78790432,0.0,0.0
2023-08-06,11.436545520000001,0.0,0.0,2.9075,8.0,0.0,0.0,26.23,95.57,331.49,2.26,,,-0.4773121355126747,0.8787338193630253,42.28761061946903,,3.3899999999999997,26.43375,398.4193548387097,0.0,0.0,1.0,0.0,0.0,0.0,0.0,0.0,bundang_cc,0,8,6,2023,summer,0,0.0,0.0,705.28077216,799.7976287999999,0.0,0.0
2023-08-07,1290.2312897279999,0.0,0.0,6.365,8.0,5969.0,27.63425925925926,28.49,72.45,331.48,2.26,,,-0.4774654962259809,0.8786504992963231,32.05752212389381,,3.3899999999999997,26.43375,398.4193548387097,5969.0,0.0,1.0,0.0,0.0,0.0,0.0,0.0,bundang_cc,0,8,0,2023,summer,0,0.0,0.0,686.1927312,812.6994988800001,0.0,0.0
2023-08-08,1621.496086272,0.0,0.0,5.60625,8.0,8938.0,41.379629629629626,28.72,70.57,331.26,2.25,,,-0.4808357439090125,0.8768106907305969,31.36444444444444,,3.375,26.43375,398.4193548387097,8938.0,0.0,1.0,0.0,0.0,0.0,0.0,0.0,bundang_cc,0,8,1,2023,summer,0,0.0,0.0,77413.87738368,31297.10272128,0.0,0.0
2023-08-09,1478.874986928,0.0,0.0,5.452500000000001,8.0,8239.0,38.14351851851852,22.74,100.0,331.01,2.24,,,-0.484656962927115,0.8747043090589328,44.64285714285714,,3.3600000000000003,26.43375,398.4193548387097,8239.0,0.0,1.0,0.0,0.0,0.0,0.0,0.0,bundang_cc,0,8,2,2023,summer,0,0.0,0.0,97289.76517632,36718.11610848,0.0,0.0
2023-08-10,335.92407840000004,0.0,0.0,4.01125,8.0,1523.0,7.050925925925926,21.02,100.0,331.6,2.26,,,-0.4756242090702748,0.8796485728666167,44.24778761061947,,3.3899999999999997,26.43375,398.4193548387097,1523.0,0.0,1.0,0.0,0.0,0.0,0.0,0.0,bundang_cc,0,8,3,2023,summer,0,0.0,0.0,88732.49921568,20440.5007248,0.0,0.0
2023-08-11,12.879088128,0.0,0.0,2.7,8.0,0.0,0.0,23.07,100.0,331.02,2.24,,,-0.4845042908443986,0.8747888843334524,44.64285714285714,,3.3600000000000003,26.43375,398.4193548387097,0.0,0.0,1.0,0.0,0.0,0.0,0.0,0.0,bundang_cc,0,8,4,2023,summer,0,0.0,0.0,20155.444704,23292.42679584,0.0,0.0
2023-08-12,11.314127376,0.0,0.0,2.625,8.0,0.0,0.0,21.18,100.0,331.5,2.27,,,-0.4771587602596087,0.8788171126619652,44.052863436123346,,3.405,26.43375,398.4193548387097,0.0,0.0,1.0,0.0,0.0,0.0,0.0,0.0,bundang_cc,0,8,5,2023,summer,0,0.0,0.0,772.7452876799999,705.28077216,0.0,0.0
2023-08-13,10.364128416,0.0,0.0,2.61625,8.0,0.0,0.0,24.63,100.0,331.4,2.25,,,-0.478691857940607,0.8779829754279804,44.44444444444444,,3.375,26.43375,398.4193548387097,0.0,0.0,1.0,0.0,0.0,0.0,0.0,0.0,bundang_cc,0,8,6,2023,summer,0,0.0,0.0,678.84764256,686.1927312,0.0,0.0
2023-08-14,964.739768832,0.0,0.0,5.50625,8.0,4732.0,21.90740740740741,24.47,97.67,331.2,2.24,,,-0.4817536741017153,0.8763066800438636,43.60267857142857,,3.3600000000000003,26.43375,398.4193548387097,4732.0,0.0,1.0,0.0,0.0,0.0,0.0,0.0,bundang_cc,0,8,0,2023,summer,0,0.0,0.0,621.84770496,77413.87738368,0.0,0.0
2023-08-15,11.917730592000002,0.0,0.0,2.645,8.0,0.0,0.0,25.83,97.14,331.01,2.24,,,-0.484656962927115,0.8747043090589328,43.36607142857142,,3.3600000000000003,26.43375,398.4193548387097,0.0,0.0,1.0,0.0,0.0,0.0,0.0,0.0,bundang_cc,0,8,1,2023,summer,0,0.0,0.0,57884.38612992,97289.76517632,0.0,0.0
2023-08-16,2028.57858936,0.0,0.0,6.48,8.0,9230.0,42.73148148148148,23.83,99.98,331.51,2.25,,,-0.4770053704714557,0.878900379190605,44.43555555555556,,3.375,26.43375,398.4193548387097,9230.0,0.0,1.0,0.0,0.0,0.0,0.0,0.0,bundang_cc,0,8,2,2023,summer,0,0.0,0.0,715.0638355200001,88732.49921568,0.0,0.0
2023-08-17,752.795293392,0.0,0.0,4.279999999999999,8.0,2073.0,9.59722222222222,25.26,94.61,331.78,2.26,,,-0.4728583690123231,0.8811384470416699,41.86283185840709,,3.3899999999999997,26.43375,398.4193548387097,2073.0,0.0,1.0,0.0,0.0,0.0,0.0,0.0,bundang_cc,0,8,3,2023,summer,0,0.0,0.0,121714.7153616,20155.444704,0.0,0.0
2023-08-18,1071.650001744,0.0,0.0,6.311249999999999,8.0,4416.0,20.444444444444446,25.5,83.98,331.9,2.26,,,-0.4710118812194107,0.8821268660176674,37.15929203539824,,3.3899999999999997,26.43375,398.4193548387097,4416.0,0.0,1.0,0.0,0.0,0.0,0.0,0.0,bundang_cc,0,8,4,2023,summer,0,0.0,0.0,45167.717603519995,772.7452876799999,0.0,0.0
2023-08-19,13.081776624000002,0.0,0.0,4.4875,8.0,0.0,0.0,24.94,86.88,331.45,2.25,,,-0.4779254910806337,0.8784003785150226,38.61333333333333,,3.375,26.43375,398.4193548387097,0.0,0.0,1.0,0.0,0.0,0.0,0.0,0.0,bundang_cc,0,8,5,2023,summer,0,0.0,0.0,64299.00010464,678.84764256,0.0,0.0
2023-08-20,12.103024607999998,0.0,0.0,4.3475,8.0,0.0,0.0,24.87,95.36,331.12,2.24,,,-0.4829767590483508,0.8756331710363372,42.57142857142857,,3.3600000000000003,26.43375,398.4193548387097,0.0,0.0,1.0,0.0,0.0,0.0,0.0,0.0,bundang_cc,0,8,6,2023,summer,0,0.0,0.0,784.90659744,621.84770496,0.0,0.0
2023-08-21,1518.771029904,0.0,0.0,6.3825,8.0,7247.0,33.55092592592593,26.38,98.61,332.07,2.33,,,-0.4683924886984538,0.8835205014773957,42.32188841201717,,3.495,26.43375,398.4193548387097,7247.0,0.0,1.0,0.0,0.0,0.0,0.0,0.0,bundang_cc,0,8,0,2023,summer,0,0.0,0.0,726.1814764799999,57884.38612992,0.0,0.0
2023-08-22,1425.068278704,0.0,0.0,5.88875,8.0,6560.0,30.37037037037037,25.5,98.84,331.82,2.26,,,-0.472243103146908,0.881468349704162,43.73451327433629,,3.3899999999999997,26.43375,398.4193548387097,6560.0,0.0,1.0,0.0,0.0,0.0,0.0,0.0,bundang_cc,0,8,1,2023,summer,0,0.0,0.0,91126.26179424,715.0638355200001,0.0,0.0
2023-08-23,570.353047632,0.0,0.0,4.55,8.0,1761.0,8.152777777777779,23.06,100.0,331.8,2.27,,,-0.4725507648690538,0.8813034520649923,44.052863436123346,,3.405,26.43375,398.4193548387097,1761.0,0.0,1.0,0.0,0.0,0.0,0.0,0.0,bundang_cc,0,8,2,2023,summer,0,0.0,0.0,85504.09672224,121714.7153616,0.0,0.0
2023-08-24,13.91277384,0.0,0.0,4.45625,8.0,0.0,0.0,24.65,100.0,331.12,2.24,,,-0.4829767590483508,0.8756331710363372,44.64285714285714,,3.3600000000000003,26.43375,398.4193548387097,0.0,0.0,1.0,0.0,0.0,0.0,0.0,0.0,bundang_cc,0,8,3,2023,summer,0,0.0,0.0,34221.18285792,45167.717603519995,0.0,0.0
2023-08-25,1439.939736,0.0,0.0,5.626250000000001,8.0,5550.0,25.694444444444443,22.58,100.0,331.87,2.27,,,-0.4714736971799853,0.8818801238645962,44.052863436123346,,3.405,26.43375,398.4193548387097,5550.0,0.0,1.0,0.0,0.0,0.0,0.0,0.0,bundang_cc,0,8,4,2023,summer,0,0.0,0.0,834.7664304,64299.00010464,0.0,0.0
2023-08-26,14.102090784000003,0.0,0.0,4.473750000000001,8.0,0.0,0.0,22.35,95.44,331.27,2.23,,,-0.4806827042515429,0.8768945990445053,42.7982062780269,,3.345,26.43375,398.4193548387097,0.0,0.0,1.0,0.0,0.0,0.0,0.0,0.0,bundang_cc,0,8,5,2023,summer,0,0.0,0.0,86396.38416,784.90659744,0.0,0.0
2023-08-27,12.93135192,0.0,0.0,4.4,8.0,0.0,0.0,24.17,91.17,331.81,2.28,,,-0.4723969412029978,0.8813859143088523,39.986842105263165,,3.42,26.43375,398.4193548387097,0.0,0.0,1.0,0.0,0.0,0.0,0.0,0.0,bundang_cc,0,8,6,2023,summer,0,0.0,0.0,846.1254470400002,726.1814764799999,0.0,0.0
2023-08-28,12.676149936,0.0,0.0,4.45875,8.0,0.0,0.0,25.93,76.52,331.81,2.26,,,-0.4723969412029978,0.8813859143088523,33.85840707964602,,3.3899999999999997,26.43375,398.4193548387097,0.0,0.0,1.0,0.0,0.0,0.0,0.0,0.0,bundang_cc,0,8,0,2023,summer,0,0.0,0.0,775.8811152000001,91126.26179424,0.0,0.0
2023-08-29,518.318579232,0.0,0.0,6.1537500000000005,8.0,1199.0,5.550925925925926,21.24,100.0,331.62,2.28,,,-0.4753171248226871,0.8798145434409993,43.85964912280702,,3.42,26.43375,398.4193548387097,1199.0,0.0,1.0,0.0,0.0,0.0,0.0,0.0,bundang_cc,0,8,1,2023,summer,0,0.0,0.0,760.56899616,85504.09672224,0.0,0.0
2023-08-30,14.88432384,0.0,0.0,5.20875,8.0,0.0,0.0,19.96,100.0,332.0,2.3,,,-0.4694715627858908,0.882947592858927,43.47826086956522,,3.4499999999999997,26.43375,398.4193548387097,0.0,0.0,1.0,0.0,0.0,0.0,0.0,0.0,bundang_cc,0,8,2,2023,summer,0,0.0,0.0,31099.114753920003,34221.18285792,0.0,0.0
2023-08-31,12.545847216,0.0,0.0,4.59,8.0,0.0,0.0,19.6,100.0,331.47,2.26,,,-0.4776188423948571,0.8785671524643957,44.24778761061947,,3.3899999999999997,26.43375,398.4193548387097,0.0,0.0,1.0,0.0,0.0,0.0,0.0,0.0,bundang_cc,0,8,3,2023,summer,0,0.0,0.0,893.0594304,834.7664304,0.0,0.0
2023-09-01,1293.3498130560001,0.0,0.0,6.7162500000000005,8.0,4830.0,22.36111111111111,20.3,100.0,331.61,2.27,,,-0.4754706741883134,0.8797315715528861,44.052863436123346,,3.405,27.37375,953.2666666666668,4830.0,0.0,1.0,0.0,0.0,0.0,0.0,0.0,bundang_cc,0,9,4,2023,autumn,0,0.0,0.0,752.75083296,86396.38416,0.0,0.0
2023-09-02,1257.408873792,0.0,0.0,2.19125,8.0,5181.0,23.98611111111111,22.67,85.17,332.0,2.29,,,-0.4694715627858908,0.882947592858927,37.19213973799127,,3.435,27.37375,953.2666666666668,5181.0,0.0,1.0,0.0,0.0,0.0,0.0,0.0,bundang_cc,0,9,5,2023,autumn,0,0.0,0.0,77600.98878336001,846.1254470400002,0.0,0.0
2023-09-03,1311.281266464,0.0,0.0,3.03,8.0,5474.0,25.342592592592595,23.76,100.0,332.0,2.28,,,-0.4694715627858908,0.882947592858927,43.85964912280702,,3.42,27.37375,953.2666666666668,5474.0,0.0,1.0,0.0,0.0,0.0,0.0,0.0,bundang_cc,0,9,6,2023,autumn,0,0.0,0.0,75444.53242752,775.8811152000001,0.0,0.0
2023-09-04,1429.594473168,0.0,0.0,7.86875,8.0,8588.0,39.75925925925926,24.38,100.0,332.01,2.28,,,-0.4693174522100329,0.883029517655601,43.85964912280702,,3.42,27.37375,953.2666666666668,8588.0,0.0,1.0,0.0,0.0,0.0,0.0,0.0,bundang_cc,0,9,0,2023,autumn,0,0.0,0.0,78676.87598784,760.56899616,0.0,0.0
2023-09-05,1495.518746688,0.0,0.0,8.66375,8.0,7594.0,35.15740740740741,23.08,100.0,332.01,2.3,,,-0.4693174522100329,0.883029517655601,43.47826086956522,,3.4499999999999997,27.37375,953.2666666666668,7594.0,0.0,1.0,0.0,0.0,0.0,0.0,0.0,bundang_cc,0,9,1,2023,autumn,0,0.0,0.0,85775.66839008,31099.114753920003,0.0,0.0
2023-09-06,1609.3837656,0.0,0.0,8.2075,8.0,7557.0,34.986111111111114,22.2,82.27,332.0,2.29,,,-0.4694715627858908,0.882947592858927,35.92576419213974,,3.435,27.37375,953.2666666666668,7557.0,0.0,1.0,0.0,0.0,0.0,0.0,0.0,bundang_cc,0,9,2,2023,autumn,0,0.0,0.0,89731.12480127999,893.0594304,0.0,0.0
2023-09-07,1612.3514508,0.0,0.0,7.35125,8.0,7362.0,34.08333333333333,20.84,74.17,332.0,2.28,,,-0.4694715627858908,0.882947592858927,32.530701754385966,,3.42,27.37375,953.2666666666668,7362.0,0.0,1.0,0.0,0.0,0.0,0.0,0.0,bundang_cc,0,9,3,2023,autumn,0,0.0,0.0,96563.025936,752.75083296,0.0,0.0
2023-09-08,1610.56686384,0.0,0.0,7.27625,8.0,7336.0,33.96296296296296,20.57,95.11,332.0,2.28,,,-0.4694715627858908,0.882947592858927,41.71491228070176,,3.42,27.37375,953.2666666666668,7336.0,0.0,1.0,0.0,0.0,0.0,0.0,0.0,bundang_cc,0,9,4,2023,autumn,0,0.0,0.0,96741.087048,77600.98878336001,0.0,0.0
2023-09-09,1673.4879511200002,0.0,0.0,7.375,8.0,6996.0,32.388888888888886,21.76,82.37,332.01,2.27,,,-0.4693174522100329,0.883029517655601,36.2863436123348,,3.405,27.37375,953.2666666666668,6996.0,0.0,1.0,0.0,0.0,0.0,0.0,0.0,bundang_cc,0,9,5,2023,autumn,0,0.0,0.0,96634.0118304,75444.53242752,0.0,0.0
2023-09-10,1682.263715472,0.0,0.0,7.57,8.0,6960.0,32.22222222222222,22.34,84.63,332.0,2.29,,,-0.4694715627858908,0.882947592858927,36.956331877729255,,3.435,27.37375,953.2666666666668,6960.0,0.0,1.0,0.0,0.0,0.0,0.0,0.0,bundang_cc,0,9,6,2023,autumn,0,0.0,0.0,100409.2770672,78676.87598784,0.0,0.0
2023-09-11,1964.6025955199998,0.0,0.0,8.271249999999998,8.0,8424.0,39.0,21.34,84.87,331.97,2.26,,,-0.4699338086891592,0.8827016571021609,37.55309734513275,,3.3899999999999997,27.37375,953.2666666666668,8424.0,0.0,1.0,0.0,0.0,0.0,0.0,0.0,bundang_cc,0,9,0,2023,autumn,0,0.0,0.0,100935.82292832,85775.66839008,0.0,0.0
2023-09-12,1878.952834944,0.0,0.0,8.03375,8.0,7528.0,34.85185185185185,22.87,92.86,332.0,2.28,,,-0.4694715627858908,0.882947592858927,40.7280701754386,,3.42,27.37375,953.2666666666668,7528.0,0.0,1.0,0.0,0.0,0.0,0.0,0.0,bundang_cc,0,9,1,2023,autumn,0,0.0,0.0,117876.1557312,89731.12480127999,0.0,0.0
2023-09-13,1894.270010976,0.0,0.0,4.1075,8.0,7931.0,36.71759259259259,18.88,100.0,332.0,2.3,,,-0.4694715627858908,0.882947592858927,43.47826086956522,,3.4499999999999997,27.37375,953.2666666666668,7931.0,0.0,1.0,0.0,0.0,0.0,0.0,0.0,bundang_cc,0,9,2,2023,autumn,0,0.0,0.0,112737.17009664,96563.025936,0.0,0.0
2023-09-14,2014.64938944,0.0,0.0,4.205,8.0,8364.0,38.72222222222222,21.44,86.05,332.0,2.31,,,-0.4694715627858908,0.882947592858927,37.25108225108225,,3.465,27.37375,953.2666666666668,8364.0,0.0,1.0,0.0,0.0,0.0,0.0,0.0,bundang_cc,0,9,3,2023,autumn,0,0.0,0.0,113656.20065856,96741.087048,0.0,0.0
2023-09-15,1855.7437223519998,0.0,0.0,3.63125,8.0,7229.0,33.467592592592595,21.87,100.0,332.0,2.32,,,-0.4694715627858908,0.882947592858927,43.10344827586207,,3.4799999999999995,27.37375,953.2666666666668,7229.0,0.0,1.0,0.0,0.0,0.0,0.0,0.0,bundang_cc,0,9,4,2023,autumn,0,0.0,0.0,120878.9633664,96634.0118304,0.0,0.0
2023-09-16,1672.9866671039997,0.0,0.0,3.78125,8.0,7082.0,32.78703703703704,22.15,100.0,332.0,2.31,,,-0.4694715627858908,0.882947592858927,43.290043290043286,,3.465,27.37375,953.2666666666668,7082.0,0.0,1.0,0.0,0.0,0.0,0.0,0.0,bundang_cc,0,9,5,2023,autumn,0,0.0,0.0,111344.62334112,100409.2770672,0.0,0.0
2023-09-17,1794.4835556960002,0.0,0.0,3.96875,8.0,6554.0,30.34259259259259,22.61,100.0,332.0,2.29,,,-0.4694715627858908,0.882947592858927,43.66812227074236,,3.435,27.37375,953.2666666666668,6554.0,0.0,1.0,0.0,0.0,0.0,0.0,0.0,bundang_cc,0,9,6,2023,autumn,0,0.0,0.0,100379.20002623998,100935.82292832,0.0,0.0
2023-09-18,1979.980668,0.0,0.0,3.9575,8.0,8368.0,38.74074074074074,20.6,100.0,332.0,2.3,,,-0.4694715627858908,0.882947592858927,43.47826086956522,,3.4499999999999997,27.37375,953.2666666666668,8368.0,0.0,1.0,0.0,0.0,0.0,0.0,0.0,bundang_cc,0,9,0,2023,autumn,0,0.0,0.0,107669.01334176002,117876.1557312,0.0,0.0
2023-09-19,1950.3789259680002,0.0,0.0,3.9725,8.0,8614.0,39.87962962962963,22.0,100.0,332.01,2.3,,,-0.4693174522100329,0.883029517655601,43.47826086956522,,3.4499999999999997,27.37375,953.2666666666668,8614.0,0.0,1.0,0.0,0.0,0.0,0.0,0.0,bundang_cc,0,9,1,2023,autumn,0,0.0,0.0,118798.84008,112737.17009664,0.0,0.0
2023-09-20,1864.52041968,0.0,0.0,3.86625,8.0,7914.0,36.638888888888886,17.74,96.88,332.0,2.34,,,-0.4694715627858908,0.882947592858927,41.40170940170941,,3.51,27.37375,953.2666666666668,7914.0,0.0,1.0,0.0,0.0,0.0,0.0,0.0,bundang_cc,0,9,2,2023,autumn,0,0.0,0.0,117022.73555808,113656.20065856,0.0,0.0
2023-09-21,1881.5077422719999,0.0,0.0,3.48875,8.0,6978.0,32.30555555555556,15.17,100.0,332.0,2.33,,,-0.4694715627858908,0.882947592858927,42.918454935622314,,3.495,27.37375,953.2666666666668,6978.0,0.0,1.0,0.0,0.0,0.0,0.0,0.0,bundang_cc,0,9,3,2023,autumn,0,0.0,0.0,111871.2251808,120878.9633664,0.0,0.0
2023-09-22,1767.855514608,0.0,0.0,3.37125,8.0,6965.0,32.24537037037037,15.9,96.94,332.0,2.31,,,-0.4694715627858908,0.882947592858927,41.96536796536796,,3.465,27.37375,953.2666666666668,6965.0,0.0,1.0,0.0,0.0,0.0,0.0,0.0,bundang_cc,0,9,4,2023,autumn,0,0.0,0.0,112890.46453632,111344.62334112,0.0,0.0
2023-09-23,1444.1830005599998,0.0,0.0,3.49875,8.0,6666.0,30.86111111111111,18.7,80.22,332.0,2.29,,,-0.4694715627858908,0.882947592858927,35.03056768558952,,3.435,27.37375,953.2666666666668,6666.0,0.0,1.0,0.0,0.0,0.0,0.0,0.0,bundang_cc,0,9,5,2023,autumn,0,0.0,0.0,106071.33087648,100379.20002623998,0.0,0.0
2023-09-24,162.100337328,0.0,0.0,1.87125,8.0,1320.0,6.111111111111111,20.27,57.32,332.0,2.28,,,-0.4694715627858908,0.882947592858927,25.140350877192983,,3.42,27.37375,953.2666666666668,1320.0,0.0,1.0,0.0,0.0,0.0,0.0,0.0,bundang_cc,0,9,6,2023,autumn,0,0.0,0.0,86650.98003359999,107669.01334176002,0.0,0.0
2023-09-25,220.562789472,0.0,0.0,2.48375,8.0,1751.0,8.106481481481481,18.78,100.0,332.01,2.3,,,-0.4693174522100329,0.883029517655601,43.47826086956522,,3.4499999999999997,27.37375,953.2666666666668,1751.0,0.0,1.0,0.0,0.0,0.0,0.0,0.0,bundang_cc,0,9,0,2023,autumn,0,0.0,0.0,9726.02023968,118798.84008,0.0,0.0
2023-09-26,161.71487654400002,0.0,0.0,1.20875,8.0,1651.0,7.643518518518519,20.21,100.0,332.01,2.3,,,-0.4693174522100329,0.883029517655601,43.47826086956522,,3.4499999999999997,27.37375,953.2666666666668,1651.0,0.0,1.0,0.0,0.0,0.0,0.0,0.0,bundang_cc,0,9,1,2023,autumn,0,0.0,0.0,13233.76736832,117022.73555808,0.0,0.0
2023-09-27,0.6067617120000001,0.0,0.0,0.38,8.0,0.0,0.0,19.17,100.0,332.0,2.33,,,-0.4694715627858908,0.882947592858927,42.918454935622314,,3.495,27.37375,953.2666666666668,0.0,0.0,1.0,0.0,0.0,0.0,0.0,0.0,bundang_cc,0,9,2,2023,autumn,0,0.0,0.0,9702.89259264,111871.2251808,0.0,0.0
2023-09-28,1.8110590560000004,0.0,0.0,1.07125,8.0,385.0,1.7824074074074074,18.51,100.0,332.01,2.34,,,-0.4693174522100329,0.883029517655601,42.73504273504274,,3.51,27.37375,953.2666666666668,385.0,0.0,1.0,0.0,0.0,0.0,0.0,0.0,bundang_cc,0,9,3,2023,autumn,0,0.0,0.0,36.40570272,112890.46453632,0.0,0.0
2023-09-29,0.770025312,0.0,0.0,0.59,8.0,0.0,0.0,16.18,82.88,332.01,2.31,,,-0.4693174522100329,0.883029517655601,35.878787878787875,,3.465,27.37375,953.2666666666668,0.0,0.0,1.0,0.0,0.0,0.0,0.0,0.0,bundang_cc,0,9,4,2023,autumn,0,0.0,0.0,108.66354336000002,106071.33087648,0.0,0.0
2023-09-30,228.04522704000001,0.0,0.0,2.47375,8.0,1641.0,7.597222222222221,14.99,95.69,332.01,2.3,,,-0.4693174522100329,0.883029517655601,41.60434782608696,,3.4499999999999997,27.37375,953.2666666666668,1641.0,0.0,1.0,0.0,0.0,0.0,0.0,0.0,bundang_cc,0,9,5,2023,autumn,0,0.0,0.0,46.20151872,86650.98003359999,0.0,0.0
2023-10-01,192.784542768,0.0,0.0,2.27,8.0,1722.0,7.972222222222222,13.3,76.41,332.01,2.29,,,-0.4693174522100329,0.883029517655601,33.366812227074234,,3.435,26.5175,357.5483870967742,1722.0,0.0,1.0,0.0,0.0,0.0,0.0,0.0,bundang_cc,0,10,6,2023,autumn,0,0.0,0.0,13682.7136224,9726.02023968,0.0,0.0
2023-10-02,0.6115296960000001,0.0,0.0,0.355,8.0,0.0,0.0,12.84,80.53,332.01,2.29,,,-0.4693174522100329,0.883029517655601,35.16593886462882,,3.435,26.5175,357.5483870967742,0.0,0.0,1.0,0.0,0.0,0.0,0.0,0.0,bundang_cc,0,10,0,2023,autumn,0,0.0,0.0,11567.07256608,13233.76736832,0.0,0.0
2023-10-03,67.42682942399999,0.0,0.0,0.95875,8.0,953.0,4.412037037037037,13.58,99.54,332.0,2.29,,,-0.4694715627858908,0.882947592858927,43.467248908296945,,3.435,26.5175,357.5483870967742,953.0,0.0,1.0,0.0,0.0,0.0,0.0,0.0,bundang_cc,0,10,1,2023,autumn,0,0.0,0.0,36.691781760000005,9702.89259264,0.0,0.0
2023-10-04,81.52250803199999,0.0,0.0,1.67375,8.0,876.0,4.055555555555555,12.73,80.96,332.01,2.35,,,-0.4693174522100329,0.883029517655601,34.45106382978723,,3.5250000000000004,26.5175,357.5483870967742,876.0,0.0,1.0,0.0,0.0,0.0,0.0,0.0,bundang_cc,0,10,2,2023,autumn,0,0.0,0.0,4045.609765439999,36.40570272,0.0,0.0
2023-10-05,0.241052112,0.0,0.0,0.13875,8.0,0.0,0.0,10.42,72.59,332.0,2.31,,,-0.4694715627858908,0.882947592858927,31.424242424242426,,3.465,26.5175,357.5483870967742,0.0,0.0,1.0,0.0,0.0,0.0,0.0,0.0,bundang_cc,0,10,3,2023,autumn,0,0.0,0.0,4891.35048192,108.66354336000002,0.0,0.0
2023-10-06,51.396738192,0.0,0.0,2.6775,8.0,0.0,0.0,12.14,79.49,332.0,2.29,,,-0.4694715627858908,0.882947592858927,34.711790393013096,,3.435,26.5175,357.5483870967742,0.0,0.0,1.0,0.0,0.0,0.0,0.0,0.0,bundang_cc,0,10,4,2023,autumn,0,0.0,0.0,14.46312672,46.20151872,0.0,0.0
2023-10-07,3.295162368,0.0,0.0,2.0437499999999997,8.0,0.0,0.0,15.23,81.97,332.0,2.29,,,-0.4694715627858908,0.882947592858927,35.79475982532751,,3.435,26.5175,357.5483870967742,0.0,0.0,1.0,0.0,0.0,0.0,0.0,0.0,bundang_cc,0,10,5,2023,autumn,0,0.0,0.0,3083.80429152,13682.7136224,0.0,0.0
2023-10-08,2.346054336,0.0,0.0,1.8725,8.0,0.0,0.0,14.06,84.88,332.0,2.33,,,-0.4694715627858908,0.882947592858927,36.42918454935622,,3.495,26.5175,357.5483870967742,0.0,0.0,1.0,0.0,0.0,0.0,0.0,0.0,bundang_cc,0,10,6,2023,autumn,0,0.0,0.0,197.70974208,11567.07256608,0.0,0.0
2023-10-09,2.61336672,0.0,0.0,1.76125,8.0,0.0,0.0,12.87,94.71,332.01,2.3,,,-0.4693174522100329,0.883029517655601,41.178260869565214,,3.4499999999999997,26.5175,357.5483870967742,0.0,0.0,1.0,0.0,0.0,0.0,0.0,0.0,bundang_cc,0,10,0,2023,autumn,0,0.0,0.0,140.76326016,36.691781760000005,0.0,0.0
2023-10-10,309.53071483199994,0.0,0.0,7.3325,8.0,1912.0,8.851851851851853,12.87,92.86,332.01,2.31,,,-0.4693174522100329,0.883029517655601,40.1991341991342,,3.465,26.5175,357.5483870967742,1912.0,0.0,1.0,0.0,0.0,0.0,0.0,0.0,bundang_cc,0,10,1,2023,autumn,0,0.0,0.0,156.8020032,4045.609765439999,0.0,0.0
2023-10-11,222.07867891200002,0.0,0.0,4.2625,8.0,1448.0,6.703703703703703,11.63,84.6,332.0,2.29,,,-0.4694715627858908,0.882947592858927,36.943231441048034,,3.435,26.5175,357.5483870967742,1448.0,0.0,1.0,0.0,0.0,0.0,0.0,0.0,bundang_cc,0,10,2,2023,autumn,0,0.0,0.0,18571.842889919997,4891.35048192,0.0,0.0
2023-10-12,10.882587167999999,0.0,0.0,6.7250000000000005,8.0,2221.0,10.282407407407408,13.95,87.35,332.0,2.29,,,-0.4694715627858908,0.882947592858927,38.14410480349345,,3.435,26.5175,357.5483870967742,2221.0,0.0,1.0,0.0,0.0,0.0,0.0,0.0,bundang_cc,0,10,3,2023,autumn,0,0.0,0.0,13324.72073472,14.46312672,0.0,0.0
2023-10-13,0.0,0.0,0.0,6.08625,8.0,3673.0,17.00462962962963,13.11,91.81,332.0,2.32,,,-0.4694715627858908,0.882947592858927,39.57327586206897,,3.4799999999999995,26.5175,357.5483870967742,3673.0,0.0,1.0,0.0,0.0,0.0,0.0,0.0,bundang_cc,0,10,4,2023,autumn,0,0.0,0.0,652.95523008,3083.80429152,0.0,0.0
2023-10-14,0.0,0.0,0.0,3.1075,8.0,2174.0,10.064814814814817,11.32,100.0,332.0,2.34,,,-0.4694715627858908,0.882947592858927,42.73504273504274,,3.51,26.5175,357.5483870967742,2174.0,0.0,1.0,0.0,0.0,0.0,0.0,0.0,bundang_cc,0,10,5,2023,autumn,0,0.0,0.0,0.0,197.70974208,0.0,0.0
2023-10-15,0.0,0.0,0.0,1.905,8.0,1289.0,5.967592592592593,14.3,100.0,332.0,2.32,,,-0.4694715627858908,0.882947592858927,43.10344827586207,,3.4799999999999995,26.5175,357.5483870967742,1289.0,0.0,1.0,0.0,0.0,0.0,0.0,0.0,bundang_cc,0,10,6,2023,autumn,0,0.0,0.0,0.0,140.76326016,0.0,0.0
2023-10-16,0.0,0.0,0.0,5.95875,8.0,3326.0,15.398148148148149,7.84,80.47,331.82,2.32,,,-0.472243103146908,0.881468349704162,34.685344827586206,,3.4799999999999995,26.5175,357.5483870967742,3326.0,0.0,1.0,0.0,0.0,0.0,0.0,0.0,bundang_cc,0,10,0,2023,autumn,0,0.0,0.0,0.0,156.8020032,0.0,0.0
2023-10-17,0.0,0.0,0.0,3.15875,8.0,3289.0,15.226851851851851,9.34,82.8,331.97,2.28,,,-0.4699338086891592,0.8827016571021609,36.31578947368421,,3.42,26.5175,357.5483870967742,3289.0,0.0,1.0,0.0,0.0,0.0,0.0,0.0,bundang_cc,0,10,1,2023,autumn,0,0.0,0.0,0.0,18571.842889919997,0.0,0.0
2023-10-18,0.0,0.0,0.0,3.4975,8.0,4554.0,21.083333333333336,14.51,94.7,332.0,2.31,,,-0.4694715627858908,0.882947592858927,40.995670995671,,3.465,26.5175,357.5483870967742,4554.0,0.0,1.0,0.0,0.0,0.0,0.0,0.0,bundang_cc,0,10,2,2023,autumn,0,0.0,0.0,0.0,13324.72073472,0.0,0.0
2023-10-19,0.0,0.0,0.0,3.1725,8.0,3280.0,15.185185185185183,13.08,100.0,332.0,2.35,,,-0.4694715627858908,0.882947592858927,42.5531914893617,,3.5250000000000004,26.5175,357.5483870967742,3280.0,0.0,1.0,0.0,0.0,0.0,0.0,0.0,bundang_cc,0,10,3,2023,autumn,0,0.0,0.0,0.0,652.95523008,0.0,0.0
2023-10-20,0.0,0.0,0.0,1.91125,8.0,2934.0,13.583333333333334,5.64,72.51,331.24,2.23,,,-0.4811417792780072,0.8766427939777942,32.51569506726457,,3.345,26.5175,357.5483870967742,2934.0,0.0,1.0,0.0,0.0,0.0,0.0,0.0,bundang_cc,0,10,4,2023,autumn,0,0.0,0.0,0.0,0.0,0.0,0.0
2023-10-21,0.0,0.0,0.0,2.1762499999999996,8.0,4795.0,22.199074074074073,5.5,78.4,331.96,2.28,,,-0.4700878620331691,0.8826196247359811,34.385964912280706,,3.42,26.5175,357.5483870967742,4795.0,0.0,1.0,0.0,0.0,0.0,0.0,0.0,bundang_cc,0,10,5,2023,autumn,0,0.0,0.0,0.0,0.0,0.0,0.0
2023-10-22,0.0,0.0,0.0,0.51625,8.0,0.0,0.0,10.81,100.0,332.0,2.3,,,-0.4694715627858908,0.882947592858927,43.47826086956522,,3.4499999999999997,26.5175,357.5483870967742,0.0,0.0,1.0,0.0,0.0,0.0,0.0,0.0,bundang_cc,0,10,6,2023,autumn,0,0.0,0.0,0.0,0.0,0.0,0.0
2023-10-23,0.0,0.0,0.0,2.79125,8.0,4199.0,19.439814814814817,11.25,100.0,332.0,2.3,,,-0.4694715627858908,0.882947592858927,43.47826086956522,,3.4499999999999997,26.5175,357.5483870967742,4199.0,0.0,1.0,0.0,0.0,0.0,0.0,0.0,bundang_cc,0,10,0,2023,autumn,0,0.0,0.0,0.0,0.0,0.0,0.0
2023-10-24,0.0,0.0,0.0,1.995,8.0,2463.0,11.40277777777778,11.73,100.0,332.0,2.3,,,-0.4694715627858908,0.882947592858927,43.47826086956522,,3.4499999999999997,26.5175,357.5483870967742,2463.0,0.0,1.0,0.0,0.0,0.0,0.0,0.0,bundang_cc,0,10,1,2023,autumn,0,0.0,0.0,0.0,0.0,0.0,0.0
2023-10-25,0.0,0.0,0.0,1.9875,8.0,1267.0,5.8657407407407405,13.99,100.0,332.0,2.3,,,-0.4694715627858908,0.882947592858927,43.47826086956522,,3.4499999999999997,26.5175,357.5483870967742,1267.0,0.0,1.0,0.0,0.0,0.0,0.0,0.0,bundang_cc,0,10,2,2023,autumn,0,0.0,0.0,0.0,0.0,0.0,0.0
2023-10-26,0.0,0.0,0.0,2.4425,8.0,2197.0,10.171296296296296,15.98,75.98,332.0,2.3,,,-0.4694715627858908,0.882947592858927,33.03478260869566,,3.4499999999999997,26.5175,357.5483870967742,2197.0,0.0,1.0,0.0,0.0,0.0,0.0,0.0,bundang_cc,0,10,3,2023,autumn,0,0.0,0.0,0.0,0.0,0.0,0.0
2023-10-27,906.484276512,0.0,0.0,2.2275,8.0,2433.0,11.26388888888889,10.46,93.67,332.0,2.29,,,-0.4694715627858908,0.882947592858927,40.903930131004365,,3.435,26.5175,357.5483870967742,2433.0,0.0,1.0,0.0,0.0,0.0,0.0,0.0,bundang_cc,0,10,4,2023,autumn,0,0.0,0.0,0.0,0.0,0.0,0.0
2023-10-28,948.7999617120001,0.0,0.0,2.27125,8.0,4130.0,19.12037037037037,9.39,92.37,332.0,2.32,,,-0.4694715627858908,0.882947592858927,39.8146551724138,,3.4799999999999995,26.5175,357.5483870967742,4130.0,0.0,1.0,0.0,0.0,0.0,0.0,0.0,bundang_cc,0,10,5,2023,autumn,0,0.0,0.0,54389.05659072,0.0,0.0,0.0
2023-10-29,115.83700660800001,0.0,0.0,1.37125,8.0,845.0,3.9120370370370368,9.83,87.77,332.0,2.31,,,-0.4694715627858908,0.882947592858927,37.99567099567099,,3.465,26.5175,357.5483870967742,845.0,0.0,1.0,0.0,0.0,0.0,0.0,0.0,bundang_cc,0,10,6,2023,autumn,0,0.0,0.0,56927.99770272001,0.0,0.0,0.0
2023-10-30,768.204864288,0.0,0.0,2.28,8.0,3202.0,14.824074074074073,10.82,100.0,332.0,2.31,,,-0.4694715627858908,0.882947592858927,43.290043290043286,,3.465,26.5175,357.5483870967742,3202.0,0.0,1.0,0.0,0.0,0.0,0.0,0.0,bundang_cc,0,10,0,2023,autumn,0,0.0,0.0,6950.220396480001,0.0,0.0,0.0
2023-10-31,788.48788824,0.0,0.0,2.95375,8.0,2046.997,9.476837962962962,15.85,86.32,332.0,2.29,,,-0.4694715627858908,0.882947592858927,37.6943231441048,,3.435,26.5175,357.5483870967742,2046.997,0.0,1.0,0.0,0.0,0.0,0.0,0.0,bundang_cc,0,10,1,2023,autumn,0,0.0,0.0,46092.29185728,0.0,0.0,0.0
2023-11-01,230.904748512,0.0,0.0,3.63,8.0,1333.0,6.171296296296296,18.2,92.08,332.0,2.29,,,-0.4694715627858908,0.882947592858927,40.20960698689956,,3.435,28.42875,1349.0,1333.0,0.0,1.0,0.0,0.0,0.0,0.0,0.0,bundang_cc,0,11,2,2023,autumn,0,0.0,0.0,47309.273294399994,0.0,0.0,0.0
2023-11-02,1364.9346540000001,0.0,0.0,5.65,8.0,3410.0,15.787037037037038,17.63,84.65,332.0,2.3,,,-0.4694715627858908,0.882947592858927,36.80434782608696,,3.4499999999999997,28.42875,1349.0,3410.0,0.0,1.0,0.0,0.0,0.0,0.0,0.0,bundang_cc,0,11,3,2023,autumn,0,0.0,0.0,13854.28491072,0.0,0.0,0.0
2023-11-03,805.5449030880001,0.0,0.0,4.15,8.0,3833.0,17.74537037037037,18.51,94.53,332.0,2.3,,,-0.4694715627858908,0.882947592858927,41.1,,3.4499999999999997,28.42875,1349.0,3833.0,0.0,1.0,0.0,0.0,0.0,0.0,0.0,bundang_cc,0,11,4,2023,autumn,0,0.0,0.0,81896.07924,54389.05659072,0.0,0.0
2023-11-04,1053.441539856,0.0,0.0,1.99,8.0,4333.0,20.060185185185187,16.23,78.96,332.0,2.31,,,-0.4694715627858908,0.882947592858927,34.18181818181818,,3.465,28.42875,1349.0,4333.0,0.0,1.0,0.0,0.0,0.0,0.0,0.0,bundang_cc,0,11,5,2023,autumn,0,0.0,0.0,48332.69418528,56927.99770272001,0.0,0.0
2023-11-05,1.9104284159999998,0.0,0.0,1.10125,8.0,0.0,0.0,18.8,86.26,332.0,2.34,,,-0.4694715627858908,0.882947592858927,36.86324786324787,,3.51,28.42875,1349.0,0.0,0.0,1.0,0.0,0.0,0.0,0.0,0.0,bundang_cc,0,11,6,2023,autumn,0,0.0,0.0,63206.49239135999,6950.220396480001,0.0,0.0
2023-11-06,1016.903804832,0.0,0.0,4.1674999999999995,8.0,4000.0,18.51851851851852,6.72,94.88,331.13,2.29,,,-0.4828239248742274,0.8757174530458134,41.432314410480345,,3.435,28.42875,1349.0,4000.0,0.0,1.0,0.0,0.0,0.0,0.0,0.0,bundang_cc,0,11,0,2023,autumn,0,0.0,0.0,114.62570496,46092.29185728,0.0,0.0
2023-11-07,713.2913208000001,0.0,0.0,1.67,8.0,3185.0,14.74537037037037,2.24,84.31,331.97,2.27,,,-0.4699338086891592,0.8827016571021609,37.1409691629956,,3.405,28.42875,1349.0,3185.0,0.0,1.0,0.0,0.0,0.0,0.0,0.0,bundang_cc,0,11,1,2023,autumn,0,0.0,0.0,61014.22828992,47309.273294399994,0.0,0.0
2023-11-08,1769.8401948960002,0.0,0.0,4.97,8.0,7307.0,33.8287037037037,6.23,71.98,331.81,2.29,,,-0.4723969412029978,0.8813859143088523,31.432314410480352,,3.435,28.42875,1349.0,7307.0,0.0,1.0,0.0,0.0,0.0,0.0,0.0,bundang_cc,0,11,2,2023,autumn,0,0.0,0.0,42797.479248,13854.28491072,0.0,0.0
2023-11-09,1858.2906517919998,0.0,0.0,4.85125,8.0,7804.0,36.129629629629626,10.84,72.39,332.0,2.35,,,-0.4694715627858908,0.882947592858927,30.804255319148936,,3.5250000000000004,28.42875,1349.0,7804.0,0.0,1.0,0.0,0.0,0.0,0.0,0.0,bundang_cc,0,11,3,2023,autumn,0,0.0,0.0,106190.41169376,81896.07924,0.0,0.0
2023-11-10,1632.984952176,0.0,0.0,3.63625,8.0,7483.0,34.64351851851852,0.62,50.83,331.01,2.22,,,-0.484656962927115,0.8747043090589328,22.89639639639639,,3.33,28.42875,1349.0,7483.0,0.0,1.0,0.0,0.0,0.0,0.0,0.0,bundang_cc,0,11,4,2023,autumn,0,0.0,0.0,111497.43910752,48332.69418528,0.0,0.0
2023-11-11,1679.504042304,0.0,0.0,3.06125,8.0,7834.0,36.26851851851852,-0.09,58.01,332.0,2.29,,,-0.4694715627858908,0.882947592858927,25.33187772925764,,3.435,28.42875,1349.0,7834.0,0.0,1.0,0.0,0.0,0.0,0.0,0.0,bundang_cc,0,11,5,2023,autumn,0,0.0,0.0,97979.09713056,63206.49239135999,0.0,0.0
2023-11-12,1686.5725842719999,0.0,0.0,3.04875,8.0,7891.0,36.532407407407405,-1.06,66.69,332.0,2.32,,,-0.4694715627858908,0.882947592858927,28.745689655172416,,3.4799999999999995,28.42875,1349.0,7891.0,0.0,1.0,0.0,0.0,0.0,0.0,0.0,bundang_cc,0,11,6,2023,autumn,0,0.0,0.0,100770.24253824,114.62570496,0.0,0.0
2023-11-13,1999.596004272,0.0,0.0,5.8575,8.0,8905.0,41.226851851851855,0.88,72.32,331.01,2.24,,,-0.484656962927115,0.8747043090589328,32.28571428571428,,3.3600000000000003,28.42875,1349.0,8905.0,0.0,1.0,0.0,0.0,0.0,0.0,0.0,bundang_cc,0,11,0,2023,autumn,0,0.0,0.0,101194.35505632,61014.22828992,0.0,0.0
2023-11-14,1783.515922128,0.0,0.0,3.31625,8.0,7730.0,35.78703703703704,2.41,90.31,331.97,2.27,,,-0.4699338086891592,0.8827016571021609,39.784140969163,,3.405,28.42875,1349.0,7730.0,0.0,1.0,0.0,0.0,0.0,0.0,0.0,bundang_cc,0,11,1,2023,autumn,0,0.0,0.0,119975.76025632,42797.479248,0.0,0.0
2023-11-15,2318.1547247999997,0.0,0.0,5.88,8.0,8283.0,38.34722222222222,5.6,74.25,331.77,2.29,,,-0.4730121494801654,0.8810559042672341,32.4235807860262,,3.435,28.42875,1349.0,8283.0,0.0,1.0,0.0,0.0,0.0,0.0,0.0,bundang_cc,0,11,2,2023,autumn,0,0.0,0.0,107010.95532768,106190.41169376,0.0,0.0
2023-11-16,2870.806578912,0.0,0.0,6.25,8.0,10944.0,50.66666666666667,4.76,99.99,331.95,2.3,,,-0.4702419010574822,0.8825375654836711,43.47391304347826,,3.4499999999999997,28.42875,1349.0,10944.0,0.0,1.0,0.0,0.0,0.0,0.0,0.0,bundang_cc,0,11,3,2023,autumn,0,0.0,0.0,139089.283488,111497.43910752,0.0,0.0
2023-11-17,3386.270157984,0.0,0.0,6.9662500000000005,8.0,10728.0,49.666666666666664,-1.46,52.86,334.0,2.56,,,-0.4383711467890778,0.8987940462991668,20.6484375,,3.84,28.42875,1349.0,10728.0,0.0,1.0,0.0,0.0,0.0,0.0,0.0,bundang_cc,0,11,4,2023,autumn,0,0.0,0.0,172248.39473472,97979.09713056,0.0,0.0
2023-11-18,4087.537107552,0.0,0.0,6.797499999999999,8.0,12637.0,58.50462962962963,-0.64,76.2,332.0,2.36,,,-0.4694715627858908,0.882947592858927,32.28813559322034,,3.54,28.42875,1349.0,12637.0,0.0,1.0,0.0,0.0,0.0,0.0,0.0,bundang_cc,0,11,5,2023,autumn,0,0.0,0.0,203176.20947904,100770.24253824,0.0,0.0
2023-11-19,2055.279936672,0.0,0.0,3.96875,8.0,7711.0,35.69907407407407,3.84,71.35,331.02,2.2,,,-0.4845042908443986,0.8747888843334524,32.43181818181818,,3.3000000000000003,28.42875,1349.0,7711.0,0.0,1.0,0.0,0.0,0.0,0.0,0.0,bundang_cc,0,11,6,2023,autumn,0,0.0,0.0,245252.22645312,101194.35505632,0.0,0.0
2023-11-20,2067.345206208,0.0,0.0,5.64,8.0,9233.0,42.745370370370374,1.79,75.57,331.01,2.2,,,-0.484656962927115,0.8747043090589328,34.349999999999994,,3.3000000000000003,28.42875,1349.0,9233.0,0.0,1.0,0.0,0.0,0.0,0.0,0.0,bundang_cc,0,11,0,2023,autumn,0,0.0,0.0,123316.79620032,119975.76025632,0.0,0.0
2023-11-21,2708.97619104,0.0,0.0,6.37,8.0,12047.0,55.773148148148145,3.12,76.62,331.88,2.25,,,-0.4713197728821184,0.8819623981158995,34.053333333333335,,3.375,28.42875,1349.0,12047.0,0.0,1.0,0.0,0.0,0.0,0.0,0.0,bundang_cc,0,11,1,2023,autumn,0,0.0,0.0,124040.71237248,107010.95532768,0.0,0.0
2023-11-22,2208.734363664,0.0,0.0,7.87375,8.0,10102.0,46.76851851851852,12.17,72.99,331.73,2.26,,,-0.473627127216956,0.8807254648096723,32.296460176991154,,3.3899999999999997,28.42875,1349.0,10102.0,0.0,1.0,0.0,0.0,0.0,0.0,0.0,bundang_cc,0,11,2,2023,autumn,0,0.0,0.0,162538.5714624,139089.283488,0.0,0.0
2023-11-23,2447.4933550080004,0.0,0.0,6.481249999999999,8.0,7606.0,35.21296296296296,3.07,68.46,331.01,2.16,,,-0.484656962927115,0.8747043090589328,31.69444444444444,,3.24,28.42875,1349.0,7606.0,0.0,1.0,0.0,0.0,0.0,0.0,0.0,bundang_cc,0,11,3,2023,autumn,0,0.0,0.0,132524.06181984,172248.39473472,0.0,0.0
2023-11-24,2292.443334144,0.0,0.0,4.395,8.0,7607.0,35.217592592592595,-3.56,48.43,334.0,2.57,,,-0.4383711467890778,0.8987940462991668,18.844357976653697,,3.854999999999999,28.42875,1349.0,7607.0,0.0,1.0,0.0,0.0,0.0,0.0,0.0,bundang_cc,0,11,4,2023,autumn,0,0.0,0.0,146849.60130048002,203176.20947904,0.0,0.0
2023-11-25,2159.219670048,0.0,0.0,4.16875,8.0,7700.0,35.648148148148145,-0.77,39.48,333.0,2.46,,,-0.4539904997395469,0.8910065241883678,16.048780487804876,,3.69,28.42875,1349.0,7700.0,0.0,1.0,0.0,0.0,0.0,0.0,0.0,bundang_cc,0,11,5,2023,autumn,0,0.0,0.0,137546.60004864,245252.22645312,0.0,0.0
2023-11-26,2071.6189915679997,0.0,0.0,4.3100000000000005,8.0,7765.0,35.94907407407407,4.98,53.94,331.06,2.21,,,-0.4838934549715958,0.87512691892985,24.407239819004523,,3.315,28.42875,1349.0,7765.0,0.0,1.0,0.0,0.0,0.0,0.0,0.0,bundang_cc,0,11,6,2023,autumn,0,0.0,0.0,129553.18020288,123316.79620032,0.0,0.0
2023-11-27,3083.08919328,0.0,0.0,7.425,8.0,9516.0,44.05555555555555,6.06,66.28,331.24,2.26,,,-0.4811417792780072,0.8766427939777942,29.327433628318587,,3.3899999999999997,28.42875,1349.0,9516.0,0.0,1.0,0.0,0.0,0.0,0.0,0.0,bundang_cc,0,11,0,2023,autumn,0,0.0,0.0,124297.13949407998,124040.71237248,0.0,0.0
2023-11-28,2310.993716111999,0.0,0.0,3.28875,8.0,7791.0,36.06944444444444,0.46,51.56,332.0,2.28,,,-0.4694715627858908,0.882947592858927,22.6140350877193,,3.42,28.42875,1349.0,7791.0,0.0,1.0,0.0,0.0,0.0,0.0,0.0,bundang_cc,0,11,1,2023,autumn,0,0.0,0.0,184985.3515968,162538.5714624,0.0,0.0
2023-11-29,2982.1848114239997,0.0,0.0,5.84375,8.0,10992.0,50.888888888888886,-3.09,52.75,333.0,2.48,,,-0.4539904997395469,0.8910065241883678,21.27016129032258,,3.72,28.42875,1349.0,10992.0,0.0,1.0,0.0,0.0,0.0,0.0,0.0,bundang_cc,0,11,2,2023,autumn,0,0.0,0.0,138659.62296671997,132524.06181984,0.0,0.0
2023-11-30,4438.912599503999,0.0,0.0,6.14625,8.0,14753.0,68.30092592592592,-4.94,65.31,335.99,2.73,,,-0.4068960806410623,0.9134744547927666,23.923076923076923,,4.095,28.42875,1349.0,14753.0,0.0,1.0,0.0,0.0,0.0,0.0,0.0,bundang_cc,0,11,3,2023,autumn,0,0.0,0.0,178931.08868544,146849.60130048002,0.0,0.0
2023-12-01,4558.383003888,0.0,0.0,6.9575,8.0,14793.0,68.48611111111111,-4.62,75.94,335.0,2.62,,,-0.4226182617406992,0.90630778703665,28.98473282442748,,3.93,29.075,2271.548387096774,14793.0,0.0,1.0,0.0,0.0,0.0,0.0,0.0,bundang_cc,0,12,4,2023,winter,1,0.0,0.0,266334.75597024,137546.60004864,0.0,0.0
2023-12-02,4149.00351936,0.0,0.0,6.1587499999999995,8.0,13282.0,61.49074074074075,2.81,47.45,331.02,2.21,,,-0.4845042908443986,0.8747888843334524,21.47058823529412,,3.315,29.075,2271.548387096774,13282.0,0.0,1.0,0.0,0.0,0.0,0.0,0.0,bundang_cc,0,12,5,2023,winter,1,0.0,0.0,273502.98023328,129553.18020288,0.0,0.0
2023-12-03,4293.0921296159995,0.0,0.0,6.1475,8.0,13136.0,60.81481481481481,-2.52,73.35,333.0,2.4,,,-0.4539904997395469,0.8910065241883678,30.5625,,3.5999999999999996,29.075,2271.548387096774,13136.0,0.0,1.0,0.0,0.0,0.0,0.0,0.0,bundang_cc,0,12,6,2023,winter,1,0.0,0.0,248940.2111616,124297.13949407998,0.0,0.0
2023-12-04,4412.282700815999,0.0,0.0,6.92875,8.0,13046.0,60.398148148148145,2.01,62.61,331.01,2.18,,,-0.484656962927115,0.8747043090589328,28.72018348623853,,3.2700000000000005,29.075,2271.548387096774,13046.0,0.0,1.0,0.0,0.0,0.0,0.0,0.0,bundang_cc,0,12,0,2023,winter,1,0.0,0.0,257585.52777696,184985.3515968,0.0,0.0
2023-12-05,3103.431749712,0.0,0.0,6.01375,8.0,10877.0,50.35648148148149,2.48,76.09,331.01,2.18,,,-0.484656962927115,0.8747043090589328,34.903669724770644,,3.2700000000000005,29.075,2271.548387096774,10877.0,0.0,1.0,0.0,0.0,0.0,0.0,0.0,bundang_cc,0,12,1,2023,winter,1,0.0,0.0,264736.96204896,138659.62296671997,0.0,0.0
2023-12-06,2811.945315168,0.0,0.0,6.09625,8.0,9840.0,45.55555555555556,4.18,78.81,331.51,2.27,,,-0.4770053704714557,0.878900379190605,34.71806167400881,,3.405,29.075,2271.548387096774,9840.0,0.0,1.0,0.0,0.0,0.0,0.0,0.0,bundang_cc,0,12,2,2023,winter,1,0.0,0.0,186205.90498272,178931.08868544,0.0,0.0
2023-12-07,3386.5082922240003,0.0,0.0,5.4725,8.0,10694.0,49.50925925925926,5.97,75.6,331.06,2.21,,,-0.4838934549715958,0.87512691892985,34.20814479638009,,3.315,29.075,2271.548387096774,10694.0,0.0,1.0,0.0,0.0,0.0,0.0,0.0,bundang_cc,0,12,3,2023,winter,1,0.0,0.0,168716.71891008,266334.75597024,0.0,0.0
2023-12-08,2457.2121144479997,0.0,0.0,4.65,8.0,9399.0,43.51388888888889,10.31,94.5,332.0,2.29,,,-0.4694715627858908,0.882947592858927,41.26637554585153,,3.435,29.075,2271.548387096774,9399.0,0.0,1.0,0.0,0.0,0.0,0.0,0.0,bundang_cc,0,12,4,2023,winter,1,0.0,0.0,203190.49753344,273502.98023328,0.0,0.0
2023-12-09,2073.399732576,0.0,0.0,3.43125,8.0,7432.0,34.40740740740741,11.16,98.67,332.0,2.3,,,-0.4694715627858908,0.882947592858927,42.900000000000006,,3.4499999999999997,29.075,2271.548387096774,7432.0,0.0,1.0,0.0,0.0,0.0,0.0,0.0,bundang_cc,0,12,5,2023,winter,1,0.0,0.0,147432.72686688,248940.2111616,0.0,0.0
2023-12-10,2183.526160848,0.0,0.0,3.65375,8.0,7526.0,34.842592592592595,11.77,68.86,331.88,2.3,,,-0.4713197728821184,0.8819623981158995,29.939130434782612,,3.4499999999999997,29.075,2271.548387096774,7526.0,0.0,1.0,0.0,0.0,0.0,0.0,0.0,bundang_cc,0,12,6,2023,winter,1,0.0,0.0,124403.98395456,257585.52777696,0.0,0.0
2023-12-11,2239.41542688,0.0,0.0,3.51875,8.0,7538.0,34.89814814814815,4.53,90.36,331.95,2.3,,,-0.4702419010574822,0.8825375654836711,39.286956521739135,,3.4499999999999997,29.075,2271.548387096774,7538.0,0.0,1.0,0.0,0.0,0.0,0.0,0.0,bundang_cc,0,12,0,2023,winter,1,0.0,0.0,131011.56965088,264736.96204896,0.0,0.0
2023-12-12,2385.1136021760003,0.0,0.0,3.515,8.0,7658.0,35.4537037037037,8.25,62.76,331.46,2.28,,,-0.4777721740146321,0.878483778869782,27.526315789473685,,3.42,29.075,2271.548387096774,7658.0,0.0,1.0,0.0,0.0,0.0,0.0,0.0,bundang_cc,0,12,1,2023,winter,1,0.0,0.0,134364.9256128,186205.90498272,0.0,0.0
2023-12-13,,,,,,7604.0,35.2037037037037,,,,,,,,,,,,29.075,2271.548387096774,7604.0,0.0,1.0,0.0,0.0,0.0,0.0,0.0,bundang_cc,0,12,2,2023,winter,1,0.0,0.0,143106.81613056,168716.71891008,0.0,0.0
2023-12-14,,,,,,8503.0,39.36574074074074,,,,,,,,,,,,29.075,2271.548387096774,8503.0,0.0,1.0,0.0,0.0,0.0,0.0,0.0,bundang_cc,0,12,3,2023,winter,1,,0.0,,203190.49753344,,0.0
2023-12-15,3219.386820768,0.0,0.0,7.5525,8.0,9570.0,44.30555555555556,3.91,100.0,331.24,2.26,,,-0.4811417792780072,0.8766427939777942,44.24778761061947,,3.3899999999999997,29.075,2271.548387096774,9570.0,0.0,1.0,0.0,0.0,0.0,0.0,0.0,bundang_cc,0,12,4,2023,winter,1,,0.0,,147432.72686688,,0.0
2023-12-16,4092.027938496,0.0,0.0,6.80875,8.0,13286.0,61.50925925925927,-8.82,57.27,340.0,3.26,,,-0.3420201433256686,0.9396926207859084,17.56748466257669,,4.89,29.075,2271.548387096774,13286.0,0.0,1.0,0.0,0.0,0.0,0.0,0.0,bundang_cc,0,12,5,2023,winter,1,0.0,0.0,193163.20924608,124403.98395456,0.0,0.0
2023-12-17,3259.8472476960005,0.0,0.0,6.6537500000000005,8.0,13432.0,62.18518518518519,-10.22,52.07,342.0,3.51,,,-0.3090169943749477,0.9510565162951536,14.834757834757836,,5.265,29.075,2271.548387096774,13432.0,0.0,1.0,0.0,0.0,0.0,0.0,0.0,bundang_cc,0,12,6,2023,winter,1,0.0,0.0,245521.67630976,131011.56965088,0.0,0.0
2023-12-18,4450.538339567999,0.0,0.0,6.998749999999999,8.0,15115.0,69.97685185185185,-6.01,39.77,338.06,3.09,,,-0.3736354435303307,0.9275756332169862,12.8705501618123,,4.635,29.075,2271.548387096774,15115.0,0.0,1.0,0.0,0.0,0.0,0.0,0.0,bundang_cc,0,12,0,2023,winter,1,0.0,0.0,195590.83486176003,134364.9256128,0.0,0.0
2023-12-19,4496.027362992,0.0,0.0,6.85625,8.0,16639.0,77.0324074074074,-2.79,89.47,334.01,2.57,,,-0.4382142709590474,0.8988705428079343,34.81322957198444,,3.854999999999999,29.075,2271.548387096774,16639.0,0.0,1.0,0.0,0.0,0.0,0.0,0.0,bundang_cc,0,12,1,2023,winter,1,0.0,0.0,267032.30037407996,143106.81613056,0.0,0.0
2023-12-20,5361.71248944,0.0,0.0,6.98,8.0,18946.0,87.71296296296296,-10.82,58.22,342.0,3.46,,,-0.3090169943749477,0.9510565162951536,16.826589595375722,,5.1899999999999995,29.075,2271.548387096774,18946.0,0.0,1.0,0.0,0.0,0.0,0.0,0.0,bundang_cc,0,12,2,2023,winter,1,0.0,,269761.64177952,,0.0,
2023-12-21,5190.214080816,0.0,0.0,7.21375,8.0,19193.0,88.85648148148148,-11.67,51.76,344.0,3.73,,,-0.2756373558169989,0.9612616959383188,13.87667560321716,,5.595,29.075,2271.548387096774,19193.0,0.0,1.0,0.0,0.0,0.0,0.0,0.0,bundang_cc,0,12,3,2023,winter,1,0.0,,321702.7493664,,0.0,
2023-12-22,4660.62768864,0.0,0.0,6.72625,8.0,18698.0,86.56481481481481,-12.09,67.02,344.0,3.73,,,-0.2756373558169989,0.9612616959383188,17.96782841823056,,5.595,29.075,2271.548387096774,18698.0,0.0,1.0,0.0,0.0,0.0,0.0,0.0,bundang_cc,0,12,4,2023,winter,1,0.0,0.0,311412.84484896,193163.20924608,0.0,0.0
2023-12-23,4174.332088464,0.0,0.0,6.13,8.0,18200.0,84.25925925925925,-6.35,62.53,339.0,3.09,,,-0.3583679495453007,0.9335804264972016,20.236245954692556,,4.635,29.075,2271.548387096774,18200.0,0.0,1.0,0.0,0.0,0.0,0.0,0.0,bundang_cc,0,12,5,2023,winter,1,0.0,0.0,279637.6613184,245521.67630976,0.0,0.0
2023-12-24,3967.054166016,0.0,0.0,5.2524999999999995,8.0,16322.0,75.56481481481482,-4.4,85.05,335.0,2.69,,,-0.4226182617406992,0.90630778703665,31.617100371747213,,4.035,29.075,2271.548387096774,16322.0,0.0,1.0,0.0,0.0,0.0,0.0,0.0,bundang_cc,0,12,6,2023,winter,1,0.0,0.0,250459.92530784,195590.83486176003,0.0,0.0
2023-12-25,3746.728341648,0.0,0.0,5.9125,8.0,16299.0,75.45833333333334,-5.04,91.0,335.97,2.73,,,-0.4072149185824402,0.9133323656171924,33.333333333333336,,4.095,29.075,2271.548387096774,16299.0,0.0,1.0,0.0,0.0,0.0,0.0,0.0,bundang_cc,0,12,0,2023,winter,1,0.0,0.0,238023.24996096,267032.30037407996,0.0,0.0
2023-12-26,3884.802835824,0.0,0.0,5.9925,8.0,15679.0,72.58796296296296,-1.5,88.53,333.0,2.4,,,-0.4539904997395469,0.8910065241883678,36.8875,,3.5999999999999996,29.075,2271.548387096774,15679.0,0.0,1.0,0.0,0.0,0.0,0.0,0.0,bundang_cc,0,12,1,2023,winter,1,0.0,0.0,224803.70049888,269761.64177952,0.0,0.0
2023-12-27,3546.36019296,0.0,0.0,5.69125,8.0,13189.0,61.06018518518519,-1.26,92.08,333.0,2.38,,,-0.4539904997395469,0.8910065241883678,38.6890756302521,,3.57,29.075,2271.548387096774,13189.0,0.0,1.0,0.0,0.0,0.0,0.0,0.0,bundang_cc,0,12,2,2023,winter,1,0.0,0.0,233088.17014944,321702.7493664,0.0,0.0
2023-12-28,3403.9558002239996,0.0,0.0,5.7837499999999995,8.0,13913.0,64.41203703703704,-0.26,75.03,332.0,2.36,,,-0.4694715627858908,0.882947592858927,31.792372881355934,,3.54,29.075,2271.548387096774,13913.0,0.0,1.0,0.0,0.0,0.0,0.0,0.0,bundang_cc,0,12,3,2023,winter,1,0.0,0.0,212781.6115776,311412.84484896,0.0,0.0
2023-12-29,3689.7062768640003,0.0,0.0,5.32,8.0,14394.0,66.63888888888889,-1.82,87.78,332.75,2.36,,,-0.4578739151169567,0.8890171414857364,37.19491525423729,,3.54,29.075,2271.548387096774,14394.0,0.0,1.0,0.0,0.0,0.0,0.0,0.0,bundang_cc,0,12,4,2023,winter,1,0.0,0.0,204237.34801343997,279637.6613184,0.0,0.0
2023-12-30,4317.584123376,0.0,0.0,6.73,8.0,15084.0,69.83333333333334,1.86,99.3,332.01,2.31,,,-0.4693174522100329,0.883029517655601,42.98701298701298,,3.465,29.075,2271.548387096774,15084.0,0.0,1.0,0.0,0.0,0.0,0.0,0.0,bundang_cc,0,12,5,2023,winter,1,0.0,0.0,221382.37661184,250459.92530784,0.0,0.0
2023-12-31,3985.257657744,0.0,0.0,5.29625,8.0,13209.0,61.15277777777778,-0.71,99.97,332.0,2.34,,,-0.4694715627858908,0.882947592858927,42.72222222222222,,3.51,29.075,2271.548387096774,13209.0,0.0,1.0,0.0,0.0,0.0,0.0,0.0,bundang_cc,0,12,6,2023,winter,1,0.0,0.0,259055.04740256,238023.24996096,0.0,0.0
2024-01-01,3617.357704992,0.0,0.0,5.0675,8.0,13190.0,61.06481481481482,2.45,91.51,331.88,2.26,,,-0.4713197728821184,0.8819623981158995,40.49115044247788,,3.3899999999999997,29.215,2652.5806451612902,13190.0,0.0,1.0,0.0,0.0,0.0,0.0,0.0,bundang_cc,0,1,0,2024,winter,1,0.0,0.0,239115.45946464,224803.70049888,0.0,0.0
2024-01-02,3796.05401208,0.0,0.0,6.005,8.0,13157.0,60.91203703703704,0.49,79.89,332.0,2.27,,,-0.4694715627858908,0.882947592858927,35.19383259911894,,3.405,29.215,2652.5806451612902,13157.0,0.0,1.0,0.0,0.0,0.0,0.0,0.0,bundang_cc,0,1,1,2024,winter,1,0.0,0.0,217041.46229952,233088.17014944,0.0,0.0
2024-01-03,3967.050077856,0.0,0.0,6.2075000000000005,8.0,13698.0,63.416666666666664,-2.4,91.2,333.0,2.41,,,-0.4539904997395469,0.8910065241883678,37.84232365145228,,3.615,29.215,2652.5806451612902,13698.0,0.0,1.0,0.0,0.0,0.0,0.0,0.0,bundang_cc,0,1,2,2024,winter,1,0.0,0.0,227763.2407248,212781.6115776,0.0,0.0
2024-01-04,4184.061339744,0.0,0.0,6.82625,8.0,14615.0,67.66203703703704,2.25,78.02,331.01,2.21,,,-0.484656962927115,0.8747043090589328,35.303167420814475,,3.315,29.215,2652.5806451612902,14615.0,0.0,1.0,0.0,0.0,0.0,0.0,0.0,bundang_cc,0,1,3,2024,winter,1,0.0,0.0,238023.00467136,204237.34801343997,0.0,0.0
2024-01-05,5357.333956607999,0.0,0.0,7.22875,8.0,14944.0,69.18518518518518,0.17,84.57,332.0,2.3,,,-0.4694715627858908,0.882947592858927,36.7695652173913,,3.4499999999999997,29.215,2652.5806451612902,14944.0,0.0,1.0,0.0,0.0,0.0,0.0,0.0,bundang_cc,0,1,4,2024,winter,1,0.0,0.0,251043.68038464,221382.37661184,0.0,0.0
2024-01-06,5991.054010128,0.0,0.0,7.80125,8.0,15654.0,72.47222222222223,-1.21,89.72,332.0,2.33,,,-0.4694715627858908,0.882947592858927,38.50643776824034,,3.495,29.215,2652.5806451612902,15654.0,0.0,1.0,0.0,0.0,0.0,0.0,0.0,bundang_cc,0,1,5,2024,winter,1,0.0,0.0,321440.03739648,259055.04740256,0.0,0.0
2024-01-07,4652.313960384,0.0,0.0,6.04125,8.0,12936.0,59.88888888888889,-7.37,56.58,338.5,3.09,,,-0.3665012267242972,0.9304175679820246,18.310679611650485,,4.635,29.215,2652.5806451612902,12936.0,0.0,1.0,0.0,0.0,0.0,0.0,0.0,bundang_cc,0,1,6,2024,winter,1,0.0,0.0,359463.24060768,239115.45946464,0.0,0.0
2024-01-08,5069.823990336,0.0,0.0,7.02875,8.0,14908.0,69.01851851851852,-2.81,59.56,336.0,2.82,,,-0.4067366430758001,0.9135454576426008,21.120567375886527,,4.2299999999999995,29.215,2652.5806451612902,14908.0,0.0,1.0,0.0,0.0,0.0,0.0,0.0,bundang_cc,0,1,0,2024,winter,1,0.0,0.0,279138.83762304,217041.46229952,0.0,0.0
2024-01-09,5331.255554304001,0.0,0.0,8.055,8.0,16252.0,75.24074074074075,-0.62,99.96,334.01,2.49,,,-0.4382142709590474,0.8988705428079343,40.14457831325301,,3.735,29.215,2652.5806451612902,16252.0,0.0,1.0,0.0,0.0,0.0,0.0,0.0,bundang_cc,0,1,1,2024,winter,1,0.0,0.0,304189.43942016,227763.2407248,0.0,0.0
2024-01-10,4993.377947136,0.0,0.0,6.77125,8.0,15002.0,69.45370370370371,-1.48,86.88,334.0,2.57,,,-0.4383711467890778,0.8987940462991668,33.80544747081712,,3.854999999999999,29.215,2652.5806451612902,15002.0,0.0,1.0,0.0,0.0,0.0,0.0,0.0,bundang_cc,0,1,2,2024,winter,1,0.0,0.0,319875.33325824,238023.00467136,0.0,0.0
2024-01-11,4438.041418224,0.0,0.0,6.233750000000001,8.0,15218.0,70.45370370370371,2.26,89.96,331.25,2.25,,,-0.4809887689193877,0.8767267557075077,39.98222222222222,,3.375,29.215,2652.5806451612902,15218.0,0.0,1.0,0.0,0.0,0.0,0.0,0.0,bundang_cc,0,1,3,2024,winter,1,0.0,0.0,299602.67682816,251043.68038464,0.0,0.0
2024-01-12,4254.3100558080005,0.0,0.0,6.2787500000000005,8.0,15832.0,73.29629629629629,-1.54,55.76,333.0,2.45,,,-0.4539904997395469,0.8910065241883678,22.759183673469384,,3.675,29.215,2652.5806451612902,15832.0,0.0,1.0,0.0,0.0,0.0,0.0,0.0,bundang_cc,0,1,4,2024,winter,1,0.0,0.0,266282.48509344,321440.03739648,0.0,0.0
2024-01-13,4285.858895568001,0.0,0.0,5.83125,8.0,15693.0,72.65277777777777,-2.78,72.31,334.0,2.5,,,-0.4383711467890778,0.8987940462991668,28.924,,3.75,29.215,2652.5806451612902,15693.0,0.0,1.0,0.0,0.0,0.0,0.0,0.0,bundang_cc,0,1,5,2024,winter,1,0.0,0.0,255258.60334848,359463.24060768,0.0,0.0
2024-01-14,3372.201548928,0.0,0.0,4.86,8.0,12803.0,59.273148148148145,-2.2,73.42,332.0,2.36,,,-0.4694715627858908,0.882947592858927,31.110169491525426,,3.54,29.215,2652.5806451612902,12803.0,0.0,1.0,0.0,0.0,0.0,0.0,0.0,bundang_cc,0,1,6,2024,winter,1,0.0,0.0,257151.53373408003,279138.83762304,0.0,0.0
2024-01-15,3701.1605248799997,0.0,0.0,5.8675,8.0,14735.0,68.2175925925926,-5.53,55.22,335.99,2.74,,,-0.4068960806410623,0.9134744547927666,20.153284671532845,,4.11,29.215,2652.5806451612902,14735.0,0.0,1.0,0.0,0.0,0.0,0.0,0.0,bundang_cc,0,1,0,2024,winter,1,0.0,0.0,202332.09293568,304189.43942016,0.0,0.0
2024-01-16,4065.904063008,0.0,0.0,5.44625,8.0,15999.0,74.06944444444444,-3.7,67.48,334.97,2.61,,,-0.423092745435027,0.906086380407658,25.8544061302682,,3.915,29.215,2652.5806451612902,15999.0,0.0,1.0,0.0,0.0,0.0,0.0,0.0,bundang_cc,0,1,1,2024,winter,1,0.0,0.0,222069.6314928,319875.33325824,0.0,0.0
2024-01-17,3862.6099092,0.0,0.0,5.79625,8.0,14881.0,68.89351851851852,1.21,99.97,331.51,2.24,,,-0.4770053704714557,0.878900379190605,44.62946428571428,,3.3600000000000003,29.215,2652.5806451612902,14881.0,0.0,1.0,0.0,0.0,0.0,0.0,0.0,bundang_cc,0,1,2,2024,winter,1,0.0,0.0,243954.24378048,299602.67682816,0.0,0.0
2024-01-18,3768.276094704,0.0,0.0,5.6425,8.0,14065.0,65.11574074074075,2.84,84.04,331.01,2.16,,,-0.484656962927115,0.8747043090589328,38.907407407407405,,3.24,29.215,2652.5806451612902,14065.0,0.0,1.0,0.0,0.0,0.0,0.0,0.0,bundang_cc,0,1,3,2024,winter,1,0.0,0.0,231756.594552,266282.48509344,0.0,0.0
2024-01-19,4050.057840048,0.0,0.0,5.84,8.0,14827.0,68.64351851851852,4.47,58.59,331.11,2.23,,,-0.4831295785101608,0.8755488623535492,26.273542600896864,,3.345,29.215,2652.5806451612902,14827.0,0.0,1.0,0.0,0.0,0.0,0.0,0.0,bundang_cc,0,1,4,2024,winter,1,0.0,0.0,226096.56568224,255258.60334848,0.0,0.0
2024-01-20,4365.781663824,0.0,0.0,6.4025,8.0,15444.0,71.5,0.83,88.98,331.01,2.18,,,-0.484656962927115,0.8747043090589328,40.81651376146789,,3.2700000000000005,29.215,2652.5806451612902,15444.0,0.0,1.0,0.0,0.0,0.0,0.0,0.0,bundang_cc,0,1,5,2024,winter,1,0.0,0.0,243003.47040288,257151.53373408003,0.0,0.0
2024-01-21,3472.1206195679997,0.0,0.0,4.9425,8.0,13063.0,60.476851851851855,-1.86,73.91,332.0,2.34,,,-0.4694715627858908,0.882947592858927,31.585470085470085,,3.51,29.215,2652.5806451612902,13063.0,0.0,1.0,0.0,0.0,0.0,0.0,0.0,bundang_cc,0,1,6,2024,winter,1,0.0,0.0,261946.89982944,202332.09293568,0.0,0.0
2024-01-22,4192.253460864,0.0,0.0,6.21375,8.0,16637.0,77.02314814814815,-11.09,57.3,344.0,3.69,,,-0.2756373558169989,0.9612616959383188,15.528455284552845,,5.535,29.215,2652.5806451612902,16637.0,0.0,1.0,0.0,0.0,0.0,0.0,0.0,bundang_cc,0,1,0,2024,winter,1,0.0,0.0,208327.23717408,222069.6314928,0.0,0.0
2024-01-23,5020.598962944,0.0,0.0,6.23125,8.0,19103.0,88.43981481481481,-11.17,49.77,346.0,3.92,,,-0.2419218955996678,0.9702957262759964,12.696428571428571,,5.88,29.215,2652.5806451612902,19103.0,0.0,1.0,0.0,0.0,0.0,0.0,0.0,bundang_cc,0,1,1,2024,winter,1,0.0,0.0,251535.20765184,243954.24378048,0.0,0.0
2024-01-24,4794.758764415999,0.0,0.0,5.98875,8.0,19071.0,88.29166666666667,-7.97,53.68,341.94,3.42,,,-0.3100127688103207,0.9507323930394708,15.695906432748538,,5.13,29.215,2652.5806451612902,19071.0,0.0,1.0,0.0,0.0,0.0,0.0,0.0,bundang_cc,0,1,2,2024,winter,1,0.0,0.0,301235.93777664,231756.594552,0.0,0.0
2024-01-25,4460.060675088,0.0,0.0,6.0925,8.0,18904.0,87.51851851851852,-5.57,57.21,337.0,2.95,,,-0.3907311284892739,0.9205048534524404,19.39322033898305,,4.425000000000001,29.215,2652.5806451612902,18904.0,0.0,1.0,0.0,0.0,0.0,0.0,0.0,bundang_cc,0,1,3,2024,winter,1,0.0,0.0,287685.52586496,226096.56568224,0.0,0.0
2024-01-26,4127.902162992,0.0,0.0,5.5600000000000005,8.0,17238.0,79.80555555555556,-3.37,85.72,334.0,2.52,,,-0.4383711467890778,0.8987940462991668,34.01587301587301,,3.78,29.215,2652.5806451612902,17238.0,0.0,1.0,0.0,0.0,0.0,0.0,0.0,bundang_cc,0,1,4,2024,winter,1,0.0,0.0,267603.64050528,243003.47040288,0.0,0.0
2024-01-27,4053.4298124479997,0.0,0.0,5.348750000000001,8.0,15829.0,73.28240740740742,-2.87,84.46,333.0,2.43,,,-0.4539904997395469,0.8910065241883678,34.75720164609053,,3.645000000000001,29.215,2652.5806451612902,15829.0,0.0,1.0,0.0,0.0,0.0,0.0,0.0,bundang_cc,0,1,5,2024,winter,1,0.0,0.0,247674.12977952,261946.89982944,0.0,0.0
2024-01-28,3244.005164304,0.0,0.0,4.2425,8.0,13351.0,61.81018518518518,-4.52,80.14,334.0,2.56,,,-0.4383711467890778,0.8987940462991668,31.3046875,,3.84,29.215,2652.5806451612902,13351.0,0.0,1.0,0.0,0.0,0.0,0.0,0.0,bundang_cc,0,1,6,2024,winter,1,0.0,0.0,243205.78874688,208327.23717408,0.0,0.0
2024-01-29,3494.913023952,0.0,0.0,5.51375,8.0,14826.0,68.6388888888889,-2.97,77.99,333.0,2.46,,,-0.4539904997395469,0.8910065241883678,31.703252032520325,,3.69,29.215,2652.5806451612902,14826.0,0.0,1.0,0.0,0.0,0.0,0.0,0.0,bundang_cc,0,1,0,2024,winter,1,0.0,0.0,194640.30985824,251535.20765184,0.0,0.0
2024-01-30,4238.56759968,0.0,0.0,5.7025,8.0,15719.0,72.77314814814815,-1.95,61.22,333.0,2.41,,,-0.4539904997395469,0.8910065241883678,25.402489626556015,,3.615,29.215,2652.5806451612902,15719.0,0.0,1.0,0.0,0.0,0.0,0.0,0.0,bundang_cc,0,1,1,2024,winter,1,0.0,0.0,209694.78143712,301235.93777664,0.0,0.0
2024-01-31,4619.1663432000005,0.0,0.0,7.1850000000000005,8.0,14425.0,66.7824074074074,0.81,80.63,331.01,2.17,,,-0.484656962927115,0.8747043090589328,37.15668202764977,,3.255,29.215,2652.5806451612902,14425.0,0.0,1.0,0.0,0.0,0.0,0.0,0.0,bundang_cc,0,1,2,2024,winter,1,0.0,0.0,254314.0559808,287685.52586496,0.0,0.0
2024-02-01,4244.558452848,0.0,0.0,6.39875,8.0,13778.0,63.787037037037045,2.0,61.23,331.01,2.17,,,-0.484656962927115,0.8747043090589328,28.216589861751153,,3.255,28.46875,1906.551724137931,13778.0,0.0,1.0,0.0,0.0,0.0,0.0,0.0,bundang_cc,0,2,3,2024,winter,1,0.0,0.0,277149.980592,267603.64050528,0.0,0.0
2024-02-02,3175.8373566719997,0.0,0.0,5.62,8.0,11750.0,54.39814814814815,-1.39,85.31,331.01,2.24,,,-0.484656962927115,0.8747043090589328,38.08482142857142,,3.3600000000000003,28.46875,1906.551724137931,11750.0,0.0,1.0,0.0,0.0,0.0,0.0,0.0,bundang_cc,0,2,4,2024,winter,1,0.0,0.0,254673.50717088004,247674.12977952,0.0,0.0
2024-02-03,3198.653326512,0.0,0.0,5.19875,8.0,11763.0,54.45833333333333,2.56,98.2,331.07,2.23,,,-0.4837407091411709,0.875211360940657,44.035874439461885,,3.345,28.46875,1906.551724137931,11763.0,0.0,1.0,0.0,0.0,0.0,0.0,0.0,bundang_cc,0,2,5,2024,winter,1,0.0,0.0,190550.24140032,243205.78874688,0.0,0.0
2024-02-04,3235.729815936,0.0,0.0,5.2475000000000005,8.0,11753.0,54.412037037037045,7.41,58.12,331.77,2.27,,,-0.4730121494801654,0.8810559042672341,25.60352422907489,,3.405,28.46875,1906.551724137931,11753.0,0.0,1.0,0.0,0.0,0.0,0.0,0.0,bundang_cc,0,2,6,2024,winter,1,0.0,0.0,191919.19959072,194640.30985824,0.0,0.0
2024-02-05,3194.859644208,0.0,0.0,4.9925,8.0,11759.0,54.43981481481481,-0.17,95.54,331.01,2.24,,,-0.484656962927115,0.8747043090589328,42.651785714285715,,3.3600000000000003,28.46875,1906.551724137931,11759.0,0.0,1.0,0.0,0.0,0.0,0.0,0.0,bundang_cc,0,2,0,2024,winter,1,0.0,0.0,194143.78895616,209694.78143712,0.0,0.0
2024-02-06,2990.3442209279997,0.0,0.0,4.72875,8.0,11757.0,54.43055555555556,0.36,72.85,331.01,2.21,,,-0.484656962927115,0.8747043090589328,32.963800904977376,,3.315,28.46875,1906.551724137931,11757.0,0.0,1.0,0.0,0.0,0.0,0.0,0.0,bundang_cc,0,2,1,2024,winter,1,0.0,0.0,191691.57865248,254314.0559808,0.0,0.0
2024-02-07,3055.690644336,0.0,0.0,4.91875,8.0,11788.0,54.57407407407408,-2.52,86.89,332.0,2.33,,,-0.4694715627858908,0.882947592858927,37.29184549356223,,3.495,28.46875,1906.551724137931,11788.0,0.0,1.0,0.0,0.0,0.0,0.0,0.0,bundang_cc,0,2,2,2024,winter,1,0.0,0.0,179420.65325568,277149.980592,0.0,0.0
2024-02-08,2683.977949728,0.0,0.0,5.4275,8.0,10364.0,47.98148148148148,-2.45,72.4,332.0,2.34,,,-0.4694715627858908,0.882947592858927,30.940170940170944,,3.51,28.46875,1906.551724137931,10364.0,0.0,1.0,0.0,0.0,0.0,0.0,0.0,bundang_cc,0,2,3,2024,winter,1,0.0,0.0,183341.43866016,254673.50717088004,0.0,0.0
2024-02-09,2345.3649705599996,0.0,0.0,3.40125,8.0,7964.0,36.87037037037037,-2.36,87.51,334.0,2.51,,,-0.4383711467890778,0.8987940462991668,34.864541832669325,,3.765,28.46875,1906.551724137931,7964.0,0.0,1.0,0.0,0.0,0.0,0.0,0.0,bundang_cc,0,2,4,2024,winter,1,0.0,0.0,161038.67698368,190550.24140032,0.0,0.0
2024-02-10,1898.970312528,0.0,0.0,3.4925,8.0,5916.0,27.38888888888889,-2.42,86.19,333.88,2.48,,,-0.4402526138063373,0.8978739533123166,34.75403225806451,,3.72,28.46875,1906.551724137931,5916.0,0.0,1.0,0.0,0.0,0.0,0.0,0.0,bundang_cc,0,2,5,2024,winter,1,0.0,0.0,140721.8982336,191919.19959072,0.0,0.0
2024-02-11,2485.7117235359997,0.0,0.0,3.4725,8.0,7901.0,36.5787037037037,-1.76,92.67,333.0,2.42,,,-0.4539904997395469,0.8910065241883678,38.29338842975207,,3.63,28.46875,1906.551724137931,7901.0,0.0,1.0,0.0,0.0,0.0,0.0,0.0,bundang_cc,0,2,6,2024,winter,1,0.0,0.0,113938.21875168,194143.78895616,0.0,0.0
2024-02-12,2340.666474624,0.0,0.0,3.445,8.0,7849.0,36.33796296296296,1.1,69.05,332.0,2.28,,,-0.4694715627858908,0.882947592858927,30.285087719298247,,3.42,28.46875,1906.551724137931,7849.0,0.0,1.0,0.0,0.0,0.0,0.0,0.0,bundang_cc,0,2,0,2024,winter,1,0.0,0.0,149142.70341216,191691.57865248,0.0,0.0
2024-02-13,3006.08560584,0.0,0.0,5.98625,8.0,10516.0,48.68518518518519,8.98,78.36,331.62,2.27,,,-0.4753171248226871,0.8798145434409993,34.519823788546255,,3.405,28.46875,1906.551724137931,10516.0,0.0,1.0,0.0,0.0,0.0,0.0,0.0,bundang_cc,0,2,1,2024,winter,1,0.0,0.0,140439.98847744,179420.65325568,0.0,0.0
2024-02-14,3528.5608908000004,0.0,0.0,5.921250000000001,8.0,11435.0,52.93981481481481,11.81,91.67,332.0,2.29,,,-0.4694715627858908,0.882947592858927,40.03056768558952,,3.435,28.46875,1906.551724137931,11435.0,0.0,1.0,0.0,0.0,0.0,0.0,0.0,bundang_cc,0,2,2,2024,winter,1,0.0,0.0,180365.1363504,183341.43866016,0.0,0.0
2024-02-15,3090.236043024,0.0,0.0,4.9375,8.0,9935.0,45.99537037037037,0.76,77.89,331.01,2.22,,,-0.484656962927115,0.8747043090589328,35.085585585585584,,3.33,28.46875,1906.551724137931,9935.0,0.0,1.0,0.0,0.0,0.0,0.0,0.0,bundang_cc,0,2,3,2024,winter,1,0.0,0.0,211713.65344800003,161038.67698368,0.0,0.0
2024-02-16,2845.590991776,0.0,0.0,4.82125,8.0,10356.0,47.94444444444444,-1.44,87.89,332.0,2.28,,,-0.4694715627858908,0.882947592858927,38.54824561403509,,3.42,28.46875,1906.551724137931,10356.0,0.0,1.0,0.0,0.0,0.0,0.0,0.0,bundang_cc,0,2,4,2024,winter,1,0.0,0.0,185414.16258144,140721.8982336,0.0,0.0
2024-02-17,2765.199388752,0.0,0.0,4.342499999999999,8.0,10320.0,47.77777777777778,1.41,90.48,331.26,2.23,,,-0.4808357439090125,0.8768106907305969,40.573991031390136,,3.345,28.46875,1906.551724137931,10320.0,0.0,1.0,0.0,0.0,0.0,0.0,0.0,bundang_cc,0,2,5,2024,winter,1,0.0,0.0,170735.45950656,113938.21875168,0.0,0.0
2024-02-18,3130.148835648,0.0,0.0,7.16125,8.0,10900.0,50.46296296296296,9.91,100.0,331.47,2.28,,,-0.4776188423948571,0.8785671524643957,43.85964912280702,,3.42,28.46875,1906.551724137931,10900.0,0.0,1.0,0.0,0.0,0.0,0.0,0.0,bundang_cc,0,2,6,2024,winter,1,0.0,0.0,165911.96332511998,149142.70341216,0.0,0.0
2024-02-19,2910.377204064,0.0,0.0,5.285,8.0,9840.0,45.55555555555556,5.66,97.56,331.89,2.28,,,-0.4711658342270302,0.8820446455010919,42.78947368421053,,3.42,28.46875,1906.551724137931,9840.0,0.0,1.0,0.0,0.0,0.0,0.0,0.0,bundang_cc,0,2,0,2024,winter,1,0.0,0.0,187808.93013888,140439.98847744,0.0,0.0
2024-02-20,2821.196184768,0.0,0.0,4.4575,8.0,9868.0,45.68518518518518,4.56,78.41,331.76,2.29,,,-0.4731659155392337,0.8809733346543008,34.24017467248908,,3.435,28.46875,1906.551724137931,9868.0,0.0,1.0,0.0,0.0,0.0,0.0,0.0,bundang_cc,0,2,1,2024,winter,1,0.0,0.0,174622.63224384,180365.1363504,0.0,0.0
2024-02-21,3337.882947936,0.0,0.0,5.12125,8.0,11777.0,54.523148148148145,0.25,98.71,332.0,2.3,,,-0.4694715627858908,0.882947592858927,42.917391304347824,,3.4499999999999997,28.46875,1906.551724137931,11777.0,0.0,1.0,0.0,0.0,0.0,0.0,0.0,bundang_cc,0,2,2,2024,winter,1,0.0,0.0,169271.77108608,211713.65344800003,0.0,0.0
2024-02-22,3026.642518367999,0.0,0.0,4.5525,8.0,11759.0,54.43981481481481,-0.56,86.62,332.0,2.32,,,-0.4694715627858908,0.882947592858927,37.33620689655173,,3.4799999999999995,28.46875,1906.551724137931,11759.0,0.0,1.0,0.0,0.0,0.0,0.0,0.0,bundang_cc,0,2,3,2024,winter,1,0.0,0.0,200272.97687616,185414.16258144,0.0,0.0
2024-02-23,2972.58425064,0.0,0.0,4.421250000000001,8.0,11916.0,55.166666666666664,0.52,65.94,332.0,2.31,,,-0.4694715627858908,0.882947592858927,28.545454545454543,,3.465,28.46875,1906.551724137931,11916.0,0.0,1.0,0.0,0.0,0.0,0.0,0.0,bundang_cc,0,2,4,2024,winter,1,0.0,0.0,181598.55110207995,170735.45950656,0.0,0.0
2024-02-24,3136.600278576,0.0,0.0,4.605,8.0,12322.0,57.0462962962963,0.98,97.8,331.01,2.23,,,-0.484656962927115,0.8747043090589328,43.856502242152466,,3.345,28.46875,1906.551724137931,12322.0,0.0,1.0,0.0,0.0,0.0,0.0,0.0,bundang_cc,0,2,5,2024,winter,1,0.0,0.0,178355.0550384,165911.96332511998,0.0,0.0
2024-02-25,2701.2121109279997,0.0,0.0,4.0075,8.0,10417.0,48.226851851851855,-0.47,92.66,331.01,2.23,,,-0.484656962927115,0.8747043090589328,41.55156950672646,,3.345,28.46875,1906.551724137931,10417.0,0.0,1.0,0.0,0.0,0.0,0.0,0.0,bundang_cc,0,2,6,2024,winter,1,0.0,0.0,188196.01671456,187808.93013888,0.0,0.0
2024-02-26,2684.678288112,0.0,0.0,4.17625,8.0,10227.0,47.34722222222222,1.08,70.13,331.01,2.18,,,-0.484656962927115,0.8747043090589328,32.1697247706422,,3.2700000000000005,28.46875,1906.551724137931,10227.0,0.0,1.0,0.0,0.0,0.0,0.0,0.0,bundang_cc,0,2,0,2024,winter,1,0.0,0.0,162072.72665568,174622.63224384,0.0,0.0
2024-02-27,3035.511746208,0.0,0.0,4.67875,8.0,11905.0,55.11574074074074,4.48,52.79,331.1,2.21,,,-0.4832823832550023,0.8754645270000179,23.8868778280543,,3.315,28.46875,1906.551724137931,11905.0,0.0,1.0,0.0,0.0,0.0,0.0,0.0,bundang_cc,0,2,1,2024,winter,1,0.0,0.0,161080.69728671998,169271.77108608,0.0,0.0
2024-02-28,3311.843742864,0.0,0.0,4.79875,8.0,12796.0,59.24074074074074,4.0,78.68,331.03,2.19,,,-0.4843516040028368,0.8748734329603792,35.92694063926941,,3.285,28.46875,1906.551724137931,12796.0,0.0,1.0,0.0,0.0,0.0,0.0,0.0,bundang_cc,0,2,2,2024,winter,1,0.0,0.0,182130.70477248,200272.97687616,0.0,0.0
2024-02-29,3640.20948936,0.0,0.0,5.3774999999999995,8.0,12822.0,59.36111111111111,1.39,41.27,331.01,2.19,,,-0.484656962927115,0.8747043090589328,18.844748858447492,,3.285,28.46875,1906.551724137931,12822.0,0.0,1.0,0.0,0.0,0.0,0.0,0.0,bundang_cc,0,2,3,2024,winter,1,0.0,0.0,198710.62457184,181598.55110207995,0.0,0.0
2024-03-01,3711.3694387200003,0.0,0.0,5.35875,8.0,13190.0,61.06481481481482,-6.43,41.72,336.97,2.86,,,-0.3912130501208729,0.9203001409405104,14.587412587412588,,4.29,29.0525,1637.516129032258,13190.0,0.0,1.0,0.0,0.0,0.0,0.0,0.0,bundang_cc,0,3,4,2024,spring,1,0.0,0.0,218412.5693616,178355.0550384,0.0,0.0
2024-03-02,3799.4648708160007,0.0,0.0,5.50875,8.0,13174.0,60.99074074074075,2.62,68.1,331.51,2.24,,,-0.4770053704714557,0.878900379190605,30.401785714285708,,3.3600000000000003,29.0525,1637.516129032258,13174.0,0.0,1.0,0.0,0.0,0.0,0.0,0.0,bundang_cc,0,3,5,2024,spring,1,0.0,0.0,222682.1663232,188196.01671456,0.0,0.0
2024-03-03,3940.3162549440003,0.0,0.0,5.75,8.0,12765.0,59.09722222222222,0.11,93.86,331.01,2.19,,,-0.484656962927115,0.8747043090589328,42.858447488584474,,3.285,29.0525,1637.516129032258,12765.0,0.0,1.0,0.0,0.0,0.0,0.0,0.0,bundang_cc,0,3,6,2024,spring,1,0.0,0.0,227967.89224896004,162072.72665568,0.0,0.0
2024-03-04,3834.36034704,0.0,0.0,7.82,8.0,12223.0,56.58796296296297,5.38,48.48,331.05,2.2,,,-0.4840461860617832,0.8750424502611525,22.03636363636363,,3.3000000000000003,29.0525,1637.516129032258,12223.0,0.0,1.0,0.0,0.0,0.0,0.0,0.0,bundang_cc,0,3,0,2024,spring,1,0.0,0.0,236418.97529664,161080.69728671998,0.0,0.0
2024-03-05,2996.64868032,0.0,0.0,4.86875,8.0,9891.0,45.79166666666667,5.34,61.72,331.76,2.26,,,-0.4731659155392337,0.8809733346543008,27.30973451327434,,3.3899999999999997,29.0525,1637.516129032258,9891.0,0.0,1.0,0.0,0.0,0.0,0.0,0.0,bundang_cc,0,3,1,2024,spring,1,0.0,0.0,230061.6208224,182130.70477248,0.0,0.0
2024-03-06,3322.8961051680003,0.0,0.0,5.63625,8.0,11886.0,55.02777777777778,3.17,61.76,331.01,2.22,,,-0.484656962927115,0.8747043090589328,27.819819819819816,,3.33,29.0525,1637.516129032258,11886.0,0.0,1.0,0.0,0.0,0.0,0.0,0.0,bundang_cc,0,3,2,2024,spring,1,0.0,0.0,179798.9208192,198710.62457184,0.0,0.0
2024-03-07,3722.3038710719998,0.0,0.0,5.6850000000000005,8.0,12981.0,60.09722222222222,-0.14,69.95,331.01,2.23,,,-0.484656962927115,0.8747043090589328,31.367713004484308,,3.345,29.0525,1637.516129032258,12981.0,0.0,1.0,0.0,0.0,0.0,0.0,0.0,bundang_cc,0,3,3,2024,spring,1,0.0,0.0,199373.76631008,218412.5693616,0.0,0.0
2024-03-08,3854.4285888,0.0,0.0,7.5275,8.0,13013.0,60.24537037037037,0.23,42.33,331.01,2.27,,,-0.484656962927115,0.8747043090589328,18.647577092511018,,3.405,29.0525,1637.516129032258,13013.0,0.0,1.0,0.0,0.0,0.0,0.0,0.0,bundang_cc,0,3,4,2024,spring,1,0.0,0.0,223338.23226432,222682.1663232,0.0,0.0
2024-03-09,3484.172073024,0.0,0.0,6.5424999999999995,8.0,13044.0,60.38888888888889,-1.26,76.63,332.0,2.26,,,-0.4694715627858908,0.882947592858927,33.9070796460177,,3.3899999999999997,29.0525,1637.516129032258,13044.0,0.0,1.0,0.0,0.0,0.0,0.0,0.0,bundang_cc,0,3,5,2024,spring,1,0.0,0.0,231265.715328,227967.89224896004,0.0,0.0
2024-03-10,2833.326974304,0.0,0.0,4.1925,8.0,10475.0,48.495370370370374,1.03,76.52,331.01,2.2,,,-0.484656962927115,0.8747043090589328,34.781818181818174,,3.3000000000000003,29.0525,1637.516129032258,10475.0,0.0,1.0,0.0,0.0,0.0,0.0,0.0,bundang_cc,0,3,6,2024,spring,1,0.0,0.0,209050.32438144,236418.97529664,0.0,0.0
2024-03-11,3109.77942912,0.0,0.0,7.088749999999999,8.0,10577.0,48.96759259259259,5.15,78.98,331.11,2.22,,,-0.4831295785101608,0.8755488623535492,35.57657657657658,,3.33,29.0525,1637.516129032258,10577.0,0.0,1.0,0.0,0.0,0.0,0.0,0.0,bundang_cc,0,3,0,2024,spring,1,0.0,0.0,169999.61845824,230061.6208224,0.0,0.0
2024-03-12,3942.626825232,0.0,0.0,7.255,8.0,10690.0,49.49074074074074,1.92,87.71,331.06,2.22,,,-0.4838934549715958,0.87512691892985,39.509009009009006,,3.33,29.0525,1637.516129032258,10690.0,0.0,1.0,0.0,0.0,0.0,0.0,0.0,bundang_cc,0,3,1,2024,spring,1,0.0,0.0,186586.7657472,179798.9208192,0.0,0.0
2024-03-13,2914.331926176,0.0,0.0,5.63875,8.0,10352.0,47.92592592592592,2.57,72.45,331.02,2.2,,,-0.4845042908443986,0.8747888843334524,32.93181818181818,,3.3000000000000003,29.0525,1637.516129032258,10352.0,0.0,1.0,0.0,0.0,0.0,0.0,0.0,bundang_cc,0,3,2,2024,spring,1,0.0,0.0,236557.60951392,199373.76631008,0.0,0.0
2024-03-14,3297.855613104,0.0,0.0,6.125,8.0,10375.0,48.032407407407405,4.28,81.31,331.1,2.21,,,-0.4832823832550023,0.8754645270000179,36.79185520361991,,3.315,29.0525,1637.516129032258,10375.0,0.0,1.0,0.0,0.0,0.0,0.0,0.0,bundang_cc,0,3,3,2024,spring,1,0.0,0.0,174859.91557056,223338.23226432,0.0,0.0
2024-03-15,2851.312756895999,0.0,0.0,4.00125,8.0,10365.0,47.986111111111114,4.45,86.15,331.77,2.27,,,-0.4730121494801654,0.8810559042672341,37.951541850220266,,3.405,29.0525,1637.516129032258,10365.0,0.0,1.0,0.0,0.0,0.0,0.0,0.0,bundang_cc,0,3,4,2024,spring,1,0.0,0.0,197871.33678624,231265.715328,0.0,0.0
2024-03-16,3203.1846324,0.0,0.0,4.365,8.0,10257.0,47.486111111111114,10.2,37.87,331.81,2.28,,,-0.4723969412029978,0.8813859143088523,16.609649122807017,,3.42,29.0525,1637.516129032258,10257.0,0.0,1.0,0.0,0.0,0.0,0.0,0.0,bundang_cc,0,3,5,2024,spring,1,0.0,0.0,171078.76541375995,209050.32438144,0.0,0.0
2024-03-17,3377.098800288,0.0,0.0,4.58,8.0,10236.0,47.38888888888889,4.66,40.81,331.19,2.23,,,-0.4819066111316506,0.87622258481941,18.300448430493276,,3.345,29.0525,1637.516129032258,10236.0,0.0,1.0,0.0,0.0,0.0,0.0,0.0,bundang_cc,0,3,6,2024,spring,1,0.0,0.0,192191.077944,169999.61845824,0.0,0.0
2024-03-18,3444.77912256,0.0,0.0,5.05875,8.0,10462.0,48.43518518518518,4.34,27.97,331.53,2.26,,,-0.4766985473085793,0.8790668319268394,12.376106194690266,,3.3899999999999997,29.0525,1637.516129032258,10462.0,0.0,1.0,0.0,0.0,0.0,0.0,0.0,bundang_cc,0,3,0,2024,spring,1,0.0,0.0,202625.92801728,186586.7657472,0.0,0.0
2024-03-19,2843.7404850719995,0.0,0.0,4.615,8.0,8743.0,40.476851851851855,4.48,57.09,330.51,2.14,,,-0.4922716468786224,0.87044162680757,26.677570093457945,,3.21,29.0525,1637.516129032258,8743.0,0.0,1.0,0.0,0.0,0.0,0.0,0.0,bundang_cc,0,3,1,2024,spring,1,0.0,0.0,206686.7473536,236557.60951392,0.0,0.0
2024-03-20,2646.018945648,0.0,0.0,3.5725,8.0,7796.0,36.092592592592595,2.49,41.01,330.01,2.08,,,-0.4998488424383128,0.8661126570562738,19.716346153846153,,3.12,29.0525,1637.516129032258,7796.0,0.0,1.0,0.0,0.0,0.0,0.0,0.0,bundang_cc,0,3,2,2024,spring,1,0.0,0.0,170624.42910431998,174859.91557056,0.0,0.0
2024-03-21,2564.966381904,0.0,0.0,3.8775,8.0,8269.0,38.28240740740741,2.02,60.11,330.04,2.1,,,-0.4993952784140711,0.866374258561352,28.623809523809523,,3.1500000000000004,29.0525,1637.516129032258,8269.0,0.0,1.0,0.0,0.0,0.0,0.0,0.0,bundang_cc,0,3,3,2024,spring,1,0.0,0.0,158761.13673888,197871.33678624,0.0,0.0
2024-03-22,2067.7159058400002,0.0,0.0,3.56625,8.0,7867.0,36.4212962962963,10.39,99.81,331.0,2.23,,,-0.4848096202463369,0.8746197071393959,44.75784753363229,,3.345,29.0525,1637.516129032258,7867.0,0.0,1.0,0.0,0.0,0.0,0.0,0.0,bundang_cc,0,3,4,2024,spring,1,0.0,0.0,153897.98291424,171078.76541375995,0.0,0.0
2024-03-23,2250.634594464,0.0,0.0,3.725,8.0,7327.0,33.92129629629629,8.41,71.98,331.01,2.19,,,-0.484656962927115,0.8747043090589328,32.8675799086758,,3.285,29.0525,1637.516129032258,7327.0,0.0,1.0,0.0,0.0,0.0,0.0,0.0,bundang_cc,0,3,5,2024,spring,1,0.0,0.0,124062.9543504,192191.077944,0.0,0.0
2024-03-24,1278.1265764319999,0.0,0.0,2.5925,8.0,4974.0,23.02777777777778,10.87,54.17,331.0,2.18,,,-0.4848096202463369,0.8746197071393959,24.84862385321101,,3.2700000000000005,29.0525,1637.516129032258,4974.0,0.0,1.0,0.0,0.0,0.0,0.0,0.0,bundang_cc,0,3,6,2024,spring,1,0.0,0.0,135038.07566784002,202625.92801728,0.0,0.0
2024-03-25,1695.680891712,0.0,0.0,3.30625,8.0,6480.0,30.0,6.25,90.29,331.01,2.25,,,-0.484656962927115,0.8747043090589328,40.128888888888895,,3.375,29.0525,1637.516129032258,6480.0,0.0,1.0,0.0,0.0,0.0,0.0,0.0,bundang_cc,0,3,0,2024,spring,1,0.0,0.0,76687.59458591999,206686.7473536,0.0,0.0
2024-03-26,1553.482393488,0.0,0.0,3.5700000000000003,8.0,5115.0,23.680555555555554,5.77,83.68,331.13,2.24,,,-0.4828239248742274,0.8757174530458134,37.357142857142854,,3.3600000000000003,29.0525,1637.516129032258,5115.0,0.0,1.0,0.0,0.0,0.0,0.0,0.0,bundang_cc,0,3,1,2024,spring,1,0.0,0.0,101740.85350272,170624.42910431998,0.0,0.0
2024-03-27,1406.905654176,0.0,0.0,4.117500000000001,8.0,5156.0,23.87037037037037,8.9,78.04,331.01,2.23,,,-0.484656962927115,0.8747043090589328,34.99551569506727,,3.345,29.0525,1637.516129032258,5156.0,0.0,1.0,0.0,0.0,0.0,0.0,0.0,bundang_cc,0,3,2,2024,spring,1,0.0,0.0,93208.94360928,158761.13673888,0.0,0.0
2024-03-28,1810.977972336,0.0,0.0,7.65375,8.0,5948.0,27.53703703703704,7.13,85.31,331.01,2.18,,,-0.484656962927115,0.8747043090589328,39.13302752293578,,3.2700000000000005,29.0525,1637.516129032258,5948.0,0.0,1.0,0.0,0.0,0.0,0.0,0.0,bundang_cc,0,3,3,2024,spring,1,0.0,0.0,84414.33925056,153897.98291424,0.0,0.0
2024-03-29,1908.588754368,0.0,0.0,7.56625,8.0,5489.0,25.41203703703704,2.49,77.49,330.89,2.18,,,-0.4864878750374497,0.8736873281910106,35.54587155963302,,3.2700000000000005,29.0525,1637.516129032258,5489.0,0.0,1.0,0.0,0.0,0.0,0.0,0.0,bundang_cc,0,3,4,2024,spring,1,0.0,0.0,108658.67834016,124062.9543504,0.0,0.0
2024-03-30,1683.979833024,0.0,0.0,3.88375,8.0,4884.0,22.61111111111111,5.59,65.37,330.81,2.19,,,-0.4877072980653613,0.8730072115474103,29.849315068493155,,3.285,29.0525,1637.516129032258,4884.0,0.0,1.0,0.0,0.0,0.0,0.0,0.0,bundang_cc,0,3,5,2024,spring,1,0.0,0.0,114515.32526208,135038.07566784002,0.0,0.0
2024-03-31,1906.3506608639998,0.0,0.0,6.95625,8.0,5706.0,26.416666666666664,9.01,46.8,331.01,2.22,,,-0.484656962927115,0.8747043090589328,21.081081081081077,,3.33,29.0525,1637.516129032258,5706.0,0.0,1.0,0.0,0.0,0.0,0.0,0.0,bundang_cc,0,3,6,2024,spring,1,0.0,0.0,101038.78998144,76687.59458591999,0.0,0.0
2024-04-01,1718.615340576,0.0,0.0,7.01375,8.0,4966.0,22.99074074074074,7.23,37.31,330.51,2.19,,,-0.4922716468786224,0.87044162680757,17.036529680365298,,3.285,24.76875,431.8,4966.0,0.0,1.0,0.0,0.0,0.0,0.0,0.0,bundang_cc,0,4,0,2024,spring,0,0.0,0.0,114381.03965184,101740.85350272,0.0,0.0
2024-04-02,1898.9736393600003,0.0,0.0,5.1725,8.0,5406.0,25.027777777777775,12.1,69.36,331.01,2.25,,,-0.484656962927115,0.8747043090589328,30.826666666666668,,3.375,24.76875,431.8,5406.0,0.0,1.0,0.0,0.0,0.0,0.0,0.0,bundang_cc,0,4,1,2024,spring,0,0.0,0.0,103116.92043456,93208.94360928,0.0,0.0
2024-04-03,1658.7536417279998,0.0,0.0,3.82625,8.0,5580.0,25.833333333333336,12.57,100.0,331.32,2.26,,,-0.4799172864209607,0.8773137398869013,44.24778761061947,,3.3899999999999997,24.76875,431.8,5580.0,0.0,1.0,0.0,0.0,0.0,0.0,0.0,bundang_cc,0,4,2,2024,spring,0,0.0,0.0,113938.41836160002,84414.33925056,0.0,0.0
2024-04-04,1096.4185092,0.0,0.0,3.8425,8.0,4681.0,21.671296296296298,13.0,50.17,331.01,2.26,,,-0.484656962927115,0.8747043090589328,22.19911504424779,,3.3899999999999997,24.76875,431.8,4681.0,0.0,1.0,0.0,0.0,0.0,0.0,0.0,bundang_cc,0,4,3,2024,spring,0,0.0,0.0,99525.21850368,108658.67834016,0.0,0.0
2024-04-05,674.492211648,0.0,0.0,1.69625,8.0,2913.0,13.48611111111111,8.13,74.5,331.01,2.23,,,-0.484656962927115,0.8747043090589328,33.408071748878925,,3.345,24.76875,431.8,2913.0,0.0,1.0,0.0,0.0,0.0,0.0,0.0,bundang_cc,0,4,4,2024,spring,0,0.0,0.0,65785.110552,114515.32526208,0.0,0.0
2024-04-06,1087.989895872,0.0,0.0,1.86125,8.0,3968.0,18.37037037037037,7.89,55.65,331.01,2.23,,,-0.484656962927115,0.8747043090589328,24.955156950672645,,3.345,24.76875,431.8,3968.0,0.0,1.0,0.0,0.0,0.0,0.0,0.0,bundang_cc,0,4,5,2024,spring,0,0.0,0.0,40469.53269888,101038.78998144,0.0,0.0
2024-04-07,0.33008644800000003,0.0,0.0,0.2275,8.0,0.0,0.0,10.11,49.58,331.01,2.25,,,-0.484656962927115,0.8747043090589328,22.03555555555555,,3.375,24.76875,431.8,0.0,0.0,1.0,0.0,0.0,0.0,0.0,0.0,bundang_cc,0,4,6,2024,spring,0,0.0,0.0,65279.39375232,114381.03965184,0.0,0.0
2024-04-08,972.5237527680001,0.0,0.0,2.01125,8.0,3456.0,16.0,12.41,73.51,331.33,2.26,,,-0.4797641589788397,0.8773974878920765,32.52654867256638,,3.3899999999999997,24.76875,431.8,3456.0,0.0,1.0,0.0,0.0,0.0,0.0,0.0,bundang_cc,0,4,0,2024,spring,0,0.0,0.0,19.80518688,103116.92043456,0.0,0.0
2024-04-09,631.743833952,0.0,0.0,1.65125,8.0,2621.0,12.13425925925926,13.39,34.85,331.08,2.26,,,-0.4835879485751622,0.8752957762910011,15.420353982300886,,3.3899999999999997,24.76875,431.8,2621.0,0.0,1.0,0.0,0.0,0.0,0.0,0.0,bundang_cc,0,4,1,2024,spring,0,0.0,0.0,58351.42516608001,113938.41836160002,0.0,0.0
2024-04-10,0.279624816,0.0,0.0,0.195,8.0,0.0,0.0,11.06,83.61,331.63,2.28,,,-0.4751635609780739,0.8798974885284286,36.67105263157895,,3.42,24.76875,431.8,0.0,0.0,1.0,0.0,0.0,0.0,0.0,0.0,bundang_cc,0,4,2,2024,spring,0,0.0,0.0,37904.630037120005,99525.21850368,0.0,0.0
2024-04-11,642.7480963679999,0.0,0.0,2.2624999999999997,8.0,2526.0,11.694444444444445,10.94,76.32,331.63,2.27,,,-0.4751635609780739,0.8798974885284286,33.621145374449334,,3.405,24.76875,431.8,2526.0,0.0,1.0,0.0,0.0,0.0,0.0,0.0,bundang_cc,0,4,3,2024,spring,0,0.0,0.0,16.77748896,65785.110552,0.0,0.0
2024-04-12,1762.4865509279996,0.0,0.0,4.965,8.0,2770.0,12.824074074074074,13.05,79.65,331.67,2.28,,,-0.4745491609033047,0.8802290008207918,34.934210526315795,,3.42,24.76875,431.8,2770.0,0.0,1.0,0.0,0.0,0.0,0.0,0.0,bundang_cc,0,4,4,2024,spring,0,0.0,0.0,38564.88578208,40469.53269888,0.0,0.0
2024-04-13,1.888482816,0.0,0.0,1.2975,8.0,0.0,0.0,14.46,66.51,331.65,2.28,,,-0.4748563898705951,0.8800632982911317,29.171052631578952,,3.42,24.76875,431.8,0.0,0.0,1.0,0.0,0.0,0.0,0.0,0.0,bundang_cc,0,4,5,2024,spring,0,0.0,0.0,105749.19305567998,65279.39375232,0.0,0.0
2024-04-14,0.9911622240000001,0.0,0.0,1.02625,8.0,0.0,0.0,16.4,57.44,331.34,2.28,,,-0.4796110169222667,0.8774812091701959,25.192982456140353,,3.42,24.76875,431.8,0.0,0.0,1.0,0.0,0.0,0.0,0.0,0.0,bundang_cc,0,4,6,2024,spring,0,0.0,0.0,113.30896896,19.80518688,0.0,0.0
2024-04-15,823.991358096,0.0,0.0,4.18125,8.0,2979.0,13.791666666666666,11.25,100.0,331.3,2.26,,,-0.480223497443189,0.8771461637055887,44.24778761061947,,3.3899999999999997,24.76875,431.8,2979.0,0.0,1.0,0.0,0.0,0.0,0.0,0.0,bundang_cc,0,4,0,2024,spring,0,0.0,0.0,59.469733440000006,58351.42516608001,0.0,0.0
2024-04-16,650.5630830719999,0.0,0.0,3.08875,8.0,2820.0,13.055555555555555,9.55,98.33,331.09,2.27,,,-0.4834351732782214,0.8753801649783116,43.31718061674009,,3.405,24.76875,431.8,2820.0,0.0,1.0,0.0,0.0,0.0,0.0,0.0,bundang_cc,0,4,1,2024,spring,0,0.0,0.0,49439.48148576,37904.630037120005,0.0,0.0
2024-04-17,1.3297697279999998,0.0,0.0,1.36875,8.0,0.0,0.0,10.95,76.02,331.66,2.28,,,-0.4747027826170863,0.8801461629613545,33.3421052631579,,3.42,24.76875,431.8,0.0,0.0,1.0,0.0,0.0,0.0,0.0,0.0,bundang_cc,0,4,2,2024,spring,0,0.0,0.0,39033.784984319995,16.77748896,0.0,0.0
2024-04-18,1.074804768,0.0,0.0,1.2775,8.0,0.0,0.0,12.77,57.78,331.34,2.26,,,-0.4796110169222667,0.8774812091701959,25.566371681415937,,3.3899999999999997,24.76875,431.8,0.0,0.0,1.0,0.0,0.0,0.0,0.0,0.0,bundang_cc,0,4,3,2024,spring,0,0.0,0.0,79.78618368,38564.88578208,0.0,0.0
2024-04-19,753.757160976,0.0,0.0,2.77,8.0,2806.0,12.990740740740742,14.04,72.45,331.67,2.3,,,-0.4745491609033047,0.8802290008207918,31.500000000000004,,3.4499999999999997,24.76875,431.8,2806.0,0.0,1.0,0.0,0.0,0.0,0.0,0.0,bundang_cc,0,4,4,2024,spring,0,0.0,0.0,64.48828608,105749.19305567998,0.0,0.0
2024-04-20,1.819611216,0.0,0.0,1.8125,8.0,0.0,0.0,12.43,100.0,331.92,2.31,,,-0.4707039321653325,0.8822912264349533,43.290043290043286,,3.465,24.76875,431.8,0.0,0.0,1.0,0.0,0.0,0.0,0.0,0.0,bundang_cc,0,4,5,2024,spring,0,0.0,0.0,45225.42965856,113.30896896,0.0,0.0
2024-04-21,1.5226587360000001,0.0,0.0,1.9525,8.0,0.0,0.0,15.56,69.72,331.85,2.3,,,-0.4717815026853005,0.8817154947736825,30.313043478260873,,3.4499999999999997,24.76875,431.8,0.0,0.0,1.0,0.0,0.0,0.0,0.0,0.0,bundang_cc,0,4,6,2024,spring,0,0.0,0.0,109.17667296,59.469733440000006,0.0,0.0
2024-04-22,754.971578352,0.0,0.0,2.93625,8.0,2753.0,12.74537037037037,15.36,63.13,332.33,2.37,,,-0.4643783910078935,0.8856368951014405,26.637130801687764,,3.555,24.76875,431.8,2753.0,0.0,1.0,0.0,0.0,0.0,0.0,0.0,bundang_cc,0,4,0,2024,spring,0,0.0,0.0,91.35952416,49439.48148576,0.0,0.0
2024-04-23,29.216641680000002,0.0,0.0,5.16,8.0,0.0,0.0,14.8,57.36,332.07,2.38,,,-0.4683924886984538,0.8835205014773957,24.100840336134453,,3.57,24.76875,431.8,0.0,0.0,1.0,0.0,0.0,0.0,0.0,0.0,bundang_cc,0,4,1,2024,spring,0,0.0,0.0,45298.29470112,39033.784984319995,0.0,0.0
2024-04-24,728.622768096,0.0,0.0,6.4025,8.0,2821.0,13.060185185185183,10.85,87.52,332.29,2.38,,,-0.4649965689833412,0.885312482027516,36.77310924369747,,3.57,24.76875,431.8,2821.0,0.0,1.0,0.0,0.0,0.0,0.0,0.0,bundang_cc,0,4,2,2024,spring,0,0.0,0.0,1752.9985008,79.78618368,0.0,0.0
2024-04-25,249.111344304,0.0,0.0,2.3625,8.0,411.0,1.902777777777778,11.48,98.31,332.58,2.42,,,-0.4605096627729946,0.8876546910216285,40.62396694214876,,3.63,24.76875,431.8,411.0,0.0,1.0,0.0,0.0,0.0,0.0,0.0,bundang_cc,0,4,3,2024,spring,0,0.0,0.0,43717.36608576,64.48828608,0.0,0.0
2024-04-26,780.416206848,0.0,0.0,3.275,8.0,2955.0,13.680555555555555,12.35,76.81,334.34,2.61,,,-0.433029908525115,0.901379552864791,29.429118773946364,,3.915,24.76875,431.8,2955.0,0.0,1.0,0.0,0.0,0.0,0.0,0.0,bundang_cc,0,4,4,2024,spring,0,0.0,0.0,14946.68065824,45225.42965856,0.0,0.0
2024-04-27,0.7727954400000001,0.0,0.0,0.83625,8.0,0.0,0.0,12.23,73.23,334.3,2.63,,,-0.4336590845875442,0.9010770213220916,27.84410646387833,,3.945,24.76875,431.8,0.0,0.0,1.0,0.0,0.0,0.0,0.0,0.0,bundang_cc,0,4,5,2024,spring,0,0.0,0.0,46824.97241088,109.17667296,0.0,0.0
2024-04-28,0.519573024,0.0,0.0,0.65625,8.0,0.0,0.0,16.78,55.45,334.99,2.66,,,-0.4227764358522544,0.9062340124317032,20.845864661654137,,3.99,24.76875,431.8,0.0,0.0,1.0,0.0,0.0,0.0,0.0,0.0,bundang_cc,0,4,6,2024,spring,0,0.0,0.0,46.36772640000001,91.35952416,0.0,0.0
2024-04-29,617.992853472,0.0,0.0,2.885,8.0,2561.0,11.85648148148148,15.16,85.7,334.46,2.66,,,-0.4311411152438482,0.9022845109754964,32.21804511278195,,3.99,24.76875,431.8,2561.0,0.0,1.0,0.0,0.0,0.0,0.0,0.0,bundang_cc,0,4,0,2024,spring,0,0.0,0.0,31.17438144,45298.29470112,0.0,0.0
2024-04-30,1206.22259664,0.0,0.0,5.32625,8.0,4924.0,22.796296296296298,13.66,82.68,334.84,2.65,,,-0.4251474994074929,0.9051240819620014,31.200000000000003,,3.975,24.76875,431.8,4924.0,0.0,1.0,0.0,0.0,0.0,0.0,0.0,bundang_cc,0,4,1,2024,spring,0,0.0,0.0,37079.57120832,1752.9985008,0.0,0.0
2024-05-01,0.7364771999999999,0.0,0.0,0.5425,8.0,0.0,0.0,12.89,74.98,334.67,2.63,,,-0.427831181300314,0.9038586616873115,28.509505703422057,,3.945,26.64428571428571,430.8387096774194,0.0,0.0,1.0,0.0,0.0,0.0,0.0,0.0,bundang_cc,0,5,2,2024,spring,0,0.0,0.0,72373.35579839999,43717.36608576,0.0,0.0
2024-05-02,395.79621422400004,0.0,0.0,2.37875,8.0,1926.0,8.916666666666668,12.04,58.66,334.63,2.62,,,-0.4284620893739603,0.9035597589364528,22.38931297709923,,3.93,26.64428571428571,430.8387096774194,1926.0,0.0,1.0,0.0,0.0,0.0,0.0,0.0,bundang_cc,0,5,3,2024,spring,0,0.0,0.0,44.188632,14946.68065824,0.0,0.0
2024-05-03,382.663952208,0.0,0.0,2.3325,8.0,1864.0,8.62962962962963,13.86,60.5,334.5,2.64,,,-0.4305110968082952,0.9025852843498606,22.916666666666664,,3.96,26.64428571428571,430.8387096774194,1864.0,0.0,1.0,0.0,0.0,0.0,0.0,0.0,bundang_cc,0,5,4,2024,spring,0,0.0,0.0,23747.77285344,46824.97241088,0.0,0.0
2024-05-04,1.0900327680000002,0.0,0.0,1.08375,8.0,0.0,0.0,18.69,51.21,335.0,2.68,,,-0.4226182617406992,0.90630778703665,19.10820895522388,,4.0200000000000005,26.64428571428571,430.8387096774194,0.0,0.0,1.0,0.0,0.0,0.0,0.0,0.0,bundang_cc,0,5,5,2024,spring,0,0.0,0.0,22959.83713248,46.36772640000001,0.0,0.0
2024-05-05,1.87593048,0.0,0.0,1.57375,8.0,0.0,0.0,15.81,100.0,334.66,2.64,,,-0.4279889278794619,0.9037839772935724,37.878787878787875,,3.96,26.64428571428571,430.8387096774194,0.0,0.0,1.0,0.0,0.0,0.0,0.0,0.0,bundang_cc,0,5,6,2024,spring,0,0.0,0.0,65.40196608000001,31.17438144,0.0,0.0
2024-05-06,1.285773696,0.0,0.0,1.29,8.0,0.0,0.0,13.02,97.94,334.36,2.63,,,-0.4327152413296606,0.901530653899807,37.239543726235745,,3.945,26.64428571428571,430.8387096774194,0.0,0.0,1.0,0.0,0.0,0.0,0.0,0.0,bundang_cc,0,5,0,2024,spring,0,0.0,0.0,112.5558288,37079.57120832,0.0,0.0
2024-05-07,723.7069732799998,0.0,0.0,2.7175,8.0,2670.0,12.36111111111111,10.05,96.24,334.17,2.61,,,-0.4357024454966047,0.9000907615281241,36.87356321839081,,3.915,26.64428571428571,430.8387096774194,2670.0,0.0,1.0,0.0,0.0,0.0,0.0,0.0,bundang_cc,0,5,1,2024,spring,0,0.0,0.0,77.14642176,72373.35579839999,0.0,0.0
2024-05-08,735.709540176,0.0,0.0,2.68625,8.0,2868.0,13.277777777777777,9.97,81.92,334.34,2.62,,,-0.433029908525115,0.901379552864791,31.267175572519083,,3.93,26.64428571428571,430.8387096774194,2868.0,0.0,1.0,0.0,0.0,0.0,0.0,0.0,bundang_cc,0,5,2,2024,spring,0,0.0,0.0,43422.41839679999,44.188632,0.0,0.0
2024-05-09,965.3992149599999,0.0,0.0,4.38875,8.0,4145.0,19.189814814814817,12.93,84.01,334.34,2.63,,,-0.433029908525115,0.901379552864791,31.942965779467684,,3.945,26.64428571428571,430.8387096774194,4145.0,0.0,1.0,0.0,0.0,0.0,0.0,0.0,bundang_cc,0,5,3,2024,spring,0,0.0,0.0,44142.57241056,23747.77285344,0.0,0.0
2024-05-10,1506.1528872000001,0.0,0.0,2.8975,8.0,4850.0,22.453703703703702,12.08,65.68,334.3,2.62,,,-0.4336590845875442,0.9010770213220916,25.068702290076335,,3.93,26.64428571428571,430.8387096774194,4850.0,0.0,1.0,0.0,0.0,0.0,0.0,0.0,bundang_cc,0,5,4,2024,spring,0,0.0,0.0,57923.95289759999,22959.83713248,0.0,0.0
2024-05-11,1520.7868133280006,0.0,0.0,2.885,8.0,4795.0,22.199074074074073,13.28,100.0,334.48,2.65,,,-0.4308261322735004,0.9024349526421592,37.735849056603776,,3.975,26.64428571428571,430.8387096774194,4795.0,0.0,1.0,0.0,0.0,0.0,0.0,0.0,bundang_cc,0,5,5,2024,spring,0,0.0,0.0,90369.173232,65.40196608000001,0.0,0.0
2024-05-12,1.094662512,0.0,0.0,0.87,8.0,0.0,0.0,13.01,73.6,334.46,2.65,,,-0.4311411152438482,0.9022845109754964,27.773584905660375,,3.975,26.64428571428571,430.8387096774194,0.0,0.0,1.0,0.0,0.0,0.0,0.0,0.0,bundang_cc,0,5,6,2024,spring,0,0.0,0.0,91247.20879968004,112.5558288,0.0,0.0
2024-05-13,786.1072824,0.0,0.0,2.815,8.0,3234.0,14.972222222222223,13.57,64.17,334.34,2.64,,,-0.433029908525115,0.901379552864791,24.30681818181818,,3.96,26.64428571428571,430.8387096774194,3234.0,0.0,1.0,0.0,0.0,0.0,0.0,0.0,bundang_cc,0,5,0,2024,spring,0,0.0,0.0,65.67975072,77.14642176,0.0,0.0
2024-05-14,928.1169744480001,0.0,0.0,2.955,8.0,3619.0,16.75462962962963,12.74,60.68,335.0,2.65,,,-0.4226182617406992,0.90630778703665,22.89811320754717,,3.975,26.64428571428571,430.8387096774194,3619.0,0.0,1.0,0.0,0.0,0.0,0.0,0.0,bundang_cc,0,5,1,2024,spring,0,0.0,0.0,47166.436944,43422.41839679999,0.0,0.0
2024-05-15,271.875752496,0.0,0.0,1.69375,8.0,1758.0,8.13888888888889,7.09,100.0,334.34,2.65,,,-0.433029908525115,0.901379552864791,37.735849056603776,,3.975,26.64428571428571,430.8387096774194,1758.0,0.0,1.0,0.0,0.0,0.0,0.0,0.0,bundang_cc,0,5,2,2024,spring,0,0.0,0.0,55687.01846688001,44142.57241056,0.0,0.0
2024-05-16,831.1505204160001,0.0,0.0,2.47625,8.0,3029.0,14.023148148148149,10.59,89.04,334.67,2.63,,,-0.427831181300314,0.9038586616873115,33.85551330798479,,3.945,26.64428571428571,430.8387096774194,3029.0,0.0,1.0,0.0,0.0,0.0,0.0,0.0,bundang_cc,0,5,3,2024,spring,0,0.0,0.0,16312.54514976,57923.95289759999,0.0,0.0
2024-05-17,714.4085738880001,0.0,0.0,2.84375,8.0,3256.0,15.074074074074073,14.63,72.26,335.0,2.66,,,-0.4226182617406992,0.90630778703665,27.165413533834588,,3.99,26.64428571428571,430.8387096774194,3256.0,0.0,1.0,0.0,0.0,0.0,0.0,0.0,bundang_cc,0,5,4,2024,spring,0,0.0,0.0,49869.03122496,90369.173232,0.0,0.0
2024-05-18,796.4189172000001,0.0,0.0,2.52,8.0,3381.0,15.652777777777777,15.64,92.93,334.34,2.63,,,-0.433029908525115,0.901379552864791,35.334600760456276,,3.945,26.64428571428571,430.8387096774194,3381.0,0.0,1.0,0.0,0.0,0.0,0.0,0.0,bundang_cc,0,5,5,2024,spring,0,0.0,0.0,42864.514433280005,91247.20879968004,0.0,0.0
2024-05-19,0.936920592,0.0,0.0,1.0650000000000002,8.0,0.0,0.0,15.66,82.98,334.34,2.63,,,-0.433029908525115,0.901379552864791,31.55133079847909,,3.945,26.64428571428571,430.8387096774194,0.0,0.0,1.0,0.0,0.0,0.0,0.0,0.0,bundang_cc,0,5,6,2024,spring,0,0.0,0.0,47785.135032000006,65.67975072,0.0,0.0
2024-05-20,1192.120458048,0.0,0.0,4.265,8.0,5122.0,23.71296296296296,17.12,92.18,334.67,2.65,,,-0.427831181300314,0.9038586616873115,34.78490566037736,,3.975,26.64428571428571,430.8387096774194,5122.0,0.0,1.0,0.0,0.0,0.0,0.0,0.0,bundang_cc,0,5,0,2024,spring,0,0.0,0.0,56.21523552,47166.436944,0.0,0.0
2024-05-21,803.398717008,0.0,0.0,2.6,8.0,3082.0,14.26851851851852,17.21,93.78,334.67,2.65,,,-0.427831181300314,0.9038586616873115,35.38867924528302,,3.975,26.64428571428571,430.8387096774194,3082.0,0.0,1.0,0.0,0.0,0.0,0.0,0.0,bundang_cc,0,5,1,2024,spring,0,0.0,0.0,71527.22748288,55687.01846688001,0.0,0.0
2024-05-22,748.566035568,0.0,0.0,2.48375,8.0,3047.0,14.10648148148148,15.9,80.28,334.34,2.64,,,-0.433029908525115,0.901379552864791,30.409090909090907,,3.96,26.64428571428571,430.8387096774194,3047.0,0.0,1.0,0.0,0.0,0.0,0.0,0.0,bundang_cc,0,5,2,2024,spring,0,0.0,0.0,48203.92302048,16312.54514976,0.0,0.0
2024-05-23,795.9324768480001,0.0,0.0,2.27125,8.0,3070.0,14.212962962962964,15.12,89.21,334.34,2.63,,,-0.433029908525115,0.901379552864791,33.92015209125475,,3.945,26.64428571428571,430.8387096774194,3070.0,0.0,1.0,0.0,0.0,0.0,0.0,0.0,bundang_cc,0,5,3,2024,spring,0,0.0,0.0,44913.96213408,49869.03122496,0.0,0.0
2024-05-24,600.8761258559999,0.0,0.0,1.72375,8.0,2731.0,12.643518518518515,18.77,85.11,334.34,2.63,,,-0.433029908525115,0.901379552864791,32.361216730038024,,3.945,26.64428571428571,430.8387096774194,2731.0,0.0,1.0,0.0,0.0,0.0,0.0,0.0,bundang_cc,0,5,4,2024,spring,0,0.0,0.0,47755.948610880005,42864.514433280005,0.0,0.0
2024-05-25,580.8619277279998,0.0,0.0,1.48375,8.0,2952.0,13.666666666666666,18.29,70.71,334.34,2.65,,,-0.433029908525115,0.901379552864791,26.683018867924527,,3.975,26.64428571428571,430.8387096774194,2952.0,0.0,1.0,0.0,0.0,0.0,0.0,0.0,bundang_cc,0,5,5,2024,spring,0,0.0,0.0,36052.56755135999,47785.135032000006,0.0,0.0
2024-05-26,0.353319408,0.0,0.0,0.32,8.0,0.0,0.0,16.64,100.0,335.72,2.79,,,-0.4111961937808659,0.9115468667162038,35.842293906810035,,4.1850000000000005,26.64428571428571,430.8387096774194,0.0,0.0,1.0,0.0,0.0,0.0,0.0,0.0,bundang_cc,0,5,6,2024,spring,0,0.0,0.0,34851.71566367999,56.21523552,0.0,0.0
2024-05-27,844.5132001439999,0.0,0.0,2.175,8.0,2980.0,13.796296296296296,14.46,79.33,335.51,2.74,,,-0.4145344181384821,0.9100336346413742,28.952554744525543,,4.11,26.64428571428571,430.8387096774194,2980.0,0.0,1.0,0.0,0.0,0.0,0.0,0.0,bundang_cc,0,5,0,2024,spring,0,0.0,0.0,21.19916448,71527.22748288,0.0,0.0
2024-05-28,933.1217796960001,0.0,0.0,6.15,8.0,4152.0,19.22222222222222,15.03,71.0,335.29,2.74,,,-0.4180256320255836,0.9084352321269862,25.912408759124087,,4.11,26.64428571428571,430.8387096774194,4152.0,0.0,1.0,0.0,0.0,0.0,0.0,0.0,bundang_cc,0,5,1,2024,spring,0,0.0,0.0,50670.79200864,48203.92302048,0.0,0.0
2024-05-29,597.26432088,0.0,0.0,6.37375,8.0,2711.0,12.550925925925927,15.11,52.32,335.34,2.73,,,-0.4172327136617654,0.90879968235604,19.164835164835164,,4.095,26.64428571428571,430.8387096774194,2711.0,0.0,1.0,0.0,0.0,0.0,0.0,0.0,bundang_cc,0,5,2,2024,spring,0,0.0,0.0,55987.30678176,44913.96213408,0.0,0.0
2024-05-30,577.396219824,0.0,0.0,2.9775,8.0,2896.0,13.407407407407408,17.59,73.34,335.66,2.74,,,-0.412150537789503,0.9111157633362642,26.76642335766423,,4.11,26.64428571428571,430.8387096774194,2896.0,0.0,1.0,0.0,0.0,0.0,0.0,0.0,bundang_cc,0,5,3,2024,spring,0,0.0,0.0,35835.8592528,47755.948610880005,0.0,0.0
2024-05-31,667.2724169759999,0.0,0.0,2.0375,8.0,2830.0,13.101851851851851,17.46,84.26,335.04,2.74,,,-0.4219854366057826,0.9066026093568378,30.751824817518248,,4.11,26.64428571428571,430.8387096774194,2830.0,0.0,1.0,0.0,0.0,0.0,0.0,0.0,bundang_cc,0,5,4,2024,spring,0,0.0,0.0,34643.77318944,36052.56755135999,0.0,0.0
2024-06-01,0.386253072,0.0,0.0,0.36375,8.0,0.0,0.0,15.23,83.4,335.01,2.73,,,-0.4224600747554563,0.9063815340338826,30.54945054945055,,4.095,27.34375,410.7,0.0,0.0,1.0,0.0,0.0,0.0,0.0,0.0,bundang_cc,0,6,5,2024,summer,0,0.0,0.0,40036.345018559994,34851.71566367999,0.0,0.0
2024-06-02,0.19170244800000003,0.0,0.0,0.2375,8.0,0.0,0.0,15.61,70.47,335.66,2.74,,,-0.412150537789503,0.9111157633362642,25.71897810218978,,4.11,27.34375,410.7,0.0,0.0,1.0,0.0,0.0,0.0,0.0,0.0,bundang_cc,0,6,6,2024,summer,0,0.0,0.0,23.17518432,21.19916448,0.0,0.0
2024-06-03,997.957542816,0.0,0.0,3.7375,8.0,4722.0,21.86111111111111,17.64,44.55,335.63,2.76,,,-0.4126275403691132,0.9108998369353988,16.141304347826086,,4.14,27.34375,410.7,4722.0,0.0,1.0,0.0,0.0,0.0,0.0,0.0,bundang_cc,0,6,0,2024,summer,0,0.0,0.0,11.502146880000002,50670.79200864,0.0,0.0
2024-06-04,868.7022580799999,0.0,0.0,3.22375,8.0,4095.0,18.958333333333332,17.57,62.5,335.34,2.77,,,-0.4172327136617654,0.90879968235604,22.56317689530686,,4.155,27.34375,410.7,4095.0,0.0,1.0,0.0,0.0,0.0,0.0,0.0,bundang_cc,0,6,1,2024,summer,0,0.0,0.0,59877.45256896,55987.30678176,0.0,0.0
2024-06-05,725.938020864,0.0,0.0,3.05125,8.0,4140.0,19.166666666666668,18.87,75.48,335.59,2.76,,,-0.4132633678150467,0.9106115466114876,27.347826086956527,,4.14,27.34375,410.7,4140.0,0.0,1.0,0.0,0.0,0.0,0.0,0.0,bundang_cc,0,6,2,2024,summer,0,0.0,0.0,52122.13548479999,35835.8592528,0.0,0.0
2024-06-06,541.825079472,0.0,0.0,3.3125,8.0,3658.0,16.935185185185187,17.7,74.92,335.65,2.76,,,-0.4123095512106552,0.9110438156205596,27.144927536231886,,4.14,27.34375,410.7,3658.0,0.0,1.0,0.0,0.0,0.0,0.0,0.0,bundang_cc,0,6,3,2024,summer,0,0.0,0.0,43556.28125184,34643.77318944,0.0,0.0
2024-06-07,975.6792603360001,0.0,0.0,4.035,8.0,5158.0,23.87962962962963,17.25,89.83,335.08,2.74,,,-0.4213524058002913,0.9068969898099268,32.784671532846716,,4.11,27.34375,410.7,5158.0,0.0,1.0,0.0,0.0,0.0,0.0,0.0,bundang_cc,0,6,4,2024,summer,0,0.0,0.0,32509.504768319995,40036.345018559994,0.0,0.0
2024-06-08,0.8314401600000001,0.0,0.0,0.37,8.0,0.0,0.0,17.8,100.0,335.01,2.72,,,-0.4224600747554563,0.9063815340338826,36.76470588235294,,4.08,27.34375,410.7,0.0,0.0,1.0,0.0,0.0,0.0,0.0,0.0,bundang_cc,0,6,5,2024,summer,0,0.0,0.0,58540.75562016,23.17518432,0.0,0.0
2024-06-09,0.373179744,0.0,0.0,0.23625,8.0,0.0,0.0,18.67,84.85,335.15,2.74,,,-0.4202441079239194,0.9074110919286964,30.96715328467153,,4.11,27.34375,410.7,0.0,0.0,1.0,0.0,0.0,0.0,0.0,0.0,bundang_cc,0,6,6,2024,summer,0,0.0,0.0,49.88640960000001,11.502146880000002,0.0,0.0
2024-06-10,979.6256347679998,0.0,0.0,3.8075,8.0,4979.0,23.050925925925924,21.34,88.71,336.0,2.8,,,-0.4067366430758001,0.9135454576426008,31.682142857142857,,4.199999999999999,27.34375,410.7,4979.0,0.0,1.0,0.0,0.0,0.0,0.0,0.0,bundang_cc,0,6,0,2024,summer,0,0.0,0.0,22.39078464,59877.45256896,0.0,0.0
2024-06-11,1014.5242837440001,0.0,0.0,3.72,8.0,5624.0,26.03703703703704,18.73,77.86,335.36,2.76,,,-0.4169154573149736,0.9089452686778486,28.21014492753623,,4.14,27.34375,410.7,5624.0,0.0,1.0,0.0,0.0,0.0,0.0,0.0,bundang_cc,0,6,1,2024,summer,0,0.0,0.0,58777.53808607999,52122.13548479999,0.0,0.0
2024-06-12,735.435171072,0.0,0.0,3.305,8.0,3914.0,18.12037037037037,19.21,75.28,335.97,2.79,,,-0.4072149185824402,0.9133323656171924,26.982078853046595,,4.1850000000000005,27.34375,410.7,3914.0,0.0,1.0,0.0,0.0,0.0,0.0,0.0,bundang_cc,0,6,2,2024,summer,0,0.0,0.0,60871.45702464,43556.28125184,0.0,0.0
2024-06-13,968.42319192,0.0,0.0,4.05125,8.0,4721.0,21.85648148148148,21.14,69.08,336.0,2.81,,,-0.4067366430758001,0.9135454576426008,24.583629893238435,,4.215,27.34375,410.7,4721.0,0.0,1.0,0.0,0.0,0.0,0.0,0.0,bundang_cc,0,6,3,2024,summer,0,0.0,0.0,44126.11026432,32509.504768319995,0.0,0.0
2024-06-14,1026.8724510719999,0.0,0.0,3.8075,8.0,5253.0,24.319444444444443,22.43,68.35,336.0,2.78,,,-0.4067366430758001,0.9135454576426008,24.5863309352518,,4.17,27.34375,410.7,5253.0,0.0,1.0,0.0,0.0,0.0,0.0,0.0,bundang_cc,0,6,4,2024,summer,0,0.0,0.0,58105.391515200005,58540.75562016,0.0,0.0
2024-06-15,0.496720656,0.0,0.0,0.35875,8.0,0.0,0.0,20.03,93.04,336.01,2.81,,,-0.4065771931206313,0.9136164326642494,33.11032028469751,,4.215,27.34375,410.7,0.0,0.0,1.0,0.0,0.0,0.0,0.0,0.0,bundang_cc,0,6,5,2024,summer,0,0.0,0.0,61612.34706432,49.88640960000001,0.0,0.0
2024-06-16,225.98589830400002,0.0,0.0,2.4375,8.0,1783.0,8.25462962962963,18.55,62.74,335.92,2.77,,,-0.4080117962725926,0.9129766558365072,22.64981949458484,,4.155,27.34375,410.7,1783.0,0.0,1.0,0.0,0.0,0.0,0.0,0.0,bundang_cc,0,6,6,2024,summer,0,0.0,0.0,29.80323936,22.39078464,0.0,0.0
2024-06-17,437.29223270399996,0.0,0.0,2.96,8.0,2915.0,13.495370370370372,19.02,49.22,335.69,2.77,,,-0.411673422216487,0.9113314399495752,17.768953068592058,,4.155,27.34375,410.7,2915.0,0.0,1.0,0.0,0.0,0.0,0.0,0.0,bundang_cc,0,6,0,2024,summer,0,0.0,0.0,13559.153898240002,58777.53808607999,0.0,0.0
2024-06-18,774.170371728,0.0,0.0,3.72,8.0,4440.0,20.555555555555554,20.35,78.56,336.01,2.81,,,-0.4065771931206313,0.9136164326642494,27.95729537366548,,4.215,27.34375,410.7,4440.0,0.0,1.0,0.0,0.0,0.0,0.0,0.0,bundang_cc,0,6,1,2024,summer,0,0.0,0.0,26237.53396224,60871.45702464,0.0,0.0
2024-06-19,658.136197152,0.0,0.0,3.62125,8.0,4234.0,19.60185185185185,24.08,66.98,336.04,2.85,,,-0.406098768964258,0.913829190738463,23.50175438596491,,4.275,27.34375,410.7,4234.0,0.0,1.0,0.0,0.0,0.0,0.0,0.0,bundang_cc,0,6,2,2024,summer,0,0.0,0.0,46450.22230368,44126.11026432,0.0,0.0
2024-06-20,515.982938976,0.0,0.0,3.9375,8.0,2558.0,11.842592592592592,21.9,59.31,335.96,2.77,,,-0.4073743189488443,0.9132612792957804,21.4115523465704,,4.155,27.34375,410.7,2558.0,0.0,1.0,0.0,0.0,0.0,0.0,0.0,bundang_cc,0,6,3,2024,summer,0,0.0,0.0,39488.17182912,58105.391515200005,0.0,0.0
2024-06-21,422.367171696,0.0,0.0,1.50875,8.0,2141.0,9.912037037037038,23.96,68.84,336.01,2.82,,,-0.4065771931206313,0.9136164326642494,24.411347517730498,,4.2299999999999995,27.34375,410.7,2141.0,0.0,1.0,0.0,0.0,0.0,0.0,0.0,bundang_cc,0,6,4,2024,summer,0,0.0,0.0,30958.97633856,61612.34706432,0.0,0.0
2024-06-22,0.895245984,0.0,0.0,0.55625,8.0,0.0,0.0,22.15,100.0,335.43,2.77,,,-0.4158046603058576,0.9094539485141238,36.101083032490976,,4.155,27.34375,410.7,0.0,0.0,1.0,0.0,0.0,0.0,0.0,0.0,bundang_cc,0,6,5,2024,summer,0,0.0,0.0,25342.03030176,29.80323936,0.0,0.0
2024-06-23,0.56833992,0.0,0.0,0.45625,8.0,0.0,0.0,22.0,100.0,335.5,2.78,,,-0.4146932426562393,0.9099612708765432,35.97122302158274,,4.17,27.34375,410.7,0.0,0.0,1.0,0.0,0.0,0.0,0.0,0.0,bundang_cc,0,6,6,2024,summer,0,0.0,0.0,53.71475904,13559.153898240002,0.0,0.0
2024-06-24,265.16757528,0.0,0.0,1.78625,8.0,1920.0,8.88888888888889,19.51,81.24,335.01,2.75,,,-0.4224600747554563,0.9063815340338826,29.54181818181818,,4.125,27.34375,410.7,1920.0,0.0,1.0,0.0,0.0,0.0,0.0,0.0,bundang_cc,0,6,0,2024,summer,0,0.0,0.0,34.1003952,26237.53396224,0.0,0.0
2024-06-25,12.543167663999998,0.0,0.0,5.71875,8.0,0.0,0.0,18.85,87.84,335.26,2.73,,,-0.4185012302770527,0.9082162299015544,32.175824175824175,,4.095,27.34375,410.7,0.0,0.0,1.0,0.0,0.0,0.0,0.0,0.0,bundang_cc,0,6,1,2024,summer,0,0.0,0.0,15910.0545168,46450.22230368,0.0,0.0
2024-06-26,30.145797072,0.0,0.0,2.3275,8.0,0.0,0.0,19.83,72.56,331.01,2.28,,,-0.484656962927115,0.8747043090589328,31.824561403508778,,3.42,27.34375,410.7,0.0,0.0,1.0,0.0,0.0,0.0,0.0,0.0,bundang_cc,0,6,2,2024,summer,0,0.0,0.0,752.5900598399999,39488.17182912,0.0,0.0
2024-06-27,530.016430464,0.0,0.0,4.61625,8.0,2640.0,12.22222222222222,20.14,84.95,331.01,2.26,,,-0.484656962927115,0.8747043090589328,37.588495575221245,,3.3899999999999997,27.34375,410.7,2640.0,0.0,1.0,0.0,0.0,0.0,0.0,0.0,bundang_cc,0,6,3,2024,summer,0,0.0,0.0,1808.74782432,30958.97633856,0.0,0.0
2024-06-28,1356.1696931039999,0.0,0.0,6.8325000000000005,8.0,3934.0,18.212962962962965,21.09,70.17,331.01,2.27,,,-0.484656962927115,0.8747043090589328,30.911894273127754,,3.405,27.34375,410.7,3934.0,0.0,1.0,0.0,0.0,0.0,0.0,0.0,bundang_cc,0,6,4,2024,summer,0,0.0,0.0,31800.98582784,25342.03030176,0.0,0.0
2024-06-29,2.220339888,0.0,0.0,1.565,8.0,0.0,0.0,24.06,100.0,331.26,2.29,,,-0.4808357439090125,0.8768106907305969,43.66812227074236,,3.435,27.34375,410.7,0.0,0.0,1.0,0.0,0.0,0.0,0.0,0.0,bundang_cc,0,6,5,2024,summer,0,0.0,0.0,81370.18158624,53.71475904,0.0,0.0
2024-06-30,1.824326928,0.0,0.0,1.46,8.0,0.0,0.0,21.06,100.0,331.01,2.27,,,-0.484656962927115,0.8747043090589328,44.052863436123346,,3.405,27.34375,410.7,0.0,0.0,1.0,0.0,0.0,0.0,0.0,0.0,bundang_cc,0,6,6,2024,summer,0,0.0,0.0,133.22039328,34.1003952,0.0,0.0
2024-07-01,1.589657184,0.0,0.0,1.5387499999999998,8.0,0.0,0.0,22.61,93.05,331.01,2.28,,,-0.484656962927115,0.8747043090589328,40.81140350877193,,3.42,27.92375,285.93548387096774,0.0,0.0,1.0,0.0,0.0,0.0,0.0,0.0,bundang_cc,0,7,0,2024,summer,0,0.0,0.0,109.45961568,15910.0545168,0.0,0.0
2024-07-02,4.411412352,0.0,0.0,3.21375,8.0,0.0,0.0,23.72,99.59,331.13,2.3,,,-0.4828239248742274,0.8757174530458134,43.3,,3.4499999999999997,27.92375,285.93548387096774,0.0,0.0,1.0,0.0,0.0,0.0,0.0,0.0,bundang_cc,0,7,1,2024,summer,0,0.0,0.0,95.37943104,752.5900598399999,0.0,0.0
2024-07-03,7.821036287999999,0.0,0.0,1.71125,8.0,0.0,0.0,23.63,95.93,331.01,2.25,,,-0.484656962927115,0.8747043090589328,42.635555555555555,,3.375,27.92375,285.93548387096774,0.0,0.0,1.0,0.0,0.0,0.0,0.0,0.0,bundang_cc,0,7,2,2024,summer,0,0.0,0.0,264.68474112,1808.74782432,0.0,0.0
2024-07-04,0.876964896,0.0,0.0,0.8662500000000001,8.0,0.0,0.0,24.96,95.98,331.98,2.31,,,-0.4697797410301478,0.88278366257971,41.54978354978355,,3.465,27.92375,285.93548387096774,0.0,0.0,1.0,0.0,0.0,0.0,0.0,0.0,bundang_cc,0,7,3,2024,summer,0,0.0,0.0,469.26217727999995,31800.98582784,0.0,0.0
2024-07-05,1.44143064,0.0,0.0,1.345,8.0,0.0,0.0,21.13,97.22,331.51,2.3,,,-0.4770053704714557,0.878900379190605,42.26956521739131,,3.4499999999999997,27.92375,285.93548387096774,0.0,0.0,1.0,0.0,0.0,0.0,0.0,0.0,bundang_cc,0,7,4,2024,summer,0,0.0,0.0,52.61789376,81370.18158624,0.0,0.0
2024-07-06,173.36536272,0.0,0.0,2.31125,8.0,786.0,3.638888888888889,23.57,99.22,331.15,2.29,,,-0.482518212407664,0.8758859370345619,43.327510917030565,,3.435,27.92375,285.93548387096774,786.0,0.0,1.0,0.0,0.0,0.0,0.0,0.0,bundang_cc,0,7,5,2024,summer,0,0.0,0.0,86.4858384,133.22039328,0.0,0.0
2024-07-07,0.492970176,0.0,0.0,0.365,8.0,0.0,0.0,24.11,100.0,331.13,2.3,,,-0.4828239248742274,0.8757174530458134,43.47826086956522,,3.4499999999999997,27.92375,285.93548387096774,0.0,0.0,1.0,0.0,0.0,0.0,0.0,0.0,bundang_cc,0,7,6,2024,summer,0,0.0,0.0,10401.9217632,109.45961568,0.0,0.0
2024-07-08,568.9536075359999,0.0,0.0,3.44375,8.0,3761.0,17.412037037037038,22.63,100.0,331.01,2.28,,,-0.484656962927115,0.8747043090589328,43.85964912280702,,3.42,27.92375,285.93548387096774,3761.0,0.0,1.0,0.0,0.0,0.0,0.0,0.0,bundang_cc,0,7,0,2024,summer,0,0.0,0.0,29.57821056,95.37943104,0.0,0.0
2024-07-09,0.386162784,0.0,0.0,0.22625,8.0,0.0,0.0,22.89,100.0,331.01,2.28,,,-0.484656962927115,0.8747043090589328,43.85964912280702,,3.42,27.92375,285.93548387096774,0.0,0.0,1.0,0.0,0.0,0.0,0.0,0.0,bundang_cc,0,7,1,2024,summer,0,0.0,0.0,34137.21645216,264.68474112,0.0,0.0
2024-07-10,0.43765416,0.0,0.0,0.29625,8.0,0.0,0.0,22.13,100.0,331.01,2.28,,,-0.484656962927115,0.8747043090589328,43.85964912280702,,3.42,27.92375,285.93548387096774,0.0,0.0,1.0,0.0,0.0,0.0,0.0,0.0,bundang_cc,0,7,2,2024,summer,0,0.0,0.0,23.16976704,469.26217727999995,0.0,0.0
2024-07-11,1.667942208,0.0,0.0,0.37375,8.0,0.0,0.0,21.8,100.0,331.01,2.27,,,-0.484656962927115,0.8747043090589328,44.052863436123346,,3.405,27.92375,285.93548387096774,0.0,0.0,1.0,0.0,0.0,0.0,0.0,0.0,bundang_cc,0,7,3,2024,summer,0,0.0,0.0,26.2592496,52.61789376,0.0,0.0
2024-07-12,18.331066656,0.0,0.0,2.1712499999999997,8.0,0.0,0.0,22.84,100.0,331.01,2.27,,,-0.484656962927115,0.8747043090589328,44.052863436123346,,3.405,27.92375,285.93548387096774,0.0,0.0,1.0,0.0,0.0,0.0,0.0,0.0,bundang_cc,0,7,4,2024,summer,0,0.0,0.0,100.07653248,86.4858384,0.0,0.0
2024-07-13,0.795147408,0.0,0.0,0.7474999999999999,8.0,0.0,0.0,24.27,95.14,332.0,2.33,,,-0.4694715627858908,0.882947592858927,40.832618025751074,,3.495,27.92375,285.93548387096774,0.0,0.0,1.0,0.0,0.0,0.0,0.0,0.0,bundang_cc,0,7,5,2024,summer,0,0.0,0.0,1099.86399936,10401.9217632,0.0,0.0
2024-07-14,0.510796224,0.0,0.0,0.535,8.0,0.0,0.0,24.8,83.38,331.76,2.29,,,-0.4731659155392337,0.8809733346543008,36.41048034934497,,3.435,27.92375,285.93548387096774,0.0,0.0,1.0,0.0,0.0,0.0,0.0,0.0,bundang_cc,0,7,6,2024,summer,0,0.0,0.0,47.70884448,29.57821056,0.0,0.0
2024-07-15,190.117361664,0.0,0.0,2.15875,8.0,922.0,4.268518518518519,27.23,73.26,331.01,2.27,,,-0.484656962927115,0.8747043090589328,32.27312775330397,,3.405,27.92375,285.93548387096774,922.0,0.0,1.0,0.0,0.0,0.0,0.0,0.0,bundang_cc,0,7,0,2024,summer,0,0.0,0.0,30.64777344,34137.21645216,0.0,0.0
2024-07-16,673.2667535039999,0.0,0.0,3.3075,8.0,3863.0,17.88425925925926,23.15,100.0,334.01,2.58,,,-0.4382142709590474,0.8988705428079343,38.75968992248062,,3.87,27.92375,285.93548387096774,3863.0,0.0,1.0,0.0,0.0,0.0,0.0,0.0,bundang_cc,0,7,1,2024,summer,0,0.0,0.0,11407.04169984,23.16976704,0.0,0.0
2024-07-17,405.075757968,0.0,0.0,1.86125,8.0,2659.0,12.310185185185183,26.54,86.07,334.57,2.62,,,-0.4294080598373322,0.903110579135655,32.851145038167935,,3.93,27.92375,285.93548387096774,2659.0,0.0,1.0,0.0,0.0,0.0,0.0,0.0,bundang_cc,0,7,2,2024,summer,0,0.0,0.0,40396.00521023999,26.2592496,0.0,0.0
2024-07-18,157.65867374400003,0.0,0.0,1.46875,8.0,1258.0,5.8240740740740735,23.9,100.0,334.01,2.61,,,-0.4382142709590474,0.8988705428079343,38.31417624521073,,3.915,27.92375,285.93548387096774,1258.0,0.0,1.0,0.0,0.0,0.0,0.0,0.0,bundang_cc,0,7,3,2024,summer,0,0.0,0.0,24304.54547808,100.07653248,0.0,0.0
2024-07-19,575.7822250559999,0.0,0.0,2.3287500000000003,8.0,3943.0,18.25462962962963,25.09,95.66,334.01,2.6,,,-0.4382142709590474,0.8988705428079343,36.79230769230769,,3.9,27.92375,285.93548387096774,3943.0,0.0,1.0,0.0,0.0,0.0,0.0,0.0,bundang_cc,0,7,4,2024,summer,0,0.0,0.0,9459.52042464,1099.86399936,0.0,0.0
2024-07-20,0.19894377600000002,0.0,0.0,0.12125,8.0,0.0,0.0,25.8,93.06,334.52,2.63,,,-0.4301960088866187,0.9027355060802827,35.38403041825095,,3.945,27.92375,285.93548387096774,0.0,0.0,1.0,0.0,0.0,0.0,0.0,0.0,bundang_cc,0,7,5,2024,summer,0,0.0,0.0,34546.93350335999,47.70884448,0.0,0.0
2024-07-21,0.15857856,0.0,0.0,0.11,8.0,0.0,0.0,27.27,92.46,334.4,2.61,,,-0.4320857488019831,0.9018325264051136,35.42528735632184,,3.915,27.92375,285.93548387096774,0.0,0.0,1.0,0.0,0.0,0.0,0.0,0.0,bundang_cc,0,7,6,2024,summer,0,0.0,0.0,11.93662656,30.64777344,0.0,0.0
2024-07-22,652.8157490880001,0.0,0.0,3.30625,8.0,4030.0,18.65740740740741,28.3,77.05,334.19,2.61,,,-0.4353882280113655,0.900242795533029,29.521072796934867,,3.915,27.92375,285.93548387096774,4030.0,0.0,1.0,0.0,0.0,0.0,0.0,0.0,bundang_cc,0,7,0,2024,summer,0,0.0,0.0,9.5147136,11407.04169984,0.0,0.0
2024-07-23,696.234411648,0.0,0.0,3.0962500000000004,8.0,5031.0,23.291666666666664,24.35,100.0,334.01,2.58,,,-0.4382142709590474,0.8988705428079343,38.75968992248062,,3.87,27.92375,285.93548387096774,5031.0,0.0,1.0,0.0,0.0,0.0,0.0,0.0,bundang_cc,0,7,1,2024,summer,0,0.0,0.0,39168.94494528,40396.00521023999,0.0,0.0
2024-07-24,655.852935168,0.0,0.0,2.0825,8.0,4049.0,18.74537037037037,25.48,100.0,334.01,2.59,,,-0.4382142709590474,0.8988705428079343,38.610038610038615,,3.885,27.92375,285.93548387096774,4049.0,0.0,1.0,0.0,0.0,0.0,0.0,0.0,bundang_cc,0,7,2,2024,summer,0,0.0,0.0,41774.06469888,24304.54547808,0.0,0.0
2024-07-25,901.16712864,0.0,0.0,3.43875,8.0,6232.0,28.85185185185185,24.48,100.0,334.01,2.6,,,-0.4382142709590474,0.8988705428079343,38.46153846153846,,3.9,27.92375,285.93548387096774,6232.0,0.0,1.0,0.0,0.0,0.0,0.0,0.0,bundang_cc,0,7,3,2024,summer,0,0.0,0.0,39351.17611008,9459.52042464,0.0,0.0
2024-07-26,1460.8766393279998,0.0,0.0,3.99875,8.0,8844.0,40.94444444444444,25.63,100.0,334.01,2.59,,,-0.4382142709590474,0.8988705428079343,38.610038610038615,,3.885,27.92375,285.93548387096774,8844.0,0.0,1.0,0.0,0.0,0.0,0.0,0.0,bundang_cc,0,7,4,2024,summer,0,0.0,0.0,54070.0277184,34546.93350335999,0.0,0.0
2024-07-27,0.27197208,0.0,0.0,0.135,8.0,0.0,0.0,26.32,100.0,334.55,2.62,,,-0.4297232787322057,0.9029606324284812,38.167938931297705,,3.93,27.92375,285.93548387096774,0.0,0.0,1.0,0.0,0.0,0.0,0.0,0.0,bundang_cc,0,7,5,2024,summer,0,0.0,0.0,87652.59835967999,11.93662656,0.0,0.0
2024-07-28,0.18577987199999998,0.0,0.0,0.08,8.0,0.0,0.0,26.16,92.47,334.27,2.58,,,-0.4341308279460222,0.9008498344490612,35.84108527131783,,3.87,27.92375,285.93548387096774,0.0,0.0,1.0,0.0,0.0,0.0,0.0,0.0,bundang_cc,0,7,6,2024,summer,0,0.0,0.0,16.3183248,9.5147136,0.0,0.0
2024-07-29,455.846074416,0.0,0.0,2.94,8.0,3474.0,16.083333333333332,26.29,97.72,334.6,2.61,,,-0.4289351334031452,0.903335292863301,37.440613026819925,,3.915,27.92375,285.93548387096774,3474.0,0.0,1.0,0.0,0.0,0.0,0.0,0.0,bundang_cc,0,7,0,2024,summer,0,0.0,0.0,11.14679232,39168.94494528,0.0,0.0
2024-07-30,370.187545248,0.0,0.0,1.505,8.0,2635.0,12.199074074074074,26.37,97.85,334.78,2.62,,,-0.4260951098432343,0.9046783723333294,37.347328244274806,,3.93,27.92375,285.93548387096774,2635.0,0.0,1.0,0.0,0.0,0.0,0.0,0.0,bundang_cc,0,7,1,2024,summer,0,0.0,0.0,27350.76446496,41774.06469888,0.0,0.0
2024-07-31,599.9722201440001,0.0,0.0,3.115,8.0,4416.0,20.444444444444446,26.66,94.82,334.91,2.62,,,-0.4240413647138049,0.905642821984282,36.19083969465648,,3.93,27.92375,285.93548387096774,4416.0,0.0,1.0,0.0,0.0,0.0,0.0,0.0,bundang_cc,0,7,2,2024,summer,0,0.0,0.0,22211.25271488,39351.17611008,0.0,0.0
2024-08-01,849.217851648,0.0,0.0,3.59,8.0,5659.0,26.199074074074076,27.11,99.59,334.07,2.58,,,-0.4372727358219782,0.8993289467746285,38.60077519379845,,3.87,26.93,710.7096774193549,5659.0,0.0,1.0,0.0,0.0,0.0,0.0,0.0,bundang_cc,0,8,3,2024,summer,0,0.0,0.0,35998.333208640004,54070.0277184,0.0,0.0
2024-08-02,476.227407168,0.0,0.0,2.90125,8.0,3724.0,17.24074074074074,28.22,92.69,334.89,2.62,,,-0.4243574678551223,0.905494748452794,35.37786259541984,,3.93,26.93,710.7096774193549,3724.0,0.0,1.0,0.0,0.0,0.0,0.0,0.0,bundang_cc,0,8,4,2024,summer,0,0.0,0.0,50953.07109888,87652.59835967999,0.0,0.0
2024-08-03,0.5055890399999999,0.0,0.0,0.28875,8.0,0.0,0.0,26.15,99.96,334.01,2.58,,,-0.4382142709590474,0.8988705428079343,38.74418604651162,,3.87,26.93,710.7096774193549,0.0,0.0,1.0,0.0,0.0,0.0,0.0,0.0,bundang_cc,0,8,5,2024,summer,0,0.0,0.0,28573.64443008,16.3183248,0.0,0.0
2024-08-04,465.368270688,0.0,0.0,4.16375,8.0,3283.0,15.199074074074073,27.97,91.88,334.12,2.59,,,-0.4364877568614983,0.899710196735603,35.47490347490348,,3.885,26.93,710.7096774193549,3283.0,0.0,1.0,0.0,0.0,0.0,0.0,0.0,bundang_cc,0,8,6,2024,summer,0,0.0,0.0,30.3353424,11.14679232,0.0,0.0
2024-08-05,1682.0485477920001,0.0,0.0,4.5912500000000005,8.0,9624.0,44.55555555555556,25.11,100.0,334.01,2.58,,,-0.4382142709590474,0.8988705428079343,38.75968992248062,,3.87,26.93,710.7096774193549,9624.0,0.0,1.0,0.0,0.0,0.0,0.0,0.0,bundang_cc,0,8,0,2024,summer,0,0.0,0.0,27922.09624128,27350.76446496,0.0,0.0
2024-08-06,2344.270442544,0.0,0.0,5.20625,8.0,10560.0,48.888888888888886,29.22,88.14,335.0,2.63,,,-0.4226182617406992,0.90630778703665,33.51330798479088,,3.945,26.93,710.7096774193549,10560.0,0.0,1.0,0.0,0.0,0.0,0.0,0.0,bundang_cc,0,8,1,2024,summer,0,0.0,0.0,100922.91286752,22211.25271488,0.0,0.0
2024-08-07,,,,,,6884.0,31.87037037037037,,,,,,,,,,,,26.93,710.7096774193549,6884.0,0.0,1.0,0.0,0.0,0.0,0.0,0.0,bundang_cc,0,8,2,2024,summer,0,0.0,0.0,140656.22655264,35998.333208640004,0.0,0.0
2024-08-08,671.019813648,0.0,0.0,3.2225,8.0,5148.0,23.833333333333336,24.9,100.0,334.01,2.58,,,-0.4382142709590474,0.8988705428079343,38.75968992248062,,3.87,26.93,710.7096774193549,5148.0,0.0,1.0,0.0,0.0,0.0,0.0,0.0,bundang_cc,0,8,3,2024,summer,0,,0.0,,50953.07109888,,0.0
2024-08-09,335.652540912,0.0,0.0,2.78125,8.0,2856.0,13.22222222222222,25.41,100.0,334.01,2.57,,,-0.4382142709590474,0.8988705428079343,38.91050583657588,,3.854999999999999,26.93,710.7096774193549,2856.0,0.0,1.0,0.0,0.0,0.0,0.0,0.0,bundang_cc,0,8,4,2024,summer,0,0.0,0.0,40261.18881888,28573.64443008,0.0,0.0
2024-08-10,0.31269628799999993,0.0,0.0,0.1699999999999999,8.0,0.0,0.0,26.34,99.12,334.01,2.57,,,-0.4382142709590474,0.8988705428079343,38.56809338521401,,3.854999999999999,26.93,710.7096774193549,0.0,0.0,1.0,0.0,0.0,0.0,0.0,0.0,bundang_cc,0,8,5,2024,summer,0,0.0,0.0,20139.15245472,30.3353424,0.0,0.0
2024-08-11,0.25180992,0.0,0.0,0.15875,8.0,0.0,0.0,26.64,94.62,334.01,2.58,,,-0.4382142709590474,0.8988705428079343,36.674418604651166,,3.87,26.93,710.7096774193549,0.0,0.0,1.0,0.0,0.0,0.0,0.0,0.0,bundang_cc,0,8,6,2024,summer,0,0.0,0.0,18.761777279999997,27922.09624128,0.0,0.0
2024-08-12,1878.639298416,0.0,0.0,4.9425,8.0,9348.0,43.27777777777778,26.93,96.67,334.07,2.6,,,-0.4372727358219782,0.8993289467746285,37.18076923076923,,3.9,26.93,710.7096774193549,9348.0,0.0,1.0,0.0,0.0,0.0,0.0,0.0,bundang_cc,0,8,0,2024,summer,0,0.0,0.0,15.1085952,100922.91286752,0.0,0.0
2024-08-13,1819.4235858719999,0.0,0.0,4.93,8.0,9436.0,43.68518518518518,27.67,91.42,334.01,2.59,,,-0.4382142709590474,0.8988705428079343,35.2972972972973,,3.885,26.93,710.7096774193549,9436.0,0.0,1.0,0.0,0.0,0.0,0.0,0.0,bundang_cc,0,8,1,2024,summer,0,0.0,0.0,112718.35790496,140656.22655264,0.0,0.0
2024-08-14,1778.618868336,0.0,0.0,4.97625,8.0,9200.0,42.592592592592595,26.52,86.77,334.01,2.57,,,-0.4382142709590474,0.8988705428079343,33.762645914396884,,3.854999999999999,26.93,710.7096774193549,9200.0,0.0,1.0,0.0,0.0,0.0,0.0,0.0,bundang_cc,0,8,2,2024,summer,0,0.0,,109165.41515232,,0.0,
2024-08-15,0.403659936,0.0,0.0,0.22125,8.0,0.0,0.0,26.4,93.57,334.01,2.57,,,-0.4382142709590474,0.8988705428079343,36.40856031128405,,3.854999999999999,26.93,710.7096774193549,0.0,0.0,1.0,0.0,0.0,0.0,0.0,0.0,bundang_cc,0,8,3,2024,summer,0,0.0,0.0,106717.13210016,40261.18881888,0.0,0.0
2024-08-16,947.6265106080001,0.0,0.0,3.83875,8.0,5811.0,26.902777777777775,26.46,87.61,334.14,2.58,,,-0.4361736721705863,0.8998625048890668,33.95736434108527,,3.87,26.93,710.7096774193549,5811.0,0.0,1.0,0.0,0.0,0.0,0.0,0.0,bundang_cc,0,8,4,2024,summer,0,0.0,0.0,24.21959616,20139.15245472,0.0,0.0
2024-08-17,0.251401968,0.0,0.0,0.1387499999999999,8.0,0.0,0.0,27.15,87.77,334.2,2.59,,,-0.435231099372328,0.9003187714021932,33.88803088803089,,3.885,26.93,710.7096774193549,0.0,0.0,1.0,0.0,0.0,0.0,0.0,0.0,bundang_cc,0,8,5,2024,summer,0,0.0,0.0,56857.59063648,18.761777279999997,0.0,0.0
2024-08-18,0.139912992,0.0,0.0,0.085,8.0,0.0,0.0,25.89,96.57,334.13,2.58,,,-0.4363307211617396,0.8997863645168648,37.43023255813953,,3.87,26.93,710.7096774193549,0.0,0.0,1.0,0.0,0.0,0.0,0.0,0.0,bundang_cc,0,8,6,2024,summer,0,0.0,0.0,15.08411808,15.1085952,0.0,0.0
2024-08-19,46.321259328,0.0,0.0,8.4825,8.0,2259.0,10.458333333333334,26.78,91.02,334.4,2.59,,,-0.4320857488019831,0.9018325264051136,35.142857142857146,,3.885,26.93,710.7096774193549,2259.0,0.0,1.0,0.0,0.0,0.0,0.0,0.0,bundang_cc,0,8,0,2024,summer,0,0.0,0.0,8.39477952,112718.35790496,0.0,0.0
2024-08-20,840.5216540640001,0.0,0.0,12.98,8.0,6034.0,27.935185185185183,30.44,71.49,334.57,2.61,,,-0.4294080598373322,0.903110579135655,27.39080459770115,,3.915,26.93,710.7096774193549,6034.0,0.0,1.0,0.0,0.0,0.0,0.0,0.0,bundang_cc,0,8,1,2024,summer,0,0.0,0.0,2779.27555968,109165.41515232,0.0,0.0
2024-08-21,2016.199646352,0.0,0.0,5.8774999999999995,8.0,8598.0,39.80555555555556,27.52,90.39,334.01,2.58,,,-0.4382142709590474,0.8988705428079343,35.03488372093023,,3.87,26.93,710.7096774193549,8598.0,0.0,1.0,0.0,0.0,0.0,0.0,0.0,bundang_cc,0,8,2,2024,summer,0,0.0,0.0,50431.29924384001,106717.13210016,0.0,0.0
2024-08-22,1552.51625184,0.0,0.0,4.42875,8.0,9437.0,43.68981481481482,25.77,96.56,334.01,2.57,,,-0.4382142709590474,0.8988705428079343,37.57198443579767,,3.854999999999999,26.93,710.7096774193549,9437.0,0.0,1.0,0.0,0.0,0.0,0.0,0.0,bundang_cc,0,8,3,2024,summer,0,0.0,0.0,120971.97878112,24.21959616,0.0,0.0
2024-08-23,452.554727328,0.0,0.0,2.755,8.0,3700.0,17.12962962962963,24.54,100.0,334.01,2.58,,,-0.4382142709590474,0.8988705428079343,38.75968992248062,,3.87,26.93,710.7096774193549,3700.0,0.0,1.0,0.0,0.0,0.0,0.0,0.0,bundang_cc,0,8,4,2024,summer,0,0.0,0.0,93150.9751104,56857.59063648,0.0,0.0
2024-08-24,513.8734155839999,0.0,0.0,2.9325,8.0,4220.0,19.537037037037035,23.94,100.0,334.08,2.6,,,-0.4371157666509334,0.8994052515663709,38.46153846153846,,3.9,26.93,710.7096774193549,4220.0,0.0,1.0,0.0,0.0,0.0,0.0,0.0,bundang_cc,0,8,5,2024,summer,0,0.0,0.0,27153.28363968,15.08411808,0.0,0.0
2024-08-25,0.056850912,0.0,0.0,0.03,8.0,0.0,0.0,24.21,100.0,334.51,2.62,,,-0.4303535594021165,0.9026604089633758,38.167938931297705,,3.93,26.93,710.7096774193549,0.0,0.0,1.0,0.0,0.0,0.0,0.0,0.0,bundang_cc,0,8,6,2024,summer,0,0.0,0.0,30832.404935039995,8.39477952,0.0,0.0
2024-08-26,1484.0319578400001,0.0,0.0,4.87125,8.0,7604.0,35.2037037037037,23.65,100.0,334.01,2.59,,,-0.4382142709590474,0.8988705428079343,38.610038610038615,,3.885,26.93,710.7096774193549,7604.0,0.0,1.0,0.0,0.0,0.0,0.0,0.0,bundang_cc,0,8,0,2024,summer,0,0.0,0.0,3.41105472,2779.27555968,0.0,0.0
2024-08-27,589.691592864,0.0,0.0,3.18375,8.0,3529.0,16.337962962962962,22.43,100.0,334.01,2.59,,,-0.4382142709590474,0.8988705428079343,38.610038610038615,,3.885,26.93,710.7096774193549,3529.0,0.0,1.0,0.0,0.0,0.0,0.0,0.0,bundang_cc,0,8,1,2024,summer,0,0.0,0.0,89041.9174704,50431.29924384001,0.0,0.0
2024-08-28,159.741396576,0.0,0.0,1.9075,8.0,1087.0,5.032407407407407,23.52,89.33,334.01,2.58,,,-0.4382142709590474,0.8988705428079343,34.62403100775194,,3.87,26.93,710.7096774193549,1087.0,0.0,1.0,0.0,0.0,0.0,0.0,0.0,bundang_cc,0,8,2,2024,summer,0,0.0,0.0,35381.49557184,120971.97878112,0.0,0.0
2024-08-29,196.711704288,0.0,0.0,1.515,8.0,1444.0,6.685185185185186,23.96,81.73,334.88,2.62,,,-0.4245155000381863,0.9054206703115014,31.19465648854962,,3.93,26.93,710.7096774193549,1444.0,0.0,1.0,0.0,0.0,0.0,0.0,0.0,bundang_cc,0,8,3,2024,summer,0,0.0,0.0,9584.48379456,93150.9751104,0.0,0.0
2024-08-30,209.856563712,0.0,0.0,2.6925,8.0,1616.0,7.481481481481482,22.89,95.17,334.01,2.58,,,-0.4382142709590474,0.8988705428079343,36.8875968992248,,3.87,26.93,710.7096774193549,1616.0,0.0,1.0,0.0,0.0,0.0,0.0,0.0,bundang_cc,0,8,4,2024,summer,0,0.0,0.0,11802.70225728,27153.28363968,0.0,0.0
2024-08-31,0.534478752,0.0,0.0,0.31375,8.0,0.0,0.0,22.59,94.29,334.01,2.58,,,-0.4382142709590474,0.8988705428079343,36.54651162790698,,3.87,26.93,710.7096774193549,0.0,0.0,1.0,0.0,0.0,0.0,0.0,0.0,bundang_cc,0,8,5,2024,summer,0,0.0,0.0,12591.39382272,30832.404935039995,0.0,0.0
2024-09-01,0.3319668,0.0,0.0,0.22,8.0,0.0,0.0,22.13,91.73,334.01,2.57,,,-0.4382142709590474,0.8988705428079343,35.692607003891055,,3.854999999999999,26.7725,602.9,0.0,0.0,1.0,0.0,0.0,0.0,0.0,0.0,bundang_cc,0,9,6,2024,autumn,0,0.0,0.0,32.068725119999996,3.41105472,0.0,0.0
2024-09-02,0.835842816,0.0,0.0,0.5975,8.0,0.0,0.0,22.08,91.45,334.01,2.58,,,-0.4382142709590474,0.8988705428079343,35.445736434108525,,3.87,26.7725,602.9,0.0,0.0,1.0,0.0,0.0,0.0,0.0,0.0,bundang_cc,0,9,0,2024,autumn,0,0.0,0.0,19.918008,89041.9174704,0.0,0.0
2024-09-03,0.914420016,0.0,0.0,0.7575000000000001,8.0,0.0,0.0,22.54,84.38,334.13,2.6,,,-0.4363307211617396,0.8997863645168648,32.45384615384615,,3.9,26.7725,602.9,0.0,0.0,1.0,0.0,0.0,0.0,0.0,0.0,bundang_cc,0,9,1,2024,autumn,0,0.0,0.0,50.15056896,35381.49557184,0.0,0.0
2024-09-04,1.280217456,0.0,0.0,1.11125,8.0,0.0,0.0,24.46,87.15,334.41,2.63,,,-0.4319283427528656,0.9019079258587116,33.13688212927757,,3.945,26.7725,602.9,0.0,0.0,1.0,0.0,0.0,0.0,0.0,0.0,bundang_cc,0,9,2,2024,autumn,0,0.0,0.0,54.86520096,9584.48379456,0.0,0.0
2024-09-05,762.8451335999999,0.0,0.0,4.81875,8.0,3909.0,18.09722222222222,23.78,100.0,335.0,2.65,,,-0.4226182617406992,0.90630778703665,37.735849056603776,,3.975,26.7725,602.9,3909.0,0.0,1.0,0.0,0.0,0.0,0.0,0.0,bundang_cc,0,9,3,2024,autumn,0,0.0,0.0,76.81304736,11802.70225728,0.0,0.0
2024-09-06,563.226679296,0.0,0.0,3.30875,8.0,4213.0,19.50462962962963,21.78,93.83,334.8,2.65,,,-0.4257792915650722,0.9048270524660196,35.40754716981132,,3.975,26.7725,602.9,4213.0,0.0,1.0,0.0,0.0,0.0,0.0,0.0,bundang_cc,0,9,4,2024,autumn,0,0.0,0.0,45770.708016,12591.39382272,0.0,0.0
2024-09-07,0.866614032,0.0,0.0,0.41125,8.0,58.0,0.2685185185185185,21.67,94.19,334.9,2.64,,,-0.4241994227453907,0.9055687990111394,35.6780303030303,,3.96,26.7725,602.9,58.0,0.0,1.0,0.0,0.0,0.0,0.0,0.0,bundang_cc,0,9,5,2024,autumn,0,0.0,0.0,33793.60075776,32.068725119999996,0.0,0.0
2024-09-08,0.270039024,0.0,0.0,0.165,8.0,0.0,0.0,22.95,97.78,334.81,2.64,,,-0.4256213629686188,0.904901351189584,37.03787878787879,,3.96,26.7725,602.9,0.0,0.0,1.0,0.0,0.0,0.0,0.0,0.0,bundang_cc,0,9,6,2024,autumn,0,0.0,0.0,51.99684192,19.918008,0.0,0.0
2024-09-09,1196.311986144,0.0,0.0,4.43625,8.0,6606.0,30.583333333333336,24.66,94.6,334.94,2.64,,,-0.4235671131360799,0.9058647253699458,35.83333333333333,,3.96,26.7725,602.9,6606.0,0.0,1.0,0.0,0.0,0.0,0.0,0.0,bundang_cc,0,9,0,2024,autumn,0,0.0,0.0,16.20234144,50.15056896,0.0,0.0
2024-09-10,995.245997184,0.0,0.0,4.06125,8.0,6091.0,28.199074074074076,24.96,85.26,335.0,2.64,,,-0.4226182617406992,0.90630778703665,32.29545454545455,,3.96,26.7725,602.9,6091.0,0.0,1.0,0.0,0.0,0.0,0.0,0.0,bundang_cc,0,9,1,2024,autumn,0,0.0,0.0,71778.71916864,54.86520096,0.0,0.0
2024-09-11,2133.455538384,0.0,0.0,6.050000000000001,8.0,9054.0,41.91666666666667,25.11,100.0,334.22,2.61,,,-0.4349168023253452,0.9004706408623752,38.31417624521073,,3.915,26.7725,602.9,9054.0,0.0,1.0,0.0,0.0,0.0,0.0,0.0,bundang_cc,0,9,2,2024,autumn,0,0.0,0.0,59714.75983104,76.81304736,0.0,0.0
2024-09-12,1107.370760256,0.0,0.0,3.91625,8.0,7124.0,32.98148148148148,23.77,100.0,334.01,2.61,,,-0.4382142709590474,0.8988705428079343,38.31417624521073,,3.915,26.7725,602.9,7124.0,0.0,1.0,0.0,0.0,0.0,0.0,0.0,bundang_cc,0,9,3,2024,autumn,0,0.0,0.0,128007.33230304,45770.708016,0.0,0.0
2024-09-13,290.130528384,0.0,0.0,1.19375,8.0,1773.0,8.208333333333332,25.38,100.0,334.01,2.59,,,-0.4382142709590474,0.8988705428079343,38.610038610038615,,3.885,26.7725,602.9,1773.0,0.0,1.0,0.0,0.0,0.0,0.0,0.0,bundang_cc,0,9,4,2024,autumn,0,0.0,0.0,66442.24561536,33793.60075776,0.0,0.0
2024-09-14,682.052176224,0.0,0.0,3.59875,8.0,4555.0,21.087962962962965,24.44,100.0,334.26,2.59,,,-0.4342880492898044,0.9007740506053982,38.610038610038615,,3.885,26.7725,602.9,4555.0,0.0,1.0,0.0,0.0,0.0,0.0,0.0,bundang_cc,0,9,5,2024,autumn,0,0.0,0.0,17407.83170304,51.99684192,0.0,0.0
2024-09-15,0.259492608,0.0,0.0,0.16625,8.0,0.0,0.0,22.8,82.79,334.02,2.57,,,-0.438057381780247,0.8989470119355394,32.21400778210117,,3.854999999999999,26.7725,602.9,0.0,0.0,1.0,0.0,0.0,0.0,0.0,0.0,bundang_cc,0,9,6,2024,autumn,0,0.0,0.0,40923.13057344,16.20234144,0.0,0.0
2024-09-16,0.064576512,0.0,0.0,0.04875,8.0,0.0,0.0,25.49,95.49,334.01,2.58,,,-0.4382142709590474,0.8988705428079343,37.01162790697674,,3.87,26.7725,602.9,0.0,0.0,1.0,0.0,0.0,0.0,0.0,0.0,bundang_cc,0,9,0,2024,autumn,0,0.0,0.0,15.56955648,71778.71916864,0.0,0.0
2024-09-17,279.281567376,0.0,0.0,2.46,8.0,2259.0,10.458333333333334,25.66,99.78,334.15,2.6,,,-0.4360166098928232,0.8999386178498896,38.37692307692308,,3.9,26.7725,602.9,2259.0,0.0,1.0,0.0,0.0,0.0,0.0,0.0,bundang_cc,0,9,1,2024,autumn,0,0.0,0.0,3.87459072,59714.75983104,0.0,0.0
2024-09-18,818.9478116640001,0.0,0.0,4.66125,8.0,5468.0,25.314814814814813,25.76,87.29,334.29,2.61,,,-0.4338163455901015,0.9010013198097157,33.44444444444445,,3.915,26.7725,602.9,5468.0,0.0,1.0,0.0,0.0,0.0,0.0,0.0,bundang_cc,0,9,2,2024,autumn,0,0.0,0.0,16756.89404256,128007.33230304,0.0,0.0
2024-09-19,2558.9718907200004,0.0,0.0,5.99,8.0,11128.0,51.51851851851852,26.21,96.61,334.08,2.61,,,-0.4371157666509334,0.8994052515663709,37.015325670498086,,3.915,26.7725,602.9,11128.0,0.0,1.0,0.0,0.0,0.0,0.0,0.0,bundang_cc,0,9,3,2024,autumn,0,0.0,0.0,49136.86869984001,66442.24561536,0.0,0.0
2024-09-20,1817.331804144,0.0,0.0,5.37875,8.0,8756.0,40.53703703703704,17.83,100.0,334.72,2.64,,,-0.4270422530134429,0.904231670613899,37.878787878787875,,3.96,26.7725,602.9,8756.0,0.0,1.0,0.0,0.0,0.0,0.0,0.0,bundang_cc,0,9,4,2024,autumn,0,0.0,0.0,153538.31344320002,17407.83170304,0.0,0.0
2024-09-21,0.20919744,0.0,0.0,0.09875,8.0,0.0,0.0,17.85,87.99,334.7,2.62,,,-0.4273578633871926,0.9040825496607784,33.58396946564885,,3.93,26.7725,602.9,0.0,0.0,1.0,0.0,0.0,0.0,0.0,0.0,bundang_cc,0,9,5,2024,autumn,0,0.0,0.0,109039.90824864,40923.13057344,0.0,0.0
2024-09-22,0.04502088,0.0,0.0,0.0325,8.0,0.0,0.0,17.79,78.7,334.69,2.63,,,-0.4275156490493731,0.9040079478731884,29.923954372623577,,3.945,26.7725,602.9,0.0,0.0,1.0,0.0,0.0,0.0,0.0,0.0,bundang_cc,0,9,6,2024,autumn,0,0.0,0.0,12.5518464,15.56955648,0.0,0.0
2024-09-23,437.771652912,0.0,0.0,1.345,8.0,3473.0,16.078703703703702,16.62,80.05,334.76,2.62,,,-0.4264108762029988,0.904529581968324,30.553435114503813,,3.93,26.7725,602.9,3473.0,0.0,1.0,0.0,0.0,0.0,0.0,0.0,bundang_cc,0,9,0,2024,autumn,0,0.0,0.0,2.7012528,3.87459072,0.0,0.0
2024-09-24,852.178212576,0.0,0.0,1.44375,8.0,5002.0,23.15740740740741,17.04,83.68,334.71,2.63,,,-0.4272000647069472,0.9041571239084388,31.81749049429658,,3.945,26.7725,602.9,5002.0,0.0,1.0,0.0,0.0,0.0,0.0,0.0,bundang_cc,0,9,1,2024,autumn,0,0.0,0.0,26266.29917472,16756.89404256,0.0,0.0
2024-09-25,906.4269519840001,0.0,0.0,8.0525,8.0,5592.0,25.88888888888889,21.04,89.05,334.01,2.57,,,-0.4382142709590474,0.8988705428079343,34.64980544747082,,3.854999999999999,26.7725,602.9,5592.0,0.0,1.0,0.0,0.0,0.0,0.0,0.0,bundang_cc,0,9,2,2024,autumn,0,0.0,0.0,51130.69275456,49136.86869984001,0.0,0.0
2024-09-26,888.0965539200001,0.0,0.0,4.46625,8.0,5031.0,23.291666666666664,19.58,100.0,334.01,2.56,,,-0.4382142709590474,0.8988705428079343,39.0625,,3.84,26.7725,602.9,5031.0,0.0,1.0,0.0,0.0,0.0,0.0,0.0,bundang_cc,0,9,3,2024,autumn,0,0.0,0.0,54385.617119040005,153538.31344320002,0.0,0.0
2024-09-27,941.8778398080001,0.0,0.0,1.91,8.0,5051.0,23.38425925925926,19.29,81.28,334.01,2.55,,,-0.4382142709590474,0.8988705428079343,31.874509803921573,,3.825,26.7725,602.9,5051.0,0.0,1.0,0.0,0.0,0.0,0.0,0.0,bundang_cc,0,9,4,2024,autumn,0,0.0,0.0,53285.793235200006,109039.90824864,0.0,0.0
2024-09-28,927.03044448,0.0,0.0,1.57,8.0,5034.0,23.305555555555554,19.25,82.16,334.01,2.57,,,-0.4382142709590474,0.8988705428079343,31.96887159533074,,3.854999999999999,26.7725,602.9,5034.0,0.0,1.0,0.0,0.0,0.0,0.0,0.0,bundang_cc,0,9,5,2024,autumn,0,0.0,0.0,56512.67038848001,12.5518464,0.0,0.0
2024-09-29,937.2681764639999,0.0,0.0,1.5,8.0,5061.0,23.430555555555554,20.43,75.17,334.01,2.57,,,-0.4382142709590474,0.8988705428079343,29.24902723735409,,3.854999999999999,26.7725,602.9,5061.0,0.0,1.0,0.0,0.0,0.0,0.0,0.0,bundang_cc,0,9,6,2024,autumn,0,0.0,0.0,55621.8266688,2.7012528,0.0,0.0
2024-09-30,951.7436455679998,0.0,0.0,1.54125,8.0,5046.0,23.36111111111111,18.63,84.73,334.43,2.65,,,-0.4316134911875585,0.9020586423425516,31.97358490566038,,3.975,26.7725,602.9,5046.0,0.0,1.0,0.0,0.0,0.0,0.0,0.0,bundang_cc,0,9,0,2024,autumn,0,0.0,0.0,56236.09058783999,26266.29917472,0.0,0.0
2024-10-01,1004.8800977280001,0.0,0.0,1.6275,8.0,5007.0,23.180555555555554,11.98,80.74,334.58,2.67,,,-0.4292504307667187,0.9031855112249012,30.239700374531836,,4.005,24.520000000000003,397.7741935483871,5007.0,0.0,1.0,0.0,0.0,0.0,0.0,0.0,bundang_cc,0,10,1,2024,autumn,0,0.0,0.0,57104.61873407999,51130.69275456,0.0,0.0
2024-10-02,1059.175400544,0.0,0.0,1.67875,8.0,4989.0,23.09722222222222,9.9,71.98,334.99,2.69,,,-0.4227764358522544,0.9062340124317032,26.75836431226766,,4.035,24.520000000000003,397.7741935483871,4989.0,0.0,1.0,0.0,0.0,0.0,0.0,0.0,bundang_cc,0,10,2,2024,autumn,0,0.0,0.0,60292.805863680005,54385.617119040005,0.0,0.0
2024-10-03,1042.8371562240002,0.0,0.0,1.6375,8.0,4994.0,23.12037037037037,11.91,96.16,334.86,2.71,,,-0.4248315256050551,0.9052724312891016,35.48339483394834,,4.0649999999999995,24.520000000000003,397.7741935483871,4994.0,0.0,1.0,0.0,0.0,0.0,0.0,0.0,bundang_cc,0,10,3,2024,autumn,0,0.0,0.0,63550.52403264,53285.793235200006,0.0,0.0
2024-10-04,1015.307327232,0.0,0.0,1.6325,8.0,4988.0,23.09259259259259,12.06,84.11,334.63,2.67,,,-0.4284620893739603,0.9035597589364528,31.50187265917603,,4.005,24.520000000000003,397.7741935483871,4988.0,0.0,1.0,0.0,0.0,0.0,0.0,0.0,bundang_cc,0,10,4,2024,autumn,0,0.0,0.0,62570.22937344001,56512.67038848001,0.0,0.0
2024-10-05,986.988323088,0.0,0.0,1.5650000000000002,8.0,4980.0,23.055555555555557,12.87,86.81,335.0,2.69,,,-0.4226182617406992,0.90630778703665,32.27137546468401,,4.035,24.520000000000003,397.7741935483871,4980.0,0.0,1.0,0.0,0.0,0.0,0.0,0.0,bundang_cc,0,10,5,2024,autumn,0,0.0,0.0,60918.43963392,55621.8266688,0.0,0.0
2024-10-06,990.3625128000001,0.0,0.0,1.5975,8.0,4987.0,23.08796296296296,13.82,100.0,334.72,2.73,,,-0.4270422530134429,0.904231670613899,36.63003663003663,,4.095,24.520000000000003,397.7741935483871,4987.0,0.0,1.0,0.0,0.0,0.0,0.0,0.0,bundang_cc,0,10,6,2024,autumn,0,0.0,0.0,59219.29938528,56236.09058783999,0.0,0.0
2024-10-07,1012.436351424,0.0,0.0,1.73875,8.0,4987.0,23.08796296296296,13.58,99.82,334.71,2.72,,,-0.4272000647069472,0.9041571239084388,36.6985294117647,,4.08,24.520000000000003,397.7741935483871,4987.0,0.0,1.0,0.0,0.0,0.0,0.0,0.0,bundang_cc,0,10,0,2024,autumn,0,0.0,0.0,59421.750768000005,57104.61873407999,0.0,0.0
2024-10-08,154.23477206399997,0.0,0.0,1.415,8.0,819.0,3.791666666666667,14.06,94.95,332.02,2.37,,,-0.4691633273379479,0.8831114155536579,40.063291139240505,,3.555,24.520000000000003,397.7741935483871,819.0,0.0,1.0,0.0,0.0,0.0,0.0,0.0,bundang_cc,0,10,1,2024,autumn,0,0.0,0.0,60746.18108544,60292.805863680005,0.0,0.0
2024-10-09,234.05530694400002,0.0,0.0,1.3875,8.0,1234.0,5.712962962962963,16.62,80.22,332.29,2.41,,,-0.4649965689833412,0.885312482027516,33.286307053941904,,3.615,24.520000000000003,397.7741935483871,1234.0,0.0,1.0,0.0,0.0,0.0,0.0,0.0,bundang_cc,0,10,2,2024,autumn,0,0.0,0.0,9254.086323839998,63550.52403264,0.0,0.0
2024-10-10,236.28258288,0.0,0.0,1.35125,8.0,1363.0,6.310185185185185,14.79,91.77,332.58,2.4,,,-0.4605096627729946,0.8876546910216285,38.2375,,3.5999999999999996,24.520000000000003,397.7741935483871,1363.0,0.0,1.0,0.0,0.0,0.0,0.0,0.0,bundang_cc,0,10,3,2024,autumn,0,0.0,0.0,14043.31841664,62570.22937344001,0.0,0.0
2024-10-11,176.20489713600003,0.0,0.0,1.31625,8.0,1062.0,4.916666666666666,13.32,96.47,332.29,2.4,,,-0.4649965689833412,0.885312482027516,40.19583333333333,,3.5999999999999996,24.520000000000003,397.7741935483871,1062.0,0.0,1.0,0.0,0.0,0.0,0.0,0.0,bundang_cc,0,10,4,2024,autumn,0,0.0,0.0,14176.9549728,60918.43963392,0.0,0.0
2024-10-12,95.50004068799998,0.0,0.0,1.095,8.0,671.0,3.1064814814814814,12.53,91.28,332.79,2.43,,,-0.4572531525372573,0.8893365811068044,37.56378600823045,,3.645000000000001,24.520000000000003,397.7741935483871,671.0,0.0,1.0,0.0,0.0,0.0,0.0,0.0,bundang_cc,0,10,5,2024,autumn,0,0.0,0.0,10572.293828160002,59219.29938528,0.0,0.0
2024-10-13,0.483216912,0.0,0.0,0.37125,8.0,0.0,0.0,17.76,73.69,332.83,2.43,,,-0.4566321670979261,0.8896555872760266,30.32510288065843,,3.645000000000001,24.520000000000003,397.7741935483871,0.0,0.0,1.0,0.0,0.0,0.0,0.0,0.0,bundang_cc,0,10,6,2024,autumn,0,0.0,0.0,5730.002441279999,59421.750768000005,0.0,0.0
2024-10-14,688.5607767839999,0.0,0.0,2.28875,8.0,1998.0,9.25,16.26,94.86,332.3,2.4,,,-0.4648420457246192,0.8853936257544162,39.525,,3.5999999999999996,24.520000000000003,397.7741935483871,1998.0,0.0,1.0,0.0,0.0,0.0,0.0,0.0,bundang_cc,0,10,0,2024,autumn,0,0.0,0.0,28.99301472,60746.18108544,0.0,0.0
2024-10-15,116.104839696,0.0,0.0,1.2675,8.0,720.0,3.3333333333333335,16.36,100.0,332.51,2.41,,,-0.4615937936075887,0.8870914100040395,41.49377593360995,,3.615,24.520000000000003,397.7741935483871,720.0,0.0,1.0,0.0,0.0,0.0,0.0,0.0,bundang_cc,0,10,1,2024,autumn,0,0.0,0.0,41313.64660704,9254.086323839998,0.0,0.0
2024-10-16,651.982612896,0.0,0.0,1.7675,8.0,2601.0,12.041666666666668,13.3,100.0,332.02,2.37,,,-0.4691633273379479,0.8831114155536579,42.19409282700422,,3.555,24.520000000000003,397.7741935483871,2601.0,0.0,1.0,0.0,0.0,0.0,0.0,0.0,bundang_cc,0,10,2,2024,autumn,0,0.0,0.0,6966.29038176,14043.31841664,0.0,0.0
2024-10-17,6.791643216000001,0.0,0.0,4.33125,8.0,684.0,3.166666666666667,15.74,93.73,332.6,2.41,,,-0.4601997847838515,0.8878153851364015,38.892116182572614,,3.615,24.520000000000003,397.7741935483871,684.0,0.0,1.0,0.0,0.0,0.0,0.0,0.0,bundang_cc,0,10,3,2024,autumn,0,0.0,0.0,39118.95677376,14176.9549728,0.0,0.0
2024-10-18,0.0,0.0,0.0,7.39625,8.0,2246.0,10.398148148148149,16.4,100.0,332.01,2.36,,,-0.4693174522100329,0.883029517655601,42.37288135593221,,3.54,24.520000000000003,397.7741935483871,2246.0,0.0,1.0,0.0,0.0,0.0,0.0,0.0,bundang_cc,0,10,4,2024,autumn,0,0.0,0.0,407.49859296000005,10572.293828160002,0.0,0.0
2024-10-19,0.0,0.0,0.0,1.55375,8.0,2099.0,9.717592592592592,12.07,66.42,332.26,2.41,,,-0.4654600537530494,0.8850688890477443,27.560165975103732,,3.615,24.520000000000003,397.7741935483871,2099.0,0.0,1.0,0.0,0.0,0.0,0.0,0.0,bundang_cc,0,10,5,2024,autumn,0,0.0,0.0,0.0,5730.002441279999,0.0,0.0
2024-10-20,0.0,0.0,0.0,0.345,8.0,0.0,0.0,8.11,83.69,332.2,2.33,,,-0.4663866403398914,0.8845809752150838,35.918454935622314,,3.495,24.520000000000003,397.7741935483871,0.0,0.0,1.0,0.0,0.0,0.0,0.0,0.0,bundang_cc,0,10,6,2024,autumn,0,0.0,0.0,0.0,28.99301472,0.0,0.0
2024-10-21,0.0,0.0,0.0,1.8925,8.0,2558.0,11.842592592592592,14.21,99.99,332.85,2.46,,,-0.4563215909004759,0.8898149277675997,40.64634146341464,,3.69,24.520000000000003,397.7741935483871,2558.0,0.0,1.0,0.0,0.0,0.0,0.0,0.0,bundang_cc,0,10,0,2024,autumn,0,0.0,0.0,0.0,41313.64660704,0.0,0.0
2024-10-22,0.0,0.0,0.0,0.6025,8.0,0.0,0.0,15.28,100.0,332.26,2.39,,,-0.4654600537530494,0.8850688890477443,41.84100418410041,,3.585,24.520000000000003,397.7741935483871,0.0,0.0,1.0,0.0,0.0,0.0,0.0,0.0,bundang_cc,0,10,1,2024,autumn,0,0.0,0.0,0.0,6966.29038176,0.0,0.0
2024-10-23,0.0,0.0,0.0,1.97,8.0,2837.0,13.13425925925926,8.07,99.71,332.2,2.38,,,-0.4663866403398914,0.8845809752150838,41.89495798319328,,3.57,24.520000000000003,397.7741935483871,2837.0,0.0,1.0,0.0,0.0,0.0,0.0,0.0,bundang_cc,0,10,2,2024,autumn,0,0.0,0.0,0.0,39118.95677376,0.0,0.0
2024-10-24,0.0,0.0,0.0,7.2025,8.0,3267.0,15.125,9.03,95.64,331.94,2.34,,,-0.4703959257574087,0.8824554793477292,40.87179487179488,,3.51,24.520000000000003,397.7741935483871,3267.0,0.0,1.0,0.0,0.0,0.0,0.0,0.0,bundang_cc,0,10,3,2024,autumn,0,0.0,0.0,0.0,407.49859296000005,0.0,0.0
2024-10-25,0.0,0.0,0.0,4.75625,8.0,2956.0,13.685185185185189,11.36,87.33,332.26,2.37,,,-0.4654600537530494,0.8850688890477443,36.848101265822784,,3.555,24.520000000000003,397.7741935483871,2956.0,0.0,1.0,0.0,0.0,0.0,0.0,0.0,bundang_cc,0,10,4,2024,autumn,0,0.0,0.0,0.0,0.0,0.0,0.0
2024-10-26,0.0,0.0,0.0,1.61,8.0,2111.0,9.773148148148149,14.18,88.54,332.26,2.36,,,-0.4654600537530494,0.8850688890477443,37.51694915254238,,3.54,24.520000000000003,397.7741935483871,2111.0,0.0,1.0,0.0,0.0,0.0,0.0,0.0,bundang_cc,0,10,5,2024,autumn,0,0.0,0.0,0.0,0.0,0.0,0.0
2024-10-27,0.0,0.0,0.0,0.54625,8.0,0.0,0.0,12.17,100.0,332.27,2.37,,,-0.4653055730022631,0.8851501136717068,42.19409282700422,,3.555,24.520000000000003,397.7741935483871,0.0,0.0,1.0,0.0,0.0,0.0,0.0,0.0,bundang_cc,0,10,6,2024,autumn,0,0.0,0.0,0.0,0.0,0.0,0.0
2024-10-28,0.119280672,0.0,0.0,3.78,8.0,2395.0,11.087962962962964,15.14,65.59,332.51,2.37,,,-0.4615937936075887,0.8870914100040395,27.675105485232063,,3.555,24.520000000000003,397.7741935483871,2395.0,0.0,1.0,0.0,0.0,0.0,0.0,0.0,bundang_cc,0,10,0,2024,autumn,0,0.0,0.0,0.0,0.0,0.0,0.0
2024-10-29,83.43225144,0.0,0.0,1.5637499999999998,8.0,1796.0,8.314814814814815,12.0,85.88,332.54,2.38,,,-0.4611292503784111,0.8873329783375825,36.08403361344538,,3.57,24.520000000000003,397.7741935483871,1796.0,0.0,1.0,0.0,0.0,0.0,0.0,0.0,bundang_cc,0,10,1,2024,autumn,0,0.0,0.0,7.156840320000001,0.0,0.0,0.0
2024-10-30,95.34707927999997,0.0,0.0,1.84375,8.0,2070.0,9.583333333333334,11.09,96.04,332.26,2.38,,,-0.4654600537530494,0.8850688890477443,40.352941176470594,,3.57,24.520000000000003,397.7741935483871,2070.0,0.0,1.0,0.0,0.0,0.0,0.0,0.0,bundang_cc,0,10,2,2024,autumn,0,0.0,0.0,5005.9350864,0.0,0.0,0.0
2024-10-31,327.132104256,0.0,0.0,3.0374999999999996,8.0,1827.0,8.458333333333332,11.3,93.8,332.07,2.34,,,-0.4683924886984538,0.8835205014773957,40.085470085470085,,3.51,24.520000000000003,397.7741935483871,1827.0,0.0,1.0,0.0,0.0,0.0,0.0,0.0,bundang_cc,0,10,3,2024,autumn,0,0.0,0.0,5720.824756799999,0.0,0.0,0.0
2024-11-01,706.161264048,0.0,0.0,2.355,8.0,3092.0,14.314814814814811,13.09,85.61,332.14,2.34,,,-0.4673127154765981,0.8840920913309247,36.585470085470085,,3.51,29.517142857142854,1001.6666666666666,3092.0,0.0,1.0,0.0,0.0,0.0,0.0,0.0,bundang_cc,0,11,4,2024,autumn,0,0.0,0.0,19627.92625536,0.0,0.0,0.0
2024-11-02,717.4976245920001,0.0,0.0,2.09875,8.0,3484.0,16.12962962962963,13.69,80.74,332.26,2.37,,,-0.4654600537530494,0.8850688890477443,34.0675105485232,,3.555,29.517142857142854,1001.6666666666666,3484.0,0.0,1.0,0.0,0.0,0.0,0.0,0.0,bundang_cc,0,11,5,2024,autumn,0,0.0,0.0,42369.67584288,0.0,0.0,0.0
2024-11-03,0.7611101280000001,0.0,0.0,0.70125,8.0,0.0,0.0,14.71,96.19,332.01,2.38,,,-0.4693174522100329,0.883029517655601,40.41596638655462,,3.57,29.517142857142854,1001.6666666666666,0.0,0.0,1.0,0.0,0.0,0.0,0.0,0.0,bundang_cc,0,11,6,2024,autumn,0,0.0,0.0,43049.85747552,0.0,0.0,0.0
2024-11-04,784.600964352,0.0,0.0,2.46625,8.0,2818.0,13.046296296296298,7.78,65.57,332.0,2.31,,,-0.4694715627858908,0.882947592858927,28.38528138528138,,3.465,29.517142857142854,1001.6666666666666,2818.0,0.0,1.0,0.0,0.0,0.0,0.0,0.0,bundang_cc,0,11,0,2024,autumn,0,0.0,0.0,45.666607680000006,7.156840320000001,0.0,0.0
2024-11-05,777.95833824,0.0,0.0,2.135,8.0,3324.0,15.388888888888888,5.05,54.76,331.95,2.33,,,-0.4702419010574822,0.8825375654836711,23.50214592274678,,3.495,29.517142857142854,1001.6666666666666,3324.0,0.0,1.0,0.0,0.0,0.0,0.0,0.0,bundang_cc,0,11,1,2024,autumn,0,0.0,0.0,47076.05786112,5005.9350864,0.0,0.0
2024-11-06,1426.70185632,0.0,0.0,2.49125,8.0,5271.0,24.40277777777778,3.92,57.93,331.01,2.21,,,-0.484656962927115,0.8747043090589328,26.21266968325792,,3.315,29.517142857142854,1001.6666666666666,5271.0,0.0,1.0,0.0,0.0,0.0,0.0,0.0,bundang_cc,0,11,2,2024,autumn,0,0.0,0.0,46677.5002944,5720.824756799999,0.0,0.0
2024-11-07,1392.292765296,0.0,0.0,2.7262500000000003,8.0,5263.0,24.36574074074074,3.78,70.68,331.51,2.28,,,-0.4770053704714557,0.878900379190605,31.000000000000007,,3.42,29.517142857142854,1001.6666666666666,5263.0,0.0,1.0,0.0,0.0,0.0,0.0,0.0,bundang_cc,0,11,3,2024,autumn,0,0.0,0.0,85602.1113792,19627.92625536,0.0,0.0
2024-11-08,1421.6347369440002,0.0,0.0,2.88875,8.0,5211.0,24.125,7.61,72.53,331.94,2.32,,,-0.4703959257574087,0.8824554793477292,31.26293103448276,,3.4799999999999995,29.517142857142854,1001.6666666666666,5211.0,0.0,1.0,0.0,0.0,0.0,0.0,0.0,bundang_cc,0,11,4,2024,autumn,0,0.0,0.0,83537.56591776,42369.67584288,0.0,0.0
2024-11-09,955.925998416,0.0,0.0,2.575,8.0,4143.0,19.180555555555557,8.91,84.36,332.01,2.3,,,-0.4693174522100329,0.883029517655601,36.67826086956522,,3.4499999999999997,29.517142857142854,1001.6666666666666,4143.0,0.0,1.0,0.0,0.0,0.0,0.0,0.0,bundang_cc,0,11,5,2024,autumn,0,0.0,0.0,85298.08421664001,43049.85747552,0.0,0.0
2024-11-10,226.30315147199997,0.0,0.0,2.3625,8.0,629.0,2.9120370370370368,9.86,91.81,332.0,2.31,,,-0.4694715627858908,0.882947592858927,39.74458874458875,,3.465,29.517142857142854,1001.6666666666666,629.0,0.0,1.0,0.0,0.0,0.0,0.0,0.0,bundang_cc,0,11,6,2024,autumn,0,0.0,0.0,57355.55990496,45.666607680000006,0.0,0.0
2024-11-11,456.37737278399993,0.0,0.0,4.5,8.0,1385.0,6.412037037037037,10.44,89.13,330.02,2.18,,,-0.4996976696503588,0.8661998839448092,40.88532110091742,,3.2700000000000005,29.517142857142854,1001.6666666666666,1385.0,0.0,1.0,0.0,0.0,0.0,0.0,0.0,bundang_cc,0,11,0,2024,autumn,0,0.0,0.0,13578.189088319998,47076.05786112,0.0,0.0
2024-11-12,1176.487481952,0.0,0.0,5.2775,8.0,5197.0,24.060185185185183,8.91,95.47,330.01,2.15,,,-0.4998488424383128,0.8661126570562738,44.4046511627907,,3.2249999999999996,29.517142857142854,1001.6666666666666,5197.0,0.0,1.0,0.0,0.0,0.0,0.0,0.0,bundang_cc,0,11,1,2024,autumn,0,0.0,0.0,27382.642367039996,46677.5002944,0.0,0.0
2024-11-13,460.46803824000006,0.0,0.0,2.52625,8.0,2218.0,10.26851851851852,11.79,78.57,330.51,2.17,,,-0.4922716468786224,0.87044162680757,36.2073732718894,,3.255,29.517142857142854,1001.6666666666666,2218.0,0.0,1.0,0.0,0.0,0.0,0.0,0.0,bundang_cc,0,11,2,2024,autumn,0,0.0,0.0,70589.24891712,85602.1113792,0.0,0.0
2024-11-14,516.730926816,0.0,0.0,2.8925,8.0,1728.0,8.0,12.94,80.46,330.13,2.15,,,-0.4980337653666369,0.8671576376615324,37.42325581395349,,3.2249999999999996,29.517142857142854,1001.6666666666666,1728.0,0.0,1.0,0.0,0.0,0.0,0.0,0.0,bundang_cc,0,11,3,2024,autumn,0,0.0,0.0,27628.082294400003,83537.56591776,0.0,0.0
2024-11-15,416.707665264,0.0,0.0,4.645,8.0,1946.0,9.00925925925926,16.27,67.13,330.91,2.26,,,-0.4861828709949087,0.8738570912632957,29.70353982300885,,3.3899999999999997,29.517142857142854,1001.6666666666666,1946.0,0.0,1.0,0.0,0.0,0.0,0.0,0.0,bundang_cc,0,11,4,2024,autumn,0,0.0,0.0,31003.85560896,85298.08421664001,0.0,0.0
2024-11-16,1254.4735304159997,0.0,0.0,2.3387499999999997,8.0,4830.0,22.36111111111111,14.61,95.85,331.64,2.28,,,-0.4750099826591503,0.8799804068126482,42.03947368421053,,3.42,29.517142857142854,1001.6666666666666,4830.0,0.0,1.0,0.0,0.0,0.0,0.0,0.0,bundang_cc,0,11,5,2024,autumn,0,0.0,0.0,25002.45991584,57355.55990496,0.0,0.0
2024-11-17,1211.243418864,0.0,0.0,2.19375,8.0,4417.0,20.449074074074076,3.32,32.54,335.94,2.78,,,-0.4076930824488008,0.9131190231965356,11.705035971223024,,4.17,29.517142857142854,1001.6666666666666,4417.0,0.0,1.0,0.0,0.0,0.0,0.0,0.0,bundang_cc,0,11,6,2024,autumn,0,0.0,0.0,75268.41182495999,13578.189088319998,0.0,0.0
2024-11-18,1560.370017744,0.0,0.0,4.7275,8.0,5651.0,26.16203703703704,-0.55,45.26,339.88,3.23,,,-0.343987479375726,0.9389742350207136,14.012383900928793,,4.845,29.517142857142854,1001.6666666666666,5651.0,0.0,1.0,0.0,0.0,0.0,0.0,0.0,bundang_cc,0,11,0,2024,autumn,0,0.0,0.0,72674.60513184,27382.642367039996,0.0,0.0
2024-11-19,2351.962592064,0.0,0.0,5.8325000000000005,8.0,8423.0,38.99537037037037,2.63,71.87,337.0,2.91,,,-0.3907311284892739,0.9205048534524404,24.697594501718218,,4.365,29.517142857142854,1001.6666666666666,8423.0,0.0,1.0,0.0,0.0,0.0,0.0,0.0,bundang_cc,0,11,1,2024,autumn,0,0.0,0.0,93622.20106464,70589.24891712,0.0,0.0
2024-11-20,1812.4700188319998,0.0,0.0,4.33125,8.0,8031.0,37.18055555555556,5.43,88.47,336.0,2.82,,,-0.4067366430758001,0.9135454576426008,31.372340425531917,,4.2299999999999995,29.517142857142854,1001.6666666666666,8031.0,0.0,1.0,0.0,0.0,0.0,0.0,0.0,bundang_cc,0,11,2,2024,autumn,0,0.0,0.0,141117.75552384,27628.082294400003,0.0,0.0
2024-11-21,1813.496652,0.0,0.0,3.7825,8.0,7781.0,36.023148148148145,9.09,61.97,332.0,2.41,,,-0.4694715627858908,0.882947592858927,25.71369294605809,,3.615,29.517142857142854,1001.6666666666666,7781.0,0.0,1.0,0.0,0.0,0.0,0.0,0.0,bundang_cc,0,11,3,2024,autumn,0,0.0,0.0,108748.20112992,31003.85560896,0.0,0.0
2024-11-22,1929.5613591840001,0.0,0.0,3.4937500000000004,8.0,7795.0,36.08796296296296,1.64,63.29,336.0,2.84,,,-0.4067366430758001,0.9135454576426008,22.285211267605636,,4.26,29.517142857142854,1001.6666666666666,7795.0,0.0,1.0,0.0,0.0,0.0,0.0,0.0,bundang_cc,0,11,4,2024,autumn,0,0.0,0.0,108809.79912,25002.45991584,0.0,0.0
2024-11-23,1853.992553328,0.0,0.0,3.61625,8.0,7899.0,36.56944444444444,2.43,75.27,336.0,2.86,,,-0.4067366430758001,0.9135454576426008,26.318181818181817,,4.29,29.517142857142854,1001.6666666666666,7899.0,0.0,1.0,0.0,0.0,0.0,0.0,0.0,bundang_cc,0,11,5,2024,autumn,0,0.0,0.0,115773.68155104,75268.41182495999,0.0,0.0
2024-11-24,1402.38068544,0.0,0.0,2.93875,8.0,6013.0,27.837962962962965,3.57,77.53,335.0,2.73,,,-0.4226182617406992,0.90630778703665,28.3992673992674,,4.095,29.517142857142854,1001.6666666666666,6013.0,0.0,1.0,0.0,0.0,0.0,0.0,0.0,bundang_cc,0,11,6,2024,autumn,0,0.0,0.0,111239.55319968,72674.60513184,0.0,0.0
2024-11-25,2289.7356969600005,0.0,0.0,4.22625,8.0,6749.0,31.245370370370367,12.84,52.84,331.0,2.21,,,-0.4848096202463369,0.8746197071393959,23.90950226244344,,3.315,29.517142857142854,1001.6666666666666,6749.0,0.0,1.0,0.0,0.0,0.0,0.0,0.0,bundang_cc,0,11,0,2024,autumn,0,0.0,0.0,84142.8411264,93622.20106464,0.0,0.0
2024-11-26,3270.551522976,0.0,0.0,5.05375,8.0,7724.0,35.75925925925926,2.12,96.72,337.0,2.95,,,-0.3907311284892739,0.9205048534524404,32.7864406779661,,4.425000000000001,29.517142857142854,1001.6666666666666,7724.0,0.0,1.0,0.0,0.0,0.0,0.0,0.0,bundang_cc,0,11,1,2024,autumn,0,0.0,0.0,137384.14181760003,141117.75552384,0.0,0.0
2024-11-27,3837.7182520799997,0.0,0.0,6.1537500000000005,8.0,11364.0,52.61111111111111,-0.56,99.42,342.0,3.57,,,-0.3090169943749477,0.9510565162951536,27.84873949579832,,5.3549999999999995,29.517142857142854,1001.6666666666666,11364.0,0.0,1.0,0.0,0.0,0.0,0.0,0.0,bundang_cc,0,11,2,2024,autumn,0,0.0,0.0,196233.09137856,108748.20112992,0.0,0.0
2024-11-28,4141.211153184,0.0,0.0,7.02125,8.0,13466.0,62.342592592592595,-1.64,83.55,342.0,3.51,,,-0.3090169943749477,0.9510565162951536,23.803418803418804,,5.265,29.517142857142854,1001.6666666666666,13466.0,0.0,1.0,0.0,0.0,0.0,0.0,0.0,bundang_cc,0,11,3,2024,autumn,0,0.0,0.0,230263.0951248,108809.79912,0.0,0.0
2024-11-29,4713.833071151999,0.0,0.0,6.9975000000000005,8.0,14171.0,65.60648148148148,-0.84,95.44,334.0,2.57,,,-0.4383711467890778,0.8987940462991668,37.13618677042802,,3.854999999999999,29.517142857142854,1001.6666666666666,14171.0,0.0,1.0,0.0,0.0,0.0,0.0,0.0,bundang_cc,0,11,4,2024,autumn,0,0.0,0.0,248472.66919104,115773.68155104,0.0,0.0
2024-11-30,4670.95198104,0.0,0.0,6.38375,8.0,12953.0,59.96759259259259,0.85,96.05,334.0,2.58,,,-0.4383711467890778,0.8987940462991668,37.22868217054263,,3.87,29.517142857142854,1001.6666666666666,12953.0,0.0,1.0,0.0,0.0,0.0,0.0,0.0,bundang_cc,0,11,5,2024,autumn,0,0.0,0.0,282829.98426912,111239.55319968,0.0,0.0
2024-12-01,3522.789701856,0.0,0.0,5.875,8.0,10570.0,48.93518518518519,2.77,99.94,334.0,2.57,,,-0.4383711467890778,0.8987940462991668,38.887159533073934,,3.854999999999999,30.26,2270.0,10570.0,0.0,1.0,0.0,0.0,0.0,0.0,0.0,bundang_cc,0,12,6,2024,winter,1,0.0,0.0,280257.1188624,84142.8411264,0.0,0.0
2024-12-02,4607.85119832,0.0,0.0,6.1625000000000005,8.0,12821.0,59.35648148148148,0.91,66.93,334.0,2.59,,,-0.4383711467890778,0.8987940462991668,25.841698841698847,,3.885,30.26,2270.0,12821.0,0.0,1.0,0.0,0.0,0.0,0.0,0.0,bundang_cc,0,12,0,2024,winter,1,0.0,0.0,211367.38211136,137384.14181760003,0.0,0.0
2024-12-03,4116.8418521759995,0.0,0.0,6.17625,8.0,12450.0,57.638888888888886,1.39,56.64,334.01,2.56,,,-0.4382142709590474,0.8988705428079343,22.125,,3.84,30.26,2270.0,12450.0,0.0,1.0,0.0,0.0,0.0,0.0,0.0,bundang_cc,0,12,1,2024,winter,1,0.0,0.0,276471.0718992,196233.09137856,0.0,0.0
2024-12-04,2686.599634464,0.0,0.0,7.87125,8.0,10914.0,50.527777777777786,0.48,71.97,334.01,2.57,,,-0.4382142709590474,0.8988705428079343,28.003891050583658,,3.854999999999999,30.26,2270.0,10914.0,0.0,1.0,0.0,0.0,0.0,0.0,0.0,bundang_cc,0,12,2,2024,winter,1,0.0,0.0,247010.51113056,230263.0951248,0.0,0.0
2024-12-05,3423.727943424,0.0,0.0,6.36125,8.0,12203.0,56.49537037037037,3.44,73.76,334.02,2.59,,,-0.438057381780247,0.8989470119355394,28.47876447876448,,3.885,30.26,2270.0,12203.0,0.0,1.0,0.0,0.0,0.0,0.0,0.0,bundang_cc,0,12,3,2024,winter,1,0.0,0.0,161195.97806783998,248472.66919104,0.0,0.0
2024-12-06,3673.4238275039997,0.0,0.0,5.3225,8.0,13182.0,61.02777777777778,-0.56,58.71,334.01,2.57,,,-0.4382142709590474,0.8988705428079343,22.844357976653697,,3.854999999999999,30.26,2270.0,13182.0,0.0,1.0,0.0,0.0,0.0,0.0,0.0,bundang_cc,0,12,4,2024,winter,1,0.0,0.0,205423.67660544,282829.98426912,0.0,0.0
2024-12-07,3909.5291424959996,0.0,0.0,5.68375,8.0,13265.0,61.41203703703704,-3.92,71.77,334.0,2.55,,,-0.4383711467890778,0.8987940462991668,28.14509803921569,,3.825,30.26,2270.0,13265.0,0.0,1.0,0.0,0.0,0.0,0.0,0.0,bundang_cc,0,12,5,2024,winter,1,0.0,0.0,220405.42965024,280257.1188624,0.0,0.0
2024-12-08,3898.4300028,0.0,0.0,5.64625,8.0,13329.0,61.70833333333333,-3.09,57.59,332.58,2.39,,,-0.4605096627729946,0.8876546910216285,24.09623430962343,,3.585,30.26,2270.0,13329.0,0.0,1.0,0.0,0.0,0.0,0.0,0.0,bundang_cc,0,12,6,2024,winter,1,0.0,0.0,234571.74854975997,211367.38211136,0.0,0.0
2024-12-09,3885.33137688,0.0,0.0,5.99125,8.0,13429.0,62.1712962962963,-1.95,86.23,332.72,2.4,,,-0.4583393406180898,0.8887772774108116,35.92916666666667,,3.5999999999999996,30.26,2270.0,13429.0,0.0,1.0,0.0,0.0,0.0,0.0,0.0,bundang_cc,0,12,0,2024,winter,1,0.0,0.0,233905.800168,276471.0718992,0.0,0.0
2024-12-10,4274.146273248,0.0,0.0,6.68375,8.0,14509.0,67.1712962962963,1.43,58.68,333.01,2.41,,,-0.4538349828506274,0.8910857469070924,24.34854771784232,,3.615,30.26,2270.0,14509.0,0.0,1.0,0.0,0.0,0.0,0.0,0.0,bundang_cc,0,12,1,2024,winter,1,0.0,0.0,233119.8826128,247010.51113056,0.0,0.0
2024-12-11,4316.156547984,0.0,0.0,6.203749999999999,8.0,14566.0,67.43518518518519,-0.95,63.42,333.0,2.43,,,-0.4539904997395469,0.8910065241883678,26.09876543209877,,3.645000000000001,30.26,2270.0,14566.0,0.0,1.0,0.0,0.0,0.0,0.0,0.0,bundang_cc,0,12,2,2024,winter,1,0.0,0.0,256448.77639488,161195.97806783998,0.0,0.0
2024-12-12,4258.911955824,0.0,0.0,6.4425,8.0,14533.0,67.2824074074074,0.03,43.8,333.0,2.42,,,-0.4539904997395469,0.8910065241883678,18.09917355371901,,3.63,30.26,2270.0,14533.0,0.0,1.0,0.0,0.0,0.0,0.0,0.0,bundang_cc,0,12,3,2024,winter,1,0.0,0.0,258969.39287904,205423.67660544,0.0,0.0
2024-12-13,4269.252336336,0.0,0.0,6.62375,8.0,14491.0,67.08796296296296,-1.22,48.54,333.0,2.45,,,-0.4539904997395469,0.8910065241883678,19.812244897959182,,3.675,30.26,2270.0,14491.0,0.0,1.0,0.0,0.0,0.0,0.0,0.0,bundang_cc,0,12,4,2024,winter,1,0.0,0.0,255534.71734944,220405.42965024,0.0,0.0
2024-12-14,3532.7531328480004,0.0,0.0,5.703749999999999,8.0,13438.0,62.21296296296296,-1.52,63.23,332.99,2.42,,,-0.4541460027991251,0.8909272743280323,26.12809917355372,,3.63,30.26,2270.0,13438.0,0.0,1.0,0.0,0.0,0.0,0.0,0.0,bundang_cc,0,12,5,2024,winter,1,0.0,0.0,256155.14018016,234571.74854975997,0.0,0.0
2024-12-15,3785.956638768,0.0,0.0,5.4475,8.0,13579.0,62.86574074074074,-2.33,52.37,333.01,2.42,,,-0.4538349828506274,0.8910857469070924,21.640495867768596,,3.63,30.26,2270.0,13579.0,0.0,1.0,0.0,0.0,0.0,0.0,0.0,bundang_cc,0,12,6,2024,winter,1,0.0,0.0,211965.18797088,233905.800168,0.0,0.0
2024-12-16,4320.8511048,0.0,0.0,7.23125,8.0,15803.0,73.16203703703704,-0.85,58.28,333.0,2.45,,,-0.4539904997395469,0.8910065241883678,23.787755102040816,,3.675,30.26,2270.0,15803.0,0.0,1.0,0.0,0.0,0.0,0.0,0.0,bundang_cc,0,12,0,2024,winter,1,0.0,0.0,227157.39832608,233119.8826128,0.0,0.0
2024-12-17,4778.94901608,0.0,0.0,6.57125,8.0,15410.0,71.3425925925926,-3.1,49.96,333.0,2.42,,,-0.4539904997395469,0.8910065241883678,20.644628099173556,,3.63,30.26,2270.0,15410.0,0.0,1.0,0.0,0.0,0.0,0.0,0.0,bundang_cc,0,12,1,2024,winter,1,0.0,0.0,259251.066288,256448.77639488,0.0,0.0
2024-12-18,4853.924230464,0.0,0.0,7.45625,8.0,14180.0,65.64814814814814,-5.63,55.67,332.72,2.42,,,-0.4583393406180898,0.8887772774108116,23.00413223140496,,3.63,30.26,2270.0,14180.0,0.0,1.0,0.0,0.0,0.0,0.0,0.0,bundang_cc,0,12,2,2024,winter,1,0.0,0.0,286736.94096479996,258969.39287904,0.0,0.0
2024-12-19,5030.339668703999,0.0,0.0,7.51,8.0,16080.0,74.44444444444444,-2.87,57.74,332.51,2.41,,,-0.4615937936075887,0.8870914100040395,23.95850622406639,,3.615,30.26,2270.0,16080.0,0.0,1.0,0.0,0.0,0.0,0.0,0.0,bundang_cc,0,12,3,2024,winter,1,0.0,0.0,291235.45382784,255534.71734944,0.0,0.0
2024-12-20,5630.640143184,0.0,0.0,8.605,8.0,16820.0,77.87037037037037,-0.24,90.63,331.51,2.3,,,-0.4770053704714557,0.878900379190605,39.404347826086955,,3.4499999999999997,30.26,2270.0,16820.0,0.0,1.0,0.0,0.0,0.0,0.0,0.0,bundang_cc,0,12,4,2024,winter,1,0.0,0.0,301820.38012224,256155.14018016,0.0,0.0
2024-12-21,5602.551949295999,0.0,0.0,7.47,8.0,15835.0,73.31018518518519,-4.42,55.02,334.0,2.56,,,-0.4383711467890778,0.8987940462991668,21.4921875,,3.84,30.26,2270.0,15835.0,0.0,1.0,0.0,0.0,0.0,0.0,0.0,bundang_cc,0,12,5,2024,winter,1,0.0,0.0,337838.40859104,211965.18797088,0.0,0.0
2024-12-22,5028.218629632,0.0,0.0,7.26,8.0,14881.0,68.89351851851852,-5.66,74.5,335.0,2.64,,,-0.4226182617406992,0.90630778703665,28.21969696969697,,3.96,30.26,2270.0,14881.0,0.0,1.0,0.0,0.0,0.0,0.0,0.0,bundang_cc,0,12,6,2024,winter,1,0.0,0.0,336153.11695775995,227157.39832608,0.0,0.0
2024-12-23,3952.753045344,0.0,0.0,6.1675,8.0,13381.0,61.94907407407408,-2.24,57.61,333.76,2.54,,,-0.4421321496602428,0.8969499218110298,22.68110236220472,,3.81,30.26,2270.0,13381.0,0.0,1.0,0.0,0.0,0.0,0.0,0.0,bundang_cc,0,12,0,2024,winter,1,0.0,0.0,301693.11777792,259251.066288,0.0,0.0
2024-12-24,3663.519184368,0.0,0.0,5.72625,8.0,13419.0,62.125,-1.86,67.13,333.97,2.54,,,-0.4388416941387629,0.898564392509196,26.429133858267715,,3.81,30.26,2270.0,13419.0,0.0,1.0,0.0,0.0,0.0,0.0,0.0,bundang_cc,0,12,1,2024,winter,1,0.0,0.0,237165.18272064,286736.94096479996,0.0,0.0
2024-12-25,3423.09423096,0.0,0.0,5.819999999999999,8.0,12858.0,59.52777777777778,1.56,90.67,334.0,2.54,,,-0.4383711467890778,0.8987940462991668,35.696850393700785,,3.81,30.26,2270.0,12858.0,0.0,1.0,0.0,0.0,0.0,0.0,0.0,bundang_cc,0,12,2,2024,winter,1,0.0,0.0,219811.15106208,291235.45382784,0.0,0.0
2024-12-26,3254.62141728,0.0,0.0,5.2837499999999995,8.0,12336.0,57.111111111111114,-4.46,47.98,334.0,2.62,,,-0.4383711467890778,0.8987940462991668,18.31297709923664,,3.93,30.26,2270.0,12336.0,0.0,1.0,0.0,0.0,0.0,0.0,0.0,bundang_cc,0,12,3,2024,winter,1,0.0,0.0,205385.6538576,301820.38012224,0.0,0.0
2024-12-27,3922.737515424,0.0,0.0,6.3325000000000005,8.0,14405.0,66.68981481481482,-2.54,54.39,334.0,2.57,,,-0.4383711467890778,0.8987940462991668,21.16342412451362,,3.854999999999999,30.26,2270.0,14405.0,0.0,1.0,0.0,0.0,0.0,0.0,0.0,bundang_cc,0,12,4,2024,winter,1,0.0,0.0,195277.2850368,337838.40859104,0.0,0.0
2024-12-28,4364.094868272,0.0,0.0,6.465,8.0,16057.0,74.33796296296296,-3.42,61.24,334.0,2.56,,,-0.4383711467890778,0.8987940462991668,23.921875,,3.84,30.26,2270.0,16057.0,0.0,1.0,0.0,0.0,0.0,0.0,0.0,bundang_cc,0,12,5,2024,winter,1,0.0,0.0,235364.25092544,336153.11695775995,0.0,0.0
2024-12-29,4148.070179904,0.0,0.0,6.24625,8.0,15969.0,73.93055555555556,0.68,74.45,334.0,2.53,,,-0.4383711467890778,0.8987940462991668,29.426877470355738,,3.795,30.26,2270.0,15969.0,0.0,1.0,0.0,0.0,0.0,0.0,0.0,bundang_cc,0,12,6,2024,winter,1,0.0,0.0,261845.69209632,301693.11777792,0.0,0.0
2024-12-30,4216.64869368,0.0,0.0,6.17875,8.0,15636.0,72.38888888888889,1.87,83.83,333.85,2.52,,,-0.4407226791385756,0.8976433145146886,33.26587301587301,,3.78,30.26,2270.0,15636.0,0.0,1.0,0.0,0.0,0.0,0.0,0.0,bundang_cc,0,12,0,2024,winter,1,0.0,0.0,248884.21079424,237165.18272064,0.0,0.0
2024-12-31,3871.6120219679997,0.0,0.0,6.0525,8.0,14219.0,65.82870370370371,-3.77,66.45,333.13,2.52,,,-0.4519677032197652,0.8920343016085481,26.36904761904762,,3.78,30.26,2270.0,14219.0,0.0,1.0,0.0,0.0,0.0,0.0,0.0,bundang_cc,0,12,1,2024,winter,1,0.0,0.0,252998.9216208,219811.15106208,0.0,0.0
2025-01-01,3643.201288512,0.0,0.0,5.56625,8.0,13255.0,61.36574074074074,-0.82,80.73,334.0,2.54,,,-0.4383711467890778,0.8987940462991668,31.783464566929133,,3.81,111.41,1276.8387096774193,13255.0,0.0,1.0,0.0,0.0,0.0,0.0,0.0,bundang_cc,0,1,2,2025,winter,1,0.0,0.0,232296.72131807997,205385.6538576,0.0,0.0
2025-01-02,4050.5399035200003,0.0,0.0,6.5375,8.0,14822.0,68.62037037037037,-1.88,45.98,334.0,2.56,,,-0.4383711467890778,0.8987940462991668,17.9609375,,3.84,111.41,1276.8387096774193,14822.0,0.0,1.0,0.0,0.0,0.0,0.0,0.0,bundang_cc,0,1,3,2025,winter,1,0.0,0.0,218592.07731072,195277.2850368,0.0,0.0
2025-01-03,4076.2406900159995,0.0,0.0,6.23625,8.0,14756.0,68.31481481481482,-1.28,70.48,334.0,2.56,,,-0.4383711467890778,0.8987940462991668,27.53125,,3.84,111.41,1276.8387096774193,14756.0,0.0,1.0,0.0,0.0,0.0,0.0,0.0,bundang_cc,0,1,4,2025,winter,1,0.0,0.0,243032.3942112,235364.25092544,0.0,0.0
2025-01-04,4078.0828523520004,0.0,0.0,5.84125,8.0,15649.0,72.44907407407408,-2.48,68.81,334.0,2.55,,,-0.4383711467890778,0.8987940462991668,26.9843137254902,,3.825,111.41,1276.8387096774193,15649.0,0.0,1.0,0.0,0.0,0.0,0.0,0.0,bundang_cc,0,1,5,2025,winter,1,0.0,0.0,244574.44140095997,261845.69209632,0.0,0.0
2025-01-05,3200.141809152,0.0,0.0,4.98875,8.0,13180.0,61.01851851851852,1.63,94.05,334.0,2.57,,,-0.4383711467890778,0.8987940462991668,36.59533073929961,,3.854999999999999,111.41,1276.8387096774193,13180.0,0.0,1.0,0.0,0.0,0.0,0.0,0.0,bundang_cc,0,1,6,2025,winter,1,0.0,0.0,244684.97114112,248884.21079424,0.0,0.0
2025-01-06,3879.396837936,0.0,0.0,5.91,8.0,13967.0,64.66203703703704,-2.91,54.15,333.5,2.51,,,-0.4461978131098087,0.8949343616020251,21.573705179282868,,3.765,111.41,1276.8387096774193,13967.0,0.0,1.0,0.0,0.0,0.0,0.0,0.0,bundang_cc,0,1,0,2025,winter,1,0.0,0.0,192008.50854912,252998.9216208,0.0,0.0
2025-01-07,4622.593901040001,0.0,0.0,6.65625,8.0,16770.0,77.63888888888889,-4.52,65.2,334.01,2.55,,,-0.4382142709590474,0.8988705428079343,25.568627450980394,,3.825,111.41,1276.8387096774193,16770.0,0.0,1.0,0.0,0.0,0.0,0.0,0.0,bundang_cc,0,1,1,2025,winter,1,0.0,0.0,232763.81027616,232296.72131807997,0.0,0.0
2025-01-08,4749.2528843519995,0.0,0.0,6.5575,8.0,19028.0,88.0925925925926,-5.78,58.71,335.0,2.7,,,-0.4226182617406992,0.90630778703665,21.744444444444444,,4.050000000000001,111.41,1276.8387096774193,19028.0,0.0,1.0,0.0,0.0,0.0,0.0,0.0,bundang_cc,0,1,2,2025,winter,1,0.0,0.0,277355.63406240003,218592.07731072,0.0,0.0
2025-01-09,5178.029429808,0.0,0.0,6.63875,8.0,19132.0,88.57407407407408,-12.35,51.22,332.08,2.37,,,-0.4682382781476146,0.8836022379313879,21.61181434599156,,3.555,111.41,1276.8387096774193,19132.0,0.0,1.0,0.0,0.0,0.0,0.0,0.0,bundang_cc,0,1,3,2025,winter,1,0.0,0.0,284955.17306112,243032.3942112,0.0,0.0
2025-01-10,5121.197633375999,0.0,0.0,6.271249999999999,8.0,19250.0,89.12037037037037,-6.22,61.5,332.56,2.4,,,-0.4608194846504306,0.8874938887488248,25.625,,3.5999999999999996,111.41,1276.8387096774193,19250.0,0.0,1.0,0.0,0.0,0.0,0.0,0.0,bundang_cc,0,1,4,2025,winter,1,0.0,0.0,310681.76578848,244574.44140095997,0.0,0.0
2025-01-11,4745.019022128001,0.0,0.0,6.10625,8.0,17901.0,82.875,-7.74,71.86,336.0,2.82,,,-0.4067366430758001,0.9135454576426008,25.4822695035461,,4.2299999999999995,111.41,1276.8387096774193,17901.0,0.0,1.0,0.0,0.0,0.0,0.0,0.0,bundang_cc,0,1,5,2025,winter,1,0.0,0.0,307271.85800256,244684.97114112,0.0,0.0
2025-01-12,4722.735984192,0.0,0.0,6.38375,8.0,16124.0,74.64814814814815,-5.66,77.01,334.0,2.62,,,-0.4383711467890778,0.8987940462991668,29.393129770992367,,3.93,111.41,1276.8387096774193,16124.0,0.0,1.0,0.0,0.0,0.0,0.0,0.0,bundang_cc,0,1,6,2025,winter,1,0.0,0.0,284701.14132768003,192008.50854912,0.0,0.0
2025-01-13,4676.651199215999,0.0,0.0,6.575,8.0,15932.0,73.75925925925925,0.73,93.78,334.0,2.56,,,-0.4383711467890778,0.8987940462991668,36.6328125,,3.84,111.41,1276.8387096774193,15932.0,0.0,1.0,0.0,0.0,0.0,0.0,0.0,bundang_cc,0,1,0,2025,winter,1,0.0,0.0,283364.15905152,232763.81027616,0.0,0.0
2025-01-14,4568.417645472,0.0,0.0,6.4425,8.0,15654.0,72.47222222222223,-1.43,44.29,334.0,2.58,,,-0.4383711467890778,0.8987940462991668,17.166666666666664,,3.87,111.41,1276.8387096774193,15654.0,0.0,1.0,0.0,0.0,0.0,0.0,0.0,bundang_cc,0,1,1,2025,winter,1,0.0,0.0,280599.07195296,277355.63406240003,0.0,0.0
2025-01-15,5023.57974624,0.0,0.0,7.23,8.0,17633.0,81.63425925925925,-5.58,50.76,335.0,2.71,,,-0.4226182617406992,0.90630778703665,18.730627306273064,,4.0649999999999995,111.41,1276.8387096774193,17633.0,0.0,1.0,0.0,0.0,0.0,0.0,0.0,bundang_cc,0,1,2,2025,winter,1,0.0,0.0,274105.05872832,284955.17306112,0.0,0.0
2025-01-16,5123.173962383999,0.0,0.0,6.8725000000000005,8.0,17369.0,80.41203703703704,-1.7,80.48,334.0,2.54,,,-0.4383711467890778,0.8987940462991668,31.68503937007874,,3.81,111.41,1276.8387096774193,17369.0,0.0,1.0,0.0,0.0,0.0,0.0,0.0,bundang_cc,0,1,3,2025,winter,1,0.0,0.0,301414.7847744,310681.76578848,0.0,0.0
2025-01-17,4747.852253376,0.0,0.0,6.3175,8.0,17676.0,81.83333333333334,-3.73,70.76,334.0,2.53,,,-0.4383711467890778,0.8987940462991668,27.96837944664032,,3.795,111.41,1276.8387096774193,17676.0,0.0,1.0,0.0,0.0,0.0,0.0,0.0,bundang_cc,0,1,4,2025,winter,1,0.0,0.0,307390.43774304,307271.85800256,0.0,0.0
2025-01-18,4891.663265615999,0.0,0.0,6.7425,8.0,16640.0,77.03703703703704,-3.03,63.9,334.0,2.57,,,-0.4383711467890778,0.8987940462991668,24.863813229571985,,3.854999999999999,111.41,1276.8387096774193,16640.0,0.0,1.0,0.0,0.0,0.0,0.0,0.0,bundang_cc,0,1,5,2025,winter,1,0.0,0.0,284871.13520256,284701.14132768003,0.0,0.0
2025-01-19,3682.320894288,0.0,0.0,5.766249999999999,8.0,12898.0,59.71296296296297,0.56,89.98,334.0,2.53,,,-0.4383711467890778,0.8987940462991668,35.56521739130435,,3.795,111.41,1276.8387096774193,12898.0,0.0,1.0,0.0,0.0,0.0,0.0,0.0,bundang_cc,0,1,6,2025,winter,1,0.0,0.0,293499.79593695997,283364.15905152,0.0,0.0
2025-01-20,4549.433758704,0.0,0.0,7.1025,8.0,14486.0,67.06481481481481,-1.71,88.31,334.0,2.52,,,-0.4383711467890778,0.8987940462991668,35.04365079365079,,3.78,111.41,1276.8387096774193,14486.0,0.0,1.0,0.0,0.0,0.0,0.0,0.0,bundang_cc,0,1,0,2025,winter,1,0.0,0.0,220939.25365728,280599.07195296,0.0,0.0
2025-01-21,4150.9239001920005,0.0,0.0,6.8325,8.0,14322.0,66.30555555555556,-0.89,88.94,334.0,2.55,,,-0.4383711467890778,0.8987940462991668,34.878431372549024,,3.825,111.41,1276.8387096774193,14322.0,0.0,1.0,0.0,0.0,0.0,0.0,0.0,bundang_cc,0,1,1,2025,winter,1,0.0,0.0,272966.02552224,274105.05872832,0.0,0.0
2025-01-22,3712.033532304,0.0,0.0,5.945,8.0,12739.0,58.976851851851855,-2.07,76.49,334.0,2.55,,,-0.4383711467890778,0.8987940462991668,29.99607843137255,,3.825,111.41,1276.8387096774193,12739.0,0.0,1.0,0.0,0.0,0.0,0.0,0.0,bundang_cc,0,1,2,2025,winter,1,0.0,0.0,249055.43401152003,301414.7847744,0.0,0.0
2025-01-23,4200.450414624001,0.0,0.0,6.40125,8.0,12978.0,60.083333333333336,-2.62,63.03,333.99,2.55,,,-0.4385280092655586,0.8987175224115673,24.71764705882353,,3.825,111.41,1276.8387096774193,12978.0,0.0,1.0,0.0,0.0,0.0,0.0,0.0,bundang_cc,0,1,3,2025,winter,1,0.0,0.0,222722.01193824,307390.43774304,0.0,0.0
2025-01-24,3786.55922448,0.0,0.0,5.4712499999999995,8.0,12815.0,59.3287037037037,-0.83,57.67,334.01,2.56,,,-0.4382142709590474,0.8988705428079343,22.52734375,,3.84,111.41,1276.8387096774193,12815.0,0.0,1.0,0.0,0.0,0.0,0.0,0.0,bundang_cc,0,1,4,2025,winter,1,0.0,0.0,252027.02487744,284871.13520256,0.0,0.0
2025-01-25,3246.955375248,0.0,0.0,4.7975,8.0,12747.0,59.013888888888886,2.87,53.72,334.0,2.53,,,-0.4383711467890778,0.8987940462991668,21.233201581027668,,3.795,111.41,1276.8387096774193,12747.0,0.0,1.0,0.0,0.0,0.0,0.0,0.0,bundang_cc,0,1,5,2025,winter,1,0.0,0.0,227193.5534688,293499.79593695997,0.0,0.0
2025-01-26,2640.6301312799997,0.0,0.0,3.91,8.0,10361.0,47.967592592592595,4.28,60.04,334.0,2.53,,,-0.4383711467890778,0.8987940462991668,23.731225296442688,,3.795,111.41,1276.8387096774193,10361.0,0.0,1.0,0.0,0.0,0.0,0.0,0.0,bundang_cc,0,1,6,2025,winter,1,0.0,0.0,194817.32251488,220939.25365728,0.0,0.0
2025-01-27,3250.5800520959997,0.0,0.0,5.7925,8.0,12031.0,55.69907407407408,-2.67,84.5,334.0,2.58,,,-0.4383711467890778,0.8987940462991668,32.751937984496124,,3.87,111.41,1276.8387096774193,12031.0,0.0,1.0,0.0,0.0,0.0,0.0,0.0,bundang_cc,0,1,0,2025,winter,1,0.0,0.0,158437.80787679998,272966.02552224,0.0,0.0
2025-01-28,3281.0165876160004,0.0,0.0,4.68375,8.0,13376.0,61.92592592592593,-4.68,68.3,334.07,2.65,,,-0.4372727358219782,0.8993289467746285,25.77358490566038,,3.975,111.41,1276.8387096774193,13376.0,0.0,1.0,0.0,0.0,0.0,0.0,0.0,bundang_cc,0,1,1,2025,winter,1,0.0,0.0,195034.80312576,249055.43401152003,0.0,0.0
2025-01-29,3094.001549424,0.0,0.0,4.04875,8.0,13368.0,61.88888888888889,-6.08,60.97,336.0,2.81,,,-0.4067366430758001,0.9135454576426008,21.697508896797153,,4.215,111.41,1276.8387096774193,13368.0,0.0,1.0,0.0,0.0,0.0,0.0,0.0,bundang_cc,0,1,2,2025,winter,1,0.0,0.0,196860.99525696,222722.01193824,0.0,0.0
2025-01-30,3097.776455856,0.0,0.0,4.0112499999999995,8.0,13473.0,62.375,-2.7,56.97,333.0,2.45,,,-0.4539904997395469,0.8910065241883678,23.253061224489795,,3.675,111.41,1276.8387096774193,13473.0,0.0,1.0,0.0,0.0,0.0,0.0,0.0,bundang_cc,0,1,3,2025,winter,1,0.0,0.0,185640.09296544,252027.02487744,0.0,0.0
2025-01-31,3492.7270015679997,0.0,0.0,5.535,8.0,15038.0,69.62037037037037,0.0,94.13,331.0,2.22,,,-0.4848096202463369,0.8746197071393959,42.40090090090089,,3.33,111.41,1276.8387096774193,15038.0,0.0,1.0,0.0,0.0,0.0,0.0,0.0,bundang_cc,0,1,4,2025,winter,1,0.0,0.0,185866.58735136,227193.5534688,0.0,0.0
2025-02-01,4032.62999856,0.0,0.0,6.725,8.0,15766.0,72.99074074074075,-1.8,92.72,334.0,2.54,,,-0.4383711467890778,0.8987940462991668,36.503937007874015,,3.81,31.335,2701.6428571428573,15766.0,0.0,1.0,0.0,0.0,0.0,0.0,0.0,bundang_cc,0,2,5,2025,winter,1,0.0,0.0,209563.62009408,194817.32251488,0.0,0.0
2025-02-02,4494.50172,0.0,0.0,7.470000000000001,8.0,15687.0,72.625,0.9,77.1,334.0,2.54,,,-0.4383711467890778,0.8987940462991668,30.354330708661415,,3.81,31.335,2701.6428571428573,15687.0,0.0,1.0,0.0,0.0,0.0,0.0,0.0,bundang_cc,0,2,6,2025,winter,1,0.0,0.0,241957.7999136,158437.80787679998,0.0,0.0
2025-02-03,4731.608388096,0.0,0.0,6.53125,8.0,15820.0,73.24074074074073,-7.88,49.09,332.06,2.35,,,-0.4685466849812418,0.8834387381098301,20.889361702127665,,3.5250000000000004,31.335,2701.6428571428573,15820.0,0.0,1.0,0.0,0.0,0.0,0.0,0.0,bundang_cc,0,2,0,2025,winter,1,0.0,0.0,269670.1032,195034.80312576,0.0,0.0
2025-02-04,5045.498704512001,0.0,0.0,6.8412500000000005,8.0,18247.0,84.47685185185185,-9.81,54.28,332.54,2.42,,,-0.4611292503784111,0.8873329783375825,22.429752066115704,,3.63,31.335,2701.6428571428573,18247.0,0.0,1.0,0.0,0.0,0.0,0.0,0.0,bundang_cc,0,2,1,2025,winter,1,0.0,0.0,283896.50328576,196860.99525696,0.0,0.0
2025-02-05,5486.726729376,0.0,0.0,7.435,8.0,20736.0,96.0,-9.72,44.92,332.22,2.37,,,-0.4660778349219024,0.8847437209692488,18.953586497890296,,3.555,31.335,2701.6428571428573,20736.0,0.0,1.0,0.0,0.0,0.0,0.0,0.0,bundang_cc,0,2,2,2025,winter,1,0.0,0.0,302729.92227072,185640.09296544,0.0,0.0
2025-02-06,4912.106468688,0.0,0.0,6.53875,8.0,18797.0,87.02314814814814,-5.86,77.05,334.0,2.57,,,-0.4383711467890778,0.8987940462991668,29.980544747081712,,3.854999999999999,31.335,2701.6428571428573,18797.0,0.0,1.0,0.0,0.0,0.0,0.0,0.0,bundang_cc,0,2,3,2025,winter,1,0.0,0.0,329203.60376256,185866.58735136,0.0,0.0
2025-02-07,5104.285436016,0.0,0.0,7.27125,8.0,18179.0,84.16203703703704,-11.01,56.09,332.54,2.37,,,-0.4611292503784111,0.8873329783375825,23.666666666666668,,3.555,31.335,2701.6428571428573,18179.0,0.0,1.0,0.0,0.0,0.0,0.0,0.0,bundang_cc,0,2,4,2025,winter,1,0.0,0.0,294726.38812128,209563.62009408,0.0,0.0
2025-02-08,4826.08347336,0.0,0.0,6.74,8.0,19220.0,88.98148148148148,-9.01,65.74,332.28,2.35,,,-0.4651510780774586,0.885231311332455,27.97446808510638,,3.5250000000000004,31.335,2701.6428571428573,19220.0,0.0,1.0,0.0,0.0,0.0,0.0,0.0,bundang_cc,0,2,5,2025,winter,1,0.0,0.0,306257.12616096,241957.7999136,0.0,0.0
2025-02-09,4826.18222064,0.0,0.0,6.92625,8.0,18987.0,87.90277777777777,-5.72,74.05,335.0,2.64,,,-0.4226182617406992,0.90630778703665,28.049242424242426,,3.96,31.335,2701.6428571428573,18987.0,0.0,1.0,0.0,0.0,0.0,0.0,0.0,bundang_cc,0,2,6,2025,winter,1,0.0,0.0,289565.0084016,269670.1032,0.0,0.0
2025-02-10,4350.5577027360005,0.0,0.0,6.60875,8.0,17266.0,79.93518518518519,-5.53,78.51,334.0,2.6,,,-0.4383711467890778,0.8987940462991668,30.196153846153848,,3.9,31.335,2701.6428571428573,17266.0,0.0,1.0,0.0,0.0,0.0,0.0,0.0,bundang_cc,0,2,0,2025,winter,1,0.0,0.0,289570.93323840003,283896.50328576,0.0,0.0
2025-02-11,4263.628507343999,0.0,0.0,6.8525,8.0,15826.0,73.26851851851852,-1.66,65.63,334.0,2.55,,,-0.4383711467890778,0.8987940462991668,25.737254901960785,,3.825,31.335,2701.6428571428573,15826.0,0.0,1.0,0.0,0.0,0.0,0.0,0.0,bundang_cc,0,2,1,2025,winter,1,0.0,0.0,261033.46216416,302729.92227072,0.0,0.0
2025-02-12,4619.827182672,0.0,0.0,7.625,8.0,16088.0,74.48148148148148,-2.62,51.37,334.0,2.56,,,-0.4383711467890778,0.8987940462991668,20.06640625,,3.84,31.335,2701.6428571428573,16088.0,0.0,1.0,0.0,0.0,0.0,0.0,0.0,bundang_cc,0,2,2,2025,winter,1,0.0,0.0,255817.71044064,329203.60376256,0.0,0.0
2025-02-13,4408.586407152,0.0,0.0,6.28125,8.0,15805.0,73.17129629629629,-1.53,77.99,334.0,2.6,,,-0.4383711467890778,0.8987940462991668,29.99615384615384,,3.9,31.335,2701.6428571428573,15805.0,0.0,1.0,0.0,0.0,0.0,0.0,0.0,bundang_cc,0,2,3,2025,winter,1,0.0,0.0,277189.63096032,294726.38812128,0.0,0.0
2025-02-14,4382.207696736,0.0,0.0,6.445,8.0,15475.0,71.64351851851852,-0.43,93.99,334.0,2.61,,,-0.4383711467890778,0.8987940462991668,36.01149425287356,,3.915,31.335,2701.6428571428573,15475.0,0.0,1.0,0.0,0.0,0.0,0.0,0.0,bundang_cc,0,2,4,2025,winter,1,0.0,0.0,264515.18442912,306257.12616096,0.0,0.0
2025-02-15,4723.365386303999,0.0,0.0,6.865,8.0,15432.0,71.44444444444444,0.28,92.68,334.0,2.6,,,-0.4383711467890778,0.8987940462991668,35.64615384615385,,3.9,31.335,2701.6428571428573,15432.0,0.0,1.0,0.0,0.0,0.0,0.0,0.0,bundang_cc,0,2,5,2025,winter,1,0.0,0.0,262932.46180416,289565.0084016,0.0,0.0
2025-02-16,3860.845655616,0.0,0.0,6.10375,8.0,13542.0,62.69444444444444,0.61,53.22,334.0,2.59,,,-0.4383711467890778,0.8987940462991668,20.54826254826255,,3.885,31.335,2701.6428571428573,13542.0,0.0,1.0,0.0,0.0,0.0,0.0,0.0,bundang_cc,0,2,6,2025,winter,1,0.0,0.0,283401.92317823996,289570.93323840003,0.0,0.0
2025-02-17,3499.107437376,0.0,0.0,5.1274999999999995,8.0,14951.0,69.2175925925926,-2.96,52.34,334.0,2.62,,,-0.4383711467890778,0.8987940462991668,19.977099236641223,,3.93,31.335,2701.6428571428573,14951.0,0.0,1.0,0.0,0.0,0.0,0.0,0.0,bundang_cc,0,2,0,2025,winter,1,0.0,0.0,231650.73933696,261033.46216416,0.0,0.0
2025-02-18,3322.509859152,0.0,0.0,4.86375,8.0,16017.0,74.15277777777777,-4.47,48.31,334.01,2.59,,,-0.4382142709590474,0.8988705428079343,18.652509652509657,,3.885,31.335,2701.6428571428573,16017.0,0.0,1.0,0.0,0.0,0.0,0.0,0.0,bundang_cc,0,2,1,2025,winter,1,0.0,0.0,209946.44624256,255817.71044064,0.0,0.0
2025-02-19,3649.5644312160002,0.0,0.0,5.5,8.0,17807.0,82.43981481481481,-4.54,43.2,334.01,2.6,,,-0.4382142709590474,0.8988705428079343,16.615384615384617,,3.9,31.335,2701.6428571428573,17807.0,0.0,1.0,0.0,0.0,0.0,0.0,0.0,bundang_cc,0,2,2,2025,winter,1,0.0,0.0,199350.59154912,277189.63096032,0.0,0.0
2025-02-20,3298.780267344,0.0,0.0,4.87625,8.0,16132.0,74.68518518518519,-4.36,45.46,334.01,2.58,,,-0.4382142709590474,0.8988705428079343,17.62015503875969,,3.87,31.335,2701.6428571428573,16132.0,0.0,1.0,0.0,0.0,0.0,0.0,0.0,bundang_cc,0,2,3,2025,winter,1,0.0,0.0,218973.86587296,264515.18442912,0.0,0.0
2025-02-21,3228.461632512,0.0,0.0,4.79125,8.0,15144.0,70.11111111111111,-2.93,39.45,334.01,2.6,,,-0.4382142709590474,0.8988705428079343,15.173076923076923,,3.9,31.335,2701.6428571428573,15144.0,0.0,1.0,0.0,0.0,0.0,0.0,0.0,bundang_cc,0,2,4,2025,winter,1,0.0,0.0,197926.81604064,262932.46180416,0.0,0.0
2025-02-22,3090.6179894879997,0.0,0.0,4.93625,8.0,16070.0,74.39814814814815,-3.98,40.3,334.0,2.61,,,-0.4383711467890778,0.8987940462991668,15.440613026819925,,3.915,31.335,2701.6428571428573,16070.0,0.0,1.0,0.0,0.0,0.0,0.0,0.0,bundang_cc,0,2,5,2025,winter,1,0.0,0.0,193707.69795072,283401.92317823996,0.0,0.0
2025-02-23,3104.787709584,0.0,0.0,4.97125,8.0,16149.0,74.76388888888889,-5.81,50.59,334.01,2.57,,,-0.4382142709590474,0.8988705428079343,19.684824902723737,,3.854999999999999,31.335,2701.6428571428573,16149.0,0.0,1.0,0.0,0.0,0.0,0.0,0.0,bundang_cc,0,2,6,2025,winter,1,0.0,0.0,185437.07936928,231650.73933696,0.0,0.0
2025-02-24,3126.249092304,0.0,0.0,5.16,8.0,15627.0,72.34722222222221,-3.22,76.61,334.01,2.6,,,-0.4382142709590474,0.8988705428079343,29.465384615384615,,3.9,31.335,2701.6428571428573,15627.0,0.0,1.0,0.0,0.0,0.0,0.0,0.0,bundang_cc,0,2,0,2025,winter,1,0.0,0.0,186287.26257504,209946.44624256,0.0,0.0
2025-02-25,3486.119035824,0.0,0.0,5.68125,8.0,14697.0,68.04166666666667,1.34,85.53,334.0,2.57,,,-0.4383711467890778,0.8987940462991668,33.280155642023345,,3.854999999999999,31.335,2701.6428571428573,14697.0,0.0,1.0,0.0,0.0,0.0,0.0,0.0,bundang_cc,0,2,1,2025,winter,1,0.0,0.0,187574.94553824,199350.59154912,0.0,0.0
2025-02-26,3497.441620464,0.0,0.0,5.56875,8.0,13623.0,63.06944444444444,-1.43,34.98,334.0,2.59,,,-0.4383711467890778,0.8987940462991668,13.505791505791503,,3.885,31.335,2701.6428571428573,13623.0,0.0,1.0,0.0,0.0,0.0,0.0,0.0,bundang_cc,0,2,2,2025,winter,1,0.0,0.0,209167.14214944,218973.86587296,0.0,0.0
2025-02-27,3606.2108712,0.0,0.0,5.71,8.0,12730.0,58.93518518518519,1.32,38.92,334.0,2.57,,,-0.4383711467890778,0.8987940462991668,15.143968871595332,,3.854999999999999,31.335,2701.6428571428573,12730.0,0.0,1.0,0.0,0.0,0.0,0.0,0.0,bundang_cc,0,2,3,2025,winter,1,0.0,0.0,209846.49722784,197926.81604064,0.0,0.0
2025-02-28,3111.4103005439997,0.0,0.0,6.215,8.0,11928.0,55.222222222222214,2.78,87.25,334.0,2.57,,,-0.4383711467890778,0.8987940462991668,33.949416342412455,,3.854999999999999,31.335,2701.6428571428573,11928.0,0.0,1.0,0.0,0.0,0.0,0.0,0.0,bundang_cc,0,2,4,2025,winter,1,0.0,0.0,216372.652272,193707.69795072,0.0,0.0
2025-03-01,2342.082733056,0.0,0.0,4.61375,8.0,7650.0,35.41666666666667,7.56,75.04,334.0,2.55,,,-0.4383711467890778,0.8987940462991668,29.42745098039216,,3.825,29.1475,1278.0967741935483,7650.0,0.0,1.0,0.0,0.0,0.0,0.0,0.0,bundang_cc,0,3,5,2025,spring,1,0.0,0.0,186684.61803264,185437.07936928,0.0,0.0
2025-03-02,2331.22205088,0.0,0.0,4.2175,8.0,7703.0,35.66203703703704,1.51,94.97,334.0,2.62,,,-0.4383711467890778,0.8987940462991668,36.24809160305343,,3.93,29.1475,1278.0967741935483,7703.0,0.0,1.0,0.0,0.0,0.0,0.0,0.0,bundang_cc,0,3,6,2025,spring,1,0.0,0.0,140524.96398336,186287.26257504,0.0,0.0
2025-03-03,2094.169699584,0.0,0.0,5.11625,8.0,8152.0,37.74074074074074,1.82,47.35,334.0,2.6,,,-0.4383711467890778,0.8987940462991668,18.21153846153846,,3.9,29.1475,1278.0967741935483,8152.0,0.0,1.0,0.0,0.0,0.0,0.0,0.0,bundang_cc,0,3,0,2025,spring,1,0.0,0.0,139873.3230528,187574.94553824,0.0,0.0
2025-03-04,2358.4782359520004,0.0,0.0,4.0525,8.0,9664.0,44.74074074074074,2.16,72.92,334.0,2.6,,,-0.4383711467890778,0.8987940462991668,28.04615384615385,,3.9,29.1475,1278.0967741935483,9664.0,0.0,1.0,0.0,0.0,0.0,0.0,0.0,bundang_cc,0,3,1,2025,spring,1,0.0,0.0,125650.18197504,209167.14214944,0.0,0.0
2025-03-05,2292.166814112,0.0,0.0,3.69875,8.0,10660.0,49.351851851851855,2.31,76.92,334.0,2.59,,,-0.4383711467890778,0.8987940462991668,29.6988416988417,,3.885,29.1475,1278.0967741935483,10660.0,0.0,1.0,0.0,0.0,0.0,0.0,0.0,bundang_cc,0,3,2,2025,spring,1,0.0,0.0,141508.69415712002,209846.49722784,0.0,0.0
2025-03-06,2373.329920896,0.0,0.0,4.00625,8.0,10569.0,48.93055555555556,0.34,65.78,334.0,2.59,,,-0.4383711467890778,0.8987940462991668,25.3976833976834,,3.885,29.1475,1278.0967741935483,10569.0,0.0,1.0,0.0,0.0,0.0,0.0,0.0,bundang_cc,0,3,3,2025,spring,1,0.0,0.0,137530.00884671998,216372.652272,0.0,0.0
2025-03-07,2527.603316352,0.0,0.0,4.83125,8.0,10481.0,48.523148148148145,3.59,52.87,334.0,2.58,,,-0.4383711467890778,0.8987940462991668,20.492248062015506,,3.87,29.1475,1278.0967741935483,10481.0,0.0,1.0,0.0,0.0,0.0,0.0,0.0,bundang_cc,0,3,4,2025,spring,1,0.0,0.0,142399.79525376,186684.61803264,0.0,0.0
2025-03-08,2517.0169740479996,0.0,0.0,4.78125,8.0,10280.0,47.592592592592595,1.0,84.04,334.0,2.58,,,-0.4383711467890778,0.8987940462991668,32.57364341085272,,3.87,29.1475,1278.0967741935483,10280.0,0.0,1.0,0.0,0.0,0.0,0.0,0.0,bundang_cc,0,3,5,2025,spring,1,0.0,0.0,151656.19898112002,140524.96398336,0.0,0.0
2025-03-09,1967.8231481760001,0.0,0.0,3.57875,8.0,7806.0,36.138888888888886,2.44,83.07,334.0,2.57,,,-0.4383711467890778,0.8987940462991668,32.32295719844358,,3.854999999999999,29.1475,1278.0967741935483,7806.0,0.0,1.0,0.0,0.0,0.0,0.0,0.0,bundang_cc,0,3,6,2025,spring,1,0.0,0.0,151021.01844287998,139873.3230528,0.0,0.0
2025-03-10,2618.2268193600003,0.0,0.0,5.15875,8.0,9305.0,43.0787037037037,2.49,75.34,334.0,2.58,,,-0.4383711467890778,0.8987940462991668,29.2015503875969,,3.87,29.1475,1278.0967741935483,9305.0,0.0,1.0,0.0,0.0,0.0,0.0,0.0,bundang_cc,0,3,0,2025,spring,1,0.0,0.0,118069.38889056,125650.18197504,0.0,0.0
2025-03-11,2189.197793232,0.0,0.0,4.2025,8.0,7458.0,34.52777777777778,5.43,73.51,334.0,2.55,,,-0.4383711467890778,0.8987940462991668,28.82745098039216,,3.825,29.1475,1278.0967741935483,7458.0,0.0,1.0,0.0,0.0,0.0,0.0,0.0,bundang_cc,0,3,1,2025,spring,1,0.0,0.0,157093.6091616,141508.69415712002,0.0,0.0
2025-03-12,2172.469240512,0.0,0.0,3.8175,8.0,7508.0,34.75925925925926,5.05,94.54,334.0,2.56,,,-0.4383711467890778,0.8987940462991668,36.9296875,,3.84,29.1475,1278.0967741935483,7508.0,0.0,1.0,0.0,0.0,0.0,0.0,0.0,bundang_cc,0,3,2,2025,spring,1,0.0,0.0,131351.86759392,137530.00884671998,0.0,0.0
2025-03-13,2148.373983744,0.0,0.0,3.68125,8.0,7402.0,34.26851851851852,6.42,46.33,334.0,2.55,,,-0.4383711467890778,0.8987940462991668,18.16862745098039,,3.825,29.1475,1278.0967741935483,7402.0,0.0,1.0,0.0,0.0,0.0,0.0,0.0,bundang_cc,0,3,3,2025,spring,1,0.0,0.0,130348.15443072,142399.79525376,0.0,0.0
2025-03-14,1.4245859520000002,0.0,0.0,0.765,8.0,0.0,0.0,9.93,39.42,334.0,2.53,,,-0.4383711467890778,0.8987940462991668,15.581027667984191,,3.795,29.1475,1278.0967741935483,0.0,0.0,1.0,0.0,0.0,0.0,0.0,0.0,bundang_cc,0,3,4,2025,spring,1,0.0,0.0,128902.43902464,151656.19898112002,0.0,0.0
2025-03-15,61.913011968,0.0,0.0,1.34375,8.0,258.0,1.1944444444444444,9.05,48.15,334.0,2.53,,,-0.4383711467890778,0.8987940462991668,19.031620553359684,,3.795,29.1475,1278.0967741935483,258.0,0.0,1.0,0.0,0.0,0.0,0.0,0.0,bundang_cc,0,3,5,2025,spring,1,0.0,0.0,85.47515712,151021.01844287998,0.0,0.0
2025-03-16,1043.48320344,0.0,0.0,2.7150000000000003,8.0,4396.0,20.35185185185185,1.33,42.36,334.0,2.59,,,-0.4383711467890778,0.8987940462991668,16.355212355212355,,3.885,29.1475,1278.0967741935483,4396.0,0.0,1.0,0.0,0.0,0.0,0.0,0.0,bundang_cc,0,3,6,2025,spring,1,0.0,0.0,3714.78071808,118069.38889056,0.0,0.0
2025-03-17,2554.469442576,0.0,0.0,4.3237499999999995,8.0,9958.0,46.10185185185185,2.13,61.52,334.0,2.57,,,-0.4383711467890778,0.8987940462991668,23.93774319066148,,3.854999999999999,29.1475,1278.0967741935483,9958.0,0.0,1.0,0.0,0.0,0.0,0.0,0.0,bundang_cc,0,3,0,2025,spring,1,0.0,0.0,62608.9922064,157093.6091616,0.0,0.0
2025-03-18,2698.886473344,0.0,0.0,6.41625,8.0,11932.0,55.24074074074075,-0.01,61.79,334.0,2.58,,,-0.4383711467890778,0.8987940462991668,23.949612403100772,,3.87,29.1475,1278.0967741935483,11932.0,0.0,1.0,0.0,0.0,0.0,0.0,0.0,bundang_cc,0,3,1,2025,spring,1,0.0,0.0,153268.16655455998,131351.86759392,0.0,0.0
2025-03-19,2647.3893376319998,0.0,0.0,4.605,8.0,10617.0,49.15277777777778,7.68,24.35,334.0,2.56,,,-0.4383711467890778,0.8987940462991668,9.51171875,,3.84,29.1475,1278.0967741935483,10617.0,0.0,1.0,0.0,0.0,0.0,0.0,0.0,bundang_cc,0,3,2,2025,spring,1,0.0,0.0,161933.18840064,130348.15443072,0.0,0.0
2025-03-20,,,,,,6269.0,29.02314814814815,,,,,,,,,,,,29.1475,1278.0967741935483,6269.0,0.0,1.0,0.0,0.0,0.0,0.0,0.0,bundang_cc,0,3,3,2025,spring,1,0.0,0.0,158843.36025792,128902.43902464,0.0,0.0
2025-03-21,,,,,,4953.0,22.930555555555557,,,,,,,,,,,,29.1475,1278.0967741935483,4953.0,0.0,1.0,0.0,0.0,0.0,0.0,0.0,bundang_cc,0,3,4,2025,spring,1,,0.0,,85.47515712,,0.0
2025-03-22,1354.089288672,0.0,0.0,3.2075,8.0,5242.0,24.26851851851852,8.29,66.2,334.01,2.54,,,-0.4382142709590474,0.8988705428079343,26.062992125984252,,3.81,29.1475,1278.0967741935483,5242.0,0.0,1.0,0.0,0.0,0.0,0.0,0.0,bundang_cc,0,3,5,2025,spring,1,,0.0,,3714.78071808,,0.0
2025-03-23,1360.6450356960001,0.0,0.0,3.2825,8.0,5491.0,25.421296296296298,12.27,50.08,333.51,2.53,,,-0.4460416108026285,0.8950122241805396,19.794466403162055,,3.795,29.1475,1278.0967741935483,5491.0,0.0,1.0,0.0,0.0,0.0,0.0,0.0,bundang_cc,0,3,6,2025,spring,1,0.0,0.0,81245.35732032,62608.9922064,0.0,0.0
2025-03-24,1948.8163708799998,0.0,0.0,5.81375,8.0,7074.0,32.75,11.32,82.02,333.57,2.51,,,-0.4451041117948202,0.8954788270324119,32.67729083665339,,3.765,29.1475,1278.0967741935483,7074.0,0.0,1.0,0.0,0.0,0.0,0.0,0.0,bundang_cc,0,3,0,2025,spring,1,0.0,0.0,81638.70214176,153268.16655455998,0.0,0.0
2025-03-25,1729.2164529600002,0.0,0.0,5.220000000000001,8.0,7145.0,33.0787037037037,8.09,66.57,334.0,2.54,,,-0.4383711467890778,0.8987940462991668,26.20866141732283,,3.81,29.1475,1278.0967741935483,7145.0,0.0,1.0,0.0,0.0,0.0,0.0,0.0,bundang_cc,0,3,1,2025,spring,1,0.0,0.0,116928.9822528,161933.18840064,0.0,0.0
2025-03-26,1965.547258992,0.0,0.0,6.17,8.0,7760.0,35.92592592592593,15.66,45.97,333.01,2.49,,,-0.4538349828506274,0.8910857469070924,18.46184738955823,,3.735,29.1475,1278.0967741935483,7760.0,0.0,1.0,0.0,0.0,0.0,0.0,0.0,bundang_cc,0,3,2,2025,spring,1,0.0,0.0,103752.9871776,158843.36025792,0.0,0.0
2025-03-27,1283.6496780000002,0.0,0.0,2.0337500000000004,8.0,5010.0,23.194444444444446,8.01,69.53,334.0,2.54,,,-0.4383711467890778,0.8987940462991668,27.374015748031496,,3.81,29.1475,1278.0967741935483,5010.0,0.0,1.0,0.0,0.0,0.0,0.0,0.0,bundang_cc,0,3,3,2025,spring,1,0.0,,117932.83553952,,0.0,
2025-03-28,1693.1563164,0.0,0.0,2.6675,8.0,6785.0,31.41203703703704,3.37,36.92,334.0,2.56,,,-0.4383711467890778,0.8987940462991668,14.421875,,3.84,29.1475,1278.0967741935483,6785.0,0.0,1.0,0.0,0.0,0.0,0.0,0.0,bundang_cc,0,3,4,2025,spring,1,0.0,,77018.98068000001,,0.0,
2025-03-29,1385.2069796160001,0.0,0.0,2.1825,8.0,5464.0,25.296296296296298,0.4,36.88,334.0,2.58,,,-0.4383711467890778,0.8987940462991668,14.294573643410851,,3.87,29.1475,1278.0967741935483,5464.0,0.0,1.0,0.0,0.0,0.0,0.0,0.0,bundang_cc,0,3,5,2025,spring,1,0.0,0.0,101589.378984,81245.35732032,0.0,0.0
2025-03-30,1395.7788824640002,0.0,0.0,2.1012500000000003,8.0,5370.0,24.86111111111111,6.3,31.24,334.0,2.61,,,-0.4383711467890778,0.8987940462991668,11.969348659003831,,3.915,29.1475,1278.0967741935483,5370.0,0.0,1.0,0.0,0.0,0.0,0.0,0.0,bundang_cc,0,3,6,2025,spring,1,0.0,0.0,83112.41877696001,81638.70214176,0.0,0.0
2025-03-31,,,,,,7938.0,36.75,,,,,,,,,,,,29.1475,1278.0967741935483,7938.0,0.0,1.0,0.0,0.0,0.0,0.0,0.0,bundang_cc,0,3,0,2025,spring,1,0.0,0.0,83746.73294784,116928.9822528,0.0,0.0
2025-04-01,,,,,,6740.0,31.203703703703702,,,,,,,,,,,,28.675,1194.1666666666667,6740.0,0.0,1.0,0.0,0.0,0.0,0.0,0.0,bundang_cc,0,4,1,2025,spring,0,,0.0,,103752.9871776,,0.0
2025-04-02,,,,,,7054.0,32.657407407407405,,,,,,,,,,,,28.675,1194.1666666666667,7054.0,0.0,1.0,0.0,0.0,0.0,0.0,0.0,bundang_cc,0,4,2,2025,spring,0,,0.0,,117932.83553952,,0.0
2025-04-03,,,,,,9625.0,44.56018518518518,,,,,,,,,,,,28.675,1194.1666666666667,9625.0,0.0,1.0,0.0,0.0,0.0,0.0,0.0,bundang_cc,0,4,3,2025,spring,0,,0.0,,77018.98068000001,,0.0
2025-04-04,,,,,,7311.0,33.84722222222222,,,,,,,,,,,,28.675,1194.1666666666667,7311.0,0.0,1.0,0.0,0.0,0.0,0.0,0.0,bundang_cc,0,4,4,2025,spring,0,,0.0,,101589.378984,,0.0
2025-04-05,1342.2413020320002,0.0,0.0,2.3825000000000003,8.0,5102.0,23.62037037037037,7.71,100.0,331.0,2.23,,,-0.4848096202463369,0.8746197071393959,44.84304932735426,,3.345,28.675,1194.1666666666667,5102.0,0.0,1.0,0.0,0.0,0.0,0.0,0.0,bundang_cc,0,4,5,2025,spring,0,,0.0,,83112.41877696001,,0.0
2025-04-06,,,,,,5056.0,23.40740740740741,,,,,,,,,,,,28.675,1194.1666666666667,5056.0,0.0,1.0,0.0,0.0,0.0,0.0,0.0,bundang_cc,0,4,6,2025,spring,0,0.0,0.0,80534.47812192001,83746.73294784,0.0,0.0
2025-04-07,,,,,,7054.0,32.657407407407405,,,,,,,,,,,,28.675,1194.1666666666667,7054.0,0.0,1.0,0.0,0.0,0.0,0.0,0.0,bundang_cc,0,4,0,2025,spring,0,,,,,,
2025-04-08,2962.425304368,0.0,0.0,6.28875,8.0,12382.0,57.32407407407407,8.54,58.1,331.01,2.23,,,-0.484656962927115,0.8747043090589328,26.053811659192824,,3.345,28.675,1194.1666666666667,12382.0,0.0,1.0,0.0,0.0,0.0,0.0,0.0,bundang_cc,0,4,1,2025,spring,0,,,,,,
2025-04-09,2715.0948305280003,0.0,0.0,6.285,8.0,11339.0,52.495370370370374,11.43,56.94,331.0,2.21,,,-0.4848096202463369,0.8746197071393959,25.764705882352946,,3.315,28.675,1194.1666666666667,11339.0,0.0,1.0,0.0,0.0,0.0,0.0,0.0,bundang_cc,0,4,2,2025,spring,0,0.0,,177745.51826208,,0.0,
2025-04-10,2265.8382053279997,0.0,0.0,5.0225,8.0,7692.0,35.61111111111111,8.71,73.75,331.01,2.24,,,-0.484656962927115,0.8747043090589328,32.92410714285714,,3.3600000000000003,28.675,1194.1666666666667,7692.0,0.0,1.0,0.0,0.0,0.0,0.0,0.0,bundang_cc,0,4,3,2025,spring,0,0.0,,162905.68983168,,0.0,
2025-04-11,1989.81200376,0.0,0.0,4.60125,8.0,7488.0,34.66666666666667,11.92,61.98,331.0,2.19,,,-0.4848096202463369,0.8746197071393959,28.301369863013697,,3.285,28.675,1194.1666666666667,7488.0,0.0,1.0,0.0,0.0,0.0,0.0,0.0,bundang_cc,0,4,4,2025,spring,0,0.0,,135950.29231967998,,0.0,
2025-04-12,1970.058827664,0.0,0.0,3.35,8.0,7509.0,34.763888888888886,2.4,97.54,331.0,2.3,,,-0.4848096202463369,0.8746197071393959,42.40869565217392,,3.4499999999999997,28.675,1194.1666666666667,7509.0,0.0,1.0,0.0,0.0,0.0,0.0,0.0,bundang_cc,0,4,5,2025,spring,0,0.0,0.0,119388.7202256,80534.47812192001,0.0,0.0
2025-04-13,2137.259967552,0.0,0.0,3.78875,8.0,7510.0,34.76851851851852,5.2,65.26,331.0,2.27,,,-0.4848096202463369,0.8746197071393959,28.7488986784141,,3.405,28.675,1194.1666666666667,7510.0,0.0,1.0,0.0,0.0,0.0,0.0,0.0,bundang_cc,0,4,6,2025,spring,0,0.0,,118203.52965984,,0.0,
2025-04-14,3114.293286384,0.0,0.0,6.8875,8.0,11066.0,51.23148148148148,2.69,100.0,331.01,2.28,,,-0.484656962927115,0.8747043090589328,43.85964912280702,,3.42,28.675,1194.1666666666667,11066.0,0.0,1.0,0.0,0.0,0.0,0.0,0.0,bundang_cc,0,4,0,2025,spring,0,0.0,,128235.59805312,,0.0,
2025-04-15,2702.703093408,0.0,0.0,4.17125,8.0,10297.0,47.6712962962963,5.34,91.67,331.01,2.26,,,-0.484656962927115,0.8747043090589328,40.561946902654874,,3.3899999999999997,28.675,1194.1666666666667,10297.0,0.0,1.0,0.0,0.0,0.0,0.0,0.0,bundang_cc,0,4,1,2025,spring,0,0.0,0.0,186857.59718304,177745.51826208,0.0,0.0
2025-04-16,2296.2869180639996,0.0,0.0,5.53125,8.0,9018.0,41.75,14.8,50.75,331.0,2.22,,,-0.4848096202463369,0.8746197071393959,22.860360360360357,,3.33,28.675,1194.1666666666667,9018.0,0.0,1.0,0.0,0.0,0.0,0.0,0.0,bundang_cc,0,4,2,2025,spring,0,0.0,0.0,162162.18560447998,162905.68983168,0.0,0.0
2025-04-17,1203.4192330080002,0.0,0.0,3.58875,8.0,5928.0,27.444444444444443,16.34,74.87,331.01,2.2,,,-0.484656962927115,0.8747043090589328,34.03181818181818,,3.3000000000000003,28.675,1194.1666666666667,5928.0,0.0,1.0,0.0,0.0,0.0,0.0,0.0,bundang_cc,0,4,3,2025,spring,0,0.0,0.0,137777.21508383998,135950.29231967998,0.0,0.0
2025-04-18,1410.914948544,0.0,0.0,4.315,8.0,6961.0,32.22685185185185,15.05,81.66,331.0,2.21,,,-0.4848096202463369,0.8746197071393959,36.95022624434389,,3.315,28.675,1194.1666666666667,6961.0,0.0,1.0,0.0,0.0,0.0,0.0,0.0,bundang_cc,0,4,4,2025,spring,0,0.0,0.0,72205.15398048001,119388.7202256,0.0,0.0
2025-04-19,1173.4158808799998,0.0,0.0,3.88375,8.0,4949.0,22.91203703703704,12.66,100.0,330.01,2.12,,,-0.4998488424383128,0.8661126570562738,47.16981132075472,,3.18,28.675,1194.1666666666667,4949.0,0.0,1.0,0.0,0.0,0.0,0.0,0.0,bundang_cc,0,4,5,2025,spring,0,0.0,0.0,84654.89691264,118203.52965984,0.0,0.0
2025-04-20,1207.355748192,0.0,0.0,4.17375,8.0,4951.0,22.921296296296298,13.96,81.37,330.0,2.14,,,-0.5000000000000004,0.8660254037844384,38.02336448598131,,3.21,28.675,1194.1666666666667,4951.0,0.0,1.0,0.0,0.0,0.0,0.0,0.0,bundang_cc,0,4,6,2025,spring,0,0.0,0.0,70404.9528528,128235.59805312,0.0,0.0
2025-04-21,1186.702764912,0.0,0.0,7.9575,8.0,5653.0,26.171296296296298,18.48,85.03,330.07,2.16,,,-0.498941577477783,0.8666356225450126,39.36574074074074,,3.24,28.675,1194.1666666666667,5653.0,0.0,1.0,0.0,0.0,0.0,0.0,0.0,bundang_cc,0,4,0,2025,spring,0,0.0,0.0,72441.34489152,186857.59718304,0.0,0.0
2025-04-22,1278.560940336,0.0,0.0,12.52375,8.0,4922.0,22.787037037037035,15.11,100.0,330.01,2.16,,,-0.4998488424383128,0.8661126570562738,46.29629629629629,,3.24,28.675,1194.1666666666667,4922.0,0.0,1.0,0.0,0.0,0.0,0.0,0.0,bundang_cc,0,4,1,2025,spring,0,0.0,0.0,71202.16589472,162162.18560447998,0.0,0.0
2025-04-23,1327.2290719199998,0.0,0.0,4.99125,8.0,4982.0,23.064814814814817,11.54,85.33,330.01,2.18,,,-0.4998488424383128,0.8661126570562738,39.142201834862384,,3.2700000000000005,28.675,1194.1666666666667,4982.0,0.0,1.0,0.0,0.0,0.0,0.0,0.0,bundang_cc,0,4,2,2025,spring,0,0.0,0.0,76713.65642016,137777.21508383998,0.0,0.0
2025-04-24,1283.005168416,0.0,0.0,3.7425,8.0,5053.0,23.39351851851852,18.0,46.51,330.01,2.18,,,-0.4998488424383128,0.8661126570562738,21.3348623853211,,3.2700000000000005,28.675,1194.1666666666667,5053.0,0.0,1.0,0.0,0.0,0.0,0.0,0.0,bundang_cc,0,4,3,2025,spring,0,0.0,0.0,79633.74431519999,72205.15398048001,0.0,0.0
2025-04-25,,,,,,5051.0,23.38425925925926,,,,,,,,,,,,28.675,1194.1666666666667,5051.0,0.0,1.0,0.0,0.0,0.0,0.0,0.0,bundang_cc,0,4,4,2025,spring,0,0.0,0.0,76980.31010496001,84654.89691264,0.0,0.0
2025-04-26,,,,,,5036.0,23.314814814814817,,,,,,,,,,,,28.675,1194.1666666666667,5036.0,0.0,1.0,0.0,0.0,0.0,0.0,0.0,bundang_cc,0,4,5,2025,spring,0,,0.0,,70404.9528528,,0.0
2025-04-27,,,,,,5037.0,23.319444444444446,,,,,,,,,,,,28.675,1194.1666666666667,5037.0,0.0,1.0,0.0,0.0,0.0,0.0,0.0,bundang_cc,0,4,6,2025,spring,0,,0.0,,72441.34489152,,0.0
2025-04-28,,,,,,5492.0,25.425925925925924,,,,,,,,,,,,28.675,1194.1666666666667,5492.0,0.0,1.0,0.0,0.0,0.0,0.0,0.0,bundang_cc,0,4,0,2025,spring,0,,0.0,,71202.16589472,,0.0
2025-04-29,,,,,,6030.0,27.916666666666668,,,,,,,,,,,,28.675,1194.1666666666667,6030.0,0.0,1.0,0.0,0.0,0.0,0.0,0.0,bundang_cc,0,4,1,2025,spring,0,,0.0,,76713.65642016,,0.0
2025-04-30,,,,,,4941.0,22.875,,,,,,,,,,,,28.675,1194.1666666666667,4941.0,0.0,1.0,0.0,0.0,0.0,0.0,0.0,bundang_cc,0,4,2,2025,spring,0,,0.0,,79633.74431519999,,0.0
2025-05-01,,,,,,5439.0,25.180555555555557,,,,,,,,,,,,23.8425,980.1290322580644,5439.0,0.0,1.0,0.0,0.0,0.0,0.0,0.0,bundang_cc,0,5,3,2025,spring,0,,0.0,,76980.31010496001,,0.0
2025-05-02,,,,,,6676.0,30.907407407407405,,,,,,,,,,,,23.8425,980.1290322580644,6676.0,0.0,1.0,0.0,0.0,0.0,0.0,0.0,bundang_cc,0,5,4,2025,spring,0,,,,,,
2025-05-03,,,,,,5064.0,23.444444444444446,,,,,,,,,,,,23.8425,980.1290322580644,5064.0,0.0,1.0,0.0,0.0,0.0,0.0,0.0,bundang_cc,0,5,5,2025,spring,0,,,,,,
2025-05-04,1501.656660432,0.0,0.0,2.1799999999999997,8.0,4954.0,22.935185185185187,8.55,80.95,330.35,2.18,,,-0.4947004558762778,0.8690635528865556,37.13302752293578,,3.2700000000000005,23.8425,980.1290322580644,4954.0,0.0,1.0,0.0,0.0,0.0,0.0,0.0,bundang_cc,0,5,6,2025,spring,0,,,,,,
2025-05-05,1443.9726953279999,0.0,0.0,9.125,8.0,6008.0,27.814814814814813,9.22,77.99,330.36,2.17,,,-0.4945487681382596,0.869149881167184,35.94009216589862,,3.255,23.8425,980.1290322580644,6008.0,0.0,1.0,0.0,0.0,0.0,0.0,0.0,bundang_cc,0,5,0,2025,spring,0,0.0,,90099.39962592,,0.0,
2025-05-06,1557.6863605919998,0.0,0.0,2.975,8.0,5038.0,23.324074074074076,9.52,83.58,330.51,2.15,,,-0.4922716468786224,0.87044162680757,38.87441860465116,,3.2249999999999996,23.8425,980.1290322580644,5038.0,0.0,1.0,0.0,0.0,0.0,0.0,0.0,bundang_cc,0,5,1,2025,spring,0,0.0,,86638.36171967999,,0.0,
2025-05-07,1423.095843312,0.0,0.0,2.32625,8.0,5063.0,23.439814814814817,9.43,82.58,330.01,2.13,,,-0.4998488424383128,0.8661126570562738,38.76995305164319,,3.195,23.8425,980.1290322580644,5063.0,0.0,1.0,0.0,0.0,0.0,0.0,0.0,bundang_cc,0,5,2,2025,spring,0,0.0,,93461.18163551998,,0.0,
2025-05-08,1436.681410992,0.0,0.0,2.50125,8.0,5013.0,23.208333333333332,15.34,61.22,330.01,2.14,,,-0.4998488424383128,0.8661126570562738,28.607476635514015,,3.21,23.8425,980.1290322580644,5013.0,0.0,1.0,0.0,0.0,0.0,0.0,0.0,bundang_cc,0,5,3,2025,spring,0,0.0,,85385.75059872,,0.0,
2025-05-09,1468.7836793279998,0.0,0.0,3.4924999999999997,8.0,5051.0,23.38425925925926,15.17,98.26,330.0,2.16,,,-0.5000000000000004,0.8660254037844384,45.49074074074074,,3.24,23.8425,980.1290322580644,5051.0,0.0,1.0,0.0,0.0,0.0,0.0,0.0,bundang_cc,0,5,4,2025,spring,0,0.0,,86200.88465952,,0.0,
2025-05-10,1573.172203536,0.0,0.0,3.72125,8.0,5090.0,23.564814814814813,11.41,95.24,330.83,2.18,,,-0.48740253135402,0.8731774003200572,43.688073394495405,,3.2700000000000005,23.8425,980.1290322580644,5090.0,0.0,1.0,0.0,0.0,0.0,0.0,0.0,bundang_cc,0,5,5,2025,spring,0,0.0,,88127.02075967999,,0.0,
2025-05-11,1955.843006112,0.0,0.0,5.02125,8.0,7566.0,35.02777777777778,10.33,91.3,330.51,2.15,,,-0.4922716468786224,0.87044162680757,42.46511627906977,,3.2249999999999996,23.8425,980.1290322580644,7566.0,0.0,1.0,0.0,0.0,0.0,0.0,0.0,bundang_cc,0,5,6,2025,spring,0,0.0,0.0,94390.33221216,90099.39962592,0.0,0.0
2025-05-12,1933.702044048,0.0,0.0,4.6025,8.0,7561.0,35.00462962962963,12.87,72.24,330.01,2.15,,,-0.4998488424383128,0.8661126570562738,33.6,,3.2249999999999996,23.8425,980.1290322580644,7561.0,0.0,1.0,0.0,0.0,0.0,0.0,0.0,bundang_cc,0,5,0,2025,spring,0,0.0,0.0,117350.58036672,86638.36171967999,0.0,0.0
2025-05-13,1855.9425276,0.0,0.0,4.23,8.0,8362.0,38.71296296296297,14.13,65.07,330.01,2.13,,,-0.4998488424383128,0.8661126570562738,30.549295774647884,,3.195,23.8425,980.1290322580644,8362.0,0.0,1.0,0.0,0.0,0.0,0.0,0.0,bundang_cc,0,5,1,2025,spring,0,0.0,0.0,116022.12264288,93461.18163551998,0.0,0.0
2025-05-14,1832.497290864,0.0,0.0,4.18875,8.0,8568.0,39.666666666666664,18.71,78.79,330.01,2.12,,,-0.4998488424383128,0.8661126570562738,37.16509433962264,,3.18,23.8425,980.1290322580644,8568.0,0.0,1.0,0.0,0.0,0.0,0.0,0.0,bundang_cc,0,5,2,2025,spring,0,0.0,0.0,111356.551656,85385.75059872,0.0,0.0
2025-05-15,1037.477756592,0.0,0.0,3.3625,8.0,5041.0,23.33796296296296,17.9,96.62,330.01,2.13,,,-0.4998488424383128,0.8661126570562738,45.36150234741785,,3.195,23.8425,980.1290322580644,5041.0,0.0,1.0,0.0,0.0,0.0,0.0,0.0,bundang_cc,0,5,3,2025,spring,0,0.0,0.0,109949.83745184,86200.88465952,0.0,0.0
2025-05-16,854.4945140639999,0.0,0.0,3.0862499999999997,8.0,4317.0,19.98611111111111,17.35,100.0,330.01,2.14,,,-0.4998488424383128,0.8661126570562738,46.72897196261682,,3.21,23.8425,980.1290322580644,4317.0,0.0,1.0,0.0,0.0,0.0,0.0,0.0,bundang_cc,0,5,4,2025,spring,0,0.0,0.0,62248.66539552,88127.02075967999,0.0,0.0
2025-05-17,1483.02629496,0.0,0.0,3.5387500000000003,8.0,6739.0,31.199074074074073,14.17,99.38,330.02,2.15,,,-0.4996976696503588,0.8661998839448092,46.223255813953486,,3.2249999999999996,23.8425,980.1290322580644,6739.0,0.0,1.0,0.0,0.0,0.0,0.0,0.0,bundang_cc,0,5,5,2025,spring,0,0.0,0.0,51269.670843839995,94390.33221216,0.0,0.0
2025-05-18,433.80602107199996,0.0,0.0,3.1075,8.0,3324.0,15.388888888888888,10.58,58.22,330.97,2.19,,,-0.4852675035765307,0.874365741536459,26.58447488584475,,3.285,23.8425,980.1290322580644,3324.0,0.0,1.0,0.0,0.0,0.0,0.0,0.0,bundang_cc,0,5,6,2025,spring,0,0.0,0.0,88981.5776976,117350.58036672,0.0,0.0
2025-05-19,1277.959647888,0.0,0.0,3.995,8.0,6896.0,31.925925925925924,18.46,96.66,330.01,2.15,,,-0.4998488424383128,0.8661126570562738,44.95813953488372,,3.2249999999999996,23.8425,980.1290322580644,6896.0,0.0,1.0,0.0,0.0,0.0,0.0,0.0,bundang_cc,0,5,0,2025,spring,0,0.0,0.0,26028.36126432,116022.12264288,0.0,0.0
2025-05-20,1452.590883792,0.0,0.0,3.3899999999999997,8.0,7897.0,36.56018518518518,25.61,76.27,331.0,2.19,,,-0.4848096202463369,0.8746197071393959,34.82648401826484,,3.285,23.8425,980.1290322580644,7897.0,0.0,1.0,0.0,0.0,0.0,0.0,0.0,bundang_cc,0,5,1,2025,spring,0,0.0,0.0,76677.57887328,111356.551656,0.0,0.0
2025-05-21,1858.8434182560002,0.0,0.0,3.83625,8.0,8383.0,38.81018518518518,21.35,92.65,330.14,2.15,,,-0.497882410222808,0.8672445477434422,43.09302325581396,,3.2249999999999996,23.8425,980.1290322580644,8383.0,0.0,1.0,0.0,0.0,0.0,0.0,0.0,bundang_cc,0,5,2,2025,spring,0,0.0,0.0,87155.45302752001,109949.83745184,0.0,0.0
2025-05-22,1495.162894464,0.0,0.0,3.605,8.0,8704.0,40.2962962962963,19.77,79.06,330.01,2.14,,,-0.4998488424383128,0.8661126570562738,36.94392523364486,,3.21,23.8425,980.1290322580644,8704.0,0.0,1.0,0.0,0.0,0.0,0.0,0.0,bundang_cc,0,5,3,2025,spring,0,0.0,0.0,111530.60509536,62248.66539552,0.0,0.0
2025-05-23,986.0113997280001,0.0,0.0,2.11625,8.0,3492.0,16.166666666666664,13.67,99.7,330.74,2.2,,,-0.4887735133343936,0.8724107132897632,45.31818181818181,,3.3000000000000003,23.8425,980.1290322580644,3492.0,0.0,1.0,0.0,0.0,0.0,0.0,0.0,bundang_cc,0,5,4,2025,spring,0,0.0,0.0,89709.77366784,51269.670843839995,0.0,0.0
2025-05-24,1615.6469067840003,0.0,0.0,4.12875,8.0,5747.0,26.60648148148148,11.4,84.31,330.83,2.18,,,-0.48740253135402,0.8731774003200572,38.674311926605505,,3.2700000000000005,23.8425,980.1290322580644,5747.0,0.0,1.0,0.0,0.0,0.0,0.0,0.0,bundang_cc,0,5,5,2025,spring,0,0.0,0.0,59160.683983680006,88981.5776976,0.0,0.0
2025-05-25,145.919762928,0.0,0.0,1.2475,8.0,938.0,4.342592592592593,12.34,78.96,330.71,2.18,,,-0.4892302394948042,0.8721546725001572,36.220183486238525,,3.2700000000000005,23.8425,980.1290322580644,938.0,0.0,1.0,0.0,0.0,0.0,0.0,0.0,bundang_cc,0,5,6,2025,spring,0,0.0,0.0,96938.81440704002,26028.36126432,0.0,0.0
2025-05-26,852.7754413439999,0.0,0.0,1.9675,8.0,3169.0,14.671296296296296,15.32,85.69,330.01,2.15,,,-0.4998488424383128,0.8661126570562738,39.85581395348837,,3.2249999999999996,23.8425,980.1290322580644,3169.0,0.0,1.0,0.0,0.0,0.0,0.0,0.0,bundang_cc,0,5,0,2025,spring,0,0.0,0.0,8755.18577568,76677.57887328,0.0,0.0
2025-05-27,1168.068935664,0.0,0.0,3.855,8.0,5629.0,26.060185185185187,17.1,77.29,330.01,2.15,,,-0.4998488424383128,0.8661126570562738,35.94883720930233,,3.2249999999999996,23.8425,980.1290322580644,5629.0,0.0,1.0,0.0,0.0,0.0,0.0,0.0,bundang_cc,0,5,1,2025,spring,0,0.0,0.0,51166.526480639994,87155.45302752001,0.0,0.0
2025-05-28,819.7638749280001,0.0,0.0,3.3525,8.0,4398.0,20.36111111111111,15.76,76.55,330.52,2.17,,,-0.4921197186583257,0.8705275311600721,35.276497695852534,,3.255,23.8425,980.1290322580644,4398.0,0.0,1.0,0.0,0.0,0.0,0.0,0.0,bundang_cc,0,5,2,2025,spring,0,0.0,0.0,70084.13613984,111530.60509536,0.0,0.0
2025-05-29,530.082607536,0.0,0.0,4.1125,8.0,2253.0,10.430555555555555,17.2,66.1,330.51,2.16,,,-0.4922716468786224,0.87044162680757,30.601851851851848,,3.24,23.8425,980.1290322580644,2253.0,0.0,1.0,0.0,0.0,0.0,0.0,0.0,bundang_cc,0,5,3,2025,spring,0,0.0,0.0,49185.832495680006,89709.77366784,0.0,0.0
2025-05-30,777.9722633279999,0.0,0.0,2.8274999999999997,8.0,3144.6,14.558333333333334,16.41,74.71,330.01,2.16,,,-0.4998488424383128,0.8661126570562738,34.587962962962955,,3.24,23.8425,980.1290322580644,3144.6,0.0,1.0,0.0,0.0,0.0,0.0,0.0,bundang_cc,0,5,4,2025,spring,0,0.0,0.0,31804.95645216,59160.683983680006,0.0,0.0
2025-05-31,1949.7393937439997,0.0,0.0,4.49875,8.0,9211.0,42.64351851851852,17.1,70.88,330.01,2.14,,,-0.4998488424383128,0.8661126570562738,33.1214953271028,,3.21,23.8425,980.1290322580644,9211.0,0.0,1.0,0.0,0.0,0.0,0.0,0.0,bundang_cc,0,5,5,2025,spring,0,0.0,0.0,46678.33579968,96938.81440704002,0.0,0.0
2025-06-01,4.156114176,0.0,0.0,1.0287499999999998,8.0,0.0,0.0,18.13,64.17,330.3,2.16,,,-0.4954586684324075,0.8686315144381913,29.708333333333332,,3.24,26.2075,430.06666666666666,0.0,0.0,1.0,0.0,0.0,0.0,0.0,0.0,bundang_cc,0,6,6,2025,summer,0,0.0,0.0,116984.36362463998,8755.18577568,0.0,0.0
2025-06-02,1018.9921065119999,0.0,0.0,2.2675,8.0,3371.5,15.608796296296296,18.63,74.14,330.83,2.15,,,-0.48740253135402,0.8731774003200572,34.48372093023256,,3.2249999999999996,26.2075,430.06666666666666,3371.5,0.0,1.0,0.0,0.0,0.0,0.0,0.0,bundang_cc,0,6,0,2025,summer,0,0.0,0.0,249.36685056,51166.526480639994,0.0,0.0
2025-06-03,514.065776256,0.0,0.0,4.56875,8.0,3191.0,14.773148148148149,16.18,62.22,330.71,2.16,,,-0.4892302394948042,0.8721546725001572,28.805555555555554,,3.24,26.2075,430.06666666666666,3191.0,0.0,1.0,0.0,0.0,0.0,0.0,0.0,bundang_cc,0,6,1,2025,summer,0,0.0,0.0,61139.52639071999,70084.13613984,0.0,0.0
2025-06-04,916.2735274080001,0.0,0.0,2.78125,8.0,3385.5,15.67361111111111,16.45,70.86,330.51,2.15,,,-0.4922716468786224,0.87044162680757,32.95813953488372,,3.2249999999999996,26.2075,430.06666666666666,3385.5,0.0,1.0,0.0,0.0,0.0,0.0,0.0,bundang_cc,0,6,2,2025,summer,0,0.0,0.0,30843.94657536,49185.832495680006,0.0,0.0
2025-06-05,859.4749378079999,0.0,0.0,2.22125,8.0,3372.0,15.611111111111112,17.21,64.2,330.51,2.16,,,-0.4922716468786224,0.87044162680757,29.72222222222222,,3.24,26.2075,430.06666666666666,3372.0,0.0,1.0,0.0,0.0,0.0,0.0,0.0,bundang_cc,0,6,3,2025,summer,0,0.0,0.0,54976.41164448,31804.95645216,0.0,0.0
2025-06-06,643.821186816,0.0,0.0,3.78375,8.0,3607.0,16.699074074074076,18.92,58.19,330.01,2.14,,,-0.4998488424383128,0.8661126570562738,27.19158878504673,,3.21,26.2075,430.06666666666666,3607.0,0.0,1.0,0.0,0.0,0.0,0.0,0.0,bundang_cc,0,6,4,2025,summer,0,0.0,0.0,51568.49626848,46678.33579968,0.0,0.0
2025-06-07,423.768440592,0.0,0.0,2.96875,8.0,3392.0,15.703703703703702,21.88,82.27,331.0,2.18,,,-0.4848096202463369,0.8746197071393959,37.73853211009174,,3.2700000000000005,26.2075,430.06666666666666,3392.0,0.0,1.0,0.0,0.0,0.0,0.0,0.0,bundang_cc,0,6,5,2025,summer,0,0.0,0.0,38629.27120896,116984.36362463998,0.0,0.0
2025-06-08,1.586603376,0.0,0.0,1.2325,8.0,0.0,0.0,21.33,88.02,330.81,2.18,,,-0.4877072980653613,0.8730072115474103,40.37614678899082,,3.2700000000000005,26.2075,430.06666666666666,0.0,0.0,1.0,0.0,0.0,0.0,0.0,0.0,bundang_cc,0,6,6,2025,summer,0,0.0,0.0,25426.10643552,249.36685056,0.0,0.0
2025-06-09,1245.725062128,0.0,0.0,5.61625,8.0,5873.0,27.189814814814817,19.44,87.82,330.26,2.15,,,-0.4960649668394204,0.8682854073831971,40.84651162790698,,3.2249999999999996,26.2075,430.06666666666666,5873.0,0.0,1.0,0.0,0.0,0.0,0.0,0.0,bundang_cc,0,6,0,2025,summer,0,0.0,0.0,95.19620256,61139.52639071999,0.0,0.0
2025-06-10,965.4977232,0.0,0.0,5.755,8.0,5646.0,26.13888888888889,16.57,83.87,330.44,2.17,,,-0.4933347242889371,0.8698395540619881,38.64976958525346,,3.255,26.2075,430.06666666666666,5646.0,0.0,1.0,0.0,0.0,0.0,0.0,0.0,bundang_cc,0,6,1,2025,summer,0,0.0,0.0,74743.50372768,30843.94657536,0.0,0.0
2025-06-11,559.4661884159999,0.0,0.0,2.5262499999999997,8.0,2545.0,11.782407407407408,18.25,64.54,331.0,2.19,,,-0.4848096202463369,0.8746197071393959,29.4703196347032,,3.285,26.2075,430.06666666666666,2545.0,0.0,1.0,0.0,0.0,0.0,0.0,0.0,bundang_cc,0,6,2,2025,summer,0,0.0,0.0,57929.863392,54976.41164448,0.0,0.0
2025-06-12,685.210140144,0.0,0.0,2.7062500000000003,8.0,3470.0,16.064814814814817,21.45,65.42,331.57,2.29,,,-0.4760847267674029,0.8793994160441587,28.56768558951965,,3.435,26.2075,430.06666666666666,3470.0,0.0,1.0,0.0,0.0,0.0,0.0,0.0,bundang_cc,0,6,3,2025,summer,0,0.0,0.0,33567.971304959996,51568.49626848,0.0,0.0
2025-06-13,577.8494910720001,0.0,0.0,1.635,8.0,2701.0,12.50462962962963,18.67,100.0,331.26,2.28,,,-0.4808357439090125,0.8768106907305969,43.85964912280702,,3.42,26.2075,430.06666666666666,2701.0,0.0,1.0,0.0,0.0,0.0,0.0,0.0,bundang_cc,0,6,4,2025,summer,0,0.0,0.0,41112.60840864,38629.27120896,0.0,0.0
2025-06-14,189.59274273600005,0.0,0.0,1.35125,8.0,1572.4,7.27962962962963,21.12,83.71,331.46,2.29,,,-0.4777721740146321,0.878483778869782,36.55458515283843,,3.435,26.2075,430.06666666666666,1572.4,0.0,1.0,0.0,0.0,0.0,0.0,0.0,bundang_cc,0,6,5,2025,summer,0,0.0,0.0,34670.969464320005,25426.10643552,0.0,0.0
2025-06-15,8.641584287999999,0.0,0.0,4.01,8.0,609.0,2.8194444444444446,23.21,99.99,332.01,2.33,,,-0.4693174522100329,0.883029517655601,42.91416309012875,,3.495,26.2075,430.06666666666666,609.0,0.0,1.0,0.0,0.0,0.0,0.0,0.0,bundang_cc,0,6,6,2025,summer,0,0.0,0.0,11375.564564160002,95.19620256,0.0,0.0
2025-06-16,1080.644630112,0.0,0.0,6.21,8.0,4281.0,19.819444444444446,21.04,89.97,331.2,2.27,,,-0.4817536741017153,0.8763066800438636,39.63436123348018,,3.405,26.2075,430.06666666666666,4281.0,0.0,1.0,0.0,0.0,0.0,0.0,0.0,bundang_cc,0,6,0,2025,summer,0,0.0,0.0,518.49505728,74743.50372768,0.0,0.0
2025-06-17,439.93091548800004,0.0,0.0,1.71875,8.0,2392.0,11.074074074074074,21.39,96.32,331.14,2.27,,,-0.4826710759924462,0.8758017083794106,42.431718061674005,,3.405,26.2075,430.06666666666666,2392.0,0.0,1.0,0.0,0.0,0.0,0.0,0.0,bundang_cc,0,6,1,2025,summer,0,0.0,0.0,64838.67780672,57929.863392,0.0,0.0
2025-06-18,505.90155715200007,0.0,0.0,1.9475,8.0,2432.0,11.25925925925926,21.49,83.35,331.4,2.29,,,-0.478691857940607,0.8779829754279804,36.39737991266375,,3.435,26.2075,430.06666666666666,2432.0,0.0,1.0,0.0,0.0,0.0,0.0,0.0,bundang_cc,0,6,2,2025,summer,0,0.0,0.0,26395.85492928,33567.971304959996,0.0,0.0
2025-06-19,794.981081232,0.0,0.0,3.87875,8.0,4635.0,21.458333333333332,28.14,65.2,332.01,2.39,,,-0.4693174522100329,0.883029517655601,27.280334728033473,,3.585,26.2075,430.06666666666666,4635.0,0.0,1.0,0.0,0.0,0.0,0.0,0.0,bundang_cc,0,6,3,2025,summer,0,0.0,0.0,30354.093429120003,41112.60840864,0.0,0.0
2025-06-20,907.5687616800001,0.0,0.0,3.74125,8.0,5774.0,26.731481481481485,22.18,100.0,331.89,2.28,,,-0.4711658342270302,0.8820446455010919,43.85964912280702,,3.42,26.2075,430.06666666666666,5774.0,0.0,1.0,0.0,0.0,0.0,0.0,0.0,bundang_cc,0,6,4,2025,summer,0,0.0,0.0,47698.86487392,34670.969464320005,0.0,0.0
2025-06-21,0.7059817440000001,0.0,0.0,0.38875,8.0,0.0,0.0,19.5,98.99,331.14,2.21,,,-0.4826710759924462,0.8758017083794106,44.79185520361991,,3.315,26.2075,430.06666666666666,0.0,0.0,1.0,0.0,0.0,0.0,0.0,0.0,bundang_cc,0,6,5,2025,summer,0,0.0,0.0,54454.1257008,11375.564564160002,0.0,0.0
2025-06-22,0.434502864,0.0,0.0,0.2775,8.0,0.0,0.0,18.75,83.75,331.07,2.22,,,-0.4837407091411709,0.875211360940657,37.72522522522522,,3.33,26.2075,430.06666666666666,0.0,0.0,1.0,0.0,0.0,0.0,0.0,0.0,bundang_cc,0,6,6,2025,summer,0,0.0,0.0,42.358904640000006,518.49505728,0.0,0.0
2025-06-23,545.687339904,0.0,0.0,2.13125,8.0,2629.0,12.171296296296298,22.98,80.84,331.46,2.27,,,-0.4777721740146321,0.878483778869782,35.61233480176212,,3.405,26.2075,430.06666666666666,2629.0,0.0,1.0,0.0,0.0,0.0,0.0,0.0,bundang_cc,0,6,0,2025,summer,0,0.0,0.0,26.07017184,64838.67780672,0.0,0.0
2025-06-24,696.6211821119999,0.0,0.0,4.10875,8.0,3620.0,16.75925925925926,18.75,100.0,331.01,2.22,,,-0.484656962927115,0.8747043090589328,45.04504504504504,,3.33,26.2075,430.06666666666666,3620.0,0.0,1.0,0.0,0.0,0.0,0.0,0.0,bundang_cc,0,6,1,2025,summer,0,0.0,0.0,32741.24039424,26395.85492928,0.0,0.0
2025-06-25,298.355182704,0.0,0.0,1.42375,8.0,1746.0,8.083333333333332,19.63,99.99,331.13,2.21,,,-0.4828239248742274,0.8757174530458134,45.244343891402714,,3.315,26.2075,430.06666666666666,1746.0,0.0,1.0,0.0,0.0,0.0,0.0,0.0,bundang_cc,0,6,2,2025,summer,0,0.0,0.0,41797.27092672,30354.093429120003,0.0,0.0
2025-06-26,0.6632488799999999,0.0,0.0,0.4,8.0,0.0,0.0,19.9,100.0,331.01,2.23,,,-0.484656962927115,0.8747043090589328,44.84304932735426,,3.345,26.2075,430.06666666666666,0.0,0.0,1.0,0.0,0.0,0.0,0.0,0.0,bundang_cc,0,6,3,2025,summer,0,0.0,0.0,17901.31096224,47698.86487392,0.0,0.0
2025-06-27,0.750069504,0.0,0.0,0.5325,8.0,0.0,0.0,23.13,96.73,331.11,2.27,,,-0.4831295785101608,0.8755488623535492,42.61233480176212,,3.405,26.2075,430.06666666666666,0.0,0.0,1.0,0.0,0.0,0.0,0.0,0.0,bundang_cc,0,6,4,2025,summer,0,0.0,0.0,39.7949328,54454.1257008,0.0,0.0
2025-06-28,1.578462624,0.0,0.0,1.335,8.0,0.0,0.0,24.29,99.63,331.5,2.29,,,-0.4771587602596087,0.8788171126619652,43.50655021834061,,3.435,26.2075,430.06666666666666,0.0,0.0,1.0,0.0,0.0,0.0,0.0,0.0,bundang_cc,0,6,5,2025,summer,0,0.0,0.0,45.00417024,42.358904640000006,0.0,0.0
2025-06-29,1.9065497759999999,0.0,0.0,1.76125,8.0,0.0,0.0,24.08,94.98,331.02,2.27,,,-0.4845042908443986,0.8747888843334524,41.84140969162995,,3.405,26.2075,430.06666666666666,0.0,0.0,1.0,0.0,0.0,0.0,0.0,0.0,bundang_cc,0,6,6,2025,summer,0,0.0,0.0,94.70775744,26.07017184,0.0,0.0
2025-06-30,447.275485008,0.0,0.0,3.055,8.0,1890.0,8.75,24.66,94.61,332.0,2.31,,,-0.4694715627858908,0.882947592858927,40.95670995670996,,3.465,26.2075,430.06666666666666,1890.0,0.0,1.0,0.0,0.0,0.0,0.0,0.0,bundang_cc,0,6,0,2025,summer,0,0.0,0.0,114.39298656,32741.24039424,0.0,0.0
2025-07-01,1011.2722705439999,0.0,0.0,4.025,8.0,6352.0,29.40740740740741,25.86,94.93,331.5,2.29,,,-0.4771587602596087,0.8788171126619652,41.45414847161573,,3.435,26.4275,534.5483870967741,6352.0,0.0,1.0,0.0,0.0,0.0,0.0,0.0,bundang_cc,0,7,1,2025,summer,0,0.0,0.0,26836.52910048,41797.27092672,0.0,0.0
2025-07-02,850.603934736,0.0,0.0,2.67875,8.0,4854.0,22.47222222222222,26.08,92.84,331.49,2.27,,,-0.4773121355126747,0.8787338193630253,40.89867841409692,,3.405,26.4275,534.5483870967741,4854.0,0.0,1.0,0.0,0.0,0.0,0.0,0.0,bundang_cc,0,7,2,2025,summer,0,0.0,0.0,60676.336232639995,17901.31096224,0.0,0.0
2025-07-03,1143.192748896,0.0,0.0,4.13375,8.0,6917.0,32.02314814814815,24.85,90.16,332.0,2.32,,,-0.4694715627858908,0.882947592858927,38.862068965517246,,3.4799999999999995,26.4275,534.5483870967741,6917.0,0.0,1.0,0.0,0.0,0.0,0.0,0.0,bundang_cc,0,7,3,2025,summer,0,0.0,0.0,51036.23608416,39.7949328,0.0,0.0
2025-07-04,375.3308988,0.0,0.0,3.10375,8.0,3045.0,14.09722222222222,26.56,78.4,332.0,2.34,,,-0.4694715627858908,0.882947592858927,33.504273504273506,,3.51,26.4275,534.5483870967741,3045.0,0.0,1.0,0.0,0.0,0.0,0.0,0.0,bundang_cc,0,7,4,2025,summer,0,0.0,0.0,68591.56493376,45.00417024,0.0,0.0
2025-07-05,0.96959088,0.0,0.0,0.6575,8.0,0.0,0.0,26.34,79.42,332.0,2.34,,,-0.4694715627858908,0.882947592858927,33.940170940170944,,3.51,26.4275,534.5483870967741,0.0,0.0,1.0,0.0,0.0,0.0,0.0,0.0,bundang_cc,0,7,5,2025,summer,0,0.0,0.0,22519.853928,94.70775744,0.0,0.0
2025-07-06,0.762814224,0.0,0.0,0.585,8.0,0.0,0.0,25.95,91.64,332.01,2.35,,,-0.4693174522100329,0.883029517655601,38.99574468085106,,3.5250000000000004,26.4275,534.5483870967741,0.0,0.0,1.0,0.0,0.0,0.0,0.0,0.0,bundang_cc,0,7,6,2025,summer,0,0.0,0.0,58.1754528,114.39298656,0.0,0.0
2025-07-07,1863.926704656,0.0,0.0,4.9775,8.0,9983.0,46.217592592592595,26.54,96.8,332.01,2.37,,,-0.4693174522100329,0.883029517655601,40.84388185654008,,3.555,26.4275,534.5483870967741,9983.0,0.0,1.0,0.0,0.0,0.0,0.0,0.0,bundang_cc,0,7,0,2025,summer,0,0.0,0.0,45.76885344,26836.52910048,0.0,0.0
2025-07-08,1796.25797784,0.0,0.0,4.71,8.0,10554.0,48.861111111111114,25.11,100.0,332.01,2.35,,,-0.4693174522100329,0.883029517655601,42.5531914893617,,3.5250000000000004,26.4275,534.5483870967741,10554.0,0.0,1.0,0.0,0.0,0.0,0.0,0.0,bundang_cc,0,7,1,2025,summer,0,0.0,0.0,111835.60227936,60676.336232639995,0.0,0.0
2025-07-09,1971.885091968,0.0,0.0,4.975,8.0,11035.0,51.08796296296296,28.01,65.76,332.01,2.36,,,-0.4693174522100329,0.883029517655601,27.86440677966102,,3.54,26.4275,534.5483870967741,11035.0,0.0,1.0,0.0,0.0,0.0,0.0,0.0,bundang_cc,0,7,2,2025,summer,0,0.0,0.0,107775.4786704,51036.23608416,0.0,0.0
2025-07-10,1541.724765552,0.0,0.0,4.88375,8.0,8406.0,38.916666666666664,25.6,52.38,332.07,2.33,,,-0.4683924886984538,0.8835205014773957,22.48068669527897,,3.495,26.4275,534.5483870967741,8406.0,0.0,1.0,0.0,0.0,0.0,0.0,0.0,bundang_cc,0,7,3,2025,summer,0,0.0,0.0,118313.10551808,68591.56493376,0.0,0.0
2025-07-11,1.156003632,0.0,0.0,0.65625,8.0,0.0,0.0,27.54,51.21,332.01,2.36,,,-0.4693174522100329,0.883029517655601,21.69915254237288,,3.54,26.4275,534.5483870967741,0.0,0.0,1.0,0.0,0.0,0.0,0.0,0.0,bundang_cc,0,7,4,2025,summer,0,0.0,0.0,92503.48593312,22519.853928,0.0,0.0
2025-07-12,0.8346851999999999,0.0,0.0,0.5425,8.0,0.0,0.0,24.78,67.96,332.01,2.35,,,-0.4693174522100329,0.883029517655601,28.91914893617021,,3.5250000000000004,26.4275,534.5483870967741,0.0,0.0,1.0,0.0,0.0,0.0,0.0,0.0,bundang_cc,0,7,5,2025,summer,0,0.0,0.0,69.36021792,58.1754528,0.0,0.0
2025-07-13,1.148167584,0.0,0.0,0.83,8.0,0.0,0.0,22.76,100.0,332.0,2.33,,,-0.4694715627858908,0.882947592858927,42.918454935622314,,3.495,26.4275,534.5483870967741,0.0,0.0,1.0,0.0,0.0,0.0,0.0,0.0,bundang_cc,0,7,6,2025,summer,0,0.0,0.0,50.081112,45.76885344,0.0,0.0
2025-07-14,6.8936156639999995,0.0,0.0,2.1525,8.0,0.0,0.0,20.91,100.0,331.5,2.29,,,-0.4771587602596087,0.8788171126619652,43.66812227074236,,3.435,26.4275,534.5483870967741,0.0,0.0,1.0,0.0,0.0,0.0,0.0,0.0,bundang_cc,0,7,0,2025,summer,0,0.0,0.0,68.89005504000001,111835.60227936,0.0,0.0
2025-07-15,146.864638944,0.0,0.0,2.6125,8.0,620.0,2.8703703703703702,22.56,91.87,332.0,2.32,,,-0.4694715627858908,0.882947592858927,39.59913793103448,,3.4799999999999995,26.4275,534.5483870967741,620.0,0.0,1.0,0.0,0.0,0.0,0.0,0.0,bundang_cc,0,7,1,2025,summer,0,0.0,0.0,413.61693984,107775.4786704,0.0,0.0
2025-07-16,254.50939871999998,0.0,0.0,2.54,8.0,1637.0,7.578703703703704,21.87,100.0,331.45,2.3,,,-0.4779254910806337,0.8784003785150226,43.47826086956522,,3.4499999999999997,26.4275,534.5483870967741,1637.0,0.0,1.0,0.0,0.0,0.0,0.0,0.0,bundang_cc,0,7,2,2025,summer,0,0.0,0.0,8811.87833664,118313.10551808,0.0,0.0
2025-07-17,5.8008205440000005,0.0,0.0,0.4975,8.0,0.0,0.0,22.54,100.0,331.45,2.3,,,-0.4779254910806337,0.8784003785150226,43.47826086956522,,3.4499999999999997,26.4275,534.5483870967741,0.0,0.0,1.0,0.0,0.0,0.0,0.0,0.0,bundang_cc,0,7,3,2025,summer,0,0.0,0.0,15270.5639232,92503.48593312,0.0,0.0
2025-07-18,0.360493344,0.0,0.0,0.2625,8.0,0.0,0.0,25.16,91.22,332.01,2.34,,,-0.4693174522100329,0.883029517655601,38.98290598290598,,3.51,26.4275,534.5483870967741,0.0,0.0,1.0,0.0,0.0,0.0,0.0,0.0,bundang_cc,0,7,4,2025,summer,0,0.0,0.0,348.04923264,69.36021792,0.0,0.0
2025-07-19,0.802806048,0.0,0.0,0.5625,8.0,0.0,0.0,25.12,100.0,332.0,2.35,,,-0.4694715627858908,0.882947592858927,42.5531914893617,,3.5250000000000004,26.4275,534.5483870967741,0.0,0.0,1.0,0.0,0.0,0.0,0.0,0.0,bundang_cc,0,7,5,2025,summer,0,0.0,0.0,21.62960064,50.081112,0.0,0.0
2025-07-20,0.7157651040000002,0.0,0.0,0.62,8.0,0.0,0.0,25.03,99.59,332.01,2.37,,,-0.4693174522100329,0.883029517655601,42.0210970464135,,3.555,26.4275,534.5483870967741,0.0,0.0,1.0,0.0,0.0,0.0,0.0,0.0,bundang_cc,0,7,6,2025,summer,0,0.0,0.0,48.16836288,68.89005504000001,0.0,0.0
2025-07-21,779.197072176,0.0,0.0,4.18875,8.0,4577.0,21.189814814814813,25.36,99.42,332.01,2.35,,,-0.4693174522100329,0.883029517655601,42.306382978723406,,3.5250000000000004,26.4275,534.5483870967741,4577.0,0.0,1.0,0.0,0.0,0.0,0.0,0.0,bundang_cc,0,7,0,2025,summer,0,0.0,0.0,42.94590624000001,413.61693984,0.0,0.0
2025-07-22,518.7470230079999,0.0,0.0,3.195,8.0,3905.0,18.078703703703702,24.59,96.29,330.1,2.14,,,-0.4984877397538301,0.866896748935603,44.99532710280374,,3.21,26.4275,534.5483870967741,3905.0,0.0,1.0,0.0,0.0,0.0,0.0,0.0,bundang_cc,0,7,1,2025,summer,0,0.0,0.0,46751.82433056,8811.87833664,0.0,0.0
2025-07-23,101.121513408,0.0,0.0,1.2725,8.0,881.0,4.078703703703704,24.91,89.06,330.01,2.13,,,-0.4998488424383128,0.8661126570562738,41.81220657276996,,3.195,26.4275,534.5483870967741,881.0,0.0,1.0,0.0,0.0,0.0,0.0,0.0,bundang_cc,0,7,2,2025,summer,0,0.0,0.0,31124.821380479996,15270.5639232,0.0,0.0
2025-07-24,235.08197899200005,0.0,0.0,1.4612500000000002,8.0,1861.0,8.61574074074074,25.46,92.83,330.38,2.13,,,-0.4942453474723935,0.8693224582983538,43.582159624413144,,3.195,26.4275,534.5483870967741,1861.0,0.0,1.0,0.0,0.0,0.0,0.0,0.0,bundang_cc,0,7,3,2025,summer,0,0.0,0.0,6067.29080448,348.04923264,0.0,0.0
2025-07-25,441.430981056,0.0,0.0,2.45625,8.0,3037.0,14.060185185185183,26.57,81.81,330.76,2.16,,,-0.4884689547752621,0.8725812742780829,37.875,,3.24,26.4275,534.5483870967741,3037.0,0.0,1.0,0.0,0.0,0.0,0.0,0.0,bundang_cc,0,7,4,2025,summer,0,0.0,0.0,14104.918739520002,21.62960064,0.0,0.0
2025-07-26,315.92384064,0.0,0.0,1.88125,8.0,2453.0,11.35648148148148,27.17,81.18,330.01,2.13,,,-0.4998488424383128,0.8661126570562738,38.11267605633803,,3.195,26.4275,534.5483870967741,2453.0,0.0,1.0,0.0,0.0,0.0,0.0,0.0,bundang_cc,0,7,5,2025,summer,0,0.0,0.0,26485.85886336,48.16836288,0.0,0.0
2025-07-27,0.635965344,0.0,0.0,0.31375,8.0,0.0,0.0,27.69,89.39,330.07,2.11,,,-0.498941577477783,0.8666356225450126,42.36492890995261,,3.165,26.4275,534.5483870967741,0.0,0.0,1.0,0.0,0.0,0.0,0.0,0.0,bundang_cc,0,7,6,2025,summer,0,0.0,0.0,18955.4304384,42.94590624000001,0.0,0.0
2025-07-28,1089.766499616,0.0,0.0,4.1775,8.0,6992.0,32.370370370370374,27.06,88.02,330.63,2.14,,,-0.4904475198591735,0.8714707282886703,41.13084112149532,,3.21,26.4275,534.5483870967741,6992.0,0.0,1.0,0.0,0.0,0.0,0.0,0.0,bundang_cc,0,7,0,2025,summer,0,0.0,0.0,38.15792064,46751.82433056,0.0,0.0
2025-07-29,1494.5711990400002,0.0,0.0,4.57625,8.0,8722.0,40.37962962962963,27.51,81.17,330.01,2.13,,,-0.4998488424383128,0.8661126570562738,38.10798122065728,,3.195,26.4275,534.5483870967741,8722.0,0.0,1.0,0.0,0.0,0.0,0.0,0.0,bundang_cc,0,7,1,2025,summer,0,0.0,0.0,65385.98997696,31124.821380479996,0.0,0.0
2025-07-30,478.046161296,0.0,0.0,2.17625,8.0,3213.0,14.875,27.82,72.67,330.19,2.13,,,-0.4971254071004035,0.8676787018333791,34.11737089201878,,3.195,26.4275,534.5483870967741,3213.0,0.0,1.0,0.0,0.0,0.0,0.0,0.0,bundang_cc,0,7,2,2025,summer,0,0.0,0.0,89674.27194240001,6067.29080448,0.0,0.0
2025-07-31,1.424364192,0.0,0.0,0.24875,8.0,0.0,0.0,26.27,74.74,330.01,2.11,,,-0.4998488424383128,0.8661126570562738,35.4218009478673,,3.165,26.4275,534.5483870967741,0.0,0.0,1.0,0.0,0.0,0.0,0.0,0.0,bundang_cc,0,7,3,2025,summer,0,0.0,0.0,28682.76967776,14104.918739520002,0.0,0.0
2025-08-01,0.341918928,0.0,0.0,0.22625,8.0,0.0,0.0,26.82,84.03,330.51,2.15,,,-0.4922716468786224,0.87044162680757,39.08372093023256,,3.2249999999999996,26.375,383.8064516129032,0.0,0.0,1.0,0.0,0.0,0.0,0.0,0.0,bundang_cc,0,8,4,2025,summer,0,0.0,0.0,85.46185152000001,26485.85886336,0.0,0.0
2025-08-02,0.37953792,0.0,0.0,0.27625,8.0,0.0,0.0,25.87,75.64,330.01,2.14,,,-0.4998488424383128,0.8661126570562738,35.34579439252336,,3.21,26.375,383.8064516129032,0.0,0.0,1.0,0.0,0.0,0.0,0.0,0.0,bundang_cc,0,8,5,2025,summer,0,0.0,0.0,20.51513568,18955.4304384,0.0,0.0
2025-08-03,0.9195665759999999,0.0,0.0,0.6875,8.0,0.0,0.0,22.96,100.0,330.01,2.12,,,-0.4998488424383128,0.8661126570562738,47.16981132075472,,3.18,26.375,383.8064516129032,0.0,0.0,1.0,0.0,0.0,0.0,0.0,0.0,bundang_cc,0,8,6,2025,summer,0,0.0,0.0,22.7722752,38.15792064,0.0,0.0
2025-08-04,493.9801056,0.0,0.0,2.6675,8.0,2743.0,12.699074074074074,24.6,94.32,330.13,2.13,,,-0.4980337653666369,0.8671576376615324,44.28169014084507,,3.195,26.375,383.8064516129032,2743.0,0.0,1.0,0.0,0.0,0.0,0.0,0.0,bundang_cc,0,8,0,2025,summer,0,0.0,0.0,55.17399456,65385.98997696,0.0,0.0
2025-08-05,0.40619419200000006,0.0,0.0,0.29125,8.0,0.0,0.0,25.55,92.22,330.01,2.16,,,-0.4998488424383128,0.8661126570562738,42.69444444444444,,3.24,26.375,383.8064516129032,0.0,0.0,1.0,0.0,0.0,0.0,0.0,0.0,bundang_cc,0,8,1,2025,summer,0,0.0,0.0,29638.806336,89674.27194240001,0.0,0.0
2025-08-06,126.309091968,0.0,0.0,1.1975,8.0,1164.0,5.388888888888889,24.46,99.96,330.01,2.15,,,-0.4998488424383128,0.8661126570562738,46.49302325581395,,3.2249999999999996,26.375,383.8064516129032,1164.0,0.0,1.0,0.0,0.0,0.0,0.0,0.0,bundang_cc,0,8,2,2025,summer,0,0.0,0.0,24.371651520000004,28682.76967776,0.0,0.0
2025-08-07,0.329173344,0.0,0.0,0.2375,8.0,0.0,0.0,23.26,93.43,330.01,2.11,,,-0.4998488424383128,0.8661126570562738,44.27962085308057,,3.165,26.375,383.8064516129032,0.0,0.0,1.0,0.0,0.0,0.0,0.0,0.0,bundang_cc,0,8,3,2025,summer,0,0.0,0.0,7578.54551808,85.46185152000001,0.0,0.0
2025-08-08,0.254660832,0.0,0.0,0.1975,8.0,0.0,0.0,22.89,85.53,330.01,2.1,,,-0.4998488424383128,0.8661126570562738,40.72857142857143,,3.1500000000000004,26.375,383.8064516129032,0.0,0.0,1.0,0.0,0.0,0.0,0.0,0.0,bundang_cc,0,8,4,2025,summer,0,0.0,0.0,19.75040064,20.51513568,0.0,0.0
2025-08-09,0.292406112,0.0,0.0,0.2324999999999999,8.0,0.0,0.0,21.52,98.3,329.45,2.06,,,-0.5082900828980423,0.8611859216380057,47.71844660194174,,3.09,26.375,383.8064516129032,0.0,0.0,1.0,0.0,0.0,0.0,0.0,0.0,bundang_cc,0,8,5,2025,summer,0,0.0,0.0,15.27964992,22.7722752,0.0,0.0
2025-08-10,0.24805814399999998,0.0,0.0,0.2225,8.0,0.0,0.0,23.65,94.22,330.01,2.1,,,-0.4998488424383128,0.8661126570562738,44.86666666666667,,3.1500000000000004,26.375,383.8064516129032,0.0,0.0,1.0,0.0,0.0,0.0,0.0,0.0,bundang_cc,0,8,6,2025,summer,0,0.0,0.0,17.54436672,55.17399456,0.0,0.0
2025-08-11,337.154784768,0.0,0.0,3.4762500000000003,8.0,2096.0,9.703703703703702,22.74,97.08,329.97,2.09,,,-0.500453381281421,0.8657634856957139,46.449760765550245,,3.135,26.375,383.8064516129032,2096.0,0.0,1.0,0.0,0.0,0.0,0.0,0.0,bundang_cc,0,8,0,2025,summer,0,0.0,0.0,14.88348864,29638.806336,0.0,0.0
2025-08-12,0.358916688,0.0,0.0,0.1975,8.0,0.0,0.0,25.38,77.1,330.0,2.05,,,-0.5000000000000004,0.8660254037844384,37.609756097560975,,3.0749999999999997,26.375,383.8064516129032,0.0,0.0,1.0,0.0,0.0,0.0,0.0,0.0,bundang_cc,0,8,1,2025,summer,0,0.0,0.0,20229.28708608,24.371651520000004,0.0,0.0
2025-08-13,0.47187057600000004,0.0,0.0,0.255,8.0,0.0,0.0,23.99,97.26,330.0,2.12,,,-0.5000000000000004,0.8660254037844384,45.87735849056604,,3.18,26.375,383.8064516129032,0.0,0.0,1.0,0.0,0.0,0.0,0.0,0.0,bundang_cc,0,8,2,2025,summer,0,0.0,0.0,21.53500128,7578.54551808,0.0,0.0
2025-08-14,3.281923296,0.0,0.0,0.395,8.0,0.0,0.0,23.14,100.0,330.0,2.09,,,-0.5000000000000004,0.8660254037844384,47.84688995215311,,3.135,26.375,383.8064516129032,0.0,0.0,1.0,0.0,0.0,0.0,0.0,0.0,bundang_cc,0,8,3,2025,summer,0,0.0,0.0,28.312234560000004,19.75040064,0.0,0.0
2025-08-15,0.394886304,0.0,0.0,0.38,8.0,0.0,0.0,23.82,100.0,330.01,2.14,,,-0.4998488424383128,0.8661126570562738,46.72897196261682,,3.21,26.375,383.8064516129032,0.0,0.0,1.0,0.0,0.0,0.0,0.0,0.0,bundang_cc,0,8,4,2025,summer,0,0.0,0.0,196.91539776,15.27964992,0.0,0.0
2025-08-16,0.5067050399999999,0.0,0.0,0.4499999999999999,8.0,0.0,0.0,23.97,100.0,330.01,2.09,,,-0.4998488424383128,0.8661126570562738,47.84688995215311,,3.135,26.375,383.8064516129032,0.0,0.0,1.0,0.0,0.0,0.0,0.0,0.0,bundang_cc,0,8,5,2025,summer,0,0.0,0.0,23.69317824,17.54436672,0.0,0.0
2025-08-17,0.654408,0.0,0.0,0.565,8.0,0.0,0.0,25.37,95.91,330.01,2.12,,,-0.4998488424383128,0.8661126570562738,45.240566037735846,,3.18,26.375,383.8064516129032,0.0,0.0,1.0,0.0,0.0,0.0,0.0,0.0,bundang_cc,0,8,6,2025,summer,0,0.0,0.0,30.402302399999996,14.88348864,0.0,0.0
2025-08-18,696.38007168,0.0,0.0,3.9175,8.0,4260.0,19.72222222222222,26.98,90.02,330.01,2.1,,,-0.4998488424383128,0.8661126570562738,42.86666666666666,,3.1500000000000004,26.375,383.8064516129032,4260.0,0.0,1.0,0.0,0.0,0.0,0.0,0.0,bundang_cc,0,8,0,2025,summer,0,0.0,0.0,39.26448,20229.28708608,0.0,0.0
2025-08-19,1447.1561982239998,0.0,0.0,4.72875,8.0,8421.0,38.98611111111111,25.31,99.49,330.01,2.09,,,-0.4998488424383128,0.8661126570562738,47.60287081339713,,3.135,26.375,383.8064516129032,8421.0,0.0,1.0,0.0,0.0,0.0,0.0,0.0,bundang_cc,0,8,1,2025,summer,0,0.0,0.0,41782.8043008,21.53500128,0.0,0.0
2025-08-20,494.90653910400005,0.0,0.0,3.14,8.0,4194.0,19.416666666666664,26.16,93.38,330.01,2.15,,,-0.4998488424383128,0.8661126570562738,43.43255813953488,,3.2249999999999996,26.375,383.8064516129032,4194.0,0.0,1.0,0.0,0.0,0.0,0.0,0.0,bundang_cc,0,8,2,2025,summer,0,0.0,0.0,86829.37189344,28.312234560000004,0.0,0.0
2025-08-21,1963.41655464,0.0,0.0,4.953749999999999,8.0,10229.0,47.35648148148148,25.17,86.52,330.01,2.13,,,-0.4998488424383128,0.8661126570562738,40.61971830985915,,3.195,26.375,383.8064516129032,10229.0,0.0,1.0,0.0,0.0,0.0,0.0,0.0,bundang_cc,0,8,3,2025,summer,0,0.0,0.0,29694.39234624,196.91539776,0.0,0.0
2025-08-22,1295.355478464,0.0,0.0,5.6075,8.0,6377.0,29.52314814814815,25.26,93.36,330.01,2.13,,,-0.4998488424383128,0.8661126570562738,43.83098591549296,,3.195,26.375,383.8064516129032,6377.0,0.0,1.0,0.0,0.0,0.0,0.0,0.0,bundang_cc,0,8,4,2025,summer,0,0.0,0.0,117804.9932784,23.69317824,0.0,0.0
2025-08-23,5.5801342080000005,0.0,0.0,3.1637500000000003,8.0,0.0,0.0,26.17,93.62,330.01,2.11,,,-0.4998488424383128,0.8661126570562738,44.3696682464455,,3.165,26.375,383.8064516129032,0.0,0.0,1.0,0.0,0.0,0.0,0.0,0.0,bundang_cc,0,8,5,2025,summer,0,0.0,0.0,77721.32870784,30.402302399999996,0.0,0.0
2025-08-24,92.96591961600001,0.0,0.0,3.975,8.0,815.0,3.773148148148149,25.56,91.56,330.01,2.09,,,-0.4998488424383128,0.8661126570562738,43.80861244019139,,3.135,26.375,383.8064516129032,815.0,0.0,1.0,0.0,0.0,0.0,0.0,0.0,bundang_cc,0,8,6,2025,summer,0,0.0,0.0,334.80805248,39.26448,0.0,0.0
2025-08-25,2016.156267504,0.0,0.0,5.76,8.0,9863.0,45.66203703703703,25.55,98.71,330.01,2.13,,,-0.4998488424383128,0.8661126570562738,46.34272300469483,,3.195,26.375,383.8064516129032,9863.0,0.0,1.0,0.0,0.0,0.0,0.0,0.0,bundang_cc,0,8,0,2025,summer,0,0.0,0.0,5577.95517696,41782.8043008,0.0,0.0
2025-08-26,1781.5481789760001,0.0,0.0,5.71875,8.0,8875.0,41.08796296296296,22.66,98.85,330.01,2.11,,,-0.4998488424383128,0.8661126570562738,46.84834123222749,,3.165,26.375,383.8064516129032,8875.0,0.0,1.0,0.0,0.0,0.0,0.0,0.0,bundang_cc,0,8,1,2025,summer,0,0.0,0.0,120969.37605024,86829.37189344,0.0,0.0
2025-08-27,692.395887456,0.0,0.0,5.31625,8.0,3507.0,16.23611111111111,23.13,91.6,330.01,2.09,,,-0.4998488424383128,0.8661126570562738,43.82775119617225,,3.135,26.375,383.8064516129032,3507.0,0.0,1.0,0.0,0.0,0.0,0.0,0.0,bundang_cc,0,8,2,2025,summer,0,0.0,0.0,106892.89073856,29694.39234624,0.0,0.0
2025-08-28,689.098804992,0.0,0.0,4.63375,8.0,4063.0,18.810185185185187,25.49,94.35,330.24,2.13,,,-0.4963680253953767,0.8681121951482392,44.29577464788732,,3.195,26.375,383.8064516129032,4063.0,0.0,1.0,0.0,0.0,0.0,0.0,0.0,bundang_cc,0,8,3,2025,summer,0,0.0,0.0,41543.75324736,117804.9932784,0.0,0.0
2025-08-29,437.732717184,0.0,0.0,3.14875,8.0,3714.0,17.194444444444446,26.51,100.0,330.05,2.15,,,-0.4992440599749496,0.8664614062840473,46.51162790697675,,3.2249999999999996,26.375,383.8064516129032,3714.0,0.0,1.0,0.0,0.0,0.0,0.0,0.0,bundang_cc,0,8,4,2025,summer,0,0.0,0.0,41345.928299520005,77721.32870784,0.0,0.0
2025-08-30,0.884874816,0.0,0.0,0.52625,8.0,0.0,0.0,24.24,99.76,330.13,2.12,,,-0.4980337653666369,0.8671576376615324,47.056603773584904,,3.18,26.375,383.8064516129032,0.0,0.0,1.0,0.0,0.0,0.0,0.0,0.0,bundang_cc,0,8,5,2025,summer,0,0.0,0.0,26263.963031040003,334.80805248,0.0,0.0
2025-08-31,0.8017439040000001,0.0,0.0,0.5575,8.0,0.0,0.0,24.64,96.45,330.88,2.18,,,-0.4866403548321404,0.8736024067325184,44.24311926605505,,3.2700000000000005,26.375,383.8064516129032,0.0,0.0,1.0,0.0,0.0,0.0,0.0,0.0,bundang_cc,0,8,6,2025,summer,0,0.0,0.0,53.09248896,5577.95517696,0.0,0.0
2025-09-01,1233.1683822240002,0.0,0.0,4.835,8.0,7125.0,32.98611111111111,24.02,99.26,330.07,2.13,,,-0.498941577477783,0.8666356225450126,46.60093896713615,,3.195,26.26375,440.46666666666664,7125.0,0.0,1.0,0.0,0.0,0.0,0.0,0.0,bundang_cc,0,9,0,2025,autumn,0,0.0,0.0,48.10463424,120969.37605024,0.0,0.0
2025-09-02,1057.484688768,0.0,0.0,3.57625,8.0,5883.0,27.23611111111111,22.5,97.7,330.01,2.09,,,-0.4998488424383128,0.8661126570562738,46.7464114832536,,3.135,26.26375,440.46666666666664,5883.0,0.0,1.0,0.0,0.0,0.0,0.0,0.0,bundang_cc,0,9,1,2025,autumn,0,0.0,0.0,73990.10293344001,106892.89073856,0.0,0.0
2025-09-03,906.3651984479999,0.0,0.0,3.86,8.0,5418.0,25.083333333333336,25.33,87.7,330.13,2.13,,,-0.4980337653666369,0.8671576376615324,41.1737089201878,,3.195,26.26375,440.46666666666664,5418.0,0.0,1.0,0.0,0.0,0.0,0.0,0.0,bundang_cc,0,9,2,2025,autumn,0,0.0,0.0,63449.081326080006,41543.75324736,0.0,0.0
2025-09-04,508.9873484159999,0.0,0.0,3.21875,8.0,3905.0,18.078703703703702,23.38,96.72,330.38,2.14,,,-0.4942453474723935,0.8693224582983538,45.19626168224299,,3.21,26.26375,440.46666666666664,3905.0,0.0,1.0,0.0,0.0,0.0,0.0,0.0,bundang_cc,0,9,3,2025,autumn,0,0.0,0.0,54381.91190687999,41345.928299520005,0.0,0.0
2025-09-05,769.7897876160001,0.0,0.0,3.5875,8.0,4880.0,22.59259259259259,24.28,98.31,330.01,2.13,,,-0.4998488424383128,0.8661126570562738,46.15492957746479,,3.195,26.26375,440.46666666666664,4880.0,0.0,1.0,0.0,0.0,0.0,0.0,0.0,bundang_cc,0,9,4,2025,autumn,0,0.0,0.0,30539.240904959996,26263.963031040003,0.0,0.0
2025-09-06,0.9027280799999999,0.0,0.0,0.565,8.0,0.0,0.0,24.87,100.0,330.49,2.17,,,-0.4925754583282327,0.8702697385596787,46.082949308755765,,3.255,26.26375,440.46666666666664,0.0,0.0,1.0,0.0,0.0,0.0,0.0,0.0,bundang_cc,0,9,5,2025,autumn,0,0.0,0.0,46187.387256960006,53.09248896,0.0,0.0
2025-09-07,0.7154477279999999,0.0,0.0,0.495,8.0,0.0,0.0,20.35,99.99,330.01,2.11,,,-0.4998488424383128,0.8661126570562738,47.388625592417064,,3.165,26.26375,440.46666666666664,0.0,0.0,1.0,0.0,0.0,0.0,0.0,0.0,bundang_cc,0,9,6,2025,autumn,0,0.0,0.0,54.1636848,48.10463424,0.0,0.0
2025-09-08,712.60012008,0.0,0.0,2.6775,8.0,3574.0,16.546296296296294,21.68,90.48,330.01,2.11,,,-0.4998488424383128,0.8661126570562738,42.88151658767773,,3.165,26.26375,440.46666666666664,3574.0,0.0,1.0,0.0,0.0,0.0,0.0,0.0,bundang_cc,0,9,0,2025,autumn,0,0.0,0.0,42.92686368,73990.10293344001,0.0,0.0
2025-09-09,1.1134088640000002,0.0,0.0,0.895,8.0,0.0,0.0,19.56,99.59,330.01,2.09,,,-0.4998488424383128,0.8661126570562738,47.65071770334929,,3.135,26.26375,440.46666666666664,0.0,0.0,1.0,0.0,0.0,0.0,0.0,0.0,bundang_cc,0,9,1,2025,autumn,0,0.0,0.0,42756.0072048,63449.081326080006,0.0,0.0
2025-09-10,0.910520352,0.0,0.0,0.995,8.0,0.0,0.0,20.55,67.69,329.97,2.06,,,-0.500453381281421,0.8657634856957139,32.859223300970875,,3.09,26.26375,440.46666666666664,0.0,0.0,1.0,0.0,0.0,0.0,0.0,0.0,bundang_cc,0,9,2,2025,autumn,0,0.0,0.0,66.80453184000001,54381.91190687999,0.0,0.0
2025-09-11,3.3964584479999997,0.0,0.0,0.65125,8.0,0.0,0.0,22.67,68.76,330.01,2.1,,,-0.4998488424383128,0.8661126570562738,32.74285714285715,,3.1500000000000004,26.26375,440.46666666666664,0.0,0.0,1.0,0.0,0.0,0.0,0.0,0.0,bundang_cc,0,9,3,2025,autumn,0,0.0,0.0,54.63122112,30539.240904959996,0.0,0.0
2025-09-12,0.7093463040000001,0.0,0.0,0.54875,8.0,0.0,0.0,19.81,100.0,330.0,2.06,,,-0.5000000000000004,0.8660254037844384,48.543689320388346,,3.09,26.26375,440.46666666666664,0.0,0.0,1.0,0.0,0.0,0.0,0.0,0.0,bundang_cc,0,9,4,2025,autumn,0,0.0,0.0,203.78750688,46187.387256960006,0.0,0.0
2025-09-13,1.39882464,0.0,0.0,0.8525,8.0,0.0,0.0,20.4,94.43,329.24,2.03,,,-0.5114430730037858,0.8593171609344504,46.51724137931035,,3.045,26.26375,440.46666666666664,0.0,0.0,1.0,0.0,0.0,0.0,0.0,0.0,bundang_cc,0,9,5,2025,autumn,0,0.0,0.0,42.560778240000005,54.1636848,0.0,0.0
2025-09-14,0.501084864,0.0,0.0,0.43,8.0,0.0,0.0,20.66,99.48,330.01,2.09,,,-0.4998488424383128,0.8661126570562738,47.59808612440192,,3.135,26.26375,440.46666666666664,0.0,0.0,1.0,0.0,0.0,0.0,0.0,0.0,bundang_cc,0,9,6,2025,autumn,0,0.0,0.0,83.9294784,42.92686368,0.0,0.0
2025-09-15,701.688945312,0.0,0.0,4.6375,8.0,3337.0,15.449074074074073,21.38,91.81,330.01,2.08,,,-0.4998488424383128,0.8661126570562738,44.13942307692307,,3.12,26.26375,440.46666666666664,3337.0,0.0,1.0,0.0,0.0,0.0,0.0,0.0,bundang_cc,0,9,0,2025,autumn,0,0.0,0.0,30.06509184,42756.0072048,0.0,0.0
2025-09-16,152.02793980799999,0.0,0.0,1.59375,8.0,1163.0,5.3842592592592595,22.45,100.0,330.0,2.13,,,-0.5000000000000004,0.8660254037844384,46.948356807511736,,3.195,26.26375,440.46666666666664,1163.0,0.0,1.0,0.0,0.0,0.0,0.0,0.0,bundang_cc,0,9,1,2025,autumn,0,0.0,0.0,42101.33671872,66.80453184000001,0.0,0.0
2025-09-17,3.1921053120000003,0.0,0.0,1.30625,8.0,869.0,4.023148148148148,20.51,100.0,330.01,2.11,,,-0.4998488424383128,0.8661126570562738,47.39336492890995,,3.165,26.26375,440.46666666666664,869.0,0.0,1.0,0.0,0.0,0.0,0.0,0.0,bundang_cc,0,9,2,2025,autumn,0,0.0,0.0,9121.676388479998,54.63122112,0.0,0.0
2025-09-18,1.075242528,0.0,0.0,2.72125,8.0,4960.0,22.96296296296296,19.52,72.84,330.0,2.06,,,-0.5000000000000004,0.8660254037844384,35.359223300970875,,3.09,26.26375,440.46666666666664,4960.0,0.0,1.0,0.0,0.0,0.0,0.0,0.0,bundang_cc,0,9,3,2025,autumn,0,0.0,0.0,191.52631872,203.78750688,0.0,0.0
2025-09-19,81.8019252,0.0,0.0,2.43625,8.0,5050.0,23.37962962962963,17.42,99.97,330.0,2.08,,,-0.5000000000000004,0.8660254037844384,48.0625,,3.12,26.26375,440.46666666666664,5050.0,0.0,1.0,0.0,0.0,0.0,0.0,0.0,bundang_cc,0,9,4,2025,autumn,0,0.0,0.0,64.51455168,42.560778240000005,0.0,0.0
2025-09-20,17.557600751999995,0.0,0.0,0.51,8.0,0.0,0.0,17.42,99.1,329.88,2.08,,,-0.5018127014158887,0.8649763075932705,47.64423076923077,,3.12,26.26375,440.46666666666664,0.0,0.0,1.0,0.0,0.0,0.0,0.0,0.0,bundang_cc,0,9,5,2025,autumn,0,0.0,0.0,4908.115512,83.9294784,0.0,0.0
2025-09-21,2.329806096,0.0,0.0,0.24375,8.0,0.0,0.0,16.77,86.92,329.72,2.07,,,-0.5042262111814556,0.8635716113661878,41.99033816425121,,3.1049999999999995,26.26375,440.46666666666664,0.0,0.0,1.0,0.0,0.0,0.0,0.0,0.0,bundang_cc,0,9,6,2025,autumn,0,0.0,0.0,1053.4560451199998,30.06509184,0.0,0.0
2025-09-22,101.629120896,0.0,0.0,6.675,8.0,4549.0,21.060185185185183,18.64,78.93,329.44,2.05,,,-0.5084403804536226,0.8610971951668264,38.50243902439025,,3.0749999999999997,26.26375,440.46666666666664,4549.0,0.0,1.0,0.0,0.0,0.0,0.0,0.0,bundang_cc,0,9,0,2025,autumn,0,0.0,0.0,139.78836576,42101.33671872,0.0,0.0
2025-09-23,143.4015792,0.0,0.0,3.32375,8.0,5031.0,23.291666666666664,21.9,59.84,330.0,2.09,,,-0.5000000000000004,0.8660254037844384,28.631578947368425,,3.135,26.26375,440.46666666666664,5031.0,0.0,1.0,0.0,0.0,0.0,0.0,0.0,bundang_cc,0,9,1,2025,autumn,0,0.0,0.0,6097.747253760001,9121.676388479998,0.0,0.0
2025-09-24,75.07909468799998,0.0,0.0,2.40625,8.0,4881.0,22.59722222222222,20.51,100.0,330.01,2.1,,,-0.4998488424383128,0.8661126570562738,47.61904761904762,,3.1500000000000004,26.26375,440.46666666666664,4881.0,0.0,1.0,0.0,0.0,0.0,0.0,0.0,bundang_cc,0,9,2,2025,autumn,0,0.0,0.0,8604.094751999999,191.52631872,0.0,0.0
2025-09-25,854.6637384,0.0,0.0,2.3625,8.0,4764.0,22.055555555555557,18.01,100.0,330.0,2.09,,,-0.5000000000000004,0.8660254037844384,47.84688995215311,,3.135,26.26375,440.46666666666664,4764.0,0.0,1.0,0.0,0.0,0.0,0.0,0.0,bundang_cc,0,9,3,2025,autumn,0,0.0,0.0,4504.745681279999,64.51455168,0.0,0.0
2025-09-26,1013.3606178719999,0.0,0.0,3.06625,8.0,4767.0,22.069444444444443,18.16,98.29,329.86,2.07,,,-0.5021146045279635,0.8648010892220979,47.48309178743962,,3.1049999999999995,26.26375,440.46666666666664,4767.0,0.0,1.0,0.0,0.0,0.0,0.0,0.0,bundang_cc,0,9,4,2025,autumn,0,0.0,0.0,51279.824304,4908.115512,0.0,0.0
2025-09-27,0.6172038719999999,0.0,0.0,0.44375,8.0,0.0,0.0,19.54,90.33,329.88,2.07,,,-0.5018127014158887,0.8649763075932705,43.63768115942029,,3.1049999999999995,26.26375,440.46666666666664,0.0,0.0,1.0,0.0,0.0,0.0,0.0,0.0,bundang_cc,0,9,5,2025,autumn,0,0.0,0.0,60801.637072319994,1053.4560451199998,0.0,0.0
2025-09-28,0.764175744,0.0,0.0,0.4975,8.0,0.0,0.0,17.74,97.39,329.99,2.08,,,-0.5001511423308164,0.865938124131961,46.82211538461539,,3.12,26.26375,440.46666666666664,0.0,0.0,1.0,0.0,0.0,0.0,0.0,0.0,bundang_cc,0,9,6,2025,autumn,0,0.0,0.0,37.03223232,139.78836576,0.0,0.0
2025-09-29,1270.993988304,0.0,0.0,3.87375,8.0,5127.0,23.73611111111111,15.85,98.22,329.47,2.05,,,-0.5079894413412566,0.8613632958779924,47.91219512195122,,3.0749999999999997,26.26375,440.46666666666664,5127.0,0.0,1.0,0.0,0.0,0.0,0.0,0.0,bundang_cc,0,9,0,2025,autumn,0,0.0,0.0,45.85054464,6097.747253760001,0.0,0.0
2025-09-30,1228.204650384,0.0,0.0,3.85,8.0,5008.0,23.185185185185187,15.97,99.98,329.44,2.05,,,-0.5084403804536226,0.8610971951668264,48.77073170731708,,3.0749999999999997,26.26375,440.46666666666664,5008.0,0.0,1.0,0.0,0.0,0.0,0.0,0.0,bundang_cc,0,9,1,2025,autumn,0,0.0,0.0,76259.63929824,8604.094751999999,0.0,0.0
2025-10-01,1197.3562276320001,0.0,0.0,4.08875,8.0,5385.0,24.930555555555557,15.99,92.89,329.85,2.06,,,-0.5022655331433721,0.8647134405201553,45.092233009708735,,3.09,26.81714285714286,440.35483870967744,5385.0,0.0,1.0,0.0,0.0,0.0,0.0,0.0,bundang_cc,0,10,2,2025,autumn,0,0.0,0.0,73692.27902304,4504.745681279999,0.0,0.0
2025-10-02,816.2154390239999,0.0,0.0,1.99875,8.0,4117.0,19.060185185185187,19.62,88.88,330.0,2.08,,,-0.5000000000000004,0.8660254037844384,42.730769230769226,,3.12,26.81714285714286,440.35483870967744,4117.0,0.0,1.0,0.0,0.0,0.0,0.0,0.0,bundang_cc,0,10,3,2025,autumn,0,0.0,0.0,71841.37365792,51279.824304,0.0,0.0
2025-10-03,0.225371664,0.0,0.0,0.14875,8.0,0.0,0.0,20.03,73.97,330.0,2.1,,,-0.5000000000000004,0.8660254037844384,35.22380952380952,,3.1500000000000004,26.81714285714286,440.35483870967744,0.0,0.0,1.0,0.0,0.0,0.0,0.0,0.0,bundang_cc,0,10,4,2025,autumn,0,0.0,0.0,48972.92634144,60801.637072319994,0.0,0.0
2025-10-04,0.433899216,0.0,0.0,0.32625,8.0,0.0,0.0,20.32,98.71,330.0,2.1,,,-0.5000000000000004,0.8660254037844384,47.0047619047619,,3.1500000000000004,26.81714285714286,440.35483870967744,0.0,0.0,1.0,0.0,0.0,0.0,0.0,0.0,bundang_cc,0,10,5,2025,autumn,0,0.0,0.0,13.52229984,37.03223232,0.0,0.0
2025-10-05,1.2722628960000002,0.0,0.0,0.9075,8.0,0.0,0.0,20.04,100.0,330.0,2.09,,,-0.5000000000000004,0.8660254037844384,47.84688995215311,,3.135,26.81714285714286,440.35483870967744,0.0,0.0,1.0,0.0,0.0,0.0,0.0,0.0,bundang_cc,0,10,6,2025,autumn,0,0.0,0.0,26.033952959999997,45.85054464,0.0,0.0
2025-10-06,1.1020898879999999,0.0,0.0,0.6799999999999999,8.0,0.0,0.0,15.79,100.0,329.47,2.06,,,-0.5079894413412566,0.8613632958779924,48.543689320388346,,3.09,26.81714285714286,440.35483870967744,0.0,0.0,1.0,0.0,0.0,0.0,0.0,0.0,bundang_cc,0,10,0,2025,autumn,0,0.0,0.0,76.33577376000001,76259.63929824,0.0,0.0
2025-10-07,0.548540784,0.0,0.0,0.515,8.0,0.0,0.0,18.3,100.0,330.0,2.09,,,-0.5000000000000004,0.8660254037844384,47.84688995215311,,3.135,26.81714285714286,440.35483870967744,0.0,0.0,1.0,0.0,0.0,0.0,0.0,0.0,bundang_cc,0,10,1,2025,autumn,0,0.0,0.0,66.12539328,73692.27902304,0.0,0.0
2025-10-08,0.173428416,0.0,0.0,0.2487499999999999,8.0,0.0,0.0,18.48,91.53,329.93,2.09,,,-0.5010576762096315,0.865413892372548,43.79425837320574,,3.135,26.81714285714286,440.35483870967744,0.0,0.0,1.0,0.0,0.0,0.0,0.0,0.0,bundang_cc,0,10,2,2025,autumn,0,0.0,0.0,32.912447039999996,71841.37365792,0.0,0.0
2025-10-09,0.08239176,0.0,0.0,0.145,8.0,0.0,0.0,18.75,71.29,330.0,2.09,,,-0.5000000000000004,0.8660254037844384,34.110047846889955,,3.135,26.81714285714286,440.35483870967744,0.0,0.0,1.0,0.0,0.0,0.0,0.0,0.0,bundang_cc,0,10,3,2025,autumn,0,0.0,0.0,10.40570496,48972.92634144,0.0,0.0
2025-10-10,952.3721648160001,0.0,0.0,2.5687499999999996,8.0,3338.0,15.453703703703702,17.75,99.76,330.0,2.09,,,-0.5000000000000004,0.8660254037844384,47.73205741626795,,3.135,26.81714285714286,440.35483870967744,3338.0,0.0,1.0,0.0,0.0,0.0,0.0,0.0,bundang_cc,0,10,4,2025,autumn,0,0.0,0.0,4.9435056,13.52229984,0.0,0.0
2025-10-11,0.15438758400000002,0.0,0.0,0.12,8.0,0.0,0.0,20.35,100.0,330.01,2.13,,,-0.4998488424383128,0.8661126570562738,46.948356807511736,,3.195,26.81714285714286,440.35483870967744,0.0,0.0,1.0,0.0,0.0,0.0,0.0,0.0,bundang_cc,0,10,5,2025,autumn,0,0.0,0.0,57142.329888960005,26.033952959999997,0.0,0.0
2025-10-12,0.050070095999999994,0.0,0.0,0.0412499999999999,8.0,0.0,0.0,18.03,86.76,329.72,2.08,,,-0.5042262111814556,0.8635716113661878,41.71153846153846,,3.12,26.81714285714286,440.35483870967744,0.0,0.0,1.0,0.0,0.0,0.0,0.0,0.0,bundang_cc,0,10,6,2025,autumn,0,0.0,0.0,9.26325504,76.33577376000001,0.0,0.0
2025-10-13,664.0716265920001,0.0,0.0,1.80375,8.0,3384.0,15.666666666666668,13.83,97.38,329.44,2.09,,,-0.5084403804536226,0.8610971951668264,46.5933014354067,,3.135,26.81714285714286,440.35483870967744,3384.0,0.0,1.0,0.0,0.0,0.0,0.0,0.0,bundang_cc,0,10,0,2025,autumn,0,0.0,0.0,3.0042057599999996,66.12539328,0.0,0.0
2025-10-14,639.90082584,0.0,0.0,2.4499999999999997,8.0,3178.0,14.712962962962964,15.45,96.91,329.47,2.05,,,-0.5079894413412566,0.8613632958779924,47.27317073170732,,3.0749999999999997,26.81714285714286,440.35483870967744,3178.0,0.0,1.0,0.0,0.0,0.0,0.0,0.0,bundang_cc,0,10,1,2025,autumn,0,0.0,0.0,39844.29759552001,32.912447039999996,0.0,0.0
2025-10-15,483.46003079999997,0.0,0.0,2.1825,8.0,3436.0,15.907407407407408,17.26,100.0,329.97,2.08,,,-0.500453381281421,0.8657634856957139,48.07692307692307,,3.12,26.81714285714286,440.35483870967744,3436.0,0.0,1.0,0.0,0.0,0.0,0.0,0.0,bundang_cc,0,10,2,2025,autumn,0,0.0,0.0,38394.0495504,10.40570496,0.0,0.0
2025-10-16,326.705982336,0.0,0.0,1.1125,8.0,2010.0,9.305555555555555,16.12,89.2,329.61,2.06,,,-0.505883219380882,0.8626019756230764,43.300970873786405,,3.09,26.81714285714286,440.35483870967744,2010.0,0.0,1.0,0.0,0.0,0.0,0.0,0.0,bundang_cc,0,10,3,2025,autumn,0,0.0,0.0,29007.601848,4.9435056,0.0,0.0
2025-10-17,409.61707344,0.0,0.0,1.47125,8.0,2184.0,10.11111111111111,17.09,100.0,330.0,2.08,,,-0.5000000000000004,0.8660254037844384,48.07692307692307,,3.12,26.81714285714286,440.35483870967744,2184.0,0.0,1.0,0.0,0.0,0.0,0.0,0.0,bundang_cc,0,10,4,2025,autumn,0,0.0,0.0,19602.35894016,57142.329888960005,0.0,0.0
2025-10-18,0.079435584,0.0,0.0,0.46125,8.0,0.0,0.0,14.36,96.5,329.43,2.06,,,-0.5085906625212233,0.8610084424651265,46.84466019417476,,3.09,26.81714285714286,440.35483870967744,0.0,0.0,1.0,0.0,0.0,0.0,0.0,0.0,bundang_cc,0,10,5,2025,autumn,0,0.0,0.0,24577.0244064,9.26325504,0.0,0.0
2025-10-19,0.022323024,0.0,0.0,0.325,8.0,0.0,0.0,9.41,69.33,329.99,2.09,,,-0.5001511423308164,0.865938124131961,33.172248803827756,,3.135,26.81714285714286,440.35483870967744,0.0,0.0,1.0,0.0,0.0,0.0,0.0,0.0,bundang_cc,0,10,6,2025,autumn,0,0.0,0.0,4.76613504,3.0042057599999996,0.0,0.0
2025-10-20,746.659178208,0.0,0.0,5.72375,8.0,4553.0,21.078703703703702,7.55,73.37,330.01,2.11,,,-0.4998488424383128,0.8661126570562738,34.77251184834124,,3.165,26.81714285714286,440.35483870967744,4553.0,0.0,1.0,0.0,0.0,0.0,0.0,0.0,bundang_cc,0,10,0,2025,autumn,0,0.0,0.0,1.33938144,39844.29759552001,0.0,0.0
2025-10-21,631.878502464,0.0,0.0,4.18625,8.0,4342.0,20.10185185185185,6.46,88.16,330.01,2.12,,,-0.4998488424383128,0.8661126570562738,41.58490566037735,,3.18,26.81714285714286,440.35483870967744,4342.0,0.0,1.0,0.0,0.0,0.0,0.0,0.0,bundang_cc,0,10,1,2025,autumn,0,0.0,0.0,44799.55069248,38394.0495504,0.0,0.0
2025-10-22,503.401794912,0.0,0.0,3.3275,8.0,4985.0,23.078703703703702,10.81,95.48,330.01,2.12,,,-0.4998488424383128,0.8661126570562738,45.0377358490566,,3.18,26.81714285714286,440.35483870967744,4985.0,0.0,1.0,0.0,0.0,0.0,0.0,0.0,bundang_cc,0,10,2,2025,autumn,0,0.0,0.0,37912.71014784,29007.601848,0.0,0.0
2025-10-23,548.08622856,0.0,0.0,1.67375,8.0,2624.0,12.148148148148149,11.54,88.41,330.01,2.11,,,-0.4998488424383128,0.8661126570562738,41.90047393364929,,3.165,26.81714285714286,440.35483870967744,2624.0,0.0,1.0,0.0,0.0,0.0,0.0,0.0,bundang_cc,0,10,3,2025,autumn,0,0.0,0.0,30204.10769472,19602.35894016,0.0,0.0
2025-10-24,1057.183473024,0.0,0.0,3.76,8.0,5617.0,26.004629629629623,15.02,74.79,330.01,2.1,,,-0.4998488424383128,0.8661126570562738,35.614285714285714,,3.1500000000000004,26.81714285714286,440.35483870967744,5617.0,0.0,1.0,0.0,0.0,0.0,0.0,0.0,bundang_cc,0,10,4,2025,autumn,0,0.0,0.0,32885.1737136,24577.0244064,0.0,0.0
2025-10-25,912.9010779359999,0.0,0.0,1.68,8.0,4796.0,22.203703703703702,10.51,75.92,330.01,2.11,,,-0.4998488424383128,0.8661126570562738,35.98104265402844,,3.165,26.81714285714286,440.35483870967744,4796.0,0.0,1.0,0.0,0.0,0.0,0.0,0.0,bundang_cc,0,10,5,2025,autumn,0,0.0,0.0,63431.00838144,4.76613504,0.0,0.0
2025-10-26,0.688912992,0.0,0.0,0.5025000000000001,8.0,0.0,0.0,11.53,66.06,330.0,2.14,,,-0.5000000000000004,0.8660254037844384,30.86915887850467,,3.21,26.81714285714286,440.35483870967744,0.0,0.0,1.0,0.0,0.0,0.0,0.0,0.0,bundang_cc,0,10,6,2025,autumn,0,0.0,0.0,54774.06467615999,1.33938144,0.0,0.0
2025-10-27,1842.089667408,0.0,0.0,5.605,8.0,6242.0,28.898148148148152,3.93,79.16,330.0,2.09,,,-0.5000000000000004,0.8660254037844384,37.875598086124405,,3.135,26.81714285714286,440.35483870967744,6242.0,0.0,1.0,0.0,0.0,0.0,0.0,0.0,bundang_cc,0,10,0,2025,autumn,0,0.0,0.0,41.33477952,44799.55069248,0.0,0.0
2025-10-28,1307.336563872,0.0,0.0,4.8575,8.0,6368.0,29.48148148148148,5.18,84.77,330.0,2.09,,,-0.5000000000000004,0.8660254037844384,40.55980861244019,,3.135,26.81714285714286,440.35483870967744,6368.0,0.0,1.0,0.0,0.0,0.0,0.0,0.0,bundang_cc,0,10,1,2025,autumn,0,0.0,0.0,110525.38004448,37912.71014784,0.0,0.0
2025-10-29,1120.6415472479998,0.0,0.0,4.175,8.0,5411.0,25.050925925925927,7.56,87.7,330.51,2.15,,,-0.4922716468786224,0.87044162680757,40.79069767441861,,3.2249999999999996,26.81714285714286,440.35483870967744,5411.0,0.0,1.0,0.0,0.0,0.0,0.0,0.0,bundang_cc,0,10,2,2025,autumn,0,0.0,0.0,78440.19383232,30204.10769472,0.0,0.0
2025-10-30,1149.0577356959998,0.0,0.0,4.5375,8.0,3329.0,15.412037037037038,9.03,86.85,330.01,2.13,,,-0.4998488424383128,0.8661126570562738,40.774647887323944,,3.195,26.81714285714286,440.35483870967744,3329.0,0.0,1.0,0.0,0.0,0.0,0.0,0.0,bundang_cc,0,10,3,2025,autumn,0,0.0,0.0,67238.49283487999,32885.1737136,0.0,0.0
2025-10-31,721.446995808,0.0,0.0,2.11,8.0,3473.0,16.078703703703702,13.23,74.28,330.01,2.13,,,-0.4998488424383128,0.8661126570562738,34.87323943661972,,3.195,26.81714285714286,440.35483870967744,3473.0,0.0,1.0,0.0,0.0,0.0,0.0,0.0,bundang_cc,0,10,4,2025,autumn,0,0.0,0.0,68943.46414175999,63431.00838144,0.0,0.0
2025-11-01,1087.277693328,0.0,0.0,2.28125,8.0,5026.0,23.26851851851852,9.08,97.38,330.01,2.13,,,-0.4998488424383128,0.8661126570562738,45.71830985915493,,3.195,25.99625,955.6,5026.0,0.0,1.0,0.0,0.0,0.0,0.0,0.0,bundang_cc,0,11,5,2025,autumn,0,0.0,0.0,43286.81974848,54774.06467615999,0.0,0.0
2025-11-02,152.590289184,0.0,0.0,1.445,8.0,938.0,4.342592592592593,3.12,54.62,330.0,2.12,,,-0.5000000000000004,0.8660254037844384,25.764150943396224,,3.18,25.99625,955.6,938.0,0.0,1.0,0.0,0.0,0.0,0.0,0.0,bundang_cc,0,11,6,2025,autumn,0,0.0,0.0,65236.66159968,41.33477952,0.0,0.0
2025-11-03,732.655235664,0.0,0.0,1.67625,8.0,3394.0,15.712962962962962,4.89,79.63,330.0,2.12,,,-0.5000000000000004,0.8660254037844384,37.561320754716974,,3.18,25.99625,955.6,3394.0,0.0,1.0,0.0,0.0,0.0,0.0,0.0,bundang_cc,0,11,0,2025,autumn,0,0.0,0.0,9155.41735104,110525.38004448,0.0,0.0
2025-11-04,1362.094950096,0.0,0.0,4.02375,8.0,6367.0,29.476851851851855,6.03,81.79,338.01,3.09,,,-0.374444763600814,0.9272492216291855,26.469255663430424,,4.635,25.99625,955.6,6367.0,0.0,1.0,0.0,0.0,0.0,0.0,0.0,bundang_cc,0,11,1,2025,autumn,0,0.0,0.0,43959.31413984,78440.19383232,0.0,0.0
2025-11-05,691.075305072,0.0,0.0,1.90875,8.0,3036.0,14.055555555555554,7.01,86.04,338.01,3.09,,,-0.374444763600814,0.9272492216291855,27.84466019417476,,4.635,25.99625,955.6,3036.0,0.0,1.0,0.0,0.0,0.0,0.0,0.0,bundang_cc,0,11,2,2025,autumn,0,0.0,0.0,81725.69700576,67238.49283487999,0.0,0.0
2025-11-06,714.763007568,0.0,0.0,1.8775,8.0,2922.0,13.527777777777777,8.76,93.55,338.01,3.09,,,-0.374444763600814,0.9272492216291855,30.27508090614887,,4.635,25.99625,955.6,2922.0,0.0,1.0,0.0,0.0,0.0,0.0,0.0,bundang_cc,0,11,3,2025,autumn,0,0.0,0.0,41464.51830432,68943.46414175999,0.0,0.0
2025-11-07,806.214180384,0.0,0.0,1.78375,8.0,3238.0,14.99074074074074,10.87,79.67,330.71,2.17,,,-0.4892302394948042,0.8721546725001572,36.714285714285715,,3.255,25.99625,955.6,3238.0,0.0,1.0,0.0,0.0,0.0,0.0,0.0,bundang_cc,0,11,4,2025,autumn,0,0.0,0.0,42885.78045408,43286.81974848,0.0,0.0
2025-11-08,1283.0559272639998,0.0,0.0,2.0575,8.0,4508.0,20.87037037037037,12.2,82.14,330.72,2.17,,,-0.4890780123379558,0.8722400460008439,37.852534562211986,,3.255,25.99625,955.6,4508.0,0.0,1.0,0.0,0.0,0.0,0.0,0.0,bundang_cc,0,11,5,2025,autumn,0,0.0,0.0,48372.85082304,65236.66159968,0.0,0.0
2025-11-09,0.7522559999999998,0.0,0.0,0.67,8.0,0.0,0.0,10.67,45.83,330.36,2.18,,,-0.4945487681382596,0.869149881167184,21.02293577981651,,3.2700000000000005,25.99625,955.6,0.0,0.0,1.0,0.0,0.0,0.0,0.0,0.0,bundang_cc,0,11,6,2025,autumn,0,0.0,0.0,76983.35563584,9155.41735104,0.0,0.0
2025-11-10,1232.766029808,0.0,0.0,2.2175,8.0,5010.0,23.194444444444446,3.95,52.55,330.26,2.17,,,-0.4960649668394204,0.8682854073831971,24.216589861751153,,3.255,25.99625,955.6,5010.0,0.0,1.0,0.0,0.0,0.0,0.0,0.0,bundang_cc,0,11,0,2025,autumn,0,0.0,0.0,45.13535999999999,43959.31413984,0.0,0.0
2025-11-11,1785.203437392,0.0,0.0,2.2775,8.0,7585.0,35.11574074074074,5.58,90.46,330.67,2.18,,,-0.4898389990477769,0.8718129128499257,41.49541284403669,,3.2700000000000005,25.99625,955.6,7585.0,0.0,1.0,0.0,0.0,0.0,0.0,0.0,bundang_cc,0,11,1,2025,autumn,0,0.0,0.0,73965.96178848,81725.69700576,0.0,0.0
2025-11-12,1552.219626528,0.0,0.0,2.555,8.0,4969.0,23.00462962962963,3.65,89.76,330.51,2.17,,,-0.4922716468786224,0.87044162680757,41.364055299539174,,3.255,25.99625,955.6,4969.0,0.0,1.0,0.0,0.0,0.0,0.0,0.0,bundang_cc,0,11,2,2025,autumn,0,0.0,0.0,107112.20624352,41464.51830432,0.0,0.0
2025-11-13,,,,,,3322.0,15.37962962962963,,,,,,,,,,,,25.99625,955.6,3322.0,0.0,1.0,0.0,0.0,0.0,0.0,0.0,bundang_cc,0,11,3,2025,autumn,0,0.0,0.0,93133.17759168,42885.78045408,0.0,0.0
2025-11-14,,,,,,5210.0,24.12037037037037,,,,,,,,,,,,25.99625,955.6,5210.0,0.0,1.0,0.0,0.0,0.0,0.0,0.0,bundang_cc,0,11,4,2025,autumn,0,,0.0,,48372.85082304,,0.0
2025-11-15,,,,,,5162.0,23.89814814814815,,,,,,,,,,,,25.99625,955.6,5162.0,0.0,1.0,0.0,0.0,0.0,0.0,0.0,bundang_cc,0,11,5,2025,autumn,0,,0.0,,76983.35563584,,0.0
2025-11-16,,,,,,5131.0,23.75462962962963,,,,,,,,,,,,25.99625,955.6,5131.0,0.0,1.0,0.0,0.0,0.0,0.0,0.0,bundang_cc,0,11,6,2025,autumn,0,,0.0,,45.13535999999999,,0.0
2025-11-17,,,,,,6862.0,31.76851851851852,,,,,,,,,,,,25.99625,955.6,6862.0,0.0,1.0,0.0,0.0,0.0,0.0,0.0,bundang_cc,0,11,0,2025,autumn,0,,0.0,,73965.96178848,,0.0
2025-11-18,,,,,,7716.0,35.72222222222222,,,,,,,,,,,,25.99625,955.6,7716.0,0.0,1.0,0.0,0.0,0.0,0.0,0.0,bundang_cc,0,11,1,2025,autumn,0,,0.0,,107112.20624352,,0.0
2025-11-19,,,,,,7745.0,35.85648148148148,,,,,,,,,,,,25.99625,955.6,7745.0,0.0,1.0,0.0,0.0,0.0,0.0,0.0,bundang_cc,0,11,2,2025,autumn,0,,0.0,,93133.17759168,,0.0
2025-11-20,,,,,,7731.0,35.791666666666664,,,,,,,,,,,,25.99625,955.6,7731.0,0.0,1.0,0.0,0.0,0.0,0.0,0.0,bundang_cc,0,11,3,2025,autumn,0,,,,,,
2025-11-21,,,,,,7654.0,35.43518518518518,,,,,,,,,,,,25.99625,955.6,7654.0,0.0,1.0,0.0,0.0,0.0,0.0,0.0,bundang_cc,0,11,4,2025,autumn,0,,,,,,
2025-11-22,,,,,,7574.0,35.06481481481482,,,,,,,,,,,,25.99625,955.6,7574.0,0.0,1.0,0.0,0.0,0.0,0.0,0.0,bundang_cc,0,11,5,2025,autumn,0,,,,,,
2025-11-23,,,,,,5084.0,23.53703703703704,,,,,,,,,,,,25.99625,955.6,5084.0,0.0,1.0,0.0,0.0,0.0,0.0,0.0,bundang_cc,0,11,6,2025,autumn,0,,,,,,
2025-11-24,,,,,,6321.0,29.26388888888889,,,,,,,,,,,,25.99625,955.6,6321.0,0.0,1.0,0.0,0.0,0.0,0.0,0.0,bundang_cc,0,11,0,2025,autumn,0,,,,,,
2025-11-25,,,,,,7571.0,35.050925925925924,,,,,,,,,,,,25.99625,955.6,7571.0,0.0,1.0,0.0,0.0,0.0,0.0,0.0,bundang_cc,0,11,1,2025,autumn,0,,,,,,
2025-11-26,,,,,,7591.0,35.14351851851852,,,,,,,,,,,,25.99625,955.6,7591.0,0.0,1.0,0.0,0.0,0.0,0.0,0.0,bundang_cc,0,11,2,2025,autumn,0,,,,,,
2025-11-27,,,,,,6865.0,31.78240740740741,,,,,,,,,,,,25.99625,955.6,6865.0,0.0,1.0,0.0,0.0,0.0,0.0,0.0,bundang_cc,0,11,3,2025,autumn,0,,,,,,
2025-11-28,,,,,,9252.0,42.833333333333336,,,,,,,,,,,,25.99625,955.6,9252.0,0.0,1.0,0.0,0.0,0.0,0.0,0.0,bundang_cc,0,11,4,2025,autumn,0,,,,,,
2025-11-29,,,,,,7633.0,35.33796296296296,,,,,,,,,,,,25.99625,955.6,7633.0,0.0,1.0,0.0,0.0,0.0,0.0,0.0,bundang_cc,0,11,5,2025,autumn,0,,,,,,
2025-11-30,,,,,,5098.0,23.60185185185185,,,,,,,,,,,,25.99625,955.6,5098.0,0.0,1.0,0.0,0.0,0.0,0.0,0.0,bundang_cc,0,11,6,2025,autumn,0,,,,,,
2025-12-01,,,,,,6720.0,31.11111111111111,,,,,,,,,,,,29.37,2001.1612903225807,6720.0,0.0,1.0,0.0,0.0,0.0,0.0,0.0,bundang_cc,0,12,0,2025,winter,1,,,,,,
2025-12-02,,,,,,9807.0,45.40277777777778,,,,,,,,,,,,29.37,2001.1612903225807,9807.0,0.0,1.0,0.0,0.0,0.0,0.0,0.0,bundang_cc,0,12,1,2025,winter,1,,,,,,
2025-12-03,,,,,,14857.0,68.7824074074074,,,,,,,,,,,,29.37,2001.1612903225807,14857.0,0.0,1.0,0.0,0.0,0.0,0.0,0.0,bundang_cc,0,12,2,2025,winter,1,,,,,,
2025-12-04,,,,,,14881.0,68.89351851851852,,,,,,,,,,,,29.37,2001.1612903225807,14881.0,0.0,1.0,0.0,0.0,0.0,0.0,0.0,bundang_cc,0,12,3,2025,winter,1,,,,,,
2025-12-05,,,,,,14334.0,66.36111111111111,,,,,,,,,,,,29.37,2001.1612903225807,14334.0,0.0,1.0,0.0,0.0,0.0,0.0,0.0,bundang_cc,0,12,4,2025,winter,1,,,,,,
2025-12-06,,,,,,10479.0,48.51388888888889,,,,,,,,,,,,29.37,2001.1612903225807,10479.0,0.0,1.0,0.0,0.0,0.0,0.0,0.0,bundang_cc,0,12,5,2025,winter,1,,,,,,
2025-12-07,,,,,,5311.0,24.587962962962965,,,,,,,,,,,,29.37,2001.1612903225807,5311.0,0.0,1.0,0.0,0.0,0.0,0.0,0.0,bundang_cc,0,12,6,2025,winter,1,,,,,,
2025-12-08,,,,,,10043.0,46.49537037037037,,,,,,,,,,,,29.37,2001.1612903225807,10043.0,0.0,1.0,0.0,0.0,0.0,0.0,0.0,bundang_cc,0,12,0,2025,winter,1,,,,,,
2025-12-09,,,,,,13207.0,61.14351851851851,,,,,,,,,,,,29.37,2001.1612903225807,13207.0,0.0,1.0,0.0,0.0,0.0,0.0,0.0,bundang_cc,0,12,1,2025,winter,1,,,,,,
2025-12-10,,,,,,10556.0,48.87037037037037,,,,,,,,,,,,29.37,2001.1612903225807,10556.0,0.0,1.0,0.0,0.0,0.0,0.0,0.0,bundang_cc,0,12,2,2025,winter,1,,,,,,
2025-12-11,,,,,,10719.0,49.625,,,,,,,,,,,,29.37,2001.1612903225807,10719.0,0.0,1.0,0.0,0.0,0.0,0.0,0.0,bundang_cc,0,12,3,2025,winter,1,,,,,,
2025-12-12,,,,,,12063.0,55.84722222222223,,,,,,,,,,,,29.37,2001.1612903225807,12063.0,0.0,1.0,0.0,0.0,0.0,0.0,0.0,bundang_cc,0,12,4,2025,winter,1,,,,,,
2025-12-13,,,,,,12133.0,56.17129629629629,,,,,,,,,,,,29.37,2001.1612903225807,12133.0,0.0,1.0,0.0,0.0,0.0,0.0,0.0,bundang_cc,0,12,5,2025,winter,1,,,,,,
2025-12-14,,,,,,7979.0,36.93981481481482,,,,,,,,,,,,29.37,2001.1612903225807,7979.0,0.0,1.0,0.0,0.0,0.0,0.0,0.0,bundang_cc,0,12,6,2025,winter,1,,,,,,
2025-12-15,,,,,,11682.0,54.083333333333336,,,,,,,,,,,,29.37,2001.1612903225807,11682.0,0.0,1.0,0.0,0.0,0.0,0.0,0.0,bundang_cc,0,12,0,2025,winter,1,,,,,,
2025-12-16,,,,,,11773.0,54.50462962962963,,,,,,,,,,,,29.37,2001.1612903225807,11773.0,0.0,1.0,0.0,0.0,0.0,0.0,0.0,bundang_cc,0,12,1,2025,winter,1,,,,,,
2025-12-17,,,,,,12762.0,59.08333333333333,,,,,,,,,,,,29.37,2001.1612903225807,12762.0,0.0,1.0,0.0,0.0,0.0,0.0,0.0,bundang_cc,0,12,2,2025,winter,1,,,,,,
2025-12-18,,,,,,11983.0,55.47685185185185,,,,,,,,,,,,29.37,2001.1612903225807,11983.0,0.0,1.0,0.0,0.0,0.0,0.0,0.0,bundang_cc,0,12,3,2025,winter,1,,,,,,
2025-12-19,,,,,,12070.0,55.87962962962963,,,,,,,,,,,,29.37,2001.1612903225807,12070.0,0.0,1.0,0.0,0.0,0.0,0.0,0.0,bundang_cc,0,12,4,2025,winter,1,,,,,,
2025-12-20,,,,,,12244.0,56.68518518518518,,,,,,,,,,,,29.37,2001.1612903225807,12244.0,0.0,1.0,0.0,0.0,0.0,0.0,0.0,bundang_cc,0,12,5,2025,winter,1,,,,,,
2025-12-21,,,,,,8055.0,37.291666666666664,,,,,,,,,,,,29.37,2001.1612903225807,8055.0,0.0,1.0,0.0,0.0,0.0,0.0,0.0,bundang_cc,0,12,6,2025,winter,1,,,,,,
2025-12-22,,,,,,11486.0,53.17592592592592,,,,,,,,,,,,29.37,2001.1612903225807,11486.0,0.0,1.0,0.0,0.0,0.0,0.0,0.0,bundang_cc,0,12,0,2025,winter,1,,,,,,
2025-12-23,,,,,,14065.0,65.11574074074075,,,,,,,,,,,,29.37,2001.1612903225807,14065.0,0.0,1.0,0.0,0.0,0.0,0.0,0.0,bundang_cc,0,12,1,2025,winter,1,,,,,,
2025-12-24,,,,,,12897.0,59.70833333333333,,,,,,,,,,,,29.37,2001.1612903225807,12897.0,0.0,1.0,0.0,0.0,0.0,0.0,0.0,bundang_cc,0,12,2,2025,winter,1,,,,,,
2025-12-25,,,,,,7589.0,35.13425925925926,,,,,,,,,,,,29.37,2001.1612903225807,7589.0,0.0,1.0,0.0,0.0,0.0,0.0,0.0,bundang_cc,0,12,3,2025,winter,1,,,,,,
2025-12-26,,,,,,12618.0,58.416666666666664,,,,,,,,,,,,29.37,2001.1612903225807,12618.0,0.0,1.0,0.0,0.0,0.0,0.0,0.0,bundang_cc,0,12,4,2025,winter,1,,,,,,
2025-12-27,,,,,,15506.0,71.78703703703704,,,,,,,,,,,,29.37,2001.1612903225807,15506.0,0.0,1.0,0.0,0.0,0.0,0.0,0.0,bundang_cc,0,12,5,2025,winter,1,,,,,,
2025-12-28,,,,,,8021.0,37.13425925925926,,,,,,,,,,,,29.37,2001.1612903225807,8021.0,0.0,1.0,0.0,0.0,0.0,0.0,0.0,bundang_cc,0,12,6,2025,winter,1,,,,,,
2025-12-29,,,,,,11318.0,52.39814814814815,,,,,,,,,,,,29.37,2001.1612903225807,11318.0,0.0,1.0,0.0,0.0,0.0,0.0,0.0,bundang_cc,0,12,0,2025,winter,1,,,,,,
2025-12-30,,,,,,13580.0,62.87037037037037,,,,,,,,,,,,29.37,2001.1612903225807,13580.0,0.0,1.0,0.0,0.0,0.0,0.0,0.0,bundang_cc,0,12,1,2025,winter,1,,,,,,
2025-12-31,,,,,,15815.0,73.2175925925926,,,,,,,,,,,,29.37,2001.1612903225807,15815.0,0.0,1.0,0.0,0.0,0.0,0.0,0.0,bundang_cc,0,12,2,2025,winter,1,,,,,,
2026-01-01,,,,,,10774.0,49.879629629629626,,,,,,,,,,,,29.4025,2710.290322580646,10774.0,0.0,1.0,0.0,0.0,0.0,0.0,0.0,bundang_cc,0,1,3,2026,winter,1,,,,,,
2026-01-02,,,,,,15990.0,74.02777777777779,,,,,,,,,,,,29.4025,2710.290322580646,15990.0,0.0,1.0,0.0,0.0,0.0,0.0,0.0,bundang_cc,0,1,4,2026,winter,1,,,,,,
2026-01-03,,,,,,15880.0,73.51851851851852,,,,,,,,,,,,29.4025,2710.290322580646,15880.0,0.0,1.0,0.0,0.0,0.0,0.0,0.0,bundang_cc,0,1,5,2026,winter,1,,,,,,
2026-01-04,,,,,,10699.0,49.532407407407405,,,,,,,,,,,,29.4025,2710.290322580646,10699.0,0.0,1.0,0.0,0.0,0.0,0.0,0.0,bundang_cc,0,1,6,2026,winter,1,,,,,,
2026-01-05,,,,,,16036.0,74.24074074074073,,,,,,,,,,,,29.4025,2710.290322580646,16036.0,0.0,1.0,0.0,0.0,0.0,0.0,0.0,bundang_cc,0,1,0,2026,winter,1,,,,,,
2026-01-06,,,,,,15763.0,72.97685185185185,,,,,,,,,,,,29.4025,2710.290322580646,15763.0,0.0,1.0,0.0,0.0,0.0,0.0,0.0,bundang_cc,0,1,1,2026,winter,1,,,,,,
2026-01-07,,,,,,15783.0,73.06944444444444,,,,,,,,,,,,29.4025,2710.290322580646,15783.0,0.0,1.0,0.0,0.0,0.0,0.0,0.0,bundang_cc,0,1,2,2026,winter,1,,,,,,
2026-01-08,2964.6454934880003,0.0,0.0,5.07625,8.0,14851.0,68.75462962962963,-7.98,63.05,322.94,1.27,,,-0.6026510221676311,0.798004853043081,49.64566929133858,,1.905,29.4025,2710.290322580646,14851.0,0.0,1.0,0.0,0.0,0.0,0.0,0.0,bundang_cc,0,1,3,2026,winter,1,,,,,,
2026-01-09,2999.652546384,0.0,0.0,4.8825,8.0,16443.0,76.125,4.5,63.4,324.0,1.36,,,-0.5877852522924734,0.8090169943749473,46.61764705882352,,2.04,29.4025,2710.290322580646,16443.0,0.0,1.0,0.0,0.0,0.0,0.0,0.0,bundang_cc,0,1,4,2026,winter,1,0.0,,177878.72960928,,0.0,
2026-01-10,2865.01763016,0.0,0.0,4.4375,8.0,14837.0,68.68981481481482,-4.64,44.79,323.72,1.39,,,-0.5917318206962239,0.8061348847280658,32.223021582733814,,2.085,29.4025,2710.290322580646,14837.0,0.0,1.0,0.0,0.0,0.0,0.0,0.0,bundang_cc,0,1,5,2026,winter,1,0.0,,179979.15278304,,0.0,
2026-01-11,1849.2439949280001,0.0,0.0,2.67625,8.0,10601.0,49.0787037037037,-9.43,44.14,323.01,1.23,,,-0.6016756257948523,0.7987405344192648,35.88617886178862,,1.845,29.4025,2710.290322580646,10601.0,0.0,1.0,0.0,0.0,0.0,0.0,0.0,bundang_cc,0,1,6,2026,winter,1,0.0,,171901.0578096,,0.0,
2026-01-12,2813.0686519680003,0.0,0.0,4.55125,8.0,15792.0,73.11111111111111,1.03,92.75,323.86,1.49,,,-0.5897602970758206,0.807578350374154,62.24832214765101,,2.235,29.4025,2710.290322580646,15792.0,0.0,1.0,0.0,0.0,0.0,0.0,0.0,bundang_cc,0,1,0,2026,winter,1,0.0,,110954.63969568,,0.0,
2026-01-13,3369.045896784,0.0,0.0,5.0287500000000005,8.0,17716.0,82.01851851851852,-7.44,43.41,323.01,1.29,,,-0.6016756257948523,0.7987405344192648,33.65116279069767,,1.935,29.4025,2710.290322580646,17716.0,0.0,1.0,0.0,0.0,0.0,0.0,0.0,bundang_cc,0,1,1,2026,winter,1,0.0,,168784.11911808,,0.0,
2026-01-14,3327.58798848,0.0,0.0,4.895,8.0,17035.0,78.86574074074075,0.75,43.0,323.72,1.4,,,-0.5917318206962239,0.8061348847280658,30.714285714285715,,2.0999999999999996,29.4025,2710.290322580646,17035.0,0.0,1.0,0.0,0.0,0.0,0.0,0.0,bundang_cc,0,1,2,2026,winter,1,0.0,,202142.75380704,,0.0,
2026-01-15,2771.068167936,0.0,0.0,4.63625,8.0,14794.0,68.49074074074075,0.59,97.42,324.01,1.38,,,-0.5876440432381446,0.8091195699318647,70.59420289855073,,2.07,29.4025,2710.290322580646,14794.0,0.0,1.0,0.0,0.0,0.0,0.0,0.0,bundang_cc,0,1,3,2026,winter,1,0.0,0.0,199655.2793088,177878.72960928,0.0,0.0
2026-01-16,3292.1922146399997,0.0,0.0,4.69125,8.0,15765.0,72.98611111111111,3.25,75.16,324.01,1.41,,,-0.5876440432381446,0.8091195699318647,53.304964539007095,,2.115,29.4025,2710.290322580646,15765.0,0.0,1.0,0.0,0.0,0.0,0.0,0.0,bundang_cc,0,1,4,2026,winter,1,0.0,0.0,166264.09007616,179979.15278304,0.0,0.0
2026-01-17,3174.037137792,0.0,0.0,4.81875,8.0,15056.0,69.7037037037037,-3.05,67.85,323.93,1.38,,,-0.5887732140930066,0.8082982756177267,49.166666666666664,,2.07,29.4025,2710.290322580646,15056.0,0.0,1.0,0.0,0.0,0.0,0.0,0.0,bundang_cc,0,1,5,2026,winter,1,0.0,0.0,197531.53287839997,171901.0578096,0.0,0.0
2026-01-18,2239.629103152,0.0,0.0,3.3825,8.0,10527.0,48.736111111111114,1.43,81.2,324.01,1.39,,,-0.5876440432381446,0.8091195699318647,58.417266187050366,,2.085,29.4025,2710.290322580646,10527.0,0.0,1.0,0.0,0.0,0.0,0.0,0.0,bundang_cc,0,1,6,2026,winter,1,0.0,0.0,190442.22826752,110954.63969568,0.0,0.0
2026-01-19,2938.60358352,0.0,0.0,4.8575,8.0,15654.0,72.47222222222223,-8.93,43.16,323.01,1.31,,,-0.6016756257948523,0.7987405344192648,32.94656488549618,,1.965,29.4025,2710.290322580646,15654.0,0.0,1.0,0.0,0.0,0.0,0.0,0.0,bundang_cc,0,1,0,2026,winter,1,0.0,0.0,134377.74618912,168784.11911808,0.0,0.0
2026-01-20,4191.583582512,0.0,0.0,6.09,8.0,18377.0,85.07870370370371,-8.58,45.26,323.0,1.31,,,-0.6018150231520483,0.7986355100472928,34.54961832061068,,1.965,29.4025,2710.290322580646,18377.0,0.0,1.0,0.0,0.0,0.0,0.0,0.0,bundang_cc,0,1,1,2026,winter,1,0.0,0.0,176316.2150112,202142.75380704,0.0,0.0
2026-01-21,3905.102610288,0.0,0.0,5.8,8.0,18521.0,85.74537037037037,-11.17,47.6,323.01,1.42,,,-0.6016756257948523,0.7987405344192648,33.521126760563384,,2.13,29.4025,2710.290322580646,18521.0,0.0,1.0,0.0,0.0,0.0,0.0,0.0,bundang_cc,0,1,2,2026,winter,1,0.0,0.0,251495.01495072,199655.2793088,0.0,0.0
2026-01-22,3586.004846352,0.0,0.0,4.89625,8.0,17701.0,81.94907407407406,-8.08,40.64,323.04,1.4,,,-0.6012573237717266,0.7990554615362198,29.028571428571432,,2.0999999999999996,29.4025,2710.290322580646,17701.0,0.0,1.0,0.0,0.0,0.0,0.0,0.0,bundang_cc,0,1,3,2026,winter,1,0.0,0.0,234306.15661728,166264.09007616,0.0,0.0
2026-01-23,3666.9711417119997,0.0,0.0,5.305,8.0,17216.0,79.7037037037037,-2.8,87.04,324.01,1.39,,,-0.5876440432381446,0.8091195699318647,62.61870503597123,,2.085,29.4025,2710.290322580646,17216.0,0.0,1.0,0.0,0.0,0.0,0.0,0.0,bundang_cc,0,1,4,2026,winter,1,0.0,0.0,215160.29078112,197531.53287839997,0.0,0.0
2026-01-24,3611.6123325119997,0.0,0.0,5.15,8.0,16881.0,78.15277777777779,-5.82,33.54,323.47,1.38,,,-0.5952436036630643,0.8035453019576487,24.304347826086957,,2.07,29.4025,2710.290322580646,16881.0,0.0,1.0,0.0,0.0,0.0,0.0,0.0,bundang_cc,0,1,5,2026,winter,1,0.0,0.0,220018.26850272,190442.22826752,0.0,0.0
2026-01-25,2223.275674608,0.0,0.0,3.2325,8.0,10614.0,49.138888888888886,-8.75,59.79,323.76,1.32,,,-0.5911688882223419,0.8065477949867325,45.29545454545454,,1.98,29.4025,2710.290322580646,10614.0,0.0,1.0,0.0,0.0,0.0,0.0,0.0,bundang_cc,0,1,6,2026,winter,1,0.0,0.0,216696.73995072,134377.74618912,0.0,0.0
2026-01-26,2951.764095744,0.0,0.0,4.55375,8.0,15671.0,72.55092592592592,-4.26,59.6,324.0,1.38,,,-0.5877852522924734,0.8090169943749473,43.18840579710145,,2.07,29.4025,2710.290322580646,15671.0,0.0,1.0,0.0,0.0,0.0,0.0,0.0,bundang_cc,0,1,0,2026,winter,1,0.0,0.0,133396.54047648,176316.2150112,0.0,0.0
2026-01-27,3148.454975616,0.0,0.0,4.41,8.0,17308.0,80.12962962962963,-6.72,43.04,324.01,1.45,,,-0.5876440432381446,0.8091195699318647,29.682758620689658,,2.175,29.4025,2710.290322580646,17308.0,0.0,1.0,0.0,0.0,0.0,0.0,0.0,bundang_cc,0,1,1,2026,winter,1,0.0,0.0,177105.84574463998,251495.01495072,0.0,0.0
2026-01-28,3367.708019712,0.0,0.0,4.71875,8.0,17252.0,79.87037037037037,-5.52,50.47,324.0,1.4,,,-0.5877852522924734,0.8090169943749473,36.05,,2.0999999999999996,29.4025,2710.290322580646,17252.0,0.0,1.0,0.0,0.0,0.0,0.0,0.0,bundang_cc,0,1,2,2026,winter,1,0.0,0.0,188907.29853696,234306.15661728,0.0,0.0
2026-01-29,3263.909990976,0.0,0.0,4.73,8.0,17403.0,80.56944444444444,-7.12,35.92,323.5,1.41,,,-0.594822786751341,0.8038568606172175,25.475177304964543,,2.115,29.4025,2710.290322580646,17403.0,0.0,1.0,0.0,0.0,0.0,0.0,0.0,bundang_cc,0,1,3,2026,winter,1,0.0,0.0,202062.48118272,215160.29078112,0.0,0.0
2026-01-30,3827.697646608,0.0,0.0,5.445,8.0,19769.0,91.52314814814817,-8.12,49.34,324.0,1.37,,,-0.5877852522924734,0.8090169943749473,36.01459854014598,,2.055,29.4025,2710.290322580646,19769.0,0.0,1.0,0.0,0.0,0.0,0.0,0.0,bundang_cc,0,1,4,2026,winter,1,0.0,0.0,195834.59945856,220018.26850272,0.0,0.0
2026-01-31,3328.2237349439997,0.0,0.0,4.745,8.0,15549.0,71.9861111111111,-2.66,62.84,324.01,1.39,,,-0.5876440432381446,0.8091195699318647,45.20863309352519,,2.085,29.4025,2710.290322580646,15549.0,0.0,1.0,0.0,0.0,0.0,0.0,0.0,bundang_cc,0,1,5,2026,winter,1,0.0,0.0,229661.85879648,216696.73995072,0.0,0.0
2026-02-01,2068.215807888,0.0,0.0,2.98875,8.0,10672.0,49.407407407407405,-3.41,55.25,324.01,1.37,,,-0.5876440432381446,0.8091195699318647,40.32846715328467,,2.055,28.94625,2416.5,10672.0,0.0,1.0,0.0,0.0,0.0,0.0,0.0,bundang_cc,0,2,6,2026,winter,1,0.0,0.0,199693.42409664,133396.54047648,0.0,0.0
2026-02-02,2847.769465824,0.0,0.0,4.5975,8.0,15344.0,71.03703703703704,-6.04,74.48,324.01,1.36,,,-0.5876440432381446,0.8091195699318647,54.76470588235294,,2.04,28.94625,2416.5,15344.0,0.0,1.0,0.0,0.0,0.0,0.0,0.0,bundang_cc,0,2,0,2026,winter,1,0.0,0.0,124092.94847328,177105.84574463998,0.0,0.0
2026-02-03,3158.484542496,0.0,0.0,4.715,8.0,17165.0,79.4675925925926,-1.31,79.34,324.01,1.38,,,-0.5876440432381446,0.8091195699318647,57.49275362318841,,2.07,28.94625,2416.5,17165.0,0.0,1.0,0.0,0.0,0.0,0.0,0.0,bundang_cc,0,2,1,2026,winter,1,0.0,0.0,170866.16794944,188907.29853696,0.0,0.0
2026-02-04,2911.354665984,0.0,0.0,4.58625,8.0,14586.0,67.52777777777777,-1.28,89.08,324.01,1.37,,,-0.5876440432381446,0.8091195699318647,65.02189781021897,,2.055,28.94625,2416.5,14586.0,0.0,1.0,0.0,0.0,0.0,0.0,0.0,bundang_cc,0,2,2,2026,winter,1,0.0,0.0,189509.07254976,202062.48118272,0.0,0.0
2026-02-05,3165.565348656,0.0,0.0,4.80875,8.0,14679.0,67.95833333333333,-1.43,48.63,324.01,1.47,,,-0.5876440432381446,0.8091195699318647,33.08163265306123,,2.205,28.94625,2416.5,14679.0,0.0,1.0,0.0,0.0,0.0,0.0,0.0,bundang_cc,0,2,3,2026,winter,1,0.0,0.0,174681.27995904,195834.59945856,0.0,0.0
2026-02-06,3919.362457536,0.0,0.0,5.66,8.0,17346.0,80.30555555555556,-7.08,31.4,324.01,1.45,,,-0.5876440432381446,0.8091195699318647,21.655172413793103,,2.175,28.94625,2416.5,17346.0,0.0,1.0,0.0,0.0,0.0,0.0,0.0,bundang_cc,0,2,4,2026,winter,1,0.0,0.0,189933.92091936,229661.85879648,0.0,0.0
2026-02-07,4115.851265088,0.0,0.0,5.7425,8.0,18053.0,83.57870370370371,-10.46,41.31,323.01,1.37,,,-0.6016756257948523,0.7987405344192648,30.153284671532845,,2.055,28.94625,2416.5,18053.0,0.0,1.0,0.0,0.0,0.0,0.0,0.0,bundang_cc,0,2,5,2026,winter,1,0.0,0.0,235161.74745216,199693.42409664,0.0,0.0
2026-02-08,2231.9672791679995,0.0,0.0,3.0875,8.0,10609.0,49.11574074074074,-7.41,38.47,323.82,1.4,,,-0.5903239493562946,0.8071664232464002,27.478571428571428,,2.0999999999999996,28.94625,2416.5,10609.0,0.0,1.0,0.0,0.0,0.0,0.0,0.0,bundang_cc,0,2,6,2026,winter,1,0.0,0.0,246951.07590528,124092.94847328,0.0,0.0
2026-02-09,3126.343685184,0.0,0.0,5.17875,8.0,16149.0,74.76388888888889,-4.01,76.72,324.01,1.4,,,-0.5876440432381446,0.8091195699318647,54.8,,2.0999999999999996,28.94625,2416.5,16149.0,0.0,1.0,0.0,0.0,0.0,0.0,0.0,bundang_cc,0,2,0,2026,winter,1,0.0,0.0,133918.03675007998,170866.16794944,0.0,0.0
2026-02-10,3403.7926223039995,0.0,0.0,5.285,8.0,16885.0,78.1712962962963,1.08,93.93,324.01,1.43,,,-0.5876440432381446,0.8091195699318647,65.6853146853147,,2.145,28.94625,2416.5,16885.0,0.0,1.0,0.0,0.0,0.0,0.0,0.0,bundang_cc,0,2,1,2026,winter,1,0.0,0.0,187580.62111104,189509.07254976,0.0,0.0
2026-02-11,4331.517157008,0.0,0.0,7.215,8.0,16347.0,75.68055555555556,-2.14,93.2,324.01,1.41,,,-0.5876440432381446,0.8091195699318647,66.09929078014186,,2.115,28.94625,2416.5,16347.0,0.0,1.0,0.0,0.0,0.0,0.0,0.0,bundang_cc,0,2,2,2026,winter,1,0.0,0.0,204227.55733823997,174681.27995904,0.0,0.0
2026-02-12,4223.658772656,0.0,0.0,7.0325,8.0,15636.0,72.38888888888889,1.33,87.54,324.01,1.41,,,-0.5876440432381446,0.8091195699318647,62.08510638297873,,2.115,28.94625,2416.5,15636.0,0.0,1.0,0.0,0.0,0.0,0.0,0.0,bundang_cc,0,2,3,2026,winter,1,0.0,0.0,259891.02942048,189933.92091936,0.0,0.0
2026-02-13,3776.351640048,0.0,0.0,5.98,8.0,16768.0,77.62962962962962,2.36,92.03,324.01,1.41,,,-0.5876440432381446,0.8091195699318647,65.2695035460993,,2.115,28.94625,2416.5,16768.0,0.0,1.0,0.0,0.0,0.0,0.0,0.0,bundang_cc,0,2,4,2026,winter,1,0.0,0.0,253419.52635936,235161.74745216,0.0,0.0
2026-02-14,3274.726551408,0.0,0.0,4.93,8.0,13906.0,64.37962962962963,3.38,95.44,324.01,1.41,,,-0.5876440432381446,0.8091195699318647,67.68794326241135,,2.115,28.94625,2416.5,13906.0,0.0,1.0,0.0,0.0,0.0,0.0,0.0,bundang_cc,0,2,5,2026,winter,1,0.0,0.0,226581.09840288,246951.07590528,0.0,0.0
2026-02-15,1877.419097856,0.0,0.0,3.24625,8.0,7822.0,36.21296296296296,0.77,47.59,324.01,1.43,,,-0.5876440432381446,0.8091195699318647,33.27972027972028,,2.145,28.94625,2416.5,7822.0,0.0,1.0,0.0,0.0,0.0,0.0,0.0,bundang_cc,0,2,6,2026,winter,1,0.0,0.0,196483.59308448,133918.03675007998,0.0,0.0
2026-02-16,1802.90059344,0.0,0.0,3.11625,8.0,7784.0,36.03703703703704,-2.1,59.85,324.01,1.42,,,-0.5876440432381446,0.8091195699318647,42.147887323943664,,2.13,28.94625,2416.5,7784.0,0.0,1.0,0.0,0.0,0.0,0.0,0.0,bundang_cc,0,2,0,2026,winter,1,0.0,0.0,112645.14587136,187580.62111104,0.0,0.0
2026-02-17,1874.679655248,0.0,0.0,3.3525,8.0,7763.0,35.93981481481482,-1.24,86.58,324.01,1.42,,,-0.5876440432381446,0.8091195699318647,60.971830985915496,,2.13,28.94625,2416.5,7763.0,0.0,1.0,0.0,0.0,0.0,0.0,0.0,bundang_cc,0,2,1,2026,winter,1,0.0,0.0,108174.0356064,204227.55733823997,0.0,0.0
2026-02-18,1784.261885184,0.0,0.0,3.09625,8.0,7787.0,36.05092592592592,-2.34,75.41,324.01,1.44,,,-0.5876440432381446,0.8091195699318647,52.36805555555556,,2.16,28.94625,2416.5,7787.0,0.0,1.0,0.0,0.0,0.0,0.0,0.0,bundang_cc,0,2,2,2026,winter,1,0.0,0.0,112480.77931488,259891.02942048,0.0,0.0
2026-02-19,2927.516303808,0.0,0.0,5.4625,8.0,14113.0,65.33796296296296,-1.81,72.38,324.01,1.42,,,-0.5876440432381446,0.8091195699318647,50.971830985915496,,2.13,28.94625,2416.5,14113.0,0.0,1.0,0.0,0.0,0.0,0.0,0.0,bundang_cc,0,2,3,2026,winter,1,0.0,0.0,107055.71311104,253419.52635936,0.0,0.0
2026-02-20,2989.109012688,0.0,0.0,4.55375,8.0,14168.0,65.5925925925926,2.49,62.85,324.26,1.44,,,-0.5841080103584346,0.8116759404067062,43.645833333333336,,2.16,28.94625,2416.5,14168.0,0.0,1.0,0.0,0.0,0.0,0.0,0.0,bundang_cc,0,2,4,2026,winter,1,0.0,0.0,175650.97822848,226581.09840288,0.0,0.0
2026-02-21,2796.27358824,0.0,0.0,4.55125,8.0,11892.0,55.05555555555556,9.16,45.36,326.0,1.6,,,-0.5591929034707466,0.8290375725550418,28.35,,2.4000000000000004,28.94625,2416.5,11892.0,0.0,1.0,0.0,0.0,0.0,0.0,0.0,bundang_cc,0,2,5,2026,winter,1,0.0,0.0,179346.54076128,196483.59308448,0.0,0.0
2026-02-22,2004.0803151840007,0.0,0.0,3.515,8.0,7740.0,35.833333333333336,0.84,24.58,324.01,1.45,,,-0.5876440432381446,0.8091195699318647,16.951724137931034,,2.175,28.94625,2416.5,7740.0,0.0,1.0,0.0,0.0,0.0,0.0,0.0,bundang_cc,0,2,6,2026,winter,1,0.0,0.0,167776.4152944,112645.14587136,0.0,0.0
2026-02-23,3406.018837392,0.0,0.0,5.88125,8.0,16503.0,76.40277777777777,0.81,35.58,324.01,1.42,,,-0.5876440432381446,0.8091195699318647,25.056338028169016,,2.13,28.94625,2416.5,16503.0,0.0,1.0,0.0,0.0,0.0,0.0,0.0,bundang_cc,0,2,0,2026,winter,1,0.0,0.0,120244.81891104004,108174.0356064,0.0,0.0
2026-02-24,3753.0103422239995,0.0,0.0,5.23375,8.0,20628.0,95.5,-0.6,55.38,324.01,1.5,,,-0.5876440432381446,0.8091195699318647,36.92,,2.25,28.94625,2416.5,20628.0,0.0,1.0,0.0,0.0,0.0,0.0,0.0,bundang_cc,0,2,1,2026,winter,1,0.0,0.0,204361.13024352,112480.77931488,0.0,0.0
2026-02-25,4164.006413808,0.0,0.0,5.8462499999999995,8.0,20304.0,94.0,5.87,55.58,328.0,1.86,,,-0.529919264233205,0.8480480961564258,29.881720430107524,,2.79,28.94625,2416.5,20304.0,0.0,1.0,0.0,0.0,0.0,0.0,0.0,bundang_cc,0,2,2,2026,winter,1,0.0,0.0,225180.62053343997,107055.71311104,0.0,0.0
2026-02-26,3795.349243824,0.0,0.0,5.8225,8.0,18735.0,86.73611111111111,6.97,61.96,326.0,1.65,,,-0.5591929034707466,0.8290375725550418,37.551515151515154,,2.4749999999999996,28.94625,2416.5,18735.0,0.0,1.0,0.0,0.0,0.0,0.0,0.0,bundang_cc,0,2,3,2026,winter,1,0.0,0.0,249840.38482848,175650.97822848,0.0,0.0
2026-02-27,2421.127190304,0.0,0.0,3.9275,8.0,11536.0,53.407407407407405,3.75,67.74,327.75,1.82,,,-0.5336145159156114,0.8457278217039733,37.21978021978022,,2.73,28.94625,2416.5,11536.0,0.0,1.0,0.0,0.0,0.0,0.0,0.0,bundang_cc,0,2,4,2026,winter,1,0.0,0.0,227720.95462944,179346.54076128,0.0,0.0
2026-02-28,1728.67941072,0.0,0.0,3.27,8.0,7570.0,35.0462962962963,8.33,53.93,326.97,1.72,,,-0.5450780872195286,0.8383852806634311,31.3546511627907,,2.58,28.94625,2416.5,7570.0,0.0,1.0,0.0,0.0,0.0,0.0,0.0,bundang_cc,0,2,5,2026,winter,1,0.0,0.0,145267.63141824,167776.4152944,0.0,0.0
2026-03-01,1312.551989712,0.0,0.0,3.89875,8.0,5807.0,26.88425925925926,8.02,53.03,326.0,1.67,,,-0.5591929034707466,0.8290375725550418,31.75449101796407,,2.505,28.31125,1259.9032258064517,5807.0,0.0,1.0,0.0,0.0,0.0,0.0,0.0,bundang_cc,0,3,6,2026,spring,1,0.0,0.0,103720.7646432,120244.81891104004,0.0,0.0
2026-03-02,1218.183291504,0.0,0.0,2.36375,8.0,5096.0,23.59259259259259,2.44,92.88,324.01,1.45,,,-0.5876440432381446,0.8091195699318647,64.0551724137931,,2.175,28.31125,1259.9032258064517,5096.0,0.0,1.0,0.0,0.0,0.0,0.0,0.0,bundang_cc,0,3,0,2026,spring,1,0.0,0.0,78753.11938272,204361.13024352,0.0,0.0
2026-03-03,1803.921010128,0.0,0.0,4.05875,8.0,8152.9764,37.74526111111111,2.91,70.15,327.25,1.78,,,-0.540974471367994,0.8410390129643923,39.41011235955057,,2.67,28.31125,1259.9032258064517,8152.9764,0.0,1.0,0.0,0.0,0.0,0.0,0.0,bundang_cc,0,3,1,2026,spring,1,0.0,0.0,73090.99749024,225180.62053343997,0.0,0.0
2026-03-04,1649.7000177119999,0.0,0.0,2.97,8.0,6978.0,32.30555555555556,2.17,66.66,325.3,1.56,,,-0.5692795234308441,0.8221440410307376,42.730769230769226,,2.34,28.31125,1259.9032258064517,6978.0,0.0,1.0,0.0,0.0,0.0,0.0,0.0,bundang_cc,0,3,2,2026,spring,1,0.0,0.0,108235.26060768,249840.38482848,0.0,0.0
2026-03-05,1555.660890864,0.0,0.0,3.045,8.0,6739.0,31.199074074074073,0.81,98.69,327.97,1.89,,,-0.5303632285175252,0.8477705148425884,52.216931216931215,,2.835,28.31125,1259.9032258064517,6739.0,0.0,1.0,0.0,0.0,0.0,0.0,0.0,bundang_cc,0,3,3,2026,spring,1,0.0,0.0,98982.00106272,227720.95462944,0.0,0.0
2026-03-06,1954.8521210879999,0.0,0.0,3.8075,8.0,8494.0,39.32407407407407,0.16,59.49,324.01,1.44,,,-0.5876440432381446,0.8091195699318647,41.3125,,2.16,28.31125,1259.9032258064517,8494.0,0.0,1.0,0.0,0.0,0.0,0.0,0.0,bundang_cc,0,3,4,2026,spring,1,0.0,0.0,93339.65345184,145267.63141824,0.0,0.0
2026-03-07,2298.057509376,0.0,0.0,3.96875,8.0,10248.0,47.44444444444444,-1.76,56.43,324.01,1.42,,,-0.5876440432381446,0.8091195699318647,39.73943661971831,,2.13,28.31125,1259.9032258064517,10248.0,0.0,1.0,0.0,0.0,0.0,0.0,0.0,bundang_cc,0,3,5,2026,spring,1,0.0,0.0,117291.12726528,103720.7646432,0.0,0.0
2026-03-08,1227.2208854399998,0.0,0.0,2.34375,8.0,5955.0,27.569444444444446,-0.82,72.04,324.01,1.42,,,-0.5876440432381446,0.8091195699318647,50.73239436619719,,2.13,28.31125,1259.9032258064517,5955.0,0.0,1.0,0.0,0.0,0.0,0.0,0.0,bundang_cc,0,3,6,2026,spring,1,0.0,0.0,137883.45056256,78753.11938272,0.0,0.0
2026-03-09,2095.92282456,0.0,0.0,8.30875,8.0,11300.0,52.31481481481482,0.75,65.24,324.01,1.42,,,-0.5876440432381446,0.8091195699318647,45.943661971830984,,2.13,28.31125,1259.9032258064517,11300.0,0.0,1.0,0.0,0.0,0.0,0.0,0.0,bundang_cc,0,3,0,2026,spring,1,0.0,0.0,73633.25312639998,73090.99749024,0.0,0.0
2026-03-10,2062.890859536,0.0,0.0,9.21875,8.0,10218.0,47.30555555555556,-0.82,59.42,324.01,1.42,,,-0.5876440432381446,0.8091195699318647,41.845070422535215,,2.13,28.31125,1259.9032258064517,10218.0,0.0,1.0,0.0,0.0,0.0,0.0,0.0,bundang_cc,0,3,1,2026,spring,1,0.0,0.0,125755.3694736,108235.26060768,0.0,0.0
2026-03-11,1915.192900224,0.0,0.0,9.0,8.0,9279.0,42.95833333333333,2.21,75.07,325.05,1.5,,,-0.5728613730277087,0.8196522721818127,50.04666666666666,,2.25,28.31125,1259.9032258064517,9279.0,0.0,1.0,0.0,0.0,0.0,0.0,0.0,bundang_cc,0,3,2,2026,spring,1,0.0,0.0,123773.45157216,98982.00106272,0.0,0.0
2026-03-12,2453.453103744,0.0,0.0,6.91875,8.0,9450.0,43.75,3.38,59.24,327.0,1.78,,,-0.544639035015027,0.838670567945424,33.28089887640449,,2.67,28.31125,1259.9032258064517,9450.0,0.0,1.0,0.0,0.0,0.0,0.0,0.0,bundang_cc,0,3,3,2026,spring,1,0.0,0.0,114911.57401344,93339.65345184,0.0,0.0
2026-03-13,1581.353795952,0.0,0.0,3.255,8.0,7754.0,35.898148148148145,3.36,52.24,327.25,1.76,,,-0.540974471367994,0.8410390129643923,29.681818181818183,,2.64,28.31125,1259.9032258064517,7754.0,0.0,1.0,0.0,0.0,0.0,0.0,0.0,bundang_cc,0,3,4,2026,spring,1,0.0,0.0,147207.18622464,117291.12726528,0.0,0.0
2026-03-14,1602.278110944,0.0,0.0,3.3275,8.0,7652.0,35.425925925925924,6.98,44.24,326.0,1.67,,,-0.5591929034707466,0.8290375725550418,26.491017964071855,,2.505,28.31125,1259.9032258064517,7652.0,0.0,1.0,0.0,0.0,0.0,0.0,0.0,bundang_cc,0,3,5,2026,spring,1,0.0,0.0,94881.22775712,137883.45056256,0.0,0.0
2026-03-15,1098.467522064,0.0,0.0,2.69375,8.0,5843.0,27.050925925925927,1.89,77.66,324.04,1.44,,,-0.5872203086883991,0.8094271487069736,53.93055555555556,,2.16,28.31125,1259.9032258064517,5843.0,0.0,1.0,0.0,0.0,0.0,0.0,0.0,bundang_cc,0,3,6,2026,spring,1,0.0,0.0,96136.68665664,73633.25312639998,0.0,0.0
2026-03-16,2142.48432096,0.0,0.0,5.1675,8.0,9910.0,45.87962962962963,2.73,57.7,327.97,1.86,,,-0.5303632285175252,0.8477705148425884,31.021505376344084,,2.79,28.31125,1259.9032258064517,9910.0,0.0,1.0,0.0,0.0,0.0,0.0,0.0,bundang_cc,0,3,0,2026,spring,1,0.0,0.0,65908.05132384,125755.3694736,0.0,0.0
2026-03-17,2193.172808832,0.0,0.0,5.66,8.0,10082.0,46.67592592592592,5.22,41.79,327.0,1.73,,,-0.544639035015027,0.838670567945424,24.156069364161848,,2.595,28.31125,1259.9032258064517,10082.0,0.0,1.0,0.0,0.0,0.0,0.0,0.0,bundang_cc,0,3,1,2026,spring,1,0.0,0.0,128549.0592576,123773.45157216,0.0,0.0
2026-03-18,2090.6979642720003,0.0,0.0,5.3075,8.0,10271.0,47.55092592592592,2.12,83.02,328.0,1.89,,,-0.529919264233205,0.8480480961564258,43.92592592592592,,2.835,28.31125,1259.9032258064517,10271.0,0.0,1.0,0.0,0.0,0.0,0.0,0.0,bundang_cc,0,3,2,2026,spring,1,0.0,0.0,131590.36852992,114911.57401344,0.0,0.0
2026-03-19,1828.5455782079998,0.0,0.0,4.9625,8.0,8585.0,39.74537037037037,1.92,73.73,324.08,1.44,,,-0.5866550788802816,0.8098369085340397,51.20138888888889,,2.16,28.31125,1259.9032258064517,8585.0,0.0,1.0,0.0,0.0,0.0,0.0,0.0,bundang_cc,0,3,3,2026,spring,1,0.0,0.0,125441.87785632,147207.18622464,0.0,0.0
2026-03-20,1323.044937216,0.0,0.0,2.4175,8.0,6792.0,31.444444444444446,2.07,66.69,327.5,1.83,,,-0.5372996083468242,0.8433914458128855,36.44262295081967,,2.745,28.31125,1259.9032258064517,6792.0,0.0,1.0,0.0,0.0,0.0,0.0,0.0,bundang_cc,0,3,4,2026,spring,1,0.0,0.0,109712.73469248,94881.22775712,0.0,0.0
2026-03-21,1159.930745856,0.0,0.0,2.05875,8.0,5824.0,26.96296296296296,3.3,38.74,327.97,1.85,,,-0.5303632285175252,0.8477705148425884,20.94054054054054,,2.7750000000000004,28.31125,1259.9032258064517,5824.0,0.0,1.0,0.0,0.0,0.0,0.0,0.0,bundang_cc,0,3,5,2026,spring,1,0.0,0.0,79382.69623296,96136.68665664,0.0,0.0
2026-03-22,1180.1036805119998,0.0,0.0,2.01375,8.0,4943.0,22.88425925925926,5.02,38.15,326.0,1.68,,,-0.5591929034707466,0.8290375725550418,22.708333333333332,,2.52,28.31125,1259.9032258064517,4943.0,0.0,1.0,0.0,0.0,0.0,0.0,0.0,bundang_cc,0,3,6,2026,spring,1,0.0,0.0,69595.84475136,65908.05132384,0.0,0.0
2026-03-23,1940.333464512,0.0,0.0,5.28,8.0,8320.0,38.51851851851852,7.16,58.09,326.0,1.66,,,-0.5591929034707466,0.8290375725550418,34.99397590361446,,2.49,28.31125,1259.9032258064517,8320.0,0.0,1.0,0.0,0.0,0.0,0.0,0.0,bundang_cc,0,3,0,2026,spring,1,0.0,0.0,70806.22083071999,128549.0592576,0.0,0.0
2026-03-24,1517.089160736,0.0,0.0,3.3975,8.0,7334.0,33.9537037037037,10.34,64.61,325.01,1.53,,,-0.5734334586132308,0.8192521397853461,42.22875816993464,,2.295,28.31125,1259.9032258064517,7334.0,0.0,1.0,0.0,0.0,0.0,0.0,0.0,bundang_cc,0,3,1,2026,spring,1,0.0,0.0,116420.00787072,131590.36852992,0.0,0.0
2026-03-25,2062.0677430080004,0.0,0.0,5.6425,8.0,9492.0,43.94444444444445,7.47,57.65,326.0,1.62,,,-0.5591929034707466,0.8290375725550418,35.58641975308642,,2.43,28.31125,1259.9032258064517,9492.0,0.0,1.0,0.0,0.0,0.0,0.0,0.0,bundang_cc,0,3,2,2026,spring,1,0.0,0.0,91025.34964416,125441.87785632,0.0,0.0
2026-03-26,2088.3860856,0.0,0.0,4.69,8.0,10052.0,46.53703703703704,6.96,66.68,326.0,1.64,,,-0.5591929034707466,0.8290375725550418,40.65853658536586,,2.46,28.31125,1259.9032258064517,10052.0,0.0,1.0,0.0,0.0,0.0,0.0,0.0,bundang_cc,0,3,3,2026,spring,1,0.0,0.0,123724.06458048002,109712.73469248,0.0,0.0
2026-03-27,845.777341728,0.0,0.0,1.93375,8.0,3351.0,15.513888888888888,7.36,77.15,326.0,1.63,,,-0.5591929034707466,0.8290375725550418,47.33128834355829,,2.445,28.31125,1259.9032258064517,3351.0,0.0,1.0,0.0,0.0,0.0,0.0,0.0,bundang_cc,0,3,4,2026,spring,1,0.0,0.0,125303.165136,79382.69623296,0.0,0.0
2026-03-28,0.562319856,0.0,0.0,0.39125,8.0,0.0,0.0,6.93,58.91,326.0,1.64,,,-0.5591929034707466,0.8290375725550418,35.920731707317074,,2.46,28.31125,1259.9032258064517,0.0,0.0,1.0,0.0,0.0,0.0,0.0,0.0,bundang_cc,0,3,5,2026,spring,1,0.0,0.0,50746.64050368,69595.84475136,0.0,0.0
2026-03-29,13.391512128,0.0,0.0,5.7562500000000005,8.0,706.0,3.2685185185185186,9.48,39.19,325.01,1.55,,,-0.5734334586132308,0.8192521397853461,25.283870967741933,,2.325,28.31125,1259.9032258064517,706.0,0.0,1.0,0.0,0.0,0.0,0.0,0.0,bundang_cc,0,3,6,2026,spring,1,0.0,0.0,33.73919136,70806.22083071999,0.0,0.0
2026-03-30,856.3244387039999,0.0,0.0,3.13125,8.0,3397.0,15.726851851851851,10.98,92.79,325.01,1.56,,,-0.5734334586132308,0.8192521397853461,59.48076923076923,,2.34,28.31125,1259.9032258064517,3397.0,0.0,1.0,0.0,0.0,0.0,0.0,0.0,bundang_cc,0,3,0,2026,spring,1,0.0,0.0,803.4907276800001,116420.00787072,0.0,0.0
2026-03-31,558.0668250719999,0.0,0.0,2.45125,8.0,2794.0,12.935185185185183,9.88,79.35,325.01,1.54,,,-0.5734334586132308,0.8192521397853461,51.52597402597402,,2.31,28.31125,1259.9032258064517,2794.0,0.0,1.0,0.0,0.0,0.0,0.0,0.0,bundang_cc,0,3,1,2026,spring,1,0.0,0.0,51379.46632224,91025.34964416,0.0,0.0
2026-04-01,506.78528875200004,0.0,0.0,2.14625,8.0,2411.0,11.162037037037036,6.61,69.64,332.01,2.34,,,-0.4693174522100329,0.883029517655601,29.76068376068376,,3.51,26.1325,268.26666666666665,2411.0,0.0,1.0,0.0,0.0,0.0,0.0,0.0,bundang_cc,0,4,2,2026,spring,0,0.0,0.0,33484.00950432,123724.06458048002,0.0,0.0
2026-04-02,474.084001728,0.0,0.0,2.11375,8.0,2418.0,11.194444444444445,6.62,73.52,332.01,2.37,,,-0.4693174522100329,0.883029517655601,31.021097046413495,,3.555,26.1325,268.26666666666665,2418.0,0.0,1.0,0.0,0.0,0.0,0.0,0.0,bundang_cc,0,4,3,2026,spring,0,0.0,0.0,30407.11732512,125303.165136,0.0,0.0
2026-04-03,622.031482368,0.0,0.0,3.4725,8.0,2595.0,12.01388888888889,13.26,55.34,332.01,2.39,,,-0.4693174522100329,0.883029517655601,23.154811715481173,,3.585,26.1325,268.26666666666665,2595.0,0.0,1.0,0.0,0.0,0.0,0.0,0.0,bundang_cc,0,4,4,2026,spring,0,0.0,0.0,28445.04010368,50746.64050368,0.0,0.0
2026-04-04,1.530594576,0.0,0.0,1.605,8.0,0.0,0.0,7.59,80.46,332.01,2.36,,,-0.4693174522100329,0.883029517655601,34.09322033898305,,3.54,26.1325,268.26666666666665,0.0,0.0,1.0,0.0,0.0,0.0,0.0,0.0,bundang_cc,0,4,5,2026,spring,0,0.0,0.0,37321.88894208,33.73919136,0.0,0.0
2026-04-05,0.952690032,0.0,0.0,1.05625,8.0,0.0,0.0,7.71,98.92,332.01,2.38,,,-0.4693174522100329,0.883029517655601,41.563025210084035,,3.57,26.1325,268.26666666666665,0.0,0.0,1.0,0.0,0.0,0.0,0.0,0.0,bundang_cc,0,4,6,2026,spring,0,0.0,0.0,91.83567456,803.4907276800001,0.0,0.0
2026-04-06,591.980305824,0.0,0.0,4.1225,8.0,2616.0,12.11111111111111,3.87,43.77,332.01,2.37,,,-0.4693174522100329,0.883029517655601,18.468354430379748,,3.555,26.1325,268.26666666666665,2616.0,0.0,1.0,0.0,0.0,0.0,0.0,0.0,bundang_cc,0,4,0,2026,spring,0,0.0,0.0,57.16140192,51379.46632224,0.0,0.0
2026-04-07,921.678287328,0.0,0.0,3.5475,8.0,3832.0,17.74074074074074,3.46,76.51,332.01,2.37,,,-0.4693174522100329,0.883029517655601,32.28270042194093,,3.555,26.1325,268.26666666666665,3832.0,0.0,1.0,0.0,0.0,0.0,0.0,0.0,bundang_cc,0,4,1,2026,spring,0,0.0,0.0,35518.81834944,33484.00950432,0.0,0.0
2026-04-08,882.369708624,0.0,0.0,2.93375,8.0,3925.0,18.171296296296298,6.43,52.37,332.01,2.38,,,-0.4693174522100329,0.883029517655601,22.004201680672267,,3.57,26.1325,268.26666666666665,3925.0,0.0,1.0,0.0,0.0,0.0,0.0,0.0,bundang_cc,0,4,2,2026,spring,0,0.0,0.0,55300.69723968,30407.11732512,0.0,0.0
2026-04-09,1065.585057552,0.0,0.0,21.85,8.0,6881.0,31.85648148148148,12.85,100.0,332.08,2.4,,,-0.4682382781476146,0.8836022379313879,41.66666666666667,,3.5999999999999996,26.1325,268.26666666666665,6881.0,0.0,1.0,0.0,0.0,0.0,0.0,0.0,bundang_cc,0,4,3,2026,spring,0,0.0,0.0,52942.18251744,28445.04010368,0.0,0.0
2026-04-10,404.747101152,0.0,0.0,7.27375,8.0,2178.0,10.083333333333332,8.44,88.61,332.01,2.4,,,-0.4693174522100329,0.883029517655601,36.920833333333334,,3.5999999999999996,26.1325,268.26666666666665,2178.0,0.0,1.0,0.0,0.0,0.0,0.0,0.0,bundang_cc,0,4,4,2026,spring,0,0.0,0.0,63935.10345312,37321.88894208,0.0,0.0
2026-04-11,2.422982592,0.0,0.0,2.24375,8.0,0.0,0.0,7.12,91.58,332.02,2.4,,,-0.4691633273379479,0.8831114155536579,38.15833333333333,,3.5999999999999996,26.1325,268.26666666666665,0.0,0.0,1.0,0.0,0.0,0.0,0.0,0.0,bundang_cc,0,4,5,2026,spring,0,0.0,0.0,24284.82606912,91.83567456,0.0,0.0
2026-04-12,1.518481008,0.0,0.0,1.83,8.0,0.0,0.0,10.92,55.55,332.04,2.39,,,-0.4688550347238768,0.8832751306439417,23.24267782426778,,3.585,26.1325,268.26666666666665,0.0,0.0,1.0,0.0,0.0,0.0,0.0,0.0,bundang_cc,0,4,6,2026,spring,0,0.0,0.0,145.37895552,57.16140192,0.0,0.0
2026-04-13,555.0691226399999,0.0,0.0,4.25875,8.0,2602.0,12.046296296296296,14.41,52.39,332.52,2.4,,,-0.461438959919192,0.8871719598075078,21.82916666666667,,3.5999999999999996,26.1325,268.26666666666665,2602.0,0.0,1.0,0.0,0.0,0.0,0.0,0.0,bundang_cc,0,4,0,2026,spring,0,0.0,0.0,91.10886048,35518.81834944,0.0,0.0
2026-04-14,545.971097952,0.0,0.0,3.8675,8.0,2485.0,11.50462962962963,14.24,53.55,332.07,2.41,,,-0.4683924886984538,0.8835205014773957,22.219917012448132,,3.615,26.1325,268.26666666666665,2485.0,0.0,1.0,0.0,0.0,0.0,0.0,0.0,bundang_cc,0,4,1,2026,spring,0,0.0,0.0,33304.1473584,55300.69723968,0.0,0.0
2026-04-15,845.2956667679999,0.0,0.0,3.97625,8.0,3436.0,15.907407407407408,13.98,63.56,332.67,2.41,,,-0.4591147704873604,0.8883769625110381,26.37344398340249,,3.615,26.1325,268.26666666666665,3436.0,0.0,1.0,0.0,0.0,0.0,0.0,0.0,bundang_cc,0,4,2,2026,spring,0,0.0,0.0,32758.26587712,52942.18251744,0.0,0.0
2026-04-16,166.428717552,0.0,0.0,2.9875,8.0,935.0,4.328703703703703,14.5,38.26,332.03,2.4,,,-0.4690091881743315,0.8831932865506024,15.941666666666666,,3.5999999999999996,26.1325,268.26666666666665,935.0,0.0,1.0,0.0,0.0,0.0,0.0,0.0,bundang_cc,0,4,3,2026,spring,0,0.0,0.0,50717.74000608,63935.10345312,0.0,0.0
2026-04-17,98.67555316800001,0.0,0.0,3.02,8.0,654.0,3.0277777777777777,10.66,74.19,332.34,2.42,,,-0.4642238111378243,0.8857179309309898,30.65702479338843,,3.63,26.1325,268.26666666666665,654.0,0.0,1.0,0.0,0.0,0.0,0.0,0.0,bundang_cc,0,4,4,2026,spring,0,0.0,0.0,9985.72305312,24284.82606912,0.0,0.0
2026-04-18,100.57994496,0.0,0.0,3.7675,8.0,729.0,3.375,14.53,72.95,332.04,2.41,,,-0.4688550347238768,0.8832751306439417,30.269709543568464,,3.615,26.1325,268.26666666666665,729.0,0.0,1.0,0.0,0.0,0.0,0.0,0.0,bundang_cc,0,4,5,2026,spring,0,0.0,0.0,5920.53319008,145.37895552,0.0,0.0
2026-04-19,2.7785364479999997,0.0,0.0,4.2375,8.0,0.0,0.0,14.95,59.0,332.01,2.4,,,-0.4693174522100329,0.883029517655601,24.583333333333336,,3.5999999999999996,26.1325,268.26666666666665,0.0,0.0,1.0,0.0,0.0,0.0,0.0,0.0,bundang_cc,0,4,6,2026,spring,0,0.0,0.0,6034.796697600001,91.10886048,0.0,0.0
2026-04-20,495.4619144160002,0.0,0.0,3.37125,8.0,2236.0,10.351851851851851,6.2,62.46,332.54,2.41,,,-0.4611292503784111,0.8873329783375825,25.91701244813278,,3.615,26.1325,268.26666666666665,2236.0,0.0,1.0,0.0,0.0,0.0,0.0,0.0,bundang_cc,0,4,0,2026,spring,0,0.0,0.0,166.71218688,33304.1473584,0.0,0.0
2026-04-21,670.5815477760002,0.0,0.0,2.37875,8.0,2894.0,13.398148148148149,8.06,76.68,332.88,2.42,,,-0.4558556223635001,0.8900537352090524,31.685950413223143,,3.63,26.1325,268.26666666666665,2894.0,0.0,1.0,0.0,0.0,0.0,0.0,0.0,bundang_cc,0,4,1,2026,spring,0,0.0,0.0,29727.71486496001,32758.26587712,0.0,0.0
2026-04-22,1.1011469759999999,0.0,0.0,1.23,8.0,0.0,0.0,9.89,61.19,332.35,2.42,,,-0.4640692171266884,0.8857989397800284,25.285123966942148,,3.63,26.1325,268.26666666666665,0.0,0.0,1.0,0.0,0.0,0.0,0.0,0.0,bundang_cc,0,4,2,2026,spring,0,0.0,0.0,40234.89286656001,50717.74000608,0.0,0.0
2026-04-23,0.796074336,0.0,0.0,1.49375,8.0,0.0,0.0,11.4,43.68,333.0,2.43,,,-0.4539904997395469,0.8910065241883678,17.975308641975307,,3.645000000000001,26.1325,268.26666666666665,0.0,0.0,1.0,0.0,0.0,0.0,0.0,0.0,bundang_cc,0,4,3,2026,spring,0,0.0,0.0,66.06881856,9985.72305312,0.0,0.0
2026-04-24,0.47712196799999995,0.0,0.0,1.0175,8.0,0.0,0.0,11.79,49.85,332.38,2.42,,,-0.4636053502939826,0.8860418044194042,20.59917355371901,,3.63,26.1325,268.26666666666665,0.0,0.0,1.0,0.0,0.0,0.0,0.0,0.0,bundang_cc,0,4,4,2026,spring,0,0.0,0.0,47.76446016,5920.53319008,0.0,0.0
2026-04-25,90.5091876,0.0,0.0,1.7675,8.0,519.0,2.4027777777777777,11.71,45.85,333.0,2.42,,,-0.4539904997395469,0.8910065241883678,18.946280991735534,,3.63,26.1325,268.26666666666665,519.0,0.0,1.0,0.0,0.0,0.0,0.0,0.0,bundang_cc,0,4,5,2026,spring,0,0.0,0.0,28.62731808,6034.796697600001,0.0,0.0
2026-04-26,0.568396512,0.0,0.0,0.8625,8.0,0.0,0.0,13.01,38.21,333.0,2.43,,,-0.4539904997395469,0.8910065241883678,15.724279835390943,,3.645000000000001,26.1325,268.26666666666665,0.0,0.0,1.0,0.0,0.0,0.0,0.0,0.0,bundang_cc,0,4,6,2026,spring,0,0.0,0.0,5430.551256000001,166.71218688,0.0,0.0
2026-04-27,0.516991104,0.0,0.0,0.8925,8.0,0.0,0.0,9.75,99.2,333.0,2.43,,,-0.4539904997395469,0.8910065241883678,40.82304526748971,,3.645000000000001,26.1325,268.26666666666665,0.0,0.0,1.0,0.0,0.0,0.0,0.0,0.0,bundang_cc,0,4,0,2026,spring,0,0.0,0.0,34.10379072,29727.71486496001,0.0,0.0
2026-04-28,193.58517297600002,0.0,0.0,1.63,8.0,1268.0,5.87037037037037,7.99,88.62,333.0,2.42,,,-0.4539904997395469,0.8910065241883678,36.6198347107438,,3.63,26.1325,268.26666666666665,1268.0,0.0,1.0,0.0,0.0,0.0,0.0,0.0,bundang_cc,0,4,1,2026,spring,0,0.0,0.0,31.01946624,40234.89286656001,0.0,0.0
2026-04-29,0.482930928,0.0,0.0,0.6975,8.0,0.0,0.0,10.45,54.72,333.01,2.44,,,-0.4538349828506274,0.8910857469070924,22.42622950819672,,3.66,26.1325,268.26666666666665,0.0,0.0,1.0,0.0,0.0,0.0,0.0,0.0,bundang_cc,0,4,2,2026,spring,0,0.0,0.0,11615.11037856,66.06881856,0.0,0.0
2026-04-30,111.394781424,0.0,0.0,6.5737499999999995,8.0,1192.0,5.518518518518518,14.34,41.11,333.01,2.49,,,-0.4538349828506274,0.8910857469070924,16.510040160642568,,3.735,26.1325,268.26666666666665,1192.0,0.0,1.0,0.0,0.0,0.0,0.0,0.0,bundang_cc,0,4,3,2026,spring,0,0.0,0.0,28.97585568,47.76446016,0.0,0.0
