date,SOx,NOx,먼지,n_units,gen_mwh,utilization,heat_efficiency,temp_mean,humidity_mean,wind_speed_mean,wind_speed_max,wind_sin,wind_cos,precipitation,stagnation_idx,solar_radiation,유연탄,유류,우드펠릿,api_gen_mwh,gen_mwh_combined,coal_ratio,oil_ratio,biomass_ratio,renewable_ratio,solar_mwh,wind_mwh,is_coal,plant,month,dayofweek,year,season,seasonal_mgmt,SOx_lag1,SOx_lag7,NOx_lag1,NOx_lag7,먼지_lag1,먼지_lag7
2020-07-16,11.22191568,5479.1075489760005,329.595430464,2.0,12990.709677419354,81.04850930689922,37.447643278571284,21.2,85.0,1.8333333333333333,2.7222222222222223,0.9510565162951536,-0.3090169943749473,1.3,46.36363636363637,20.47,6807.935483870968,0.0,0.0,,12990.709677419354,1.0,0.0,0.0,0.0,0.0,0.0,1,여수,7,3,2020,summer,0,,,,,,
2020-07-17,31.81144608,5520.242996352001,340.122665664,2.0,12990.709677419354,81.04850930689922,37.447643278571284,21.9,84.0,1.75,4.055555555555555,0.8910065241883679,-0.4539904997395467,0.3,48.0,21.97,6807.935483870968,0.0,0.0,,12990.709677419354,1.0,0.0,0.0,0.0,0.0,0.0,1,여수,7,4,2020,summer,0,11.22191568,,5479.1075489760005,,329.595430464,
2020-07-18,51.078369888,5775.909311664,352.890972432,2.0,12990.709677419354,81.04850930689922,37.447643278571284,21.4,88.0,2.694444444444444,4.111111111111112,0.9902680687415704,-0.1391731009600653,0.2,32.659793814432994,12.87,6807.935483870968,0.0,0.0,,12990.709677419354,1.0,0.0,0.0,0.0,0.0,0.0,1,여수,7,5,2020,summer,0,31.81144608,,5520.242996352001,,340.122665664,
2020-07-19,29.716076016000002,5570.386762176,360.550492704,2.0,12990.709677419354,81.04850930689922,37.447643278571284,23.4,96.0,5.055555555555555,7.5,0.5877852522924732,-0.8090169943749473,10.4,18.98901098901099,8.08,6807.935483870968,0.0,0.0,,12990.709677419354,1.0,0.0,0.0,0.0,0.0,0.0,1,여수,7,6,2020,summer,0,51.078369888,,5775.909311664,,352.890972432,
2020-07-20,35.226029952000005,5937.983320032,398.91285532800003,2.0,12990.709677419354,81.04850930689922,37.447643278571284,25.3,89.0,4.666666666666667,8.166666666666666,-0.4539904997395467,-0.8910065241883679,1.4,19.07142857142857,15.73,6807.935483870968,0.0,0.0,,12990.709677419354,1.0,0.0,0.0,0.0,0.0,0.0,1,여수,7,0,2020,summer,0,29.716076016000002,,5570.386762176,,360.550492704,
2020-07-21,136.45507967999998,5893.983510336,363.66448780800005,2.0,12990.709677419354,81.04850930689922,37.447643278571284,24.1,89.0,2.1666666666666665,3.333333333333333,-0.9271838545667872,-0.3746065934159123,17.2,41.07692307692308,15.43,6807.935483870968,0.0,0.0,,12990.709677419354,1.0,0.0,0.0,0.0,0.0,0.0,1,여수,7,1,2020,summer,0,35.226029952000005,,5937.983320032,,398.91285532800003,
2020-07-22,151.75890835200002,6334.426993248,317.75271638399994,2.0,12990.709677419354,81.04850930689922,37.447643278571284,23.8,97.0,1.5,3.4722222222222223,-0.3583679495453004,-0.9335804264972016,28.1,64.66666666666667,6.61,6807.935483870968,0.0,0.0,,12990.709677419354,1.0,0.0,0.0,0.0,0.0,0.0,1,여수,7,2,2020,summer,0,136.45507967999998,,5893.983510336,,363.66448780800005,
2020-07-23,131.005831824,6264.587912544001,305.879745312,2.0,12990.709677419354,81.04850930689922,37.447643278571284,23.1,97.0,4.583333333333333,8.61111111111111,0.5150380749100544,-0.8571673007021122,54.8,21.163636363636364,4.32,6807.935483870968,0.0,0.0,,12990.709677419354,1.0,0.0,0.0,0.0,0.0,0.0,1,여수,7,3,2020,summer,0,151.75890835200002,11.22191568,6334.426993248,5479.1075489760005,317.75271638399994,329.595430464
2020-07-24,252.02987179200005,6007.529299247999,299.853012096,2.0,12990.709677419354,81.04850930689922,37.447643278571284,22.4,90.0,6.694444444444445,10.638888888888888,-0.6018150231520484,-0.7986355100472928,6.5,13.443983402489629,11.41,6807.935483870968,0.0,0.0,,12990.709677419354,1.0,0.0,0.0,0.0,0.0,0.0,1,여수,7,4,2020,summer,0,131.005831824,31.81144608,6264.587912544001,5520.242996352001,305.879745312,340.122665664
2020-07-25,67.644754704,5358.877006176001,265.92385723200005,2.0,12990.709677419354,81.04850930689922,37.447643278571284,22.9,88.0,3.4444444444444446,4.5,-0.9335804264972016,-0.3583679495453007,1.9,25.548387096774192,17.85,6807.935483870968,0.0,0.0,,12990.709677419354,1.0,0.0,0.0,0.0,0.0,0.0,1,여수,7,5,2020,summer,0,252.02987179200005,51.078369888,6007.529299247999,5775.909311664,299.853012096,352.890972432
2020-07-26,116.685836064,5436.283162464,285.028139088,2.0,12990.709677419354,81.04850930689922,37.447643278571284,22.6,87.0,2.055555555555556,3.416666666666667,-0.3420201433256686,-0.9396926207859084,0.0,42.32432432432432,22.34,6807.935483870968,0.0,0.0,,12990.709677419354,1.0,0.0,0.0,0.0,0.0,0.0,1,여수,7,6,2020,summer,0,67.644754704,29.716076016000002,5358.877006176001,5570.386762176,265.92385723200005,360.550492704
2020-07-27,115.803472464,6230.343954816,328.18164695999997,2.0,12990.709677419354,81.04850930689922,37.447643278571284,22.4,95.0,2.0,4.305555555555555,0.9993908270190958,0.034899496702501,44.9,47.5,6.03,6807.935483870968,0.0,0.0,,12990.709677419354,1.0,0.0,0.0,0.0,0.0,0.0,1,여수,7,0,2020,summer,0,116.685836064,35.226029952000005,5436.283162464,5937.983320032,285.028139088,398.91285532800003
2020-07-28,62.050786560000006,5982.4501884,313.700748912,2.0,12990.709677419354,81.04850930689922,37.447643278571284,24.2,96.0,2.861111111111111,3.75,-0.1908089953765447,-0.981627183447664,11.7,33.55339805825243,11.19,6807.935483870968,0.0,0.0,,12990.709677419354,1.0,0.0,0.0,0.0,0.0,0.0,1,여수,7,1,2020,summer,0,115.803472464,136.45507967999998,6230.343954816,5893.983510336,328.18164695999997,363.66448780800005
2020-07-29,145.54310587199998,6513.245728128,324.68346144,2.0,12990.709677419354,81.04850930689922,37.447643278571284,24.6,96.0,1.6666666666666663,3.083333333333333,0.0174524064372834,-0.9998476951563912,13.5,57.60000000000001,12.74,6807.935483870968,0.0,0.0,,12990.709677419354,1.0,0.0,0.0,0.0,0.0,0.0,1,여수,7,2,2020,summer,0,62.050786560000006,151.75890835200002,5982.4501884,6334.426993248,313.700748912,317.75271638399994
2020-07-30,280.345609008,6206.4228011039995,324.60784084799997,2.0,12990.709677419354,81.04850930689922,37.447643278571284,25.0,93.0,2.305555555555556,4.75,-0.7431448254773944,-0.6691306063588581,23.3,40.33734939759036,14.96,6807.935483870968,0.0,0.0,,12990.709677419354,1.0,0.0,0.0,0.0,0.0,0.0,1,여수,7,3,2020,summer,0,145.54310587199998,131.005831824,6513.245728128,6264.587912544001,324.68346144,305.879745312
2020-07-31,422.97178305600005,6025.044423887999,329.90825131199995,2.0,12990.709677419354,81.04850930689922,37.447643278571284,25.8,90.0,2.1944444444444446,3.6666666666666665,-0.9335804264972016,-0.3583679495453007,0.0,41.0126582278481,20.64,6807.935483870968,0.0,0.0,,12990.709677419354,1.0,0.0,0.0,0.0,0.0,0.0,1,여수,7,4,2020,summer,0,280.345609008,252.02987179200005,6206.4228011039995,6007.529299247999,324.60784084799997,299.853012096
2020-08-01,362.22110928000006,5338.333866384,313.103771136,2.0,11007.516129032258,71.08189064363647,36.74871460263222,25.8,92.0,2.694444444444444,5.166666666666667,-0.4848096202463369,-0.8746197071393959,0.0,34.14432989690722,21.71,5865.354838709677,7.483870967741935,0.0,,11007.516129032258,0.9987256808269893,0.001274319173010799,0.0,0.0,0.0,0.0,1,여수,8,5,2020,summer,0,422.97178305600005,67.644754704,6025.044423887999,5358.877006176001,329.90825131199995,265.92385723200005
2020-08-02,315.01516550400004,5477.637064464001,318.84802329600006,2.0,11007.516129032258,71.08189064363647,36.74871460263222,26.0,92.0,2.8055555555555554,4.0,-0.374606593415912,-0.9271838545667874,0.5,32.79207920792079,16.18,5865.354838709677,7.483870967741935,0.0,,11007.516129032258,0.9987256808269893,0.001274319173010799,0.0,0.0,0.0,0.0,1,여수,8,6,2020,summer,0,362.22110928000006,116.685836064,5338.333866384,5436.283162464,313.103771136,285.028139088
2020-08-03,352.3971048479999,5638.081830336,325.377149472,2.0,11007.516129032258,71.08189064363647,36.74871460263222,26.1,92.0,4.694444444444444,6.888888888888889,-0.4694715627858908,-0.8829475928589269,1.5,19.59763313609468,15.07,5865.354838709677,7.483870967741935,0.0,,11007.516129032258,0.9987256808269893,0.001274319173010799,0.0,0.0,0.0,0.0,1,여수,8,0,2020,summer,0,315.01516550400004,115.803472464,5477.637064464001,6230.343954816,318.84802329600006,328.18164695999997
2020-08-04,714.8019108960001,5820.387726384,299.07475344,2.0,11007.516129032258,71.08189064363647,36.74871460263222,26.5,92.0,3.222222222222222,4.805555555555555,0.0348994967025011,-0.9993908270190958,3.3,28.55172413793104,19.61,5865.354838709677,7.483870967741935,0.0,,11007.516129032258,0.9987256808269893,0.001274319173010799,0.0,0.0,0.0,0.0,1,여수,8,1,2020,summer,0,352.3971048479999,62.050786560000006,5638.081830336,5982.4501884,325.377149472,313.700748912
2020-08-05,536.547948192,5598.349513056,274.26893846400003,2.0,11007.516129032258,71.08189064363647,36.74871460263222,26.7,91.0,4.972222222222221,7.027777777777778,0.2419218955996677,-0.9702957262759964,10.2,18.30167597765363,15.78,5865.354838709677,7.483870967741935,0.0,,11007.516129032258,0.9987256808269893,0.001274319173010799,0.0,0.0,0.0,0.0,1,여수,8,2,2020,summer,0,714.8019108960001,145.54310587199998,5820.387726384,6513.245728128,299.07475344,324.68346144
2020-08-06,674.1070739999999,5528.2208508,267.4353348,2.0,11007.516129032258,71.08189064363647,36.74871460263222,25.9,93.0,6.055555555555555,8.194444444444445,-0.5591929034707467,-0.8290375725550418,21.1,15.357798165137616,7.39,5865.354838709677,7.483870967741935,0.0,,11007.516129032258,0.9987256808269893,0.001274319173010799,0.0,0.0,0.0,0.0,1,여수,8,3,2020,summer,0,536.547948192,280.345609008,5598.349513056,6206.4228011039995,274.26893846400003,324.60784084799997
2020-08-07,492.81161198399997,5563.597792896,267.87867091199996,2.0,11007.516129032258,71.08189064363647,36.74871460263222,25.4,95.0,3.5833333333333335,5.972222222222222,-0.4539904997395467,-0.8910065241883679,22.6,26.51162790697674,8.91,5865.354838709677,7.483870967741935,0.0,,11007.516129032258,0.9987256808269893,0.001274319173010799,0.0,0.0,0.0,0.0,1,여수,8,4,2020,summer,0,674.1070739999999,422.97178305600005,5528.2208508,6025.044423887999,267.4353348,329.90825131199995
2020-08-08,521.511348384,5431.289181696,273.07804420800005,2.0,11007.516129032258,71.08189064363647,36.74871460263222,25.6,95.0,4.888888888888889,7.583333333333333,-0.4848096202463369,-0.8746197071393959,32.2,19.43181818181818,7.54,5865.354838709677,7.483870967741935,0.0,,11007.516129032258,0.9987256808269893,0.001274319173010799,0.0,0.0,0.0,0.0,1,여수,8,5,2020,summer,0,492.81161198399997,362.22110928000006,5563.597792896,5338.333866384,267.87867091199996,313.103771136
2020-08-09,462.37719110399996,5097.777355872,274.289168592,2.0,11007.516129032258,71.08189064363647,36.74871460263222,26.8,88.0,6.694444444444445,7.888888888888888,-0.1564344650402307,-0.9876883405951378,2.4,13.145228215767634,19.55,5865.354838709677,7.483870967741935,0.0,,11007.516129032258,0.9987256808269893,0.001274319173010799,0.0,0.0,0.0,0.0,1,여수,8,6,2020,summer,0,521.511348384,315.01516550400004,5431.289181696,5477.637064464001,273.07804420800005,318.84802329600006
2020-08-10,1927.9966356,5982.1949023199995,286.346478096,2.0,11007.516129032258,71.08189064363647,36.74871460263222,26.0,94.0,4.888888888888889,7.694444444444444,0.0174524064372834,-0.9998476951563912,63.3,19.227272727272727,8.92,5865.354838709677,7.483870967741935,0.0,,11007.516129032258,0.9987256808269893,0.001274319173010799,0.0,0.0,0.0,0.0,1,여수,8,0,2020,summer,0,462.37719110399996,352.3971048479999,5097.777355872,5638.081830336,274.289168592,325.377149472
2020-08-11,2597.4758626559997,6212.811220128,287.208787824,2.0,11007.516129032258,71.08189064363647,36.74871460263222,26.1,94.0,3.944444444444444,6.499999999999999,-0.4539904997395467,-0.8910065241883679,19.7,23.83098591549296,16.26,5865.354838709677,7.483870967741935,0.0,,11007.516129032258,0.9987256808269893,0.001274319173010799,0.0,0.0,0.0,0.0,1,여수,8,1,2020,summer,0,1927.9966356,714.8019108960001,5982.1949023199995,5820.387726384,286.346478096,299.07475344
2020-08-12,2187.712895184,5951.314164672,292.970480832,2.0,11007.516129032258,71.08189064363647,36.74871460263222,26.7,93.0,3.194444444444444,5.249999999999999,-0.5000000000000001,-0.8660254037844386,6.2,29.11304347826087,15.13,5865.354838709677,7.483870967741935,0.0,,11007.516129032258,0.9987256808269893,0.001274319173010799,0.0,0.0,0.0,0.0,1,여수,8,2,2020,summer,0,2597.4758626559997,536.547948192,6212.811220128,5598.349513056,287.208787824,274.26893846400003
2020-08-13,1958.664345264,5872.330050336001,292.746727152,2.0,11007.516129032258,71.08189064363647,36.74871460263222,27.1,90.0,2.9166666666666665,5.805555555555555,-0.4694715627858908,-0.8829475928589269,0.5,30.857142857142858,21.84,5865.354838709677,7.483870967741935,0.0,,11007.516129032258,0.9987256808269893,0.001274319173010799,0.0,0.0,0.0,0.0,1,여수,8,3,2020,summer,0,2187.712895184,674.1070739999999,5951.314164672,5528.2208508,292.970480832,267.4353348
2020-08-14,2028.3943901760003,6093.992725056,310.420519776,2.0,11007.516129032258,71.08189064363647,36.74871460263222,27.7,89.0,4.138888888888889,5.75,-0.6293203910498376,-0.7771459614569708,0.0,21.503355704697984,22.63,5865.354838709677,7.483870967741935,0.0,,11007.516129032258,0.9987256808269893,0.001274319173010799,0.0,0.0,0.0,0.0,1,여수,8,4,2020,summer,0,1958.664345264,492.81161198399997,5872.330050336001,5563.597792896,292.746727152,267.87867091199996
2020-08-15,1104.730262064,5522.188030415999,314.008892352,2.0,11007.516129032258,71.08189064363647,36.74871460263222,28.0,85.0,3.5277777777777777,4.694444444444444,-0.848048096156426,-0.529919264233205,0.0,24.094488188976374,24.02,5865.354838709677,7.483870967741935,0.0,,11007.516129032258,0.9987256808269893,0.001274319173010799,0.0,0.0,0.0,0.0,1,여수,8,5,2020,summer,0,2028.3943901760003,521.511348384,6093.992725056,5431.289181696,310.420519776,273.07804420800005
2020-08-16,422.303932224,5758.0964791199995,332.593445808,2.0,11007.516129032258,71.08189064363647,36.74871460263222,27.5,86.0,3.0277777777777777,4.666666666666667,-0.848048096156426,-0.529919264233205,0.0,28.403669724770644,23.34,5865.354838709677,7.483870967741935,0.0,,11007.516129032258,0.9987256808269893,0.001274319173010799,0.0,0.0,0.0,0.0,1,여수,8,6,2020,summer,0,1104.730262064,462.37719110399996,5522.188030415999,5097.777355872,314.008892352,274.289168592
2020-08-17,316.058501952,6022.451284992001,340.7202794880001,2.0,11007.516129032258,71.08189064363647,36.74871460263222,27.9,85.0,2.4444444444444446,3.222222222222222,-0.9986295347545738,-0.0523359562429443,0.0,34.77272727272727,25.38,5865.354838709677,7.483870967741935,0.0,,11007.516129032258,0.9987256808269893,0.001274319173010799,0.0,0.0,0.0,0.0,1,여수,8,0,2020,summer,0,422.303932224,1927.9966356,5758.0964791199995,5982.1949023199995,332.593445808,286.346478096
2020-08-18,136.07130528000002,5846.303429568001,345.64804704000005,2.0,11007.516129032258,71.08189064363647,36.74871460263222,28.3,85.0,2.1944444444444446,3.7777777777777777,-0.981627183447664,-0.1908089953765446,0.0,38.73417721518987,24.56,5865.354838709677,7.483870967741935,0.0,,11007.516129032258,0.9987256808269893,0.001274319173010799,0.0,0.0,0.0,0.0,1,여수,8,1,2020,summer,0,316.058501952,2597.4758626559997,6022.451284992001,6212.811220128,340.7202794880001,287.208787824
2020-08-19,115.712250192,6021.260343216,343.64422713600004,2.0,11007.516129032258,71.08189064363647,36.74871460263222,28.8,81.0,2.25,3.611111111111111,-0.9781476007338056,0.2079116908177594,0.0,36.0,25.12,5865.354838709677,7.483870967741935,0.0,,11007.516129032258,0.9987256808269893,0.001274319173010799,0.0,0.0,0.0,0.0,1,여수,8,2,2020,summer,0,136.07130528000002,2187.712895184,5846.303429568001,5951.314164672,345.64804704000005,292.970480832
2020-08-20,162.86007744,6044.16601728,356.73905476799996,2.0,11007.516129032258,71.08189064363647,36.74871460263222,28.2,78.0,1.6388888888888888,3.222222222222222,-0.9945218953682734,-0.1045284632676533,0.0,47.59322033898305,25.2,5865.354838709677,7.483870967741935,0.0,,11007.516129032258,0.9987256808269893,0.001274319173010799,0.0,0.0,0.0,0.0,1,여수,8,3,2020,summer,0,115.712250192,1958.664345264,6021.260343216,5872.330050336001,343.64422713600004,292.746727152
2020-08-21,217.62582335999997,5659.06424616,759.5681438880001,2.0,11007.516129032258,71.08189064363647,36.74871460263222,27.2,83.0,2.055555555555556,3.5833333333333335,0.8480480961564261,-0.5299192642332048,0.0,40.37837837837837,22.96,5865.354838709677,7.483870967741935,0.0,,11007.516129032258,0.9987256808269893,0.001274319173010799,0.0,0.0,0.0,0.0,1,여수,8,4,2020,summer,0,162.86007744,2028.3943901760003,6044.16601728,6093.992725056,356.73905476799996,310.420519776
2020-08-22,678.274601472,2889.0042924960003,471.932954496,2.0,11007.516129032258,71.08189064363647,36.74871460263222,26.2,84.0,2.4166666666666665,3.9722222222222223,0.9993908270190958,0.034899496702501,0.0,34.758620689655174,14.72,5865.354838709677,7.483870967741935,0.0,,11007.516129032258,0.9987256808269893,0.001274319173010799,0.0,0.0,0.0,0.0,1,여수,8,5,2020,summer,0,217.62582335999997,1104.730262064,5659.06424616,5522.188030415999,759.5681438880001,314.008892352
2020-08-23,1157.0355276480002,2630.32913304,314.248932432,2.0,11007.516129032258,71.08189064363647,36.74871460263222,26.4,84.0,1.1944444444444444,3.4444444444444446,-0.2588190451025208,-0.9659258262890684,4.1,70.32558139534883,17.9,5865.354838709677,7.483870967741935,0.0,,11007.516129032258,0.9987256808269893,0.001274319173010799,0.0,0.0,0.0,0.0,1,여수,8,6,2020,summer,0,678.274601472,422.303932224,2889.0042924960003,5758.0964791199995,471.932954496,332.593445808
2020-08-24,924.180246,2735.6481155520005,311.966051472,2.0,11007.516129032258,71.08189064363647,36.74871460263222,27.1,84.0,2.0833333333333335,4.111111111111112,0.7071067811865476,-0.7071067811865475,0.1,40.32,23.4,5865.354838709677,7.483870967741935,0.0,,11007.516129032258,0.9987256808269893,0.001274319173010799,0.0,0.0,0.0,0.0,1,여수,8,0,2020,summer,0,1157.0355276480002,316.058501952,2630.32913304,6022.451284992001,314.248932432,340.7202794880001
2020-08-25,739.788626304,2770.809327648,315.66758457599997,2.0,11007.516129032258,71.08189064363647,36.74871460263222,28.3,78.0,3.638888888888889,5.416666666666667,0.9945218953682732,-0.1045284632676535,0.1,21.435114503816795,23.32,5865.354838709677,7.483870967741935,0.0,,11007.516129032258,0.9987256808269893,0.001274319173010799,0.0,0.0,0.0,0.0,1,여수,8,1,2020,summer,0,924.180246,136.07130528000002,2735.6481155520005,5846.303429568001,311.966051472,345.64804704000005
2020-08-26,960.5605812480001,2988.1860526079995,307.367529408,2.0,11007.516129032258,71.08189064363647,36.74871460263222,27.0,86.0,7.805555555555555,11.777777777777777,0.8571673007021123,-0.5150380749100543,16.9,11.01779359430605,13.13,5865.354838709677,7.483870967741935,0.0,,11007.516129032258,0.9987256808269893,0.001274319173010799,0.0,0.0,0.0,0.0,1,여수,8,2,2020,summer,0,739.788626304,115.712250192,2770.809327648,6021.260343216,315.66758457599997,343.64422713600004
2020-08-27,691.4211408,2870.0116502399997,283.0162104,2.0,11007.516129032258,71.08189064363647,36.74871460263222,26.9,91.0,5.583333333333334,11.333333333333332,0.1564344650402309,-0.9876883405951375,37.9,16.298507462686565,15.09,5865.354838709677,7.483870967741935,0.0,,11007.516129032258,0.9987256808269893,0.001274319173010799,0.0,0.0,0.0,0.0,1,여수,8,3,2020,summer,0,960.5605812480001,162.86007744,2988.1860526079995,6044.16601728,307.367529408,356.73905476799996
2020-08-28,746.393846688,2786.9227041599997,344.877622992,2.0,11007.516129032258,71.08189064363647,36.74871460263222,26.2,94.0,2.2222222222222223,3.1111111111111107,0.7313537016191706,-0.6819983600624984,12.7,42.3,11.21,5865.354838709677,7.483870967741935,0.0,,11007.516129032258,0.9987256808269893,0.001274319173010799,0.0,0.0,0.0,0.0,1,여수,8,4,2020,summer,0,691.4211408,217.62582335999997,2870.0116502399997,5659.06424616,283.0162104,759.5681438880001
2020-08-29,357.791484816,4122.490124016,392.86382039999995,2.0,11007.516129032258,71.08189064363647,36.74871460263222,26.7,92.0,2.638888888888889,4.638888888888888,0.0871557427476582,-0.9961946980917455,19.7,34.863157894736844,14.77,5865.354838709677,7.483870967741935,0.0,,11007.516129032258,0.9987256808269893,0.001274319173010799,0.0,0.0,0.0,0.0,1,여수,8,5,2020,summer,0,746.393846688,678.274601472,2786.9227041599997,2889.0042924960003,344.877622992,471.932954496
2020-08-30,785.7993349440001,6241.469210208,357.94989504,2.0,11007.516129032258,71.08189064363647,36.74871460263222,27.7,89.0,1.3055555555555556,2.4722222222222223,-0.9659258262890684,0.2588190451025203,2.3,68.17021276595744,20.72,5865.354838709677,7.483870967741935,0.0,,11007.516129032258,0.9987256808269893,0.001274319173010799,0.0,0.0,0.0,0.0,1,여수,8,6,2020,summer,0,357.791484816,1157.0355276480002,4122.490124016,2630.32913304,392.86382039999995,314.248932432
2020-08-31,793.901103552,6180.257829888,381.799397664,2.0,11007.516129032258,71.08189064363647,36.74871460263222,27.0,83.0,4.027777777777778,5.611111111111111,0.90630778703665,0.4226182617406994,1.0,20.606896551724137,21.67,5865.354838709677,7.483870967741935,0.0,,11007.516129032258,0.9987256808269893,0.001274319173010799,0.0,0.0,0.0,0.0,1,여수,8,0,2020,summer,0,785.7993349440001,924.180246,6241.469210208,2735.6481155520005,357.94989504,311.966051472
2020-09-01,699.61441968,6018.920029296,383.31456091200005,2.0,8895.5,63.06293923894104,36.681772356809624,25.6,82.0,4.777777777777778,5.888888888888888,0.8829475928589269,0.4694715627858908,3.4,17.16279069767442,17.41,4845.9,9.2,0.0,,8895.5,0.9981050853741427,0.001894914625857346,0.0,0.0,0.0,0.0,1,여수,9,1,2020,autumn,0,793.901103552,739.788626304,6180.257829888,2770.809327648,381.799397664,315.66758457599997
2020-09-02,1114.0994923199999,6076.608076800001,373.734074736,2.0,8895.5,63.06293923894104,36.681772356809624,25.1,92.0,8.166666666666666,14.36111111111111,0.754709580222772,0.6560590289905073,61.3,11.26530612244898,6.52,4845.9,9.2,0.0,,8895.5,0.9981050853741427,0.001894914625857346,0.0,0.0,0.0,0.0,1,여수,9,2,2020,autumn,0,699.61441968,960.5605812480001,6018.920029296,2988.1860526079995,383.31456091200005,307.367529408
2020-09-03,2227.150900944,6049.468074960001,377.743360896,2.0,8895.5,63.06293923894104,36.681772356809624,24.7,80.0,8.777777777777779,17.61111111111111,-0.9961946980917455,0.0871557427476578,65.3,9.11392405063291,21.12,4845.9,9.2,0.0,,8895.5,0.9981050853741427,0.001894914625857346,0.0,0.0,0.0,0.0,1,여수,9,3,2020,autumn,0,1114.0994923199999,691.4211408,6076.608076800001,2870.0116502399997,373.734074736,283.0162104
2020-09-04,1492.4333352960002,5952.734063712,381.49621487999997,2.0,8895.5,63.06293923894104,36.681772356809624,23.4,82.0,2.0277777777777777,3.083333333333333,-0.6427876096865393,-0.766044443118978,0.3,40.43835616438356,21.58,4845.9,9.2,0.0,,8895.5,0.9981050853741427,0.001894914625857346,0.0,0.0,0.0,0.0,1,여수,9,4,2020,autumn,0,2227.150900944,746.393846688,6049.468074960001,2786.9227041599997,377.743360896,344.877622992
2020-09-05,384.12777887999994,5548.058727552,393.98644079999997,2.0,8895.5,63.06293923894104,36.681772356809624,21.0,94.0,2.5277777777777777,4.805555555555555,0.7771459614569709,0.6293203910498374,28.8,37.18681318681319,4.16,4845.9,9.2,0.0,,8895.5,0.9981050853741427,0.001894914625857346,0.0,0.0,0.0,0.0,1,여수,9,5,2020,autumn,0,1492.4333352960002,357.791484816,5952.734063712,4122.490124016,381.49621487999997,392.86382039999995
2020-09-06,258.81882263999995,5651.332748495999,386.3792517119999,2.0,8895.5,63.06293923894104,36.681772356809624,20.3,90.0,7.5,11.22222222222222,0.5591929034707469,0.8290375725550417,20.6,12.0,6.26,4845.9,9.2,0.0,,8895.5,0.9981050853741427,0.001894914625857346,0.0,0.0,0.0,0.0,1,여수,9,6,2020,autumn,0,384.12777887999994,785.7993349440001,5548.058727552,6241.469210208,393.98644079999997,357.94989504
2020-09-07,779.426348544,5916.582807551999,375.42901017599996,2.0,8895.5,63.06293923894104,36.681772356809624,21.1,86.0,9.305555555555555,12.5,-0.8290375725550416,0.559192903470747,42.7,9.24179104477612,11.61,4845.9,9.2,0.0,,8895.5,0.9981050853741427,0.001894914625857346,0.0,0.0,0.0,0.0,1,여수,9,0,2020,autumn,0,258.81882263999995,793.901103552,5651.332748495999,6180.257829888,386.3792517119999,381.799397664
2020-09-08,1065.2502235680001,6188.6746833120005,405.908238528,2.0,8895.5,63.06293923894104,36.681772356809624,23.8,85.0,4.361111111111111,6.305555555555555,-0.754709580222772,-0.6560590289905073,1.8,19.49044585987261,19.13,4845.9,9.2,0.0,,8895.5,0.9981050853741427,0.001894914625857346,0.0,0.0,0.0,0.0,1,여수,9,1,2020,autumn,0,779.426348544,699.61441968,5916.582807551999,6018.920029296,375.42901017599996,383.31456091200005
2020-09-09,386.691529824,5924.389886928,417.830835168,2.0,8895.5,63.06293923894104,36.681772356809624,23.0,87.0,2.944444444444444,4.527777777777778,-0.7313537016191703,-0.6819983600624986,3.4,29.547169811320757,18.25,4845.9,9.2,0.0,,8895.5,0.9981050853741427,0.001894914625857346,0.0,0.0,0.0,0.0,1,여수,9,2,2020,autumn,0,1065.2502235680001,1114.0994923199999,6188.6746833120005,6076.608076800001,405.908238528,373.734074736
2020-09-10,657.4869846720001,5991.78951576,429.98587977600005,2.0,8895.5,63.06293923894104,36.681772356809624,23.1,86.0,1.2777777777777777,2.361111111111111,-0.7880107536067221,-0.6156614753256581,2.2,67.30434782608697,17.18,4845.9,9.2,0.0,,8895.5,0.9981050853741427,0.001894914625857346,0.0,0.0,0.0,0.0,1,여수,9,3,2020,autumn,0,386.691529824,2227.150900944,5924.389886928,6049.468074960001,417.830835168,377.743360896
2020-09-11,875.6424207360001,5565.09268224,424.45534176,2.0,8895.5,63.06293923894104,36.681772356809624,21.9,95.0,2.888888888888889,5.611111111111111,0.8191520442889918,0.573576436351046,16.1,32.88461538461539,5.86,4845.9,9.2,0.0,,8895.5,0.9981050853741427,0.001894914625857346,0.0,0.0,0.0,0.0,1,여수,9,4,2020,autumn,0,657.4869846720001,1492.4333352960002,5991.78951576,5952.734063712,429.98587977600005,381.49621487999997
2020-09-12,904.248448272,2715.22778688,556.144407072,2.0,8895.5,63.06293923894104,36.681772356809624,21.8,83.0,4.833333333333333,7.388888888888889,0.6427876096865393,0.766044443118978,3.1,17.17241379310345,19.84,4845.9,9.2,0.0,,8895.5,0.9981050853741427,0.001894914625857346,0.0,0.0,0.0,0.0,1,여수,9,5,2020,autumn,0,875.6424207360001,384.12777887999994,5565.09268224,5548.058727552,424.45534176,393.98644079999997
2020-09-13,861.2987806079999,2533.025666304,410.52172377600004,2.0,8895.5,63.06293923894104,36.681772356809624,21.5,81.0,2.361111111111111,4.25,0.9876883405951378,0.1564344650402309,0.6,34.305882352941175,16.73,4845.9,9.2,0.0,,8895.5,0.9981050853741427,0.001894914625857346,0.0,0.0,0.0,0.0,1,여수,9,6,2020,autumn,0,904.248448272,258.81882263999995,2715.22778688,5651.332748495999,556.144407072,386.3792517119999
2020-09-14,805.9573262880001,2754.6606515520007,415.71645292799997,2.0,8895.5,63.06293923894104,36.681772356809624,21.9,85.0,1.4166666666666663,3.0555555555555554,-0.3907311284892735,-0.9205048534524404,3.4,60.00000000000001,14.94,4845.9,9.2,0.0,,8895.5,0.9981050853741427,0.001894914625857346,0.0,0.0,0.0,0.0,1,여수,9,0,2020,autumn,0,861.2987806079999,779.426348544,2533.025666304,5916.582807551999,410.52172377600004,375.42901017599996
2020-09-15,327.56453568,2876.953921344,433.36272614399996,2.0,8895.5,63.06293923894104,36.681772356809624,22.5,87.0,1.9444444444444444,3.75,0.9781476007338056,-0.2079116908177593,1.6,44.74285714285714,16.67,4845.9,9.2,0.0,,8895.5,0.9981050853741427,0.001894914625857346,0.0,0.0,0.0,0.0,1,여수,9,1,2020,autumn,0,805.9573262880001,1065.2502235680001,2754.6606515520007,6188.6746833120005,415.71645292799997,405.908238528
2020-09-16,486.392792688,3134.8536059519993,364.35701303999997,2.0,8895.5,63.06293923894104,36.681772356809624,22.3,89.0,2.0833333333333335,3.555555555555556,0.6946583704589971,-0.7193398003386513,3.0,42.72,11.07,4845.9,9.2,0.0,,8895.5,0.9981050853741427,0.001894914625857346,0.0,0.0,0.0,0.0,1,여수,9,2,2020,autumn,0,327.56453568,386.691529824,2876.953921344,5924.389886928,433.36272614399996,417.830835168
2020-09-17,363.2311416959999,2818.330194096,325.90271620799996,2.0,8895.5,63.06293923894104,36.681772356809624,21.0,94.0,1.75,2.4444444444444446,-0.992546151641322,0.1218693434051476,14.0,53.714285714285715,4.88,4845.9,9.2,0.0,,8895.5,0.9981050853741427,0.001894914625857346,0.0,0.0,0.0,0.0,1,여수,9,3,2020,autumn,0,486.392792688,657.4869846720001,3134.8536059519993,5991.78951576,364.35701303999997,429.98587977600005
2020-09-18,478.27378871999997,2526.4097200799997,283.892309136,2.0,8895.5,63.06293923894104,36.681772356809624,20.0,83.0,2.972222222222222,4.0,-0.9902680687415704,0.1391731009600654,3.7,27.925233644859816,8.52,4845.9,9.2,0.0,,8895.5,0.9981050853741427,0.001894914625857346,0.0,0.0,0.0,0.0,1,여수,9,4,2020,autumn,0,363.2311416959999,875.6424207360001,2818.330194096,5565.09268224,325.90271620799996,424.45534176
2020-09-19,186.284381184,2175.11471952,290.911253184,2.0,8895.5,63.06293923894104,36.681772356809624,19.9,78.0,2.5277777777777777,3.861111111111111,-0.9876883405951378,0.1564344650402306,0.0,30.857142857142858,16.92,4845.9,9.2,0.0,,8895.5,0.9981050853741427,0.001894914625857346,0.0,0.0,0.0,0.0,1,여수,9,5,2020,autumn,0,478.27378871999997,904.248448272,2526.4097200799997,2715.22778688,283.892309136,556.144407072
2020-09-20,404.39706264000006,2684.4048158399996,287.736972624,2.0,8895.5,63.06293923894104,36.681772356809624,20.0,70.0,3.138888888888889,5.583333333333334,-0.7071067811865477,0.7071067811865474,0.0,22.300884955752213,21.29,4845.9,9.2,0.0,,8895.5,0.9981050853741427,0.001894914625857346,0.0,0.0,0.0,0.0,1,여수,9,6,2020,autumn,0,186.284381184,861.2987806079999,2175.11471952,2533.025666304,290.911253184,410.52172377600004
2020-09-21,894.90337776,2576.785482144,307.828829664,2.0,8895.5,63.06293923894104,36.681772356809624,18.9,73.0,2.305555555555556,3.0555555555555554,0.6427876096865393,0.766044443118978,0.0,31.66265060240963,18.13,4845.9,9.2,0.0,,8895.5,0.9981050853741427,0.001894914625857346,0.0,0.0,0.0,0.0,1,여수,9,0,2020,autumn,0,404.39706264000006,805.9573262880001,2684.4048158399996,2754.6606515520007,287.736972624,415.71645292799997
2020-09-22,747.227245968,2490.4452860640004,283.571622144,2.0,8895.5,63.06293923894104,36.681772356809624,18.9,74.0,4.555555555555555,6.833333333333334,0.6293203910498374,0.7771459614569709,0.0,16.243902439024392,12.41,4845.9,9.2,0.0,,8895.5,0.9981050853741427,0.001894914625857346,0.0,0.0,0.0,0.0,1,여수,9,1,2020,autumn,0,894.90337776,327.56453568,2576.785482144,2876.953921344,307.828829664,433.36272614399996
2020-09-23,761.833521792,2600.831408544,290.161188864,2.0,8895.5,63.06293923894104,36.681772356809624,19.1,74.0,5.416666666666667,7.055555555555555,0.6293203910498374,0.7771459614569709,0.0,13.66153846153846,11.28,4845.9,9.2,0.0,,8895.5,0.9981050853741427,0.001894914625857346,0.0,0.0,0.0,0.0,1,여수,9,2,2020,autumn,0,747.227245968,486.392792688,2490.4452860640004,3134.8536059519993,283.571622144,364.35701303999997
2020-09-24,662.5938348,2735.7450768,306.70578,2.0,8895.5,63.06293923894104,36.681772356809624,20.0,75.0,5.222222222222222,6.472222222222222,0.6293203910498374,0.7771459614569709,0.7,14.361702127659576,13.7,4845.9,9.2,0.0,,8895.5,0.9981050853741427,0.001894914625857346,0.0,0.0,0.0,0.0,1,여수,9,3,2020,autumn,0,761.833521792,363.2311416959999,2600.831408544,2818.330194096,290.161188864,325.90271620799996
2020-09-25,809.824536,2638.201945536,319.0856552640001,2.0,8895.5,63.06293923894104,36.681772356809624,20.8,75.0,2.694444444444444,5.027777777777778,0.374606593415912,0.9271838545667874,0.4,27.835051546391757,18.54,4845.9,9.2,0.0,,8895.5,0.9981050853741427,0.001894914625857346,0.0,0.0,0.0,0.0,1,여수,9,4,2020,autumn,0,662.5938348,478.27378871999997,2735.7450768,2526.4097200799997,306.70578,283.892309136
2020-09-26,929.4606882720001,2511.3099595680005,305.559377136,2.0,8895.5,63.06293923894104,36.681772356809624,20.3,70.0,3.138888888888889,4.388888888888889,0.7071067811865475,0.7071067811865476,0.0,22.300884955752213,18.63,4845.9,9.2,0.0,,8895.5,0.9981050853741427,0.001894914625857346,0.0,0.0,0.0,0.0,1,여수,9,5,2020,autumn,0,809.824536,186.284381184,2638.201945536,2175.11471952,319.0856552640001,290.911253184
2020-09-27,696.18096288,2640.314934432,307.450200096,2.0,8895.5,63.06293923894104,36.681772356809624,19.7,74.0,3.8333333333333335,5.333333333333333,0.766044443118978,0.6427876096865394,0.1,19.304347826086957,18.12,4845.9,9.2,0.0,,8895.5,0.9981050853741427,0.001894914625857346,0.0,0.0,0.0,0.0,1,여수,9,6,2020,autumn,0,929.4606882720001,404.39706264000006,2511.3099595680005,2684.4048158399996,305.559377136,287.736972624
2020-09-28,692.233774704,2752.2364039200006,378.0212790240001,2.0,8895.5,63.06293923894104,36.681772356809624,18.7,75.0,2.833333333333333,4.25,0.8290375725550417,0.5591929034707468,0.0,26.47058823529412,18.08,4845.9,9.2,0.0,,8895.5,0.9981050853741427,0.001894914625857346,0.0,0.0,0.0,0.0,1,여수,9,0,2020,autumn,0,696.18096288,894.90337776,2640.314934432,2576.785482144,307.450200096,307.828829664
2020-09-29,796.72680936,3572.06950512,473.3724708,2.0,8895.5,63.06293923894104,36.681772356809624,19.2,73.0,2.138888888888889,3.4722222222222223,0.6560590289905073,0.754709580222772,0.0,34.12987012987013,18.29,4845.9,9.2,0.0,,8895.5,0.9981050853741427,0.001894914625857346,0.0,0.0,0.0,0.0,1,여수,9,1,2020,autumn,0,692.233774704,747.227245968,2752.2364039200006,2490.4452860640004,378.0212790240001,283.571622144
2020-09-30,1061.839607328,4895.530967952,406.94776747199995,2.0,8895.5,63.06293923894104,36.681772356809624,20.0,73.0,1.8611111111111112,3.3611111111111107,0.6560590289905073,0.754709580222772,0.0,39.223880597014926,18.32,4845.9,9.2,0.0,,8895.5,0.9981050853741427,0.001894914625857346,0.0,0.0,0.0,0.0,1,여수,9,2,2020,autumn,0,796.72680936,761.833521792,3572.06950512,2600.831408544,473.3724708,290.161188864
2020-10-01,1170.553196592,5032.293296544001,407.95717780800004,2.0,11213.838709677419,70.10400536203827,36.438738626524255,19.7,79.0,1.8611111111111112,3.333333333333333,0.9902680687415704,-0.1391731009600653,0.0,42.44776119402985,18.65,5940.709677419355,0.0,0.0,,11213.838709677419,1.0,0.0,0.0,0.0,0.0,0.0,1,여수,10,3,2020,autumn,0,1061.839607328,662.5938348,4895.530967952,2735.7450768,406.94776747199995,306.70578
2020-10-02,1046.035646784,5028.276835007999,409.33044287999996,2.0,11213.838709677419,70.10400536203827,36.438738626524255,20.7,84.0,1.8888888888888888,3.8055555555555554,-0.7986355100472928,-0.6018150231520483,0.1,44.47058823529411,16.55,5940.709677419355,0.0,0.0,,11213.838709677419,1.0,0.0,0.0,0.0,0.0,0.0,1,여수,10,4,2020,autumn,0,1170.553196592,809.824536,5032.293296544001,2638.201945536,407.95717780800004,319.0856552640001
2020-10-03,1373.3257026239999,4941.249908399999,418.643616672,2.0,11213.838709677419,70.10400536203827,36.438738626524255,21.1,77.0,1.5833333333333333,3.6944444444444446,-0.9743700647852352,-0.2249510543438652,0.1,48.631578947368425,16.41,5940.709677419355,0.0,0.0,,11213.838709677419,1.0,0.0,0.0,0.0,0.0,0.0,1,여수,10,5,2020,autumn,0,1046.035646784,929.4606882720001,5028.276835007999,2511.3099595680005,409.33044287999996,305.559377136
2020-10-04,990.610480224,5024.317949712,441.303279984,2.0,11213.838709677419,70.10400536203827,36.438738626524255,20.3,81.0,2.9166666666666665,5.944444444444444,-0.9396926207859084,0.342020143325669,1.5,27.771428571428572,6.85,5940.709677419355,0.0,0.0,,11213.838709677419,1.0,0.0,0.0,0.0,0.0,0.0,1,여수,10,6,2020,autumn,0,1373.3257026239999,696.18096288,4941.249908399999,2640.314934432,418.643616672,307.450200096
2020-10-05,518.63264712,5182.9611210719995,423.62967110400007,2.0,11213.838709677419,70.10400536203827,36.438738626524255,16.0,57.0,5.583333333333334,7.138888888888888,-0.529919264233205,0.8480480961564258,0.0,10.208955223880595,19.53,5940.709677419355,0.0,0.0,,11213.838709677419,1.0,0.0,0.0,0.0,0.0,0.0,1,여수,10,0,2020,autumn,0,990.610480224,692.233774704,5024.317949712,2752.2364039200006,441.303279984,378.0212790240001
2020-10-06,602.7513552,4940.9371249920005,407.21261731199996,2.0,11213.838709677419,70.10400536203827,36.438738626524255,16.4,62.0,2.0,4.083333333333333,0.0697564737441253,0.9975640502598242,0.0,31.0,19.29,5940.709677419355,0.0,0.0,,11213.838709677419,1.0,0.0,0.0,0.0,0.0,0.0,1,여수,10,1,2020,autumn,0,518.63264712,796.72680936,5182.9611210719995,3572.06950512,423.62967110400007,473.3724708
2020-10-07,964.051374528,5006.537746848,423.83551104000003,2.0,11213.838709677419,70.10400536203827,36.438738626524255,17.5,60.0,4.361111111111111,5.805555555555555,0.6293203910498374,0.7771459614569709,0.0,13.757961783439493,17.94,5940.709677419355,0.0,0.0,,11213.838709677419,1.0,0.0,0.0,0.0,0.0,0.0,1,여수,10,2,2020,autumn,0,602.7513552,1061.839607328,4940.9371249920005,4895.530967952,407.21261731199996,406.94776747199995
2020-10-08,678.3786734400001,4759.3789626239995,422.981437248,2.0,11213.838709677419,70.10400536203827,36.438738626524255,18.1,63.0,7.111111111111112,8.472222222222221,0.6946583704589973,0.7193398003386512,0.0,8.859375,18.48,5940.709677419355,0.0,0.0,,11213.838709677419,1.0,0.0,0.0,0.0,0.0,0.0,1,여수,10,3,2020,autumn,0,964.051374528,1170.553196592,5006.537746848,5032.293296544001,423.83551104000003,407.95717780800004
2020-10-09,742.95197712,4754.715784704,414.904383792,2.0,11213.838709677419,70.10400536203827,36.438738626524255,17.7,61.0,6.138888888888889,8.055555555555555,0.6156614753256583,0.7880107536067219,0.0,9.936651583710407,17.9,5940.709677419355,0.0,0.0,,11213.838709677419,1.0,0.0,0.0,0.0,0.0,0.0,1,여수,10,4,2020,autumn,0,678.3786734400001,1046.035646784,4759.3789626239995,5028.276835007999,422.981437248,409.33044287999996
2020-10-10,1112.470455312,4856.7013803360005,413.3493606239999,2.0,11213.838709677419,70.10400536203827,36.438738626524255,18.6,64.0,4.111111111111112,5.555555555555555,0.5877852522924731,0.8090169943749475,0.0,15.567567567567565,17.5,5940.709677419355,0.0,0.0,,11213.838709677419,1.0,0.0,0.0,0.0,0.0,0.0,1,여수,10,5,2020,autumn,0,742.95197712,1373.3257026239999,4754.715784704,4941.249908399999,414.904383792,418.643616672
2020-10-11,1177.422264,4776.11623152,427.04872704,2.0,11213.838709677419,70.10400536203827,36.438738626524255,18.2,67.0,2.75,4.333333333333333,0.8191520442889918,0.573576436351046,0.0,24.363636363636363,16.41,5940.709677419355,0.0,0.0,,11213.838709677419,1.0,0.0,0.0,0.0,0.0,0.0,1,여수,10,6,2020,autumn,0,1112.470455312,990.610480224,4856.7013803360005,5024.317949712,413.3493606239999,441.303279984
2020-10-12,1050.52888224,4835.63366064,443.63228616000004,2.0,11213.838709677419,70.10400536203827,36.438738626524255,18.8,70.0,2.861111111111111,5.027777777777778,-0.7660444431189781,0.6427876096865393,0.0,24.466019417475728,16.84,5940.709677419355,0.0,0.0,,11213.838709677419,1.0,0.0,0.0,0.0,0.0,0.0,1,여수,10,0,2020,autumn,0,1177.422264,518.63264712,4776.11623152,5182.9611210719995,427.04872704,423.62967110400007
2020-10-13,1034.921000448,4777.888164336,422.74375675199997,2.0,11213.838709677419,70.10400536203827,36.438738626524255,16.6,59.0,2.888888888888889,4.444444444444445,-0.5000000000000004,0.8660254037844384,0.0,20.423076923076923,15.15,5940.709677419355,0.0,0.0,,11213.838709677419,1.0,0.0,0.0,0.0,0.0,0.0,1,여수,10,1,2020,autumn,0,1050.52888224,602.7513552,4835.63366064,4940.9371249920005,443.63228616000004,407.21261731199996
2020-10-14,936.7583925600001,4811.944089312001,421.014420288,2.0,11213.838709677419,70.10400536203827,36.438738626524255,16.0,57.0,2.4722222222222223,3.5833333333333335,-2.4492935982947064e-16,1.0,0.0,23.0561797752809,15.16,5940.709677419355,0.0,0.0,,11213.838709677419,1.0,0.0,0.0,0.0,0.0,0.0,1,여수,10,2,2020,autumn,0,1034.921000448,964.051374528,4777.888164336,5006.537746848,422.74375675199997,423.83551104000003
2020-10-15,1247.081219568,4786.052238287999,418.12587777600004,2.0,11213.838709677419,70.10400536203827,36.438738626524255,15.7,48.0,2.388888888888889,4.25,0.3090169943749474,0.9510565162951536,0.0,20.093023255813954,15.48,5940.709677419355,0.0,0.0,,11213.838709677419,1.0,0.0,0.0,0.0,0.0,0.0,1,여수,10,3,2020,autumn,0,936.7583925600001,678.3786734400001,4811.944089312001,4759.3789626239995,421.014420288,422.981437248
2020-10-16,1062.094851072,4791.235040064001,438.444542736,2.0,11213.838709677419,70.10400536203827,36.438738626524255,14.9,59.0,2.861111111111111,4.305555555555555,0.5877852522924731,0.8090169943749475,0.2,20.62135922330097,5.41,5940.709677419355,0.0,0.0,,11213.838709677419,1.0,0.0,0.0,0.0,0.0,0.0,1,여수,10,4,2020,autumn,0,1247.081219568,742.95197712,4786.052238287999,4754.715784704,418.12587777600004,414.904383792
2020-10-17,811.294333344,4777.415272944001,409.434408432,2.0,11213.838709677419,70.10400536203827,36.438738626524255,15.2,70.0,1.6944444444444442,2.944444444444444,-0.2249510543438653,0.9743700647852352,0.0,41.31147540983607,16.71,5940.709677419355,0.0,0.0,,11213.838709677419,1.0,0.0,0.0,0.0,0.0,0.0,1,여수,10,5,2020,autumn,0,1062.094851072,1112.470455312,4791.235040064001,4856.7013803360005,438.444542736,413.3493606239999
2020-10-18,663.27849864,4819.015875887999,411.143933952,2.0,11213.838709677419,70.10400536203827,36.438738626524255,15.9,73.0,2.1666666666666665,3.555555555555556,0.2079116908177593,0.9781476007338056,0.0,33.69230769230769,16.32,5940.709677419355,0.0,0.0,,11213.838709677419,1.0,0.0,0.0,0.0,0.0,0.0,1,여수,10,6,2020,autumn,0,811.294333344,1177.422264,4777.415272944001,4776.11623152,409.434408432,427.04872704
2020-10-19,722.993071104,4913.2614672,434.93350694400004,2.0,11213.838709677419,70.10400536203827,36.438738626524255,15.7,63.0,2.638888888888889,3.861111111111111,0.6427876096865393,0.766044443118978,0.0,23.873684210526317,15.53,5940.709677419355,0.0,0.0,,11213.838709677419,1.0,0.0,0.0,0.0,0.0,0.0,1,여수,10,0,2020,autumn,0,663.27849864,1050.52888224,4819.015875887999,4835.63366064,411.143933952,443.63228616000004
2020-10-20,403.53348312,4824.686125296,430.488940176,2.0,11213.838709677419,70.10400536203827,36.438738626524255,15.5,72.0,2.5555555555555554,3.6666666666666665,0.8660254037844386,0.5000000000000001,0.0,28.17391304347826,16.66,5940.709677419355,0.0,0.0,,11213.838709677419,1.0,0.0,0.0,0.0,0.0,0.0,1,여수,10,1,2020,autumn,0,722.993071104,1034.921000448,4913.2614672,4777.888164336,434.93350694400004,422.74375675199997
2020-10-21,181.52617334399997,4779.1862173439995,454.529300832,2.0,11213.838709677419,70.10400536203827,36.438738626524255,15.6,85.0,2.5,3.3611111111111107,0.7071067811865475,0.7071067811865476,16.0,34.0,7.48,5940.709677419355,0.0,0.0,,11213.838709677419,1.0,0.0,0.0,0.0,0.0,0.0,1,여수,10,2,2020,autumn,0,403.53348312,936.7583925600001,4824.686125296,4811.944089312001,430.488940176,421.014420288
2020-10-22,134.5642488,4879.53961488,458.76622032,2.0,11213.838709677419,70.10400536203827,36.438738626524255,15.4,78.0,3.611111111111111,7.222222222222222,-0.6156614753256582,0.7880107536067221,4.2,21.6,8.22,5940.709677419355,0.0,0.0,,11213.838709677419,1.0,0.0,0.0,0.0,0.0,0.0,1,여수,10,3,2020,autumn,0,181.52617334399997,1247.081219568,4779.1862173439995,4786.052238287999,454.529300832,418.12587777600004
2020-10-23,235.20640089599996,4800.062086992,442.16185248,2.0,11213.838709677419,70.10400536203827,36.438738626524255,11.8,58.0,6.416666666666667,7.222222222222222,-0.6946583704589976,0.7193398003386509,0.0,9.03896103896104,16.62,5940.709677419355,0.0,0.0,,11213.838709677419,1.0,0.0,0.0,0.0,0.0,0.0,1,여수,10,4,2020,autumn,0,134.5642488,1062.094851072,4879.53961488,4791.235040064001,458.76622032,438.444542736
2020-10-24,408.92821344,4650.267537792,434.484787392,2.0,11213.838709677419,70.10400536203827,36.438738626524255,11.3,56.0,5.805555555555555,7.444444444444445,-0.7193398003386512,0.6946583704589973,0.0,9.645933014354068,16.39,5940.709677419355,0.0,0.0,,11213.838709677419,1.0,0.0,0.0,0.0,0.0,0.0,1,여수,10,5,2020,autumn,0,235.20640089599996,811.294333344,4800.062086992,4777.415272944001,442.16185248,409.434408432
2020-10-25,138.32133393599997,4570.956737999999,427.0368440159999,2.0,11213.838709677419,70.10400536203827,36.438738626524255,13.7,66.0,4.0,5.194444444444444,-0.8480480961564262,0.5299192642332047,0.0,16.5,15.3,5940.709677419355,0.0,0.0,,11213.838709677419,1.0,0.0,0.0,0.0,0.0,0.0,1,여수,10,6,2020,autumn,0,408.92821344,663.27849864,4650.267537792,4819.015875887999,434.484787392,411.143933952
2020-10-26,326.134715616,4657.427519904,426.02500151999993,2.0,11213.838709677419,70.10400536203827,36.438738626524255,13.1,75.0,1.6666666666666663,2.4444444444444446,-0.9063077870366498,0.4226182617406996,0.0,45.00000000000001,14.92,5940.709677419355,0.0,0.0,,11213.838709677419,1.0,0.0,0.0,0.0,0.0,0.0,1,여수,10,0,2020,autumn,0,138.32133393599997,722.993071104,4570.956737999999,4913.2614672,427.0368440159999,434.93350694400004
2020-10-27,215.32766774400002,4658.751691776,435.32558193600005,2.0,11213.838709677419,70.10400536203827,36.438738626524255,14.2,77.0,1.611111111111111,2.4722222222222223,-0.1908089953765446,0.981627183447664,0.0,47.793103448275865,14.64,5940.709677419355,0.0,0.0,,11213.838709677419,1.0,0.0,0.0,0.0,0.0,0.0,1,여수,10,1,2020,autumn,0,326.134715616,403.53348312,4657.427519904,4824.686125296,426.02500151999993,430.488940176
2020-10-28,1.878055776,4640.016535343999,427.132165104,2.0,11213.838709677419,70.10400536203827,36.438738626524255,14.9,74.0,2.388888888888889,4.472222222222222,-0.7771459614569708,0.6293203910498375,0.0,30.976744186046513,8.32,5940.709677419355,0.0,0.0,,11213.838709677419,1.0,0.0,0.0,0.0,0.0,0.0,1,여수,10,2,2020,autumn,0,215.32766774400002,181.52617334399997,4658.751691776,4779.1862173439995,435.32558193600005,454.529300832
2020-10-29,0.9327614399999999,4554.684672191999,430.511390208,2.0,11213.838709677419,70.10400536203827,36.438738626524255,12.3,58.0,1.8333333333333333,3.8333333333333335,-0.1908089953765446,0.981627183447664,0.0,31.636363636363637,14.39,5940.709677419355,0.0,0.0,,11213.838709677419,1.0,0.0,0.0,0.0,0.0,0.0,1,여수,10,3,2020,autumn,0,1.878055776,134.5642488,4640.016535343999,4879.53961488,427.132165104,458.76622032
2020-10-30,3.71179296,4597.075494863999,437.503623552,2.0,11213.838709677419,70.10400536203827,36.438738626524255,13.8,60.0,3.3611111111111107,4.861111111111111,0.6946583704589973,0.7193398003386512,0.0,17.85123966942149,14.9,5940.709677419355,0.0,0.0,,11213.838709677419,1.0,0.0,0.0,0.0,0.0,0.0,1,여수,10,4,2020,autumn,0,0.9327614399999999,235.20640089599996,4554.684672191999,4800.062086992,430.511390208,442.16185248
2020-10-31,76.422665664,4568.889851712,443.354323104,2.0,11213.838709677419,70.10400536203827,36.438738626524255,13.5,69.0,2.5,4.138888888888889,0.848048096156426,0.5299192642332049,0.0,27.6,14.83,5940.709677419355,0.0,0.0,,11213.838709677419,1.0,0.0,0.0,0.0,0.0,0.0,1,여수,10,5,2020,autumn,0,3.71179296,408.92821344,4597.075494863999,4650.267537792,437.503623552,434.484787392
2020-11-01,83.75297112,4516.049085552,451.05349507200003,2.0,9673.933333333332,61.92812513352031,36.48206334548512,14.4,81.0,1.25,1.972222222222222,-0.0697564737441256,0.9975640502598242,1.0,64.8,8.58,5038.666666666667,8.266666666666667,0.0,,9673.933333333332,0.998362041635845,0.0016379583641551307,0.0,0.0,0.0,0.0,1,여수,11,6,2020,autumn,0,76.422665664,138.32133393599997,4568.889851712,4570.956737999999,443.354323104,427.0368440159999
2020-11-02,39.834479664,4926.595324176,477.977236128,2.0,9673.933333333332,61.92812513352031,36.48206334548512,14.3,75.0,2.5,4.194444444444445,-0.6691306063588581,0.7431448254773944,4.9,30.0,9.05,5038.666666666667,8.266666666666667,0.0,,9673.933333333332,0.998362041635845,0.0016379583641551307,0.0,0.0,0.0,0.0,1,여수,11,0,2020,autumn,0,83.75297112,326.134715616,4516.049085552,4657.427519904,451.05349507200003,426.02500151999993
2020-11-03,97.50428928,4714.2863712,469.80414259199995,2.0,9673.933333333332,61.92812513352031,36.48206334548512,9.3,59.0,5.361111111111112,8.666666666666666,-0.6819983600624984,0.7313537016191707,0.0,11.005181347150256,14.25,5038.666666666667,8.266666666666667,0.0,,9673.933333333332,0.998362041635845,0.0016379583641551307,0.0,0.0,0.0,0.0,1,여수,11,1,2020,autumn,0,39.834479664,215.32766774400002,4926.595324176,4658.751691776,477.977236128,435.32558193600005
2020-11-04,412.64280561600003,4813.170884063999,473.15635315200007,2.0,9673.933333333332,61.92812513352031,36.48206334548512,8.3,54.0,3.5833333333333335,5.333333333333333,-0.7431448254773946,0.6691306063588578,0.0,15.069767441860463,14.91,5038.666666666667,8.266666666666667,0.0,,9673.933333333332,0.998362041635845,0.0016379583641551307,0.0,0.0,0.0,0.0,1,여수,11,2,2020,autumn,0,97.50428928,1.878055776,4714.2863712,4640.016535343999,469.80414259199995,427.132165104
2020-11-05,442.395841104,4776.917740848,477.47747160000006,2.0,9673.933333333332,61.92812513352031,36.48206334548512,9.8,64.0,1.8611111111111112,2.5555555555555554,0.7431448254773942,0.6691306063588582,0.0,34.38805970149254,12.32,5038.666666666667,8.266666666666667,0.0,,9673.933333333332,0.998362041635845,0.0016379583641551307,0.0,0.0,0.0,0.0,1,여수,11,3,2020,autumn,0,412.64280561600003,0.9327614399999999,4813.170884063999,4554.684672191999,473.15635315200007,430.511390208
2020-11-06,113.37717283200001,5097.81588552,549.57542616,2.0,9673.933333333332,61.92812513352031,36.48206334548512,13.9,77.0,1.1944444444444444,2.0,0.6946583704589973,0.7193398003386512,0.0,64.46511627906978,6.65,5038.666666666667,8.266666666666667,0.0,,9673.933333333332,0.998362041635845,0.0016379583641551307,0.0,0.0,0.0,0.0,1,여수,11,4,2020,autumn,0,442.395841104,3.71179296,4776.917740848,4597.075494863999,477.47747160000006,437.503623552
2020-11-07,122.82641625599999,5356.263203135999,697.3034978879999,2.0,9673.933333333332,61.92812513352031,36.48206334548512,15.0,76.0,3.0,5.444444444444445,-0.8910065241883679,0.4539904997395466,0.0,25.333333333333332,11.55,5038.666666666667,8.266666666666667,0.0,,9673.933333333332,0.998362041635845,0.0016379583641551307,0.0,0.0,0.0,0.0,1,여수,11,5,2020,autumn,0,113.37717283200001,76.422665664,5097.81588552,4568.889851712,549.57542616,443.354323104
2020-11-08,690.042741696,5836.181062895999,823.5353216159999,2.0,9673.933333333332,61.92812513352031,36.48206334548512,11.8,61.0,4.583333333333333,7.0,-0.7771459614569708,0.6293203910498375,0.0,13.30909090909091,13.51,5038.666666666667,8.266666666666667,0.0,,9673.933333333332,0.998362041635845,0.0016379583641551307,0.0,0.0,0.0,0.0,1,여수,11,6,2020,autumn,0,122.82641625599999,83.75297112,5356.263203135999,4516.049085552,697.3034978879999,451.05349507200003
2020-11-09,986.0277947040001,6242.634722592,759.3313612320001,2.0,9673.933333333332,61.92812513352031,36.48206334548512,8.8,48.0,4.777777777777778,6.333333333333333,-0.6427876096865396,0.7660444431189778,0.0,10.046511627906977,14.11,5038.666666666667,8.266666666666667,0.0,,9673.933333333332,0.998362041635845,0.0016379583641551307,0.0,0.0,0.0,0.0,1,여수,11,0,2020,autumn,0,690.042741696,39.834479664,5836.181062895999,4926.595324176,823.5353216159999,477.977236128
2020-11-10,910.7404646399999,6289.396723008,800.081234496,2.0,9673.933333333332,61.92812513352031,36.48206334548512,10.0,62.0,2.1666666666666665,3.611111111111111,-0.7880107536067218,0.6156614753256585,0.0,28.615384615384617,13.58,5038.666666666667,8.266666666666667,0.0,,9673.933333333332,0.998362041635845,0.0016379583641551307,0.0,0.0,0.0,0.0,1,여수,11,1,2020,autumn,0,986.0277947040001,97.50428928,6242.634722592,4714.2863712,759.3313612320001,469.80414259199995
2020-11-11,1280.3123701440004,6063.096185856,650.6156010240001,2.0,9673.933333333332,61.92812513352031,36.48206334548512,9.4,66.0,2.305555555555556,3.638888888888889,0.6293203910498374,0.7771459614569709,0.0,28.626506024096383,13.53,5038.666666666667,8.266666666666667,0.0,,9673.933333333332,0.998362041635845,0.0016379583641551307,0.0,0.0,0.0,0.0,1,여수,11,2,2020,autumn,0,910.7404646399999,412.64280561600003,6289.396723008,4813.170884063999,800.081234496,473.15635315200007
2020-11-12,1198.708183296,5654.71014408,703.376463024,2.0,9673.933333333332,61.92812513352031,36.48206334548512,12.4,67.0,1.8333333333333333,3.3611111111111107,0.4383711467890774,0.898794046299167,0.0,36.54545454545455,13.17,5038.666666666667,8.266666666666667,0.0,,9673.933333333332,0.998362041635845,0.0016379583641551307,0.0,0.0,0.0,0.0,1,여수,11,3,2020,autumn,0,1280.3123701440004,442.395841104,6063.096185856,4776.917740848,650.6156010240001,477.47747160000006
2020-11-13,888.6908537280001,5171.0028963839995,630.167386464,2.0,9673.933333333332,61.92812513352031,36.48206334548512,11.5,73.0,1.8611111111111112,2.861111111111111,0.0871557427476581,0.9961946980917455,0.0,39.223880597014926,13.19,5038.666666666667,8.266666666666667,0.0,,9673.933333333332,0.998362041635845,0.0016379583641551307,0.0,0.0,0.0,0.0,1,여수,11,4,2020,autumn,0,1198.708183296,113.37717283200001,5654.71014408,5097.81588552,703.376463024,549.57542616
2020-11-14,670.6424016,5126.742717408,608.365526256,2.0,9673.933333333332,61.92812513352031,36.48206334548512,13.2,73.0,3.4722222222222223,4.777777777777778,0.8829475928589269,0.4694715627858908,0.0,21.024,12.8,5038.666666666667,8.266666666666667,0.0,,9673.933333333332,0.998362041635845,0.0016379583641551307,0.0,0.0,0.0,0.0,1,여수,11,5,2020,autumn,0,888.6908537280001,122.82641625599999,5171.0028963839995,5356.263203135999,630.167386464,697.3034978879999
2020-11-15,635.4378552960001,5239.608445440001,605.24923608,2.0,9673.933333333332,61.92812513352031,36.48206334548512,12.9,78.0,2.055555555555556,2.611111111111111,-0.0697564737441256,0.9975640502598242,0.0,37.945945945945944,11.42,5038.666666666667,8.266666666666667,0.0,,9673.933333333332,0.998362041635845,0.0016379583641551307,0.0,0.0,0.0,0.0,1,여수,11,6,2020,autumn,0,670.6424016,690.042741696,5126.742717408,5836.181062895999,608.365526256,823.5353216159999
2020-11-16,293.121935136,5253.707980656,640.4841532800001,2.0,9673.933333333332,61.92812513352031,36.48206334548512,14.3,70.0,2.75,4.888888888888889,0.8660254037844386,0.5000000000000001,0.1,25.454545454545453,11.71,5038.666666666667,8.266666666666667,0.0,,9673.933333333332,0.998362041635845,0.0016379583641551307,0.0,0.0,0.0,0.0,1,여수,11,0,2020,autumn,0,635.4378552960001,986.0277947040001,5239.608445440001,6242.634722592,605.24923608,759.3313612320001
2020-11-17,117.55336824000001,2521.0825668,243.85037544,2.0,9673.933333333332,61.92812513352031,36.48206334548512,16.0,81.0,3.6666666666666665,4.888888888888889,0.9563047559630354,0.2923717047227367,3.1,22.090909090909093,9.17,5038.666666666667,8.266666666666667,0.0,,9673.933333333332,0.998362041635845,0.0016379583641551307,0.0,0.0,0.0,0.0,1,여수,11,1,2020,autumn,0,293.121935136,910.7404646399999,5253.707980656,6289.396723008,640.4841532800001,800.081234496
2020-11-18,72.294150816,2538.110862432,254.00647584,2.0,9673.933333333332,61.92812513352031,36.48206334548512,18.3,90.0,4.416666666666667,7.222222222222222,0.6018150231520482,-0.7986355100472929,1.4,20.377358490566035,7.28,5038.666666666667,8.266666666666667,0.0,,9673.933333333332,0.998362041635845,0.0016379583641551307,0.0,0.0,0.0,0.0,1,여수,11,2,2020,autumn,0,117.55336824000001,1280.3123701440004,2521.0825668,6063.096185856,243.85037544,650.6156010240001
2020-11-19,45.126688896,2549.6579226239996,247.21577395199995,2.0,9673.933333333332,61.92812513352031,36.48206334548512,18.0,90.0,7.305555555555555,9.444444444444445,-0.656059028990507,-0.7547095802227721,28.1,12.319391634980988,3.71,5038.666666666667,8.266666666666667,0.0,,9673.933333333332,0.998362041635845,0.0016379583641551307,0.0,0.0,0.0,0.0,1,여수,11,3,2020,autumn,0,72.294150816,1198.708183296,2538.110862432,5654.71014408,254.00647584,703.376463024
2020-11-20,77.8673088,2523.8741464799996,275.45560488,2.0,9673.933333333332,61.92812513352031,36.48206334548512,10.1,69.0,6.638888888888888,8.055555555555555,-0.7660444431189781,0.6427876096865393,0.0,10.393305439330543,11.45,5038.666666666667,8.266666666666667,0.0,,9673.933333333332,0.998362041635845,0.0016379583641551307,0.0,0.0,0.0,0.0,1,여수,11,4,2020,autumn,0,45.126688896,888.6908537280001,2549.6579226239996,5171.0028963839995,247.21577395199995,630.167386464
2020-11-21,147.606820992,2502.5627036160004,283.636636416,2.0,9673.933333333332,61.92812513352031,36.48206334548512,9.5,72.0,3.7222222222222223,5.472222222222222,0.788010753606722,0.6156614753256583,0.0,19.34328358208955,11.41,5038.666666666667,8.266666666666667,0.0,,9673.933333333332,0.998362041635845,0.0016379583641551307,0.0,0.0,0.0,0.0,1,여수,11,5,2020,autumn,0,77.8673088,670.6424016,2523.8741464799996,5126.742717408,275.45560488,608.365526256
2020-11-22,44.810697888,2474.1225748800002,274.58470195200005,2.0,9673.933333333332,61.92812513352031,36.48206334548512,10.4,80.0,3.9166666666666665,6.694444444444445,-0.5877852522924734,0.8090169943749473,1.8,20.425531914893615,2.49,5038.666666666667,8.266666666666667,0.0,,9673.933333333332,0.998362041635845,0.0016379583641551307,0.0,0.0,0.0,0.0,1,여수,11,6,2020,autumn,0,147.606820992,635.4378552960001,2502.5627036160004,5239.608445440001,283.636636416,605.24923608
2020-11-23,23.4850392,2326.2393781440005,426.88883865599996,2.0,9673.933333333332,61.92812513352031,36.48206334548512,7.1,60.0,5.0,6.972222222222222,-0.6293203910498378,0.7771459614569706,0.0,12.0,12.15,5038.666666666667,8.266666666666667,0.0,,9673.933333333332,0.998362041635845,0.0016379583641551307,0.0,0.0,0.0,0.0,1,여수,11,0,2020,autumn,0,44.810697888,293.121935136,2474.1225748800002,5253.707980656,274.58470195200005,640.4841532800001
2020-11-24,35.849764224,2203.581577968,435.078511344,2.0,9673.933333333332,61.92812513352031,36.48206334548512,7.6,61.0,1.9444444444444444,2.8055555555555554,-0.0348994967025008,0.9993908270190958,0.0,31.37142857142857,11.24,5038.666666666667,8.266666666666667,0.0,,9673.933333333332,0.998362041635845,0.0016379583641551307,0.0,0.0,0.0,0.0,1,여수,11,1,2020,autumn,0,23.4850392,117.55336824000001,2326.2393781440005,2521.0825668,426.88883865599996,243.85037544
2020-11-25,99.56191276799998,2195.1797290560003,435.114230688,2.0,9673.933333333332,61.92812513352031,36.48206334548512,8.0,65.0,2.111111111111111,4.333333333333333,-0.3746065934159123,0.9271838545667872,0.0,30.789473684210524,11.99,5038.666666666667,8.266666666666667,0.0,,9673.933333333332,0.998362041635845,0.0016379583641551307,0.0,0.0,0.0,0.0,1,여수,11,2,2020,autumn,0,35.849764224,72.294150816,2203.581577968,2538.110862432,435.078511344,254.00647584
2020-11-26,182.11806719999998,2217.823500528,386.78272847999995,2.0,9673.933333333332,61.92812513352031,36.48206334548512,9.0,65.0,1.7222222222222223,2.7222222222222223,0.1564344650402308,0.9876883405951378,0.0,37.74193548387097,9.63,5038.666666666667,8.266666666666667,0.0,,9673.933333333332,0.998362041635845,0.0016379583641551307,0.0,0.0,0.0,0.0,1,여수,11,3,2020,autumn,0,99.56191276799998,45.126688896,2195.1797290560003,2549.6579226239996,435.114230688,247.21577395199995
2020-11-27,202.07312136000002,2376.300933792,463.6427093280001,2.0,9673.933333333332,61.92812513352031,36.48206334548512,8.5,61.0,5.555555555555555,7.805555555555555,-0.7313537016191703,0.6819983600624987,0.0,10.98,10.97,5038.666666666667,8.266666666666667,0.0,,9673.933333333332,0.998362041635845,0.0016379583641551307,0.0,0.0,0.0,0.0,1,여수,11,4,2020,autumn,0,182.11806719999998,77.8673088,2217.823500528,2523.8741464799996,386.78272847999995,275.45560488
2020-11-28,151.31323944,2560.861241424,531.634643136,2.0,9673.933333333332,61.92812513352031,36.48206334548512,4.7,55.0,6.194444444444445,7.444444444444445,-0.6427876096865396,0.7660444431189778,0.0,8.878923766816143,10.48,5038.666666666667,8.266666666666667,0.0,,9673.933333333332,0.998362041635845,0.0016379583641551307,0.0,0.0,0.0,0.0,1,여수,11,5,2020,autumn,0,202.07312136000002,147.606820992,2376.300933792,2502.5627036160004,463.6427093280001,283.636636416
2020-11-29,130.396506912,2542.0241164319996,701.1999406079999,2.0,9673.933333333332,61.92812513352031,36.48206334548512,5.3,62.0,4.611111111111112,7.305555555555555,-0.7071067811865477,0.7071067811865474,0.0,13.44578313253012,9.91,5038.666666666667,8.266666666666667,0.0,,9673.933333333332,0.998362041635845,0.0016379583641551307,0.0,0.0,0.0,0.0,1,여수,11,6,2020,autumn,0,151.31323944,44.810697888,2560.861241424,2474.1225748800002,531.634643136,274.58470195200005
2020-11-30,200.661909696,3247.2804592800003,4156.154490672,2.0,9673.933333333332,61.92812513352031,36.48206334548512,5.1,61.0,3.75,5.805555555555555,-0.5735764363510465,0.8191520442889916,0.0,16.266666666666666,11.6,5038.666666666667,8.266666666666667,0.0,,9673.933333333332,0.998362041635845,0.0016379583641551307,0.0,0.0,0.0,0.0,1,여수,11,0,2020,autumn,0,130.396506912,23.4850392,2542.0241164319996,2326.2393781440005,701.1999406079999,426.88883865599996
2020-12-01,691.869312288,4970.2899336479995,622.653758784,2.0,11813.225806451614,73.7116911881161,36.76263873187515,4.6,56.0,2.611111111111111,4.083333333333333,0.4539904997395468,0.8910065241883679,0.0,21.4468085106383,11.5,6579.419354838709,0.0,0.0,,11813.225806451614,1.0,0.0,0.0,0.0,0.0,0.0,1,여수,12,1,2020,winter,1,200.661909696,35.849764224,3247.2804592800003,2203.581577968,4156.154490672,435.078511344
2020-12-02,518.382297504,5028.313802256001,602.2541099519999,2.0,11813.225806451614,73.7116911881161,36.76263873187515,6.0,47.0,3.222222222222222,4.972222222222221,0.2079116908177593,0.9781476007338056,0.0,14.586206896551726,5.18,6579.419354838709,0.0,0.0,,11813.225806451614,1.0,0.0,0.0,0.0,0.0,0.0,1,여수,12,2,2020,winter,1,691.869312288,99.56191276799998,4970.2899336479995,2195.1797290560003,622.653758784,435.114230688
2020-12-03,455.675814144,5315.393681856,622.7279516159999,2.0,11813.225806451614,73.7116911881161,36.76263873187515,5.3,54.0,4.166666666666667,6.499999999999999,-0.544639035015027,0.838670567945424,0.0,12.96,10.93,6579.419354838709,0.0,0.0,,11813.225806451614,1.0,0.0,0.0,0.0,0.0,0.0,1,여수,12,3,2020,winter,1,518.382297504,182.11806719999998,5028.313802256001,2217.823500528,602.2541099519999,386.78272847999995
2020-12-04,290.7904752,5311.972513728,614.208103488,2.0,11813.225806451614,73.7116911881161,36.76263873187515,3.9,52.0,3.638888888888889,5.611111111111111,-0.5591929034707466,0.8290375725550418,0.0,14.290076335877863,11.35,6579.419354838709,0.0,0.0,,11813.225806451614,1.0,0.0,0.0,0.0,0.0,0.0,1,여수,12,4,2020,winter,1,455.675814144,202.07312136000002,5315.393681856,2376.300933792,622.7279516159999,463.6427093280001
2020-12-05,339.731469648,5107.059019152,473.255801712,2.0,11813.225806451614,73.7116911881161,36.76263873187515,5.3,61.0,3.083333333333333,4.305555555555555,-0.6293203910498378,0.7771459614569706,0.0,19.783783783783782,11.2,6579.419354838709,0.0,0.0,,11813.225806451614,1.0,0.0,0.0,0.0,0.0,0.0,1,여수,12,5,2020,winter,1,290.7904752,151.31323944,5311.972513728,2560.861241424,614.208103488,531.634643136
2020-12-06,418.680268416,5247.813871872,469.23582067199993,2.0,11813.225806451614,73.7116911881161,36.76263873187515,5.8,69.0,2.0833333333333335,3.6666666666666665,-0.6156614753256582,0.7880107536067221,0.0,33.12,11.3,6579.419354838709,0.0,0.0,,11813.225806451614,1.0,0.0,0.0,0.0,0.0,0.0,1,여수,12,6,2020,winter,1,339.731469648,130.396506912,5107.059019152,2542.0241164319996,473.255801712,701.1999406079999
2020-12-07,516.58967952,5226.584151168,465.7447023839999,2.0,11813.225806451614,73.7116911881161,36.76263873187515,6.2,73.0,2.388888888888889,4.972222222222221,-0.7071067811865477,0.7071067811865474,0.0,30.55813953488372,6.3,6579.419354838709,0.0,0.0,,11813.225806451614,1.0,0.0,0.0,0.0,0.0,0.0,1,여수,12,0,2020,winter,1,418.680268416,200.661909696,5247.813871872,3247.2804592800003,469.23582067199993,4156.154490672
2020-12-08,251.63328959999996,5588.903442384,490.113272448,2.0,11813.225806451614,73.7116911881161,36.76263873187515,4.4,64.0,3.222222222222222,5.694444444444445,-0.6560590289905074,0.7547095802227719,0.0,19.86206896551724,10.73,6579.419354838709,0.0,0.0,,11813.225806451614,1.0,0.0,0.0,0.0,0.0,0.0,1,여수,12,1,2020,winter,1,516.58967952,691.869312288,5226.584151168,4970.2899336479995,465.7447023839999,622.653758784
2020-12-09,349.777985904,5742.977020704,495.885740832,2.0,11813.225806451614,73.7116911881161,36.76263873187515,4.5,64.0,1.5,2.833333333333333,0.1218693434051474,0.992546151641322,0.0,42.666666666666664,11.34,6579.419354838709,0.0,0.0,,11813.225806451614,1.0,0.0,0.0,0.0,0.0,0.0,1,여수,12,2,2020,winter,1,251.63328959999996,518.382297504,5588.903442384,5028.313802256001,490.113272448,602.2541099519999
2020-12-10,390.273468624,5288.567936256,479.12236387200005,2.0,11813.225806451614,73.7116911881161,36.76263873187515,6.0,63.0,1.4166666666666663,2.111111111111111,0.2079116908177593,0.9781476007338056,0.0,44.47058823529412,5.2,6579.419354838709,0.0,0.0,,11813.225806451614,1.0,0.0,0.0,0.0,0.0,0.0,1,여수,12,3,2020,winter,1,349.777985904,455.675814144,5742.977020704,5315.393681856,495.885740832,622.7279516159999
2020-12-11,376.264096128,4691.832684624,472.296836016,2.0,11813.225806451614,73.7116911881161,36.76263873187515,7.2,76.0,1.9166666666666667,3.2499999999999996,-0.6156614753256582,0.7880107536067221,0.0,39.65217391304348,7.64,6579.419354838709,0.0,0.0,,11813.225806451614,1.0,0.0,0.0,0.0,0.0,0.0,1,여수,12,4,2020,winter,1,390.273468624,290.7904752,5288.567936256,5311.972513728,479.12236387200005,614.208103488
2020-12-12,326.144210832,4606.559123904,480.38545008,2.0,11813.225806451614,73.7116911881161,36.76263873187515,6.8,59.0,3.75,5.722222222222222,-0.6691306063588581,0.7431448254773944,0.0,15.733333333333333,11.08,6579.419354838709,0.0,0.0,,11813.225806451614,1.0,0.0,0.0,0.0,0.0,0.0,1,여수,12,5,2020,winter,1,376.264096128,339.731469648,4691.832684624,5107.059019152,472.296836016,473.255801712
2020-12-13,325.927832256,4413.032032896,470.99094739200007,2.0,11813.225806451614,73.7116911881161,36.76263873187515,5.6,62.0,4.194444444444445,8.5,-0.9063077870366498,0.4226182617406996,0.0,14.781456953642383,8.79,6579.419354838709,0.0,0.0,,11813.225806451614,1.0,0.0,0.0,0.0,0.0,0.0,1,여수,12,6,2020,winter,1,326.144210832,418.680268416,4606.559123904,5247.813871872,480.38545008,469.23582067199993
2020-12-14,573.03834984,4950.341882639999,475.14912235199995,2.0,11813.225806451614,73.7116911881161,36.76263873187515,-0.8,46.0,5.416666666666667,7.388888888888889,-0.5150380749100545,0.8571673007021121,0.0,8.492307692307692,9.58,6579.419354838709,0.0,0.0,,11813.225806451614,1.0,0.0,0.0,0.0,0.0,0.0,1,여수,12,0,2020,winter,1,325.927832256,516.58967952,4413.032032896,5226.584151168,470.99094739200007,465.7447023839999
2020-12-15,421.852272912,4965.728373792001,433.260594576,2.0,11813.225806451614,73.7116911881161,36.76263873187515,-1.7,49.0,3.8333333333333335,5.944444444444444,-0.4848096202463369,0.8746197071393959,0.0,12.782608695652174,11.32,6579.419354838709,0.0,0.0,,11813.225806451614,1.0,0.0,0.0,0.0,0.0,0.0,1,여수,12,1,2020,winter,1,573.03834984,251.63328959999996,4950.341882639999,5588.903442384,475.14912235199995,490.113272448
2020-12-16,371.34520344000003,5201.905465296,456.326594496,2.0,11813.225806451614,73.7116911881161,36.76263873187515,-1.1,55.0,4.5,7.0,-0.6560590289905074,0.7547095802227719,0.0,12.22222222222222,11.25,6579.419354838709,0.0,0.0,,11813.225806451614,1.0,0.0,0.0,0.0,0.0,0.0,1,여수,12,2,2020,winter,1,421.852272912,349.777985904,4965.728373792001,5742.977020704,433.260594576,495.885740832
2020-12-17,471.212483904,5296.6409777280005,464.63314348800003,2.0,11813.225806451614,73.7116911881161,36.76263873187515,0.6,58.0,4.194444444444445,5.833333333333333,-0.6560590289905074,0.7547095802227719,0.0,13.827814569536423,11.25,6579.419354838709,0.0,0.0,,11813.225806451614,1.0,0.0,0.0,0.0,0.0,0.0,1,여수,12,3,2020,winter,1,371.34520344000003,390.273468624,5201.905465296,5288.567936256,456.326594496,479.12236387200005
2020-12-18,170.98465305599996,4663.3643045280005,409.128981696,2.0,11813.225806451614,73.7116911881161,36.76263873187515,2.9,64.0,4.138888888888889,6.805555555555555,-0.8571673007021123,0.5150380749100542,0.0,15.463087248322148,8.42,6579.419354838709,0.0,0.0,,11813.225806451614,1.0,0.0,0.0,0.0,0.0,0.0,1,여수,12,4,2020,winter,1,471.212483904,376.264096128,5296.6409777280005,4691.832684624,464.63314348800003,472.296836016
2020-12-19,62.36437391999999,4585.82020416,419.00443488,2.0,11813.225806451614,73.7116911881161,36.76263873187515,0.2,41.0,5.777777777777778,7.527777777777778,-0.6156614753256582,0.7880107536067221,0.0,7.096153846153847,11.64,6579.419354838709,0.0,0.0,,11813.225806451614,1.0,0.0,0.0,0.0,0.0,0.0,1,여수,12,5,2020,winter,1,170.98465305599996,326.144210832,4663.3643045280005,4606.559123904,409.128981696,480.38545008
2020-12-20,308.064799728,4436.776743840001,401.17842576,2.0,11813.225806451614,73.7116911881161,36.76263873187515,2.0,53.0,3.944444444444444,5.944444444444444,-0.6946583704589976,0.7193398003386509,0.0,13.43661971830986,10.65,6579.419354838709,0.0,0.0,,11813.225806451614,1.0,0.0,0.0,0.0,0.0,0.0,1,여수,12,6,2020,winter,1,62.36437391999999,325.927832256,4585.82020416,4413.032032896,419.00443488,470.99094739200007
2020-12-21,611.582885712,4469.891544431999,392.544502704,2.0,11813.225806451614,73.7116911881161,36.76263873187515,2.9,59.0,3.138888888888889,5.777777777777778,-0.898794046299167,0.4383711467890774,0.0,18.79646017699115,10.7,6579.419354838709,0.0,0.0,,11813.225806451614,1.0,0.0,0.0,0.0,0.0,0.0,1,여수,12,0,2020,winter,1,308.064799728,573.03834984,4436.776743840001,4950.341882639999,401.17842576,475.14912235199995
2020-12-22,514.708413408,4586.876023392,389.097438624,2.0,11813.225806451614,73.7116911881161,36.76263873187515,3.6,70.0,2.25,4.0,-0.9743700647852352,0.2249510543438649,0.0,31.11111111111111,9.43,6579.419354838709,0.0,0.0,,11813.225806451614,1.0,0.0,0.0,0.0,0.0,0.0,1,여수,12,1,2020,winter,1,611.582885712,421.852272912,4469.891544431999,4965.728373792001,392.544502704,433.260594576
2020-12-23,453.57318072,4464.83564856,382.596372,2.0,11813.225806451614,73.7116911881161,36.76263873187515,4.4,78.0,1.5555555555555554,2.5,-0.8746197071393956,0.4848096202463373,0.0,50.142857142857146,7.28,6579.419354838709,0.0,0.0,,11813.225806451614,1.0,0.0,0.0,0.0,0.0,0.0,1,여수,12,2,2020,winter,1,514.708413408,371.34520344000003,4586.876023392,5201.905465296,389.097438624,456.326594496
2020-12-24,484.28284579200005,4432.774846464001,381.26465596799994,2.0,11813.225806451614,73.7116911881161,36.76263873187515,6.4,65.0,4.388888888888889,6.916666666666666,-0.7986355100472932,0.6018150231520479,0.0,14.81012658227848,10.54,6579.419354838709,0.0,0.0,,11813.225806451614,1.0,0.0,0.0,0.0,0.0,0.0,1,여수,12,3,2020,winter,1,453.57318072,471.212483904,4464.83564856,5296.6409777280005,382.596372,464.63314348800003
2020-12-25,293.088638304,4489.838274528,391.40752780800005,2.0,11813.225806451614,73.7116911881161,36.76263873187515,3.2,57.0,4.916666666666666,7.0,-0.7660444431189781,0.6427876096865393,0.0,11.593220338983052,10.52,6579.419354838709,0.0,0.0,,11813.225806451614,1.0,0.0,0.0,0.0,0.0,0.0,1,여수,12,4,2020,winter,1,484.28284579200005,170.98465305599996,4432.774846464001,4663.3643045280005,381.26465596799994,409.128981696
2020-12-26,391.09612708800006,4390.780364352,394.957984896,2.0,11813.225806451614,73.7116911881161,36.76263873187515,2.8,72.0,2.0,3.1111111111111107,-0.9986295347545738,-0.0523359562429443,0.0,36.0,10.92,6579.419354838709,0.0,0.0,,11813.225806451614,1.0,0.0,0.0,0.0,0.0,0.0,1,여수,12,5,2020,winter,1,293.088638304,62.36437391999999,4489.838274528,4585.82020416,391.40752780800005,419.00443488
2020-12-27,372.49230095999997,4494.348412992,387.86863536,2.0,11813.225806451614,73.7116911881161,36.76263873187515,5.0,87.0,2.638888888888889,4.25,0.6946583704589973,0.7193398003386512,9.4,32.96842105263158,2.78,6579.419354838709,0.0,0.0,,11813.225806451614,1.0,0.0,0.0,0.0,0.0,0.0,1,여수,12,6,2020,winter,1,391.09612708800006,308.064799728,4390.780364352,4436.776743840001,394.957984896,401.17842576
2020-12-28,338.64740784,4356.963857520001,391.750652736,2.0,11813.225806451614,73.7116911881161,36.76263873187515,5.9,85.0,1.5555555555555554,2.611111111111111,0.4999999999999999,0.8660254037844387,0.0,54.64285714285715,10.81,6579.419354838709,0.0,0.0,,11813.225806451614,1.0,0.0,0.0,0.0,0.0,0.0,1,여수,12,0,2020,winter,1,372.49230095999997,611.582885712,4494.348412992,4469.891544431999,387.86863536,392.544502704
2020-12-29,423.50081328,4483.919487456,399.95041017599993,2.0,11813.225806451614,73.7116911881161,36.76263873187515,5.3,84.0,3.1111111111111107,6.444444444444444,-0.2249510543438653,0.9743700647852352,4.4,27.000000000000004,7.35,6579.419354838709,0.0,0.0,,11813.225806451614,1.0,0.0,0.0,0.0,0.0,0.0,1,여수,12,1,2020,winter,1,338.64740784,514.708413408,4356.963857520001,4586.876023392,391.750652736,389.097438624
2020-12-30,416.490627744,4617.04573152,456.30929375999995,2.0,11813.225806451614,73.7116911881161,36.76263873187515,-2.8,56.0,8.944444444444445,11.083333333333332,-0.7431448254773946,0.6691306063588578,1.8,6.260869565217392,10.17,6579.419354838709,0.0,0.0,,11813.225806451614,1.0,0.0,0.0,0.0,0.0,0.0,1,여수,12,2,2020,winter,1,423.50081328,453.57318072,4483.919487456,4464.83564856,399.95041017599993,382.596372
2020-12-31,477.18963532800007,4344.5822916960005,510.77598120000005,2.0,11813.225806451614,73.7116911881161,36.76263873187515,-2.6,58.0,5.638888888888889,6.583333333333333,-0.8191520442889918,0.573576436351046,0.0,10.285714285714285,11.54,6579.419354838709,0.0,0.0,,11813.225806451614,1.0,0.0,0.0,0.0,0.0,0.0,1,여수,12,3,2020,winter,1,416.490627744,484.28284579200005,4617.04573152,4432.774846464001,456.30929375999995,381.26465596799994
2021-01-01,355.438002384,4418.475297552,479.48289552,2.0,13338.516129032258,83.41881517023222,36.85612226537749,0.5,63.0,3.8055555555555554,6.388888888888888,-0.9612616959383188,0.2756373558169994,0.0,16.554744525547445,7.42,7263.451612903225,0.0,0.0,,13338.516129032258,1.0,0.0,0.0,0.0,0.0,0.0,1,여수,1,4,2021,winter,1,477.18963532800007,293.088638304,4344.5822916960005,4489.838274528,510.77598120000005,391.40752780800005
2021-01-02,488.0738105280001,4446.55336392,468.57070353600005,2.0,13338.516129032258,83.41881517023222,36.85612226537749,1.2,60.0,3.7777777777777777,6.777777777777777,-0.7071067811865477,0.7071067811865474,0.0,15.882352941176473,11.19,7263.451612903225,0.0,0.0,,13338.516129032258,1.0,0.0,0.0,0.0,0.0,0.0,1,여수,1,5,2021,winter,1,355.438002384,391.09612708800006,4418.475297552,4390.780364352,479.48289552,394.957984896
2021-01-03,385.091640576,4751.463230207999,486.2934604799999,2.0,13338.516129032258,83.41881517023222,36.85612226537749,0.7,52.0,3.9722222222222223,5.611111111111111,-0.7547095802227722,0.656059028990507,0.0,13.09090909090909,10.98,7263.451612903225,0.0,0.0,,13338.516129032258,1.0,0.0,0.0,0.0,0.0,0.0,1,여수,1,6,2021,winter,1,488.0738105280001,372.49230095999997,4446.55336392,4494.348412992,468.57070353600005,387.86863536
2021-01-04,326.79864849599994,4714.765988112,474.112497456,2.0,13338.516129032258,83.41881517023222,36.85612226537749,1.8,65.0,1.9444444444444444,3.138888888888889,-0.7313537016191703,0.6819983600624987,0.0,33.42857142857143,11.44,7263.451612903225,0.0,0.0,,13338.516129032258,1.0,0.0,0.0,0.0,0.0,0.0,1,여수,1,0,2021,winter,1,385.091640576,338.64740784,4751.463230207999,4356.963857520001,486.2934604799999,391.750652736
2021-01-05,606.9677415840001,5405.518185552,508.01730696000004,2.0,13338.516129032258,83.41881517023222,36.85612226537749,1.7,65.0,4.583333333333333,6.583333333333333,-0.6819983600624984,0.7313537016191707,0.0,14.181818181818183,7.56,7263.451612903225,0.0,0.0,,13338.516129032258,1.0,0.0,0.0,0.0,0.0,0.0,1,여수,1,1,2021,winter,1,326.79864849599994,423.50081328,4714.765988112,4483.919487456,474.112497456,399.95041017599993
2021-01-06,619.408290528,5165.263268064,546.8089343039999,2.0,13338.516129032258,83.41881517023222,36.85612226537749,-1.5,55.0,4.055555555555555,6.666666666666666,-0.8480480961564262,0.5299192642332047,0.1,13.561643835616438,9.84,7263.451612903225,0.0,0.0,,13338.516129032258,1.0,0.0,0.0,0.0,0.0,0.0,1,여수,1,2,2021,winter,1,606.9677415840001,416.490627744,5405.518185552,4617.04573152,508.01730696000004,456.30929375999995
2021-01-07,1635.8353449119998,7813.998095327999,1510.3945360799999,2.0,13338.516129032258,83.41881517023222,36.85612226537749,-5.1,49.0,7.194444444444444,9.61111111111111,-0.7547095802227722,0.656059028990507,0.5,6.810810810810811,11.97,7263.451612903225,0.0,0.0,,13338.516129032258,1.0,0.0,0.0,0.0,0.0,0.0,1,여수,1,3,2021,winter,1,619.408290528,477.18963532800007,5165.263268064,4344.5822916960005,546.8089343039999,510.77598120000005
2021-01-08,22304.871477647997,51402.28141943999,27088.719683183997,2.0,13338.516129032258,83.41881517023222,36.85612226537749,-7.1,48.0,4.361111111111111,5.972222222222222,-0.6560590289905074,0.7547095802227719,0.0,11.006369426751592,12.18,7263.451612903225,0.0,0.0,,13338.516129032258,1.0,0.0,0.0,0.0,0.0,0.0,1,여수,1,4,2021,winter,1,1635.8353449119998,355.438002384,7813.998095327999,4418.475297552,1510.3945360799999,479.48289552
2021-01-09,1155.715834176,4849.949534976,1111.023220032,2.0,13338.516129032258,83.41881517023222,36.85612226537749,-5.0,52.0,4.444444444444445,5.972222222222222,-0.7431448254773946,0.6691306063588578,0.0,11.7,12.07,7263.451612903225,0.0,0.0,,13338.516129032258,1.0,0.0,0.0,0.0,0.0,0.0,1,여수,1,5,2021,winter,1,22304.871477647997,488.0738105280001,51402.28141943999,4446.55336392,27088.719683183997,468.57070353600005
2021-01-10,1173.1605768000002,4581.2044872,800.799568416,2.0,13338.516129032258,83.41881517023222,36.85612226537749,-2.1,63.0,3.5277777777777777,6.138888888888889,-0.9063077870366498,0.4226182617406996,0.0,17.858267716535433,10.53,7263.451612903225,0.0,0.0,,13338.516129032258,1.0,0.0,0.0,0.0,0.0,0.0,1,여수,1,6,2021,winter,1,1155.715834176,385.091640576,4849.949534976,4751.463230207999,1111.023220032,486.2934604799999
2021-01-11,1103.6707549919997,5830.780276224001,533.169174384,2.0,13338.516129032258,83.41881517023222,36.85612226537749,-0.7,71.0,1.8333333333333333,3.4722222222222223,-0.3583679495453007,0.9335804264972016,0.4,38.72727272727273,6.12,7263.451612903225,0.0,0.0,,13338.516129032258,1.0,0.0,0.0,0.0,0.0,0.0,1,여수,1,0,2021,winter,1,1173.1605768000002,326.79864849599994,4581.2044872,4714.765988112,800.799568416,474.112497456
2021-01-12,248.38911619200002,5830.858503648,508.075544592,2.0,13338.516129032258,83.41881517023222,36.85612226537749,0.7,66.0,2.861111111111111,5.777777777777778,-0.9396926207859084,0.342020143325669,0.0,23.067961165048544,10.85,7263.451612903225,0.0,0.0,,13338.516129032258,1.0,0.0,0.0,0.0,0.0,0.0,1,여수,1,1,2021,winter,1,1103.6707549919997,606.9677415840001,5830.780276224001,5405.518185552,533.169174384,508.01730696000004
2021-01-13,186.65784964799997,5379.546198960001,500.651697888,2.0,13338.516129032258,83.41881517023222,36.85612226537749,4.9,70.0,3.0277777777777777,6.499999999999999,-0.882947592858927,-0.4694715627858907,0.0,23.119266055045873,11.17,7263.451612903225,0.0,0.0,,13338.516129032258,1.0,0.0,0.0,0.0,0.0,0.0,1,여수,1,2,2021,winter,1,248.38911619200002,619.408290528,5830.858503648,5165.263268064,508.075544592,546.8089343039999
2021-01-14,892.3198396319999,5652.64486296,532.826574048,2.0,13338.516129032258,83.41881517023222,36.85612226537749,5.5,75.0,2.4444444444444446,3.1666666666666665,0.9271838545667874,0.3746065934159119,0.0,30.68181818181818,11.6,7263.451612903225,0.0,0.0,,13338.516129032258,1.0,0.0,0.0,0.0,0.0,0.0,1,여수,1,3,2021,winter,1,186.65784964799997,1635.8353449119998,5379.546198960001,7813.998095327999,500.651697888,1510.3945360799999
2021-01-15,1531.4209452,5676.650195328,546.97032576,2.0,13338.516129032258,83.41881517023222,36.85612226537749,9.1,80.0,3.083333333333333,6.472222222222222,-0.9563047559630352,-0.2923717047227371,0.0,25.945945945945947,9.31,7263.451612903225,0.0,0.0,,13338.516129032258,1.0,0.0,0.0,0.0,0.0,0.0,1,여수,1,4,2021,winter,1,892.3198396319999,22304.871477647997,5652.64486296,51402.28141943999,532.826574048,27088.719683183997
2021-01-16,1340.7571884959998,5325.581668608,510.586631136,2.0,13338.516129032258,83.41881517023222,36.85612226537749,1.4,62.0,6.916666666666666,7.944444444444445,-0.7431448254773946,0.6691306063588578,0.0,8.963855421686748,12.34,7263.451612903225,0.0,0.0,,13338.516129032258,1.0,0.0,0.0,0.0,0.0,0.0,1,여수,1,5,2021,winter,1,1531.4209452,1155.715834176,5676.650195328,4849.949534976,546.97032576,1111.023220032
2021-01-17,581.286928608,5192.059149647999,485.72815219200004,2.0,13338.516129032258,83.41881517023222,36.85612226537749,-0.9,53.0,5.5,8.5,-0.7547095802227722,0.656059028990507,0.0,9.636363636363637,12.49,7263.451612903225,0.0,0.0,,13338.516129032258,1.0,0.0,0.0,0.0,0.0,0.0,1,여수,1,6,2021,winter,1,1340.7571884959998,1173.1605768000002,5325.581668608,4581.2044872,510.586631136,800.799568416
2021-01-18,471.6219490559999,5188.696607088,528.7792968,2.0,13338.516129032258,83.41881517023222,36.85612226537749,2.0,66.0,5.277777777777778,10.555555555555555,-0.9781476007338056,0.2079116908177594,0.3,12.505263157894737,9.99,7263.451612903225,0.0,0.0,,13338.516129032258,1.0,0.0,0.0,0.0,0.0,0.0,1,여수,1,0,2021,winter,1,581.286928608,1103.6707549919997,5192.059149647999,5830.780276224001,485.72815219200004,533.169174384
2021-01-19,889.85745504,4807.533640320001,526.4373744000001,2.0,13338.516129032258,83.41881517023222,36.85612226537749,-0.7,58.0,2.75,6.527777777777778,-0.4539904997395469,0.8910065241883678,0.0,21.09090909090909,12.76,7263.451612903225,0.0,0.0,,13338.516129032258,1.0,0.0,0.0,0.0,0.0,0.0,1,여수,1,1,2021,winter,1,471.6219490559999,248.38911619200002,5188.696607088,5830.858503648,528.7792968,508.075544592
2021-01-20,867.737338128,5058.317785248,533.071821024,2.0,13338.516129032258,83.41881517023222,36.85612226537749,1.9,64.0,2.361111111111111,3.1111111111111107,0.8746197071393957,0.4848096202463371,0.0,27.105882352941176,12.62,7263.451612903225,0.0,0.0,,13338.516129032258,1.0,0.0,0.0,0.0,0.0,0.0,1,여수,1,2,2021,winter,1,889.85745504,186.65784964799997,4807.533640320001,5379.546198960001,526.4373744000001,500.651697888
2021-01-21,384.31695009599997,4890.008822832,558.2423756159999,2.0,13338.516129032258,83.41881517023222,36.85612226537749,5.7,86.0,2.305555555555556,2.972222222222222,0.9271838545667874,0.3746065934159119,4.2,37.3012048192771,7.35,7263.451612903225,0.0,0.0,,13338.516129032258,1.0,0.0,0.0,0.0,0.0,0.0,1,여수,1,3,2021,winter,1,867.737338128,892.3198396319999,5058.317785248,5652.64486296,533.071821024,532.826574048
2021-01-22,185.405229648,4963.382008991999,578.719795248,2.0,13338.516129032258,83.41881517023222,36.85612226537749,8.0,97.0,2.0833333333333335,3.8333333333333335,0.6156614753256583,0.7880107536067219,6.2,46.559999999999995,3.61,7263.451612903225,0.0,0.0,,13338.516129032258,1.0,0.0,0.0,0.0,0.0,0.0,1,여수,1,4,2021,winter,1,384.31695009599997,1531.4209452,4890.008822832,5676.650195328,558.2423756159999,546.97032576
2021-01-23,231.132948048,4691.376280368,563.196469104,2.0,13338.516129032258,83.41881517023222,36.85612226537749,8.8,91.0,5.916666666666667,7.694444444444444,0.7313537016191705,0.6819983600624985,4.4,15.380281690140844,4.16,7263.451612903225,0.0,0.0,,13338.516129032258,1.0,0.0,0.0,0.0,0.0,0.0,1,여수,1,5,2021,winter,1,185.405229648,1340.7571884959998,4963.382008991999,5325.581668608,578.719795248,510.586631136
2021-01-24,553.728753936,4246.7852063519995,515.638862928,2.0,13338.516129032258,83.41881517023222,36.85612226537749,7.7,75.0,4.527777777777778,6.416666666666667,0.6691306063588582,0.7431448254773942,0.1,16.564417177914113,12.23,7263.451612903225,0.0,0.0,,13338.516129032258,1.0,0.0,0.0,0.0,0.0,0.0,1,여수,1,6,2021,winter,1,231.132948048,581.286928608,4691.376280368,5192.059149647999,563.196469104,485.72815219200004
2021-01-25,760.7333427840001,4981.277150208,577.557117504,2.0,13338.516129032258,83.41881517023222,36.85612226537749,7.6,74.0,4.666666666666667,6.722222222222221,0.8910065241883679,0.4539904997395468,0.0,15.857142857142856,12.68,7263.451612903225,0.0,0.0,,13338.516129032258,1.0,0.0,0.0,0.0,0.0,0.0,1,여수,1,0,2021,winter,1,553.728753936,471.6219490559999,4246.7852063519995,5188.696607088,515.638862928,528.7792968
2021-01-26,432.56769710399993,5059.241440272001,582.908386896,2.0,13338.516129032258,83.41881517023222,36.85612226537749,6.8,89.0,3.6666666666666665,5.361111111111112,0.0697564737441253,0.9975640502598242,9.5,24.272727272727273,2.56,7263.451612903225,0.0,0.0,,13338.516129032258,1.0,0.0,0.0,0.0,0.0,0.0,1,여수,1,1,2021,winter,1,760.7333427840001,889.85745504,4981.277150208,4807.533640320001,577.557117504,526.4373744000001
2021-01-27,272.169255456,4804.117610544,569.261485296,2.0,13338.516129032258,83.41881517023222,36.85612226537749,5.6,64.0,2.388888888888889,4.972222222222221,-0.3583679495453007,0.9335804264972016,0.0,26.79069767441861,13.35,7263.451612903225,0.0,0.0,,13338.516129032258,1.0,0.0,0.0,0.0,0.0,0.0,1,여수,1,2,2021,winter,1,432.56769710399993,867.737338128,5059.241440272001,5058.317785248,582.908386896,533.071821024
2021-01-28,280.24729084800003,5262.129567072001,598.9495428,2.0,13338.516129032258,83.41881517023222,36.85612226537749,3.2,59.0,5.722222222222222,10.833333333333334,-0.8290375725550416,0.559192903470747,0.0,10.310679611650484,11.22,7263.451612903225,0.0,0.0,,13338.516129032258,1.0,0.0,0.0,0.0,0.0,0.0,1,여수,1,3,2021,winter,1,272.169255456,384.31695009599997,4804.117610544,4890.008822832,569.261485296,558.2423756159999
2021-01-29,157.174992,4928.754002111999,556.843454784,2.0,13338.516129032258,83.41881517023222,36.85612226537749,-2.5,51.0,6.527777777777778,9.305555555555555,-0.7313537016191703,0.6819983600624987,0.0,7.812765957446809,13.81,7263.451612903225,0.0,0.0,,13338.516129032258,1.0,0.0,0.0,0.0,0.0,0.0,1,여수,1,4,2021,winter,1,280.24729084800003,185.405229648,5262.129567072001,4963.382008991999,598.9495428,578.719795248
2021-01-30,198.278762112,5121.431172287999,569.1882412799999,2.0,13338.516129032258,83.41881517023222,36.85612226537749,2.8,66.0,3.1666666666666665,7.277777777777778,-0.9998476951563912,0.0174524064372831,0.0,20.842105263157897,12.43,7263.451612903225,0.0,0.0,,13338.516129032258,1.0,0.0,0.0,0.0,0.0,0.0,1,여수,1,5,2021,winter,1,157.174992,231.132948048,4928.754002111999,4691.376280368,556.843454784,563.196469104
2021-01-31,185.10394953600002,4770.225370512,555.418175184,2.0,13338.516129032258,83.41881517023222,36.85612226537749,5.0,79.0,2.2777777777777777,4.027777777777778,0.9998476951563912,-0.0174524064372834,0.4,34.6829268292683,11.07,7263.451612903225,0.0,0.0,,13338.516129032258,1.0,0.0,0.0,0.0,0.0,0.0,1,여수,1,6,2021,winter,1,198.278762112,553.728753936,5121.431172287999,4246.7852063519995,569.1882412799999,515.638862928
2021-02-01,154.82221286400002,4389.268898304,535.5150654240001,2.0,11558.107142857143,72.44625222864595,36.437157159322304,9.1,90.0,4.527777777777778,5.75,-0.9335804264972016,-0.3583679495453007,24.3,19.87730061349693,4.0,6169.035714285715,0.32142857142857145,0.0,,11558.107142857143,0.9999478991791226,5.2100820877377824e-05,0.0,0.0,0.0,0.0,1,여수,2,0,2021,winter,1,185.10394953600002,760.7333427840001,4770.225370512,4981.277150208,555.418175184,577.557117504
2021-02-02,72.352004688,4691.587058928,543.1426450560001,2.0,11558.107142857143,72.44625222864595,36.437157159322304,0.3,46.0,6.694444444444445,7.638888888888888,-0.7313537016191703,0.6819983600624987,0.0,6.871369294605809,14.97,6169.035714285715,0.32142857142857145,0.0,,11558.107142857143,0.9999478991791226,5.2100820877377824e-05,0.0,0.0,0.0,0.0,1,여수,2,1,2021,winter,1,154.82221286400002,432.56769710399993,4389.268898304,5059.241440272001,535.5150654240001,582.908386896
2021-02-03,140.07848832,4750.463701152,532.97334576,2.0,11558.107142857143,72.44625222864595,36.437157159322304,0.8,55.0,3.416666666666667,6.611111111111111,-0.9205048534524404,0.3907311284892735,0.0,16.097560975609756,14.76,6169.035714285715,0.32142857142857145,0.0,,11558.107142857143,0.9999478991791226,5.2100820877377824e-05,0.0,0.0,0.0,0.0,1,여수,2,2,2021,winter,1,72.352004688,272.169255456,4691.587058928,4804.117610544,543.1426450560001,569.261485296
2021-02-04,229.495000464,4639.263922656,541.71801,2.0,11558.107142857143,72.44625222864595,36.437157159322304,3.0,56.0,4.583333333333333,6.388888888888888,-0.8386705679454243,0.5446390350150266,0.2,12.21818181818182,15.09,6169.035714285715,0.32142857142857145,0.0,,11558.107142857143,0.9999478991791226,5.2100820877377824e-05,0.0,0.0,0.0,0.0,1,여수,2,3,2021,winter,1,140.07848832,280.24729084800003,4750.463701152,5262.129567072001,532.97334576,598.9495428
2021-02-05,346.918529232,4858.945483968,570.126021408,2.0,11558.107142857143,72.44625222864595,36.437157159322304,2.6,57.0,1.8611111111111112,3.555555555555556,-0.9563047559630354,0.2923717047227367,0.0,30.62686567164179,7.81,6169.035714285715,0.32142857142857145,0.0,,11558.107142857143,0.9999478991791226,5.2100820877377824e-05,0.0,0.0,0.0,0.0,1,여수,2,4,2021,winter,1,229.495000464,157.174992,4639.263922656,4928.754002111999,541.71801,556.843454784
2021-02-06,290.85196608000007,4836.803348736,541.413950688,2.0,11558.107142857143,72.44625222864595,36.437157159322304,6.5,78.0,2.888888888888889,5.138888888888888,-0.9961946980917455,-0.0871557427476582,0.0,27.0,14.56,6169.035714285715,0.32142857142857145,0.0,,11558.107142857143,0.9999478991791226,5.2100820877377824e-05,0.0,0.0,0.0,0.0,1,여수,2,5,2021,winter,1,346.918529232,198.278762112,4858.945483968,5121.431172287999,570.126021408,569.1882412799999
2021-02-07,184.048714512,4348.010820384001,532.3531142880001,2.0,11558.107142857143,72.44625222864595,36.437157159322304,8.3,71.0,4.027777777777778,5.333333333333333,-0.9135454576426012,0.4067366430757997,0.1,17.627586206896552,14.79,6169.035714285715,0.32142857142857145,0.0,,11558.107142857143,0.9999478991791226,5.2100820877377824e-05,0.0,0.0,0.0,0.0,1,여수,2,6,2021,winter,1,290.85196608000007,185.10394953600002,4836.803348736,4770.225370512,541.413950688,555.418175184
2021-02-08,70.668157104,4129.55219736,504.756602352,2.0,11558.107142857143,72.44625222864595,36.437157159322304,1.1,45.0,6.694444444444445,7.5,-0.6946583704589976,0.7193398003386509,0.0,6.721991701244813,15.51,6169.035714285715,0.32142857142857145,0.0,,11558.107142857143,0.9999478991791226,5.2100820877377824e-05,0.0,0.0,0.0,0.0,1,여수,2,0,2021,winter,1,184.048714512,154.82221286400002,4348.010820384001,4389.268898304,532.3531142880001,535.5150654240001
2021-02-09,162.382619232,4134.775053168,483.453741744,2.0,11558.107142857143,72.44625222864595,36.437157159322304,1.8,48.0,4.472222222222222,6.583333333333333,-0.7880107536067218,0.6156614753256585,0.0,10.732919254658384,15.57,6169.035714285715,0.32142857142857145,0.0,,11558.107142857143,0.9999478991791226,5.2100820877377824e-05,0.0,0.0,0.0,0.0,1,여수,2,1,2021,winter,1,70.668157104,72.352004688,4129.55219736,4691.587058928,504.756602352,543.1426450560001
2021-02-10,250.5693744,3992.205699504,485.595439488,2.0,11558.107142857143,72.44625222864595,36.437157159322304,4.7,55.0,3.0,4.583333333333333,-0.9135454576426012,0.4067366430757997,0.0,18.333333333333332,15.38,6169.035714285715,0.32142857142857145,0.0,,11558.107142857143,0.9999478991791226,5.2100820877377824e-05,0.0,0.0,0.0,0.0,1,여수,2,2,2021,winter,1,162.382619232,140.07848832,4134.775053168,4750.463701152,483.453741744,532.97334576
2021-02-11,170.808130224,3973.842458208,504.356698656,2.0,11558.107142857143,72.44625222864595,36.437157159322304,5.5,70.0,2.1666666666666665,3.2777777777777777,0.6427876096865393,0.766044443118978,0.0,32.30769230769231,11.06,6169.035714285715,0.32142857142857145,0.0,,11558.107142857143,0.9999478991791226,5.2100820877377824e-05,0.0,0.0,0.0,0.0,1,여수,2,3,2021,winter,1,250.5693744,229.495000464,3992.205699504,4639.263922656,485.595439488,541.71801
2021-02-12,137.448167616,3985.626796272,508.89615998399995,2.0,11558.107142857143,72.44625222864595,36.437157159322304,7.7,71.0,1.75,2.6666666666666665,0.3583679495453002,0.9335804264972016,0.0,40.57142857142857,12.43,6169.035714285715,0.32142857142857145,0.0,,11558.107142857143,0.9999478991791226,5.2100820877377824e-05,0.0,0.0,0.0,0.0,1,여수,2,4,2021,winter,1,170.808130224,346.918529232,3973.842458208,4858.945483968,504.356698656,570.126021408
2021-02-13,230.17887777599998,4012.5237121440005,514.3540743359999,2.0,11558.107142857143,72.44625222864595,36.437157159322304,9.0,63.0,1.7222222222222223,2.6666666666666665,0.754709580222772,0.6560590289905073,0.0,36.58064516129032,15.1,6169.035714285715,0.32142857142857145,0.0,,11558.107142857143,0.9999478991791226,5.2100820877377824e-05,0.0,0.0,0.0,0.0,1,여수,2,5,2021,winter,1,137.448167616,290.85196608000007,3985.626796272,4836.803348736,508.89615998399995,541.413950688
2021-02-14,305.441666784,3994.035967296,521.5856192639999,2.0,11558.107142857143,72.44625222864595,36.437157159322304,9.1,86.0,1.5833333333333333,2.888888888888889,0.754709580222772,0.6560590289905073,10.6,54.31578947368421,6.27,6169.035714285715,0.32142857142857145,0.0,,11558.107142857143,0.9999478991791226,5.2100820877377824e-05,0.0,0.0,0.0,0.0,1,여수,2,6,2021,winter,1,230.17887777599998,184.048714512,4012.5237121440005,4348.010820384001,514.3540743359999,532.3531142880001
2021-02-15,433.36941638400003,4029.836031936,511.44773990400006,2.0,11558.107142857143,72.44625222864595,36.437157159322304,5.4,74.0,7.055555555555555,10.333333333333334,-0.8746197071393956,0.4848096202463373,0.0,10.488188976377954,13.76,6169.035714285715,0.32142857142857145,0.0,,11558.107142857143,0.9999478991791226,5.2100820877377824e-05,0.0,0.0,0.0,0.0,1,여수,2,0,2021,winter,1,305.441666784,70.668157104,3994.035967296,4129.55219736,521.5856192639999,504.756602352
2021-02-16,515.23456896,4121.933775551999,495.61923110399994,2.0,11558.107142857143,72.44625222864595,36.437157159322304,1.6,52.0,6.638888888888888,10.22222222222222,-0.9335804264972016,0.3583679495453004,0.4,7.832635983263599,15.88,6169.035714285715,0.32142857142857145,0.0,,11558.107142857143,0.9999478991791226,5.2100820877377824e-05,0.0,0.0,0.0,0.0,1,여수,2,1,2021,winter,1,433.36941638400003,162.382619232,4029.836031936,4134.775053168,511.44773990400006,483.453741744
2021-02-17,487.53461779199995,4160.1491936639995,494.37662975999996,2.0,11558.107142857143,72.44625222864595,36.437157159322304,-2.9,51.0,7.916666666666666,11.055555555555555,-0.8090169943749476,0.5877852522924729,0.0,6.442105263157895,16.0,6169.035714285715,0.32142857142857145,0.0,,11558.107142857143,0.9999478991791226,5.2100820877377824e-05,0.0,0.0,0.0,0.0,1,여수,2,2,2021,winter,1,515.23456896,250.5693744,4121.933775551999,3992.205699504,495.61923110399994,485.595439488
2021-02-18,442.03595904,4002.0833488320004,495.05401324800005,2.0,11558.107142857143,72.44625222864595,36.437157159322304,-2.4,58.0,7.111111111111112,9.361111111111112,-0.7431448254773946,0.6691306063588578,0.1,8.15625,14.7,6169.035714285715,0.32142857142857145,0.0,,11558.107142857143,0.9999478991791226,5.2100820877377824e-05,0.0,0.0,0.0,0.0,1,여수,2,3,2021,winter,1,487.53461779199995,170.808130224,4160.1491936639995,3973.842458208,494.37662975999996,504.356698656
2021-02-19,473.48724844800006,3944.867162112,471.246922512,2.0,11558.107142857143,72.44625222864595,36.437157159322304,3.4,65.0,4.833333333333333,6.138888888888889,-0.9975640502598244,0.0697564737441252,0.0,13.448275862068966,17.05,6169.035714285715,0.32142857142857145,0.0,,11558.107142857143,0.9999478991791226,5.2100820877377824e-05,0.0,0.0,0.0,0.0,1,여수,2,4,2021,winter,1,442.03595904,137.448167616,4002.0833488320004,3985.626796272,495.05401324800005,508.89615998399995
2021-02-20,508.46329684799997,4019.865434784,496.238864112,2.0,11558.107142857143,72.44625222864595,36.437157159322304,10.3,73.0,4.555555555555555,6.583333333333333,-0.913545457642601,-0.4067366430758001,0.0,16.024390243902438,16.66,6169.035714285715,0.32142857142857145,0.0,,11558.107142857143,0.9999478991791226,5.2100820877377824e-05,0.0,0.0,0.0,0.0,1,여수,2,5,2021,winter,1,473.48724844800006,230.17887777599998,3944.867162112,4012.5237121440005,471.246922512,514.3540743359999
2021-02-21,461.59425950400004,3979.743965568,511.57395576,2.0,11558.107142857143,72.44625222864595,36.437157159322304,11.9,72.0,4.75,7.083333333333333,-0.8571673007021121,-0.5150380749100544,0.0,15.157894736842104,16.97,6169.035714285715,0.32142857142857145,0.0,,11558.107142857143,0.9999478991791226,5.2100820877377824e-05,0.0,0.0,0.0,0.0,1,여수,2,6,2021,winter,1,508.46329684799997,305.441666784,4019.865434784,3994.035967296,496.238864112,521.5856192639999
2021-02-22,481.92829848,4209.321444048001,504.96356966400003,2.0,11558.107142857143,72.44625222864595,36.437157159322304,12.8,72.0,4.555555555555555,6.583333333333333,-1.0,-1.8369701987210294e-16,0.0,15.804878048780488,16.71,6169.035714285715,0.32142857142857145,0.0,,11558.107142857143,0.9999478991791226,5.2100820877377824e-05,0.0,0.0,0.0,0.0,1,여수,2,0,2021,winter,1,461.59425950400004,433.36941638400003,3979.743965568,4029.836031936,511.57395576,511.44773990400006
2021-02-23,529.242232176,4449.996242928,533.946978864,2.0,11558.107142857143,72.44625222864595,36.437157159322304,5.6,38.0,3.611111111111111,6.055555555555555,-0.7193398003386512,0.6946583704589973,0.0,10.523076923076925,15.7,6169.035714285715,0.32142857142857145,0.0,,11558.107142857143,0.9999478991791226,5.2100820877377824e-05,0.0,0.0,0.0,0.0,1,여수,2,1,2021,winter,1,481.92829848,515.23456896,4209.321444048001,4121.933775551999,504.96356966400003,495.61923110399994
2021-02-24,429.81785207999997,4366.269572112,531.30212424,2.0,11558.107142857143,72.44625222864595,36.437157159322304,5.8,48.0,2.611111111111111,4.388888888888889,0.6819983600624985,0.7313537016191705,0.0,18.382978723404253,13.46,6169.035714285715,0.32142857142857145,0.0,,11558.107142857143,0.9999478991791226,5.2100820877377824e-05,0.0,0.0,0.0,0.0,1,여수,2,2,2021,winter,1,529.242232176,487.53461779199995,4449.996242928,4160.1491936639995,533.946978864,494.37662975999996
2021-02-25,196.37270135999998,4343.303493936,523.231857504,2.0,11558.107142857143,72.44625222864595,36.437157159322304,6.3,81.0,4.027777777777778,6.777777777777777,0.6946583704589973,0.7193398003386512,7.8,20.110344827586207,5.92,6169.035714285715,0.32142857142857145,0.0,,11558.107142857143,0.9999478991791226,5.2100820877377824e-05,0.0,0.0,0.0,0.0,1,여수,2,3,2021,winter,1,429.81785207999997,442.03595904,4366.269572112,4002.0833488320004,531.30212424,495.05401324800005
2021-02-26,108.37674100800001,4286.447701488,512.320146912,2.0,11558.107142857143,72.44625222864595,36.437157159322304,8.4,73.0,6.777777777777777,8.722222222222221,0.8290375725550417,0.5591929034707468,11.8,10.77049180327869,13.15,6169.035714285715,0.32142857142857145,0.0,,11558.107142857143,0.9999478991791226,5.2100820877377824e-05,0.0,0.0,0.0,0.0,1,여수,2,4,2021,winter,1,196.37270135999998,473.48724844800006,4343.303493936,3944.867162112,523.231857504,471.246922512
2021-02-27,121.30117156800002,4047.8208513120003,527.558865984,2.0,11558.107142857143,72.44625222864595,36.437157159322304,7.4,60.0,7.527777777777778,9.944444444444445,0.8987940462991669,0.4383711467890774,0.0,7.970479704797048,13.62,6169.035714285715,0.32142857142857145,0.0,,11558.107142857143,0.9999478991791226,5.2100820877377824e-05,0.0,0.0,0.0,0.0,1,여수,2,5,2021,winter,1,108.37674100800001,508.46329684799997,4286.447701488,4019.865434784,512.320146912,496.238864112
2021-02-28,0.0,2214.6541846559994,717.8746188959999,2.0,11558.107142857143,72.44625222864595,36.437157159322304,6.9,76.0,4.861111111111111,6.888888888888889,0.788010753606722,0.6156614753256583,0.9,15.634285714285715,4.99,6169.035714285715,0.32142857142857145,0.0,,11558.107142857143,0.9999478991791226,5.2100820877377824e-05,0.0,0.0,0.0,0.0,1,여수,2,6,2021,winter,1,121.30117156800002,461.59425950400004,4047.8208513120003,3979.743965568,527.558865984,511.57395576
2021-03-01,0.0,2234.502410976,633.685174128,2.0,6096.258064516129,74.71,36.27,11.5,93.0,5.472222222222222,10.305555555555555,-0.0523359562429435,-0.9986295347545738,34.9,16.99492385786802,2.74,3398.5806451612902,0.0,0.0,,6096.258064516129,1.0,0.0,0.0,0.0,0.0,0.0,1,여수,3,0,2021,spring,1,0.0,481.92829848,2214.6541846559994,4209.321444048001,717.8746188959999,504.96356966400003
2021-03-02,63.627124032000005,2213.660834208,531.31583376,2.0,6096.258064516129,74.71,36.27,5.8,81.0,2.638888888888889,5.833333333333333,0.3090169943749474,0.9510565162951536,3.4,30.694736842105264,10.19,3398.5806451612902,0.0,0.0,,6096.258064516129,1.0,0.0,0.0,0.0,0.0,0.0,1,여수,3,1,2021,spring,1,0.0,529.242232176,2234.502410976,4449.996242928,633.685174128,533.946978864
2021-03-03,238.87477152000002,2263.636222992,464.638111632,2.0,6096.258064516129,74.71,36.27,5.0,70.0,2.111111111111111,3.4722222222222223,0.9335804264972016,0.3583679495453004,0.0,33.1578947368421,15.67,3398.5806451612902,0.0,0.0,,6096.258064516129,1.0,0.0,0.0,0.0,0.0,0.0,1,여수,3,2,2021,spring,1,63.627124032000005,429.81785207999997,2213.660834208,4366.269572112,531.31583376,531.30212424
2021-03-04,97.17164121599997,2241.1749706560004,422.999913312,2.0,6096.258064516129,74.71,36.27,7.0,84.0,3.2499999999999996,5.277777777777778,0.6946583704589973,0.7193398003386512,11.7,25.84615384615385,5.43,3398.5806451612902,0.0,0.0,,6096.258064516129,1.0,0.0,0.0,0.0,0.0,0.0,1,여수,3,3,2021,spring,1,238.87477152000002,196.37270135999998,2263.636222992,4343.303493936,464.638111632,523.231857504
2021-03-05,83.30436547199999,2208.6195894719995,442.18236916800004,2.0,6096.258064516129,74.71,36.27,10.1,82.0,3.083333333333333,5.722222222222222,0.4539904997395468,0.8910065241883679,1.1,26.594594594594597,18.18,3398.5806451612902,0.0,0.0,,6096.258064516129,1.0,0.0,0.0,0.0,0.0,0.0,1,여수,3,4,2021,spring,1,97.17164121599997,108.37674100800001,2241.1749706560004,4286.447701488,422.999913312,512.320146912
2021-03-06,120.41531798399998,2223.0912985920004,441.786087072,2.0,6096.258064516129,74.71,36.27,9.0,72.0,4.388888888888889,7.138888888888888,0.8829475928589269,0.4694715627858908,0.0,16.40506329113924,15.32,3398.5806451612902,0.0,0.0,,6096.258064516129,1.0,0.0,0.0,0.0,0.0,0.0,1,여수,3,5,2021,spring,1,83.30436547199999,121.30117156800002,2208.6195894719995,4047.8208513120003,442.18236916800004,527.558865984
2021-03-07,280.39594694399995,2217.842203536,455.21485127999995,2.0,6096.258064516129,74.71,36.27,6.8,70.0,3.5,5.527777777777778,0.8191520442889918,0.573576436351046,0.0,20.0,11.57,3398.5806451612902,0.0,0.0,,6096.258064516129,1.0,0.0,0.0,0.0,0.0,0.0,1,여수,3,6,2021,spring,1,120.41531798399998,0.0,2223.0912985920004,2214.6541846559994,441.786087072,717.8746188959999
2021-03-08,181.17248687999995,2205.6411722400003,457.88242104,2.0,6096.258064516129,74.71,36.27,8.0,74.0,2.138888888888889,4.361111111111111,0.9902680687415704,0.1391731009600654,0.0,34.5974025974026,19.04,3398.5806451612902,0.0,0.0,,6096.258064516129,1.0,0.0,0.0,0.0,0.0,0.0,1,여수,3,0,2021,spring,1,280.39594694399995,0.0,2217.842203536,2234.502410976,455.21485127999995,633.685174128
2021-03-09,114.21097127999997,2199.31923456,462.65645707199997,2.0,6096.258064516129,74.71,36.27,8.7,71.0,2.2777777777777777,4.194444444444445,-0.7313537016191703,0.6819983600624987,0.0,31.17073170731707,14.35,3398.5806451612902,0.0,0.0,,6096.258064516129,1.0,0.0,0.0,0.0,0.0,0.0,1,여수,3,1,2021,spring,1,181.17248687999995,63.627124032000005,2205.6411722400003,2213.660834208,457.88242104,531.31583376
2021-03-10,110.84811839999998,2153.39245056,494.468337024,2.0,6096.258064516129,74.71,36.27,8.9,63.0,3.555555555555556,5.5,0.8660254037844386,0.5000000000000001,0.0,17.71875,20.11,3398.5806451612902,0.0,0.0,,6096.258064516129,1.0,0.0,0.0,0.0,0.0,0.0,1,여수,3,2,2021,spring,1,114.21097127999997,238.87477152000002,2199.31923456,2263.636222992,462.65645707199997,464.638111632
2021-03-11,151.49758406400002,2151.701272512,471.32603136,2.0,6096.258064516129,74.71,36.27,9.4,73.0,2.4444444444444446,3.555555555555556,0.981627183447664,0.1908089953765449,0.6,29.86363636363636,16.34,3398.5806451612902,0.0,0.0,,6096.258064516129,1.0,0.0,0.0,0.0,0.0,0.0,1,여수,3,3,2021,spring,1,110.84811839999998,97.17164121599997,2153.39245056,2241.1749706560004,494.468337024,422.999913312
2021-03-12,108.951153408,2196.254279232,461.0058508799999,2.0,6096.258064516129,74.71,36.27,9.1,89.0,5.444444444444445,8.194444444444445,0.5299192642332049,0.848048096156426,24.9,16.346938775510203,5.32,3398.5806451612902,0.0,0.0,,6096.258064516129,1.0,0.0,0.0,0.0,0.0,0.0,1,여수,3,4,2021,spring,1,151.49758406400002,83.30436547199999,2151.701272512,2208.6195894719995,471.32603136,442.18236916800004
2021-03-13,107.831562912,2191.9449765599998,333.21244420799997,2.0,6096.258064516129,74.71,36.27,9.7,71.0,2.75,5.472222222222222,-0.6691306063588581,0.7431448254773944,0.0,25.818181818181817,18.77,3398.5806451612902,0.0,0.0,,6096.258064516129,1.0,0.0,0.0,0.0,0.0,0.0,1,여수,3,5,2021,spring,1,108.951153408,120.41531798399998,2196.254279232,2223.0912985920004,461.0058508799999,441.786087072
2021-03-14,170.976814848,2241.02552688,272.59342992,2.0,6096.258064516129,74.71,36.27,9.9,68.0,3.194444444444444,5.75,-0.7880107536067218,0.6156614753256585,0.0,21.286956521739132,19.75,3398.5806451612902,0.0,0.0,,6096.258064516129,1.0,0.0,0.0,0.0,0.0,0.0,1,여수,3,6,2021,spring,1,107.831562912,280.39594694399995,2191.9449765599998,2217.842203536,333.21244420799997,455.21485127999995
2021-03-15,263.302742016,2209.917068928,329.6668055040001,2.0,6096.258064516129,74.71,36.27,11.0,75.0,2.1666666666666665,4.194444444444445,-0.2079116908177595,-0.9781476007338056,0.1,34.61538461538462,17.17,3398.5806451612902,0.0,0.0,,6096.258064516129,1.0,0.0,0.0,0.0,0.0,0.0,1,여수,3,0,2021,spring,1,170.976814848,181.17248687999995,2241.02552688,2205.6411722400003,272.59342992,457.88242104
2021-03-16,61.889613264000005,2205.720458352,293.483814048,2.0,6096.258064516129,74.71,36.27,13.1,69.0,3.9166666666666665,6.0,-0.9205048534524404,0.3907311284892735,4.6,17.617021276595747,20.19,3398.5806451612902,0.0,0.0,,6096.258064516129,1.0,0.0,0.0,0.0,0.0,0.0,1,여수,3,1,2021,spring,1,263.302742016,114.21097127999997,2209.917068928,2199.31923456,329.6668055040001,462.65645707199997
2021-03-17,2.011616352,2197.702423152,288.21607228799996,2.0,6096.258064516129,74.71,36.27,9.1,65.0,2.361111111111111,3.333333333333333,0.838670567945424,0.5446390350150271,0.0,27.52941176470588,19.67,3398.5806451612902,0.0,0.0,,6096.258064516129,1.0,0.0,0.0,0.0,0.0,0.0,1,여수,3,2,2021,spring,1,61.889613264000005,110.84811839999998,2205.720458352,2153.39245056,293.483814048,494.468337024
2021-03-18,5.0426028,2171.351210832,219.93129331199998,2.0,6096.258064516129,74.71,36.27,10.4,75.0,3.1111111111111107,4.888888888888889,0.9335804264972016,0.3583679495453004,0.0,24.10714285714286,21.03,3398.5806451612902,0.0,0.0,,6096.258064516129,1.0,0.0,0.0,0.0,0.0,0.0,1,여수,3,3,2021,spring,1,2.011616352,151.49758406400002,2197.702423152,2151.701272512,288.21607228799996,471.32603136
2021-03-19,3.0926486879999997,2183.421871872,129.620861136,2.0,6096.258064516129,74.71,36.27,10.9,71.0,4.916666666666666,5.833333333333333,0.9396926207859084,0.3420201433256688,0.0,14.440677966101696,17.24,3398.5806451612902,0.0,0.0,,6096.258064516129,1.0,0.0,0.0,0.0,0.0,0.0,1,여수,3,4,2021,spring,1,5.0426028,108.951153408,2171.351210832,2196.254279232,219.93129331199998,461.0058508799999
2021-03-20,5.1212916,2420.33768856,124.89332472,2.0,6096.258064516129,74.71,36.27,10.5,89.0,3.888888888888889,5.75,0.6427876096865393,0.766044443118978,10.9,22.88571428571429,5.51,3398.5806451612902,0.0,0.0,,6096.258064516129,1.0,0.0,0.0,0.0,0.0,0.0,1,여수,3,5,2021,spring,1,3.0926486879999997,107.831562912,2183.421871872,2191.9449765599998,129.620861136,333.21244420799997
2021-03-21,1.0212374880000001,2266.144783056,136.679543424,2.0,6096.258064516129,74.71,36.27,7.9,65.0,7.0,8.805555555555555,-0.7986355100472932,0.6018150231520479,0.0,9.285714285714286,19.89,3398.5806451612902,0.0,0.0,,6096.258064516129,1.0,0.0,0.0,0.0,0.0,0.0,1,여수,3,6,2021,spring,1,5.1212916,170.976814848,2420.33768856,2241.02552688,124.89332472,272.59342992
2021-03-22,4.099313664,2234.12594688,163.243842048,2.0,6096.258064516129,74.71,36.27,6.9,53.0,5.916666666666667,8.555555555555555,-0.8660254037844386,0.5000000000000001,0.0,8.957746478873238,21.12,3398.5806451612902,0.0,0.0,,6096.258064516129,1.0,0.0,0.0,0.0,0.0,0.0,1,여수,3,0,2021,spring,1,1.0212374880000001,263.302742016,2266.144783056,2209.917068928,136.679543424,329.6668055040001
2021-03-23,6.1696512,2202.568872912,188.007789888,2.0,6096.258064516129,74.71,36.27,9.4,70.0,3.8333333333333335,6.027777777777778,-0.9510565162951536,-0.3090169943749475,0.0,18.26086956521739,21.83,3398.5806451612902,0.0,0.0,,6096.258064516129,1.0,0.0,0.0,0.0,0.0,0.0,1,여수,3,1,2021,spring,1,4.099313664,61.889613264000005,2234.12594688,2205.720458352,163.243842048,293.483814048
2021-03-24,2.025525312,2199.7227477600004,182.710512864,2.0,6096.258064516129,74.71,36.27,10.3,76.0,1.75,3.194444444444444,-0.7193398003386512,-0.6946583704589973,0.0,43.42857142857143,13.89,3398.5806451612902,0.0,0.0,,6096.258064516129,1.0,0.0,0.0,0.0,0.0,0.0,1,여수,3,2,2021,spring,1,6.1696512,2.011616352,2202.568872912,2197.702423152,188.007789888,288.21607228799996
2021-03-25,67.28157259199999,2162.056177008,183.88439596799998,2.0,6096.258064516129,74.71,36.27,11.8,70.0,2.0,4.083333333333333,-0.9986295347545738,0.0523359562429439,0.0,35.0,22.07,3398.5806451612902,0.0,0.0,,6096.258064516129,1.0,0.0,0.0,0.0,0.0,0.0,1,여수,3,3,2021,spring,1,2.025525312,5.0426028,2199.7227477600004,2171.351210832,182.710512864,219.93129331199998
2021-03-26,172.88586288,2206.8420217919997,187.856859168,2.0,6096.258064516129,74.71,36.27,12.8,62.0,2.4444444444444446,3.6944444444444446,0.9659258262890684,-0.2588190451025208,0.0,25.363636363636363,21.78,3398.5806451612902,0.0,0.0,,6096.258064516129,1.0,0.0,0.0,0.0,0.0,0.0,1,여수,3,4,2021,spring,1,67.28157259199999,3.0926486879999997,2162.056177008,2183.421871872,183.88439596799998,129.620861136
2021-03-27,52.78085064000001,2253.0348396000004,207.28545408,2.0,6096.258064516129,74.71,36.27,13.2,89.0,4.861111111111111,9.333333333333334,0.6018150231520482,-0.7986355100472929,17.4,18.30857142857143,7.57,3398.5806451612902,0.0,0.0,,6096.258064516129,1.0,0.0,0.0,0.0,0.0,0.0,1,여수,3,5,2021,spring,1,172.88586288,5.1212916,2206.8420217919997,2420.33768856,187.856859168,124.89332472
2021-03-28,16.637566464000002,2262.7184333760006,207.258066288,2.0,6096.258064516129,74.71,36.27,13.5,79.0,5.777777777777778,7.5,-0.9998476951563912,-0.0174524064372834,3.7,13.673076923076923,21.75,3398.5806451612902,0.0,0.0,,6096.258064516129,1.0,0.0,0.0,0.0,0.0,0.0,1,여수,3,6,2021,spring,1,52.78085064000001,1.0212374880000001,2253.0348396000004,2266.144783056,207.28545408,136.679543424
2021-03-29,24.959055600000003,2187.429571728,201.22541452800002,2.0,6096.258064516129,74.71,36.27,13.6,63.0,4.527777777777778,6.0,-0.9781476007338056,0.2079116908177594,0.0,13.914110429447852,22.37,3398.5806451612902,0.0,0.0,,6096.258064516129,1.0,0.0,0.0,0.0,0.0,0.0,1,여수,3,0,2021,spring,1,16.637566464000002,4.099313664,2262.7184333760006,2234.12594688,207.258066288,163.243842048
2021-03-30,33.672543696,2234.63731536,201.027525264,2.0,6096.258064516129,74.71,36.27,12.3,53.0,1.8611111111111112,3.888888888888889,-0.9612616959383188,0.2756373558169994,0.0,28.477611940298505,19.89,3398.5806451612902,0.0,0.0,,6096.258064516129,1.0,0.0,0.0,0.0,0.0,0.0,1,여수,3,1,2021,spring,1,24.959055600000003,6.1696512,2187.429571728,2202.568872912,201.22541452800002,188.007789888
2021-03-31,58.608124128,2218.8932985599995,193.827548592,2.0,6096.258064516129,74.71,36.27,12.0,68.0,2.861111111111111,3.5833333333333335,0.9945218953682732,0.1045284632676534,0.0,23.766990291262136,20.98,3398.5806451612902,0.0,0.0,,6096.258064516129,1.0,0.0,0.0,0.0,0.0,0.0,1,여수,3,2,2021,spring,1,33.672543696,2.025525312,2234.63731536,2199.7227477600004,201.027525264,182.710512864
2021-04-01,8.124473088,2211.8958984960004,211.41799286399998,2.0,7083.166666666667,61.08749405868374,36.157341725687665,13.2,60.0,6.611111111111111,9.138888888888888,0.90630778703665,0.4226182617406994,0.0,9.07563025210084,11.34,3950.8333333333335,21.9,0.0,,7083.166666666667,0.9944874225973721,0.005512577402627913,0.0,0.0,0.0,0.0,1,여수,4,3,2021,spring,0,58.608124128,67.28157259199999,2218.8932985599995,2162.056177008,193.827548592,183.88439596799998
2021-04-02,10.021379040000001,2183.669292816,198.786271104,2.0,7083.166666666667,61.08749405868374,36.157341725687665,15.1,63.0,6.277777777777778,7.555555555555555,0.9335804264972016,0.3583679495453004,0.0,10.035398230088497,18.21,3950.8333333333335,21.9,0.0,,7083.166666666667,0.9944874225973721,0.005512577402627913,0.0,0.0,0.0,0.0,1,여수,4,4,2021,spring,0,8.124473088,172.88586288,2211.8958984960004,2206.8420217919997,211.41799286399998,187.856859168
2021-04-03,36.849370176,2237.5984808159997,198.08948664,2.0,7083.166666666667,61.08749405868374,36.157341725687665,15.1,90.0,3.9166666666666665,5.805555555555555,0.9510565162951536,-0.3090169943749473,28.1,22.97872340425532,4.88,3950.8333333333335,21.9,0.0,,7083.166666666667,0.9944874225973721,0.005512577402627913,0.0,0.0,0.0,0.0,1,여수,4,5,2021,spring,0,10.021379040000001,52.78085064000001,2183.669292816,2253.0348396000004,198.786271104,207.28545408
2021-04-04,49.07937484799999,2218.8118181759996,197.63233934399997,2.0,7083.166666666667,61.08749405868374,36.157341725687665,12.5,86.0,4.083333333333333,6.277777777777778,0.0523359562429438,0.9986295347545738,3.9,21.06122448979592,7.3,3950.8333333333335,21.9,0.0,,7083.166666666667,0.9944874225973721,0.005512577402627913,0.0,0.0,0.0,0.0,1,여수,4,6,2021,spring,0,36.849370176,16.637566464000002,2237.5984808159997,2262.7184333760006,198.08948664,207.258066288
2021-04-05,71.359646976,2156.649715296,190.02359923200004,2.0,7083.166666666667,61.08749405868374,36.157341725687665,10.9,61.0,3.7222222222222223,5.75,0.6560590289905073,0.754709580222772,0.3,16.388059701492537,23.79,3950.8333333333335,21.9,0.0,,7083.166666666667,0.9944874225973721,0.005512577402627913,0.0,0.0,0.0,0.0,1,여수,4,0,2021,spring,0,49.07937484799999,24.959055600000003,2218.8118181759996,2187.429571728,197.63233934399997,201.22541452800002
2021-04-06,59.21665272,2190.019974624,185.23068595199996,2.0,7083.166666666667,61.08749405868374,36.157341725687665,11.8,59.0,2.833333333333333,5.75,-0.6018150231520483,0.7986355100472928,0.0,20.823529411764707,19.41,3950.8333333333335,21.9,0.0,,7083.166666666667,0.9944874225973721,0.005512577402627913,0.0,0.0,0.0,0.0,1,여수,4,1,2021,spring,0,71.359646976,33.672543696,2156.649715296,2234.63731536,190.02359923200004,201.027525264
2021-04-07,37.598598432,2184.7834224000003,196.719862608,2.0,7083.166666666667,61.08749405868374,36.157341725687665,13.4,54.0,2.75,5.166666666666667,-1.0,-1.8369701987210294e-16,0.0,19.636363636363637,22.81,3950.8333333333335,21.9,0.0,,7083.166666666667,0.9944874225973721,0.005512577402627913,0.0,0.0,0.0,0.0,1,여수,4,2,2021,spring,0,59.21665272,58.608124128,2190.019974624,2218.8932985599995,185.23068595199996,193.827548592
2021-04-08,11.004668928,2131.9100354879997,196.66122955199998,2.0,7083.166666666667,61.08749405868374,36.157341725687665,13.8,46.0,3.138888888888889,5.027777777777778,-0.8660254037844386,0.5000000000000001,0.0,14.654867256637168,22.23,3950.8333333333335,21.9,0.0,,7083.166666666667,0.9944874225973721,0.005512577402627913,0.0,0.0,0.0,0.0,1,여수,4,3,2021,spring,0,37.598598432,8.124473088,2184.7834224000003,2211.8958984960004,196.719862608,211.41799286399998
2021-04-09,30.331532160000005,2187.9145198080005,208.65316608000003,2.0,7083.166666666667,61.08749405868374,36.157341725687665,11.3,66.0,3.944444444444444,6.694444444444445,0.9396926207859084,0.3420201433256688,0.0,16.732394366197184,22.15,3950.8333333333335,21.9,0.0,,7083.166666666667,0.9944874225973721,0.005512577402627913,0.0,0.0,0.0,0.0,1,여수,4,4,2021,spring,0,11.004668928,10.021379040000001,2131.9100354879997,2183.669292816,196.66122955199998,198.786271104
2021-04-10,4.0295491199999995,2186.033684976,203.112250704,2.0,7083.166666666667,61.08749405868374,36.157341725687665,10.6,64.0,3.7777777777777777,4.555555555555555,0.9563047559630354,0.2923717047227367,0.0,16.941176470588236,21.61,3950.8333333333335,21.9,0.0,,7083.166666666667,0.9944874225973721,0.005512577402627913,0.0,0.0,0.0,0.0,1,여수,4,5,2021,spring,0,30.331532160000005,36.849370176,2187.9145198080005,2237.5984808159997,208.65316608000003,198.08948664
2021-04-11,3.0421241279999998,2219.7393875519997,212.459344992,2.0,7083.166666666667,61.08749405868374,36.157341725687665,12.4,66.0,3.222222222222222,4.5,0.9902680687415704,0.1391731009600654,0.0,20.48275862068966,24.14,3950.8333333333335,21.9,0.0,,7083.166666666667,0.9944874225973721,0.005512577402627913,0.0,0.0,0.0,0.0,1,여수,4,6,2021,spring,0,4.0295491199999995,49.07937484799999,2186.033684976,2218.8118181759996,203.112250704,197.63233934399997
2021-04-12,5.14954944,2250.3664687680002,235.13035680000002,2.0,7083.166666666667,61.08749405868374,36.157341725687665,13.2,89.0,4.833333333333333,8.13888888888889,0.8829475928589269,-0.4694715627858909,27.2,18.41379310344828,4.13,3950.8333333333335,21.9,0.0,,7083.166666666667,0.9944874225973721,0.005512577402627913,0.0,0.0,0.0,0.0,1,여수,4,0,2021,spring,0,3.0421241279999998,71.359646976,2219.7393875519997,2156.649715296,212.459344992,190.02359923200004
2021-04-13,89.77890528000002,2122.72997472,248.7608784,2.0,7083.166666666667,61.08749405868374,36.157341725687665,13.1,72.0,6.611111111111111,7.527777777777778,-0.9510565162951536,0.3090169943749472,4.0,10.890756302521009,19.0,3950.8333333333335,21.9,0.0,,7083.166666666667,0.9944874225973721,0.005512577402627913,0.0,0.0,0.0,0.0,1,여수,4,1,2021,spring,0,5.14954944,59.21665272,2250.3664687680002,2190.019974624,235.13035680000002,185.23068595199996
2021-04-14,121.25987121599998,2177.671971456,238.388169312,2.0,7083.166666666667,61.08749405868374,36.157341725687665,9.8,52.0,5.0,7.777777777777778,-0.6156614753256582,0.7880107536067221,0.0,10.4,23.2,3950.8333333333335,21.9,0.0,,7083.166666666667,0.9944874225973721,0.005512577402627913,0.0,0.0,0.0,0.0,1,여수,4,2,2021,spring,0,89.77890528000002,37.598598432,2122.72997472,2184.7834224000003,248.7608784,196.719862608
2021-04-15,156.542471424,2228.4365971680004,228.90913329600002,2.0,7083.166666666667,61.08749405868374,36.157341725687665,10.0,60.0,1.9444444444444444,2.611111111111111,0.9961946980917455,0.0871557427476581,0.0,30.857142857142858,18.77,3950.8333333333335,21.9,0.0,,7083.166666666667,0.9944874225973721,0.005512577402627913,0.0,0.0,0.0,0.0,1,여수,4,3,2021,spring,0,121.25987121599998,11.004668928,2177.671971456,2131.9100354879997,238.388169312,196.66122955199998
2021-04-16,81.161707968,2251.9871147520003,220.79316614399994,2.0,7083.166666666667,61.08749405868374,36.157341725687665,12.8,80.0,2.3333333333333335,3.5833333333333335,0.1045284632676537,-0.9945218953682732,0.8,34.285714285714285,18.9,3950.8333333333335,21.9,0.0,,7083.166666666667,0.9944874225973721,0.005512577402627913,0.0,0.0,0.0,0.0,1,여수,4,4,2021,spring,0,156.542471424,30.331532160000005,2228.4365971680004,2187.9145198080005,228.90913329600002,208.65316608000003
2021-04-17,51.575142096,2170.215596736,226.73025172799996,2.0,7083.166666666667,61.08749405868374,36.157341725687665,12.5,62.0,4.833333333333333,8.944444444444445,-0.9135454576426012,0.4067366430757997,0.0,12.827586206896552,24.33,3950.8333333333335,21.9,0.0,,7083.166666666667,0.9944874225973721,0.005512577402627913,0.0,0.0,0.0,0.0,1,여수,4,5,2021,spring,0,81.161707968,4.0295491199999995,2251.9871147520003,2186.033684976,220.79316614399994,203.112250704
2021-04-18,66.680719776,2198.443124736,228.35829427199997,2.0,7083.166666666667,61.08749405868374,36.157341725687665,11.1,52.0,5.972222222222222,7.777777777777778,-0.8191520442889918,0.573576436351046,0.0,8.706976744186047,24.8,3950.8333333333335,21.9,0.0,,7083.166666666667,0.9944874225973721,0.005512577402627913,0.0,0.0,0.0,0.0,1,여수,4,6,2021,spring,0,51.575142096,3.0421241279999998,2170.215596736,2219.7393875519997,226.73025172799996,212.459344992
2021-04-19,96.38824032000001,2174.3467319520005,229.625353872,2.0,7083.166666666667,61.08749405868374,36.157341725687665,13.2,53.0,4.638888888888888,5.888888888888888,-0.9271838545667874,0.3746065934159119,0.0,11.425149700598803,25.53,3950.8333333333335,21.9,0.0,,7083.166666666667,0.9944874225973721,0.005512577402627913,0.0,0.0,0.0,0.0,1,여수,4,0,2021,spring,0,66.680719776,5.14954944,2198.443124736,2250.3664687680002,228.35829427199997,235.13035680000002
2021-04-20,1.2005435519999998,2231.281896048,493.14118464,2.0,7083.166666666667,61.08749405868374,36.157341725687665,15.2,51.0,2.5,4.305555555555555,-0.992546151641322,-0.1218693434051471,0.0,20.4,25.09,3950.8333333333335,21.9,0.0,,7083.166666666667,0.9944874225973721,0.005512577402627913,0.0,0.0,0.0,0.0,1,여수,4,1,2021,spring,0,96.38824032000001,89.77890528000002,2174.3467319520005,2122.72997472,229.625353872,248.7608784
2021-04-21,232.049077344,2694.3291776160004,454.530399408,2.0,7083.166666666667,61.08749405868374,36.157341725687665,15.7,58.0,2.0,3.5833333333333335,0.9702957262759964,-0.2419218955996677,0.0,29.0,18.9,3950.8333333333335,21.9,0.0,,7083.166666666667,0.9944874225973721,0.005512577402627913,0.0,0.0,0.0,0.0,1,여수,4,2,2021,spring,0,1.2005435519999998,121.25987121599998,2231.281896048,2177.671971456,493.14118464,238.388169312
2021-04-22,314.104251744,3276.9298702079996,443.09645539199994,2.0,7083.166666666667,61.08749405868374,36.157341725687665,16.7,59.0,3.138888888888889,5.416666666666667,0.9945218953682732,0.1045284632676534,0.0,18.79646017699115,13.1,3950.8333333333335,21.9,0.0,,7083.166666666667,0.9944874225973721,0.005512577402627913,0.0,0.0,0.0,0.0,1,여수,4,3,2021,spring,0,232.049077344,156.542471424,2694.3291776160004,2228.4365971680004,454.530399408,228.90913329600002
2021-04-23,230.87181398400003,3535.401434112,657.134199648,2.0,7083.166666666667,61.08749405868374,36.157341725687665,16.7,50.0,6.361111111111111,7.611111111111111,0.9205048534524404,0.3907311284892737,0.0,7.860262008733625,11.65,3950.8333333333335,21.9,0.0,,7083.166666666667,0.9944874225973721,0.005512577402627913,0.0,0.0,0.0,0.0,1,여수,4,4,2021,spring,0,314.104251744,81.161707968,3276.9298702079996,2251.9871147520003,443.09645539199994,220.79316614399994
2021-04-24,447.75736689600006,4701.857751216,337.368182112,2.0,7083.166666666667,61.08749405868374,36.157341725687665,15.7,65.0,3.9166666666666665,6.111111111111111,0.9781476007338056,0.2079116908177594,0.0,16.595744680851066,23.35,3950.8333333333335,21.9,0.0,,7083.166666666667,0.9944874225973721,0.005512577402627913,0.0,0.0,0.0,0.0,1,여수,4,5,2021,spring,0,230.87181398400003,51.575142096,3535.401434112,2170.215596736,657.134199648,226.73025172799996
2021-04-25,416.327282352,4353.336297792001,315.08594524800003,2.0,7083.166666666667,61.08749405868374,36.157341725687665,15.5,71.0,3.2499999999999996,7.083333333333333,0.9998476951563912,-0.0174524064372834,0.0,21.84615384615385,24.11,3950.8333333333335,21.9,0.0,,7083.166666666667,0.9944874225973721,0.005512577402627913,0.0,0.0,0.0,0.0,1,여수,4,6,2021,spring,0,447.75736689600006,66.680719776,4701.857751216,2198.443124736,337.368182112,228.35829427199997
2021-04-26,343.992562992,4323.412802159999,322.14740025599997,2.0,7083.166666666667,61.08749405868374,36.157341725687665,13.7,59.0,4.027777777777778,5.0,0.992546151641322,0.1218693434051474,0.0,14.648275862068964,24.72,3950.8333333333335,21.9,0.0,,7083.166666666667,0.9944874225973721,0.005512577402627913,0.0,0.0,0.0,0.0,1,여수,4,0,2021,spring,0,416.327282352,96.38824032000001,4353.336297792001,2174.3467319520005,315.08594524800003,229.625353872
2021-04-27,264.512506464,4825.353349151999,337.796700768,2.0,7083.166666666667,61.08749405868374,36.157341725687665,13.8,74.0,1.8888888888888888,3.3888888888888884,0.8910065241883679,-0.4539904997395467,0.1,39.1764705882353,14.34,3950.8333333333335,21.9,0.0,,7083.166666666667,0.9944874225973721,0.005512577402627913,0.0,0.0,0.0,0.0,1,여수,4,1,2021,spring,0,343.992562992,1.2005435519999998,4323.412802159999,2231.281896048,322.14740025599997,493.14118464
2021-04-28,437.703993216,4537.817252928,2611.1572191359996,2.0,7083.166666666667,61.08749405868374,36.157341725687665,16.2,77.0,2.638888888888889,4.944444444444445,-0.6018150231520484,-0.7986355100472928,0.0,29.178947368421053,23.63,3950.8333333333335,21.9,0.0,,7083.166666666667,0.9944874225973721,0.005512577402627913,0.0,0.0,0.0,0.0,1,여수,4,2,2021,spring,0,264.512506464,232.049077344,4825.353349151999,2694.3291776160004,337.796700768,454.530399408
2021-04-29,83.76439406399999,4883.063490288001,344.688910704,2.0,7083.166666666667,61.08749405868374,36.157341725687665,16.6,66.0,3.416666666666667,6.388888888888888,-0.8290375725550418,-0.5591929034707466,0.0,19.317073170731707,24.42,3950.8333333333335,21.9,0.0,,7083.166666666667,0.9944874225973721,0.005512577402627913,0.0,0.0,0.0,0.0,1,여수,4,3,2021,spring,0,437.703993216,314.104251744,4537.817252928,3276.9298702079996,2611.1572191359996,443.09645539199994
2021-04-30,251.87797008,2476.5385262400005,671.0647263840001,2.0,7083.166666666667,61.08749405868374,36.157341725687665,15.8,55.0,6.166666666666666,9.86111111111111,-0.9945218953682734,-0.1045284632676533,3.9,8.91891891891892,26.08,3950.8333333333335,21.9,0.0,,7083.166666666667,0.9944874225973721,0.005512577402627913,0.0,0.0,0.0,0.0,1,여수,4,4,2021,spring,0,83.76439406399999,230.87181398400003,4883.063490288001,3535.401434112,344.688910704,657.134199648
2021-05-01,337.43070201600005,2467.4940744479995,484.64845920000005,2.0,7257.193548387097,55.03608037408933,36.551082841052036,11.6,72.0,5.861111111111112,9.5,-0.8829475928589271,0.4694715627858904,22.6,12.28436018957346,16.11,3894.4193548387098,6.387096774193548,0.0,,7257.193548387097,0.9983626214595823,0.001637378540417614,0.0,0.0,0.0,0.0,1,여수,5,5,2021,spring,0,251.87797008,447.75736689600006,2476.5385262400005,4701.857751216,671.0647263840001,337.368182112
2021-05-02,298.64906496000003,2484.4694955840005,440.618553648,2.0,7257.193548387097,55.03608037408933,36.551082841052036,13.0,64.0,4.222222222222222,7.222222222222222,-0.8829475928589271,0.4694715627858904,0.0,15.157894736842104,16.84,3894.4193548387098,6.387096774193548,0.0,,7257.193548387097,0.9983626214595823,0.001637378540417614,0.0,0.0,0.0,0.0,1,여수,5,6,2021,spring,0,337.43070201600005,416.327282352,2467.4940744479995,4353.336297792001,484.64845920000005,315.08594524800003
2021-05-03,196.913856384,2379.644830656,396.53255116800005,2.0,7257.193548387097,55.03608037408933,36.551082841052036,13.4,77.0,2.7222222222222223,5.166666666666667,-0.6018150231520484,-0.7986355100472928,0.0,28.285714285714285,26.21,3894.4193548387098,6.387096774193548,0.0,,7257.193548387097,0.9983626214595823,0.001637378540417614,0.0,0.0,0.0,0.0,1,여수,5,0,2021,spring,0,298.64906496000003,343.992562992,2484.4694955840005,4323.412802159999,440.618553648,322.14740025599997
2021-05-04,151.698500352,2277.8227712160005,398.43031752,2.0,7257.193548387097,55.03608037408933,36.551082841052036,16.3,89.0,5.333333333333333,10.22222222222222,0.2249510543438652,-0.9743700647852352,31.5,16.6875,7.43,3894.4193548387098,6.387096774193548,0.0,,7257.193548387097,0.9983626214595823,0.001637378540417614,0.0,0.0,0.0,0.0,1,여수,5,1,2021,spring,0,196.913856384,264.512506464,2379.644830656,4825.353349151999,396.53255116800005,337.796700768
2021-05-05,275.86543248000004,2266.795279008,378.44213904000003,2.0,7257.193548387097,55.03608037408933,36.551082841052036,16.4,60.0,5.638888888888889,9.166666666666666,-0.9781476007338056,0.2079116908177594,0.5,10.64039408866995,26.43,3894.4193548387098,6.387096774193548,0.0,,7257.193548387097,0.9983626214595823,0.001637378540417614,0.0,0.0,0.0,0.0,1,여수,5,2,2021,spring,0,151.698500352,437.703993216,2277.8227712160005,4537.817252928,398.43031752,2611.1572191359996
2021-05-06,355.770985536,2123.215200576,342.25793208000005,2.0,7257.193548387097,55.03608037408933,36.551082841052036,14.7,56.0,2.111111111111111,3.555555555555556,-0.6819983600624984,-0.7313537016191706,0.0,26.526315789473685,23.37,3894.4193548387098,6.387096774193548,0.0,,7257.193548387097,0.9983626214595823,0.001637378540417614,0.0,0.0,0.0,0.0,1,여수,5,3,2021,spring,0,275.86543248000004,83.76439406399999,2266.795279008,4883.063490288001,378.44213904000003,344.688910704
2021-05-07,405.50490864,2098.3166459999998,241.0407396,2.0,7257.193548387097,55.03608037408933,36.551082841052036,17.2,68.0,4.555555555555555,7.916666666666666,-0.8660254037844384,-0.5000000000000004,0.0,14.926829268292684,23.45,3894.4193548387098,6.387096774193548,0.0,,7257.193548387097,0.9983626214595823,0.001637378540417614,0.0,0.0,0.0,0.0,1,여수,5,4,2021,spring,0,355.770985536,251.87797008,2123.215200576,2476.5385262400005,342.25793208000005,671.0647263840001
2021-05-08,174.545332704,2099.02118544,232.456188816,2.0,7257.193548387097,55.03608037408933,36.551082841052036,15.4,61.0,4.055555555555555,5.555555555555555,-0.8910065241883678,-0.4539904997395469,0.0,15.04109589041096,26.42,3894.4193548387098,6.387096774193548,0.0,,7257.193548387097,0.9983626214595823,0.001637378540417614,0.0,0.0,0.0,0.0,1,여수,5,5,2021,spring,0,405.50490864,337.43070201600005,2098.3166459999998,2467.4940744479995,241.0407396,484.64845920000005
2021-05-09,160.87407739200003,2086.611572016,223.59068164800004,2.0,7257.193548387097,55.03608037408933,36.551082841052036,17.1,55.0,3.0277777777777777,5.194444444444444,-0.9335804264972016,0.3583679495453004,0.0,18.1651376146789,26.81,3894.4193548387098,6.387096774193548,0.0,,7257.193548387097,0.9983626214595823,0.001637378540417614,0.0,0.0,0.0,0.0,1,여수,5,6,2021,spring,0,174.545332704,298.64906496000003,2099.02118544,2484.4694955840005,232.456188816,440.618553648
2021-05-10,316.72533816,1980.9971498880002,216.622472688,2.0,7257.193548387097,55.03608037408933,36.551082841052036,16.8,56.0,3.6944444444444446,5.694444444444445,0.981627183447664,0.1908089953765449,0.0,15.157894736842104,18.89,3894.4193548387098,6.387096774193548,0.0,,7257.193548387097,0.9983626214595823,0.001637378540417614,0.0,0.0,0.0,0.0,1,여수,5,0,2021,spring,0,160.87407739200003,196.913856384,2086.611572016,2379.644830656,223.59068164800004,396.53255116800005
2021-05-11,442.487179296,1996.3417628159996,269.226064656,2.0,7257.193548387097,55.03608037408933,36.551082841052036,16.4,63.0,5.833333333333333,7.416666666666666,0.9396926207859084,0.3420201433256688,0.9,10.8,14.3,3894.4193548387098,6.387096774193548,0.0,,7257.193548387097,0.9983626214595823,0.001637378540417614,0.0,0.0,0.0,0.0,1,여수,5,1,2021,spring,0,316.72533816,151.698500352,1980.9971498880002,2277.8227712160005,216.622472688,398.43031752
2021-05-12,338.24908641599995,1895.5142105759996,255.73575427199998,2.0,7257.193548387097,55.03608037408933,36.551082841052036,18.2,62.0,6.138888888888889,7.555555555555555,0.8910065241883679,0.4539904997395468,0.0,10.099547511312217,24.69,3894.4193548387098,6.387096774193548,0.0,,7257.193548387097,0.9983626214595823,0.001637378540417614,0.0,0.0,0.0,0.0,1,여수,5,2,2021,spring,0,442.487179296,275.86543248000004,1996.3417628159996,2266.795279008,269.226064656,378.44213904000003
2021-05-13,327.49238908800004,1893.9645571680003,205.33585867199997,2.0,7257.193548387097,55.03608037408933,36.551082841052036,18.9,73.0,2.25,4.083333333333333,0.9998476951563912,-0.0174524064372834,0.0,32.44444444444444,24.47,3894.4193548387098,6.387096774193548,0.0,,7257.193548387097,0.9983626214595823,0.001637378540417614,0.0,0.0,0.0,0.0,1,여수,5,3,2021,spring,0,338.24908641599995,355.770985536,1895.5142105759996,2123.215200576,255.73575427199998,342.25793208000005
2021-05-14,93.252349728,1984.1850035999998,199.593310032,2.0,7257.193548387097,55.03608037408933,36.551082841052036,19.2,81.0,2.944444444444444,4.888888888888889,0.981627183447664,-0.1908089953765448,0.0,27.50943396226415,20.13,3894.4193548387098,6.387096774193548,0.0,,7257.193548387097,0.9983626214595823,0.001637378540417614,0.0,0.0,0.0,0.0,1,여수,5,4,2021,spring,0,327.49238908800004,405.50490864,1893.9645571680003,2098.3166459999998,205.33585867199997,241.0407396
2021-05-15,33.428915712,1913.87826144,204.18103137600002,2.0,7257.193548387097,55.03608037408933,36.551082841052036,19.2,94.0,3.2499999999999996,3.8333333333333335,0.7193398003386511,-0.6946583704589974,24.4,28.923076923076927,9.83,3894.4193548387098,6.387096774193548,0.0,,7257.193548387097,0.9983626214595823,0.001637378540417614,0.0,0.0,0.0,0.0,1,여수,5,5,2021,spring,0,93.252349728,174.545332704,1984.1850035999998,2099.02118544,199.593310032,232.456188816
2021-05-16,19.705840272,1903.0718946240002,201.47742547200002,2.0,7257.193548387097,55.03608037408933,36.551082841052036,19.8,97.0,5.0,7.722222222222222,-0.374606593415912,-0.9271838545667874,54.2,19.4,5.94,3894.4193548387098,6.387096774193548,0.0,,7257.193548387097,0.9983626214595823,0.001637378540417614,0.0,0.0,0.0,0.0,1,여수,5,6,2021,spring,0,33.428915712,160.87407739200003,1913.87826144,2086.611572016,204.18103137600002,223.59068164800004
2021-05-17,3.4184527200000003,1857.754594512,227.966385744,2.0,7257.193548387097,55.03608037408933,36.551082841052036,18.3,87.0,4.472222222222222,5.416666666666667,-0.9986295347545738,0.0523359562429439,2.5,19.45341614906832,14.86,3894.4193548387098,6.387096774193548,0.0,,7257.193548387097,0.9983626214595823,0.001637378540417614,0.0,0.0,0.0,0.0,1,여수,5,0,2021,spring,0,19.705840272,316.72533816,1903.0718946240002,1980.9971498880002,201.47742547200002,216.622472688
2021-05-18,0.9795781439999999,1922.8625133120001,203.612935104,2.0,7257.193548387097,55.03608037408933,36.551082841052036,17.3,86.0,1.8611111111111112,3.5,-0.1218693434051473,-0.992546151641322,0.8,46.208955223880594,14.63,3894.4193548387098,6.387096774193548,0.0,,7257.193548387097,0.9983626214595823,0.001637378540417614,0.0,0.0,0.0,0.0,1,여수,5,1,2021,spring,0,3.4184527200000003,442.487179296,1857.754594512,1996.3417628159996,227.966385744,269.226064656
2021-05-19,1.9430740800000004,2232.1523126879997,180.46239105600003,2.0,7257.193548387097,55.03608037408933,36.551082841052036,19.0,82.0,1.777777777777778,2.972222222222222,-0.2588190451025208,-0.9659258262890684,0.0,46.125,24.78,3894.4193548387098,6.387096774193548,0.0,,7257.193548387097,0.9983626214595823,0.001637378540417614,0.0,0.0,0.0,0.0,1,여수,5,2,2021,spring,0,0.9795781439999999,338.24908641599995,1922.8625133120001,1895.5142105759996,203.612935104,255.73575427199998
2021-05-20,3.8683059839999996,2260.3597014239995,328.16068099200004,2.0,7257.193548387097,55.03608037408933,36.551082841052036,17.5,91.0,3.3888888888888884,6.75,0.90630778703665,0.4226182617406994,16.3,26.852459016393446,7.07,3894.4193548387098,6.387096774193548,0.0,,7257.193548387097,0.9983626214595823,0.001637378540417614,0.0,0.0,0.0,0.0,1,여수,5,3,2021,spring,0,1.9430740800000004,327.49238908800004,2232.1523126879997,1893.9645571680003,180.46239105600003,205.33585867199997
2021-05-21,28.337752943999998,3096.296759664,1171.3870097279998,2.0,7257.193548387097,55.03608037408933,36.551082841052036,17.2,75.0,6.944444444444445,9.166666666666666,-0.981627183447664,0.1908089953765451,0.2,10.8,22.59,3894.4193548387098,6.387096774193548,0.0,,7257.193548387097,0.9983626214595823,0.001637378540417614,0.0,0.0,0.0,0.0,1,여수,5,4,2021,spring,0,3.8683059839999996,93.252349728,2260.3597014239995,1984.1850035999998,328.16068099200004,199.593310032
2021-05-22,204.471248832,3920.3423235360005,360.563959008,2.0,7257.193548387097,55.03608037408933,36.551082841052036,18.6,76.0,2.75,4.5,-0.9998476951563912,0.0174524064372831,0.0,27.636363636363637,26.43,3894.4193548387098,6.387096774193548,0.0,,7257.193548387097,0.9983626214595823,0.001637378540417614,0.0,0.0,0.0,0.0,1,여수,5,5,2021,spring,0,28.337752943999998,33.428915712,3096.296759664,1913.87826144,1171.3870097279998,204.18103137600002
2021-05-23,284.36739192000005,3948.009687216,350.964994608,2.0,7257.193548387097,55.03608037408933,36.551082841052036,19.5,79.0,1.8055555555555556,3.083333333333333,-0.4539904997395467,-0.8910065241883679,0.0,43.753846153846155,24.26,3894.4193548387098,6.387096774193548,0.0,,7257.193548387097,0.9983626214595823,0.001637378540417614,0.0,0.0,0.0,0.0,1,여수,5,6,2021,spring,0,204.471248832,19.705840272,3920.3423235360005,1903.0718946240002,360.563959008,201.47742547200002
2021-05-24,386.0878360319999,4005.306880704,294.93450432,2.0,7257.193548387097,55.03608037408933,36.551082841052036,20.2,73.0,3.0555555555555554,6.833333333333334,-0.9998476951563912,-0.0174524064372834,0.0,23.890909090909098,20.48,3894.4193548387098,6.387096774193548,0.0,,7257.193548387097,0.9983626214595823,0.001637378540417614,0.0,0.0,0.0,0.0,1,여수,5,0,2021,spring,0,284.36739192000005,3.4184527200000003,3948.009687216,1857.754594512,350.964994608,227.966385744
2021-05-25,476.571124944,4293.92416968,246.457730448,2.0,7257.193548387097,55.03608037408933,36.551082841052036,18.2,63.0,4.472222222222222,8.63888888888889,-0.9975640502598244,0.0697564737441252,0.1,14.08695652173913,25.22,3894.4193548387098,6.387096774193548,0.0,,7257.193548387097,0.9983626214595823,0.001637378540417614,0.0,0.0,0.0,0.0,1,여수,5,1,2021,spring,0,386.0878360319999,0.9795781439999999,4005.306880704,1922.8625133120001,294.93450432,203.612935104
2021-05-26,467.80654463999997,4636.323397152,243.672134544,2.0,7257.193548387097,55.03608037408933,36.551082841052036,17.0,72.0,2.611111111111111,4.972222222222221,-0.1045284632676535,-0.9945218953682732,3.3,27.574468085106385,13.68,3894.4193548387098,6.387096774193548,0.0,,7257.193548387097,0.9983626214595823,0.001637378540417614,0.0,0.0,0.0,0.0,1,여수,5,2,2021,spring,0,476.571124944,1.9430740800000004,4293.92416968,2232.1523126879997,246.457730448,180.46239105600003
2021-05-27,343.10114783999995,4512.369583584001,240.64612790400002,2.0,7257.193548387097,55.03608037408933,36.551082841052036,17.5,79.0,3.7777777777777777,6.638888888888888,-0.9781476007338056,-0.2079116908177598,1.9,20.911764705882355,15.17,3894.4193548387098,6.387096774193548,0.0,,7257.193548387097,0.9983626214595823,0.001637378540417614,0.0,0.0,0.0,0.0,1,여수,5,3,2021,spring,0,467.80654463999997,3.8683059839999996,4636.323397152,2260.3597014239995,243.672134544,328.16068099200004
2021-05-28,384.276125376,4364.329212287999,233.11163808,2.0,7257.193548387097,55.03608037408933,36.551082841052036,18.1,80.0,4.75,9.5,-0.8386705679454242,-0.544639035015027,5.8,16.842105263157894,22.96,3894.4193548387098,6.387096774193548,0.0,,7257.193548387097,0.9983626214595823,0.001637378540417614,0.0,0.0,0.0,0.0,1,여수,5,4,2021,spring,0,343.10114783999995,28.337752943999998,4512.369583584001,3096.296759664,240.64612790400002,1171.3870097279998
2021-05-29,376.949154672,4334.575720464,227.23928611199995,2.0,7257.193548387097,55.03608037408933,36.551082841052036,18.9,70.0,4.111111111111112,6.666666666666666,-0.9876883405951375,-0.156434465040231,0.0,17.027027027027025,27.14,3894.4193548387098,6.387096774193548,0.0,,7257.193548387097,0.9983626214595823,0.001637378540417614,0.0,0.0,0.0,0.0,1,여수,5,5,2021,spring,0,384.276125376,204.471248832,4364.329212287999,3920.3423235360005,233.11163808,360.563959008
2021-05-30,187.09604424000003,4274.757054,233.98271222399995,2.0,7257.193548387097,55.03608037408933,36.551082841052036,19.0,76.0,2.1944444444444446,4.055555555555555,0.4383711467890773,-0.898794046299167,0.0,34.63291139240506,27.45,3894.4193548387098,6.387096774193548,0.0,,7257.193548387097,0.9983626214595823,0.001637378540417614,0.0,0.0,0.0,0.0,1,여수,5,6,2021,spring,0,376.949154672,284.36739192000005,4334.575720464,3948.009687216,227.23928611199995,350.964994608
2021-05-31,248.37453446400002,4242.362510016001,238.47814368000002,2.0,7257.193548387097,55.03608037408933,36.551082841052036,19.7,72.0,1.8611111111111112,3.6944444444444446,0.4226182617406995,-0.90630778703665,0.0,38.6865671641791,26.69,3894.4193548387098,6.387096774193548,0.0,,7257.193548387097,0.9983626214595823,0.001637378540417614,0.0,0.0,0.0,0.0,1,여수,5,0,2021,spring,0,187.09604424000003,386.0878360319999,4274.757054,4005.306880704,233.98271222399995,294.93450432
2021-06-01,236.653630272,4121.810128944,238.512336336,2.0,11558.5,72.29105443324536,36.573066430188454,20.6,69.0,2.5,3.6944444444444446,0.9510565162951536,-0.3090169943749473,0.0,27.6,26.85,6183.233333333334,0.0,0.0,,11558.5,1.0,0.0,0.0,0.0,0.0,0.0,1,여수,6,1,2021,summer,0,248.37453446400002,476.571124944,4242.362510016001,4293.92416968,238.47814368000002,246.457730448
2021-06-02,183.19401503999998,4427.428241664,251.79394420799997,2.0,11558.5,72.29105443324536,36.573066430188454,20.9,73.0,2.0,4.027777777777778,0.5591929034707469,-0.8290375725550416,0.0,36.5,20.56,6183.233333333334,0.0,0.0,,11558.5,1.0,0.0,0.0,0.0,0.0,0.0,1,여수,6,2,2021,summer,0,236.653630272,467.80654463999997,4121.810128944,4636.323397152,238.512336336,243.672134544
2021-06-03,116.225079408,4584.273216912,241.94636712,2.0,11558.5,72.29105443324536,36.573066430188454,19.2,92.0,3.222222222222222,5.166666666666667,0.984807753012208,-0.1736481776669303,13.5,28.55172413793104,6.56,6183.233333333334,0.0,0.0,,11558.5,1.0,0.0,0.0,0.0,0.0,0.0,1,여수,6,3,2021,summer,0,183.19401503999998,343.10114783999995,4427.428241664,4512.369583584001,251.79394420799997,240.64612790400002
2021-06-04,148.866269184,4290.285649967999,229.18439289599996,2.0,11558.5,72.29105443324536,36.573066430188454,20.5,69.0,4.416666666666667,5.416666666666667,-0.9612616959383188,0.2756373558169994,1.3,15.62264150943396,25.42,6183.233333333334,0.0,0.0,,11558.5,1.0,0.0,0.0,0.0,0.0,0.0,1,여수,6,4,2021,summer,0,116.225079408,384.276125376,4584.273216912,4364.329212287999,241.94636712,233.11163808
2021-06-05,191.28464006400003,4230.585957024001,238.56972220800003,2.0,11558.5,72.29105443324536,36.573066430188454,19.8,80.0,4.027777777777778,6.361111111111111,-0.7193398003386512,-0.6946583704589973,0.0,19.86206896551724,24.5,6183.233333333334,0.0,0.0,,11558.5,1.0,0.0,0.0,0.0,0.0,0.0,1,여수,6,5,2021,summer,0,148.866269184,376.949154672,4290.285649967999,4334.575720464,229.18439289599996,227.23928611199995
2021-06-06,223.151142528,4141.236151872001,233.482704912,2.0,11558.5,72.29105443324536,36.573066430188454,20.2,82.0,2.7777777777777777,4.722222222222222,-0.4226182617406993,-0.90630778703665,0.0,29.52,26.59,6183.233333333334,0.0,0.0,,11558.5,1.0,0.0,0.0,0.0,0.0,0.0,1,여수,6,6,2021,summer,0,191.28464006400003,187.09604424000003,4230.585957024001,4274.757054,238.56972220800003,233.98271222399995
2021-06-07,271.66411756800005,4366.86436656,247.749032736,2.0,11558.5,72.29105443324536,36.573066430188454,20.8,81.0,2.111111111111111,4.055555555555555,-0.4067366430758002,-0.9135454576426008,0.0,38.368421052631575,26.93,6183.233333333334,0.0,0.0,,11558.5,1.0,0.0,0.0,0.0,0.0,0.0,1,여수,6,0,2021,summer,0,223.151142528,248.37453446400002,4141.236151872001,4242.362510016001,233.482704912,238.47814368000002
2021-06-08,223.118003952,5023.672903584,273.727580256,2.0,11558.5,72.29105443324536,36.573066430188454,21.4,86.0,1.8888888888888888,4.138888888888889,-0.1564344650402307,-0.9876883405951378,0.0,45.52941176470589,25.0,6183.233333333334,0.0,0.0,,11558.5,1.0,0.0,0.0,0.0,0.0,0.0,1,여수,6,1,2021,summer,0,271.66411756800005,236.653630272,4366.86436656,4121.810128944,247.749032736,238.512336336
2021-06-09,346.86865742400005,4920.71226264,273.436635744,2.0,11558.5,72.29105443324536,36.573066430188454,22.7,70.0,2.888888888888889,4.888888888888889,0.9961946980917455,-0.0871557427476582,0.0,24.23076923076923,26.93,6183.233333333334,0.0,0.0,,11558.5,1.0,0.0,0.0,0.0,0.0,0.0,1,여수,6,2,2021,summer,0,223.118003952,183.19401503999998,5023.672903584,4427.428241664,273.727580256,251.79394420799997
2021-06-10,373.055284368,4741.07846904,280.310260464,2.0,11558.5,72.29105443324536,36.573066430188454,21.9,79.0,3.4444444444444446,5.027777777777778,0.8571673007021123,-0.5150380749100543,0.1,22.93548387096774,16.95,6183.233333333334,0.0,0.0,,11558.5,1.0,0.0,0.0,0.0,0.0,0.0,1,여수,6,3,2021,summer,0,346.86865742400005,116.225079408,4920.71226264,4584.273216912,273.436635744,241.94636712
2021-06-11,425.054375712,4824.79101936,257.795495136,2.0,11558.5,72.29105443324536,36.573066430188454,21.6,92.0,4.055555555555555,10.416666666666666,0.4694715627858907,-0.882947592858927,51.5,22.684931506849317,8.62,6183.233333333334,0.0,0.0,,11558.5,1.0,0.0,0.0,0.0,0.0,0.0,1,여수,6,4,2021,summer,0,373.055284368,148.866269184,4741.07846904,4290.285649967999,280.310260464,229.18439289599996
2021-06-12,220.750292016,4492.332540719999,249.41288160000005,2.0,11558.5,72.29105443324536,36.573066430188454,23.4,89.0,2.4722222222222223,4.388888888888889,0.8829475928589269,0.4694715627858908,0.9,36.0,17.43,6183.233333333334,0.0,0.0,,11558.5,1.0,0.0,0.0,0.0,0.0,0.0,1,여수,6,5,2021,summer,0,425.054375712,191.28464006400003,4824.79101936,4230.585957024001,257.795495136,238.56972220800003
2021-06-13,163.087710336,4350.168895968,251.302534992,2.0,11558.5,72.29105443324536,36.573066430188454,23.1,86.0,1.8888888888888888,3.4444444444444446,-0.6018150231520484,-0.7986355100472928,0.6,45.52941176470589,19.3,6183.233333333334,0.0,0.0,,11558.5,1.0,0.0,0.0,0.0,0.0,0.0,1,여수,6,6,2021,summer,0,220.750292016,223.151142528,4492.332540719999,4141.236151872001,249.41288160000005,233.482704912
2021-06-14,252.41691312,4430.880781632,255.26413958400002,2.0,11558.5,72.29105443324536,36.573066430188454,21.7,87.0,2.3333333333333335,3.555555555555556,0.8571673007021123,-0.5150380749100543,0.1,37.285714285714285,18.5,6183.233333333334,0.0,0.0,,11558.5,1.0,0.0,0.0,0.0,0.0,0.0,1,여수,6,0,2021,summer,0,163.087710336,271.66411756800005,4350.168895968,4366.86436656,251.302534992,247.749032736
2021-06-15,104.590470384,2322.555393888,148.79881353599998,2.0,11558.5,72.29105443324536,36.573066430188454,20.8,95.0,4.527777777777778,5.5,0.9986295347545738,0.0523359562429439,15.5,20.98159509202454,4.37,6183.233333333334,0.0,0.0,,11558.5,1.0,0.0,0.0,0.0,0.0,0.0,1,여수,6,1,2021,summer,0,252.41691312,223.118003952,4430.880781632,5023.672903584,255.26413958400002,273.727580256
2021-06-16,81.583279776,2243.0238439679997,140.447165184,2.0,11558.5,72.29105443324536,36.573066430188454,21.8,81.0,6.055555555555555,8.555555555555555,0.848048096156426,0.5299192642332049,4.7,13.376146788990829,19.19,6183.233333333334,0.0,0.0,,11558.5,1.0,0.0,0.0,0.0,0.0,0.0,1,여수,6,2,2021,summer,0,104.590470384,346.86865742400005,2322.555393888,4920.71226264,148.79881353599998,273.436635744
2021-06-17,129.780820512,2232.0241115040003,147.290931216,2.0,11558.5,72.29105443324536,36.573066430188454,21.2,80.0,3.5277777777777777,4.722222222222222,0.9563047559630354,0.2923717047227367,0.5,22.67716535433071,19.68,6183.233333333334,0.0,0.0,,11558.5,1.0,0.0,0.0,0.0,0.0,0.0,1,여수,6,3,2021,summer,0,81.583279776,373.055284368,2243.0238439679997,4741.07846904,140.447165184,280.310260464
2021-06-18,313.23674592,2701.04543208,159.10437887999998,2.0,11558.5,72.29105443324536,36.573066430188454,21.1,92.0,2.0,3.8333333333333335,-0.7660444431189779,-0.6427876096865395,6.4,46.0,10.88,6183.233333333334,0.0,0.0,,11558.5,1.0,0.0,0.0,0.0,0.0,0.0,1,여수,6,4,2021,summer,0,129.780820512,425.054375712,2232.0241115040003,4824.79101936,147.290931216,257.795495136
2021-06-19,118.46419545599998,2270.738472192,153.059933952,2.0,11558.5,72.29105443324536,36.573066430188454,23.2,79.0,2.6666666666666665,3.944444444444444,-0.992546151641322,0.1218693434051476,0.0,29.625,26.99,6183.233333333334,0.0,0.0,,11558.5,1.0,0.0,0.0,0.0,0.0,0.0,1,여수,6,5,2021,summer,0,313.23674592,220.750292016,2701.04543208,4492.332540719999,159.10437887999998,249.41288160000005
2021-06-20,149.00535936000003,2228.914651392,155.171098368,2.0,11558.5,72.29105443324536,36.573066430188454,23.1,81.0,1.75,3.0555555555555554,-0.6293203910498376,-0.7771459614569708,0.0,46.285714285714285,26.02,6183.233333333334,0.0,0.0,,11558.5,1.0,0.0,0.0,0.0,0.0,0.0,1,여수,6,6,2021,summer,0,118.46419545599998,163.087710336,2270.738472192,4350.168895968,153.059933952,251.302534992
2021-06-21,332.531231616,2319.164763264,162.523302912,2.0,11558.5,72.29105443324536,36.573066430188454,24.4,67.0,2.6666666666666665,4.277777777777778,-0.9135454576426012,0.4067366430757997,0.0,25.125,24.11,6183.233333333334,0.0,0.0,,11558.5,1.0,0.0,0.0,0.0,0.0,0.0,1,여수,6,0,2021,summer,0,149.00535936000003,252.41691312,2228.914651392,4430.880781632,155.171098368,255.26413958400002
2021-06-22,204.9287688,2553.9979700159997,180.337316544,2.0,11558.5,72.29105443324536,36.573066430188454,21.7,80.0,2.7222222222222223,3.888888888888889,0.9455185755993168,-0.3255681544571566,0.0,29.387755102040817,26.58,6183.233333333334,0.0,0.0,,11558.5,1.0,0.0,0.0,0.0,0.0,0.0,1,여수,6,1,2021,summer,0,332.531231616,104.590470384,2319.164763264,2322.555393888,162.523302912,148.79881353599998
2021-06-23,131.300136,2608.098156,181.4329152,2.0,11558.5,72.29105443324536,36.573066430188454,21.1,82.0,2.9166666666666665,4.555555555555555,0.8290375725550417,-0.5591929034707467,0.4,28.114285714285717,20.1,6183.233333333334,0.0,0.0,,11558.5,1.0,0.0,0.0,0.0,0.0,0.0,1,여수,6,2,2021,summer,0,204.9287688,81.583279776,2553.9979700159997,2243.0238439679997,180.337316544,140.447165184
2021-06-24,27.357404256000002,2278.03000824,166.24884124800002,2.0,11558.5,72.29105443324536,36.573066430188454,21.5,81.0,2.5277777777777777,3.638888888888889,0.7071067811865476,-0.7071067811865475,0.4,32.043956043956044,20.44,6183.233333333334,0.0,0.0,,11558.5,1.0,0.0,0.0,0.0,0.0,0.0,1,여수,6,3,2021,summer,0,131.300136,129.780820512,2608.098156,2232.0241115040003,181.4329152,147.290931216
2021-06-25,3.9973824,2171.5779888,161.89398720000003,2.0,11558.5,72.29105443324536,36.573066430188454,22.4,81.0,1.5277777777777777,3.333333333333333,-0.1045284632676535,-0.9945218953682732,0.3,53.01818181818182,24.81,6183.233333333334,0.0,0.0,,11558.5,1.0,0.0,0.0,0.0,0.0,0.0,1,여수,6,4,2021,summer,0,27.357404256000002,313.23674592,2278.03000824,2701.04543208,166.24884124800002,159.10437887999998
2021-06-26,9.95670864,2136.709674144,168.268376016,2.0,11558.5,72.29105443324536,36.573066430188454,22.7,79.0,2.0,3.5,0.777145961456971,-0.6293203910498373,0.4,39.5,20.8,6183.233333333334,0.0,0.0,,11558.5,1.0,0.0,0.0,0.0,0.0,0.0,1,여수,6,5,2021,summer,0,3.9973824,118.46419545599998,2171.5779888,2270.738472192,161.89398720000003,153.059933952
2021-06-27,122.637183552,2164.244722848,164.85654182399998,2.0,11558.5,72.29105443324536,36.573066430188454,23.6,75.0,2.5277777777777777,4.027777777777778,0.9993908270190958,-0.0348994967025009,0.0,29.67032967032967,24.58,6183.233333333334,0.0,0.0,,11558.5,1.0,0.0,0.0,0.0,0.0,0.0,1,여수,6,6,2021,summer,0,9.95670864,149.00535936000003,2136.709674144,2228.914651392,168.268376016,155.171098368
2021-06-28,559.3119330239999,4316.770493712,279.81065664,2.0,11558.5,72.29105443324536,36.573066430188454,24.0,76.0,2.888888888888889,4.611111111111112,0.9563047559630354,0.2923717047227367,0.1,26.307692307692307,22.85,6183.233333333334,0.0,0.0,,11558.5,1.0,0.0,0.0,0.0,0.0,0.0,1,여수,6,0,2021,summer,0,122.637183552,332.531231616,2164.244722848,2319.164763264,164.85654182399998,162.523302912
2021-06-29,520.836206688,4330.78947504,276.301999008,2.0,11558.5,72.29105443324536,36.573066430188454,23.7,77.0,2.055555555555556,4.027777777777778,0.9563047559630355,-0.2923717047227366,0.2,37.45945945945945,22.78,6183.233333333334,0.0,0.0,,11558.5,1.0,0.0,0.0,0.0,0.0,0.0,1,여수,6,1,2021,summer,0,559.3119330239999,204.9287688,4316.770493712,2553.9979700159997,279.81065664,180.337316544
2021-06-30,504.99938232,4296.8123676,277.96766616,2.0,11558.5,72.29105443324536,36.573066430188454,23.9,76.0,2.694444444444444,3.9722222222222223,0.9975640502598242,-0.0697564737441253,0.0,28.206185567010312,22.08,6183.233333333334,0.0,0.0,,11558.5,1.0,0.0,0.0,0.0,0.0,0.0,1,여수,6,2,2021,summer,0,520.836206688,131.300136,4330.78947504,2608.098156,276.301999008,181.4329152
2021-07-01,399.99732163199997,4279.15122264,278.129239488,2.0,11968.290322580646,74.73751892770413,36.393097297428426,24.8,75.0,2.5555555555555554,3.861111111111111,0.9781476007338056,0.2079116908177594,0.0,29.347826086956523,25.0,6591.774193548387,0.0,0.0,,11968.290322580646,1.0,0.0,0.0,0.0,0.0,0.0,1,여수,7,3,2021,summer,0,504.99938232,27.357404256000002,4296.8123676,2278.03000824,277.96766616,166.24884124800002
2021-07-02,474.69763886399994,4254.054039216,274.614905232,2.0,11968.290322580646,74.73751892770413,36.393097297428426,24.8,77.0,2.861111111111111,4.333333333333333,1.0,6.123233995736766e-17,0.0,26.9126213592233,20.02,6591.774193548387,0.0,0.0,,11968.290322580646,1.0,0.0,0.0,0.0,0.0,0.0,1,여수,7,4,2021,summer,0,399.99732163199997,3.9973824,4279.15122264,2171.5779888,278.129239488,161.89398720000003
2021-07-03,454.554878832,4264.01067816,266.837773104,2.0,11968.290322580646,74.73751892770413,36.393097297428426,23.0,91.0,5.611111111111111,8.63888888888889,0.9902680687415704,-0.1391731009600653,37.3,16.21782178217822,6.58,6591.774193548387,0.0,0.0,,11968.290322580646,1.0,0.0,0.0,0.0,0.0,0.0,1,여수,7,5,2021,summer,0,474.69763886399994,9.95670864,4254.054039216,2136.709674144,274.614905232,168.268376016
2021-07-04,615.175239456,4214.698682255999,277.110727056,2.0,11968.290322580646,74.73751892770413,36.393097297428426,24.3,88.0,5.833333333333333,9.77777777777778,-0.7660444431189779,-0.6427876096865395,19.4,15.085714285714287,13.7,6591.774193548387,0.0,0.0,,11968.290322580646,1.0,0.0,0.0,0.0,0.0,0.0,1,여수,7,6,2021,summer,0,454.554878832,122.637183552,4264.01067816,2164.244722848,266.837773104,164.85654182399998
2021-07-05,672.212842704,4461.420842784,292.36822214399996,2.0,11968.290322580646,74.73751892770413,36.393097297428426,22.1,94.0,1.8055555555555556,8.305555555555555,-0.2079116908177595,-0.9781476007338056,39.5,52.06153846153846,4.85,6591.774193548387,0.0,0.0,,11968.290322580646,1.0,0.0,0.0,0.0,0.0,0.0,1,여수,7,0,2021,summer,0,615.175239456,559.3119330239999,4214.698682255999,4316.770493712,277.110727056,279.81065664
2021-07-06,606.1575018240001,4828.856038272,330.49471795200003,2.0,11968.290322580646,74.73751892770413,36.393097297428426,24.3,97.0,5.416666666666667,8.083333333333334,-0.656059028990507,-0.7547095802227721,39.8,17.907692307692308,3.7,6591.774193548387,0.0,0.0,,11968.290322580646,1.0,0.0,0.0,0.0,0.0,0.0,1,여수,7,1,2021,summer,0,672.212842704,520.836206688,4461.420842784,4330.78947504,292.36822214399996,276.301999008
2021-07-07,709.7774830559999,4769.00625672,436.75359753600003,2.0,11968.290322580646,74.73751892770413,36.393097297428426,24.8,96.0,3.944444444444444,5.111111111111111,-0.587785252292473,-0.8090169943749475,23.0,24.338028169014088,8.85,6591.774193548387,0.0,0.0,,11968.290322580646,1.0,0.0,0.0,0.0,0.0,0.0,1,여수,7,2,2021,summer,0,606.1575018240001,504.99938232,4828.856038272,4296.8123676,330.49471795200003,277.96766616
2021-07-08,955.1666247840001,5002.958882592,487.974838464,2.0,11968.290322580646,74.73751892770413,36.393097297428426,25.4,93.0,3.0277777777777777,4.5,-0.7880107536067221,-0.6156614753256581,8.8,30.71559633027523,13.19,6591.774193548387,0.0,0.0,,11968.290322580646,1.0,0.0,0.0,0.0,0.0,0.0,1,여수,7,3,2021,summer,0,709.7774830559999,399.99732163199997,4769.00625672,4279.15122264,436.75359753600003,278.129239488
2021-07-09,716.5282498559999,5034.4251379199995,446.69447366400004,2.0,11968.290322580646,74.73751892770413,36.393097297428426,25.2,90.0,3.6666666666666665,5.305555555555556,-0.874619707139396,-0.4848096202463368,8.4,24.545454545454547,19.96,6591.774193548387,0.0,0.0,,11968.290322580646,1.0,0.0,0.0,0.0,0.0,0.0,1,여수,7,4,2021,summer,0,955.1666247840001,474.69763886399994,5002.958882592,4254.054039216,487.974838464,274.614905232
2021-07-10,748.2668512320001,4930.209548352,532.19012832,2.0,11968.290322580646,74.73751892770413,36.393097297428426,25.0,91.0,2.944444444444444,5.111111111111111,-0.5735764363510462,-0.8191520442889918,1.9,30.905660377358497,20.3,6591.774193548387,0.0,0.0,,11968.290322580646,1.0,0.0,0.0,0.0,0.0,0.0,1,여수,7,5,2021,summer,0,716.5282498559999,454.554878832,5034.4251379199995,4264.01067816,446.69447366400004,266.837773104
2021-07-11,804.24650952,4794.7000644,507.1452350400001,2.0,11968.290322580646,74.73751892770413,36.393097297428426,25.5,91.0,2.7777777777777777,4.805555555555555,-0.4694715627858908,-0.8829475928589269,0.6,32.76,20.46,6591.774193548387,0.0,0.0,,11968.290322580646,1.0,0.0,0.0,0.0,0.0,0.0,1,여수,7,6,2021,summer,0,748.2668512320001,615.175239456,4930.209548352,4214.698682255999,532.19012832,277.110727056
2021-07-12,872.0313179039999,4872.577837392,498.39415387199995,2.0,11968.290322580646,74.73751892770413,36.393097297428426,26.5,90.0,2.611111111111111,3.9722222222222223,-0.5000000000000001,-0.8660254037844386,0.7,34.46808510638298,20.45,6591.774193548387,0.0,0.0,,11968.290322580646,1.0,0.0,0.0,0.0,0.0,0.0,1,여수,7,0,2021,summer,0,804.24650952,672.212842704,4794.7000644,4461.420842784,507.1452350400001,292.36822214399996
2021-07-13,862.393814064,5549.5295532,512.6480269919999,2.0,11968.290322580646,74.73751892770413,36.393097297428426,26.5,92.0,3.8055555555555554,5.194444444444444,-0.1045284632676535,-0.9945218953682732,1.0,24.175182481751825,20.49,6591.774193548387,0.0,0.0,,11968.290322580646,1.0,0.0,0.0,0.0,0.0,0.0,1,여수,7,1,2021,summer,0,872.0313179039999,606.1575018240001,4872.577837392,4828.856038272,498.39415387199995,330.49471795200003
2021-07-14,682.8268861440001,5623.661430144001,604.9225048320001,2.0,11968.290322580646,74.73751892770413,36.393097297428426,26.8,91.0,3.2777777777777777,4.972222222222221,-0.0697564737441252,-0.9975640502598242,1.0,27.762711864406786,20.29,6591.774193548387,0.0,0.0,,11968.290322580646,1.0,0.0,0.0,0.0,0.0,0.0,1,여수,7,2,2021,summer,0,862.393814064,709.7774830559999,5549.5295532,4769.00625672,512.6480269919999,436.75359753600003
2021-07-15,826.33701312,5360.902046064,592.6454264160001,2.0,11968.290322580646,74.73751892770413,36.393097297428426,26.3,91.0,1.777777777777778,3.888888888888889,0.4848096202463371,-0.8746197071393957,0.8,51.1875,19.03,6591.774193548387,0.0,0.0,,11968.290322580646,1.0,0.0,0.0,0.0,0.0,0.0,1,여수,7,3,2021,summer,0,682.8268861440001,955.1666247840001,5623.661430144001,5002.958882592,604.9225048320001,487.974838464
2021-07-16,742.529264112,5281.511016959999,534.2338545120001,2.0,11968.290322580646,74.73751892770413,36.393097297428426,26.3,86.0,2.4166666666666665,3.6944444444444446,0.9396926207859084,0.3420201433256688,0.7,35.58620689655173,21.56,6591.774193548387,0.0,0.0,,11968.290322580646,1.0,0.0,0.0,0.0,0.0,0.0,1,여수,7,4,2021,summer,0,826.33701312,716.5282498559999,5360.902046064,5034.4251379199995,592.6454264160001,446.69447366400004
2021-07-17,767.3986712160001,4769.9085276000005,510.148221984,2.0,11968.290322580646,74.73751892770413,36.393097297428426,25.0,88.0,3.4722222222222223,4.916666666666666,0.9743700647852352,0.2249510543438649,5.8,25.344,19.66,6591.774193548387,0.0,0.0,,11968.290322580646,1.0,0.0,0.0,0.0,0.0,0.0,1,여수,7,5,2021,summer,0,742.529264112,748.2668512320001,5281.511016959999,4930.209548352,534.2338545120001,532.19012832
2021-07-18,828.094792608,4910.902948224,551.9637720000001,2.0,11968.290322580646,74.73751892770413,36.393097297428426,25.6,86.0,3.7222222222222223,5.166666666666667,0.9902680687415704,0.1391731009600654,3.3,23.104477611940297,19.14,6591.774193548387,0.0,0.0,,11968.290322580646,1.0,0.0,0.0,0.0,0.0,0.0,1,여수,7,6,2021,summer,0,767.3986712160001,804.24650952,4769.9085276000005,4794.7000644,510.148221984,507.1452350400001
2021-07-19,911.3730989759999,5555.996449344,517.595950944,2.0,11968.290322580646,74.73751892770413,36.393097297428426,26.3,83.0,3.0555555555555554,3.8055555555555554,0.9945218953682732,0.1045284632676534,0.7,27.163636363636364,19.7,6591.774193548387,0.0,0.0,,11968.290322580646,1.0,0.0,0.0,0.0,0.0,0.0,1,여수,7,0,2021,summer,0,828.094792608,872.0313179039999,4910.902948224,4872.577837392,551.9637720000001,498.39415387199995
2021-07-20,659.869313472,5504.955550128,368.555773104,2.0,11968.290322580646,74.73751892770413,36.393097297428426,26.7,83.0,2.638888888888889,4.305555555555555,0.9271838545667874,0.3746065934159119,1.4,31.45263157894737,14.09,6591.774193548387,0.0,0.0,,11968.290322580646,1.0,0.0,0.0,0.0,0.0,0.0,1,여수,7,1,2021,summer,0,911.3730989759999,862.393814064,5555.996449344,5549.5295532,517.595950944,512.6480269919999
2021-07-21,514.935673344,5212.699548336001,352.91969006399995,2.0,11968.290322580646,74.73751892770413,36.393097297428426,27.2,76.0,4.166666666666667,5.5,0.9271838545667874,0.3746065934159119,0.0,18.24,22.09,6591.774193548387,0.0,0.0,,11968.290322580646,1.0,0.0,0.0,0.0,0.0,0.0,1,여수,7,2,2021,summer,0,659.869313472,682.8268861440001,5504.955550128,5623.661430144001,368.555773104,604.9225048320001
2021-07-22,676.253218176,4662.629158752001,334.16673379200006,2.0,11968.290322580646,74.73751892770413,36.393097297428426,27.1,76.0,4.555555555555555,6.138888888888889,0.9396926207859084,0.3420201433256688,0.0,16.682926829268293,25.42,6591.774193548387,0.0,0.0,,11968.290322580646,1.0,0.0,0.0,0.0,0.0,0.0,1,여수,7,3,2021,summer,0,514.935673344,826.33701312,5212.699548336001,5360.902046064,352.91969006399995,592.6454264160001
2021-07-23,412.85776435200006,4877.173243007999,204.445289664,2.0,11968.290322580646,74.73751892770413,36.393097297428426,27.2,77.0,3.8333333333333335,4.861111111111111,0.9563047559630354,0.2923717047227367,0.0,20.08695652173913,22.3,6591.774193548387,0.0,0.0,,11968.290322580646,1.0,0.0,0.0,0.0,0.0,0.0,1,여수,7,4,2021,summer,0,676.253218176,742.529264112,4662.629158752001,5281.511016959999,334.16673379200006,534.2338545120001
2021-07-24,339.15329135999997,4617.8282848320005,230.89994971200002,2.0,11968.290322580646,74.73751892770413,36.393097297428426,27.2,76.0,4.333333333333333,5.611111111111111,0.9612616959383188,0.2756373558169991,0.0,17.53846153846154,15.12,6591.774193548387,0.0,0.0,,11968.290322580646,1.0,0.0,0.0,0.0,0.0,0.0,1,여수,7,5,2021,summer,0,412.85776435200006,767.3986712160001,4877.173243007999,4769.9085276000005,204.445289664,510.148221984
2021-07-25,300.294900576,4671.187369632,209.651835456,2.0,11968.290322580646,74.73751892770413,36.393097297428426,27.4,76.0,4.555555555555555,5.805555555555555,0.9876883405951378,0.1564344650402309,0.0,16.682926829268293,23.82,6591.774193548387,0.0,0.0,,11968.290322580646,1.0,0.0,0.0,0.0,0.0,0.0,1,여수,7,6,2021,summer,0,339.15329135999997,828.094792608,4617.8282848320005,4910.902948224,230.89994971200002,551.9637720000001
2021-07-26,530.151827616,5409.990782639999,278.905743936,2.0,11968.290322580646,74.73751892770413,36.393097297428426,27.3,74.0,3.7222222222222223,5.083333333333333,0.9993908270190958,0.034899496702501,0.0,19.88059701492537,25.66,6591.774193548387,0.0,0.0,,11968.290322580646,1.0,0.0,0.0,0.0,0.0,0.0,1,여수,7,0,2021,summer,0,300.294900576,911.3730989759999,4671.187369632,5555.996449344,209.651835456,517.595950944
2021-07-27,990.60460128,5685.546799584001,477.74171289599997,2.0,11968.290322580646,74.73751892770413,36.393097297428426,27.1,78.0,3.194444444444444,4.722222222222222,0.9975640502598242,0.0697564737441252,0.0,24.417391304347827,26.11,6591.774193548387,0.0,0.0,,11968.290322580646,1.0,0.0,0.0,0.0,0.0,0.0,1,여수,7,1,2021,summer,0,530.151827616,659.869313472,5409.990782639999,5504.955550128,278.905743936,368.555773104
2021-07-28,726.7122636480002,5722.734054096001,464.26638672,2.0,11968.290322580646,74.73751892770413,36.393097297428426,27.4,79.0,2.25,4.138888888888889,0.9961946980917455,-0.0871557427476582,0.0,35.111111111111114,25.59,6591.774193548387,0.0,0.0,,11968.290322580646,1.0,0.0,0.0,0.0,0.0,0.0,1,여수,7,2,2021,summer,0,990.60460128,514.935673344,5685.546799584001,5212.699548336001,477.74171289599997,352.91969006399995
2021-07-29,1099.9845289440002,5608.140153408,416.569441968,2.0,11968.290322580646,74.73751892770413,36.393097297428426,27.2,77.0,1.9444444444444444,3.75,0.6560590289905073,-0.754709580222772,0.1,39.6,25.69,6591.774193548387,0.0,0.0,,11968.290322580646,1.0,0.0,0.0,0.0,0.0,0.0,1,여수,7,3,2021,summer,0,726.7122636480002,676.253218176,5722.734054096001,4662.629158752001,464.26638672,334.16673379200006
2021-07-30,930.900038256,5527.01769408,462.91268591999994,2.0,11968.290322580646,74.73751892770413,36.393097297428426,26.7,84.0,2.7222222222222223,4.416666666666667,-0.3420201433256686,-0.9396926207859084,0.1,30.857142857142858,23.91,6591.774193548387,0.0,0.0,,11968.290322580646,1.0,0.0,0.0,0.0,0.0,0.0,1,여수,7,4,2021,summer,0,1099.9845289440002,412.85776435200006,5608.140153408,4877.173243007999,416.569441968,204.445289664
2021-07-31,813.496017456,5513.941737503999,474.28348723199997,2.0,11968.290322580646,74.73751892770413,36.393097297428426,27.6,87.0,2.25,3.8055555555555554,-0.7193398003386512,-0.6946583704589973,4.2,38.666666666666664,17.04,6591.774193548387,0.0,0.0,,11968.290322580646,1.0,0.0,0.0,0.0,0.0,0.0,1,여수,7,5,2021,summer,0,930.900038256,339.15329135999997,5527.01769408,4617.8282848320005,462.91268591999994,230.89994971200002
2021-08-01,885.351086784,5520.7419264,442.68550444799996,2.0,11998.064516129032,74.92141700274237,36.39156993063398,28.3,80.0,2.75,4.388888888888889,-0.8090169943749473,-0.5877852522924732,7.9,29.09090909090909,21.54,6406.032258064516,0.0,0.0,,11998.064516129032,1.0,0.0,0.0,0.0,0.0,0.0,1,여수,8,6,2021,summer,0,813.496017456,300.294900576,5513.941737503999,4671.187369632,474.28348723199997,209.651835456
2021-08-02,900.3037101120001,5030.468287776,435.66445094400007,2.0,11998.064516129032,74.92141700274237,36.39156993063398,27.8,81.0,2.2777777777777777,4.027777777777778,0.0348994967025011,-0.9993908270190958,2.5,35.5609756097561,21.36,6406.032258064516,0.0,0.0,,11998.064516129032,1.0,0.0,0.0,0.0,0.0,0.0,1,여수,8,0,2021,summer,0,885.351086784,530.151827616,5520.7419264,5409.990782639999,442.68550444799996,278.905743936
2021-08-03,881.433062064,4839.078922991999,407.11645511999996,2.0,11998.064516129032,74.92141700274237,36.39156993063398,27.4,85.0,2.5555555555555554,4.916666666666666,0.4226182617406995,-0.90630778703665,3.2,33.26086956521739,17.64,6406.032258064516,0.0,0.0,,11998.064516129032,1.0,0.0,0.0,0.0,0.0,0.0,1,여수,8,1,2021,summer,0,900.3037101120001,990.60460128,5030.468287776,5685.546799584001,435.66445094400007,477.74171289599997
2021-08-04,1075.2122244959999,4744.737815616001,438.95725228800006,2.0,11998.064516129032,74.92141700274237,36.39156993063398,28.3,77.0,1.8055555555555556,3.5833333333333335,0.6819983600624986,-0.7313537016191705,0.3,42.64615384615384,25.2,6406.032258064516,0.0,0.0,,11998.064516129032,1.0,0.0,0.0,0.0,0.0,0.0,1,여수,8,2,2021,summer,0,881.433062064,726.7122636480002,4839.078922991999,5722.734054096001,407.11645511999996,464.26638672
2021-08-05,1227.3372921599998,4871.414628864,462.94345843199994,2.0,11998.064516129032,74.92141700274237,36.39156993063398,29.4,74.0,1.3055555555555556,1.8333333333333333,0.7771459614569709,0.6293203910498374,0.3,56.680851063829785,23.04,6406.032258064516,0.0,0.0,,11998.064516129032,1.0,0.0,0.0,0.0,0.0,0.0,1,여수,8,3,2021,summer,0,1075.2122244959999,1099.9845289440002,4744.737815616001,5608.140153408,438.95725228800006,416.569441968
2021-08-06,1129.9030606079998,4529.374389504,438.9531298559999,2.0,11998.064516129032,74.92141700274237,36.39156993063398,29.8,74.0,1.8055555555555556,3.416666666666667,0.9743700647852352,0.2249510543438649,0.0,40.98461538461538,26.13,6406.032258064516,0.0,0.0,,11998.064516129032,1.0,0.0,0.0,0.0,0.0,0.0,1,여수,8,4,2021,summer,0,1227.3372921599998,930.900038256,4871.414628864,5527.01769408,462.94345843199994,462.91268591999994
2021-08-07,1588.783214736,4921.585141103999,473.90543035200005,2.0,11998.064516129032,74.92141700274237,36.39156993063398,29.2,77.0,1.5833333333333333,3.0555555555555554,0.8660254037844386,0.5000000000000001,3.2,48.631578947368425,22.51,6406.032258064516,0.0,0.0,,11998.064516129032,1.0,0.0,0.0,0.0,0.0,0.0,1,여수,8,5,2021,summer,0,1129.9030606079998,813.496017456,4529.374389504,5513.941737503999,438.9531298559999,474.28348723199997
2021-08-08,1585.146490128,4884.642567647999,456.715643472,2.0,11998.064516129032,74.92141700274237,36.39156993063398,26.2,88.0,3.9166666666666665,5.5,0.766044443118978,0.6427876096865394,7.7,22.46808510638298,7.49,6406.032258064516,0.0,0.0,,11998.064516129032,1.0,0.0,0.0,0.0,0.0,0.0,1,여수,8,6,2021,summer,0,1588.783214736,885.351086784,4921.585141103999,5520.7419264,473.90543035200005,442.68550444799996
2021-08-09,1830.5028210240002,4988.536805088001,398.00484,2.0,11998.064516129032,74.92141700274237,36.39156993063398,27.6,77.0,2.388888888888889,3.611111111111111,-0.9998476951563912,0.0174524064372831,1.1,32.23255813953489,24.04,6406.032258064516,0.0,0.0,,11998.064516129032,1.0,0.0,0.0,0.0,0.0,0.0,1,여수,8,0,2021,summer,0,1585.146490128,900.3037101120001,4884.642567647999,5030.468287776,456.715643472,435.66445094400007
2021-08-10,1533.3675330239998,4933.5521761439995,401.965034112,2.0,11998.064516129032,74.92141700274237,36.39156993063398,27.0,83.0,2.8055555555555554,5.527777777777778,0.788010753606722,-0.6156614753256583,7.7,29.584158415841586,17.45,6406.032258064516,0.0,0.0,,11998.064516129032,1.0,0.0,0.0,0.0,0.0,0.0,1,여수,8,1,2021,summer,0,1830.5028210240002,881.433062064,4988.536805088001,4839.078922991999,398.00484,407.11645511999996
2021-08-11,968.2369067519999,4771.83704832,451.84766054399995,2.0,11998.064516129032,74.92141700274237,36.39156993063398,26.0,82.0,2.361111111111111,5.583333333333334,0.9455185755993168,-0.3255681544571566,2.9,34.72941176470588,14.73,6406.032258064516,0.0,0.0,,11998.064516129032,1.0,0.0,0.0,0.0,0.0,0.0,1,여수,8,2,2021,summer,0,1533.3675330239998,1075.2122244959999,4933.5521761439995,4744.737815616001,401.965034112,438.95725228800006
2021-08-12,666.4691792159999,4742.43346584,503.47244361599996,2.0,11998.064516129032,74.92141700274237,36.39156993063398,25.8,82.0,3.138888888888889,4.361111111111111,0.981627183447664,0.1908089953765449,3.4,26.123893805309734,15.48,6406.032258064516,0.0,0.0,,11998.064516129032,1.0,0.0,0.0,0.0,0.0,0.0,1,여수,8,3,2021,summer,0,968.2369067519999,1227.3372921599998,4771.83704832,4871.414628864,451.84766054399995,462.94345843199994
2021-08-13,1018.895192208,4884.771146543999,381.18177288,2.0,11998.064516129032,74.92141700274237,36.39156993063398,25.2,84.0,3.3055555555555554,5.166666666666667,0.848048096156426,0.5299192642332049,3.0,25.411764705882355,13.96,6406.032258064516,0.0,0.0,,11998.064516129032,1.0,0.0,0.0,0.0,0.0,0.0,1,여수,8,4,2021,summer,0,666.4691792159999,1129.9030606079998,4742.43346584,4529.374389504,503.47244361599996,438.9531298559999
2021-08-14,648.904182912,4193.71515072,338.20141248,2.0,11998.064516129032,74.92141700274237,36.39156993063398,23.2,89.0,3.3611111111111107,5.555555555555555,0.6560590289905073,0.754709580222772,22.0,26.47933884297521,7.36,6406.032258064516,0.0,0.0,,11998.064516129032,1.0,0.0,0.0,0.0,0.0,0.0,1,여수,8,5,2021,summer,0,1018.895192208,1588.783214736,4884.771146543999,4921.585141103999,381.18177288,473.90543035200005
2021-08-15,473.301419616,4124.14883856,371.58685372800005,2.0,11998.064516129032,74.92141700274237,36.39156993063398,25.0,76.0,3.0,4.027777777777778,0.8660254037844386,0.5000000000000001,0.0,25.333333333333332,18.15,6406.032258064516,0.0,0.0,,11998.064516129032,1.0,0.0,0.0,0.0,0.0,0.0,1,여수,8,6,2021,summer,0,648.904182912,1585.146490128,4193.71515072,4884.642567647999,338.20141248,456.715643472
2021-08-16,242.6347548,4144.51069632,228.03083208,2.0,11998.064516129032,74.92141700274237,36.39156993063398,24.7,76.0,5.277777777777778,7.138888888888888,0.9135454576426008,0.4067366430758002,2.1,14.4,21.46,6406.032258064516,0.0,0.0,,11998.064516129032,1.0,0.0,0.0,0.0,0.0,0.0,1,여수,8,0,2021,summer,0,473.301419616,1830.5028210240002,4124.14883856,4988.536805088001,371.58685372800005,398.00484
2021-08-17,375.752277648,4573.708779024,253.55957932800004,2.0,11998.064516129032,74.92141700274237,36.39156993063398,24.7,76.0,4.444444444444445,5.861111111111112,0.4999999999999999,0.8660254037844387,1.0,17.099999999999998,20.85,6406.032258064516,0.0,0.0,,11998.064516129032,1.0,0.0,0.0,0.0,0.0,0.0,1,여수,8,1,2021,summer,0,242.6347548,1533.3675330239998,4144.51069632,4933.5521761439995,228.03083208,401.965034112
2021-08-18,488.9221470719999,4696.8332791679995,276.98777625599996,2.0,11998.064516129032,74.92141700274237,36.39156993063398,24.0,78.0,3.5277777777777777,5.166666666666667,0.6293203910498374,0.7771459614569709,3.2,22.11023622047244,21.59,6406.032258064516,0.0,0.0,,11998.064516129032,1.0,0.0,0.0,0.0,0.0,0.0,1,여수,8,2,2021,summer,0,375.752277648,968.2369067519999,4573.708779024,4771.83704832,253.55957932800004,451.84766054399995
2021-08-19,718.346488176,4619.489662656,278.356639104,2.0,11998.064516129032,74.92141700274237,36.39156993063398,24.5,75.0,2.3333333333333335,3.8055555555555554,0.6293203910498374,0.7771459614569709,2.1,32.14285714285714,22.22,6406.032258064516,0.0,0.0,,11998.064516129032,1.0,0.0,0.0,0.0,0.0,0.0,1,여수,8,3,2021,summer,0,488.9221470719999,666.4691792159999,4696.8332791679995,4742.43346584,276.98777625599996,503.47244361599996
2021-08-20,667.619111232,4621.029362208,275.825072448,2.0,11998.064516129032,74.92141700274237,36.39156993063398,24.7,83.0,3.138888888888889,5.138888888888888,0.7193398003386511,-0.6946583704589974,6.8,26.442477876106196,19.97,6406.032258064516,0.0,0.0,,11998.064516129032,1.0,0.0,0.0,0.0,0.0,0.0,1,여수,8,4,2021,summer,0,718.346488176,1018.895192208,4619.489662656,4884.771146543999,278.356639104,381.18177288
2021-08-21,567.3509760960001,4240.639884384,255.15432748799998,2.0,11998.064516129032,74.92141700274237,36.39156993063398,24.4,93.0,6.416666666666667,9.97222222222222,-0.2249510543438649,-0.9743700647852352,40.5,14.493506493506493,4.99,6406.032258064516,0.0,0.0,,11998.064516129032,1.0,0.0,0.0,0.0,0.0,0.0,1,여수,8,5,2021,summer,0,667.619111232,648.904182912,4621.029362208,4193.71515072,275.825072448,338.20141248
2021-08-22,578.6103103199999,4120.7888368799995,238.35195936,2.0,11998.064516129032,74.92141700274237,36.39156993063398,25.4,86.0,2.8055555555555554,4.083333333333333,-0.9271838545667872,-0.3746065934159123,0.5,30.653465346534656,19.62,6406.032258064516,0.0,0.0,,11998.064516129032,1.0,0.0,0.0,0.0,0.0,0.0,1,여수,8,6,2021,summer,0,567.3509760960001,473.301419616,4240.639884384,4124.14883856,255.15432748799998,371.58685372800005
2021-08-23,699.2024116319999,4420.008045936,258.70064126399996,2.0,11998.064516129032,74.92141700274237,36.39156993063398,24.6,95.0,3.75,9.416666666666666,0.788010753606722,-0.6156614753256583,37.8,25.333333333333332,5.37,6406.032258064516,0.0,0.0,,11998.064516129032,1.0,0.0,0.0,0.0,0.0,0.0,1,여수,8,0,2021,summer,0,578.6103103199999,242.6347548,4120.7888368799995,4144.51069632,238.35195936,228.03083208
2021-08-24,611.0522434080001,4940.258357520001,290.586318912,2.0,11998.064516129032,74.92141700274237,36.39156993063398,26.0,92.0,5.5,8.333333333333334,-0.6946583704589974,-0.7193398003386511,29.3,16.727272727272727,9.59,6406.032258064516,0.0,0.0,,11998.064516129032,1.0,0.0,0.0,0.0,0.0,0.0,1,여수,8,1,2021,summer,0,699.2024116319999,375.752277648,4420.008045936,4573.708779024,258.70064126399996,253.55957932800004
2021-08-25,422.07336374399995,4732.901557056,276.066886464,2.0,11998.064516129032,74.92141700274237,36.39156993063398,25.0,95.0,3.0555555555555554,4.666666666666667,-0.4694715627858908,-0.8829475928589269,54.8,31.090909090909093,6.07,6406.032258064516,0.0,0.0,,11998.064516129032,1.0,0.0,0.0,0.0,0.0,0.0,1,여수,8,2,2021,summer,0,611.0522434080001,488.9221470719999,4940.258357520001,4696.8332791679995,290.586318912,276.98777625599996
2021-08-26,251.65287633599996,4556.372474592,277.55473896,2.0,11998.064516129032,74.92141700274237,36.39156993063398,25.6,86.0,2.7222222222222223,4.25,-0.9271838545667872,-0.3746065934159123,1.7,31.59183673469388,23.07,6406.032258064516,0.0,0.0,,11998.064516129032,1.0,0.0,0.0,0.0,0.0,0.0,1,여수,8,3,2021,summer,0,422.07336374399995,718.346488176,4732.901557056,4619.489662656,276.066886464,278.356639104
2021-08-27,241.659545616,4452.703157664,285.447322368,2.0,11998.064516129032,74.92141700274237,36.39156993063398,26.0,90.0,3.75,7.0,-0.8090169943749473,-0.5877852522924732,4.2,24.0,12.75,6406.032258064516,0.0,0.0,,11998.064516129032,1.0,0.0,0.0,0.0,0.0,0.0,1,여수,8,4,2021,summer,0,251.65287633599996,667.619111232,4556.372474592,4621.029362208,277.55473896,275.825072448
2021-08-28,322.782950016,3953.630963376,250.59003422399996,2.0,11998.064516129032,74.92141700274237,36.39156993063398,26.1,87.0,2.388888888888889,5.361111111111112,-0.8660254037844384,-0.5000000000000004,4.7,36.418604651162795,19.49,6406.032258064516,0.0,0.0,,11998.064516129032,1.0,0.0,0.0,0.0,0.0,0.0,1,여수,8,5,2021,summer,0,241.659545616,567.3509760960001,4452.703157664,4240.639884384,285.447322368,255.15432748799998
2021-08-29,302.388437088,3781.5372326880006,241.806439872,2.0,11998.064516129032,74.92141700274237,36.39156993063398,26.5,88.0,3.5277777777777777,6.305555555555555,-0.913545457642601,-0.4067366430758001,4.5,24.94488188976378,17.65,6406.032258064516,0.0,0.0,,11998.064516129032,1.0,0.0,0.0,0.0,0.0,0.0,1,여수,8,6,2021,summer,0,322.782950016,578.6103103199999,3953.630963376,4120.7888368799995,250.59003422399996,238.35195936
2021-08-30,179.020353456,3941.3957755680003,248.29376068799996,2.0,11998.064516129032,74.92141700274237,36.39156993063398,25.8,89.0,1.6944444444444442,2.8055555555555554,-0.7431448254773946,0.6691306063588578,1.8,52.524590163934434,12.89,6406.032258064516,0.0,0.0,,11998.064516129032,1.0,0.0,0.0,0.0,0.0,0.0,1,여수,8,0,2021,summer,0,302.388437088,699.2024116319999,3781.5372326880006,4420.008045936,241.806439872,258.70064126399996
2021-08-31,220.83529550400002,4259.54638152,289.80561240000003,2.0,11998.064516129032,74.92141700274237,36.39156993063398,25.9,89.0,2.3333333333333335,4.361111111111111,0.1218693434051475,-0.992546151641322,1.3,38.14285714285714,19.02,6406.032258064516,0.0,0.0,,11998.064516129032,1.0,0.0,0.0,0.0,0.0,0.0,1,여수,8,1,2021,summer,0,179.020353456,611.0522434080001,3941.3957755680003,4940.258357520001,248.29376068799996,290.586318912
2021-09-01,410.138714736,4613.286963024,329.478036912,2.0,7983.766666666666,57.801484888085405,36.15855815759479,25.8,90.0,4.222222222222222,7.138888888888888,-0.848048096156426,-0.529919264233205,8.6,21.31578947368421,11.44,4084.5666666666666,10.233333333333333,0.0,,7983.766666666666,0.997500895444629,0.0024991045553710398,0.0,0.0,0.0,0.0,1,여수,9,2,2021,autumn,0,220.83529550400002,422.07336374399995,4259.54638152,4732.901557056,289.80561240000003,276.066886464
2021-09-02,251.39563545599998,4194.8473236479995,314.862240672,2.0,7983.766666666666,57.801484888085405,36.15855815759479,22.6,93.0,3.7777777777777777,4.805555555555555,0.8746197071393957,0.4848096202463371,17.8,24.61764705882353,5.53,4084.5666666666666,10.233333333333333,0.0,,7983.766666666666,0.997500895444629,0.0024991045553710398,0.0,0.0,0.0,0.0,1,여수,9,3,2021,autumn,0,410.138714736,251.65287633599996,4613.286963024,4556.372474592,329.478036912,277.55473896
2021-09-03,220.86872337600002,3907.30608216,312.87819024,2.0,7983.766666666666,57.801484888085405,36.15855815759479,22.3,85.0,4.666666666666667,6.027777777777778,0.7431448254773942,0.6691306063588582,3.7,18.21428571428571,16.75,4084.5666666666666,10.233333333333333,0.0,,7983.766666666666,0.997500895444629,0.0024991045553710398,0.0,0.0,0.0,0.0,1,여수,9,4,2021,autumn,0,251.39563545599998,241.659545616,4194.8473236479995,4452.703157664,314.862240672,285.447322368
2021-09-04,303.58488945600004,3659.2596648000003,285.362097696,2.0,7983.766666666666,57.801484888085405,36.15855815759479,23.1,78.0,3.3611111111111107,4.111111111111112,0.8660254037844386,0.5000000000000001,0.0,23.206611570247937,13.89,4084.5666666666666,10.233333333333333,0.0,,7983.766666666666,0.997500895444629,0.0024991045553710398,0.0,0.0,0.0,0.0,1,여수,9,5,2021,autumn,0,220.86872337600002,322.782950016,3907.30608216,3953.630963376,312.87819024,250.59003422399996
2021-09-05,378.02648505599996,3569.156298576,279.84668025599996,2.0,7983.766666666666,57.801484888085405,36.15855815759479,22.2,80.0,4.416666666666667,5.472222222222222,0.8987940462991669,0.4383711467890774,0.7,18.11320754716981,7.55,4084.5666666666666,10.233333333333333,0.0,,7983.766666666666,0.997500895444629,0.0024991045553710398,0.0,0.0,0.0,0.0,1,여수,9,6,2021,autumn,0,303.58488945600004,302.388437088,3659.2596648000003,3781.5372326880006,285.362097696,241.806439872
2021-09-06,426.410001216,4006.2758461920007,325.435491072,2.0,7983.766666666666,57.801484888085405,36.15855815759479,21.9,87.0,4.805555555555555,5.861111111111112,0.9135454576426008,0.4067366430758002,4.9,18.10404624277457,7.64,4084.5666666666666,10.233333333333333,0.0,,7983.766666666666,0.997500895444629,0.0024991045553710398,0.0,0.0,0.0,0.0,1,여수,9,0,2021,autumn,0,378.02648505599996,179.020353456,3569.156298576,3941.3957755680003,279.84668025599996,248.29376068799996
2021-09-07,440.45687865599996,4331.256438528,350.727434208,2.0,7983.766666666666,57.801484888085405,36.15855815759479,23.9,86.0,4.027777777777778,5.194444444444444,-0.6156614753256582,-0.788010753606722,2.7,21.351724137931036,15.5,4084.5666666666666,10.233333333333333,0.0,,7983.766666666666,0.997500895444629,0.0024991045553710398,0.0,0.0,0.0,0.0,1,여수,9,1,2021,autumn,0,426.410001216,220.83529550400002,4006.2758461920007,4259.54638152,325.435491072,289.80561240000003
2021-09-08,120.18690144,3982.0402216800003,323.83563696,2.0,7983.766666666666,57.801484888085405,36.15855815759479,23.4,77.0,3.611111111111111,4.944444444444445,-0.8829475928589271,0.4694715627858904,0.0,21.32307692307692,19.76,4084.5666666666666,10.233333333333333,0.0,,7983.766666666666,0.997500895444629,0.0024991045553710398,0.0,0.0,0.0,0.0,1,여수,9,2,2021,autumn,0,440.45687865599996,410.138714736,4331.256438528,4613.286963024,350.727434208,329.478036912
2021-09-09,294.993929808,3798.3745450079996,305.012025936,2.0,7983.766666666666,57.801484888085405,36.15855815759479,23.4,83.0,1.4444444444444444,3.3055555555555554,0.9876883405951378,-0.1564344650402308,0.2,57.46153846153846,19.43,4084.5666666666666,10.233333333333333,0.0,,7983.766666666666,0.997500895444629,0.0024991045553710398,0.0,0.0,0.0,0.0,1,여수,9,3,2021,autumn,0,120.18690144,251.39563545599998,3982.0402216800003,4194.8473236479995,323.83563696,314.862240672
2021-09-10,436.48888392,3614.48592912,299.01131928,2.0,7983.766666666666,57.801484888085405,36.15855815759479,21.9,89.0,1.5277777777777777,2.944444444444444,0.984807753012208,0.1736481776669304,19.1,58.25454545454546,4.52,4084.5666666666666,10.233333333333333,0.0,,7983.766666666666,0.997500895444629,0.0024991045553710398,0.0,0.0,0.0,0.0,1,여수,9,4,2021,autumn,0,294.993929808,220.86872337600002,3798.3745450079996,3907.30608216,305.012025936,312.87819024
2021-09-11,213.71337215999998,2063.9027501279998,644.9927375520001,2.0,7983.766666666666,57.801484888085405,36.15855815759479,23.5,85.0,1.472222222222222,2.611111111111111,0.9335804264972016,-0.3583679495453002,0.5,57.735849056603776,21.48,4084.5666666666666,10.233333333333333,0.0,,7983.766666666666,0.997500895444629,0.0024991045553710398,0.0,0.0,0.0,0.0,1,여수,9,5,2021,autumn,0,436.48888392,303.58488945600004,3614.48592912,3659.2596648000003,299.01131928,285.362097696
2021-09-12,206.492965632,1962.330334848,480.205687968,2.0,7983.766666666666,57.801484888085405,36.15855815759479,23.8,83.0,2.1944444444444446,3.3888888888888884,0.8987940462991669,0.4383711467890774,0.0,37.82278481012658,18.24,4084.5666666666666,10.233333333333333,0.0,,7983.766666666666,0.997500895444629,0.0024991045553710398,0.0,0.0,0.0,0.0,1,여수,9,6,2021,autumn,0,213.71337215999998,378.02648505599996,2063.9027501279998,3569.156298576,644.9927375520001,279.84668025599996
2021-09-13,85.236042528,1843.4007601920002,236.71168099200003,2.0,7983.766666666666,57.801484888085405,36.15855815759479,22.8,85.0,5.555555555555555,6.861111111111111,0.90630778703665,0.4226182617406994,6.9,15.3,6.39,4084.5666666666666,10.233333333333333,0.0,,7983.766666666666,0.997500895444629,0.0024991045553710398,0.0,0.0,0.0,0.0,1,여수,9,0,2021,autumn,0,206.492965632,426.410001216,1962.330334848,4006.2758461920007,480.205687968,325.435491072
2021-09-14,0.0,2120.0965794720005,270.667333728,2.0,7983.766666666666,57.801484888085405,36.15855815759479,21.2,94.0,6.944444444444445,8.166666666666666,0.838670567945424,0.5446390350150271,38.0,13.536,6.0,4084.5666666666666,10.233333333333333,0.0,,7983.766666666666,0.997500895444629,0.0024991045553710398,0.0,0.0,0.0,0.0,1,여수,9,1,2021,autumn,0,85.236042528,440.45687865599996,1843.4007601920002,4331.256438528,236.71168099200003,350.727434208
2021-09-15,0.0,2227.5921520800002,324.23051592,2.0,7983.766666666666,57.801484888085405,36.15855815759479,21.5,78.0,7.027777777777778,7.972222222222221,0.8571673007021123,0.5150380749100542,18.2,11.098814229249012,13.38,4084.5666666666666,10.233333333333333,0.0,,7983.766666666666,0.997500895444629,0.0024991045553710398,0.0,0.0,0.0,0.0,1,여수,9,2,2021,autumn,0,0.0,120.18690144,2120.0965794720005,3982.0402216800003,270.667333728,323.83563696
2021-09-16,0.0,2098.3005352800005,295.6050936,2.0,7983.766666666666,57.801484888085405,36.15855815759479,21.3,79.0,6.277777777777778,7.333333333333333,0.8191520442889918,0.573576436351046,2.6,12.584070796460177,7.66,4084.5666666666666,10.233333333333333,0.0,,7983.766666666666,0.997500895444629,0.0024991045553710398,0.0,0.0,0.0,0.0,1,여수,9,3,2021,autumn,0,0.0,294.993929808,2227.5921520800002,3798.3745450079996,324.23051592,305.012025936
2021-09-17,0.0,1973.2067159040002,258.073341408,2.0,7983.766666666666,57.801484888085405,36.15855815759479,20.8,85.0,8.13888888888889,11.527777777777777,0.6293203910498374,0.7771459614569709,11.4,10.44368600682594,9.07,4084.5666666666666,10.233333333333333,0.0,,7983.766666666666,0.997500895444629,0.0024991045553710398,0.0,0.0,0.0,0.0,1,여수,9,4,2021,autumn,0,0.0,436.48888392,2098.3005352800005,3614.48592912,295.6050936,299.01131928
2021-09-18,0.0,2207.9616523199998,277.57147953599997,2.0,7983.766666666666,57.801484888085405,36.15855815759479,21.8,77.0,2.3333333333333335,5.111111111111111,0.788010753606722,0.6156614753256583,0.0,33.0,14.21,4084.5666666666666,10.233333333333333,0.0,,7983.766666666666,0.997500895444629,0.0024991045553710398,0.0,0.0,0.0,0.0,1,여수,9,5,2021,autumn,0,0.0,213.71337215999998,1973.2067159040002,2063.9027501279998,258.073341408,644.9927375520001
2021-09-19,3.3376039200000003,2338.367369184,291.99344155200004,2.0,7983.766666666666,57.801484888085405,36.15855815759479,22.1,80.0,2.861111111111111,4.027777777777778,0.8987940462991669,0.4383711467890774,0.0,27.961165048543688,20.57,4084.5666666666666,10.233333333333333,0.0,,7983.766666666666,0.997500895444629,0.0024991045553710398,0.0,0.0,0.0,0.0,1,여수,9,6,2021,autumn,0,0.0,206.492965632,2207.9616523199998,1962.330334848,277.57147953599997,480.205687968
2021-09-20,1.015851168,2129.5622139839998,292.41957168,2.0,7983.766666666666,57.801484888085405,36.15855815759479,22.7,82.0,4.222222222222222,5.638888888888889,0.9993908270190958,-0.0348994967025009,0.5,19.42105263157895,19.0,4084.5666666666666,10.233333333333333,0.0,,7983.766666666666,0.997500895444629,0.0024991045553710398,0.0,0.0,0.0,0.0,1,여수,9,0,2021,autumn,0,3.3376039200000003,85.236042528,2338.367369184,1843.4007601920002,291.99344155200004,236.71168099200003
2021-09-21,0.0,2305.0615461119996,306.490074336,2.0,7983.766666666666,57.801484888085405,36.15855815759479,23.6,85.0,4.527777777777778,6.416666666666667,-0.5735764363510462,-0.8191520442889918,14.1,18.773006134969325,13.83,4084.5666666666666,10.233333333333333,0.0,,7983.766666666666,0.997500895444629,0.0024991045553710398,0.0,0.0,0.0,0.0,1,여수,9,1,2021,autumn,0,1.015851168,0.0,2129.5622139839998,2120.0965794720005,292.41957168,270.667333728
2021-09-22,0.0,2028.483829008,273.79564847999995,2.0,7983.766666666666,57.801484888085405,36.15855815759479,23.1,87.0,2.972222222222222,5.416666666666667,-0.9563047559630352,-0.2923717047227371,0.9,29.271028037383186,17.83,4084.5666666666666,10.233333333333333,0.0,,7983.766666666666,0.997500895444629,0.0024991045553710398,0.0,0.0,0.0,0.0,1,여수,9,2,2021,autumn,0,0.0,0.0,2305.0615461119996,2227.5921520800002,306.490074336,324.23051592
2021-09-23,0.0,2058.577620336,234.38124460799997,2.0,7983.766666666666,57.801484888085405,36.15855815759479,21.7,73.0,3.4722222222222223,4.694444444444444,-0.7071067811865477,0.7071067811865474,0.0,21.024,19.76,4084.5666666666666,10.233333333333333,0.0,,7983.766666666666,0.997500895444629,0.0024991045553710398,0.0,0.0,0.0,0.0,1,여수,9,3,2021,autumn,0,0.0,0.0,2028.483829008,2098.3005352800005,273.79564847999995,295.6050936
2021-09-24,0.0,2091.3721365600004,206.78061412800002,2.0,7983.766666666666,57.801484888085405,36.15855815759479,21.1,77.0,2.75,3.75,0.8191520442889918,0.573576436351046,0.0,28.0,18.33,4084.5666666666666,10.233333333333333,0.0,,7983.766666666666,0.997500895444629,0.0024991045553710398,0.0,0.0,0.0,0.0,1,여수,9,4,2021,autumn,0,0.0,0.0,2058.577620336,1973.2067159040002,234.38124460799997,258.073341408
2021-09-25,0.0,2069.3871144000004,197.112474,2.0,7983.766666666666,57.801484888085405,36.15855815759479,21.6,81.0,4.75,5.694444444444445,0.8571673007021123,0.5150380749100542,0.0,17.05263157894737,13.36,4084.5666666666666,10.233333333333333,0.0,,7983.766666666666,0.997500895444629,0.0024991045553710398,0.0,0.0,0.0,0.0,1,여수,9,5,2021,autumn,0,0.0,0.0,2091.3721365600004,2207.9616523199998,206.78061412800002,277.57147953599997
2021-09-26,0.0,1873.7191844640001,184.09379745599998,2.0,7983.766666666666,57.801484888085405,36.15855815759479,21.4,76.0,4.027777777777778,5.611111111111111,0.8191520442889918,0.573576436351046,0.0,18.86896551724138,14.13,4084.5666666666666,10.233333333333333,0.0,,7983.766666666666,0.997500895444629,0.0024991045553710398,0.0,0.0,0.0,0.0,1,여수,9,6,2021,autumn,0,0.0,3.3376039200000003,2069.3871144000004,2338.367369184,197.112474,291.99344155200004
2021-09-27,0.0,2007.9044377919997,197.271484704,2.0,7983.766666666666,57.801484888085405,36.15855815759479,21.5,73.0,4.222222222222222,5.111111111111111,0.8660254037844386,0.5000000000000001,0.0,17.289473684210527,17.94,4084.5666666666666,10.233333333333333,0.0,,7983.766666666666,0.997500895444629,0.0024991045553710398,0.0,0.0,0.0,0.0,1,여수,9,0,2021,autumn,0,0.0,1.015851168,1873.7191844640001,2129.5622139839998,184.09379745599998,292.41957168
2021-09-28,33.90860232,2811.4610896800004,767.13882408,2.0,7983.766666666666,57.801484888085405,36.15855815759479,21.9,82.0,3.3611111111111107,4.25,0.9455185755993168,0.3255681544571567,0.6,24.396694214876035,11.51,4084.5666666666666,10.233333333333333,0.0,,7983.766666666666,0.997500895444629,0.0024991045553710398,0.0,0.0,0.0,0.0,1,여수,9,1,2021,autumn,0,0.0,0.0,2007.9044377919997,2305.0615461119996,197.271484704,306.490074336
2021-09-29,371.150377632,4475.55119328,300.588155424,2.0,7983.766666666666,57.801484888085405,36.15855815759479,23.2,94.0,2.638888888888889,4.194444444444445,-0.3420201433256686,-0.9396926207859084,19.5,35.62105263157895,11.68,4084.5666666666666,10.233333333333333,0.0,,7983.766666666666,0.997500895444629,0.0024991045553710398,0.0,0.0,0.0,0.0,1,여수,9,2,2021,autumn,0,33.90860232,0.0,2811.4610896800004,2028.483829008,767.13882408,273.79564847999995
2021-09-30,502.83458006399997,3666.0296180160003,272.10426336,2.0,7983.766666666666,57.801484888085405,36.15855815759479,21.8,92.0,2.5833333333333335,4.25,0.8090169943749475,0.5877852522924731,30.6,35.61290322580645,10.74,4084.5666666666666,10.233333333333333,0.0,,7983.766666666666,0.997500895444629,0.0024991045553710398,0.0,0.0,0.0,0.0,1,여수,9,3,2021,autumn,0,371.150377632,0.0,4475.55119328,2058.577620336,300.588155424,234.38124460799997
2021-10-01,505.605917664,3762.2697858719994,285.2173743839999,2.0,10313.741935483871,67.33877313699855,36.1608848826808,21.9,85.0,1.972222222222222,3.5,-0.2079116908177598,0.9781476007338056,0.0,43.098591549295776,19.22,5548.0,1.3225806451612903,0.0,,10313.741935483871,0.9997616680908452,0.0002383319091548518,0.0,0.0,0.0,0.0,1,여수,10,4,2021,autumn,0,502.83458006399997,0.0,3666.0296180160003,2091.3721365600004,272.10426336,206.78061412800002
2021-10-02,352.95097996799996,3244.0521310560002,254.70300484799998,2.0,10313.741935483871,67.33877313699855,36.1608848826808,22.0,85.0,2.138888888888889,3.333333333333333,-0.9781476007338056,-0.2079116908177598,0.0,39.74025974025974,19.38,5548.0,1.3225806451612903,0.0,,10313.741935483871,0.9997616680908452,0.0002383319091548518,0.0,0.0,0.0,0.0,1,여수,10,5,2021,autumn,0,505.605917664,0.0,3762.2697858719994,2069.3871144000004,285.2173743839999,197.112474
2021-10-03,409.381579008,3535.3657491840004,267.580343808,2.0,10313.741935483871,67.33877313699855,36.1608848826808,22.4,89.0,2.361111111111111,3.4722222222222223,0.8746197071393959,-0.484809620246337,0.0,37.694117647058825,18.4,5548.0,1.3225806451612903,0.0,,10313.741935483871,0.9997616680908452,0.0002383319091548518,0.0,0.0,0.0,0.0,1,여수,10,6,2021,autumn,0,352.95097996799996,0.0,3244.0521310560002,1873.7191844640001,254.70300484799998,184.09379745599998
2021-10-04,283.302693072,3757.53068352,266.08803998400003,2.0,10313.741935483871,67.33877313699855,36.1608848826808,24.3,84.0,3.6666666666666665,5.638888888888889,1.2246467991473532e-16,-1.0,0.0,22.90909090909091,16.84,5548.0,1.3225806451612903,0.0,,10313.741935483871,0.9997616680908452,0.0002383319091548518,0.0,0.0,0.0,0.0,1,여수,10,0,2021,autumn,0,409.381579008,0.0,3535.3657491840004,2007.9044377919997,267.580343808,197.271484704
2021-10-05,485.96388451199994,4240.60060752,305.68617792,2.0,10313.741935483871,67.33877313699855,36.1608848826808,23.7,86.0,1.972222222222222,3.6944444444444446,-0.5299192642332048,-0.8480480961564261,0.0,43.605633802816904,17.39,5548.0,1.3225806451612903,0.0,,10313.741935483871,0.9997616680908452,0.0002383319091548518,0.0,0.0,0.0,0.0,1,여수,10,1,2021,autumn,0,283.302693072,33.90860232,3757.53068352,2811.4610896800004,266.08803998400003,767.13882408
2021-10-06,300.98099145599997,4362.4058135039995,329.91400051200003,2.0,10313.741935483871,67.33877313699855,36.1608848826808,22.3,86.0,1.972222222222222,3.555555555555556,0.8290375725550417,0.5591929034707468,0.0,43.605633802816904,12.41,5548.0,1.3225806451612903,0.0,,10313.741935483871,0.9997616680908452,0.0002383319091548518,0.0,0.0,0.0,0.0,1,여수,10,2,2021,autumn,0,485.96388451199994,371.150377632,4240.60060752,4475.55119328,305.68617792,300.588155424
2021-10-07,373.87688313600006,4895.338306464,354.236187888,2.0,10313.741935483871,67.33877313699855,36.1608848826808,22.2,88.0,1.7222222222222223,3.138888888888889,0.2249510543438652,-0.9743700647852352,0.1,51.096774193548384,15.74,5548.0,1.3225806451612903,0.0,,10313.741935483871,0.9997616680908452,0.0002383319091548518,0.0,0.0,0.0,0.0,1,여수,10,3,2021,autumn,0,300.98099145599997,502.83458006399997,4362.4058135039995,3666.0296180160003,329.91400051200003,272.10426336
2021-10-08,233.077697856,3985.6078114559996,303.040614528,2.0,10313.741935483871,67.33877313699855,36.1608848826808,22.5,86.0,2.3333333333333335,3.944444444444444,0.8660254037844386,0.5000000000000001,0.4,36.857142857142854,11.52,5548.0,1.3225806451612903,0.0,,10313.741935483871,0.9997616680908452,0.0002383319091548518,0.0,0.0,0.0,0.0,1,여수,10,4,2021,autumn,0,373.87688313600006,505.605917664,4895.338306464,3762.2697858719994,354.236187888,285.2173743839999
2021-10-09,299.30626915199997,3694.167781343999,292.83313247999996,2.0,10313.741935483871,67.33877313699855,36.1608848826808,22.9,85.0,3.3888888888888884,4.916666666666666,0.9135454576426008,0.4067366430758002,0.0,25.08196721311476,16.71,5548.0,1.3225806451612903,0.0,,10313.741935483871,0.9997616680908452,0.0002383319091548518,0.0,0.0,0.0,0.0,1,여수,10,5,2021,autumn,0,233.077697856,352.95097996799996,3985.6078114559996,3244.0521310560002,303.040614528,254.70300484799998
2021-10-10,334.434625488,3648.999567744,292.21997688,2.0,10313.741935483871,67.33877313699855,36.1608848826808,23.4,89.0,1.8333333333333333,3.7222222222222223,0.3090169943749475,-0.9510565162951536,6.1,48.54545454545455,15.7,5548.0,1.3225806451612903,0.0,,10313.741935483871,0.9997616680908452,0.0002383319091548518,0.0,0.0,0.0,0.0,1,여수,10,6,2021,autumn,0,299.30626915199997,409.381579008,3694.167781343999,3535.3657491840004,292.83313247999996,267.580343808
2021-10-11,318.88789459199995,3643.12469664,279.844205184,2.0,10313.741935483871,67.33877313699855,36.1608848826808,19.8,91.0,4.333333333333333,5.944444444444444,0.3583679495453002,0.9335804264972016,7.4,21.0,7.06,5548.0,1.3225806451612903,0.0,,10313.741935483871,0.9997616680908452,0.0002383319091548518,0.0,0.0,0.0,0.0,1,여수,10,0,2021,autumn,0,334.434625488,283.302693072,3648.999567744,3757.53068352,292.21997688,266.08803998400003
2021-10-12,159.712316928,3846.9597193440004,287.688074112,2.0,10313.741935483871,67.33877313699855,36.1608848826808,18.7,84.0,6.666666666666666,8.36111111111111,0.754709580222772,0.6560590289905073,0.8,12.6,12.42,5548.0,1.3225806451612903,0.0,,10313.741935483871,0.9997616680908452,0.0002383319091548518,0.0,0.0,0.0,0.0,1,여수,10,1,2021,autumn,0,318.88789459199995,485.96388451199994,3643.12469664,4240.60060752,279.844205184,305.68617792
2021-10-13,200.633048208,4058.637676416,295.2141372,2.0,10313.741935483871,67.33877313699855,36.1608848826808,19.5,80.0,4.611111111111112,6.222222222222221,0.7986355100472928,0.6018150231520483,0.0,17.349397590361445,12.18,5548.0,1.3225806451612903,0.0,,10313.741935483871,0.9997616680908452,0.0002383319091548518,0.0,0.0,0.0,0.0,1,여수,10,2,2021,autumn,0,159.712316928,300.98099145599997,3846.9597193440004,4362.4058135039995,287.688074112,329.91400051200003
2021-10-14,77.43298075199999,3990.243763296,285.637120848,2.0,10313.741935483871,67.33877313699855,36.1608848826808,20.5,81.0,2.611111111111111,3.7777777777777777,-0.2249510543438653,0.9743700647852352,0.0,31.02127659574468,14.95,5548.0,1.3225806451612903,0.0,,10313.741935483871,0.9997616680908452,0.0002383319091548518,0.0,0.0,0.0,0.0,1,여수,10,3,2021,autumn,0,200.633048208,373.87688313600006,4058.637676416,4895.338306464,295.2141372,354.236187888
2021-10-15,131.33802412800003,3987.193738752,288.70347398399997,2.0,10313.741935483871,67.33877313699855,36.1608848826808,20.5,77.0,1.5555555555555554,2.5555555555555554,-0.2249510543438653,0.9743700647852352,0.3,49.50000000000001,14.71,5548.0,1.3225806451612903,0.0,,10313.741935483871,0.9997616680908452,0.0002383319091548518,0.0,0.0,0.0,0.0,1,여수,10,4,2021,autumn,0,77.43298075199999,233.077697856,3990.243763296,3985.6078114559996,285.637120848,303.040614528
2021-10-16,287.58311251200007,3729.7069784640007,268.03716048,2.0,10313.741935483871,67.33877313699855,36.1608848826808,15.6,76.0,4.888888888888889,8.305555555555555,-0.529919264233205,0.8480480961564258,12.1,15.545454545454543,3.46,5548.0,1.3225806451612903,0.0,,10313.741935483871,0.9997616680908452,0.0002383319091548518,0.0,0.0,0.0,0.0,1,여수,10,5,2021,autumn,0,131.33802412800003,299.30626915199997,3987.193738752,3694.167781343999,288.70347398399997,292.83313247999996
2021-10-17,315.153864576,3513.621587328,269.65203264,2.0,10313.741935483871,67.33877313699855,36.1608848826808,9.5,52.0,4.055555555555555,7.555555555555555,-0.4226182617406992,0.90630778703665,0.0,12.82191780821918,18.04,5548.0,1.3225806451612903,0.0,,10313.741935483871,0.9997616680908452,0.0002383319091548518,0.0,0.0,0.0,0.0,1,여수,10,6,2021,autumn,0,287.58311251200007,334.434625488,3729.7069784640007,3648.999567744,268.03716048,292.21997688
2021-10-18,310.433085936,3454.2770424480004,267.66427939199997,2.0,10313.741935483871,67.33877313699855,36.1608848826808,11.3,54.0,2.25,3.611111111111111,0.2079116908177593,0.9781476007338056,0.0,24.0,17.5,5548.0,1.3225806451612903,0.0,,10313.741935483871,0.9997616680908452,0.0002383319091548518,0.0,0.0,0.0,0.0,1,여수,10,0,2021,autumn,0,315.153864576,318.88789459199995,3513.621587328,3643.12469664,269.65203264,279.844205184
2021-10-19,119.64875155200002,3993.252566688,290.712270816,2.0,10313.741935483871,67.33877313699855,36.1608848826808,13.5,64.0,3.7777777777777777,6.027777777777778,-0.6819983600624984,0.7313537016191707,0.0,16.941176470588236,15.79,5548.0,1.3225806451612903,0.0,,10313.741935483871,0.9997616680908452,0.0002383319091548518,0.0,0.0,0.0,0.0,1,여수,10,1,2021,autumn,0,310.433085936,159.712316928,3454.2770424480004,3846.9597193440004,267.66427939199997,287.688074112
2021-10-20,107.83513641600001,4336.999297488001,293.667711696,2.0,10313.741935483871,67.33877313699855,36.1608848826808,11.4,67.0,2.1944444444444446,4.611111111111112,-0.5000000000000004,0.8660254037844384,0.0,30.53164556962025,13.3,5548.0,1.3225806451612903,0.0,,10313.741935483871,0.9997616680908452,0.0002383319091548518,0.0,0.0,0.0,0.0,1,여수,10,2,2021,autumn,0,119.64875155200002,200.633048208,3993.252566688,4058.637676416,290.712270816,295.2141372
2021-10-21,241.821976464,4231.100055888,288.746177184,2.0,10313.741935483871,67.33877313699855,36.1608848826808,12.7,73.0,2.833333333333333,3.861111111111111,0.1908089953765448,0.981627183447664,0.1,25.764705882352946,13.0,5548.0,1.3225806451612903,0.0,,10313.741935483871,0.9997616680908452,0.0002383319091548518,0.0,0.0,0.0,0.0,1,여수,10,3,2021,autumn,0,107.83513641600001,77.43298075199999,4336.999297488001,3990.243763296,293.667711696,285.637120848
2021-10-22,356.54913345599994,3750.1349470560003,290.22595977599997,2.0,10313.741935483871,67.33877313699855,36.1608848826808,12.5,57.0,4.25,7.305555555555555,-0.6018150231520483,0.7986355100472928,0.0,13.411764705882351,16.76,5548.0,1.3225806451612903,0.0,,10313.741935483871,0.9997616680908452,0.0002383319091548518,0.0,0.0,0.0,0.0,1,여수,10,4,2021,autumn,0,241.821976464,131.33802412800003,4231.100055888,3987.193738752,288.746177184,288.70347398399997
2021-10-23,14.091895295999999,1908.355147776,829.79206272,2.0,10313.741935483871,67.33877313699855,36.1608848826808,12.7,70.0,2.361111111111111,4.138888888888889,0.3255681544571567,0.9455185755993168,0.0,29.64705882352941,16.27,5548.0,1.3225806451612903,0.0,,10313.741935483871,0.9997616680908452,0.0002383319091548518,0.0,0.0,0.0,0.0,1,여수,10,5,2021,autumn,0,356.54913345599994,287.58311251200007,3750.1349470560003,3729.7069784640007,290.22595977599997,268.03716048
2021-10-24,0.9059508000000001,1870.04130048,285.77678976000004,2.0,10313.741935483871,67.33877313699855,36.1608848826808,14.2,71.0,1.972222222222222,3.5277777777777777,0.573576436351046,0.8191520442889918,0.0,36.0,12.47,5548.0,1.3225806451612903,0.0,,10313.741935483871,0.9997616680908452,0.0002383319091548518,0.0,0.0,0.0,0.0,1,여수,10,6,2021,autumn,0,14.091895295999999,315.153864576,1908.355147776,3513.621587328,829.79206272,269.65203264
2021-10-25,24.90544368,1903.4825545439999,294.81789369600006,2.0,10313.741935483871,67.33877313699855,36.1608848826808,14.6,72.0,1.8055555555555556,3.0,0.1218693434051474,0.992546151641322,0.0,39.87692307692308,15.49,5548.0,1.3225806451612903,0.0,,10313.741935483871,0.9997616680908452,0.0002383319091548518,0.0,0.0,0.0,0.0,1,여수,10,0,2021,autumn,0,0.9059508000000001,310.433085936,1870.04130048,3454.2770424480004,285.77678976000004,267.66427939199997
2021-10-26,118.14798499200002,2291.703672816,320.87186827200003,2.0,10313.741935483871,67.33877313699855,36.1608848826808,13.7,71.0,1.6388888888888888,2.5,-0.1908089953765446,0.981627183447664,0.0,43.32203389830509,15.77,5548.0,1.3225806451612903,0.0,,10313.741935483871,0.9997616680908452,0.0002383319091548518,0.0,0.0,0.0,0.0,1,여수,10,1,2021,autumn,0,24.90544368,119.64875155200002,1903.4825545439999,3993.252566688,294.81789369600006,290.712270816
2021-10-27,212.72969088,2328.8670102240003,217.43025307200003,2.0,10313.741935483871,67.33877313699855,36.1608848826808,15.0,70.0,2.6666666666666665,3.9166666666666665,-0.7431448254773946,0.6691306063588578,0.0,26.25,15.38,5548.0,1.3225806451612903,0.0,,10313.741935483871,0.9997616680908452,0.0002383319091548518,0.0,0.0,0.0,0.0,1,여수,10,2,2021,autumn,0,118.14798499200002,107.83513641600001,2291.703672816,4336.999297488001,320.87186827200003,293.667711696
2021-10-28,185.27367312,2266.88114088,161.24583081600002,2.0,10313.741935483871,67.33877313699855,36.1608848826808,13.8,67.0,2.25,3.138888888888889,0.3255681544571567,0.9455185755993168,0.0,29.77777777777778,15.7,5548.0,1.3225806451612903,0.0,,10313.741935483871,0.9997616680908452,0.0002383319091548518,0.0,0.0,0.0,0.0,1,여수,10,3,2021,autumn,0,212.72969088,241.821976464,2328.8670102240003,4231.100055888,217.43025307200003,288.746177184
2021-10-29,11.951645904000001,2264.29623216,160.52016513599997,2.0,10313.741935483871,67.33877313699855,36.1608848826808,14.8,67.0,3.75,5.472222222222222,0.7986355100472928,0.6018150231520483,0.0,17.866666666666667,14.92,5548.0,1.3225806451612903,0.0,,10313.741935483871,0.9997616680908452,0.0002383319091548518,0.0,0.0,0.0,0.0,1,여수,10,4,2021,autumn,0,185.27367312,356.54913345599994,2266.88114088,3750.1349470560003,161.24583081600002,290.22595977599997
2021-10-30,56.68147584,1952.6825473920003,144.65306016,2.0,10313.741935483871,67.33877313699855,36.1608848826808,13.9,73.0,2.7777777777777777,3.8055555555555554,0.6156614753256583,0.7880107536067219,0.0,26.28,7.34,5548.0,1.3225806451612903,0.0,,10313.741935483871,0.9997616680908452,0.0002383319091548518,0.0,0.0,0.0,0.0,1,여수,10,5,2021,autumn,0,11.951645904000001,14.091895295999999,2264.29623216,1908.355147776,160.52016513599997,829.79206272
2021-10-31,22.220426592000003,1953.4677719039998,143.957246112,2.0,10313.741935483871,67.33877313699855,36.1608848826808,14.7,73.0,1.8888888888888888,3.138888888888889,0.0523359562429438,0.9986295347545738,0.0,38.64705882352941,14.63,5548.0,1.3225806451612903,0.0,,10313.741935483871,0.9997616680908452,0.0002383319091548518,0.0,0.0,0.0,0.0,1,여수,10,6,2021,autumn,0,56.68147584,0.9059508000000001,1952.6825473920003,1870.04130048,144.65306016,285.77678976000004
2021-11-01,19.102541472,1892.0672134560002,141.93742348799998,2.0,9213.733333333334,59.130859224635685,36.150213087709645,15.2,70.0,2.5833333333333335,4.333333333333333,-0.6691306063588581,0.7431448254773944,0.0,27.096774193548384,13.78,4870.433333333333,19.033333333333335,0.0,,9213.733333333334,0.9961072782307545,0.003892721769245453,0.0,0.0,0.0,0.0,1,여수,11,0,2021,autumn,0,22.220426592000003,24.90544368,1953.4677719039998,1903.4825545439999,143.957246112,294.81789369600006
2021-11-02,68.393649888,1916.951183568,229.66021022400002,2.0,9213.733333333334,59.130859224635685,36.150213087709645,13.4,70.0,2.888888888888889,3.7777777777777777,-0.6156614753256582,0.7880107536067221,0.0,24.23076923076923,14.36,4870.433333333333,19.033333333333335,0.0,,9213.733333333334,0.9961072782307545,0.003892721769245453,0.0,0.0,0.0,0.0,1,여수,11,1,2021,autumn,0,19.102541472,118.14798499200002,1892.0672134560002,2291.703672816,141.93742348799998,320.87186827200003
2021-11-03,185.34884975999998,2819.577696048,649.5217420319999,2.0,9213.733333333334,59.130859224635685,36.150213087709645,13.0,66.0,2.5277777777777777,3.3888888888888884,-0.6156614753256582,0.7880107536067221,0.0,26.10989010989011,14.57,4870.433333333333,19.033333333333335,0.0,,9213.733333333334,0.9961072782307545,0.003892721769245453,0.0,0.0,0.0,0.0,1,여수,11,2,2021,autumn,0,68.393649888,212.72969088,1916.951183568,2328.8670102240003,229.66021022400002,217.43025307200003
2021-11-04,528.114251664,4120.739404272001,292.843207296,2.0,9213.733333333334,59.130859224635685,36.150213087709645,13.8,70.0,2.1666666666666665,3.0277777777777777,-0.7771459614569708,0.6293203910498375,0.0,32.30769230769231,14.01,4870.433333333333,19.033333333333335,0.0,,9213.733333333334,0.9961072782307545,0.003892721769245453,0.0,0.0,0.0,0.0,1,여수,11,3,2021,autumn,0,185.34884975999998,185.27367312,2819.577696048,2266.88114088,649.5217420319999,161.24583081600002
2021-11-05,438.6961857600001,4022.8108941600003,288.27498168000005,2.0,9213.733333333334,59.130859224635685,36.150213087709645,14.3,70.0,2.5277777777777777,4.027777777777778,0.766044443118978,0.6427876096865394,0.0,27.692307692307693,11.88,4870.433333333333,19.033333333333335,0.0,,9213.733333333334,0.9961072782307545,0.003892721769245453,0.0,0.0,0.0,0.0,1,여수,11,4,2021,autumn,0,528.114251664,11.951645904000001,4120.739404272001,2264.29623216,292.843207296,160.52016513599997
2021-11-06,493.41000355200003,3872.6519549759996,282.089883456,2.0,9213.733333333334,59.130859224635685,36.150213087709645,15.4,65.0,4.694444444444444,6.583333333333333,0.8571673007021123,0.5150380749100542,0.0,13.846153846153848,13.36,4870.433333333333,19.033333333333335,0.0,,9213.733333333334,0.9961072782307545,0.003892721769245453,0.0,0.0,0.0,0.0,1,여수,11,5,2021,autumn,0,438.6961857600001,56.68147584,4022.8108941600003,1952.6825473920003,288.27498168000005,144.65306016
2021-11-07,403.04807136,3803.522904864,276.598295136,2.0,9213.733333333334,59.130859224635685,36.150213087709645,15.7,69.0,5.027777777777778,7.916666666666666,0.8571673007021123,0.5150380749100542,0.0,13.723756906077348,13.26,4870.433333333333,19.033333333333335,0.0,,9213.733333333334,0.9961072782307545,0.003892721769245453,0.0,0.0,0.0,0.0,1,여수,11,6,2021,autumn,0,493.41000355200003,22.220426592000003,3872.6519549759996,1953.4677719039998,282.089883456,143.957246112
2021-11-08,369.501864768,3887.901639648,269.931113136,2.0,9213.733333333334,59.130859224635685,36.150213087709645,13.2,75.0,6.222222222222221,9.166666666666666,-0.9902680687415704,0.1391731009600654,21.4,12.05357142857143,3.74,4870.433333333333,19.033333333333335,0.0,,9213.733333333334,0.9961072782307545,0.003892721769245453,0.0,0.0,0.0,0.0,1,여수,11,0,2021,autumn,0,403.04807136,19.102541472,3803.522904864,1892.0672134560002,276.598295136,141.93742348799998
2021-11-09,404.6787828,4053.6468072,270.57593822399997,2.0,9213.733333333334,59.130859224635685,36.150213087709645,9.8,64.0,6.222222222222221,8.694444444444445,-0.9781476007338056,0.2079116908177594,0.1,10.285714285714286,11.18,4870.433333333333,19.033333333333335,0.0,,9213.733333333334,0.9961072782307545,0.003892721769245453,0.0,0.0,0.0,0.0,1,여수,11,1,2021,autumn,0,369.501864768,68.393649888,3887.901639648,1916.951183568,269.931113136,229.66021022400002
2021-11-10,381.602383488,3971.375672832,273.30083136,2.0,9213.733333333334,59.130859224635685,36.150213087709645,9.4,71.0,6.083333333333333,7.555555555555555,-0.9781476007338056,0.2079116908177594,0.4,11.67123287671233,11.57,4870.433333333333,19.033333333333335,0.0,,9213.733333333334,0.9961072782307545,0.003892721769245453,0.0,0.0,0.0,0.0,1,여수,11,2,2021,autumn,0,404.6787828,185.34884975999998,4053.6468072,2819.577696048,270.57593822399997,649.5217420319999
2021-11-11,254.640528288,3868.030270368,272.66916009600004,2.0,9213.733333333334,59.130859224635685,36.150213087709645,9.9,71.0,4.972222222222221,6.916666666666666,-0.9510565162951536,0.3090169943749472,0.3,14.27932960893855,11.07,4870.433333333333,19.033333333333335,0.0,,9213.733333333334,0.9961072782307545,0.003892721769245453,0.0,0.0,0.0,0.0,1,여수,11,3,2021,autumn,0,381.602383488,528.114251664,3971.375672832,4120.739404272001,273.30083136,292.843207296
2021-11-12,439.353538992,4214.21881896,317.08832140799996,2.0,9213.733333333334,59.130859224635685,36.150213087709645,8.3,68.0,4.527777777777778,6.499999999999999,-0.8829475928589271,0.4694715627858904,0.0,15.01840490797546,11.01,4870.433333333333,19.033333333333335,0.0,,9213.733333333334,0.9961072782307545,0.003892721769245453,0.0,0.0,0.0,0.0,1,여수,11,4,2021,autumn,0,254.640528288,438.6961857600001,3868.030270368,4022.8108941600003,272.66916009600004,288.27498168000005
2021-11-13,150.653304,2156.925353184,685.1074026239999,2.0,9213.733333333334,59.130859224635685,36.150213087709645,10.0,71.0,2.361111111111111,5.111111111111111,-0.9986295347545738,-0.0523359562429443,0.0,30.070588235294117,10.93,4870.433333333333,19.033333333333335,0.0,,9213.733333333334,0.9961072782307545,0.003892721769245453,0.0,0.0,0.0,0.0,1,여수,11,5,2021,autumn,0,439.353538992,493.41000355200003,4214.21881896,3872.6519549759996,317.08832140799996,282.089883456
2021-11-14,48.769435008,1918.348170624,354.52703592,2.0,9213.733333333334,59.130859224635685,36.150213087709645,12.0,71.0,2.0277777777777777,4.5,-0.9961946980917455,0.0871557427476578,0.0,35.013698630136986,12.12,4870.433333333333,19.033333333333335,0.0,,9213.733333333334,0.9961072782307545,0.003892721769245453,0.0,0.0,0.0,0.0,1,여수,11,6,2021,autumn,0,150.653304,403.04807136,2156.925353184,3803.522904864,685.1074026239999,276.598295136
2021-11-15,94.902941952,2159.286907968,467.86451904,2.0,9213.733333333334,59.130859224635685,36.150213087709645,11.1,75.0,1.777777777777778,2.6666666666666665,-0.9612616959383188,0.2756373558169994,0.0,42.1875,12.45,4870.433333333333,19.033333333333335,0.0,,9213.733333333334,0.9961072782307545,0.003892721769245453,0.0,0.0,0.0,0.0,1,여수,11,0,2021,autumn,0,48.769435008,369.501864768,1918.348170624,3887.901639648,354.52703592,269.931113136
2021-11-16,79.15757169599999,2327.406669792,478.972757376,2.0,9213.733333333334,59.130859224635685,36.150213087709645,10.7,70.0,1.8055555555555556,3.138888888888889,-0.4848096202463369,0.8746197071393959,0.0,38.76923076923077,11.89,4870.433333333333,19.033333333333335,0.0,,9213.733333333334,0.9961072782307545,0.003892721769245453,0.0,0.0,0.0,0.0,1,여수,11,1,2021,autumn,0,94.902941952,404.6787828,2159.286907968,4053.6468072,467.86451904,270.57593822399997
2021-11-17,22.52721888,2351.95831512,254.591344512,2.0,9213.733333333334,59.130859224635685,36.150213087709645,9.7,68.0,2.0277777777777777,3.888888888888889,-0.544639035015027,0.838670567945424,0.0,33.534246575342465,12.76,4870.433333333333,19.033333333333335,0.0,,9213.733333333334,0.9961072782307545,0.003892721769245453,0.0,0.0,0.0,0.0,1,여수,11,2,2021,autumn,0,79.15757169599999,381.602383488,2327.406669792,3971.375672832,478.972757376,273.30083136
2021-11-18,52.546847615999994,2552.237622576,188.80361308800002,2.0,9213.733333333334,59.130859224635685,36.150213087709645,10.7,72.0,1.8055555555555556,2.5,-0.9612616959383188,0.2756373558169994,0.0,39.87692307692308,12.55,4870.433333333333,19.033333333333335,0.0,,9213.733333333334,0.9961072782307545,0.003892721769245453,0.0,0.0,0.0,0.0,1,여수,11,3,2021,autumn,0,22.52721888,254.640528288,2351.95831512,3868.030270368,254.591344512,272.66916009600004
2021-11-19,51.05812032000001,2667.855207888,198.25527038400003,2.0,9213.733333333334,59.130859224635685,36.150213087709645,10.6,82.0,2.2777777777777777,3.611111111111111,-0.8571673007021123,0.5150380749100542,0.0,36.0,12.45,4870.433333333333,19.033333333333335,0.0,,9213.733333333334,0.9961072782307545,0.003892721769245453,0.0,0.0,0.0,0.0,1,여수,11,4,2021,autumn,0,52.546847615999994,439.353538992,2552.237622576,4214.21881896,188.80361308800002,317.08832140799996
2021-11-20,30.825393696000003,2388.6712177919994,175.246020864,2.0,9213.733333333334,59.130859224635685,36.150213087709645,12.0,76.0,1.6388888888888888,2.7777777777777777,0.2079116908177593,0.9781476007338056,0.0,46.37288135593221,12.37,4870.433333333333,19.033333333333335,0.0,,9213.733333333334,0.9961072782307545,0.003892721769245453,0.0,0.0,0.0,0.0,1,여수,11,5,2021,autumn,0,51.05812032000001,150.653304,2667.855207888,2156.925353184,198.25527038400003,685.1074026239999
2021-11-21,4.66034184,1947.7680202079998,154.110316752,2.0,9213.733333333334,59.130859224635685,36.150213087709645,12.7,85.0,1.5555555555555554,2.611111111111111,0.7193398003386511,0.6946583704589973,0.0,54.64285714285715,5.76,4870.433333333333,19.033333333333335,0.0,,9213.733333333334,0.9961072782307545,0.003892721769245453,0.0,0.0,0.0,0.0,1,여수,11,6,2021,autumn,0,30.825393696000003,48.769435008,2388.6712177919994,1918.348170624,175.246020864,354.52703592
2021-11-22,187.34252688,2308.7335654080002,189.210079728,2.0,9213.733333333334,59.130859224635685,36.150213087709645,9.1,66.0,6.888888888888889,10.388888888888888,-0.7880107536067218,0.6156614753256585,0.2,9.580645161290322,7.78,4870.433333333333,19.033333333333335,0.0,,9213.733333333334,0.9961072782307545,0.003892721769245453,0.0,0.0,0.0,0.0,1,여수,11,0,2021,autumn,0,4.66034184,94.902941952,1947.7680202079998,2159.286907968,154.110316752,467.86451904
2021-11-23,86.97458073600002,2643.7714467840005,204.64607232000003,2.0,9213.733333333334,59.130859224635685,36.150213087709645,5.7,67.0,5.833333333333333,8.916666666666666,-0.898794046299167,0.4383711467890774,0.0,11.485714285714286,9.26,4870.433333333333,19.033333333333335,0.0,,9213.733333333334,0.9961072782307545,0.003892721769245453,0.0,0.0,0.0,0.0,1,여수,11,1,2021,autumn,0,187.34252688,79.15757169599999,2308.7335654080002,2327.406669792,189.210079728,478.972757376
2021-11-24,28.580397839999996,2046.9478039199998,172.46791799999997,2.0,9213.733333333334,59.130859224635685,36.150213087709645,9.1,63.0,4.75,7.416666666666666,-0.9993908270190958,0.0348994967025012,0.0,13.263157894736842,9.52,4870.433333333333,19.033333333333335,0.0,,9213.733333333334,0.9961072782307545,0.003892721769245453,0.0,0.0,0.0,0.0,1,여수,11,2,2021,autumn,0,86.97458073600002,22.52721888,2643.7714467840005,2351.95831512,204.64607232000003,254.591344512
2021-11-25,89.233002,2088.453294,177.463386,2.0,9213.733333333334,59.130859224635685,36.150213087709645,11.2,65.0,4.222222222222222,6.777777777777777,-0.9993908270190958,-0.0348994967025007,0.1,15.394736842105262,11.51,4870.433333333333,19.033333333333335,0.0,,9213.733333333334,0.9961072782307545,0.003892721769245453,0.0,0.0,0.0,0.0,1,여수,11,3,2021,autumn,0,28.580397839999996,52.546847615999994,2046.9478039199998,2552.237622576,172.46791799999997,188.80361308800002
2021-11-26,22.07067912,2181.84427872,186.02429544000003,2.0,9213.733333333334,59.130859224635685,36.150213087709645,8.5,56.0,3.611111111111111,4.972222222222221,-0.7431448254773946,0.6691306063588578,0.0,15.507692307692308,12.13,4870.433333333333,19.033333333333335,0.0,,9213.733333333334,0.9961072782307545,0.003892721769245453,0.0,0.0,0.0,0.0,1,여수,11,4,2021,autumn,0,89.233002,51.05812032000001,2088.453294,2667.855207888,177.463386,198.25527038400003
2021-11-27,45.44627328,2364.3423673919997,199.96360243200002,2.0,9213.733333333334,59.130859224635685,36.150213087709645,6.9,70.0,2.1944444444444446,4.0,0.2588190451025207,0.9659258262890684,0.0,31.898734177215182,11.96,4870.433333333333,19.033333333333335,0.0,,9213.733333333334,0.9961072782307545,0.003892721769245453,0.0,0.0,0.0,0.0,1,여수,11,5,2021,autumn,0,22.07067912,30.825393696000003,2181.84427872,2388.6712177919994,186.02429544000003,175.246020864
2021-11-28,57.139349184000004,2637.0348698880002,190.823864256,2.0,9213.733333333334,59.130859224635685,36.150213087709645,8.5,67.0,1.7222222222222223,2.611111111111111,0.7431448254773942,0.6691306063588582,0.0,38.90322580645161,11.21,4870.433333333333,19.033333333333335,0.0,,9213.733333333334,0.9961072782307545,0.003892721769245453,0.0,0.0,0.0,0.0,1,여수,11,6,2021,autumn,0,45.44627328,4.66034184,2364.3423673919997,1947.7680202079998,199.96360243200002,154.110316752
2021-11-29,39.06529559999999,2896.1109684,186.87992760000003,2.0,9213.733333333334,59.130859224635685,36.150213087709645,8.5,78.0,1.25,2.305555555555556,0.9781476007338056,0.2079116908177594,0.0,62.4,10.88,4870.433333333333,19.033333333333335,0.0,,9213.733333333334,0.9961072782307545,0.003892721769245453,0.0,0.0,0.0,0.0,1,여수,11,0,2021,autumn,0,57.139349184000004,187.34252688,2637.0348698880002,2308.7335654080002,190.823864256,189.210079728
2021-11-30,27.029800512,2171.740510368,184.010565024,2.0,9213.733333333334,59.130859224635685,36.150213087709645,10.3,85.0,5.416666666666667,10.472222222222223,-0.981627183447664,0.1908089953765451,27.1,15.692307692307692,2.68,4870.433333333333,19.033333333333335,0.0,,9213.733333333334,0.9961072782307545,0.003892721769245453,0.0,0.0,0.0,0.0,1,여수,11,1,2021,autumn,0,39.06529559999999,86.97458073600002,2896.1109684,2643.7714467840005,186.87992760000003,204.64607232000003
2021-12-01,199.834026336,4337.607789648,264.45757363200005,2.0,10562.838709677419,66.26355690063765,36.53761104053163,4.1,58.0,7.277777777777778,9.222222222222223,-0.7431448254773946,0.6691306063588578,0.0,7.969465648854962,8.37,5711.645161290323,23.967741935483872,0.0,,10562.838709677419,0.9958212413668984,0.0041787586331016174,0.0,0.0,0.0,0.0,1,여수,12,2,2021,winter,1,27.029800512,28.580397839999996,2171.740510368,2046.9478039199998,184.010565024,172.46791799999997
2021-12-02,135.70746984,4279.212642672001,262.879026912,2.0,10562.838709677419,66.26355690063765,36.53761104053163,3.8,65.0,3.4722222222222223,6.388888888888888,-0.9063077870366498,0.4226182617406996,0.0,18.72,9.4,5711.645161290323,23.967741935483872,0.0,,10562.838709677419,0.9958212413668984,0.0041787586331016174,0.0,0.0,0.0,0.0,1,여수,12,3,2021,winter,1,199.834026336,89.233002,4337.607789648,2088.453294,264.45757363200005,177.463386
2021-12-03,83.18034187200001,4173.470721792,265.864643568,2.0,10562.838709677419,66.26355690063765,36.53761104053163,7.0,67.0,4.722222222222222,6.722222222222221,-0.9063077870366498,0.4226182617406996,0.0,14.188235294117646,10.57,5711.645161290323,23.967741935483872,0.0,,10562.838709677419,0.9958212413668984,0.0041787586331016174,0.0,0.0,0.0,0.0,1,여수,12,4,2021,winter,1,135.70746984,22.07067912,4279.212642672001,2181.84427872,262.879026912,186.02429544000003
2021-12-04,48.226740768000006,4030.78824936,263.551759344,2.0,10562.838709677419,66.26355690063765,36.53761104053163,5.8,61.0,3.4722222222222223,5.944444444444444,-0.8480480961564262,0.5299192642332047,0.0,17.567999999999998,10.83,5711.645161290323,23.967741935483872,0.0,,10562.838709677419,0.9958212413668984,0.0041787586331016174,0.0,0.0,0.0,0.0,1,여수,12,5,2021,winter,1,83.18034187200001,45.44627328,4173.470721792,2364.3423673919997,265.864643568,199.96360243200002
2021-12-05,64.886024592,3912.2654785920004,255.00902025599999,2.0,10562.838709677419,66.26355690063765,36.53761104053163,5.9,76.0,2.2777777777777777,3.555555555555556,0.4999999999999999,0.8660254037844387,0.0,33.36585365853659,9.12,5711.645161290323,23.967741935483872,0.0,,10562.838709677419,0.9958212413668984,0.0041787586331016174,0.0,0.0,0.0,0.0,1,여수,12,6,2021,winter,1,48.226740768000006,57.139349184000004,4030.78824936,2637.0348698880002,263.551759344,190.823864256
2021-12-06,131.854489344,4455.737983583999,278.72811532800006,2.0,10562.838709677419,66.26355690063765,36.53761104053163,9.1,77.0,2.055555555555556,2.972222222222222,0.4226182617406994,0.90630778703665,0.0,37.45945945945945,10.95,5711.645161290323,23.967741935483872,0.0,,10562.838709677419,0.9958212413668984,0.0041787586331016174,0.0,0.0,0.0,0.0,1,여수,12,0,2021,winter,1,64.886024592,39.06529559999999,3912.2654785920004,2896.1109684,255.00902025599999,186.87992760000003
2021-12-07,74.32010496,4406.270719103999,282.18406752,2.0,10562.838709677419,66.26355690063765,36.53761104053163,8.6,74.0,2.0833333333333335,3.888888888888889,0.1391731009600654,0.9902680687415704,0.0,35.519999999999996,11.18,5711.645161290323,23.967741935483872,0.0,,10562.838709677419,0.9958212413668984,0.0041787586331016174,0.0,0.0,0.0,0.0,1,여수,12,1,2021,winter,1,131.854489344,27.029800512,4455.737983583999,2171.740510368,278.72811532800006,184.010565024
2021-12-08,87.78837283200001,4696.797719807999,304.30347768,2.0,10562.838709677419,66.26355690063765,36.53761104053163,8.3,73.0,3.0,4.638888888888888,0.6560590289905073,0.754709580222772,0.0,24.333333333333332,11.21,5711.645161290323,23.967741935483872,0.0,,10562.838709677419,0.9958212413668984,0.0041787586331016174,0.0,0.0,0.0,0.0,1,여수,12,2,2021,winter,1,74.32010496,199.834026336,4406.270719103999,4337.607789648,282.18406752,264.45757363200005
2021-12-09,122.39161171200001,4773.971289168,308.105984448,2.0,10562.838709677419,66.26355690063765,36.53761104053163,8.9,76.0,3.416666666666667,4.083333333333333,0.6819983600624985,0.7313537016191705,0.0,22.24390243902439,8.28,5711.645161290323,23.967741935483872,0.0,,10562.838709677419,0.9958212413668984,0.0041787586331016174,0.0,0.0,0.0,0.0,1,여수,12,3,2021,winter,1,87.78837283200001,135.70746984,4696.797719807999,4279.212642672001,304.30347768,262.879026912
2021-12-10,150.800523984,4505.35913784,303.263519328,2.0,10562.838709677419,66.26355690063765,36.53761104053163,9.9,82.0,2.2777777777777777,3.9722222222222223,-0.544639035015027,0.838670567945424,0.0,36.0,9.88,5711.645161290323,23.967741935483872,0.0,,10562.838709677419,0.9958212413668984,0.0041787586331016174,0.0,0.0,0.0,0.0,1,여수,12,4,2021,winter,1,122.39161171200001,83.18034187200001,4773.971289168,4173.470721792,308.105984448,265.864643568
2021-12-11,80.974630656,2240.3825314560004,1788.7547376000002,2.0,10562.838709677419,66.26355690063765,36.53761104053163,8.6,81.0,1.972222222222222,3.138888888888889,-0.7986355100472932,0.6018150231520479,0.0,41.07042253521127,10.6,5711.645161290323,23.967741935483872,0.0,,10562.838709677419,0.9958212413668984,0.0041787586331016174,0.0,0.0,0.0,0.0,1,여수,12,5,2021,winter,1,150.800523984,48.226740768000006,4505.35913784,4030.78824936,303.263519328,263.551759344
2021-12-12,22.644422928,2027.3816027519997,303.863223312,2.0,10562.838709677419,66.26355690063765,36.53761104053163,7.3,66.0,5.972222222222222,7.555555555555555,-0.7547095802227722,0.656059028990507,0.0,11.051162790697674,5.66,5711.645161290323,23.967741935483872,0.0,,10562.838709677419,0.9958212413668984,0.0041787586331016174,0.0,0.0,0.0,0.0,1,여수,12,6,2021,winter,1,80.974630656,64.886024592,2240.3825314560004,3912.2654785920004,1788.7547376000002,255.00902025599999
2021-12-13,10.153030176,3624.9421963679997,339.745588416,2.0,10562.838709677419,66.26355690063765,36.53761104053163,1.3,52.0,4.166666666666667,7.083333333333333,-0.6946583704589976,0.7193398003386509,0.0,12.48,11.6,5711.645161290323,23.967741935483872,0.0,,10562.838709677419,0.9958212413668984,0.0041787586331016174,0.0,0.0,0.0,0.0,1,여수,12,0,2021,winter,1,22.644422928,131.854489344,2027.3816027519997,4455.737983583999,303.863223312,278.72811532800006
2021-12-14,1.9463538239999998,4090.734542016,287.47650600000003,2.0,10562.838709677419,66.26355690063765,36.53761104053163,3.3,67.0,2.5277777777777777,6.138888888888889,-0.9612616959383188,0.2756373558169994,0.0,26.505494505494507,10.08,5711.645161290323,23.967741935483872,0.0,,10562.838709677419,0.9958212413668984,0.0041787586331016174,0.0,0.0,0.0,0.0,1,여수,12,1,2021,winter,1,10.153030176,74.32010496,3624.9421963679997,4406.270719103999,339.745588416,282.18406752
2021-12-15,5.942503871999999,4295.2716285120005,307.27963742400004,2.0,10562.838709677419,66.26355690063765,36.53761104053163,7.1,80.0,1.472222222222222,2.8055555555555554,-0.9702957262759964,-0.2419218955996677,0.0,54.33962264150944,6.12,5711.645161290323,23.967741935483872,0.0,,10562.838709677419,0.9958212413668984,0.0041787586331016174,0.0,0.0,0.0,0.0,1,여수,12,2,2021,winter,1,1.9463538239999998,87.78837283200001,4090.734542016,4696.797719807999,287.47650600000003,304.30347768
2021-12-16,0.9876957120000001,4342.863439152,307.47713083199994,2.0,10562.838709677419,66.26355690063765,36.53761104053163,6.9,91.0,1.6944444444444442,4.888888888888889,-0.7313537016191703,0.6819983600624987,1.7,53.70491803278689,2.62,5711.645161290323,23.967741935483872,0.0,,10562.838709677419,0.9958212413668984,0.0041787586331016174,0.0,0.0,0.0,0.0,1,여수,12,3,2021,winter,1,5.942503871999999,122.39161171200001,4295.2716285120005,4773.971289168,307.27963742400004,308.105984448
2021-12-17,0.0,4179.227129999999,301.894710048,2.0,10562.838709677419,66.26355690063765,36.53761104053163,2.4,57.0,7.694444444444444,9.694444444444445,-0.7431448254773946,0.6691306063588578,0.0,7.4079422382671485,10.65,5711.645161290323,23.967741935483872,0.0,,10562.838709677419,0.9958212413668984,0.0041787586331016174,0.0,0.0,0.0,0.0,1,여수,12,4,2021,winter,1,0.9876957120000001,150.800523984,4342.863439152,4505.35913784,307.47713083199994,303.263519328
2021-12-18,2.8875644639999996,2236.202327376,1831.080043296,2.0,10562.838709677419,66.26355690063765,36.53761104053163,-1.3,53.0,4.222222222222222,6.25,-0.8290375725550416,0.559192903470747,0.0,12.552631578947368,11.17,5711.645161290323,23.967741935483872,0.0,,10562.838709677419,0.9958212413668984,0.0041787586331016174,0.0,0.0,0.0,0.0,1,여수,12,5,2021,winter,1,0.0,80.974630656,4179.227129999999,2240.3825314560004,301.894710048,1788.7547376000002
2021-12-19,0.025311168000000002,1927.5348663359998,214.24857364800002,2.0,10562.838709677419,66.26355690063765,36.53761104053163,3.8,64.0,4.638888888888888,7.416666666666666,-0.9135454576426012,0.4067366430757997,0.0,13.796407185628745,9.12,5711.645161290323,23.967741935483872,0.0,,10562.838709677419,0.9958212413668984,0.0041787586331016174,0.0,0.0,0.0,0.0,1,여수,12,6,2021,winter,1,2.8875644639999996,22.644422928,2236.202327376,2027.3816027519997,1831.080043296,303.863223312
2021-12-20,54.052000127999996,3389.0728960799997,362.26796976,2.0,10562.838709677419,66.26355690063765,36.53761104053163,7.1,68.0,2.8055555555555554,4.944444444444445,-0.9205048534524404,-0.3907311284892738,0.0,24.23762376237624,10.46,5711.645161290323,23.967741935483872,0.0,,10562.838709677419,0.9958212413668984,0.0041787586331016174,0.0,0.0,0.0,0.0,1,여수,12,0,2021,winter,1,0.025311168000000002,10.153030176,1927.5348663359998,3624.9421963679997,214.24857364800002,339.745588416
2021-12-21,0.0,4315.398953472,299.780600688,2.0,10562.838709677419,66.26355690063765,36.53761104053163,8.1,78.0,2.944444444444444,4.916666666666666,-0.9961946980917455,0.0871557427476578,0.0,26.490566037735853,10.77,5711.645161290323,23.967741935483872,0.0,,10562.838709677419,0.9958212413668984,0.0041787586331016174,0.0,0.0,0.0,0.0,1,여수,12,1,2021,winter,1,54.052000127999996,1.9463538239999998,3389.0728960799997,4090.734542016,362.26796976,287.47650600000003
2021-12-22,114.925803984,4258.682008272,293.86525219199996,2.0,10562.838709677419,66.26355690063765,36.53761104053163,5.9,74.0,1.4444444444444444,2.5555555555555554,-0.0697564737441256,0.9975640502598242,0.0,51.23076923076923,11.08,5711.645161290323,23.967741935483872,0.0,,10562.838709677419,0.9958212413668984,0.0041787586331016174,0.0,0.0,0.0,0.0,1,여수,12,2,2021,winter,1,0.0,5.942503871999999,4315.398953472,4295.2716285120005,299.780600688,307.27963742400004
2021-12-23,334.07271576,4227.60866904,299.7634428,2.0,10562.838709677419,66.26355690063765,36.53761104053163,5.4,67.0,1.6666666666666663,2.4722222222222223,0.4999999999999999,0.8660254037844387,0.0,40.2,11.2,5711.645161290323,23.967741935483872,0.0,,10562.838709677419,0.9958212413668984,0.0041787586331016174,0.0,0.0,0.0,0.0,1,여수,12,3,2021,winter,1,114.925803984,0.9876957120000001,4258.682008272,4342.863439152,293.86525219199996,307.47713083199994
2021-12-24,245.94743462400004,4259.523006144,310.54564209600005,2.0,10562.838709677419,66.26355690063765,36.53761104053163,5.2,67.0,3.333333333333333,6.861111111111111,-0.2249510543438653,0.9743700647852352,0.0,20.1,6.98,5711.645161290323,23.967741935483872,0.0,,10562.838709677419,0.9958212413668984,0.0041787586331016174,0.0,0.0,0.0,0.0,1,여수,12,4,2021,winter,1,334.07271576,0.0,4227.60866904,4179.227129999999,299.7634428,301.894710048
2021-12-25,41.970528863999995,2642.309166096,3908.2374689759995,2.0,10562.838709677419,66.26355690063765,36.53761104053163,-2.9,48.0,7.583333333333333,8.555555555555555,-0.6819983600624984,0.7313537016191707,0.0,6.32967032967033,11.52,5711.645161290323,23.967741935483872,0.0,,10562.838709677419,0.9958212413668984,0.0041787586331016174,0.0,0.0,0.0,0.0,1,여수,12,5,2021,winter,1,245.94743462400004,2.8875644639999996,4259.523006144,2236.202327376,310.54564209600005,1831.080043296
2021-12-26,14.572046016000003,2357.698197024,1776.535998336,2.0,10562.838709677419,66.26355690063765,36.53761104053163,-4.1,44.0,5.222222222222222,6.583333333333333,-0.6293203910498378,0.7771459614569706,0.0,8.425531914893616,11.48,5711.645161290323,23.967741935483872,0.0,,10562.838709677419,0.9958212413668984,0.0041787586331016174,0.0,0.0,0.0,0.0,1,여수,12,6,2021,winter,1,41.970528863999995,0.025311168000000002,2642.309166096,1927.5348663359998,3908.2374689759995,214.24857364800002
2021-12-27,223.89505228800004,5167.209860352,308.378875104,2.0,10562.838709677419,66.26355690063765,36.53761104053163,-1.4,57.0,4.833333333333333,7.194444444444444,-0.8386705679454243,0.5446390350150266,0.0,11.793103448275865,11.24,5711.645161290323,23.967741935483872,0.0,,10562.838709677419,0.9958212413668984,0.0041787586331016174,0.0,0.0,0.0,0.0,1,여수,12,0,2021,winter,1,14.572046016000003,54.052000127999996,2357.698197024,3389.0728960799997,1776.535998336,362.26796976
2021-12-28,238.212076032,5655.60835416,293.0762484,2.0,10562.838709677419,66.26355690063765,36.53761104053163,3.6,71.0,3.138888888888889,5.0,-0.9975640502598244,0.0697564737441252,0.0,22.61946902654867,10.32,5711.645161290323,23.967741935483872,0.0,,10562.838709677419,0.9958212413668984,0.0041787586331016174,0.0,0.0,0.0,0.0,1,여수,12,1,2021,winter,1,223.89505228800004,0.0,5167.209860352,4315.398953472,308.378875104,299.780600688
2021-12-29,435.47821776,5099.093608895999,303.268381776,2.0,10562.838709677419,66.26355690063765,36.53761104053163,5.1,68.0,3.8055555555555554,7.138888888888888,-0.9902680687415704,0.1391731009600654,0.0,17.868613138686133,9.24,5711.645161290323,23.967741935483872,0.0,,10562.838709677419,0.9958212413668984,0.0041787586331016174,0.0,0.0,0.0,0.0,1,여수,12,2,2021,winter,1,238.212076032,114.925803984,5655.60835416,4258.682008272,293.0762484,293.86525219199996
2021-12-30,522.131769936,4503.043366559999,296.082686304,2.0,10562.838709677419,66.26355690063765,36.53761104053163,2.3,59.0,6.944444444444445,7.833333333333333,-0.8746197071393956,0.4848096202463373,0.0,8.496,10.82,5711.645161290323,23.967741935483872,0.0,,10562.838709677419,0.9958212413668984,0.0041787586331016174,0.0,0.0,0.0,0.0,1,여수,12,3,2021,winter,1,435.47821776,334.07271576,5099.093608895999,4227.60866904,303.268381776,299.7634428
2021-12-31,367.3317575520001,2737.092668544,2459.4816206880005,2.0,10562.838709677419,66.26355690063765,36.53761104053163,-0.8,50.0,5.777777777777778,6.944444444444445,-0.7431448254773946,0.6691306063588578,0.0,8.653846153846153,11.37,5711.645161290323,23.967741935483872,0.0,,10562.838709677419,0.9958212413668984,0.0041787586331016174,0.0,0.0,0.0,0.0,1,여수,12,4,2021,winter,1,522.131769936,245.94743462400004,4503.043366559999,4259.523006144,296.082686304,310.54564209600005
2022-01-01,396.454136832,2025.0419984640005,381.406680576,2.0,9731.09677419355,60.73479102577702,36.356400233372234,0.1,56.0,1.8611111111111112,4.25,-0.5877852522924734,0.8090169943749473,0.0,30.089552238805968,11.3,5336.258064516129,29.387096774193548,0.0,5184.0,5184.0,0.9945231009709322,0.005476899029067846,0.0,0.0,0.0,0.0,1,여수,1,5,2022,winter,1,367.3317575520001,41.970528863999995,2737.092668544,2642.309166096,2459.4816206880005,3908.2374689759995
2022-01-02,206.03202912,2102.87018304,284.70516192,2.0,9731.09677419355,60.73479102577702,36.356400233372234,2.4,65.0,3.0277777777777777,5.611111111111111,-0.8660254037844386,0.5000000000000001,0.0,21.467889908256883,10.98,5336.258064516129,29.387096774193548,0.0,5274.0,5274.0,0.9945231009709322,0.005476899029067846,0.0,0.0,0.0,0.0,1,여수,1,6,2022,winter,1,396.454136832,14.572046016000003,2025.0419984640005,2357.698197024,381.406680576,1776.535998336
2022-01-03,263.49840993600003,3200.170501152,278.440905456,2.0,9731.09677419355,60.73479102577702,36.356400233372234,2.1,59.0,3.1666666666666665,4.611111111111112,-0.8290375725550416,0.559192903470747,0.0,18.63157894736842,11.78,5336.258064516129,29.387096774193548,0.0,9307.0,9307.0,0.9945231009709322,0.005476899029067846,0.0,0.0,0.0,0.0,1,여수,1,0,2022,winter,1,206.03202912,223.89505228800004,2102.87018304,5167.209860352,284.70516192,308.378875104
2022-01-04,516.0956191199999,4135.761772272,294.91641172799996,2.0,9731.09677419355,60.73479102577702,36.356400233372234,2.8,63.0,3.3611111111111107,5.583333333333334,-0.8746197071393956,0.4848096202463373,0.0,18.743801652892564,11.37,5336.258064516129,29.387096774193548,0.0,12149.0,12149.0,0.9945231009709322,0.005476899029067846,0.0,0.0,0.0,0.0,1,여수,1,1,2022,winter,1,263.49840993600003,238.212076032,3200.170501152,5655.60835416,278.440905456,293.0762484
2022-01-05,454.07439518399997,5109.851300976,338.516884368,2.0,9731.09677419355,60.73479102577702,36.356400233372234,2.3,63.0,3.333333333333333,4.111111111111112,0.4694715627858908,0.882947592858927,3.2,18.9,3.72,5336.258064516129,29.387096774193548,0.0,12897.0,12897.0,0.9945231009709322,0.005476899029067846,0.0,0.0,0.0,0.0,1,여수,1,2,2022,winter,1,516.0956191199999,435.47821776,4135.761772272,5099.093608895999,294.91641172799996,303.268381776
2022-01-06,308.476747008,4774.611087936,325.46992636799996,2.0,9731.09677419355,60.73479102577702,36.356400233372234,3.5,65.0,3.3611111111111107,5.527777777777778,-0.4383711467890778,0.8987940462991668,0.1,19.338842975206617,11.78,5336.258064516129,29.387096774193548,0.0,11957.0,11957.0,0.9945231009709322,0.005476899029067846,0.0,0.0,0.0,0.0,1,여수,1,3,2022,winter,1,454.07439518399997,522.131769936,5109.851300976,4503.043366559999,338.516884368,296.082686304
2022-01-07,330.98309827200006,2677.8103696799994,5064.448755168,2.0,9731.09677419355,60.73479102577702,36.356400233372234,1.4,61.0,1.8888888888888888,2.861111111111111,-0.5735764363510465,0.8191520442889916,0.0,32.294117647058826,11.96,5336.258064516129,29.387096774193548,0.0,8361.0,8361.0,0.9945231009709322,0.005476899029067846,0.0,0.0,0.0,0.0,1,여수,1,4,2022,winter,1,308.476747008,367.3317575520001,4774.611087936,2737.092668544,325.46992636799996,2459.4816206880005
2022-01-08,93.09976862399999,2148.7543404479998,308.82207168,2.0,9731.09677419355,60.73479102577702,36.356400233372234,2.1,61.0,2.833333333333333,4.833333333333333,-0.8571673007021123,0.5150380749100542,0.0,21.529411764705884,11.96,5336.258064516129,29.387096774193548,0.0,6285.0,6285.0,0.9945231009709322,0.005476899029067846,0.0,0.0,0.0,0.0,1,여수,1,5,2022,winter,1,330.98309827200006,396.454136832,2677.8103696799994,2025.0419984640005,5064.448755168,381.406680576
2022-01-09,63.519852096,1929.6291798720001,334.151917488,2.0,9731.09677419355,60.73479102577702,36.356400233372234,3.8,76.0,1.75,2.9166666666666665,-0.8660254037844386,0.5000000000000001,0.0,43.42857142857143,10.76,5336.258064516129,29.387096774193548,0.0,5905.0,5905.0,0.9945231009709322,0.005476899029067846,0.0,0.0,0.0,0.0,1,여수,1,6,2022,winter,1,93.09976862399999,206.03202912,2148.7543404479998,2102.87018304,308.82207168,284.70516192
2022-01-10,275.78773022400003,3375.1405615679996,646.273721808,2.0,9731.09677419355,60.73479102577702,36.356400233372234,3.7,77.0,2.111111111111111,4.305555555555555,-0.6560590289905074,0.7547095802227719,0.0,36.473684210526315,11.38,5336.258064516129,29.387096774193548,0.0,9838.0,9838.0,0.9945231009709322,0.005476899029067846,0.0,0.0,0.0,0.0,1,여수,1,0,2022,winter,1,63.519852096,263.49840993600003,1929.6291798720001,3200.170501152,334.151917488,278.440905456
2022-01-11,605.63283768,4697.909713008001,337.09204439999996,2.0,9731.09677419355,60.73479102577702,36.356400233372234,-0.2,59.0,7.361111111111111,9.0,-0.7547095802227722,0.656059028990507,0.0,8.015094339622642,12.03,5336.258064516129,29.387096774193548,0.0,12873.0,12873.0,0.9945231009709322,0.005476899029067846,0.0,0.0,0.0,0.0,1,여수,1,1,2022,winter,1,275.78773022400003,516.0956191199999,3375.1405615679996,4135.761772272,646.273721808,294.91641172799996
2022-01-12,497.171478384,4552.791909696,306.59262724800004,2.0,9731.09677419355,60.73479102577702,36.356400233372234,-2.1,55.0,6.527777777777778,7.472222222222221,-0.7547095802227722,0.656059028990507,0.0,8.425531914893616,12.37,5336.258064516129,29.387096774193548,0.0,12420.0,12420.0,0.9945231009709322,0.005476899029067846,0.0,0.0,0.0,0.0,1,여수,1,2,2022,winter,1,605.63283768,454.07439518399997,4697.909713008001,5109.851300976,337.09204439999996,338.516884368
2022-01-13,511.8214521599999,4636.9777392000005,314.10355968,2.0,9731.09677419355,60.73479102577702,36.356400233372234,-1.0,55.0,5.611111111111111,9.666666666666666,-0.7660444431189781,0.6427876096865393,0.0,9.801980198019802,10.97,5336.258064516129,29.387096774193548,0.0,12540.0,12540.0,0.9945231009709322,0.005476899029067846,0.0,0.0,0.0,0.0,1,여수,1,3,2022,winter,1,497.171478384,308.476747008,4552.791909696,4774.611087936,306.59262724800004,325.46992636799996
2022-01-14,575.31765528,4642.123002624,313.478744112,2.0,9731.09677419355,60.73479102577702,36.356400233372234,-1.1,52.0,4.277777777777778,7.083333333333333,-0.7771459614569708,0.6293203910498375,0.0,12.155844155844155,12.6,5336.258064516129,29.387096774193548,0.0,12095.0,12095.0,0.9945231009709322,0.005476899029067846,0.0,0.0,0.0,0.0,1,여수,1,4,2022,winter,1,511.8214521599999,330.98309827200006,4636.9777392000005,2677.8103696799994,314.10355968,5064.448755168
2022-01-15,333.17356176000004,2595.7918320480003,3401.242157088,2.0,9731.09677419355,60.73479102577702,36.356400233372234,2.3,61.0,2.1944444444444446,4.833333333333333,-0.9612616959383188,0.2756373558169994,0.0,27.79746835443038,11.51,5336.258064516129,29.387096774193548,0.0,8297.0,8297.0,0.9945231009709322,0.005476899029067846,0.0,0.0,0.0,0.0,1,여수,1,5,2022,winter,1,575.31765528,93.09976862399999,4642.123002624,2148.7543404479998,313.478744112,308.82207168
2022-01-16,188.854402752,2431.786700304,1225.8592577279999,2.0,9731.09677419355,60.73479102577702,36.356400233372234,2.3,71.0,5.166666666666667,7.472222222222221,-0.898794046299167,0.4383711467890774,0.0,13.741935483870966,10.48,5336.258064516129,29.387096774193548,0.0,6938.0,6938.0,0.9945231009709322,0.005476899029067846,0.0,0.0,0.0,0.0,1,여수,1,6,2022,winter,1,333.17356176000004,63.519852096,2595.7918320480003,1929.6291798720001,3401.242157088,334.151917488
2022-01-17,381.439587456,4415.929906752,327.833186976,2.0,9731.09677419355,60.73479102577702,36.356400233372234,0.5,59.0,6.055555555555555,7.694444444444444,-0.8480480961564262,0.5299192642332047,0.0,9.743119266055048,9.56,5336.258064516129,29.387096774193548,0.0,12170.0,12170.0,0.9945231009709322,0.005476899029067846,0.0,0.0,0.0,0.0,1,여수,1,0,2022,winter,1,188.854402752,275.78773022400003,2431.786700304,3375.1405615679996,1225.8592577279999,646.273721808
2022-01-18,650.1085202879999,4622.444675712,311.490627696,2.0,9731.09677419355,60.73479102577702,36.356400233372234,-1.4,48.0,3.5277777777777777,6.944444444444445,-0.7313537016191703,0.6819983600624987,0.0,13.606299212598426,12.99,5336.258064516129,29.387096774193548,0.0,12395.0,12395.0,0.9945231009709322,0.005476899029067846,0.0,0.0,0.0,0.0,1,여수,1,1,2022,winter,1,381.439587456,605.63283768,4415.929906752,4697.909713008001,327.833186976,337.09204439999996
2022-01-19,624.726396,4933.239514848,311.973523488,2.0,9731.09677419355,60.73479102577702,36.356400233372234,0.5,54.0,2.638888888888889,5.527777777777778,-0.9135454576426012,0.4067366430757997,0.0,20.46315789473684,12.8,5336.258064516129,29.387096774193548,0.0,13158.0,13158.0,0.9945231009709322,0.005476899029067846,0.0,0.0,0.0,0.0,1,여수,1,2,2022,winter,1,650.1085202879999,497.171478384,4622.444675712,4552.791909696,311.490627696,306.59262724800004
2022-01-20,451.50873566399997,4527.069623136,290.487331296,2.0,9731.09677419355,60.73479102577702,36.356400233372234,-0.5,58.0,2.972222222222222,6.611111111111111,-0.5735764363510465,0.8191520442889916,0.0,19.514018691588788,12.77,5336.258064516129,29.387096774193548,0.0,12212.0,12212.0,0.9945231009709322,0.005476899029067846,0.0,0.0,0.0,0.0,1,여수,1,3,2022,winter,1,624.726396,511.8214521599999,4933.239514848,4636.9777392000005,311.973523488,314.10355968
2022-01-21,235.663162704,4400.225012303999,297.943245216,2.0,9731.09677419355,60.73479102577702,36.356400233372234,1.3,60.0,2.5555555555555554,4.111111111111112,0.7986355100472928,0.6018150231520483,0.0,23.47826086956522,12.28,5336.258064516129,29.387096774193548,0.0,12039.0,12039.0,0.9945231009709322,0.005476899029067846,0.0,0.0,0.0,0.0,1,여수,1,4,2022,winter,1,451.50873566399997,575.31765528,4527.069623136,4642.123002624,290.487331296,313.478744112
2022-01-22,130.673143728,4104.3304330559995,290.228635152,2.0,9731.09677419355,60.73479102577702,36.356400233372234,4.0,75.0,2.4444444444444446,3.416666666666667,0.7771459614569709,0.6293203910498374,0.0,30.68181818181818,5.85,5336.258064516129,29.387096774193548,0.0,11368.0,11368.0,0.9945231009709322,0.005476899029067846,0.0,0.0,0.0,0.0,1,여수,1,5,2022,winter,1,235.663162704,333.17356176000004,4400.225012303999,2595.7918320480003,297.943245216,3401.242157088
2022-01-23,96.881675328,2188.520474976,1019.2572426240001,2.0,9731.09677419355,60.73479102577702,36.356400233372234,6.4,75.0,2.5277777777777777,3.8055555555555554,0.6691306063588582,0.7431448254773942,0.0,29.67032967032967,5.12,5336.258064516129,29.387096774193548,0.0,6161.0,6161.0,0.9945231009709322,0.005476899029067846,0.0,0.0,0.0,0.0,1,여수,1,6,2022,winter,1,130.673143728,188.854402752,4104.3304330559995,2431.786700304,290.228635152,1225.8592577279999
2022-01-24,188.63199072,3384.8494197119994,365.17411065600004,2.0,9731.09677419355,60.73479102577702,36.356400233372234,6.3,66.0,4.527777777777778,6.666666666666666,0.8090169943749475,0.5877852522924731,0.0,14.576687116564418,11.39,5336.258064516129,29.387096774193548,0.0,9799.0,9799.0,0.9945231009709322,0.005476899029067846,0.0,0.0,0.0,0.0,1,여수,1,0,2022,winter,1,96.881675328,381.439587456,2188.520474976,4415.929906752,1019.2572426240001,327.833186976
2022-01-25,623.397729312,4270.690509696,299.803502016,2.0,9731.09677419355,60.73479102577702,36.356400233372234,5.1,66.0,2.4722222222222223,3.4444444444444446,-0.1218693434051472,0.992546151641322,0.0,26.696629213483146,4.49,5336.258064516129,29.387096774193548,0.0,11745.0,11745.0,0.9945231009709322,0.005476899029067846,0.0,0.0,0.0,0.0,1,여수,1,1,2022,winter,1,188.63199072,650.1085202879999,3384.8494197119994,4622.444675712,365.17411065600004,311.490627696
2022-01-26,647.284124304,4377.519709344,307.561033008,2.0,9731.09677419355,60.73479102577702,36.356400233372234,4.4,66.0,3.3611111111111107,4.527777777777778,-0.7771459614569708,0.6293203910498375,0.0,19.63636363636364,13.41,5336.258064516129,29.387096774193548,0.0,11850.0,11850.0,0.9945231009709322,0.005476899029067846,0.0,0.0,0.0,0.0,1,여수,1,2,2022,winter,1,623.397729312,624.726396,4270.690509696,4933.239514848,299.803502016,311.973523488
2022-01-27,570.66446304,4270.55903208,309.397135392,2.0,9731.09677419355,60.73479102577702,36.356400233372234,4.0,60.0,2.694444444444444,4.722222222222222,-0.6946583704589976,0.7193398003386509,0.0,22.268041237113405,12.68,5336.258064516129,29.387096774193548,0.0,11791.0,11791.0,0.9945231009709322,0.005476899029067846,0.0,0.0,0.0,0.0,1,여수,1,3,2022,winter,1,647.284124304,451.50873566399997,4377.519709344,4527.069623136,307.561033008,290.487331296
2022-01-28,124.590238848,3203.769100896,3217.63655952,2.0,9731.09677419355,60.73479102577702,36.356400233372234,2.3,50.0,4.055555555555555,6.222222222222221,-0.6946583704589976,0.7193398003386509,0.0,12.328767123287673,13.59,5336.258064516129,29.387096774193548,0.0,7967.0,7967.0,0.9945231009709322,0.005476899029067846,0.0,0.0,0.0,0.0,1,여수,1,4,2022,winter,1,570.66446304,235.663162704,4270.55903208,4400.225012303999,309.397135392,297.943245216
2022-01-29,150.17037983999998,2177.9565448319995,223.45509513599998,2.0,9731.09677419355,60.73479102577702,36.356400233372234,1.8,46.0,4.611111111111112,5.805555555555555,-0.6427876096865396,0.7660444431189778,0.0,9.975903614457833,11.58,5336.258064516129,29.387096774193548,0.0,5666.0,5666.0,0.9945231009709322,0.005476899029067846,0.0,0.0,0.0,0.0,1,여수,1,5,2022,winter,1,124.590238848,130.673143728,3203.769100896,4104.3304330559995,3217.63655952,290.228635152
2022-01-30,97.54425907200002,1905.691529088,195.02446032000003,2.0,9731.09677419355,60.73479102577702,36.356400233372234,1.8,42.0,3.1111111111111107,5.583333333333334,-0.6018150231520483,0.7986355100472928,0.0,13.500000000000002,12.22,5336.258064516129,29.387096774193548,0.0,5314.0,5314.0,0.9945231009709322,0.005476899029067846,0.0,0.0,0.0,0.0,1,여수,1,6,2022,winter,1,150.17037983999998,96.881675328,2177.9565448319995,2188.520474976,223.45509513599998,1019.2572426240001
2022-01-31,37.129875119999994,2014.322016096,206.64865152000002,2.0,9731.09677419355,60.73479102577702,36.356400233372234,1.9,47.0,3.2777777777777777,4.416666666666667,-0.8829475928589271,0.4694715627858904,0.0,14.33898305084746,14.55,5336.258064516129,29.387096774193548,0.0,5709.0,5709.0,0.9945231009709322,0.005476899029067846,0.0,0.0,0.0,0.0,1,여수,1,0,2022,winter,1,97.54425907200002,188.63199072,1905.691529088,3384.8494197119994,195.02446032000003,365.17411065600004
2022-02-01,16.956519984,2092.4670716640003,205.23168417600002,2.0,9062.142857142857,57.79206869236226,34.47335020099314,2.3,62.0,5.916666666666667,9.166666666666666,-0.8910065241883679,0.4539904997395466,0.0,10.47887323943662,11.77,4904.535714285715,34.607142857142854,0.0,5897.0,5897.0,0.9929932897553074,0.007006710244692542,0.0,0.0,0.0,0.0,1,여수,2,1,2022,winter,1,37.129875119999994,623.397729312,2014.322016096,4270.690509696,206.64865152000002,299.803502016
2022-02-02,26.405561951999996,2049.4286481599997,205.28911094400002,2.0,9062.142857142857,57.79206869236226,34.47335020099314,1.4,59.0,5.111111111111111,5.916666666666667,-0.7771459614569708,0.6293203910498375,0.0,11.543478260869566,11.75,4904.535714285715,34.607142857142854,0.0,5843.0,5843.0,0.9929932897553074,0.007006710244692542,0.0,0.0,0.0,0.0,1,여수,2,2,2022,winter,1,16.956519984,647.284124304,2092.4670716640003,4377.519709344,205.23168417600002,307.561033008
2022-02-03,153.83470319999998,2156.4677412,217.19809756799998,2.0,9062.142857142857,57.79206869236226,34.47335020099314,1.8,49.0,4.333333333333333,5.861111111111112,-0.6427876096865396,0.7660444431189778,0.0,11.307692307692308,14.55,4904.535714285715,34.607142857142854,0.0,5691.0,5691.0,0.9929932897553074,0.007006710244692542,0.0,0.0,0.0,0.0,1,여수,2,3,2022,winter,1,26.405561951999996,570.66446304,2049.4286481599997,4270.55903208,205.28911094400002,309.397135392
2022-02-04,133.05717374399998,2318.823442512,243.518082768,2.0,9062.142857142857,57.79206869236226,34.47335020099314,0.7,48.0,5.305555555555556,7.333333333333333,-0.7660444431189781,0.6427876096865393,0.0,9.047120418848166,13.92,4904.535714285715,34.607142857142854,0.0,5762.0,5762.0,0.9929932897553074,0.007006710244692542,0.0,0.0,0.0,0.0,1,여수,2,4,2022,winter,1,153.83470319999998,124.590238848,2156.4677412,3203.769100896,217.19809756799998,3217.63655952
2022-02-05,37.389931632,1914.466538736,222.75523944000003,2.0,9062.142857142857,57.79206869236226,34.47335020099314,-1.4,56.0,6.583333333333333,9.194444444444445,-0.7880107536067218,0.6156614753256585,0.0,8.506329113924052,13.86,4904.535714285715,34.607142857142854,0.0,5183.0,5183.0,0.9929932897553074,0.007006710244692542,0.0,0.0,0.0,0.0,1,여수,2,5,2022,winter,1,133.05717374399998,150.17037983999998,2318.823442512,2177.9565448319995,243.518082768,223.45509513599998
2022-02-06,96.67902542399999,3191.92459488,2098.8625373279997,2.0,9062.142857142857,57.79206869236226,34.47335020099314,0.1,56.0,4.916666666666666,7.555555555555555,-0.8191520442889918,0.573576436351046,0.0,11.389830508474578,12.06,4904.535714285715,34.607142857142854,0.0,6726.0,6726.0,0.9929932897553074,0.007006710244692542,0.0,0.0,0.0,0.0,1,여수,2,6,2022,winter,1,37.389931632,97.54425907200002,1914.466538736,1905.691529088,222.75523944000003,195.02446032000003
2022-02-07,317.10111336,4508.147068848,271.621230912,2.0,9062.142857142857,57.79206869236226,34.47335020099314,0.6,50.0,2.7777777777777777,5.083333333333333,-0.7880107536067218,0.6156614753256585,0.0,18.0,9.08,4904.535714285715,34.607142857142854,0.0,12529.0,12529.0,0.9929932897553074,0.007006710244692542,0.0,0.0,0.0,0.0,1,여수,2,0,2022,winter,1,96.67902542399999,37.129875119999994,3191.92459488,2014.322016096,2098.8625373279997,206.64865152000002
2022-02-08,78.52325241599999,4125.909119904,278.581860144,2.0,9062.142857142857,57.79206869236226,34.47335020099314,2.7,51.0,2.5277777777777777,4.027777777777778,-0.3420201433256686,0.9396926207859084,0.0,20.175824175824175,14.89,4904.535714285715,34.607142857142854,0.0,12303.0,12303.0,0.9929932897553074,0.007006710244692542,0.0,0.0,0.0,0.0,1,여수,2,1,2022,winter,1,317.10111336,16.956519984,4508.147068848,2092.4670716640003,271.621230912,205.23168417600002
2022-02-09,219.38425228799997,4364.076469248001,321.82346879999994,2.0,9062.142857142857,57.79206869236226,34.47335020099314,3.9,58.0,2.0833333333333335,3.083333333333333,0.4694715627858908,0.882947592858927,0.0,27.839999999999996,12.16,4904.535714285715,34.607142857142854,0.0,12392.0,12392.0,0.9929932897553074,0.007006710244692542,0.0,0.0,0.0,0.0,1,여수,2,2,2022,winter,1,78.52325241599999,26.405561951999996,4125.909119904,2049.4286481599997,278.581860144,205.28911094400002
2022-02-10,95.919910848,3349.191090528,3838.5196657919996,2.0,9062.142857142857,57.79206869236226,34.47335020099314,5.4,54.0,3.1666666666666665,6.166666666666666,-0.7071067811865477,0.7071067811865474,0.2,17.05263157894737,14.61,4904.535714285715,34.607142857142854,0.0,7978.0,7978.0,0.9929932897553074,0.007006710244692542,0.0,0.0,0.0,0.0,1,여수,2,3,2022,winter,1,219.38425228799997,153.83470319999998,4364.076469248001,2156.4677412,321.82346879999994,217.19809756799998
2022-02-11,69.044410368,2222.800170048,706.272742656,2.0,9062.142857142857,57.79206869236226,34.47335020099314,3.9,56.0,1.6388888888888888,2.5833333333333335,0.2923717047227367,0.9563047559630354,0.0,34.16949152542373,15.84,4904.535714285715,34.607142857142854,0.0,5544.0,5544.0,0.9929932897553074,0.007006710244692542,0.0,0.0,0.0,0.0,1,여수,2,4,2022,winter,1,95.919910848,133.05717374399998,3349.191090528,2318.823442512,3838.5196657919996,243.518082768
2022-02-12,75.668782176,2048.1600062879997,523.10790072,2.0,9062.142857142857,57.79206869236226,34.47335020099314,6.1,52.0,2.361111111111111,3.4722222222222223,0.848048096156426,0.5299192642332049,0.0,22.023529411764702,15.4,4904.535714285715,34.607142857142854,0.0,5193.0,5193.0,0.9929932897553074,0.007006710244692542,0.0,0.0,0.0,0.0,1,여수,2,5,2022,winter,1,69.044410368,37.389931632,2222.800170048,1914.466538736,706.272742656,222.75523944000003
2022-02-13,48.22907068800001,2189.550261024,742.26865464,2.0,9062.142857142857,57.79206869236226,34.47335020099314,7.9,53.0,3.75,5.083333333333333,0.6427876096865393,0.766044443118978,0.0,14.133333333333333,11.26,4904.535714285715,34.607142857142854,0.0,5190.0,5190.0,0.9929932897553074,0.007006710244692542,0.0,0.0,0.0,0.0,1,여수,2,6,2022,winter,1,75.668782176,96.67902542399999,2048.1600062879997,3191.92459488,523.10790072,2098.8625373279997
2022-02-14,97.83458812800001,3039.9783546240005,475.64432064,2.0,9062.142857142857,57.79206869236226,34.47335020099314,7.4,64.0,3.4444444444444446,5.194444444444444,-0.529919264233205,0.8480480961564258,0.2,18.58064516129032,13.46,4904.535714285715,34.607142857142854,0.0,8736.0,8736.0,0.9929932897553074,0.007006710244692542,0.0,0.0,0.0,0.0,1,여수,2,0,2022,winter,1,48.22907068800001,317.10111336,2189.550261024,4508.147068848,742.26865464,271.621230912
2022-02-15,19.2132864,4180.531107168001,358.86735633600006,2.0,9062.142857142857,57.79206869236226,34.47335020099314,1.0,57.0,7.583333333333333,9.11111111111111,-0.8571673007021123,0.5150380749100542,0.0,7.516483516483516,15.57,4904.535714285715,34.607142857142854,0.0,11713.0,11713.0,0.9929932897553074,0.007006710244692542,0.0,0.0,0.0,0.0,1,여수,2,1,2022,winter,1,97.83458812800001,78.52325241599999,3039.9783546240005,4125.909119904,475.64432064,278.581860144
2022-02-16,27.361446336000004,4400.72520048,340.766532288,2.0,9062.142857142857,57.79206869236226,34.47335020099314,-1.8,55.0,6.888888888888889,8.444444444444445,-0.8290375725550416,0.559192903470747,0.0,7.983870967741935,13.48,4904.535714285715,34.607142857142854,0.0,12076.0,12076.0,0.9929932897553074,0.007006710244692542,0.0,0.0,0.0,0.0,1,여수,2,2,2022,winter,1,19.2132864,219.38425228799997,4180.531107168001,4364.076469248001,358.86735633600006,321.82346879999994
2022-02-17,39.308618880000004,4377.739264704001,315.175333824,2.0,9062.142857142857,57.79206869236226,34.47335020099314,-2.4,40.0,4.527777777777778,6.722222222222221,-0.6293203910498378,0.7771459614569706,0.0,8.83435582822086,16.43,4904.535714285715,34.607142857142854,0.0,12096.0,12096.0,0.9929932897553074,0.007006710244692542,0.0,0.0,0.0,0.0,1,여수,2,3,2022,winter,1,27.361446336000004,95.919910848,4400.72520048,3349.191090528,340.766532288,3838.5196657919996
2022-02-18,111.85872912,4509.541577663999,384.372468864,2.0,9062.142857142857,57.79206869236226,34.47335020099314,1.2,49.0,3.194444444444444,4.833333333333333,0.7771459614569709,0.6293203910498374,0.0,15.33913043478261,16.09,4904.535714285715,34.607142857142854,0.0,12438.0,12438.0,0.9929932897553074,0.007006710244692542,0.0,0.0,0.0,0.0,1,여수,2,4,2022,winter,1,39.308618880000004,69.044410368,4377.739264704001,2222.800170048,315.175333824,706.272742656
2022-02-19,32.536087488,2398.090146624,2951.8591282559996,2.0,9062.142857142857,57.79206869236226,34.47335020099314,3.3,62.0,3.888888888888889,7.277777777777778,-0.5735764363510465,0.8191520442889916,1.5,15.942857142857145,9.58,4904.535714285715,34.607142857142854,0.0,8198.0,8198.0,0.9929932897553074,0.007006710244692542,0.0,0.0,0.0,0.0,1,여수,2,5,2022,winter,1,111.85872912,75.668782176,4509.541577663999,2048.1600062879997,384.372468864,523.10790072
2022-02-20,45.624893760000006,2253.000152592,1340.3421946079998,2.0,9062.142857142857,57.79206869236226,34.47335020099314,-1.3,45.0,7.416666666666666,9.11111111111111,-0.7547095802227722,0.656059028990507,0.0,6.067415730337079,17.57,4904.535714285715,34.607142857142854,0.0,6899.0,6899.0,0.9929932897553074,0.007006710244692542,0.0,0.0,0.0,0.0,1,여수,2,6,2022,winter,1,32.536087488,48.22907068800001,2398.090146624,2189.550261024,2951.8591282559996,742.26865464
2022-02-21,14.057302896,4944.620667167999,347.92482312,2.0,9062.142857142857,57.79206869236226,34.47335020099314,1.3,51.0,4.555555555555555,7.222222222222222,-0.9135454576426012,0.4067366430757997,0.0,11.195121951219512,16.3,4904.535714285715,34.607142857142854,0.0,13394.0,13394.0,0.9929932897553074,0.007006710244692542,0.0,0.0,0.0,0.0,1,여수,2,0,2022,winter,1,45.624893760000006,97.83458812800001,2253.000152592,3039.9783546240005,1340.3421946079998,475.64432064
2022-02-22,0.0,5428.086140448,367.382868192,2.0,9062.142857142857,57.79206869236226,34.47335020099314,0.6,48.0,4.666666666666667,6.472222222222222,-0.7986355100472932,0.6018150231520479,0.0,10.285714285714285,16.67,4904.535714285715,34.607142857142854,0.0,14636.0,14636.0,0.9929932897553074,0.007006710244692542,0.0,0.0,0.0,0.0,1,여수,2,1,2022,winter,1,14.057302896,19.2132864,4944.620667167999,4180.531107168001,347.92482312,358.86735633600006
2022-02-23,0.0,5136.417682703999,339.864590592,2.0,9062.142857142857,57.79206869236226,34.47335020099314,-0.9,43.0,5.222222222222222,5.944444444444444,-0.6946583704589976,0.7193398003386509,0.0,8.23404255319149,14.31,4904.535714285715,34.607142857142854,0.0,13960.0,13960.0,0.9929932897553074,0.007006710244692542,0.0,0.0,0.0,0.0,1,여수,2,2,2022,winter,1,0.0,27.361446336000004,5428.086140448,4400.72520048,367.382868192,340.766532288
2022-02-24,1.1041768799999998,4968.136180224001,330.037743888,2.0,9062.142857142857,57.79206869236226,34.47335020099314,0.5,46.0,5.027777777777778,6.472222222222222,-0.7547095802227722,0.656059028990507,0.0,9.149171270718233,17.92,4904.535714285715,34.607142857142854,0.0,13460.0,13460.0,0.9929932897553074,0.007006710244692542,0.0,0.0,0.0,0.0,1,여수,2,3,2022,winter,1,0.0,39.308618880000004,5136.417682703999,4377.739264704001,339.864590592,315.175333824
2022-02-25,0.979511328,4379.579966015999,314.2057740480001,2.0,9062.142857142857,57.79206869236226,34.47335020099314,3.8,57.0,4.027777777777778,5.249999999999999,-0.9335804264972016,0.3583679495453004,0.0,14.151724137931035,17.98,4904.535714285715,34.607142857142854,0.0,11823.0,11823.0,0.9929932897553074,0.007006710244692542,0.0,0.0,0.0,0.0,1,여수,2,4,2022,winter,1,1.1041768799999998,111.85872912,4968.136180224001,4509.541577663999,330.037743888,384.372468864
2022-02-26,2.280645072,2279.5592813279995,3978.3878678879996,2.0,9062.142857142857,57.79206869236226,34.47335020099314,5.4,75.0,4.0,6.888888888888889,-0.90630778703665,-0.4226182617406991,0.0,18.75,17.09,4904.535714285715,34.607142857142854,0.0,7893.0,7893.0,0.9929932897553074,0.007006710244692542,0.0,0.0,0.0,0.0,1,여수,2,5,2022,winter,1,0.979511328,32.536087488,4379.579966015999,2398.090146624,314.2057740480001,2951.8591282559996
2022-02-27,3.7371542399999993,1789.783036992,7301.400585408001,2.0,9062.142857142857,57.79206869236226,34.47335020099314,5.8,42.0,4.472222222222222,7.611111111111111,-0.8480480961564262,0.5299192642332047,0.0,9.391304347826086,18.73,4904.535714285715,34.607142857142854,0.0,4987.0,4987.0,0.9929932897553074,0.007006710244692542,0.0,0.0,0.0,0.0,1,여수,2,6,2022,winter,1,2.280645072,45.624893760000006,2279.5592813279995,2253.000152592,3978.3878678879996,1340.3421946079998
2022-02-28,0.0,2283.666775488,566.4408788160001,2.0,9062.142857142857,57.79206869236226,34.47335020099314,5.6,52.0,1.9166666666666667,3.638888888888889,-0.6691306063588582,-0.7431448254773942,0.0,27.130434782608695,14.28,4904.535714285715,34.607142857142854,0.0,5200.0,5200.0,0.9929932897553074,0.007006710244692542,0.0,0.0,0.0,0.0,1,여수,2,0,2022,winter,1,3.7371542399999993,14.057302896,1789.783036992,4944.620667167999,7301.400585408001,347.92482312
2022-03-01,10.05445152,3464.5360998240003,690.63677424,2.0,7862.645161290323,62.15552814041076,36.03859704113366,9.2,74.0,3.5277777777777777,6.305555555555555,-0.8480480961564262,0.5299192642332047,3.6,20.976377952755907,13.85,4146.129032258064,13.0,0.0,8065.0,8065.0,0.9968743455903454,0.003125654409654627,0.0,0.0,0.0,0.0,1,여수,3,1,2022,spring,1,0.0,0.0,2283.666775488,5428.086140448,566.4408788160001,367.382868192
2022-03-02,0.0,4014.8805199679996,273.103221168,2.0,7862.645161290323,62.15552814041076,36.03859704113366,4.4,53.0,5.555555555555555,7.333333333333333,-0.8829475928589271,0.4694715627858904,0.0,9.54,18.82,4146.129032258064,13.0,0.0,11177.0,11177.0,0.9968743455903454,0.003125654409654627,0.0,0.0,0.0,0.0,1,여수,3,2,2022,spring,1,10.05445152,0.0,3464.5360998240003,5136.417682703999,690.63677424,339.864590592
2022-03-03,0.0,4040.498727648,278.75279692800007,2.0,7862.645161290323,62.15552814041076,36.03859704113366,6.0,68.0,3.1666666666666665,5.083333333333333,-0.9510565162951536,-0.3090169943749475,0.0,21.473684210526315,18.7,4146.129032258064,13.0,0.0,11369.0,11369.0,0.9968743455903454,0.003125654409654627,0.0,0.0,0.0,0.0,1,여수,3,3,2022,spring,1,0.0,1.1041768799999998,4014.8805199679996,4968.136180224001,273.103221168,330.037743888
2022-03-04,0.0,3954.132135216,294.51689856,2.0,7862.645161290323,62.15552814041076,36.03859704113366,7.7,78.0,3.333333333333333,6.138888888888889,-0.7986355100472928,-0.6018150231520483,0.0,23.4,15.45,4146.129032258064,13.0,0.0,11322.0,11322.0,0.9968743455903454,0.003125654409654627,0.0,0.0,0.0,0.0,1,여수,3,4,2022,spring,1,0.0,0.979511328,4040.498727648,4379.579966015999,278.75279692800007,314.2057740480001
2022-03-05,0.0,3910.415454432,283.40570016000004,2.0,7862.645161290323,62.15552814041076,36.03859704113366,5.8,50.0,6.972222222222222,8.916666666666666,-0.898794046299167,0.4383711467890774,0.0,7.171314741035856,19.62,4146.129032258064,13.0,0.0,11164.0,11164.0,0.9968743455903454,0.003125654409654627,0.0,0.0,0.0,0.0,1,여수,3,5,2022,spring,1,0.0,2.280645072,3954.132135216,2279.5592813279995,294.51689856,3978.3878678879996
2022-03-06,8.870056704000001,3910.631090976,282.97904904,2.0,7862.645161290323,62.15552814041076,36.03859704113366,3.6,41.0,4.833333333333333,5.833333333333333,-0.7660444431189781,0.6427876096865393,0.0,8.482758620689655,20.03,4146.129032258064,13.0,0.0,11271.0,11271.0,0.9968743455903454,0.003125654409654627,0.0,0.0,0.0,0.0,1,여수,3,6,2022,spring,1,0.0,3.7371542399999993,3910.415454432,1789.783036992,283.40570016000004,7301.400585408001
2022-03-07,16.674576768,4557.510086544,318.80803319999995,2.0,7862.645161290323,62.15552814041076,36.03859704113366,5.4,51.0,2.388888888888889,3.5277777777777777,0.2419218955996677,0.9702957262759964,0.0,21.348837209302324,15.24,4146.129032258064,13.0,0.0,13608.0,13608.0,0.9968743455903454,0.003125654409654627,0.0,0.0,0.0,0.0,1,여수,3,0,2022,spring,1,8.870056704000001,0.0,3910.631090976,2283.666775488,282.97904904,566.4408788160001
2022-03-08,221.82294528000003,4467.006977472,376.497864,2.0,7862.645161290323,62.15552814041076,36.03859704113366,6.7,52.0,2.611111111111111,5.583333333333334,-0.9993908270190958,-0.0348994967025007,0.0,19.91489361702128,19.69,4146.129032258064,13.0,0.0,12777.0,12777.0,0.9968743455903454,0.003125654409654627,0.0,0.0,0.0,0.0,1,여수,3,1,2022,spring,1,16.674576768,10.05445152,4557.510086544,3464.5360998240003,318.80803319999995,690.63677424
2022-03-09,166.216580064,2431.7479107360004,890.275356576,2.0,7862.645161290323,62.15552814041076,36.03859704113366,8.0,56.0,2.25,3.8333333333333335,-0.8386705679454242,-0.544639035015027,0.0,24.88888888888889,20.03,4146.129032258064,13.0,0.0,7859.0,7859.0,0.9968743455903454,0.003125654409654627,0.0,0.0,0.0,0.0,1,여수,3,2,2022,spring,1,221.82294528000003,0.0,4467.006977472,4014.8805199679996,376.497864,273.103221168
2022-03-10,331.88526216,4119.484874399999,433.55109024,2.0,7862.645161290323,62.15552814041076,36.03859704113366,9.0,72.0,1.972222222222222,4.25,0.0348994967025011,-0.9993908270190958,0.0,36.50704225352113,15.09,4146.129032258064,13.0,0.0,11537.0,11537.0,0.9968743455903454,0.003125654409654627,0.0,0.0,0.0,0.0,1,여수,3,3,2022,spring,1,166.216580064,0.0,2431.7479107360004,4040.498727648,890.275356576,278.75279692800007
2022-03-11,198.139277664,3933.005742864,291.7479276,2.0,7862.645161290323,62.15552814041076,36.03859704113366,12.3,82.0,1.9166666666666667,3.6666666666666665,0.0697564737441255,-0.9975640502598242,0.3,42.78260869565217,14.89,4146.129032258064,13.0,0.0,11388.0,11388.0,0.9968743455903454,0.003125654409654627,0.0,0.0,0.0,0.0,1,여수,3,4,2022,spring,1,331.88526216,0.0,4119.484874399999,3954.132135216,433.55109024,294.51689856
2022-03-12,16.912950335999998,1951.6929632640001,189.04547577600002,2.0,7862.645161290323,62.15552814041076,36.03859704113366,13.8,82.0,2.6666666666666665,4.5,-0.2588190451025208,-0.9659258262890684,0.0,30.75,17.64,4146.129032258064,13.0,0.0,5876.0,5876.0,0.9968743455903454,0.003125654409654627,0.0,0.0,0.0,0.0,1,여수,3,5,2022,spring,1,198.139277664,0.0,3933.005742864,3910.415454432,291.7479276,283.40570016000004
2022-03-13,0.0,1945.0687177439997,127.05456643199999,2.0,7862.645161290323,62.15552814041076,36.03859704113366,13.6,93.0,4.111111111111112,6.666666666666666,-0.5591929034707467,-0.8290375725550418,10.4,22.621621621621617,3.84,4146.129032258064,13.0,0.0,5930.0,5930.0,0.9968743455903454,0.003125654409654627,0.0,0.0,0.0,0.0,1,여수,3,6,2022,spring,1,16.912950335999998,8.870056704000001,1951.6929632640001,3910.631090976,189.04547577600002,282.97904904
2022-03-14,0.0,2136.910116384,130.00215456,2.0,7862.645161290323,62.15552814041076,36.03859704113366,11.6,91.0,3.944444444444444,6.527777777777778,0.4383711467890773,-0.898794046299167,1.6,23.070422535211268,6.03,4146.129032258064,13.0,0.0,6581.0,6581.0,0.9968743455903454,0.003125654409654627,0.0,0.0,0.0,0.0,1,여수,3,0,2022,spring,1,0.0,16.674576768,1945.0687177439997,4557.510086544,127.05456643199999,318.80803319999995
2022-03-15,10.694440944000002,1975.5765368640002,138.282141888,2.0,7862.645161290323,62.15552814041076,36.03859704113366,9.2,69.0,2.8055555555555554,6.0,-1.0,-1.8369701987210294e-16,0.0,24.594059405940595,20.6,4146.129032258064,13.0,0.0,6023.0,6023.0,0.9968743455903454,0.003125654409654627,0.0,0.0,0.0,0.0,1,여수,3,1,2022,spring,1,0.0,221.82294528000003,2136.910116384,4467.006977472,130.00215456,376.497864
2022-03-16,71.37244411199998,2134.983361824,148.55006016,2.0,7862.645161290323,62.15552814041076,36.03859704113366,10.8,66.0,2.25,3.9166666666666665,-0.6156614753256582,-0.788010753606722,0.0,29.333333333333332,20.9,4146.129032258064,13.0,0.0,6370.0,6370.0,0.9968743455903454,0.003125654409654627,0.0,0.0,0.0,0.0,1,여수,3,2,2022,spring,1,10.694440944000002,166.216580064,1975.5765368640002,2431.7479107360004,138.282141888,890.275356576
2022-03-17,133.784946,2227.25537136,155.112657264,2.0,7862.645161290323,62.15552814041076,36.03859704113366,10.3,70.0,5.333333333333333,8.916666666666666,0.9396926207859084,0.3420201433256688,4.4,13.125,8.12,4146.129032258064,13.0,0.0,6839.0,6839.0,0.9968743455903454,0.003125654409654627,0.0,0.0,0.0,0.0,1,여수,3,3,2022,spring,1,71.37244411199998,331.88526216,2134.983361824,4119.484874399999,148.55006016,433.55109024
2022-03-18,0.0,2225.589980544,155.8804968,2.0,7862.645161290323,62.15552814041076,36.03859704113366,7.4,82.0,7.472222222222221,10.0,0.7431448254773942,0.6691306063588582,21.5,10.973977695167289,6.67,4146.129032258064,13.0,0.0,7001.0,7001.0,0.9968743455903454,0.003125654409654627,0.0,0.0,0.0,0.0,1,여수,3,4,2022,spring,1,133.784946,198.139277664,2227.25537136,3933.005742864,155.112657264,291.7479276
2022-03-19,4.61792736,1902.601783296,135.38133849599998,2.0,7862.645161290323,62.15552814041076,36.03859704113366,6.0,74.0,4.027777777777778,9.444444444444445,-0.6691306063588581,0.7431448254773944,2.8,18.372413793103448,12.11,4146.129032258064,13.0,0.0,5960.0,5960.0,0.9968743455903454,0.003125654409654627,0.0,0.0,0.0,0.0,1,여수,3,5,2022,spring,1,0.0,16.912950335999998,2225.589980544,1951.6929632640001,155.8804968,189.04547577600002
2022-03-20,81.91729598399999,1862.9359104959997,134.87587704,2.0,7862.645161290323,62.15552814041076,36.03859704113366,6.3,68.0,2.694444444444444,4.833333333333333,-0.9135454576426012,0.4067366430757997,0.0,25.23711340206186,17.1,4146.129032258064,13.0,0.0,5837.0,5837.0,0.9968743455903454,0.003125654409654627,0.0,0.0,0.0,0.0,1,여수,3,6,2022,spring,1,4.61792736,0.0,1902.601783296,1945.0687177439997,135.38133849599998,127.05456643199999
2022-03-21,153.771268608,1964.123102592,136.68614092800001,2.0,7862.645161290323,62.15552814041076,36.03859704113366,7.4,56.0,2.2222222222222223,3.9722222222222223,0.4067366430758002,0.9135454576426008,0.7,25.2,16.55,4146.129032258064,13.0,0.0,5957.0,5957.0,0.9968743455903454,0.003125654409654627,0.0,0.0,0.0,0.0,1,여수,3,0,2022,spring,1,81.91729598399999,0.0,1862.9359104959997,2136.910116384,134.87587704,130.00215456
2022-03-22,124.451113248,1926.6591093119998,150.077815776,2.0,7862.645161290323,62.15552814041076,36.03859704113366,8.4,66.0,2.0,5.388888888888888,0.9998476951563912,0.0174524064372836,0.5,33.0,19.18,4146.129032258064,13.0,0.0,5960.0,5960.0,0.9968743455903454,0.003125654409654627,0.0,0.0,0.0,0.0,1,여수,3,1,2022,spring,1,153.771268608,10.694440944000002,1964.123102592,1975.5765368640002,136.68614092800001,138.282141888
2022-03-23,80.88614006399999,2030.927174496,155.91435595200002,2.0,7862.645161290323,62.15552814041076,36.03859704113366,8.3,62.0,3.083333333333333,4.888888888888889,-0.4226182617406992,0.90630778703665,0.0,20.10810810810811,13.66,4146.129032258064,13.0,0.0,6318.0,6318.0,0.9968743455903454,0.003125654409654627,0.0,0.0,0.0,0.0,1,여수,3,2,2022,spring,1,124.451113248,71.37244411199998,1926.6591093119998,2134.983361824,150.077815776,148.55006016
2022-03-24,99.449203392,1940.1981130080003,148.505339088,2.0,7862.645161290323,62.15552814041076,36.03859704113366,8.6,60.0,2.5277777777777777,4.888888888888889,-0.9455185755993168,-0.3255681544571566,0.0,23.736263736263737,21.69,4146.129032258064,13.0,0.0,6081.0,6081.0,0.9968743455903454,0.003125654409654627,0.0,0.0,0.0,0.0,1,여수,3,3,2022,spring,1,80.88614006399999,133.784946,2030.927174496,2227.25537136,155.91435595200002,155.112657264
2022-03-25,89.27213687999999,1919.821278672,151.49106273600003,2.0,7862.645161290323,62.15552814041076,36.03859704113366,12.0,81.0,5.138888888888888,10.0,0.7071067811865476,-0.7071067811865475,17.0,15.762162162162165,12.42,4146.129032258064,13.0,0.0,6033.0,6033.0,0.9968743455903454,0.003125654409654627,0.0,0.0,0.0,0.0,1,여수,3,4,2022,spring,1,99.449203392,0.0,1940.1981130080003,2225.589980544,148.505339088,155.8804968
2022-03-26,75.525751008,1901.961913968,146.48214801600002,2.0,7862.645161290323,62.15552814041076,36.03859704113366,12.5,85.0,7.749999999999999,12.416666666666668,-0.9205048534524404,-0.3907311284892738,25.5,10.967741935483872,14.38,4146.129032258064,13.0,0.0,5856.0,5856.0,0.9968743455903454,0.003125654409654627,0.0,0.0,0.0,0.0,1,여수,3,5,2022,spring,1,89.27213687999999,4.61792736,1919.821278672,1902.601783296,151.49106273600003,135.38133849599998
2022-03-27,160.63698816,1851.8917520159998,139.43456337600003,2.0,7862.645161290323,62.15552814041076,36.03859704113366,11.0,57.0,4.555555555555555,6.888888888888889,-0.898794046299167,0.4383711467890774,0.0,12.51219512195122,21.77,4146.129032258064,13.0,0.0,5845.0,5845.0,0.9968743455903454,0.003125654409654627,0.0,0.0,0.0,0.0,1,여수,3,6,2022,spring,1,75.525751008,81.91729598399999,1901.961913968,1862.9359104959997,146.48214801600002,134.87587704
2022-03-28,270.762865776,1894.435052256,137.385732096,2.0,7862.645161290323,62.15552814041076,36.03859704113366,8.3,55.0,3.3888888888888884,5.305555555555556,0.7986355100472928,0.6018150231520483,0.0,16.229508196721312,16.4,4146.129032258064,13.0,0.0,5908.0,5908.0,0.9968743455903454,0.003125654409654627,0.0,0.0,0.0,0.0,1,여수,3,0,2022,spring,1,160.63698816,153.771268608,1851.8917520159998,1964.123102592,139.43456337600003,136.68614092800001
2022-03-29,311.343518592,1878.9468527519998,129.385249632,2.0,7862.645161290323,62.15552814041076,36.03859704113366,9.0,69.0,2.0,2.75,0.9743700647852352,-0.224951054343865,0.0,34.5,22.77,4146.129032258064,13.0,0.0,5942.0,5942.0,0.9968743455903454,0.003125654409654627,0.0,0.0,0.0,0.0,1,여수,3,1,2022,spring,1,270.762865776,124.451113248,1894.435052256,1926.6591093119998,137.385732096,150.077815776
2022-03-30,146.79514915200002,1879.208842032,147.36714134399998,2.0,7862.645161290323,62.15552814041076,36.03859704113366,12.5,86.0,1.777777777777778,3.611111111111111,0.258819045102521,-0.9659258262890682,0.3,48.375,15.7,4146.129032258064,13.0,0.0,5856.0,5856.0,0.9968743455903454,0.003125654409654627,0.0,0.0,0.0,0.0,1,여수,3,2,2022,spring,1,311.343518592,80.88614006399999,1878.9468527519998,2030.927174496,129.385249632,155.91435595200002
2022-03-31,73.444548096,1928.5674608159998,154.285198128,2.0,7862.645161290323,62.15552814041076,36.03859704113366,12.5,85.0,2.8055555555555554,4.277777777777778,0.4999999999999999,0.8660254037844387,1.9,30.2970297029703,12.16,4146.129032258064,13.0,0.0,6032.0,6032.0,0.9968743455903454,0.003125654409654627,0.0,0.0,0.0,0.0,1,여수,3,3,2022,spring,1,146.79514915200002,99.449203392,1879.208842032,1940.1981130080003,147.36714134399998,148.505339088
2022-04-01,128.027838816,2285.274051648,228.37233139199998,2.0,9073.033333333333,58.58620325433244,36.279569677175225,9.4,66.0,3.638888888888889,5.666666666666666,0.8829475928589269,0.4694715627858908,0.7,18.137404580152673,18.77,4771.466666666666,16.866666666666667,0.0,7295.0,7295.0,0.9964775495997216,0.003522450400278455,0.0,0.0,0.0,0.0,1,여수,4,4,2022,spring,0,73.444548096,89.27213687999999,1928.5674608159998,1919.821278672,154.285198128,151.49106273600003
2022-04-02,159.44978606399997,2981.297351952,262.291283136,2.0,9073.033333333333,58.58620325433244,36.279569677175225,9.9,63.0,2.3333333333333335,5.166666666666667,-0.7986355100472928,-0.6018150231520483,0.0,27.0,21.06,4771.466666666666,16.866666666666667,0.0,10761.0,10761.0,0.9964775495997216,0.003522450400278455,0.0,0.0,0.0,0.0,1,여수,4,5,2022,spring,0,128.027838816,75.525751008,2285.274051648,1901.961913968,228.37233139199998,146.48214801600002
2022-04-03,394.51822991999995,3341.2045158720002,191.250318528,2.0,9073.033333333333,58.58620325433244,36.279569677175225,9.5,64.0,2.0833333333333335,3.555555555555556,-0.8191520442889918,0.573576436351046,0.0,30.72,23.03,4771.466666666666,16.866666666666667,0.0,12925.0,12925.0,0.9964775495997216,0.003522450400278455,0.0,0.0,0.0,0.0,1,여수,4,6,2022,spring,0,159.44978606399997,160.63698816,2981.297351952,1851.8917520159998,262.291283136,139.43456337600003
2022-04-04,618.2473085280001,3494.142479952,187.96082889599998,2.0,9073.033333333333,58.58620325433244,36.279569677175225,10.8,63.0,2.305555555555556,3.9166666666666665,-0.9998476951563912,0.0174524064372831,0.0,27.325301204819276,23.31,4771.466666666666,16.866666666666667,0.0,13063.0,13063.0,0.9964775495997216,0.003522450400278455,0.0,0.0,0.0,0.0,1,여수,4,0,2022,spring,0,394.51822991999995,270.762865776,3341.2045158720002,1894.435052256,191.250318528,137.385732096
2022-04-05,1089.1772657280003,4441.319233632001,219.83549327999998,2.0,9073.033333333333,58.58620325433244,36.279569677175225,10.8,54.0,3.138888888888889,4.861111111111111,-0.9876883405951375,-0.156434465040231,0.0,17.20353982300885,18.37,4771.466666666666,16.866666666666667,0.0,14231.0,14231.0,0.9964775495997216,0.003522450400278455,0.0,0.0,0.0,0.0,1,여수,4,1,2022,spring,0,618.2473085280001,311.343518592,3494.142479952,1878.9468527519998,187.96082889599998,129.385249632
2022-04-06,1102.2672057119998,5106.988043568,250.73781364799999,2.0,9073.033333333333,58.58620325433244,36.279569677175225,12.3,54.0,2.861111111111111,4.305555555555555,-0.9205048534524404,-0.3907311284892738,0.0,18.87378640776699,23.16,4771.466666666666,16.866666666666667,0.0,14551.0,14551.0,0.9964775495997216,0.003522450400278455,0.0,0.0,0.0,0.0,1,여수,4,2,2022,spring,0,1089.1772657280003,146.79514915200002,4441.319233632001,1879.208842032,219.83549327999998,147.36714134399998
2022-04-07,586.437162192,4821.888358224,1901.4498588960003,2.0,9073.033333333333,58.58620325433244,36.279569677175225,13.4,58.0,3.9722222222222223,6.361111111111111,-0.9335804264972016,0.3583679495453004,0.0,14.601398601398602,22.6,4771.466666666666,16.866666666666667,0.0,13750.0,13750.0,0.9964775495997216,0.003522450400278455,0.0,0.0,0.0,0.0,1,여수,4,3,2022,spring,0,1102.2672057119998,73.444548096,5106.988043568,1928.5674608159998,250.73781364799999,154.285198128
2022-04-08,319.82930640000006,2685.5276244480006,9725.160231360001,2.0,9073.033333333333,58.58620325433244,36.279569677175225,12.4,59.0,2.5555555555555554,4.222222222222222,-0.4226182617406993,-0.90630778703665,0.0,23.086956521739133,23.5,4771.466666666666,16.866666666666667,0.0,9696.0,9696.0,0.9964775495997216,0.003522450400278455,0.0,0.0,0.0,0.0,1,여수,4,4,2022,spring,0,586.437162192,128.027838816,4821.888358224,2285.274051648,1901.4498588960003,228.37233139199998
2022-04-09,143.735255136,2274.157928736,5244.70434408,2.0,9073.033333333333,58.58620325433244,36.279569677175225,13.9,74.0,2.861111111111111,5.75,-0.4848096202463369,-0.8746197071393959,0.0,25.864077669902912,23.44,4771.466666666666,16.866666666666667,0.0,7385.0,7385.0,0.9964775495997216,0.003522450400278455,0.0,0.0,0.0,0.0,1,여수,4,5,2022,spring,0,319.82930640000006,159.44978606399997,2685.5276244480006,2981.297351952,9725.160231360001,262.291283136
2022-04-10,82.78810272,2329.21994112,5478.216402239999,2.0,9073.033333333333,58.58620325433244,36.279569677175225,15.0,80.0,2.6666666666666665,4.916666666666666,-0.1736481776669304,-0.984807753012208,0.0,30.0,21.02,4771.466666666666,16.866666666666667,0.0,7467.0,7467.0,0.9964775495997216,0.003522450400278455,0.0,0.0,0.0,0.0,1,여수,4,6,2022,spring,0,143.735255136,394.51822991999995,2274.157928736,3341.2045158720002,5244.70434408,191.250318528
2022-04-11,153.39116534399997,3220.583054112,4992.659340192,2.0,9073.033333333333,58.58620325433244,36.279569677175225,16.5,88.0,2.5833333333333335,5.055555555555555,0.6691306063588585,-0.743144825477394,0.4,34.064516129032256,12.75,4771.466666666666,16.866666666666667,0.0,10573.0,10573.0,0.9964775495997216,0.003522450400278455,0.0,0.0,0.0,0.0,1,여수,4,0,2022,spring,0,82.78810272,618.2473085280001,2329.21994112,3494.142479952,5478.216402239999,187.96082889599998
2022-04-12,363.18550392000003,4911.970184928,342.70629292800004,2.0,9073.033333333333,58.58620325433244,36.279569677175225,17.6,86.0,2.694444444444444,5.305555555555556,-0.275637355816999,-0.9612616959383188,0.0,31.91752577319588,20.33,4771.466666666666,16.866666666666667,0.0,13444.0,13444.0,0.9964775495997216,0.003522450400278455,0.0,0.0,0.0,0.0,1,여수,4,1,2022,spring,0,153.39116534399997,1089.1772657280003,3220.583054112,4441.319233632001,4992.659340192,219.83549327999998
2022-04-13,560.797416288,5112.067802976,312.818154336,2.0,9073.033333333333,58.58620325433244,36.279569677175225,15.8,81.0,4.361111111111111,7.444444444444445,0.9975640502598242,-0.0697564737441253,0.8,18.573248407643312,12.25,4771.466666666666,16.866666666666667,0.0,13996.0,13996.0,0.9964775495997216,0.003522450400278455,0.0,0.0,0.0,0.0,1,여수,4,2,2022,spring,0,363.18550392000003,1102.2672057119998,4911.970184928,5106.988043568,342.70629292800004,250.73781364799999
2022-04-14,642.706438176,4776.654846240001,331.530707088,2.0,9073.033333333333,58.58620325433244,36.279569677175225,12.6,72.0,6.194444444444445,8.63888888888889,0.8090169943749475,0.5877852522924731,3.7,11.623318385650224,15.21,4771.466666666666,16.866666666666667,0.0,13107.0,13107.0,0.9964775495997216,0.003522450400278455,0.0,0.0,0.0,0.0,1,여수,4,3,2022,spring,0,560.797416288,586.437162192,5112.067802976,4821.888358224,312.818154336,1901.4498588960003
2022-04-15,534.904076448,4629.256955999999,313.633465344,2.0,9073.033333333333,58.58620325433244,36.279569677175225,12.1,65.0,4.388888888888889,6.583333333333333,0.8660254037844386,0.5000000000000001,0.0,14.81012658227848,22.23,4771.466666666666,16.866666666666667,0.0,13118.0,13118.0,0.9964775495997216,0.003522450400278455,0.0,0.0,0.0,0.0,1,여수,4,4,2022,spring,0,642.706438176,319.82930640000006,4776.654846240001,2685.5276244480006,331.530707088,9725.160231360001
2022-04-16,234.051775056,2951.729138736,3678.7704419520005,2.0,9073.033333333333,58.58620325433244,36.279569677175225,11.5,65.0,2.5277777777777777,5.305555555555556,0.6018150231520482,-0.7986355100472929,0.0,25.714285714285715,24.02,4771.466666666666,16.866666666666667,0.0,8453.0,8453.0,0.9964775495997216,0.003522450400278455,0.0,0.0,0.0,0.0,1,여수,4,5,2022,spring,0,534.904076448,143.735255136,4629.256955999999,2274.157928736,313.633465344,5244.70434408
2022-04-17,1.1350092959999998,2246.4500951520004,658.8159716160001,2.0,9073.033333333333,58.58620325433244,36.279569677175225,14.3,40.0,2.972222222222222,4.916666666666666,-0.9563047559630354,0.2923717047227367,0.0,13.457943925233646,25.34,4771.466666666666,16.866666666666667,0.0,5601.0,5601.0,0.9964775495997216,0.003522450400278455,0.0,0.0,0.0,0.0,1,여수,4,6,2022,spring,0,234.051775056,82.78810272,2951.729138736,2329.21994112,3678.7704419520005,5478.216402239999
2022-04-18,0.0,2183.417303616,293.84760916799996,2.0,9073.033333333333,58.58620325433244,36.279569677175225,15.5,47.0,2.055555555555556,4.083333333333333,-0.8746197071393956,0.4848096202463373,0.0,22.864864864864863,19.29,4771.466666666666,16.866666666666667,0.0,5578.0,5578.0,0.9964775495997216,0.003522450400278455,0.0,0.0,0.0,0.0,1,여수,4,0,2022,spring,0,1.1350092959999998,153.39116534399997,2246.4500951520004,3220.583054112,658.8159716160001,4992.659340192
2022-04-19,49.770494352,2683.508984784,270.794065392,2.0,9073.033333333333,58.58620325433244,36.279569677175225,16.1,41.0,2.638888888888889,5.027777777777778,-0.9998476951563912,-0.0174524064372834,0.0,15.536842105263158,24.32,4771.466666666666,16.866666666666667,0.0,6450.0,6450.0,0.9964775495997216,0.003522450400278455,0.0,0.0,0.0,0.0,1,여수,4,1,2022,spring,0,0.0,363.18550392000003,2183.417303616,4911.970184928,293.84760916799996,342.70629292800004
2022-04-20,113.04853776,2574.5339698559997,273.907791936,2.0,9073.033333333333,58.58620325433244,36.279569677175225,15.7,40.0,2.5555555555555554,4.583333333333333,-0.8090169943749473,-0.5877852522924732,0.0,15.65217391304348,25.1,4771.466666666666,16.866666666666667,0.0,6347.0,6347.0,0.9964775495997216,0.003522450400278455,0.0,0.0,0.0,0.0,1,여수,4,2,2022,spring,0,49.770494352,560.797416288,2683.508984784,5112.067802976,270.794065392,312.818154336
2022-04-21,152.34906139199998,2533.675700304,245.514610224,2.0,9073.033333333333,58.58620325433244,36.279569677175225,12.7,77.0,1.8333333333333333,3.4444444444444446,-0.4067366430758002,-0.9135454576426008,6.7,42.0,6.75,4771.466666666666,16.866666666666667,0.0,6251.0,6251.0,0.9964775495997216,0.003522450400278455,0.0,0.0,0.0,0.0,1,여수,4,3,2022,spring,0,113.04853776,642.706438176,2574.5339698559997,4776.654846240001,273.907791936,331.530707088
2022-04-22,192.643527456,2477.219544576,239.706363312,2.0,9073.033333333333,58.58620325433244,36.279569677175225,15.2,75.0,3.555555555555556,6.083333333333333,-0.6819983600624984,-0.7313537016191706,0.0,21.09375,24.48,4771.466666666666,16.866666666666667,0.0,6071.0,6071.0,0.9964775495997216,0.003522450400278455,0.0,0.0,0.0,0.0,1,여수,4,4,2022,spring,0,152.34906139199998,534.904076448,2533.675700304,4629.256955999999,245.514610224,313.633465344
2022-04-23,162.86588856,2380.388919696001,231.27692371199998,2.0,9073.033333333333,58.58620325433244,36.279569677175225,16.8,79.0,3.7222222222222223,6.166666666666666,0.9998476951563912,0.0174524064372836,0.0,21.22388059701493,15.87,4771.466666666666,16.866666666666667,0.0,5928.0,5928.0,0.9964775495997216,0.003522450400278455,0.0,0.0,0.0,0.0,1,여수,4,5,2022,spring,0,192.643527456,234.051775056,2477.219544576,2951.729138736,239.706363312,3678.7704419520005
2022-04-24,155.139376896,2316.128781456,228.425856624,2.0,9073.033333333333,58.58620325433244,36.279569677175225,18.7,75.0,2.6666666666666665,4.805555555555555,-0.6156614753256582,-0.788010753606722,1.6,28.125,24.32,4771.466666666666,16.866666666666667,0.0,5898.0,5898.0,0.9964775495997216,0.003522450400278455,0.0,0.0,0.0,0.0,1,여수,4,6,2022,spring,0,162.86588856,1.1350092959999998,2380.388919696001,2246.4500951520004,231.27692371199998,658.8159716160001
2022-04-25,108.65450160000002,2416.878819072,232.257732336,2.0,9073.033333333333,58.58620325433244,36.279569677175225,18.1,79.0,2.888888888888889,6.361111111111111,0.4539904997395468,-0.8910065241883678,21.8,27.346153846153847,17.03,4771.466666666666,16.866666666666667,0.0,6287.0,6287.0,0.9964775495997216,0.003522450400278455,0.0,0.0,0.0,0.0,1,여수,4,0,2022,spring,0,155.139376896,0.0,2316.128781456,2183.417303616,228.425856624,293.84760916799996
2022-04-26,117.31849487999999,2590.1178137279994,138.948447744,2.0,9073.033333333333,58.58620325433244,36.279569677175225,18.1,95.0,4.722222222222222,13.194444444444445,-0.6293203910498376,-0.7771459614569708,43.5,20.11764705882353,6.3,4771.466666666666,16.866666666666667,0.0,6729.0,6729.0,0.9964775495997216,0.003522450400278455,0.0,0.0,0.0,0.0,1,여수,4,1,2022,spring,0,108.65450160000002,49.770494352,2416.878819072,2683.508984784,232.257732336,270.794065392
2022-04-27,300.76276521600005,2745.171317376,122.788468368,2.0,9073.033333333333,58.58620325433244,36.279569677175225,16.8,67.0,3.0,4.75,0.8191520442889918,0.573576436351046,0.0,22.333333333333332,20.97,4771.466666666666,16.866666666666667,0.0,6983.0,6983.0,0.9964775495997216,0.003522450400278455,0.0,0.0,0.0,0.0,1,여수,4,2,2022,spring,0,117.31849487999999,113.04853776,2590.1178137279994,2574.5339698559997,138.948447744,273.907791936
2022-04-28,565.5403088639999,2666.014922592,127.31357663999998,2.0,9073.033333333333,58.58620325433244,36.279569677175225,15.5,67.0,3.194444444444444,5.138888888888888,0.9781476007338056,0.2079116908177594,0.0,20.973913043478262,21.61,4771.466666666666,16.866666666666667,0.0,7035.0,7035.0,0.9964775495997216,0.003522450400278455,0.0,0.0,0.0,0.0,1,여수,4,3,2022,spring,0,300.76276521600005,152.34906139199998,2745.171317376,2533.675700304,122.788468368,245.514610224
2022-04-29,482.64942527999995,2425.9953384,118.22473296,2.0,9073.033333333333,58.58620325433244,36.279569677175225,13.2,73.0,4.888888888888889,7.111111111111112,0.7071067811865475,0.7071067811865476,12.2,14.93181818181818,17.27,4771.466666666666,16.866666666666667,0.0,6456.0,6456.0,0.9964775495997216,0.003522450400278455,0.0,0.0,0.0,0.0,1,여수,4,4,2022,spring,0,565.5403088639999,192.643527456,2666.014922592,2477.219544576,127.31357663999998,239.706363312
2022-04-30,275.37146899199996,2497.698813024,123.22558886399999,2.0,9073.033333333333,58.58620325433244,36.279569677175225,13.5,68.0,3.0277777777777777,4.861111111111111,-0.3907311284892739,0.9205048534524404,0.1,22.458715596330276,18.32,4771.466666666666,16.866666666666667,0.0,6762.0,6762.0,0.9964775495997216,0.003522450400278455,0.0,0.0,0.0,0.0,1,여수,4,5,2022,spring,0,482.64942527999995,162.86588856,2425.9953384,2380.388919696001,118.22473296,231.27692371199998
2022-05-01,13.830141024,1959.165949968,97.79885438400001,2.0,5187.967741935484,65.78,36.01,14.2,54.0,3.638888888888889,6.305555555555555,-0.7880107536067218,0.6156614753256585,0.0,14.83969465648855,26.08,2613.7741935483873,0.0,0.0,5208.0,5208.0,1.0,0.0,0.0,0.0,0.0,0.0,1,여수,5,6,2022,spring,0,275.37146899199996,155.139376896,2497.698813024,2316.128781456,123.22558886399999,228.425856624
2022-05-02,31.253653439999997,2068.2512533439995,104.1788448,2.0,5187.967741935484,65.78,36.01,14.1,58.0,3.6944444444444446,6.277777777777778,-0.9998476951563912,-0.0174524064372834,0.3,15.699248120300751,24.71,2613.7741935483873,0.0,0.0,5188.0,5188.0,1.0,0.0,0.0,0.0,0.0,0.0,1,여수,5,0,2022,spring,0,13.830141024,108.65450160000002,1959.165949968,2416.878819072,97.79885438400001,232.257732336
2022-05-03,39.325326335999996,2167.073433648,105.95990707199998,2.0,5187.967741935484,65.78,36.01,12.9,67.0,2.2777777777777777,4.611111111111112,-0.90630778703665,-0.4226182617406991,0.0,29.414634146341463,26.59,2613.7741935483873,0.0,0.0,5186.0,5186.0,1.0,0.0,0.0,0.0,0.0,0.0,1,여수,5,1,2022,spring,0,31.253653439999997,117.31849487999999,2068.2512533439995,2590.1178137279994,104.1788448,138.948447744
2022-05-04,203.52952857600002,2301.5086588800004,107.546853168,2.0,5187.967741935484,65.78,36.01,14.2,70.0,2.861111111111111,5.388888888888888,-0.587785252292473,-0.8090169943749475,0.0,24.466019417475728,26.89,2613.7741935483873,0.0,0.0,5183.0,5183.0,1.0,0.0,0.0,0.0,0.0,0.0,1,여수,5,2,2022,spring,0,39.325326335999996,300.76276521600005,2167.073433648,2745.171317376,105.95990707199998,122.788468368
2022-05-05,14.107551120000004,2165.722007904,99.83805407999999,2.0,5187.967741935484,65.78,36.01,16.0,77.0,2.055555555555556,3.8333333333333335,-0.0523359562429435,-0.9986295347545738,0.0,37.45945945945945,26.31,2613.7741935483873,0.0,0.0,5178.0,5178.0,1.0,0.0,0.0,0.0,0.0,0.0,1,여수,5,3,2022,spring,0,203.52952857600002,565.5403088639999,2301.5086588800004,2666.014922592,107.546853168,127.31357663999998
2022-05-06,0.0,2149.52960664,104.56513243200001,2.0,5187.967741935484,65.78,36.01,17.9,73.0,2.111111111111111,4.277777777777778,0.6156614753256584,-0.7880107536067219,0.0,34.578947368421055,25.77,2613.7741935483873,0.0,0.0,5187.0,5187.0,1.0,0.0,0.0,0.0,0.0,0.0,1,여수,5,4,2022,spring,0,14.107551120000004,482.64942527999995,2165.722007904,2425.9953384,99.83805407999999,118.22473296
2022-05-07,0.0,2155.498111584,98.925439104,2.0,5187.967741935484,65.78,36.01,19.7,65.0,3.5,6.333333333333333,-0.8571673007021123,0.5150380749100542,0.0,18.571428571428573,23.96,2613.7741935483873,0.0,0.0,5182.0,5182.0,1.0,0.0,0.0,0.0,0.0,0.0,1,여수,5,5,2022,spring,0,0.0,275.37146899199996,2149.52960664,2497.698813024,104.56513243200001,123.22558886399999
2022-05-08,325.37029104000004,2109.0846888,93.412760976,2.0,5187.967741935484,65.78,36.01,16.6,62.0,4.555555555555555,5.861111111111112,0.9961946980917455,0.0871557427476581,0.0,13.609756097560975,25.06,2613.7741935483873,0.0,0.0,5221.0,5221.0,1.0,0.0,0.0,0.0,0.0,0.0,1,여수,5,6,2022,spring,0,0.0,13.830141024,2155.498111584,1959.165949968,98.925439104,97.79885438400001
2022-05-09,646.773717888,2041.7808273120002,100.67704099200002,2.0,5187.967741935484,65.78,36.01,16.4,60.0,3.416666666666667,5.083333333333333,0.9612616959383188,0.2756373558169991,0.3,17.560975609756095,23.28,2613.7741935483873,0.0,0.0,5200.0,5200.0,1.0,0.0,0.0,0.0,0.0,0.0,1,여수,5,0,2022,spring,0,325.37029104000004,31.253653439999997,2109.0846888,2068.2512533439995,93.412760976,104.1788448
2022-05-10,442.372809024,2078.366118624,104.88181622400002,2.0,5187.967741935484,65.78,36.01,16.3,59.0,4.111111111111112,5.527777777777778,0.9455185755993168,0.3255681544571567,1.4,14.351351351351347,19.69,2613.7741935483873,0.0,0.0,5180.0,5180.0,1.0,0.0,0.0,0.0,0.0,0.0,1,여수,5,1,2022,spring,0,646.773717888,39.325326335999996,2041.7808273120002,2167.073433648,100.67704099200002,105.95990707199998
2022-05-11,96.68189808,2145.223669104,104.20160126399999,2.0,5187.967741935484,65.78,36.01,18.2,71.0,1.6388888888888888,2.8055555555555554,0.992546151641322,-0.1218693434051473,2.8,43.32203389830509,21.61,2613.7741935483873,0.0,0.0,5184.0,5184.0,1.0,0.0,0.0,0.0,0.0,0.0,1,여수,5,2,2022,spring,0,442.372809024,203.52952857600002,2078.366118624,2301.5086588800004,104.88181622400002,107.546853168
2022-05-12,0.0,2172.667449168,94.1532444,2.0,5187.967741935484,65.78,36.01,19.6,81.0,2.305555555555556,3.416666666666667,0.9876883405951378,0.1564344650402309,2.2,35.132530120481924,18.2,2613.7741935483873,0.0,0.0,5186.0,5186.0,1.0,0.0,0.0,0.0,0.0,0.0,1,여수,5,3,2022,spring,0,96.68189808,14.107551120000004,2145.223669104,2165.722007904,104.20160126399999,99.83805407999999
2022-05-13,0.0,2169.6038759519997,94.370442336,2.0,5187.967741935484,65.78,36.01,17.9,79.0,1.8611111111111112,3.944444444444444,0.4226182617406995,-0.90630778703665,0.1,42.44776119402985,11.69,2613.7741935483873,0.0,0.0,5183.0,5183.0,1.0,0.0,0.0,0.0,0.0,0.0,1,여수,5,4,2022,spring,0,0.0,0.0,2172.667449168,2149.52960664,94.1532444,104.56513243200001
2022-05-14,0.0,2128.89413592,98.14432377600001,2.0,5187.967741935484,65.78,36.01,17.9,43.0,5.249999999999999,6.972222222222222,-0.7431448254773946,0.6691306063588578,0.0,8.190476190476192,26.64,2613.7741935483873,0.0,0.0,5193.0,5193.0,1.0,0.0,0.0,0.0,0.0,0.0,1,여수,5,5,2022,spring,0,0.0,0.0,2169.6038759519997,2155.498111584,94.370442336,98.925439104
2022-05-15,0.0,2092.46382432,98.147570832,2.0,5187.967741935484,65.78,36.01,15.9,41.0,3.083333333333333,5.944444444444444,-0.9702957262759966,0.2419218955996674,0.0,13.297297297297298,24.62,2613.7741935483873,0.0,0.0,5188.0,5188.0,1.0,0.0,0.0,0.0,0.0,0.0,1,여수,5,6,2022,spring,0,0.0,325.37029104000004,2128.89413592,2109.0846888,98.14432377600001,93.412760976
2022-05-16,0.0,2142.77759424,103.48777727999999,2.0,5187.967741935484,65.78,36.01,17.2,43.0,3.222222222222222,7.0,-0.9510565162951536,-0.3090169943749475,0.0,13.3448275862069,26.64,2613.7741935483873,0.0,0.0,5190.0,5190.0,1.0,0.0,0.0,0.0,0.0,0.0,1,여수,5,0,2022,spring,0,0.0,646.773717888,2092.46382432,2041.7808273120002,98.147570832,100.67704099200002
2022-05-17,2.2184092800000004,2210.95559808,107.59285008,2.0,5187.967741935484,65.78,36.01,18.5,55.0,2.972222222222222,5.111111111111111,-0.9271838545667872,-0.3746065934159123,0.0,18.504672897196265,25.72,2613.7741935483873,0.0,0.0,5185.0,5185.0,1.0,0.0,0.0,0.0,0.0,0.0,1,여수,5,1,2022,spring,0,0.0,442.372809024,2142.77759424,2078.366118624,103.48777727999999,104.88181622400002
2022-05-18,18.625563936000006,2187.612396432,106.27527657600001,2.0,5187.967741935484,65.78,36.01,19.2,59.0,3.3611111111111107,6.388888888888888,-0.7660444431189779,-0.6427876096865395,0.0,17.553719008264466,27.14,2613.7741935483873,0.0,0.0,5182.0,5182.0,1.0,0.0,0.0,0.0,0.0,0.0,1,여수,5,2,2022,spring,0,2.2184092800000004,96.68189808,2210.95559808,2145.223669104,107.59285008,104.20160126399999
2022-05-19,122.273369856,2134.416317616,104.005602288,2.0,5187.967741935484,65.78,36.01,19.1,51.0,2.861111111111111,4.611111111111112,-0.754709580222772,-0.6560590289905073,0.0,17.825242718446603,17.07,2613.7741935483873,0.0,0.0,5178.0,5178.0,1.0,0.0,0.0,0.0,0.0,0.0,1,여수,5,3,2022,spring,0,18.625563936000006,0.0,2187.612396432,2172.667449168,106.27527657600001,94.1532444
2022-05-20,170.01165312,2119.074856416,103.069564704,2.0,5187.967741935484,65.78,36.01,19.1,65.0,1.972222222222222,3.6666666666666665,-0.6946583704589974,-0.7193398003386511,0.0,32.95774647887324,17.15,2613.7741935483873,0.0,0.0,5179.0,5179.0,1.0,0.0,0.0,0.0,0.0,0.0,1,여수,5,4,2022,spring,0,122.273369856,0.0,2134.416317616,2169.6038759519997,104.005602288,94.370442336
2022-05-21,117.87380020799999,2126.2251821759996,94.51142539199999,2.0,5187.967741935484,65.78,36.01,21.7,59.0,2.694444444444444,5.805555555555555,-0.8910065241883679,0.4539904997395466,0.0,21.89690721649485,25.5,2613.7741935483873,0.0,0.0,5187.0,5187.0,1.0,0.0,0.0,0.0,0.0,0.0,1,여수,5,5,2022,spring,0,170.01165312,0.0,2119.074856416,2128.89413592,103.069564704,98.14432377600001
2022-05-22,122.17313951999999,2113.3727854559997,91.62985464,2.0,5187.967741935484,65.78,36.01,23.0,52.0,4.944444444444445,6.972222222222222,-0.9563047559630354,0.2923717047227367,0.0,10.516853932584269,27.06,2613.7741935483873,0.0,0.0,5192.0,5192.0,1.0,0.0,0.0,0.0,0.0,0.0,1,여수,5,6,2022,spring,0,117.87380020799999,0.0,2126.2251821759996,2092.46382432,94.51142539199999,98.147570832
2022-05-23,163.681420032,2093.339519424,93.38234860800002,2.0,5187.967741935484,65.78,36.01,20.9,67.0,2.694444444444444,4.888888888888889,-0.275637355816999,-0.9612616959383188,0.0,24.865979381443303,22.74,2613.7741935483873,0.0,0.0,5189.0,5189.0,1.0,0.0,0.0,0.0,0.0,0.0,1,여수,5,0,2022,spring,0,122.17313951999999,0.0,2113.3727854559997,2142.77759424,91.62985464,103.48777727999999
2022-05-24,189.11020406400002,2130.2714612159994,102.568246272,2.0,5187.967741935484,65.78,36.01,22.4,55.0,2.4444444444444446,4.916666666666666,-0.587785252292473,-0.8090169943749475,0.0,22.499999999999996,26.86,2613.7741935483873,0.0,0.0,5193.0,5193.0,1.0,0.0,0.0,0.0,0.0,0.0,1,여수,5,1,2022,spring,0,163.681420032,2.2184092800000004,2093.339519424,2210.95559808,93.38234860800002,107.59285008
2022-05-25,346.16869948799996,2166.84958608,109.946662416,2.0,5187.967741935484,65.78,36.01,21.6,63.0,2.694444444444444,5.416666666666667,-0.3090169943749473,-0.9510565162951536,0.0,23.38144329896907,26.28,2613.7741935483873,0.0,0.0,5185.0,5185.0,1.0,0.0,0.0,0.0,0.0,0.0,1,여수,5,2,2022,spring,0,189.11020406400002,18.625563936000006,2130.2714612159994,2187.612396432,102.568246272,106.27527657600001
2022-05-26,347.729351328,2141.486298432,107.32086720000001,2.0,5187.967741935484,65.78,36.01,22.1,46.0,4.527777777777778,5.527777777777778,-0.8829475928589271,0.4694715627858904,0.0,10.159509202453988,26.04,2613.7741935483873,0.0,0.0,5190.0,5190.0,1.0,0.0,0.0,0.0,0.0,0.0,1,여수,5,3,2022,spring,0,346.16869948799996,122.273369856,2166.84958608,2134.416317616,109.946662416,104.005602288
2022-05-27,21.461906880000004,2133.866529936,102.49041715199998,2.0,5187.967741935484,65.78,36.01,21.9,50.0,4.888888888888889,8.11111111111111,-0.9993908270190958,-0.0348994967025007,0.1,10.227272727272728,25.18,2613.7741935483873,0.0,0.0,5181.0,5181.0,1.0,0.0,0.0,0.0,0.0,0.0,1,여수,5,4,2022,spring,0,347.729351328,170.01165312,2141.486298432,2119.074856416,107.32086720000001,103.069564704
2022-05-28,0.0,2132.9366078880003,101.82452184,2.0,5187.967741935484,65.78,36.01,22.1,57.0,3.638888888888889,5.75,-0.8386705679454242,-0.544639035015027,0.0,15.66412213740458,23.64,2613.7741935483873,0.0,0.0,5183.0,5183.0,1.0,0.0,0.0,0.0,0.0,0.0,1,여수,5,5,2022,spring,0,21.461906880000004,117.87380020799999,2133.866529936,2126.2251821759996,102.49041715199998,94.51142539199999
2022-05-29,0.0,2133.629882496,102.979026432,2.0,5187.967741935484,65.78,36.01,20.9,63.0,2.5833333333333335,3.6944444444444446,0.1218693434051475,-0.992546151641322,0.7,24.387096774193548,26.06,2613.7741935483873,0.0,0.0,5195.999997999999,5195.999997999999,1.0,0.0,0.0,0.0,0.0,0.0,1,여수,5,6,2022,spring,0,0.0,122.17313951999999,2132.9366078880003,2113.3727854559997,101.82452184,91.62985464
2022-05-30,381.47054688,2132.376993504,105.01155503999999,2.0,5187.967741935484,65.78,36.01,21.6,69.0,3.5,6.138888888888889,-0.7431448254773946,0.6691306063588578,0.1,19.714285714285715,15.73,2613.7741935483873,0.0,0.0,5184.0,5184.0,1.0,0.0,0.0,0.0,0.0,0.0,1,여수,5,0,2022,spring,0,0.0,163.681420032,2133.629882496,2093.339519424,102.979026432,93.38234860800002
2022-05-31,620.819476992,2163.5740584,90.083945088,2.0,5187.967741935484,65.78,36.01,21.5,51.0,4.0,6.499999999999999,-0.9455185755993168,-0.3255681544571566,0.0,12.75,27.96,2613.7741935483873,0.0,0.0,5186.0,5186.0,1.0,0.0,0.0,0.0,0.0,0.0,1,여수,5,1,2022,spring,0,381.47054688,189.11020406400002,2132.376993504,2130.2714612159994,105.01155503999999,102.568246272
2022-06-01,373.798463904,2194.2895752,69.466971168,2.0,5714.366666666667,61.4568411197508,35.294715541529825,21.3,58.0,2.4166666666666665,3.9166666666666665,-0.0348994967025009,-0.9993908270190958,0.0,24.0,23.79,2863.2,26.033333333333335,0.0,5183.0,5183.0,0.9909895358630317,0.009010464136968285,0.0,0.0,0.0,0.0,1,여수,6,2,2022,summer,0,620.819476992,346.16869948799996,2163.5740584,2166.84958608,90.083945088,109.946662416
2022-06-02,209.90271686399998,2193.989832144,69.234927552,2.0,5714.366666666667,61.4568411197508,35.294715541529825,21.1,73.0,3.4722222222222223,6.277777777777778,-0.8191520442889916,-0.5735764363510464,0.0,21.024,27.54,2863.2,26.033333333333335,0.0,5186.0,5186.0,0.9909895358630317,0.009010464136968285,0.0,0.0,0.0,0.0,1,여수,6,3,2022,summer,0,373.798463904,347.729351328,2194.2895752,2141.486298432,69.466971168,107.32086720000001
2022-06-03,272.02005518399994,2167.1798801759996,78.02115955199999,2.0,5714.366666666667,61.4568411197508,35.294715541529825,22.0,71.0,3.638888888888889,6.277777777777778,0.8829475928589269,-0.4694715627858909,0.0,19.51145038167939,27.06,2863.2,26.033333333333335,0.0,5193.0,5193.0,0.9909895358630317,0.009010464136968285,0.0,0.0,0.0,0.0,1,여수,6,4,2022,summer,0,209.90271686399998,21.461906880000004,2193.989832144,2133.866529936,69.234927552,102.49041715199998
2022-06-04,308.3100552,2131.7512573440004,78.94444320000001,2.0,5714.366666666667,61.4568411197508,35.294715541529825,20.7,69.0,4.5,5.611111111111111,0.9993908270190958,0.034899496702501,0.0,15.333333333333334,21.34,2863.2,26.033333333333335,0.0,5178.0,5178.0,0.9909895358630317,0.009010464136968285,0.0,0.0,0.0,0.0,1,여수,6,5,2022,summer,0,272.02005518399994,0.0,2167.1798801759996,2132.9366078880003,78.02115955199999,101.82452184
2022-06-05,267.590926944,2123.830609632,79.3253736,2.0,5714.366666666667,61.4568411197508,35.294715541529825,18.1,93.0,5.555555555555555,7.638888888888888,0.9659258262890684,0.2588190451025207,35.3,16.740000000000002,4.5,2863.2,26.033333333333335,0.0,5186.0,5186.0,0.9909895358630317,0.009010464136968285,0.0,0.0,0.0,0.0,1,여수,6,6,2022,summer,0,308.3100552,0.0,2131.7512573440004,2133.629882496,78.94444320000001,102.979026432
2022-06-06,671.24155392,2333.8067055839997,157.32223919999998,2.0,5714.366666666667,61.4568411197508,35.294715541529825,19.8,79.0,3.4722222222222223,5.166666666666667,0.3090169943749474,0.9510565162951536,1.0,22.752,21.97,2863.2,26.033333333333335,0.0,5185.0,5185.0,0.9909895358630317,0.009010464136968285,0.0,0.0,0.0,0.0,1,여수,6,0,2022,summer,0,267.590926944,381.47054688,2123.830609632,2132.376993504,79.3253736,105.01155503999999
2022-06-07,679.682498544,2901.474292608,381.69361987200006,2.0,5714.366666666667,61.4568411197508,35.294715541529825,18.6,77.0,3.7777777777777777,5.388888888888888,0.9876883405951378,-0.1564344650402308,0.6,20.38235294117647,20.03,2863.2,26.033333333333335,0.0,5363.0,5363.0,0.9909895358630317,0.009010464136968285,0.0,0.0,0.0,0.0,1,여수,6,1,2022,summer,0,671.24155392,620.819476992,2333.8067055839997,2163.5740584,157.32223919999998,90.083945088
2022-06-08,580.685184,3003.413324688,462.22540646400006,2.0,5714.366666666667,61.4568411197508,35.294715541529825,18.2,80.0,3.5833333333333335,4.027777777777778,0.9998476951563912,0.0174524064372836,2.1,22.32558139534884,22.49,2863.2,26.033333333333335,0.0,5660.0,5660.0,0.9909895358630317,0.009010464136968285,0.0,0.0,0.0,0.0,1,여수,6,2,2022,summer,0,679.682498544,373.798463904,2901.474292608,2194.2895752,381.69361987200006,69.466971168
2022-06-09,276.7700304,2779.290481536,475.95180960000005,2.0,5714.366666666667,61.4568411197508,35.294715541529825,18.8,78.0,2.5277777777777777,3.4722222222222223,0.992546151641322,-0.1218693434051473,0.3,30.857142857142858,26.52,2863.2,26.033333333333335,0.0,5689.0,5689.0,0.9909895358630317,0.009010464136968285,0.0,0.0,0.0,0.0,1,여수,6,3,2022,summer,0,580.685184,209.90271686399998,3003.413324688,2193.989832144,462.22540646400006,69.234927552
2022-06-10,257.99876726400004,2747.838492288,416.437844256,2.0,5714.366666666667,61.4568411197508,35.294715541529825,19.9,79.0,2.1666666666666665,4.25,0.9961946980917455,-0.0871557427476582,0.0,36.46153846153847,21.77,2863.2,26.033333333333335,0.0,5272.0,5272.0,0.9909895358630317,0.009010464136968285,0.0,0.0,0.0,0.0,1,여수,6,4,2022,summer,0,276.7700304,272.02005518399994,2779.290481536,2167.1798801759996,475.95180960000005,78.02115955199999
2022-06-11,770.524320384,2746.6469945279996,413.83929844799997,2.0,5714.366666666667,61.4568411197508,35.294715541529825,21.2,79.0,2.388888888888889,5.0,0.9945218953682732,0.1045284632676534,0.1,33.06976744186046,19.79,2863.2,26.033333333333335,0.0,5187.0,5187.0,0.9909895358630317,0.009010464136968285,0.0,0.0,0.0,0.0,1,여수,6,5,2022,summer,0,257.99876726400004,308.3100552,2747.838492288,2131.7512573440004,416.437844256,78.94444320000001
2022-06-12,719.816523264,2756.3717897280003,406.6220183040001,2.0,5714.366666666667,61.4568411197508,35.294715541529825,20.4,76.0,3.3611111111111107,4.694444444444444,0.9993908270190958,0.034899496702501,0.0,22.611570247933887,24.32,2863.2,26.033333333333335,0.0,5185.0,5185.0,0.9909895358630317,0.009010464136968285,0.0,0.0,0.0,0.0,1,여수,6,6,2022,summer,0,770.524320384,267.590926944,2746.6469945279996,2123.830609632,413.83929844799997,79.3253736
2022-06-13,592.5506165279999,2756.3065640639998,400.6871789759999,2.0,5714.366666666667,61.4568411197508,35.294715541529825,19.2,78.0,5.055555555555555,6.25,0.9455185755993168,0.3255681544571567,3.8,15.428571428571429,8.37,2863.2,26.033333333333335,0.0,5185.0,5185.0,0.9909895358630317,0.009010464136968285,0.0,0.0,0.0,0.0,1,여수,6,0,2022,summer,0,719.816523264,671.24155392,2756.3717897280003,2333.8067055839997,406.6220183040001,157.32223919999998
2022-06-14,540.6376147199999,2796.9542484479994,403.86276,2.0,5714.366666666667,61.4568411197508,35.294715541529825,18.0,86.0,6.472222222222222,7.527777777777778,0.7771459614569709,0.6293203910498374,4.0,13.28755364806867,8.82,2863.2,26.033333333333335,0.0,5184.0,5184.0,0.9909895358630317,0.009010464136968285,0.0,0.0,0.0,0.0,1,여수,6,1,2022,summer,0,592.5506165279999,679.682498544,2756.3065640639998,2901.474292608,400.6871789759999,381.69361987200006
2022-06-15,308.566523376,2408.5637843040004,432.86540558400003,2.0,5714.366666666667,61.4568411197508,35.294715541529825,19.9,85.0,3.4722222222222223,5.583333333333334,-0.5446390350150271,-0.838670567945424,0.7,24.48,19.9,2863.2,26.033333333333335,0.0,5190.0,5190.0,0.9909895358630317,0.009010464136968285,0.0,0.0,0.0,0.0,1,여수,6,2,2022,summer,0,540.6376147199999,580.685184,2796.9542484479994,3003.413324688,403.86276,462.22540646400006
2022-06-16,31.868960255999998,2191.573522944,251.82613828799995,2.0,5714.366666666667,61.4568411197508,35.294715541529825,22.6,75.0,3.888888888888889,5.833333333333333,-0.9510565162951536,-0.3090169943749475,0.1,19.285714285714285,26.39,2863.2,26.033333333333335,0.0,5185.0,5185.0,0.9909895358630317,0.009010464136968285,0.0,0.0,0.0,0.0,1,여수,6,3,2022,summer,0,308.566523376,276.7700304,2408.5637843040004,2779.290481536,432.86540558400003,475.95180960000005
2022-06-17,33.070183776,2198.111529168,114.563992896,2.0,5714.366666666667,61.4568411197508,35.294715541529825,21.9,84.0,2.5555555555555554,4.805555555555555,-0.587785252292473,-0.8090169943749475,0.0,32.869565217391305,25.21,2863.2,26.033333333333335,0.0,5183.0,5183.0,0.9909895358630317,0.009010464136968285,0.0,0.0,0.0,0.0,1,여수,6,4,2022,summer,0,31.868960255999998,257.99876726400004,2191.573522944,2747.838492288,251.82613828799995,416.437844256
2022-06-18,284.584982688,2161.4500186560003,183.568175856,2.0,5714.366666666667,61.4568411197508,35.294715541529825,23.3,80.0,3.2499999999999996,5.777777777777778,-0.8090169943749473,-0.5877852522924732,0.1,24.61538461538462,24.11,2863.2,26.033333333333335,0.0,5192.0,5192.0,0.9909895358630317,0.009010464136968285,0.0,0.0,0.0,0.0,1,여수,6,5,2022,summer,0,33.070183776,770.524320384,2198.111529168,2746.6469945279996,114.563992896,413.83929844799997
2022-06-19,19.500525791999998,2159.7153222239995,146.25394344,2.0,5714.366666666667,61.4568411197508,35.294715541529825,23.5,83.0,2.972222222222222,5.222222222222222,-0.7431448254773944,-0.6691306063588581,0.5,27.925233644859816,22.73,2863.2,26.033333333333335,0.0,5180.0,5180.0,0.9909895358630317,0.009010464136968285,0.0,0.0,0.0,0.0,1,여수,6,6,2022,summer,0,284.584982688,719.816523264,2161.4500186560003,2756.3717897280003,183.568175856,406.6220183040001
2022-06-20,0.0,2154.340535184,115.71055156800001,2.0,5714.366666666667,61.4568411197508,35.294715541529825,23.2,89.0,1.9166666666666667,4.222222222222222,-0.1045284632676535,-0.9945218953682732,0.2,46.43478260869565,18.37,2863.2,26.033333333333335,0.0,5181.0,5181.0,0.9909895358630317,0.009010464136968285,0.0,0.0,0.0,0.0,1,여수,6,0,2022,summer,0,19.500525791999998,592.5506165279999,2159.7153222239995,2756.3065640639998,146.25394344,400.6871789759999
2022-06-21,0.0,2121.0106756319997,106.8095664,2.0,5714.366666666667,61.4568411197508,35.294715541529825,24.4,82.0,2.4166666666666665,5.166666666666667,0.9396926207859084,-0.3420201433256687,0.0,33.93103448275862,24.43,2863.2,26.033333333333335,0.0,5177.0,5177.0,0.9909895358630317,0.009010464136968285,0.0,0.0,0.0,0.0,1,여수,6,1,2022,summer,0,0.0,540.6376147199999,2154.340535184,2796.9542484479994,115.71055156800001,403.86276
2022-06-22,0.0,2265.939789408,156.726687744,2.0,5714.366666666667,61.4568411197508,35.294715541529825,24.7,83.0,3.2499999999999996,5.555555555555555,-0.5000000000000001,-0.8660254037844386,0.0,25.538461538461544,25.87,2863.2,26.033333333333335,0.0,5177.0,5177.0,0.9909895358630317,0.009010464136968285,0.0,0.0,0.0,0.0,1,여수,6,2,2022,summer,0,0.0,308.566523376,2121.0106756319997,2408.5637843040004,106.8095664,432.86540558400003
2022-06-23,5.710845600000001,2256.0089647679997,110.823243696,2.0,5714.366666666667,61.4568411197508,35.294715541529825,24.1,91.0,4.194444444444445,6.888888888888889,-0.2419218955996675,-0.9702957262759964,21.0,21.69536423841059,13.72,2863.2,26.033333333333335,0.0,5344.0,5344.0,0.9909895358630317,0.009010464136968285,0.0,0.0,0.0,0.0,1,여수,6,3,2022,summer,0,0.0,31.868960255999998,2265.939789408,2191.573522944,156.726687744,251.82613828799995
2022-06-24,4.563475199999999,2323.6658726400005,117.09256608,2.0,5714.366666666667,61.4568411197508,35.294715541529825,24.4,90.0,6.416666666666667,9.694444444444445,-0.7771459614569706,-0.6293203910498378,22.9,14.025974025974026,14.21,2863.2,26.033333333333335,0.0,5439.0,5439.0,0.9909895358630317,0.009010464136968285,0.0,0.0,0.0,0.0,1,여수,6,4,2022,summer,0,5.710845600000001,33.070183776,2256.0089647679997,2198.111529168,110.823243696,114.563992896
2022-06-25,71.717036832,2597.95182024,134.62612228800003,2.0,5714.366666666667,61.4568411197508,35.294715541529825,24.0,91.0,4.25,6.527777777777778,-0.4383711467890774,-0.8987940462991669,0.8,21.41176470588235,13.09,2863.2,26.033333333333335,0.0,5185.0,5185.0,0.9909895358630317,0.009010464136968285,0.0,0.0,0.0,0.0,1,여수,6,5,2022,summer,0,4.563475199999999,284.584982688,2323.6658726400005,2161.4500186560003,117.09256608,183.568175856
2022-06-26,19.266631488,2704.9623655679998,175.62690432000002,2.0,5714.366666666667,61.4568411197508,35.294715541529825,23.7,92.0,4.777777777777778,7.611111111111111,-0.3255681544571567,-0.9455185755993168,3.4,19.25581395348837,10.95,2863.2,26.033333333333335,0.0,5185.0,5185.0,0.9909895358630317,0.009010464136968285,0.0,0.0,0.0,0.0,1,여수,6,6,2022,summer,0,71.717036832,19.500525791999998,2597.95182024,2159.7153222239995,134.62612228800003,146.25394344
2022-06-27,6.913359936,2509.691724288,140.86152835200002,2.0,5714.366666666667,61.4568411197508,35.294715541529825,23.7,94.0,5.694444444444445,7.138888888888888,-0.0871557427476579,-0.9961946980917455,21.8,16.507317073170732,8.96,2863.2,26.033333333333335,0.0,5318.0,5318.0,0.9909895358630317,0.009010464136968285,0.0,0.0,0.0,0.0,1,여수,6,0,2022,summer,0,19.266631488,0.0,2704.9623655679998,2154.340535184,175.62690432000002,115.71055156800001
2022-06-28,80.77599936,2470.67889336,178.65445104,2.0,5714.366666666667,61.4568411197508,35.294715541529825,24.9,89.0,7.611111111111111,8.777777777777779,-0.1908089953765447,-0.981627183447664,0.5,11.693430656934307,18.9,2863.2,26.033333333333335,0.0,6545.0,6545.0,0.9909895358630317,0.009010464136968285,0.0,0.0,0.0,0.0,1,여수,6,1,2022,summer,0,6.913359936,0.0,2509.691724288,2121.0106756319997,140.86152835200002,106.8095664
2022-06-29,302.250799872,4575.698432784,194.996359008,2.0,5714.366666666667,61.4568411197508,35.294715541529825,24.6,90.0,6.555555555555555,7.666666666666667,-0.275637355816999,-0.9612616959383188,4.3,13.728813559322036,16.62,2863.2,26.033333333333335,0.0,12103.0,12103.0,0.9909895358630317,0.009010464136968285,0.0,0.0,0.0,0.0,1,여수,6,2,2022,summer,0,80.77599936,0.0,2470.67889336,2265.939789408,178.65445104,156.726687744
2022-06-30,487.663825104,4211.393005583999,232.98854932799998,2.0,5714.366666666667,61.4568411197508,35.294715541529825,25.3,90.0,4.694444444444444,6.083333333333333,-0.2588190451025208,-0.9659258262890684,0.7,19.1715976331361,23.89,2863.2,26.033333333333335,0.0,11011.0,11011.0,0.9909895358630317,0.009010464136968285,0.0,0.0,0.0,0.0,1,여수,6,3,2022,summer,0,302.250799872,5.710845600000001,4575.698432784,2256.0089647679997,194.996359008,110.823243696
2022-07-01,74.913309216,4505.013655056,200.67821279999998,2.0,9829.677419354839,66.45006697952219,35.95188993174062,25.6,90.0,2.0,3.3888888888888884,0.3255681544571566,-0.9455185755993168,0.0,45.0,20.86,5305.967741935484,28.322580645161292,0.0,11767.0,11767.0,0.9946904688473238,0.005309531152676234,0.0,0.0,0.0,0.0,1,여수,7,4,2022,summer,0,487.663825104,4.563475199999999,4211.393005583999,2323.6658726400005,232.98854932799998,117.09256608
2022-07-02,0.0,2414.781168768,1682.629944048,2.0,9829.677419354839,66.45006697952219,35.95188993174062,26.4,80.0,1.9166666666666667,3.638888888888889,0.9975640502598242,0.0697564737441252,0.0,41.73913043478261,22.86,5305.967741935484,28.322580645161292,0.0,7648.0,7648.0,0.9946904688473238,0.005309531152676234,0.0,0.0,0.0,0.0,1,여수,7,5,2022,summer,0,74.913309216,71.717036832,4505.013655056,2597.95182024,200.67821279999998,134.62612228800003
2022-07-03,0.0,2280.043531872,97.382297376,2.0,9829.677419354839,66.45006697952219,35.95188993174062,27.3,76.0,1.9166666666666667,3.638888888888889,0.9205048534524404,-0.3907311284892737,0.0,39.65217391304348,24.12,5305.967741935484,28.322580645161292,0.0,6575.0,6575.0,0.9946904688473238,0.005309531152676234,0.0,0.0,0.0,0.0,1,여수,7,6,2022,summer,0,0.0,19.266631488,2414.781168768,2704.9623655679998,1682.629944048,175.62690432000002
2022-07-04,37.93348195200001,3608.846737344,1235.891078496,2.0,9829.677419354839,66.45006697952219,35.95188993174062,26.8,80.0,2.972222222222222,4.027777777777778,0.838670567945424,-0.5446390350150272,1.0,26.915887850467293,23.81,5305.967741935484,28.322580645161292,0.0,9705.0,9705.0,0.9946904688473238,0.005309531152676234,0.0,0.0,0.0,0.0,1,여수,7,0,2022,summer,0,0.0,6.913359936,2280.043531872,2509.691724288,97.382297376,140.86152835200002
2022-07-05,0.0,4506.707322864,197.760322512,2.0,9829.677419354839,66.45006697952219,35.95188993174062,27.1,80.0,2.138888888888889,5.111111111111111,-0.6293203910498376,-0.7771459614569708,0.2,37.4025974025974,20.93,5305.967741935484,28.322580645161292,0.0,12211.0,12211.0,0.9946904688473238,0.005309531152676234,0.0,0.0,0.0,0.0,1,여수,7,1,2022,summer,0,37.93348195200001,80.77599936,3608.846737344,2470.67889336,1235.891078496,178.65445104
2022-07-06,0.0,0.0,0.0,1.0,9829.677419354839,66.45006697952219,35.95188993174062,27.1,86.0,3.083333333333333,4.861111111111111,0.3746065934159122,-0.9271838545667872,0.7,27.891891891891895,20.33,5305.967741935484,28.322580645161292,0.0,12103.0,12103.0,0.9946904688473238,0.005309531152676234,0.0,0.0,0.0,0.0,1,여수,7,2,2022,summer,0,0.0,302.250799872,4506.707322864,4575.698432784,197.760322512,194.996359008
2022-07-07,0.0,0.0,0.0,1.0,9829.677419354839,66.45006697952219,35.95188993174062,27.2,87.0,4.138888888888889,6.638888888888888,0.0174524064372834,-0.9998476951563912,0.1,21.020134228187917,23.13,5305.967741935484,28.322580645161292,0.0,13148.0,13148.0,0.9946904688473238,0.005309531152676234,0.0,0.0,0.0,0.0,1,여수,7,3,2022,summer,0,0.0,487.663825104,0.0,4211.393005583999,0.0,232.98854932799998
2022-07-08,0.0,0.0,0.0,1.0,9829.677419354839,66.45006697952219,35.95188993174062,27.2,87.0,3.3055555555555554,4.527777777777778,-0.9335804264972016,-0.3583679495453007,11.6,26.31932773109244,15.61,5305.967741935484,28.322580645161292,0.0,11094.0,11094.0,0.9946904688473238,0.005309531152676234,0.0,0.0,0.0,0.0,1,여수,7,4,2022,summer,0,0.0,74.913309216,0.0,4505.013655056,0.0,200.67821279999998
2022-07-09,0.0,0.0,0.0,1.0,9829.677419354839,66.45006697952219,35.95188993174062,27.1,78.0,3.138888888888889,4.527777777777778,-0.9975640502598242,-0.0697564737441255,0.0,24.849557522123895,24.41,5305.967741935484,28.322580645161292,0.0,5870.0,5870.0,0.9946904688473238,0.005309531152676234,0.0,0.0,0.0,0.0,1,여수,7,5,2022,summer,0,0.0,0.0,0.0,2414.781168768,0.0,1682.629944048
2022-07-10,0.0,0.0,0.0,1.0,9829.677419354839,66.45006697952219,35.95188993174062,27.0,81.0,2.5,4.472222222222222,0.5591929034707469,-0.8290375725550416,0.0,32.4,23.87,5305.967741935484,28.322580645161292,0.0,6161.0,6161.0,0.9946904688473238,0.005309531152676234,0.0,0.0,0.0,0.0,1,여수,7,6,2022,summer,0,0.0,0.0,0.0,2280.043531872,0.0,97.382297376
2022-07-11,0.0,0.0,0.0,1.0,9829.677419354839,66.45006697952219,35.95188993174062,25.9,89.0,3.0555555555555554,4.972222222222221,-0.1218693434051473,-0.992546151641322,7.8,29.12727272727273,12.21,5305.967741935484,28.322580645161292,0.0,9477.0,9477.0,0.9946904688473238,0.005309531152676234,0.0,0.0,0.0,0.0,1,여수,7,0,2022,summer,0,0.0,37.93348195200001,0.0,3608.846737344,0.0,1235.891078496
2022-07-12,0.0,2087.42615712,115.90849612800001,2.0,9829.677419354839,66.45006697952219,35.95188993174062,25.4,85.0,3.5,5.222222222222222,0.9335804264972016,-0.3583679495453002,1.0,24.285714285714285,15.53,5305.967741935484,28.322580645161292,0.0,12331.0,12331.0,0.9946904688473238,0.005309531152676234,0.0,0.0,0.0,0.0,1,여수,7,1,2022,summer,0,0.0,0.0,0.0,4506.707322864,0.0,197.760322512
2022-07-13,0.0,2096.483811552,117.47998944000003,2.0,9829.677419354839,66.45006697952219,35.95188993174062,24.9,85.0,3.5,4.777777777777778,0.8090169943749475,-0.587785252292473,0.5,24.285714285714285,11.47,5305.967741935484,28.322580645161292,0.0,12100.0,12100.0,0.9946904688473238,0.005309531152676234,0.0,0.0,0.0,0.0,1,여수,7,2,2022,summer,0,0.0,0.0,2087.42615712,0.0,115.90849612800001,0.0
2022-07-14,0.0,2553.617195712,138.527851968,2.0,9829.677419354839,66.45006697952219,35.95188993174062,28.3,78.0,5.027777777777778,6.472222222222222,-0.9986295347545738,-0.0523359562429443,1.5,15.513812154696131,23.22,5305.967741935484,28.322580645161292,0.0,15002.0,15002.0,0.9946904688473238,0.005309531152676234,0.0,0.0,0.0,0.0,1,여수,7,3,2022,summer,0,0.0,0.0,2096.483811552,0.0,117.47998944000003,0.0
2022-07-15,0.0,344.731889664,1709.1154575360001,2.0,9829.677419354839,66.45006697952219,35.95188993174062,27.1,78.0,3.1666666666666665,5.805555555555555,-0.9781476007338056,-0.2079116908177598,0.7,24.63157894736842,24.68,5305.967741935484,28.322580645161292,0.0,8570.0,8570.0,0.9946904688473238,0.005309531152676234,0.0,0.0,0.0,0.0,1,여수,7,4,2022,summer,0,0.0,0.0,2553.617195712,0.0,138.527851968,0.0
2022-07-16,0.0,0.031126176000000002,6.481011168,2.0,9829.677419354839,66.45006697952219,35.95188993174062,27.3,68.0,3.75,6.111111111111111,-0.8910065241883679,0.4539904997395466,0.1,18.133333333333333,23.67,5305.967741935484,28.322580645161292,0.0,5865.0,5865.0,0.9946904688473238,0.005309531152676234,0.0,0.0,0.0,0.0,1,여수,7,5,2022,summer,0,0.0,0.0,344.731889664,0.0,1709.1154575360001,0.0
2022-07-17,0.0,0.018325728,4.2332431680000004,2.0,9829.677419354839,66.45006697952219,35.95188993174062,26.8,75.0,4.305555555555555,6.111111111111111,-0.9998476951563912,0.0174524064372831,2.5,17.41935483870968,20.15,5305.967741935484,28.322580645161292,0.0,6158.0,6158.0,0.9946904688473238,0.005309531152676234,0.0,0.0,0.0,0.0,1,여수,7,6,2022,summer,0,0.0,0.0,0.031126176000000002,0.0,6.481011168,0.0
2022-07-18,0.725341824,406.19142144,557.062520832,2.0,9829.677419354839,66.45006697952219,35.95188993174062,24.3,94.0,3.9722222222222223,6.916666666666666,-0.1908089953765447,-0.981627183447664,44.8,23.664335664335663,5.73,5305.967741935484,28.322580645161292,0.0,8097.0,8097.0,0.9946904688473238,0.005309531152676234,0.0,0.0,0.0,0.0,1,여수,7,0,2022,summer,0,0.0,0.0,0.018325728,0.0,4.2332431680000004,0.0
2022-07-19,0.9657604800000001,1843.6367563199997,103.33637136000002,2.0,9829.677419354839,66.45006697952219,35.95188993174062,26.9,80.0,4.222222222222222,5.805555555555555,-0.9961946980917455,0.0871557427476578,2.3,18.94736842105263,25.7,5305.967741935484,28.322580645161292,0.0,11416.0,11416.0,0.9946904688473238,0.005309531152676234,0.0,0.0,0.0,0.0,1,여수,7,1,2022,summer,0,0.725341824,0.0,406.19142144,2087.42615712,557.062520832,115.90849612800001
2022-07-20,18.2356272,1986.6702744000002,99.28285919999999,2.0,9829.677419354839,66.45006697952219,35.95188993174062,26.1,81.0,2.611111111111111,3.9722222222222223,-0.9455185755993168,-0.3255681544571566,0.0,31.02127659574468,23.5,5305.967741935484,28.322580645161292,0.0,11586.0,11586.0,0.9946904688473238,0.005309531152676234,0.0,0.0,0.0,0.0,1,여수,7,2,2022,summer,0,0.9657604800000001,0.0,1843.6367563199997,2096.483811552,103.33637136000002,117.47998944000003
2022-07-21,217.96431220799997,1952.721372384,102.512895696,2.0,9829.677419354839,66.45006697952219,35.95188993174062,26.2,81.0,6.111111111111111,9.277777777777777,-0.9961946980917455,-0.0871557427476582,10.5,13.254545454545456,23.09,5305.967741935484,28.322580645161292,0.0,11627.0,11627.0,0.9946904688473238,0.005309531152676234,0.0,0.0,0.0,0.0,1,여수,7,3,2022,summer,0,18.2356272,0.0,1986.6702744000002,2553.617195712,99.28285919999999,138.527851968
2022-07-22,76.93739625599999,1987.8959681279998,126.842734368,2.0,9829.677419354839,66.45006697952219,35.95188993174062,26.0,72.0,4.333333333333333,5.527777777777778,-0.9396926207859084,0.342020143325669,0.0,16.615384615384617,25.6,5305.967741935484,28.322580645161292,0.0,12599.0,12599.0,0.9946904688473238,0.005309531152676234,0.0,0.0,0.0,0.0,1,여수,7,4,2022,summer,0,217.96431220799997,0.0,1952.721372384,344.731889664,102.512895696,1709.1154575360001
2022-07-23,0.0,0.11541902400000001,8.749451087999999,2.0,9829.677419354839,66.45006697952219,35.95188993174062,24.5,86.0,2.7222222222222223,4.861111111111111,0.3746065934159122,-0.9271838545667872,0.4,31.59183673469388,18.6,5305.967741935484,28.322580645161292,0.0,6473.0,6473.0,0.9946904688473238,0.005309531152676234,0.0,0.0,0.0,0.0,1,여수,7,5,2022,summer,0,76.93739625599999,0.0,1987.8959681279998,0.031126176000000002,126.842734368,6.481011168
2022-07-24,0.011546639999999999,1.7435426399999998,43.28835336,2.0,9829.677419354839,66.45006697952219,35.95188993174062,25.9,85.0,5.027777777777778,6.416666666666667,-0.874619707139396,-0.4848096202463368,12.2,16.906077348066297,22.55,5305.967741935484,28.322580645161292,0.0,6366.0,6366.0,0.9946904688473238,0.005309531152676234,0.0,0.0,0.0,0.0,1,여수,7,6,2022,summer,0,0.0,0.0,0.11541902400000001,0.018325728,8.749451087999999,4.2332431680000004
2022-07-25,58.714338672,1141.2177780959998,201.113481888,2.0,9829.677419354839,66.45006697952219,35.95188993174062,26.2,83.0,2.75,3.9166666666666665,-0.984807753012208,-0.1736481776669303,0.0,30.181818181818183,24.18,5305.967741935484,28.322580645161292,0.0,9594.0,9594.0,0.9946904688473238,0.005309531152676234,0.0,0.0,0.0,0.0,1,여수,7,0,2022,summer,0,0.011546639999999999,0.725341824,1.7435426399999998,406.19142144,43.28835336,557.062520832
2022-07-26,0.0,2205.881597952,107.38571673599999,2.0,9829.677419354839,66.45006697952219,35.95188993174062,25.2,85.0,2.111111111111111,3.1111111111111107,0.7193398003386511,-0.6946583704589974,0.0,40.26315789473684,25.27,5305.967741935484,28.322580645161292,0.0,12825.0,12825.0,0.9946904688473238,0.005309531152676234,0.0,0.0,0.0,0.0,1,여수,7,1,2022,summer,0,58.714338672,0.9657604800000001,1141.2177780959998,1843.6367563199997,201.113481888,103.33637136000002
2022-07-27,8.192919168,2015.458115328,104.45971939200001,2.0,9829.677419354839,66.45006697952219,35.95188993174062,25.7,81.0,3.3611111111111107,4.305555555555555,0.9902680687415704,-0.1391731009600653,0.0,24.099173553719012,25.08,5305.967741935484,28.322580645161292,0.0,11213.0,11213.0,0.9946904688473238,0.005309531152676234,0.0,0.0,0.0,0.0,1,여수,7,2,2022,summer,0,0.0,18.2356272,2205.881597952,1986.6702744000002,107.38571673599999,99.28285919999999
2022-07-28,12.359850624000002,2195.5589199359997,113.485901184,2.0,9829.677419354839,66.45006697952219,35.95188993174062,26.8,81.0,3.6944444444444446,4.916666666666666,0.9986295347545738,-0.0523359562429438,0.5,21.924812030075188,22.38,5305.967741935484,28.322580645161292,0.0,12620.0,12620.0,0.9946904688473238,0.005309531152676234,0.0,0.0,0.0,0.0,1,여수,7,3,2022,summer,0,8.192919168,217.96431220799997,2015.458115328,1952.721372384,104.45971939200001,102.512895696
2022-07-29,134.438976576,4913.45808984,257.331402144,2.0,9829.677419354839,66.45006697952219,35.95188993174062,28.2,76.0,4.555555555555555,6.416666666666667,0.9781476007338056,0.2079116908177594,0.0,16.682926829268293,25.92,5305.967741935484,28.322580645161292,0.0,12177.0,12177.0,0.9946904688473238,0.005309531152676234,0.0,0.0,0.0,0.0,1,여수,7,4,2022,summer,0,12.359850624000002,76.93739625599999,2195.5589199359997,1987.8959681279998,113.485901184,126.842734368
2022-07-30,46.249692767999996,2503.688144256,207.15258916800002,2.0,9829.677419354839,66.45006697952219,35.95188993174062,27.3,79.0,6.027777777777778,7.444444444444445,0.9702957262759964,0.2419218955996676,1.9,13.10599078341014,11.84,5305.967741935484,28.322580645161292,0.0,6274.0,6274.0,0.9946904688473238,0.005309531152676234,0.0,0.0,0.0,0.0,1,여수,7,5,2022,summer,0,134.438976576,0.0,4913.45808984,0.11541902400000001,257.331402144,8.749451087999999
2022-07-31,25.874012735999997,2448.6631983360003,133.39821744000002,2.0,9829.677419354839,66.45006697952219,35.95188993174062,25.6,93.0,6.888888888888889,8.944444444444445,0.7547095802227721,-0.6560590289905072,59.2,13.5,4.07,5305.967741935484,28.322580645161292,0.0,6068.0,6068.0,0.9946904688473238,0.005309531152676234,0.0,0.0,0.0,0.0,1,여수,7,6,2022,summer,0,46.249692767999996,0.011546639999999999,2503.688144256,1.7435426399999998,207.15258916800002,43.28835336
2022-08-01,108.37121702399998,4160.920920192,310.004735904,2.0,12093.387096774193,75.60137798583604,36.04470891849718,26.7,89.0,8.11111111111111,11.666666666666666,0.4383711467890773,-0.898794046299167,16.1,10.972602739726028,11.92,6283.677419354839,34.935483870967744,0.0,11017.0,11017.0,0.9944710200789271,0.005528979921072918,0.0,0.0,0.0,0.0,1,여수,8,0,2022,summer,0,25.874012735999997,58.714338672,2448.6631983360003,1141.2177780959998,133.39821744000002,201.113481888
2022-08-02,156.70812585599998,5342.76056592,370.0451898719999,2.0,12093.387096774193,75.60137798583604,36.04470891849718,26.9,89.0,4.944444444444445,6.916666666666666,-0.3090169943749473,-0.9510565162951536,2.1,18.0,17.68,6283.677419354839,34.935483870967744,0.0,14216.0,14216.0,0.9944710200789271,0.005528979921072918,0.0,0.0,0.0,0.0,1,여수,8,1,2022,summer,0,108.37121702399998,0.0,4160.920920192,2205.881597952,310.004735904,107.38571673599999
2022-08-03,103.306395888,5255.790282143999,456.059486448,2.0,12093.387096774193,75.60137798583604,36.04470891849718,26.9,90.0,3.0277777777777777,4.833333333333333,-0.874619707139396,-0.4848096202463368,7.5,29.724770642201836,18.54,6283.677419354839,34.935483870967744,0.0,13669.0,13669.0,0.9944710200789271,0.005528979921072918,0.0,0.0,0.0,0.0,1,여수,8,2,2022,summer,0,156.70812585599998,8.192919168,5342.76056592,2015.458115328,370.0451898719999,104.45971939200001
2022-08-04,28.924868304000004,5801.155062767999,469.75620945599997,2.0,12093.387096774193,75.60137798583604,36.04470891849718,28.0,87.0,3.416666666666667,4.722222222222222,-0.984807753012208,-0.1736481776669303,3.3,25.46341463414634,22.71,6283.677419354839,34.935483870967744,0.0,14303.0,14303.0,0.9944710200789271,0.005528979921072918,0.0,0.0,0.0,0.0,1,여수,8,3,2022,summer,0,103.306395888,12.359850624000002,5255.790282143999,2195.5589199359997,456.059486448,113.485901184
2022-08-05,70.89879312,5704.4304934560005,497.38167921600007,2.0,12093.387096774193,75.60137798583604,36.04470891849718,28.3,86.0,3.7222222222222223,4.527777777777778,-0.961261695938319,-0.2756373558169989,0.9,23.104477611940297,21.87,6283.677419354839,34.935483870967744,0.0,14299.0,14299.0,0.9944710200789271,0.005528979921072918,0.0,0.0,0.0,0.0,1,여수,8,4,2022,summer,0,28.924868304000004,134.438976576,5801.155062767999,4913.45808984,469.75620945599997,257.331402144
2022-08-06,149.452415424,3525.7314885120004,2912.5243434239997,2.0,12093.387096774193,75.60137798583604,36.04470891849718,28.3,87.0,3.2777777777777777,4.5,-0.9876883405951375,-0.156434465040231,2.8,26.542372881355934,20.16,6283.677419354839,34.935483870967744,0.0,10216.0,10216.0,0.9944710200789271,0.005528979921072918,0.0,0.0,0.0,0.0,1,여수,8,5,2022,summer,0,70.89879312,46.249692767999996,5704.4304934560005,2503.688144256,497.38167921600007,207.15258916800002
2022-08-07,74.290488336,3348.335542608,1361.1288967199998,2.0,12093.387096774193,75.60137798583604,36.04470891849718,28.3,87.0,3.2777777777777777,5.333333333333333,-0.6691306063588582,-0.7431448254773942,1.0,26.542372881355934,20.84,6283.677419354839,34.935483870967744,0.0,9069.0,9069.0,0.9944710200789271,0.005528979921072918,0.0,0.0,0.0,0.0,1,여수,8,6,2022,summer,0,149.452415424,25.874012735999997,3525.7314885120004,2448.6631983360003,2912.5243434239997,133.39821744000002
2022-08-08,85.114417104,5776.9429260960005,464.383053504,2.0,12093.387096774193,75.60137798583604,36.04470891849718,28.6,80.0,4.611111111111112,6.472222222222222,-0.7313537016191703,-0.6819983600624986,0.3,17.349397590361445,19.17,6283.677419354839,34.935483870967744,0.0,14376.0,14376.0,0.9944710200789271,0.005528979921072918,0.0,0.0,0.0,0.0,1,여수,8,0,2022,summer,0,74.290488336,108.37121702399998,3348.335542608,4160.920920192,1361.1288967199998,310.004735904
2022-08-09,58.159100736000006,5815.339056864001,410.0539572,2.0,12093.387096774193,75.60137798583604,36.04470891849718,28.2,81.0,4.694444444444444,6.027777777777778,-0.7193398003386512,-0.6946583704589973,0.9,17.25443786982249,18.16,6283.677419354839,34.935483870967744,0.0,14781.0,14781.0,0.9944710200789271,0.005528979921072918,0.0,0.0,0.0,0.0,1,여수,8,1,2022,summer,0,85.114417104,156.70812585599998,5776.9429260960005,5342.76056592,464.383053504,370.0451898719999
2022-08-10,13.800737808000001,6174.596324592,433.577313216,2.0,12093.387096774193,75.60137798583604,36.04470891849718,28.0,83.0,4.555555555555555,6.138888888888889,-0.7431448254773944,-0.6691306063588581,2.2,18.21951219512195,13.67,6283.677419354839,34.935483870967744,0.0,14466.0,14466.0,0.9944710200789271,0.005528979921072918,0.0,0.0,0.0,0.0,1,여수,8,2,2022,summer,0,58.159100736000006,103.306395888,5815.339056864001,5255.790282143999,410.0539572,456.059486448
2022-08-11,55.060310879999996,6335.63056296,408.41040816,2.0,12093.387096774193,75.60137798583604,36.04470891849718,27.5,86.0,3.9722222222222223,5.944444444444444,-0.7660444431189779,-0.6427876096865395,4.9,21.65034965034965,9.62,6283.677419354839,34.935483870967744,0.0,14187.0,14187.0,0.9944710200789271,0.005528979921072918,0.0,0.0,0.0,0.0,1,여수,8,3,2022,summer,0,13.800737808000001,28.924868304000004,6174.596324592,5801.155062767999,433.577313216,469.75620945599997
2022-08-12,88.439133744,6278.749347024001,432.416600064,2.0,12093.387096774193,75.60137798583604,36.04470891849718,28.0,87.0,3.611111111111111,4.611111111111112,-0.9902680687415704,-0.1391731009600658,14.9,24.092307692307692,21.16,6283.677419354839,34.935483870967744,0.0,14137.0,14137.0,0.9944710200789271,0.005528979921072918,0.0,0.0,0.0,0.0,1,여수,8,4,2022,summer,0,55.060310879999996,70.89879312,6335.63056296,5704.4304934560005,408.41040816,497.38167921600007
2022-08-13,36.474792480000005,6385.836572640001,455.58136512,2.0,12093.387096774193,75.60137798583604,36.04470891849718,27.7,86.0,3.0277777777777777,4.416666666666667,-0.9563047559630352,-0.2923717047227371,5.0,28.403669724770644,17.27,6283.677419354839,34.935483870967744,0.0,14629.0,14629.0,0.9944710200789271,0.005528979921072918,0.0,0.0,0.0,0.0,1,여수,8,5,2022,summer,0,88.439133744,149.452415424,6278.749347024001,3525.7314885120004,432.416600064,2912.5243434239997
2022-08-14,12.474321984,3162.647888064,2542.8954968640005,2.0,12093.387096774193,75.60137798583604,36.04470891849718,28.5,83.0,4.277777777777778,5.916666666666667,-0.8290375725550418,-0.5591929034707466,0.6,19.402597402597404,20.93,6283.677419354839,34.935483870967744,0.0,7894.0,7894.0,0.9944710200789271,0.005528979921072918,0.0,0.0,0.0,0.0,1,여수,8,6,2022,summer,0,36.474792480000005,74.290488336,6385.836572640001,3348.335542608,455.58136512,1361.1288967199998
2022-08-15,45.516268224,2588.9570363519997,388.35788284800003,2.0,12093.387096774193,75.60137798583604,36.04470891849718,28.6,80.0,5.694444444444445,7.361111111111111,-0.7313537016191703,-0.6819983600624986,1.7,14.048780487804878,21.9,6283.677419354839,34.935483870967744,0.0,6040.0,6040.0,0.9944710200789271,0.005528979921072918,0.0,0.0,0.0,0.0,1,여수,8,0,2022,summer,0,12.474321984,85.114417104,3162.647888064,5776.9429260960005,2542.8954968640005,464.383053504
2022-08-16,72.600546528,3420.695947968,334.985186592,2.0,12093.387096774193,75.60137798583604,36.04470891849718,26.7,89.0,4.166666666666667,7.083333333333333,-0.9271838545667872,-0.3746065934159123,32.7,21.36,9.66,6283.677419354839,34.935483870967744,0.0,11233.0,11233.0,0.9944710200789271,0.005528979921072918,0.0,0.0,0.0,0.0,1,여수,8,1,2022,summer,0,45.516268224,58.159100736000006,2588.9570363519997,5815.339056864001,388.35788284800003,410.0539572
2022-08-17,152.45217964800003,5460.060996864,184.15218585600002,2.0,12093.387096774193,75.60137798583604,36.04470891849718,24.8,93.0,2.694444444444444,3.75,-0.6018150231520484,-0.7986355100472928,28.5,34.51546391752578,7.48,6283.677419354839,34.935483870967744,0.0,13600.0,13600.0,0.9944710200789271,0.005528979921072918,0.0,0.0,0.0,0.0,1,여수,8,2,2022,summer,0,72.600546528,13.800737808000001,3420.695947968,6174.596324592,334.985186592,433.577313216
2022-08-18,86.415455232,5302.703704464,192.069170064,2.0,12093.387096774193,75.60137798583604,36.04470891849718,24.8,84.0,2.388888888888889,3.194444444444444,-0.6691306063588582,-0.7431448254773942,0.9,35.16279069767442,21.66,6283.677419354839,34.935483870967744,0.0,13339.0,13339.0,0.9944710200789271,0.005528979921072918,0.0,0.0,0.0,0.0,1,여수,8,3,2022,summer,0,152.45217964800003,55.060310879999996,5460.060996864,6335.63056296,184.15218585600002,408.41040816
2022-08-19,60.586479360000006,5518.022677344,203.739795072,2.0,12093.387096774193,75.60137798583604,36.04470891849718,26.3,86.0,2.972222222222222,5.916666666666667,-0.7771459614569706,-0.6293203910498378,0.5,28.93457943925234,16.22,6283.677419354839,34.935483870967744,0.0,13885.0,13885.0,0.9944710200789271,0.005528979921072918,0.0,0.0,0.0,0.0,1,여수,8,4,2022,summer,0,86.415455232,88.439133744,5302.703704464,6278.749347024001,192.069170064,432.416600064
2022-08-20,30.764419488000005,2933.4730707360004,392.842308672,2.0,12093.387096774193,75.60137798583604,36.04470891849718,27.2,91.0,3.083333333333333,4.972222222222221,-0.9396926207859084,-0.3420201433256685,17.6,29.513513513513516,10.3,6283.677419354839,34.935483870967744,0.0,7888.0,7888.0,0.9944710200789271,0.005528979921072918,0.0,0.0,0.0,0.0,1,여수,8,5,2022,summer,0,60.586479360000006,36.474792480000005,5518.022677344,6385.836572640001,203.739795072,455.58136512
2022-08-21,64.785015072,2888.6661439199997,150.50565993599997,2.0,12093.387096774193,75.60137798583604,36.04470891849718,26.5,84.0,2.4722222222222223,3.611111111111111,0.9510565162951536,0.3090169943749474,1.1,33.97752808988764,20.03,6283.677419354839,34.935483870967744,0.0,7620.0,7620.0,0.9944710200789271,0.005528979921072918,0.0,0.0,0.0,0.0,1,여수,8,6,2022,summer,0,30.764419488000005,12.474321984,2933.4730707360004,3162.647888064,392.842308672,2542.8954968640005
2022-08-22,222.66215208,4170.162268079999,283.012412256,2.0,12093.387096774193,75.60137798583604,36.04470891849718,25.6,79.0,1.777777777777778,3.1666666666666665,-0.2588190451025208,-0.9659258262890684,0.0,44.4375,24.21,6283.677419354839,34.935483870967744,0.0,11383.0,11383.0,0.9944710200789271,0.005528979921072918,0.0,0.0,0.0,0.0,1,여수,8,0,2022,summer,0,64.785015072,45.516268224,2888.6661439199997,2588.9570363519997,150.50565993599997,388.35788284800003
2022-08-23,4.1579136,5608.60379064,232.09464744,2.0,12093.387096774193,75.60137798583604,36.04470891849718,26.4,85.0,2.2222222222222223,3.8333333333333335,-0.90630778703665,-0.4226182617406991,1.1,38.25,16.41,6283.677419354839,34.935483870967744,0.0,13979.0,13979.0,0.9944710200789271,0.005528979921072918,0.0,0.0,0.0,0.0,1,여수,8,1,2022,summer,0,222.66215208,72.600546528,4170.162268079999,3420.695947968,283.012412256,334.985186592
2022-08-24,42.801672816,5281.102428336,229.40144251200002,2.0,12093.387096774193,75.60137798583604,36.04470891849718,24.4,88.0,3.5833333333333335,6.944444444444445,0.8829475928589269,0.4694715627858908,13.5,24.55813953488372,13.66,6283.677419354839,34.935483870967744,0.0,13283.0,13283.0,0.9944710200789271,0.005528979921072918,0.0,0.0,0.0,0.0,1,여수,8,2,2022,summer,0,4.1579136,152.45217964800003,5608.60379064,5460.060996864,232.09464744,184.15218585600002
2022-08-25,86.07292142399999,5705.340463008,241.11387057599995,2.0,12093.387096774193,75.60137798583604,36.04470891849718,24.6,79.0,2.4444444444444446,4.916666666666666,-0.984807753012208,-0.1736481776669303,0.6,32.31818181818181,22.05,6283.677419354839,34.935483870967744,0.0,14521.0,14521.0,0.9944710200789271,0.005528979921072918,0.0,0.0,0.0,0.0,1,여수,8,3,2022,summer,0,42.801672816,86.415455232,5281.102428336,5302.703704464,229.40144251200002,192.069170064
2022-08-26,94.67035487999999,5634.43152552,262.36407096,2.0,12093.387096774193,75.60137798583604,36.04470891849718,24.3,71.0,2.944444444444444,4.388888888888889,-0.9510565162951536,0.3090169943749472,0.0,24.113207547169814,24.1,6283.677419354839,34.935483870967744,0.0,14415.0,14415.0,0.9944710200789271,0.005528979921072918,0.0,0.0,0.0,0.0,1,여수,8,4,2022,summer,0,86.07292142399999,60.586479360000006,5705.340463008,5518.022677344,241.11387057599995,203.739795072
2022-08-27,57.945618431999996,2838.488410656,161.606155536,2.0,12093.387096774193,75.60137798583604,36.04470891849718,23.8,68.0,3.416666666666667,4.944444444444445,-0.7071067811865477,0.7071067811865474,0.0,19.902439024390244,22.81,6283.677419354839,34.935483870967744,0.0,6787.0,6787.0,0.9944710200789271,0.005528979921072918,0.0,0.0,0.0,0.0,1,여수,8,5,2022,summer,0,94.67035487999999,30.764419488000005,5634.43152552,2933.4730707360004,262.36407096,392.842308672
2022-08-28,43.501906656,2641.9509141119997,192.274321536,2.0,12093.387096774193,75.60137798583604,36.04470891849718,22.3,65.0,3.4444444444444446,4.472222222222222,0.8746197071393957,0.4848096202463371,0.0,18.870967741935484,23.34,6283.677419354839,34.935483870967744,0.0,6298.0,6298.0,0.9944710200789271,0.005528979921072918,0.0,0.0,0.0,0.0,1,여수,8,6,2022,summer,0,57.945618431999996,64.785015072,2838.488410656,2888.6661439199997,161.606155536,150.50565993599997
2022-08-29,132.22286740799998,3910.572532368001,263.581011072,2.0,12093.387096774193,75.60137798583604,36.04470891849718,23.1,73.0,3.416666666666667,4.666666666666667,0.766044443118978,0.6427876096865394,1.1,21.365853658536583,16.1,6283.677419354839,34.935483870967744,0.0,10907.0,10907.0,0.9944710200789271,0.005528979921072918,0.0,0.0,0.0,0.0,1,여수,8,0,2022,summer,0,43.501906656,222.66215208,2641.9509141119997,4170.162268079999,192.274321536,283.012412256
2022-08-30,258.135300864,5317.729181856001,198.180958176,2.0,12093.387096774193,75.60137798583604,36.04470891849718,23.3,92.0,2.9166666666666665,4.416666666666667,0.9902680687415704,0.1391731009600654,9.6,31.542857142857144,8.79,6283.677419354839,34.935483870967744,0.0,14520.0,14520.0,0.9944710200789271,0.005528979921072918,0.0,0.0,0.0,0.0,1,여수,8,1,2022,summer,0,132.22286740799998,4.1579136,3910.572532368001,5608.60379064,263.581011072,232.09464744
2022-08-31,159.710526144,4912.576489728,123.00239030400003,2.0,12093.387096774193,75.60137798583604,36.04470891849718,24.4,88.0,2.694444444444444,4.416666666666667,-0.8480480961564262,0.5299192642332047,1.4,32.659793814432994,15.34,6283.677419354839,34.935483870967744,0.0,13938.0,13938.0,0.9944710200789271,0.005528979921072918,0.0,0.0,0.0,0.0,1,여수,8,2,2022,summer,0,258.135300864,42.801672816,5317.729181856001,5281.102428336,198.180958176,229.40144251200002
2022-09-01,172.82282328,5603.222351664,204.689233296,2.0,10694.833333333334,76.53195483800589,36.292059561470495,23.1,81.0,3.194444444444444,4.25,0.754709580222772,0.6560590289905073,2.0,25.356521739130436,9.31,5564.133333333333,22.266666666666666,0.0,14294.0,14294.0,0.9960141295527233,0.00398587044727672,0.0,0.0,0.0,0.0,1,여수,9,3,2022,autumn,0,159.710526144,86.07292142399999,4912.576489728,5705.340463008,123.00239030400003,241.11387057599995
2022-09-02,115.601345856,5220.17122896,269.094205728,2.0,10694.833333333334,76.53195483800589,36.292059561470495,21.4,91.0,5.666666666666666,6.833333333333334,0.8191520442889918,0.573576436351046,9.0,16.058823529411768,4.26,5564.133333333333,22.266666666666666,0.0,13758.0,13758.0,0.9960141295527233,0.00398587044727672,0.0,0.0,0.0,0.0,1,여수,9,4,2022,autumn,0,172.82282328,94.67035487999999,5603.222351664,5634.43152552,204.689233296,262.36407096
2022-09-03,21.02447664,2622.764857536,753.788420928,2.0,10694.833333333334,76.53195483800589,36.292059561470495,22.9,87.0,6.75,8.777777777777779,0.8829475928589269,0.4694715627858908,6.8,12.88888888888889,13.08,5564.133333333333,22.266666666666666,0.0,7121.0,7121.0,0.9960141295527233,0.00398587044727672,0.0,0.0,0.0,0.0,1,여수,9,5,2022,autumn,0,115.601345856,57.945618431999996,5220.17122896,2838.488410656,269.094205728,161.606155536
2022-09-04,42.619724063999996,2507.15005488,310.57305696000003,2.0,10694.833333333334,76.53195483800589,36.292059561470495,25.5,85.0,4.75,6.805555555555555,0.9659258262890684,0.2588190451025207,0.7,17.894736842105264,19.15,5564.133333333333,22.266666666666666,0.0,6577.0,6577.0,0.9960141295527233,0.00398587044727672,0.0,0.0,0.0,0.0,1,여수,9,6,2022,autumn,0,21.02447664,43.501906656,2622.764857536,2641.9509141119997,753.788420928,192.274321536
2022-09-05,306.89615016,4305.43519776,309.476763648,2.0,10694.833333333334,76.53195483800589,36.292059561470495,24.7,93.0,6.138888888888889,12.055555555555555,0.9986295347545738,0.0523359562429439,78.7,15.149321266968323,4.31,5564.133333333333,22.266666666666666,0.0,11334.0,11334.0,0.9960141295527233,0.00398587044727672,0.0,0.0,0.0,0.0,1,여수,9,0,2022,autumn,0,42.619724063999996,132.22286740799998,2507.15005488,3910.572532368001,310.57305696000003,263.581011072
2022-09-06,95.81409302400002,4966.332456528,248.199465744,2.0,10694.833333333334,76.53195483800589,36.292059561470495,23.2,75.0,8.583333333333332,14.555555555555555,-0.5150380749100545,0.8571673007021121,90.4,8.737864077669904,21.37,5564.133333333333,22.266666666666666,0.0,13113.0,13113.0,0.9960141295527233,0.00398587044727672,0.0,0.0,0.0,0.0,1,여수,9,1,2022,autumn,0,306.89615016,258.135300864,4305.43519776,5317.729181856001,309.476763648,198.180958176
2022-09-07,23.763038687999998,5359.079745936,252.56155392000002,2.0,10694.833333333334,76.53195483800589,36.292059561470495,22.9,73.0,2.3333333333333335,3.611111111111111,-0.6691306063588581,0.7431448254773944,0.0,31.285714285714285,23.57,5564.133333333333,22.266666666666666,0.0,13494.0,13494.0,0.9960141295527233,0.00398587044727672,0.0,0.0,0.0,0.0,1,여수,9,2,2022,autumn,0,95.81409302400002,159.710526144,4966.332456528,4912.576489728,248.199465744,123.00239030400003
2022-09-08,12.187889712,2973.324444048,180.37195070399997,2.0,10694.833333333334,76.53195483800589,36.292059561470495,22.7,73.0,2.0833333333333335,3.416666666666667,0.7071067811865475,0.7071067811865476,0.0,35.04,23.02,5564.133333333333,22.266666666666666,0.0,8731.0,8731.0,0.9960141295527233,0.00398587044727672,0.0,0.0,0.0,0.0,1,여수,9,3,2022,autumn,0,23.763038687999998,172.82282328,5359.079745936,5603.222351664,252.56155392000002,204.689233296
2022-09-09,39.584907359999995,2752.4834523359996,145.320856272,2.0,10694.833333333334,76.53195483800589,36.292059561470495,22.8,73.0,2.944444444444444,4.472222222222222,0.7986355100472928,0.6018150231520483,0.0,24.792452830188683,21.87,5564.133333333333,22.266666666666666,0.0,7356.0,7356.0,0.9960141295527233,0.00398587044727672,0.0,0.0,0.0,0.0,1,여수,9,4,2022,autumn,0,12.187889712,115.601345856,2973.324444048,5220.17122896,180.37195070399997,269.094205728
2022-09-10,110.20529203199997,2791.4312568959995,149.05668499200002,2.0,10694.833333333334,76.53195483800589,36.292059561470495,22.4,76.0,4.388888888888889,6.027777777777778,0.766044443118978,0.6427876096865394,0.3,17.31645569620253,15.72,5564.133333333333,22.266666666666666,0.0,7548.0,7548.0,0.9960141295527233,0.00398587044727672,0.0,0.0,0.0,0.0,1,여수,9,5,2022,autumn,0,39.584907359999995,21.02447664,2752.4834523359996,2622.764857536,145.320856272,753.788420928
2022-09-11,60.15860927999999,2771.317352304,148.086519552,2.0,10694.833333333334,76.53195483800589,36.292059561470495,23.2,78.0,3.222222222222222,4.611111111111112,0.8571673007021123,0.5150380749100542,0.0,24.20689655172414,18.94,5564.133333333333,22.266666666666666,0.0,7512.0,7512.0,0.9960141295527233,0.00398587044727672,0.0,0.0,0.0,0.0,1,여수,9,6,2022,autumn,0,110.20529203199997,42.619724063999996,2791.4312568959995,2507.15005488,149.05668499200002,310.57305696000003
2022-09-12,18.56768112,3284.280486576,154.38227644800003,2.0,10694.833333333334,76.53195483800589,36.292059561470495,22.6,87.0,3.194444444444444,4.111111111111112,0.6819983600624985,0.7313537016191705,3.0,27.234782608695653,9.4,5564.133333333333,22.266666666666666,0.0,7675.0,7675.0,0.9960141295527233,0.00398587044727672,0.0,0.0,0.0,0.0,1,여수,9,0,2022,autumn,0,60.15860927999999,306.89615016,2771.317352304,4305.43519776,148.086519552,309.476763648
2022-09-13,57.691935216000005,5056.706354112001,267.95671992,2.0,10694.833333333334,76.53195483800589,36.292059561470495,23.9,80.0,5.638888888888889,7.638888888888888,0.838670567945424,0.5446390350150271,1.0,14.1871921182266,12.73,5564.133333333333,22.266666666666666,0.0,11546.0,11546.0,0.9960141295527233,0.00398587044727672,0.0,0.0,0.0,0.0,1,여수,9,1,2022,autumn,0,18.56768112,95.81409302400002,3284.280486576,4966.332456528,154.38227644800003,248.199465744
2022-09-14,193.487432544,5189.608422432,232.646868576,2.0,10694.833333333334,76.53195483800589,36.292059561470495,24.0,68.0,7.083333333333333,7.833333333333333,0.8571673007021123,0.5150380749100542,0.5,9.6,20.04,5564.133333333333,22.266666666666666,0.0,15141.0,15141.0,0.9960141295527233,0.00398587044727672,0.0,0.0,0.0,0.0,1,여수,9,2,2022,autumn,0,57.691935216000005,23.763038687999998,5056.706354112001,5359.079745936,267.95671992,252.56155392000002
2022-09-15,564.5074795200001,6851.396712672,300.85212038400005,2.0,10694.833333333334,76.53195483800589,36.292059561470495,24.1,77.0,6.75,7.611111111111111,0.9335804264972016,0.3583679495453004,0.0,11.407407407407408,21.15,5564.133333333333,22.266666666666666,0.0,14962.0,14962.0,0.9960141295527233,0.00398587044727672,0.0,0.0,0.0,0.0,1,여수,9,3,2022,autumn,0,193.487432544,12.187889712,5189.608422432,2973.324444048,232.646868576,180.37195070399997
2022-09-16,128.035813248,6726.7375919999995,297.20303279999996,2.0,10694.833333333334,76.53195483800589,36.292059561470495,25.0,84.0,4.388888888888889,6.166666666666666,0.9975640502598242,0.0697564737441252,1.5,19.139240506329113,16.82,5564.133333333333,22.266666666666666,0.0,15066.0,15066.0,0.9960141295527233,0.00398587044727672,0.0,0.0,0.0,0.0,1,여수,9,4,2022,autumn,0,564.5074795200001,39.584907359999995,6851.396712672,2752.4834523359996,300.85212038400005,145.320856272
2022-09-17,4.082807808,5851.772823887999,293.91259219200003,2.0,10694.833333333334,76.53195483800589,36.292059561470495,25.4,84.0,3.2777777777777777,4.305555555555555,0.8290375725550417,0.5591929034707468,5.4,25.627118644067796,16.78,5564.133333333333,22.266666666666666,0.0,14216.0,14216.0,0.9960141295527233,0.00398587044727672,0.0,0.0,0.0,0.0,1,여수,9,5,2022,autumn,0,128.035813248,110.20529203199997,6726.7375919999995,2791.4312568959995,297.20303279999996,149.05668499200002
2022-09-18,1.49667624,4248.593783136001,1832.46610896,2.0,10694.833333333334,76.53195483800589,36.292059561470495,26.8,75.0,7.444444444444445,9.944444444444445,0.5299192642332049,0.848048096156426,6.0,10.07462686567164,17.17,5564.133333333333,22.266666666666666,0.0,9234.0,9234.0,0.9960141295527233,0.00398587044727672,0.0,0.0,0.0,0.0,1,여수,9,6,2022,autumn,0,4.082807808,60.15860927999999,5851.772823887999,2771.317352304,293.91259219200003,148.086519552
2022-09-19,74.662720704,5006.0360304,354.2341648319999,2.0,10694.833333333334,76.53195483800589,36.292059561470495,26.8,68.0,6.416666666666667,10.11111111111111,-0.1908089953765446,0.981627183447664,2.5,10.597402597402596,18.1,5564.133333333333,22.266666666666666,0.0,11730.0,11730.0,0.9960141295527233,0.00398587044727672,0.0,0.0,0.0,0.0,1,여수,9,0,2022,autumn,0,1.49667624,18.56768112,4248.593783136001,3284.280486576,1832.46610896,154.38227644800003
2022-09-20,88.899421104,6917.3301538079995,308.198969712,2.0,10694.833333333334,76.53195483800589,36.292059561470495,20.8,61.0,4.111111111111112,6.083333333333333,0.8090169943749475,0.5877852522924731,0.0,14.837837837837837,18.89,5564.133333333333,22.266666666666666,0.0,14942.0,14942.0,0.9960141295527233,0.00398587044727672,0.0,0.0,0.0,0.0,1,여수,9,1,2022,autumn,0,74.662720704,57.691935216000005,5006.0360304,5056.706354112001,354.2341648319999,267.95671992
2022-09-21,470.27249567999996,6715.88824032,293.8924512,2.0,10694.833333333334,76.53195483800589,36.292059561470495,19.1,68.0,3.5,4.638888888888888,0.8829475928589269,0.4694715627858908,0.0,19.428571428571427,19.81,5564.133333333333,22.266666666666666,0.0,14358.0,14358.0,0.9960141295527233,0.00398587044727672,0.0,0.0,0.0,0.0,1,여수,9,2,2022,autumn,0,88.899421104,193.487432544,6917.3301538079995,5189.608422432,308.198969712,232.646868576
2022-09-22,597.559644576,6011.24546808,300.72384849599996,2.0,10694.833333333334,76.53195483800589,36.292059561470495,19.5,71.0,3.1666666666666665,4.972222222222221,0.766044443118978,0.6427876096865394,0.0,22.42105263157895,20.11,5564.133333333333,22.266666666666666,0.0,14414.0,14414.0,0.9960141295527233,0.00398587044727672,0.0,0.0,0.0,0.0,1,여수,9,3,2022,autumn,0,470.27249567999996,564.5074795200001,6715.88824032,6851.396712672,293.8924512,300.85212038400005
2022-09-23,220.68479951999998,5263.98561648,308.99684764799997,2.0,10694.833333333334,76.53195483800589,36.292059561470495,20.4,70.0,3.611111111111111,7.083333333333333,-0.7986355100472932,0.6018150231520479,0.0,19.384615384615383,19.97,5564.133333333333,22.266666666666666,0.0,13741.0,13741.0,0.9960141295527233,0.00398587044727672,0.0,0.0,0.0,0.0,1,여수,9,4,2022,autumn,0,597.559644576,128.035813248,6011.24546808,6726.7375919999995,300.72384849599996,297.20303279999996
2022-09-24,5.233640832000001,3166.4124912960006,537.667956,2.0,10694.833333333334,76.53195483800589,36.292059561470495,18.8,61.0,2.0833333333333335,5.249999999999999,-0.4383711467890778,0.8987940462991668,0.0,29.28,21.09,5564.133333333333,22.266666666666666,0.0,7311.0,7311.0,0.9960141295527233,0.00398587044727672,0.0,0.0,0.0,0.0,1,여수,9,5,2022,autumn,0,220.68479951999998,4.082807808,5263.98561648,5851.772823887999,308.99684764799997,293.91259219200003
2022-09-25,9.48183264,2795.2242847199996,389.87948880000005,2.0,10694.833333333334,76.53195483800589,36.292059561470495,19.8,67.0,2.1944444444444446,3.5833333333333335,0.6427876096865393,0.766044443118978,0.0,30.53164556962025,8.93,5564.133333333333,22.266666666666666,0.0,7651.0,7651.0,0.9960141295527233,0.00398587044727672,0.0,0.0,0.0,0.0,1,여수,9,6,2022,autumn,0,5.233640832000001,1.49667624,3166.4124912960006,4248.593783136001,537.667956,1832.46610896
2022-09-26,1.354879584,2972.645374464,329.127393456,2.0,10694.833333333334,76.53195483800589,36.292059561470495,20.0,71.0,1.8055555555555556,3.083333333333333,0.5877852522924731,0.8090169943749475,0.4,39.323076923076925,9.17,5564.133333333333,22.266666666666666,0.0,7694.0,7694.0,0.9960141295527233,0.00398587044727672,0.0,0.0,0.0,0.0,1,여수,9,0,2022,autumn,0,9.48183264,74.662720704,2795.2242847199996,5006.0360304,389.87948880000005,354.2341648319999
2022-09-27,0.0,2969.5185964800003,267.86198332799995,2.0,10694.833333333334,76.53195483800589,36.292059561470495,20.8,74.0,1.8888888888888888,3.555555555555556,0.848048096156426,0.5299192642332049,0.0,39.1764705882353,20.06,5564.133333333333,22.266666666666666,0.0,7457.0,7457.0,0.9960141295527233,0.00398587044727672,0.0,0.0,0.0,0.0,1,여수,9,1,2022,autumn,0,1.354879584,88.899421104,2972.645374464,6917.3301538079995,329.127393456,308.198969712
2022-09-28,0.0,2994.7437247680004,187.99320312,2.0,10694.833333333334,76.53195483800589,36.292059561470495,21.1,77.0,1.6666666666666663,3.0,0.3907311284892737,0.9205048534524404,0.0,46.2,15.78,5564.133333333333,22.266666666666666,0.0,7776.0,7776.0,0.9960141295527233,0.00398587044727672,0.0,0.0,0.0,0.0,1,여수,9,2,2022,autumn,0,0.0,470.27249567999996,2969.5185964800003,6715.88824032,267.86198332799995,293.8924512
2022-09-29,0.0,2532.88324944,190.687259808,2.0,10694.833333333334,76.53195483800589,36.292059561470495,21.1,79.0,1.5,2.7777777777777777,-0.9612616959383188,0.2756373558169994,0.0,52.666666666666664,19.86,5564.133333333333,22.266666666666666,0.0,7441.0,7441.0,0.9960141295527233,0.00398587044727672,0.0,0.0,0.0,0.0,1,여수,9,3,2022,autumn,0,0.0,597.559644576,2994.7437247680004,6011.24546808,187.99320312,300.72384849599996
2022-09-30,267.761754,3480.9475451040007,206.356672656,2.0,10694.833333333334,76.53195483800589,36.292059561470495,20.8,83.0,1.4444444444444444,2.138888888888889,-0.9396926207859084,0.342020143325669,0.0,57.46153846153846,19.63,5564.133333333333,22.266666666666666,0.0,7652.0,7652.0,0.9960141295527233,0.00398587044727672,0.0,0.0,0.0,0.0,1,여수,9,4,2022,autumn,0,0.0,220.68479951999998,2532.88324944,5263.98561648,190.687259808,308.99684764799997
2022-10-01,335.66471568000003,3412.84883472,208.768245984,2.0,9310.774193548386,79.57612433046695,36.339318721980085,21.4,76.0,1.472222222222222,2.694444444444444,-0.9781476007338056,-0.2079116908177598,0.0,51.62264150943397,18.69,5106.903225806452,33.354838709677416,0.0,7664.0,7664.0,0.9935110575595553,0.006488942440444813,0.0,0.0,0.0,0.0,1,여수,10,5,2022,autumn,0,267.761754,5.233640832000001,3480.9475451040007,3166.4124912960006,206.356672656,537.667956
2022-10-02,574.5425722560002,3619.7921577600005,208.54906128000002,2.0,9310.774193548386,79.57612433046695,36.339318721980085,21.6,82.0,2.4166666666666665,4.277777777777778,0.7547095802227721,-0.6560590289905072,0.0,33.93103448275862,18.28,5106.903225806452,33.354838709677416,0.0,7598.0,7598.0,0.9935110575595553,0.006488942440444813,0.0,0.0,0.0,0.0,1,여수,10,6,2022,autumn,0,335.66471568000003,9.48183264,3412.84883472,2795.2242847199996,208.768245984,389.87948880000005
2022-10-03,408.86728128000004,3197.5426339200003,208.02838406400002,2.0,9310.774193548386,79.57612433046695,36.339318721980085,24.5,85.0,5.027777777777778,6.888888888888889,-0.3420201433256686,-0.9396926207859084,0.3,16.906077348066297,13.46,5106.903225806452,33.354838709677416,0.0,7727.0,7727.0,0.9935110575595553,0.006488942440444813,0.0,0.0,0.0,0.0,1,여수,10,0,2022,autumn,0,574.5425722560002,1.354879584,3619.7921577600005,2972.645374464,208.54906128000002,329.127393456
2022-10-04,6.93017208,2170.480802256,285.12106272000005,2.0,9310.774193548386,79.57612433046695,36.339318721980085,22.1,81.0,5.972222222222222,8.055555555555555,-0.984807753012208,-0.1736481776669303,2.6,13.56279069767442,8.58,5106.903225806452,33.354838709677416,0.0,7680.0,7680.0,0.9935110575595553,0.006488942440444813,0.0,0.0,0.0,0.0,1,여수,10,1,2022,autumn,0,408.86728128000004,0.0,3197.5426339200003,2969.5185964800003,208.02838406400002,267.86198332799995
2022-10-05,190.87999703999998,3297.291388704,536.84012304,2.0,9310.774193548386,79.57612433046695,36.339318721980085,18.4,77.0,2.4722222222222223,3.5,0.224951054343865,0.9743700647852352,3.0,31.146067415730336,9.45,5106.903225806452,33.354838709677416,0.0,10154.0,10154.0,0.9935110575595553,0.006488942440444813,0.0,0.0,0.0,0.0,1,여수,10,2,2022,autumn,0,6.93017208,0.0,2170.480802256,2994.7437247680004,285.12106272000005,187.99320312
2022-10-06,537.877697904,5030.105735088,456.5855522879999,2.0,9310.774193548386,79.57612433046695,36.339318721980085,18.1,73.0,2.138888888888889,4.333333333333333,-0.6819983600624984,0.7313537016191707,2.1,34.12987012987013,13.19,5106.903225806452,33.354838709677416,0.0,13221.0,13221.0,0.9935110575595553,0.006488942440444813,0.0,0.0,0.0,0.0,1,여수,10,3,2022,autumn,0,190.87999703999998,0.0,3297.291388704,2532.88324944,536.84012304,190.687259808
2022-10-07,380.96802863999994,5090.038735104,499.66694207999996,2.0,9310.774193548386,79.57612433046695,36.339318721980085,17.5,66.0,4.666666666666667,5.944444444444444,-0.5735764363510465,0.8191520442889916,1.4,14.142857142857142,15.76,5106.903225806452,33.354838709677416,0.0,13735.0,13735.0,0.9935110575595553,0.006488942440444813,0.0,0.0,0.0,0.0,1,여수,10,4,2022,autumn,0,537.877697904,267.761754,5030.105735088,3480.9475451040007,456.5855522879999,206.356672656
2022-10-08,187.49608012800002,3064.942706112,1112.8659655679999,2.0,9310.774193548386,79.57612433046695,36.339318721980085,17.1,65.0,5.333333333333333,5.916666666666667,0.8746197071393957,0.4848096202463371,0.0,12.1875,14.77,5106.903225806452,33.354838709677416,0.0,9278.0,9278.0,0.9935110575595553,0.006488942440444813,0.0,0.0,0.0,0.0,1,여수,10,5,2022,autumn,0,380.96802863999994,335.66471568000003,5090.038735104,3412.84883472,499.66694207999996,208.768245984
2022-10-09,53.50174272,3041.7081047999995,217.10276928000002,2.0,9310.774193548386,79.57612433046695,36.339318721980085,16.0,76.0,4.472222222222222,7.166666666666667,0.5299192642332049,0.848048096156426,1.4,16.993788819875775,4.77,5106.903225806452,33.354838709677416,0.0,7647.0,7647.0,0.9935110575595553,0.006488942440444813,0.0,0.0,0.0,0.0,1,여수,10,6,2022,autumn,0,187.49608012800002,574.5425722560002,3064.942706112,3619.7921577600005,1112.8659655679999,208.54906128000002
2022-10-10,119.616133392,1988.3633749919995,303.241446432,2.0,9310.774193548386,79.57612433046695,36.339318721980085,14.3,61.0,7.666666666666667,9.833333333333332,-0.9135454576426012,0.4067366430757997,0.0,7.956521739130435,17.29,5106.903225806452,33.354838709677416,0.0,7439.0,7439.0,0.9935110575595553,0.006488942440444813,0.0,0.0,0.0,0.0,1,여수,10,0,2022,autumn,0,53.50174272,408.86728128000004,3041.7081047999995,3197.5426339200003,217.10276928000002,208.02838406400002
2022-10-11,3817.696050864,2864.653208928,415.151986176,2.0,9310.774193548386,79.57612433046695,36.339318721980085,14.4,62.0,5.249999999999999,7.555555555555555,-0.7071067811865477,0.7071067811865474,0.0,11.809523809523812,18.19,5106.903225806452,33.354838709677416,0.0,10524.0,10524.0,0.9935110575595553,0.006488942440444813,0.0,0.0,0.0,0.0,1,여수,10,1,2022,autumn,0,119.616133392,6.93017208,1988.3633749919995,2170.480802256,303.241446432,285.12106272000005
2022-10-12,244.30763664,5079.4108737120005,463.53160944,2.0,9310.774193548386,79.57612433046695,36.339318721980085,15.3,67.0,3.4722222222222223,4.583333333333333,0.7771459614569709,0.6293203910498374,0.0,19.296,17.91,5106.903225806452,33.354838709677416,0.0,13133.0,13133.0,0.9935110575595553,0.006488942440444813,0.0,0.0,0.0,0.0,1,여수,10,2,2022,autumn,0,3817.696050864,190.87999703999998,2864.653208928,3297.291388704,415.151986176,536.84012304
2022-10-13,13.751353152,5258.202524928,462.3037718400001,2.0,9310.774193548386,79.57612433046695,36.339318721980085,17.6,69.0,4.111111111111112,5.75,0.6819983600624985,0.7313537016191705,0.0,16.783783783783782,17.43,5106.903225806452,33.354838709677416,0.0,13594.0,13594.0,0.9935110575595553,0.006488942440444813,0.0,0.0,0.0,0.0,1,여수,10,3,2022,autumn,0,244.30763664,537.877697904,5079.4108737120005,5030.105735088,463.53160944,456.5855522879999
2022-10-14,158.66772451199998,5521.710978432,357.728466528,2.0,9310.774193548386,79.57612433046695,36.339318721980085,17.2,74.0,2.888888888888889,4.083333333333333,0.7771459614569709,0.6293203910498374,0.0,25.615384615384617,17.42,5106.903225806452,33.354838709677416,0.0,14188.0,14188.0,0.9935110575595553,0.006488942440444813,0.0,0.0,0.0,0.0,1,여수,10,4,2022,autumn,0,13.751353152,380.96802863999994,5258.202524928,5090.038735104,462.3037718400001,499.66694207999996
2022-10-15,173.55976488,2950.310832336,1837.002032928,2.0,9310.774193548386,79.57612433046695,36.339318721980085,17.9,77.0,2.2777777777777777,3.222222222222222,0.788010753606722,0.6156614753256583,0.0,33.80487804878049,17.2,5106.903225806452,33.354838709677416,0.0,8687.0,8687.0,0.9935110575595553,0.006488942440444813,0.0,0.0,0.0,0.0,1,여수,10,5,2022,autumn,0,158.66772451199998,187.49608012800002,5521.710978432,3064.942706112,357.728466528,1112.8659655679999
2022-10-16,0.0,2727.4181073120003,198.354009024,2.0,9310.774193548386,79.57612433046695,36.339318721980085,18.5,75.0,2.1944444444444446,3.75,-0.0174524064372835,0.9998476951563912,0.0,34.177215189873415,16.88,5106.903225806452,33.354838709677416,0.0,7075.0,7075.0,0.9935110575595553,0.006488942440444813,0.0,0.0,0.0,0.0,1,여수,10,6,2022,autumn,0,173.55976488,53.50174272,2950.310832336,3041.7081047999995,1837.002032928,217.10276928000002
2022-10-17,1372.54500288,3297.2295919680005,1142.7734990879999,2.0,9310.774193548386,79.57612433046695,36.339318721980085,15.4,56.0,5.944444444444444,8.777777777777779,-0.6156614753256582,0.7880107536067221,0.0,9.420560747663552,16.35,5106.903225806452,33.354838709677416,0.0,8838.0,8838.0,0.9935110575595553,0.006488942440444813,0.0,0.0,0.0,0.0,1,여수,10,0,2022,autumn,0,0.0,119.616133392,2727.4181073120003,1988.3633749919995,198.354009024,303.241446432
2022-10-18,400.403258496,4931.079611472,342.251576064,2.0,9310.774193548386,79.57612433046695,36.339318721980085,11.9,44.0,4.611111111111112,6.333333333333333,-0.5000000000000004,0.8660254037844384,0.0,9.542168674698797,17.7,5106.903225806452,33.354838709677416,0.0,12713.0,12713.0,0.9935110575595553,0.006488942440444813,0.0,0.0,0.0,0.0,1,여수,10,1,2022,autumn,0,1372.54500288,3817.696050864,3297.2295919680005,2864.653208928,1142.7734990879999,415.151986176
2022-10-19,1.434702384,2702.8728786240004,307.46779315199996,2.0,9310.774193548386,79.57612433046695,36.339318721980085,12.0,56.0,2.138888888888889,3.2499999999999996,-0.2756373558169989,0.9612616959383188,0.0,26.181818181818183,17.37,5106.903225806452,33.354838709677416,0.0,7599.0,7599.0,0.9935110575595553,0.006488942440444813,0.0,0.0,0.0,0.0,1,여수,10,2,2022,autumn,0,400.403258496,244.30763664,4931.079611472,5079.4108737120005,342.251576064,463.53160944
2022-10-20,1.390825152,2911.069027296,223.82237347199998,2.0,9310.774193548386,79.57612433046695,36.339318721980085,13.6,60.0,2.138888888888889,3.555555555555556,0.1391731009600654,0.9902680687415704,0.0,28.051948051948052,17.21,5106.903225806452,33.354838709677416,0.0,7651.0,7651.0,0.9935110575595553,0.006488942440444813,0.0,0.0,0.0,0.0,1,여수,10,3,2022,autumn,0,1.434702384,13.751353152,2702.8728786240004,5258.202524928,307.46779315199996,462.3037718400001
2022-10-21,11.3578272,3307.9970145600005,227.41986312,2.0,9310.774193548386,79.57612433046695,36.339318721980085,15.9,70.0,1.7222222222222223,2.694444444444444,-0.9659258262890684,0.2588190451025203,0.8,40.64516129032258,12.91,5106.903225806452,33.354838709677416,0.0,7735.0,7735.0,0.9935110575595553,0.006488942440444813,0.0,0.0,0.0,0.0,1,여수,10,4,2022,autumn,0,1.390825152,158.66772451199998,2911.069027296,5521.710978432,223.82237347199998,357.728466528
2022-10-22,1.4040014400000003,3271.389770304,224.7826248,2.0,9310.774193548386,79.57612433046695,36.339318721980085,17.7,67.0,2.5277777777777777,3.9166666666666665,-0.8910065241883679,0.4539904997395466,0.0,26.505494505494507,15.39,5106.903225806452,33.354838709677416,0.0,7651.0,7651.0,0.9935110575595553,0.006488942440444813,0.0,0.0,0.0,0.0,1,여수,10,5,2022,autumn,0,11.3578272,173.55976488,3307.9970145600005,2950.310832336,227.41986312,1837.002032928
2022-10-23,5.387853888,3146.53719096,217.323459648,2.0,9310.774193548386,79.57612433046695,36.339318721980085,15.8,63.0,4.111111111111112,6.055555555555555,-0.6560590289905074,0.7547095802227719,0.0,15.324324324324325,16.02,5106.903225806452,33.354838709677416,0.0,7354.0,7354.0,0.9935110575595553,0.006488942440444813,0.0,0.0,0.0,0.0,1,여수,10,6,2022,autumn,0,1.4040014400000003,0.0,3271.389770304,2727.4181073120003,224.7826248,198.354009024
2022-10-24,157.19570337599998,3735.775041119999,737.22216672,2.0,9310.774193548386,79.57612433046695,36.339318721980085,12.8,46.0,5.194444444444444,7.388888888888889,-0.5735764363510465,0.8191520442889916,0.0,8.855614973262034,16.44,5106.903225806452,33.354838709677416,0.0,9115.0,9115.0,0.9935110575595553,0.006488942440444813,0.0,0.0,0.0,0.0,1,여수,10,0,2022,autumn,0,5.387853888,1372.54500288,3146.53719096,3297.2295919680005,217.323459648,1142.7734990879999
2022-10-25,377.989857792,5636.213998704,424.973912112,2.0,9310.774193548386,79.57612433046695,36.339318721980085,12.5,53.0,3.3888888888888884,5.333333333333333,0.4539904997395468,0.8910065241883679,0.0,15.639344262295085,16.21,5106.903225806452,33.354838709677416,0.0,13476.0,13476.0,0.9935110575595553,0.006488942440444813,0.0,0.0,0.0,0.0,1,여수,10,1,2022,autumn,0,157.19570337599998,400.403258496,3735.775041119999,4931.079611472,737.22216672,342.251576064
2022-10-26,58.247784,3682.2921396479996,1169.915958,2.0,9310.774193548386,79.57612433046695,36.339318721980085,14.3,60.0,2.888888888888889,4.305555555555555,0.7193398003386511,0.6946583704589973,0.0,20.76923076923077,14.5,5106.903225806452,33.354838709677416,0.0,9181.0,9181.0,0.9935110575595553,0.006488942440444813,0.0,0.0,0.0,0.0,1,여수,10,2,2022,autumn,0,377.989857792,1.434702384,5636.213998704,2702.8728786240004,424.973912112,307.46779315199996
2022-10-27,2.8247256000000003,3292.2295598879996,203.304672144,2.0,9310.774193548386,79.57612433046695,36.339318721980085,15.5,65.0,1.472222222222222,2.25,-0.4226182617406992,0.90630778703665,0.0,44.15094339622642,14.98,5106.903225806452,33.354838709677416,0.0,7655.0,7655.0,0.9935110575595553,0.006488942440444813,0.0,0.0,0.0,0.0,1,여수,10,3,2022,autumn,0,58.247784,1.390825152,3682.2921396479996,2911.069027296,1169.915958,223.82237347199998
2022-10-28,8.405304767999999,3269.67302592,203.77055289599997,2.0,9310.774193548386,79.57612433046695,36.339318721980085,15.5,69.0,2.25,3.888888888888889,0.8090169943749475,0.5877852522924731,0.0,30.666666666666668,15.28,5106.903225806452,33.354838709677416,0.0,7568.0,7568.0,0.9935110575595553,0.006488942440444813,0.0,0.0,0.0,0.0,1,여수,10,4,2022,autumn,0,2.8247256000000003,11.3578272,3292.2295598879996,3307.9970145600005,203.304672144,227.41986312
2022-10-29,5.590963584,3260.942545968,208.28833761599998,2.0,9310.774193548386,79.57612433046695,36.339318721980085,15.4,74.0,3.6944444444444446,4.666666666666667,0.8746197071393957,0.4848096202463371,0.0,20.030075187969924,14.05,5106.903225806452,33.354838709677416,0.0,7538.0,7538.0,0.9935110575595553,0.006488942440444813,0.0,0.0,0.0,0.0,1,여수,10,5,2022,autumn,0,8.405304767999999,1.4040014400000003,3269.67302592,3271.389770304,203.77055289599997,224.7826248
2022-10-30,8.303345855999998,3224.4768215999998,208.81642982399998,2.0,9310.774193548386,79.57612433046695,36.339318721980085,15.1,73.0,3.5833333333333335,4.666666666666667,0.8660254037844386,0.5000000000000001,0.0,20.372093023255815,13.53,5106.903225806452,33.354838709677416,0.0,7510.0,7510.0,0.9935110575595553,0.006488942440444813,0.0,0.0,0.0,0.0,1,여수,10,6,2022,autumn,0,5.590963584,5.387853888,3260.942545968,3146.53719096,208.28833761599998,217.323459648
2022-10-31,21.15628632,3282.062195088,215.37094809599998,2.0,9310.774193548386,79.57612433046695,36.339318721980085,14.7,68.0,3.194444444444444,4.972222222222221,0.7313537016191705,0.6819983600624985,0.0,21.286956521739132,14.53,5106.903225806452,33.354838709677416,0.0,7706.0,7706.0,0.9935110575595553,0.006488942440444813,0.0,0.0,0.0,0.0,1,여수,10,0,2022,autumn,0,8.303345855999998,157.19570337599998,3224.4768215999998,3735.775041119999,208.81642982399998,737.22216672
2022-11-01,24.098799888000006,3312.9250192800005,218.11711751999997,2.0,7178.3,51.47592521906301,37.02226571750972,14.9,68.0,1.8888888888888888,3.3611111111111107,-0.0348994967025008,0.9993908270190958,0.0,36.0,14.54,3793.9,16.866666666666667,0.0,7813.0,7813.0,0.9955739440007697,0.004426055999230251,0.0,0.0,0.0,0.0,1,여수,11,1,2022,autumn,0,21.15628632,377.989857792,3282.062195088,5636.213998704,215.37094809599998,424.973912112
2022-11-02,31.9240368,3238.2627518879995,218.55761337600003,2.0,7178.3,51.47592521906301,37.02226571750972,14.3,74.0,1.8611111111111112,3.0277777777777777,-0.1736481776669304,0.984807753012208,0.0,39.76119402985074,14.8,3793.9,16.866666666666667,0.0,7465.0,7465.0,0.9955739440007697,0.004426055999230251,0.0,0.0,0.0,0.0,1,여수,11,2,2022,autumn,0,24.098799888000006,58.247784,3312.9250192800005,3682.2921396479996,218.11711751999997,1169.915958
2022-11-03,30.131108784000002,3060.320048352,214.87207089600003,2.0,7178.3,51.47592521906301,37.02226571750972,14.2,64.0,2.2777777777777777,4.888888888888889,-0.3420201433256686,0.9396926207859084,0.0,28.097560975609756,14.67,3793.9,16.866666666666667,0.0,7067.0,7067.0,0.9955739440007697,0.004426055999230251,0.0,0.0,0.0,0.0,1,여수,11,3,2022,autumn,0,31.9240368,2.8247256000000003,3238.2627518879995,3292.2295598879996,218.55761337600003,203.304672144
2022-11-04,24.506413920000004,3170.8803650400005,218.516051376,2.0,7178.3,51.47592521906301,37.02226571750972,10.2,47.0,5.888888888888888,7.083333333333333,-0.6293203910498378,0.7771459614569706,0.0,7.981132075471699,14.93,3793.9,16.866666666666667,0.0,7423.0,7423.0,0.9955739440007697,0.004426055999230251,0.0,0.0,0.0,0.0,1,여수,11,4,2022,autumn,0,30.131108784000002,8.405304767999999,3060.320048352,3269.67302592,214.87207089600003,203.77055289599997
2022-11-05,28.820709792,3194.982193104001,216.472167936,2.0,7178.3,51.47592521906301,37.02226571750972,10.0,43.0,3.1111111111111107,4.75,-0.544639035015027,0.838670567945424,0.0,13.821428571428571,14.88,3793.9,16.866666666666667,0.0,7548.0,7548.0,0.9955739440007697,0.004426055999230251,0.0,0.0,0.0,0.0,1,여수,11,5,2022,autumn,0,24.506413920000004,5.590963584,3170.8803650400005,3260.942545968,218.516051376,208.28833761599998
2022-11-06,24.48943632,3187.6248653280004,389.082229344,2.0,7178.3,51.47592521906301,37.02226571750972,10.6,62.0,1.6388888888888888,3.0277777777777777,-0.9063077870366498,0.4226182617406996,0.0,37.83050847457627,14.43,3793.9,16.866666666666667,0.0,7451.0,7451.0,0.9955739440007697,0.004426055999230251,0.0,0.0,0.0,0.0,1,여수,11,6,2022,autumn,0,28.820709792,8.303345855999998,3194.982193104001,3224.4768215999998,216.472167936,208.81642982399998
2022-11-07,181.520892864,4275.84564648,395.52217516800005,2.0,7178.3,51.47592521906301,37.02226571750972,11.1,73.0,1.7222222222222223,2.7777777777777777,-0.7071067811865477,0.7071067811865474,0.0,42.387096774193544,13.73,3793.9,16.866666666666667,0.0,11042.0,11042.0,0.9955739440007697,0.004426055999230251,0.0,0.0,0.0,0.0,1,여수,11,0,2022,autumn,0,24.48943632,21.15628632,3187.6248653280004,3282.062195088,389.082229344,215.37094809599998
2022-11-08,463.72554921600005,4938.531446160001,388.750848912,2.0,7178.3,51.47592521906301,37.02226571750972,12.5,65.0,1.6666666666666663,2.7222222222222223,-0.9659258262890684,0.2588190451025203,0.0,39.0,13.72,3793.9,16.866666666666667,0.0,12533.0,12533.0,0.9955739440007697,0.004426055999230251,0.0,0.0,0.0,0.0,1,여수,11,1,2022,autumn,0,181.520892864,24.098799888000006,4275.84564648,3312.9250192800005,395.52217516800005,218.11711751999997
2022-11-09,804.716175744,2960.9191900799997,1282.855638528,2.0,7178.3,51.47592521906301,37.02226571750972,12.4,72.0,1.75,2.9166666666666665,-0.9612616959383188,0.2756373558169994,0.0,41.142857142857146,13.19,3793.9,16.866666666666667,0.0,6979.0,6979.0,0.9955739440007697,0.004426055999230251,0.0,0.0,0.0,0.0,1,여수,11,2,2022,autumn,0,463.72554921600005,31.9240368,4938.531446160001,3238.2627518879995,388.750848912,218.55761337600003
2022-11-10,569.421612,2670.51573216,851.67843624,2.0,7178.3,51.47592521906301,37.02226571750972,13.7,67.0,1.6666666666666663,2.4166666666666665,0.838670567945424,0.5446390350150271,0.0,40.2,12.62,3793.9,16.866666666666667,0.0,6529.0,6529.0,0.9955739440007697,0.004426055999230251,0.0,0.0,0.0,0.0,1,여수,11,3,2022,autumn,0,804.716175744,30.131108784000002,2960.9191900799997,3060.320048352,1282.855638528,214.87207089600003
2022-11-11,219.57910473600003,2288.699240112,631.1054230560001,2.0,7178.3,51.47592521906301,37.02226571750972,15.6,72.0,3.4722222222222223,4.861111111111111,0.9455185755993168,0.3255681544571567,0.0,20.736,11.66,3793.9,16.866666666666667,0.0,5671.0,5671.0,0.9955739440007697,0.004426055999230251,0.0,0.0,0.0,0.0,1,여수,11,4,2022,autumn,0,569.421612,24.506413920000004,2670.51573216,3170.8803650400005,851.67843624,218.516051376
2022-11-12,429.98759625599996,2217.084150816,325.72782057600006,2.0,7178.3,51.47592521906301,37.02226571750972,16.8,88.0,3.416666666666667,6.277777777777778,0.8480480961564261,-0.5299192642332048,17.0,25.756097560975608,9.11,3793.9,16.866666666666667,0.0,5748.0,5748.0,0.9955739440007697,0.004426055999230251,0.0,0.0,0.0,0.0,1,여수,11,5,2022,autumn,0,219.57910473600003,28.820709792,2288.699240112,3194.982193104001,631.1054230560001,216.472167936
2022-11-13,339.449041008,2414.425820688,357.360915744,2.0,7178.3,51.47592521906301,37.02226571750972,14.0,80.0,5.583333333333334,7.5,-0.9335804264972016,0.3583679495453004,13.3,14.328358208955224,11.81,3793.9,16.866666666666667,0.0,6228.0,6228.0,0.9955739440007697,0.004426055999230251,0.0,0.0,0.0,0.0,1,여수,11,6,2022,autumn,0,429.98759625599996,24.48943632,2217.084150816,3187.6248653280004,325.72782057600006,389.082229344
2022-11-14,380.439265536,2406.6564444,371.286697248,2.0,7178.3,51.47592521906301,37.02226571750972,12.2,70.0,3.1111111111111107,5.388888888888888,-0.544639035015027,0.838670567945424,0.0,22.500000000000004,6.04,3793.9,16.866666666666667,0.0,6247.0,6247.0,0.9955739440007697,0.004426055999230251,0.0,0.0,0.0,0.0,1,여수,11,0,2022,autumn,0,339.449041008,181.520892864,2414.425820688,4275.84564648,357.360915744,395.52217516800005
2022-11-15,455.60909836799993,2438.675439552,343.97769916799996,2.0,7178.3,51.47592521906301,37.02226571750972,10.3,63.0,3.6944444444444446,6.666666666666666,-0.7880107536067218,0.6156614753256585,0.0,17.052631578947366,12.88,3793.9,16.866666666666667,0.0,6346.0,6346.0,0.9955739440007697,0.004426055999230251,0.0,0.0,0.0,0.0,1,여수,11,1,2022,autumn,0,380.439265536,463.72554921600005,2406.6564444,4938.531446160001,371.286697248,388.750848912
2022-11-16,431.40574598399996,2035.1239884,282.601310112,2.0,7178.3,51.47592521906301,37.02226571750972,11.2,71.0,2.25,4.25,-0.9659258262890684,0.2588190451025203,0.0,31.555555555555557,12.74,3793.9,16.866666666666667,0.0,5713.0,5713.0,0.9955739440007697,0.004426055999230251,0.0,0.0,0.0,0.0,1,여수,11,2,2022,autumn,0,455.60909836799993,804.716175744,2438.675439552,2960.9191900799997,343.97769916799996,1282.855638528
2022-11-17,438.07918176000004,2444.2764036480003,338.307069888,2.0,7178.3,51.47592521906301,37.02226571750972,10.7,65.0,2.3333333333333335,3.7777777777777777,0.7431448254773942,0.6691306063588582,0.0,27.857142857142858,10.76,3793.9,16.866666666666667,0.0,6322.0,6322.0,0.9955739440007697,0.004426055999230251,0.0,0.0,0.0,0.0,1,여수,11,3,2022,autumn,0,431.40574598399996,569.421612,2035.1239884,2670.51573216,282.601310112,851.67843624
2022-11-18,427.51573113599994,2493.649583424,370.881446976,2.0,7178.3,51.47592521906301,37.02226571750972,11.5,65.0,3.0,4.416666666666667,0.838670567945424,0.5446390350150271,0.0,21.666666666666668,12.99,3793.9,16.866666666666667,0.0,6646.0,6646.0,0.9955739440007697,0.004426055999230251,0.0,0.0,0.0,0.0,1,여수,11,4,2022,autumn,0,438.07918176000004,219.57910473600003,2444.2764036480003,2288.699240112,338.307069888,631.1054230560001
2022-11-19,475.729801344,2047.907979792,384.59659939200003,2.0,7178.3,51.47592521906301,37.02226571750972,13.0,70.0,4.055555555555555,5.444444444444445,0.7986355100472928,0.6018150231520483,0.0,17.26027397260274,12.03,3793.9,16.866666666666667,0.0,5460.0,5460.0,0.9955739440007697,0.004426055999230251,0.0,0.0,0.0,0.0,1,여수,11,5,2022,autumn,0,427.51573113599994,429.98759625599996,2493.649583424,2217.084150816,370.881446976,325.72782057600006
2022-11-20,347.749738272,2322.258734016,389.298291264,2.0,7178.3,51.47592521906301,37.02226571750972,13.1,81.0,2.888888888888889,4.111111111111112,0.766044443118978,0.6427876096865394,1.0,28.03846153846154,5.47,3793.9,16.866666666666667,0.0,6112.0,6112.0,0.9955739440007697,0.004426055999230251,0.0,0.0,0.0,0.0,1,여수,11,6,2022,autumn,0,475.729801344,339.449041008,2047.907979792,2414.425820688,384.59659939200003,357.360915744
2022-11-21,317.19147264,2651.3942165280005,334.16892590399993,2.0,7178.3,51.47592521906301,37.02226571750972,12.3,83.0,1.3611111111111112,2.305555555555556,0.0174524064372835,0.9998476951563912,0.0,60.97959183673469,8.04,3793.9,16.866666666666667,0.0,7121.0,7121.0,0.9955739440007697,0.004426055999230251,0.0,0.0,0.0,0.0,1,여수,11,0,2022,autumn,0,347.749738272,380.439265536,2322.258734016,2406.6564444,389.298291264,371.286697248
2022-11-22,352.92384072,2272.818687264,367.233185376,2.0,7178.3,51.47592521906301,37.02226571750972,12.6,81.0,3.0555555555555554,4.333333333333333,0.6691306063588582,0.7431448254773942,2.6,26.50909090909091,3.12,3793.9,16.866666666666667,0.0,6403.0,6403.0,0.9955739440007697,0.004426055999230251,0.0,0.0,0.0,0.0,1,여수,11,1,2022,autumn,0,317.19147264,455.60909836799993,2651.3942165280005,2438.675439552,334.16892590399993,343.97769916799996
2022-11-23,535.4592821279999,2478.928396896,374.05300723199997,2.0,7178.3,51.47592521906301,37.02226571750972,13.0,77.0,3.638888888888889,6.444444444444444,-0.5000000000000004,0.8660254037844384,0.3,21.16030534351145,10.25,3793.9,16.866666666666667,0.0,6397.0,6397.0,0.9955739440007697,0.004426055999230251,0.0,0.0,0.0,0.0,1,여수,11,2,2022,autumn,0,352.92384072,431.40574598399996,2272.818687264,2035.1239884,367.233185376,282.601310112
2022-11-24,684.4253824799999,2593.315978992,370.452730896,2.0,7178.3,51.47592521906301,37.02226571750972,11.4,61.0,1.2777777777777777,2.3333333333333335,-0.2079116908177598,0.9781476007338056,0.0,47.73913043478261,9.89,3793.9,16.866666666666667,0.0,6644.0,6644.0,0.9955739440007697,0.004426055999230251,0.0,0.0,0.0,0.0,1,여수,11,3,2022,autumn,0,535.4592821279999,438.07918176000004,2478.928396896,2444.2764036480003,374.05300723199997,338.307069888
2022-11-25,593.127787104,2527.068679776,337.89302064000003,2.0,7178.3,51.47592521906301,37.02226571750972,10.6,82.0,1.5277777777777777,2.5555555555555554,0.5150380749100542,0.8571673007021123,0.0,53.67272727272728,9.94,3793.9,16.866666666666667,0.0,6074.0,6074.0,0.9955739440007697,0.004426055999230251,0.0,0.0,0.0,0.0,1,여수,11,4,2022,autumn,0,684.4253824799999,427.51573113599994,2593.315978992,2493.649583424,370.452730896,370.881446976
2022-11-26,299.00420352,2325.615938064,366.10436678400004,2.0,7178.3,51.47592521906301,37.02226571750972,12.1,66.0,3.4722222222222223,5.333333333333333,-0.7431448254773946,0.6691306063588578,0.0,19.008,11.78,3793.9,16.866666666666667,0.0,5671.0,5671.0,0.9955739440007697,0.004426055999230251,0.0,0.0,0.0,0.0,1,여수,11,5,2022,autumn,0,593.127787104,475.729801344,2527.068679776,2047.907979792,337.89302064000003,384.59659939200003
2022-11-27,490.756376736,2571.87831696,356.4173728799999,2.0,7178.3,51.47592521906301,37.02226571750972,9.7,66.0,2.1944444444444446,3.5833333333333335,0.7431448254773942,0.6691306063588582,0.0,30.075949367088604,11.49,3793.9,16.866666666666667,0.0,6491.0,6491.0,0.9955739440007697,0.004426055999230251,0.0,0.0,0.0,0.0,1,여수,11,6,2022,autumn,0,299.00420352,347.749738272,2325.615938064,2322.258734016,366.10436678400004,389.298291264
2022-11-28,1017.708628608,2612.3931839520005,392.371766064,2.0,7178.3,51.47592521906301,37.02226571750972,15.1,88.0,4.444444444444445,8.13888888888889,0.6427876096865395,-0.7660444431189779,10.6,19.8,5.57,3793.9,16.866666666666667,0.0,6764.0,6764.0,0.9955739440007697,0.004426055999230251,0.0,0.0,0.0,0.0,1,여수,11,0,2022,autumn,0,490.756376736,317.19147264,2571.87831696,2651.3942165280005,356.4173728799999,334.16892590399993
2022-11-29,1257.54693264,3088.930736448,1893.0837905280002,2.0,7178.3,51.47592521906301,37.02226571750972,13.5,76.0,5.416666666666667,7.472222222222221,-0.8386705679454243,0.5446390350150266,16.5,14.03076923076923,4.09,3793.9,16.866666666666667,0.0,7631.0,7631.0,0.9955739440007697,0.004426055999230251,0.0,0.0,0.0,0.0,1,여수,11,1,2022,autumn,0,1017.708628608,352.92384072,2612.3931839520005,2272.818687264,392.371766064,367.233185376
2022-11-30,1384.6302633599998,5246.04178656,370.99979654400005,2.0,7178.3,51.47592521906301,37.02226571750972,1.5,50.0,6.805555555555555,9.194444444444445,-0.6018150231520483,0.7986355100472928,0.0,7.346938775510204,8.7,3793.9,16.866666666666667,0.0,13810.0,13810.0,0.9955739440007697,0.004426055999230251,0.0,0.0,0.0,0.0,1,여수,11,2,2022,autumn,0,1257.54693264,535.4592821279999,3088.930736448,2478.928396896,1893.0837905280002,374.05300723199997
2022-12-01,1696.7605802400003,5640.897974976,357.181594704,2.0,12674.290322580646,79.33833330363983,37.051228318439925,1.1,46.0,3.6944444444444446,4.916666666666666,-0.4067366430758001,0.9135454576426008,0.0,12.451127819548873,9.84,6792.032258064516,7.774193548387097,0.0,14257.0,14257.0,0.9988567037012438,0.0011432962987561316,0.0,0.0,0.0,0.0,1,여수,12,3,2022,winter,1,1384.6302633599998,684.4253824799999,5246.04178656,2593.315978992,370.99979654400005,370.452730896
2022-12-02,2129.724618768,5712.543218448,375.124951584,2.0,12674.290322580646,79.33833330363983,37.051228318439925,2.5,60.0,1.6944444444444442,3.138888888888889,0.5150380749100542,0.8571673007021123,0.0,35.40983606557378,11.73,6792.032258064516,7.774193548387097,0.0,14342.0,14342.0,0.9988567037012438,0.0011432962987561316,0.0,0.0,0.0,0.0,1,여수,12,4,2022,winter,1,1696.7605802400003,593.127787104,5640.897974976,2527.068679776,357.181594704,337.89302064000003
2022-12-03,1668.86162424,5521.324424544,368.629730784,2.0,12674.290322580646,79.33833330363983,37.051228318439925,7.0,71.0,1.7222222222222223,3.194444444444444,-0.4848096202463369,0.8746197071393959,0.0,41.225806451612904,5.98,6792.032258064516,7.774193548387097,0.0,14024.0,14024.0,0.9988567037012438,0.0011432962987561316,0.0,0.0,0.0,0.0,1,여수,12,5,2022,winter,1,2129.724618768,299.00420352,5712.543218448,2325.615938064,375.124951584,366.10436678400004
2022-12-04,2140.5624727679997,5908.356886464,402.822478656,2.0,12674.290322580646,79.33833330363983,37.051228318439925,5.8,49.0,4.027777777777778,5.722222222222222,-0.3090169943749477,0.9510565162951536,0.0,12.16551724137931,10.23,6792.032258064516,7.774193548387097,0.0,15083.0,15083.0,0.9988567037012438,0.0011432962987561316,0.0,0.0,0.0,0.0,1,여수,12,6,2022,winter,1,1668.86162424,490.756376736,5521.324424544,2571.87831696,368.629730784,356.4173728799999
2022-12-05,1910.2710228479998,5678.040451824,368.511840432,2.0,12674.290322580646,79.33833330363983,37.051228318439925,2.7,42.0,3.611111111111111,5.083333333333333,-0.3255681544571567,0.9455185755993168,0.0,11.63076923076923,7.04,6792.032258064516,7.774193548387097,0.0,15027.0,15027.0,0.9988567037012438,0.0011432962987561316,0.0,0.0,0.0,0.0,1,여수,12,0,2022,winter,1,2140.5624727679997,1017.708628608,5908.356886464,2612.3931839520005,402.822478656,392.371766064
2022-12-06,1507.054658688,4691.2762457280005,6399.4402851840005,2.0,12674.290322580646,79.33833330363983,37.051228318439925,4.0,56.0,4.083333333333333,7.888888888888888,-0.9063077870366498,0.4226182617406996,0.0,13.714285714285715,10.68,6792.032258064516,7.774193548387097,0.0,10453.0,10453.0,0.9988567037012438,0.0011432962987561316,0.0,0.0,0.0,0.0,1,여수,12,1,2022,winter,1,1910.2710228479998,1257.54693264,5678.040451824,3088.930736448,368.511840432,1893.0837905280002
2022-12-07,1487.5971536160002,2760.6625811999997,598.2102813600001,2.0,12674.290322580646,79.33833330363983,37.051228318439925,6.8,60.0,4.027777777777778,6.194444444444445,-0.9702957262759966,0.2419218955996674,0.0,14.89655172413793,11.22,6792.032258064516,7.774193548387097,0.0,6454.0,6454.0,0.9988567037012438,0.0011432962987561316,0.0,0.0,0.0,0.0,1,여수,12,2,2022,winter,1,1507.054658688,1384.6302633599998,4691.2762457280005,5246.04178656,6399.4402851840005,370.99979654400005
2022-12-08,1201.6180566720002,2652.545448288,678.4036496639999,2.0,12674.290322580646,79.33833330363983,37.051228318439925,6.7,72.0,2.055555555555556,3.2777777777777777,-0.8386705679454243,0.5446390350150266,0.0,35.027027027027025,10.2,6792.032258064516,7.774193548387097,0.0,6470.0,6470.0,0.9988567037012438,0.0011432962987561316,0.0,0.0,0.0,0.0,1,여수,12,3,2022,winter,1,1487.5971536160002,1696.7605802400003,2760.6625811999997,5640.897974976,598.2102813600001,357.181594704
2022-12-09,1014.1404733439999,2502.927825408,682.816683456,2.0,12674.290322580646,79.33833330363983,37.051228318439925,6.6,71.0,1.9444444444444444,2.7222222222222223,-0.2419218955996678,0.9702957262759964,0.1,36.51428571428571,7.6,6792.032258064516,7.774193548387097,0.0,6418.0,6418.0,0.9988567037012438,0.0011432962987561316,0.0,0.0,0.0,0.0,1,여수,12,4,2022,winter,1,1201.6180566720002,2129.724618768,2652.545448288,5712.543218448,678.4036496639999,375.124951584
2022-12-10,1086.29892288,2824.5693621600003,626.3848713599999,2.0,12674.290322580646,79.33833330363983,37.051228318439925,7.1,75.0,2.055555555555556,4.75,-0.1391731009600658,0.9902680687415704,0.3,36.48648648648648,8.91,6792.032258064516,7.774193548387097,0.0,7354.0,7354.0,0.9988567037012438,0.0011432962987561316,0.0,0.0,0.0,0.0,1,여수,12,5,2022,winter,1,1014.1404733439999,1668.86162424,2502.927825408,5521.324424544,682.816683456,368.629730784
2022-12-11,1163.526004224,2815.0618291199994,664.3565856,2.0,12674.290322580646,79.33833330363983,37.051228318439925,6.2,56.0,3.555555555555556,4.861111111111111,-0.4383711467890778,0.8987940462991668,0.0,15.749999999999998,11.24,6792.032258064516,7.774193548387097,0.0,7420.0,7420.0,0.9988567037012438,0.0011432962987561316,0.0,0.0,0.0,0.0,1,여수,12,6,2022,winter,1,1086.29892288,2140.5624727679997,2824.5693621600003,5908.356886464,626.3848713599999,402.822478656
2022-12-12,859.8278586240001,2373.3776397600004,3021.4439477280002,2.0,12674.290322580646,79.33833330363983,37.051228318439925,5.2,72.0,2.9166666666666665,4.972222222222221,-0.529919264233205,0.8480480961564258,1.9,24.685714285714287,4.11,6792.032258064516,7.774193548387097,0.0,7267.0,7267.0,0.9988567037012438,0.0011432962987561316,0.0,0.0,0.0,0.0,1,여수,12,0,2022,winter,1,1163.526004224,1910.2710228479998,2815.0618291199994,5678.040451824,664.3565856,368.511840432
2022-12-13,1053.848958048,4181.809385376,398.722495104,2.0,12674.290322580646,79.33833330363983,37.051228318439925,6.2,60.0,6.444444444444444,9.027777777777777,-0.9563047559630354,0.2923717047227367,0.0,9.310344827586208,10.44,6792.032258064516,7.774193548387097,0.0,13843.0,13843.0,0.9988567037012438,0.0011432962987561316,0.0,0.0,0.0,0.0,1,여수,12,1,2022,winter,1,859.8278586240001,1507.054658688,2373.3776397600004,4691.2762457280005,3021.4439477280002,6399.4402851840005
2022-12-14,1328.901728112,4595.840237951999,412.447236912,2.0,12674.290322580646,79.33833330363983,37.051228318439925,-0.5,56.0,5.666666666666666,8.305555555555555,-0.7880107536067218,0.6156614753256585,0.0,9.882352941176473,11.14,6792.032258064516,7.774193548387097,0.0,15081.0,15081.0,0.9988567037012438,0.0011432962987561316,0.0,0.0,0.0,0.0,1,여수,12,2,2022,winter,1,1053.848958048,1487.5971536160002,4181.809385376,2760.6625811999997,398.722495104,598.2102813600001
2022-12-15,1079.5490766720002,4468.263924096,414.150125472,2.0,12674.290322580646,79.33833330363983,37.051228318439925,1.2,65.0,2.2777777777777777,5.055555555555555,-0.9961946980917455,-0.0871557427476582,0.0,28.53658536585366,11.05,6792.032258064516,7.774193548387097,0.0,14463.0,14463.0,0.9988567037012438,0.0011432962987561316,0.0,0.0,0.0,0.0,1,여수,12,3,2022,winter,1,1328.901728112,1201.6180566720002,4595.840237951999,2652.545448288,412.447236912,678.4036496639999
2022-12-16,928.9471988160001,4422.443292,418.560977376,2.0,12674.290322580646,79.33833330363983,37.051228318439925,2.8,50.0,3.6666666666666665,5.555555555555555,-0.6560590289905074,0.7547095802227719,0.0,13.636363636363637,8.88,6792.032258064516,7.774193548387097,0.0,14405.0,14405.0,0.9988567037012438,0.0011432962987561316,0.0,0.0,0.0,0.0,1,여수,12,4,2022,winter,1,1079.5490766720002,1014.1404733439999,4468.263924096,2502.927825408,414.150125472,682.816683456
2022-12-17,842.20978608,4486.625768304,425.84361076799996,2.0,12674.290322580646,79.33833330363983,37.051228318439925,0.2,50.0,5.249999999999999,8.38888888888889,-0.7880107536067218,0.6156614753256585,0.0,9.523809523809526,8.77,6792.032258064516,7.774193548387097,0.0,14825.0,14825.0,0.9988567037012438,0.0011432962987561316,0.0,0.0,0.0,0.0,1,여수,12,5,2022,winter,1,928.9471988160001,1086.29892288,4422.443292,2824.5693621600003,418.560977376,626.3848713599999
2022-12-18,770.5855764,4392.298875456,436.23477288000004,2.0,12674.290322580646,79.33833330363983,37.051228318439925,-2.4,55.0,3.5833333333333335,6.472222222222222,-0.7431448254773946,0.6691306063588578,0.0,15.348837209302324,11.15,6792.032258064516,7.774193548387097,0.0,14736.0,14736.0,0.9988567037012438,0.0011432962987561316,0.0,0.0,0.0,0.0,1,여수,12,6,2022,winter,1,842.20978608,1163.526004224,4486.625768304,2815.0618291199994,425.84361076799996,664.3565856
2022-12-19,1158.183472464,4402.626335856,447.366146544,2.0,12674.290322580646,79.33833330363983,37.051228318439925,-0.6,60.0,1.972222222222222,4.111111111111112,-0.9335804264972016,0.3583679495453004,0.0,30.422535211267608,10.27,6792.032258064516,7.774193548387097,0.0,14719.0,14719.0,0.9988567037012438,0.0011432962987561316,0.0,0.0,0.0,0.0,1,여수,12,0,2022,winter,1,770.5855764,859.8278586240001,4392.298875456,2373.3776397600004,436.23477288000004,3021.4439477280002
2022-12-20,1239.4852243199998,4309.942010976,416.43595152,2.0,12674.290322580646,79.33833330363983,37.051228318439925,2.0,72.0,1.8611111111111112,2.5833333333333335,-0.2756373558169989,0.9612616959383188,0.0,38.6865671641791,11.14,6792.032258064516,7.774193548387097,0.0,14246.0,14246.0,0.9988567037012438,0.0011432962987561316,0.0,0.0,0.0,0.0,1,여수,12,1,2022,winter,1,1158.183472464,1053.848958048,4402.626335856,4181.809385376,447.366146544,398.722495104
2022-12-21,,,,,12674.290322580646,79.33833330363983,37.051228318439925,4.4,87.0,2.888888888888889,5.444444444444445,-0.2249510543438653,0.9743700647852352,5.6,30.115384615384617,5.92,6792.032258064516,7.774193548387097,0.0,14077.0,14077.0,0.9988567037012438,0.0011432962987561316,0.0,0.0,0.0,0.0,1,여수,12,2,2022,winter,1,1239.4852243199998,1328.901728112,4309.942010976,4595.840237951999,416.43595152,412.447236912
2022-12-22,896.1555294720001,4740.689688192,390.29169988800004,2.0,12674.290322580646,79.33833330363983,37.051228318439925,-0.3,65.0,5.833333333333333,7.416666666666666,-0.7547095802227722,0.656059028990507,0.2,11.142857142857144,9.87,6792.032258064516,7.774193548387097,0.0,14176.0,14176.0,0.9988567037012438,0.0011432962987561316,0.0,0.0,0.0,0.0,1,여수,12,3,2022,winter,1,,1079.5490766720002,,4468.263924096,,414.150125472
2022-12-23,743.224822848,4761.669595968,400.887758016,2.0,12674.290322580646,79.33833330363983,37.051228318439925,-4.0,63.0,7.611111111111111,9.138888888888888,-0.7880107536067218,0.6156614753256585,0.0,8.277372262773723,10.91,6792.032258064516,7.774193548387097,0.0,14552.0,14552.0,0.9988567037012438,0.0011432962987561316,0.0,0.0,0.0,0.0,1,여수,12,4,2022,winter,1,896.1555294720001,928.9471988160001,4740.689688192,4422.443292,390.29169988800004,418.560977376
2022-12-24,540.789894432,4585.48327584,409.4208705599999,2.0,12674.290322580646,79.33833330363983,37.051228318439925,-4.4,73.0,4.611111111111112,8.194444444444445,-0.7071067811865477,0.7071067811865474,0.0,15.831325301204815,11.72,6792.032258064516,7.774193548387097,0.0,14194.0,14194.0,0.9988567037012438,0.0011432962987561316,0.0,0.0,0.0,0.0,1,여수,12,5,2022,winter,1,743.224822848,842.20978608,4761.669595968,4486.625768304,400.887758016,425.84361076799996
2022-12-25,503.7609708,4483.831781664,385.439115024,2.0,12674.290322580646,79.33833330363983,37.051228318439925,-0.8,66.0,4.916666666666666,6.944444444444445,-0.7431448254773946,0.6691306063588578,0.0,13.423728813559324,11.54,6792.032258064516,7.774193548387097,0.0,13985.0,13985.0,0.9988567037012438,0.0011432962987561316,0.0,0.0,0.0,0.0,1,여수,12,6,2022,winter,1,540.789894432,770.5855764,4585.48327584,4392.298875456,409.4208705599999,436.23477288000004
2022-12-26,557.45443512,4665.6961668,380.4413364,2.0,12674.290322580646,79.33833330363983,37.051228318439925,1.0,64.0,3.083333333333333,4.472222222222222,-0.6946583704589976,0.7193398003386509,0.0,20.75675675675676,6.6,6792.032258064516,7.774193548387097,0.0,14595.0,14595.0,0.9988567037012438,0.0011432962987561316,0.0,0.0,0.0,0.0,1,여수,12,0,2022,winter,1,503.7609708,1158.183472464,4483.831781664,4402.626335856,385.439115024,447.366146544
2022-12-27,620.153736192,4668.239432015999,303.822446688,2.0,12674.290322580646,79.33833330363983,37.051228318439925,1.8,61.0,3.0,5.277777777777778,-0.6819983600624984,0.7313537016191707,0.0,20.333333333333332,11.35,6792.032258064516,7.774193548387097,0.0,13987.0,13987.0,0.9988567037012438,0.0011432962987561316,0.0,0.0,0.0,0.0,1,여수,12,1,2022,winter,1,557.45443512,1239.4852243199998,4665.6961668,4309.942010976,380.4413364,416.43595152
2022-12-28,698.5167516,4673.060754912,446.654431008,2.0,12674.290322580646,79.33833330363983,37.051228318439925,2.3,66.0,3.9722222222222223,6.138888888888889,-0.7986355100472932,0.6018150231520479,0.0,16.615384615384613,9.74,6792.032258064516,7.774193548387097,0.0,13955.0,13955.0,0.9988567037012438,0.0011432962987561316,0.0,0.0,0.0,0.0,1,여수,12,2,2022,winter,1,620.153736192,,4668.239432015999,,303.822446688,
2022-12-29,799.997861664,4945.736559456,462.230354304,2.0,12674.290322580646,79.33833330363983,37.051228318439925,1.8,60.0,3.75,5.777777777777778,-0.7431448254773946,0.6691306063588578,0.0,16.0,10.96,6792.032258064516,7.774193548387097,0.0,14843.0,14843.0,0.9988567037012438,0.0011432962987561316,0.0,0.0,0.0,0.0,1,여수,12,3,2022,winter,1,698.5167516,896.1555294720001,4673.060754912,4740.689688192,446.654431008,390.29169988800004
2022-12-30,684.8707409279999,4771.984415616001,453.75527347200006,2.0,12674.290322580646,79.33833330363983,37.051228318439925,2.3,63.0,2.861111111111111,4.388888888888889,-0.7771459614569708,0.6293203910498375,0.0,22.01941747572815,9.98,6792.032258064516,7.774193548387097,0.0,14242.0,14242.0,0.9988567037012438,0.0011432962987561316,0.0,0.0,0.0,0.0,1,여수,12,4,2022,winter,1,799.997861664,743.224822848,4945.736559456,4761.669595968,462.230354304,400.887758016
2022-12-31,583.382500992,2944.213764192,1360.398300768,2.0,12674.290322580646,79.33833330363983,37.051228318439925,2.6,62.0,4.277777777777778,6.138888888888889,-0.8090169943749476,0.5877852522924729,0.0,14.493506493506494,11.35,6792.032258064516,7.774193548387097,0.0,9410.0,9410.0,0.9988567037012438,0.0011432962987561316,0.0,0.0,0.0,0.0,1,여수,12,5,2022,winter,1,684.8707409279999,540.789894432,4771.984415616001,4585.48327584,453.75527347200006,409.4208705599999
2023-01-01,206.35928064,2725.384146336,834.35647824,2.0,12341.032258064517,79.8512504835691,36.58368814236275,3.2,65.0,3.9166666666666665,5.583333333333334,-0.8386705679454243,0.5446390350150266,0.0,16.595744680851066,11.21,6684.741935483871,37.25806451612903,0.0,8528.0,8528.0,0.9944572947759404,0.00554270522405966,0.0,0.0,0.0,0.0,1,여수,1,6,2023,winter,1,583.382500992,503.7609708,2944.213764192,4483.831781664,1360.398300768,385.439115024
2023-01-02,447.0257567519999,3980.4629050080002,439.746589728,2.0,12341.032258064517,79.8512504835691,36.58368814236275,0.9,46.0,5.444444444444445,6.805555555555555,-0.7313537016191703,0.6819983600624987,0.0,8.448979591836734,11.27,6684.741935483871,37.25806451612903,0.0,13255.0,13255.0,0.9944572947759404,0.00554270522405966,0.0,0.0,0.0,0.0,1,여수,1,0,2023,winter,1,206.35928064,557.45443512,2725.384146336,4665.6961668,834.35647824,380.4413364
2023-01-03,419.640219936,4337.125723728001,474.663351456,2.0,12341.032258064517,79.8512504835691,36.58368814236275,0.5,53.0,5.083333333333333,6.194444444444445,-0.7431448254773946,0.6691306063588578,0.0,10.42622950819672,11.76,6684.741935483871,37.25806451612903,0.0,14026.0,14026.0,0.9944572947759404,0.00554270522405966,0.0,0.0,0.0,0.0,1,여수,1,1,2023,winter,1,447.0257567519999,620.153736192,3980.4629050080002,4668.239432015999,439.746589728,303.822446688
2023-01-04,389.521285632,4375.193936256001,484.62616886399996,2.0,12341.032258064517,79.8512504835691,36.58368814236275,1.9,58.0,3.9722222222222223,5.916666666666667,-0.7880107536067218,0.6156614753256585,0.0,14.601398601398602,11.31,6684.741935483871,37.25806451612903,0.0,13854.0,13854.0,0.9944572947759404,0.00554270522405966,0.0,0.0,0.0,0.0,1,여수,1,2,2023,winter,1,419.640219936,698.5167516,4337.125723728001,4673.060754912,474.663351456,446.654431008
2023-01-05,368.89984699199994,4400.625386736,490.799957616,2.0,12341.032258064517,79.8512504835691,36.58368814236275,3.1,77.0,1.8888888888888888,3.194444444444444,-0.9781476007338056,0.2079116908177594,0.0,40.76470588235294,7.96,6684.741935483871,37.25806451612903,0.0,13966.0,13966.0,0.9944572947759404,0.00554270522405966,0.0,0.0,0.0,0.0,1,여수,1,3,2023,winter,1,389.521285632,799.997861664,4375.193936256001,4945.736559456,484.62616886399996,462.230354304
2023-01-06,182.656821312,4484.564233632,501.134343696,2.0,12341.032258064517,79.8512504835691,36.58368814236275,4.1,76.0,2.2222222222222223,3.416666666666667,-0.9961946980917455,-0.0871557427476582,2.0,34.199999999999996,11.52,6684.741935483871,37.25806451612903,0.0,14324.0,14324.0,0.9944572947759404,0.00554270522405966,0.0,0.0,0.0,0.0,1,여수,1,4,2023,winter,1,368.89984699199994,684.8707409279999,4400.625386736,4771.984415616001,490.799957616,453.75527347200006
2023-01-07,4.6816928639999995,2247.84963144,1676.877106464,2.0,12341.032258064517,79.8512504835691,36.58368814236275,4.5,62.0,5.833333333333333,8.305555555555555,-0.8746197071393956,0.4848096202463373,0.0,10.62857142857143,11.38,6684.741935483871,37.25806451612903,0.0,8381.0,8381.0,0.9944572947759404,0.00554270522405966,0.0,0.0,0.0,0.0,1,여수,1,5,2023,winter,1,182.656821312,583.382500992,4484.564233632,2944.213764192,501.134343696,1360.398300768
2023-01-08,30.591957024,2751.4467460799997,1063.68408144,2.0,12341.032258064517,79.8512504835691,36.58368814236275,3.4,70.0,2.4444444444444446,4.027777777777778,-0.992546151641322,0.1218693434051476,0.0,28.636363636363633,11.63,6684.741935483871,37.25806451612903,0.0,9064.0,9064.0,0.9944572947759404,0.00554270522405966,0.0,0.0,0.0,0.0,1,여수,1,6,2023,winter,1,4.6816928639999995,206.35928064,2247.84963144,2725.384146336,1676.877106464,834.35647824
2023-01-09,67.927014144,4425.669611136,518.4117675360001,2.0,12341.032258064517,79.8512504835691,36.58368814236275,6.1,72.0,2.8055555555555554,6.111111111111111,-0.8480480961564262,0.5299192642332047,0.0,25.663366336633665,10.65,6684.741935483871,37.25806451612903,0.0,14421.0,14421.0,0.9944572947759404,0.00554270522405966,0.0,0.0,0.0,0.0,1,여수,1,0,2023,winter,1,30.591957024,447.0257567519999,2751.4467460799997,3980.4629050080002,1063.68408144,439.746589728
2023-01-10,380.478442176,4524.982694208,533.9235165120001,2.0,12341.032258064517,79.8512504835691,36.58368814236275,3.9,71.0,2.611111111111111,3.8055555555555554,0.6946583704589973,0.7193398003386512,0.0,27.19148936170213,11.88,6684.741935483871,37.25806451612903,0.0,14381.0,14381.0,0.9944572947759404,0.00554270522405966,0.0,0.0,0.0,0.0,1,여수,1,1,2023,winter,1,67.927014144,419.640219936,4425.669611136,4337.125723728001,518.4117675360001,474.663351456
2023-01-11,405.295341552,4568.97491424,542.26782648,2.0,12341.032258064517,79.8512504835691,36.58368814236275,5.8,78.0,1.777777777777778,3.3611111111111107,-0.9781476007338056,-0.2079116908177598,0.0,43.875,11.25,6684.741935483871,37.25806451612903,0.0,14452.0,14452.0,0.9944572947759404,0.00554270522405966,0.0,0.0,0.0,0.0,1,여수,1,2,2023,winter,1,380.478442176,389.521285632,4524.982694208,4375.193936256001,533.9235165120001,484.62616886399996
2023-01-12,249.38702798400007,4435.639363872,522.762579792,2.0,12341.032258064517,79.8512504835691,36.58368814236275,8.0,83.0,2.4166666666666665,4.777777777777778,0.9743700647852352,0.2249510543438649,1.3,34.3448275862069,10.22,6684.741935483871,37.25806451612903,0.0,14301.0,14301.0,0.9944572947759404,0.00554270522405966,0.0,0.0,0.0,0.0,1,여수,1,3,2023,winter,1,405.295341552,368.89984699199994,4568.97491424,4400.625386736,542.26782648,490.799957616
2023-01-13,224.71136726400002,4483.440969696,524.473585344,2.0,12341.032258064517,79.8512504835691,36.58368814236275,13.6,95.0,5.888888888888888,10.527777777777777,-0.5150380749100542,-0.8571673007021123,35.4,16.132075471698116,5.88,6684.741935483871,37.25806451612903,0.0,14387.0,14387.0,0.9944572947759404,0.00554270522405966,0.0,0.0,0.0,0.0,1,여수,1,4,2023,winter,1,249.38702798400007,182.656821312,4435.639363872,4484.564233632,522.762579792,501.134343696
2023-01-14,143.333600256,2598.0750708479995,1599.8404825440002,2.0,12341.032258064517,79.8512504835691,36.58368814236275,10.6,96.0,2.75,4.722222222222222,-0.1045284632676534,0.9945218953682732,5.7,34.90909090909091,2.95,6684.741935483871,37.25806451612903,0.0,8872.0,8872.0,0.9944572947759404,0.00554270522405966,0.0,0.0,0.0,0.0,1,여수,1,5,2023,winter,1,224.71136726400002,4.6816928639999995,4483.440969696,2247.84963144,524.473585344,1676.877106464
2023-01-15,51.243598080000005,2336.424044544,388.62418118399995,2.0,12341.032258064517,79.8512504835691,36.58368814236275,3.8,83.0,5.194444444444444,7.611111111111111,-0.7431448254773946,0.6691306063588578,1.9,15.978609625668453,2.95,6684.741935483871,37.25806451612903,0.0,7534.0,7534.0,0.9944572947759404,0.00554270522405966,0.0,0.0,0.0,0.0,1,여수,1,6,2023,winter,1,143.333600256,30.591957024,2598.0750708479995,2751.4467460799997,1599.8404825440002,1063.68408144
2023-01-16,96.75935611199999,3329.504724384,542.7277443360001,2.0,12341.032258064517,79.8512504835691,36.58368814236275,-0.7,60.0,5.388888888888888,7.694444444444444,-0.6819983600624984,0.7313537016191707,0.0,11.134020618556702,12.8,6684.741935483871,37.25806451612903,0.0,11547.0,11547.0,0.9944572947759404,0.00554270522405966,0.0,0.0,0.0,0.0,1,여수,1,0,2023,winter,1,51.243598080000005,67.927014144,2336.424044544,4425.669611136,388.62418118399995,518.4117675360001
2023-01-17,94.18266201599998,4453.26088176,546.333104736,2.0,12341.032258064517,79.8512504835691,36.58368814236275,0.0,60.0,3.083333333333333,5.611111111111111,-0.6691306063588581,0.7431448254773944,0.0,19.45945945945946,11.47,6684.741935483871,37.25806451612903,0.0,15098.0,15098.0,0.9944572947759404,0.00554270522405966,0.0,0.0,0.0,0.0,1,여수,1,1,2023,winter,1,96.75935611199999,380.478442176,3329.504724384,4524.982694208,542.7277443360001,533.9235165120001
2023-01-18,47.392462800000004,4392.7258295520005,545.2737209280001,2.0,12341.032258064517,79.8512504835691,36.58368814236275,1.6,67.0,2.861111111111111,5.5,-0.8386705679454243,0.5446390350150266,0.0,23.41747572815534,10.32,6684.741935483871,37.25806451612903,0.0,14667.0,14667.0,0.9944572947759404,0.00554270522405966,0.0,0.0,0.0,0.0,1,여수,1,2,2023,winter,1,94.18266201599998,405.295341552,4453.26088176,4568.97491424,546.333104736,542.26782648
2023-01-19,270.222044112,4426.935804287999,547.217464896,2.0,12341.032258064517,79.8512504835691,36.58368814236275,1.8,70.0,2.4444444444444446,4.555555555555555,-0.9876883405951378,0.1564344650402306,0.0,28.636363636363633,11.16,6684.741935483871,37.25806451612903,0.0,14654.0,14654.0,0.9944572947759404,0.00554270522405966,0.0,0.0,0.0,0.0,1,여수,1,3,2023,winter,1,47.392462800000004,249.38702798400007,4392.7258295520005,4435.639363872,545.2737209280001,522.762579792
2023-01-20,455.1000282720001,4262.159946384,531.075296592,2.0,12341.032258064517,79.8512504835691,36.58368814236275,1.5,61.0,5.222222222222222,8.027777777777777,-0.8386705679454243,0.5446390350150266,0.0,11.680851063829786,12.8,6684.741935483871,37.25806451612903,0.0,14187.0,14187.0,0.9944572947759404,0.00554270522405966,0.0,0.0,0.0,0.0,1,여수,1,4,2023,winter,1,270.222044112,224.71136726400002,4426.935804287999,4483.440969696,547.217464896,524.473585344
2023-01-21,23.211534528,2371.703965776,2762.188428816,2.0,12341.032258064517,79.8512504835691,36.58368814236275,-0.6,55.0,2.5,4.166666666666667,-0.5877852522924734,0.8090169943749473,0.0,22.0,13.16,6684.741935483871,37.25806451612903,0.0,9326.0,9326.0,0.9944572947759404,0.00554270522405966,0.0,0.0,0.0,0.0,1,여수,1,5,2023,winter,1,455.1000282720001,143.333600256,4262.159946384,2598.0750708479995,531.075296592,1599.8404825440002
2023-01-22,26.531738351999998,2284.2609982559998,351.315457056,2.0,12341.032258064517,79.8512504835691,36.58368814236275,1.4,63.0,2.944444444444444,4.138888888888889,0.6691306063588582,0.7431448254773942,0.6,21.39622641509434,3.63,6684.741935483871,37.25806451612903,0.0,7664.0,7664.0,0.9944572947759404,0.00554270522405966,0.0,0.0,0.0,0.0,1,여수,1,6,2023,winter,1,23.211534528,51.243598080000005,2371.703965776,2336.424044544,2762.188428816,388.62418118399995
2023-01-23,25.737025104,2229.33151656,1058.584539744,2.0,12341.032258064517,79.8512504835691,36.58368814236275,4.2,62.0,3.333333333333333,8.277777777777779,-0.2079116908177598,0.9781476007338056,0.0,18.6,12.47,6684.741935483871,37.25806451612903,0.0,6972.0,6972.0,0.9944572947759404,0.00554270522405966,0.0,0.0,0.0,0.0,1,여수,1,0,2023,winter,1,26.531738351999998,96.75935611199999,2284.2609982559998,3329.504724384,351.315457056,542.7277443360001
2023-01-24,15.194035728,2530.3893907680003,5712.715157328001,2.0,12341.032258064517,79.8512504835691,36.58368814236275,-5.7,47.0,8.916666666666666,11.583333333333334,-0.6946583704589976,0.7193398003386509,0.0,5.271028037383178,13.28,6684.741935483871,37.25806451612903,0.0,8321.0,8321.0,0.9944572947759404,0.00554270522405966,0.0,0.0,0.0,0.0,1,여수,1,1,2023,winter,1,25.737025104,94.18266201599998,2229.33151656,4453.26088176,1058.584539744,546.333104736
2023-01-25,78.28550323200001,4623.6350430719995,553.17502944,2.0,12341.032258064517,79.8512504835691,36.58368814236275,-6.2,34.0,4.638888888888888,6.916666666666666,-0.7431448254773946,0.6691306063588578,0.0,7.32934131736527,13.99,6684.741935483871,37.25806451612903,0.0,14649.0,14649.0,0.9944572947759404,0.00554270522405966,0.0,0.0,0.0,0.0,1,여수,1,2,2023,winter,1,15.194035728,47.392462800000004,2530.3893907680003,4392.7258295520005,5712.715157328001,545.2737209280001
2023-01-26,517.25805912,4599.68627088,524.2336675199999,2.0,12341.032258064517,79.8512504835691,36.58368814236275,0.0,61.0,1.972222222222222,3.2777777777777777,-0.9396926207859084,0.342020143325669,0.0,30.929577464788736,12.27,6684.741935483871,37.25806451612903,0.0,14887.0,14887.0,0.9944572947759404,0.00554270522405966,0.0,0.0,0.0,0.0,1,여수,1,3,2023,winter,1,78.28550323200001,270.222044112,4623.6350430719995,4426.935804287999,553.17502944,547.217464896
2023-01-27,758.881307376,4303.309976928,499.9628934719999,2.0,12341.032258064517,79.8512504835691,36.58368814236275,-1.3,54.0,5.805555555555555,8.777777777777779,-0.6427876096865396,0.7660444431189778,0.0,9.301435406698564,13.53,6684.741935483871,37.25806451612903,0.0,14223.0,14223.0,0.9944572947759404,0.00554270522405966,0.0,0.0,0.0,0.0,1,여수,1,4,2023,winter,1,517.25805912,455.1000282720001,4599.68627088,4262.159946384,524.2336675199999,531.075296592
2023-01-28,966.9848389919999,4411.166333472,501.42879907200006,2.0,12341.032258064517,79.8512504835691,36.58368814236275,-2.6,52.0,5.138888888888888,7.305555555555555,-0.8191520442889918,0.573576436351046,0.0,10.11891891891892,12.9,6684.741935483871,37.25806451612903,0.0,14770.0,14770.0,0.9944572947759404,0.00554270522405966,0.0,0.0,0.0,0.0,1,여수,1,5,2023,winter,1,758.881307376,23.211534528,4303.309976928,2371.703965776,499.9628934719999,2762.188428816
2023-01-29,336.3461776800001,2478.706072128,3129.147617472,2.0,12341.032258064517,79.8512504835691,36.58368814236275,1.3,64.0,3.6944444444444446,6.638888888888888,-0.9743700647852352,0.2249510543438649,0.0,17.32330827067669,11.78,6684.741935483871,37.25806451612903,0.0,8730.0,8730.0,0.9944572947759404,0.00554270522405966,0.0,0.0,0.0,0.0,1,여수,1,6,2023,winter,1,966.9848389919999,26.531738351999998,4411.166333472,2284.2609982559998,501.42879907200006,351.315457056
2023-01-30,663.566313456,4389.156059904,502.11103464,2.0,12341.032258064517,79.8512504835691,36.58368814236275,1.6,51.0,4.777777777777778,6.083333333333333,-0.7660444431189781,0.6427876096865393,0.0,10.674418604651162,14.19,6684.741935483871,37.25806451612903,0.0,14569.0,14569.0,0.9944572947759404,0.00554270522405966,0.0,0.0,0.0,0.0,1,여수,1,0,2023,winter,1,336.3461776800001,25.737025104,2478.706072128,2229.33151656,3129.147617472,1058.584539744
2023-01-31,756.6606430559999,4408.763470272001,461.55193747199996,2.0,12341.032258064517,79.8512504835691,36.58368814236275,2.6,64.0,1.6944444444444442,3.1111111111111107,-0.587785252292473,-0.8090169943749475,0.0,37.770491803278695,14.01,6684.741935483871,37.25806451612903,0.0,14562.0,14562.0,0.9944572947759404,0.00554270522405966,0.0,0.0,0.0,0.0,1,여수,1,1,2023,winter,1,663.566313456,15.194035728,4389.156059904,2530.3893907680003,502.11103464,5712.715157328001
2023-02-01,549.7273143360001,4345.915996656,413.20392710400006,2.0,10141.42857142857,69.93348006761515,36.67704254120299,5.5,64.0,4.222222222222222,7.166666666666667,-0.8480480961564262,0.5299192642332047,0.0,15.157894736842104,13.15,5588.392857142857,27.035714285714285,0.0,14305.0,14305.0,0.9951854584308537,0.00481454156914623,0.0,0.0,0.0,0.0,1,여수,2,2,2023,winter,1,756.6606430559999,78.28550323200001,4408.763470272001,4623.6350430719995,461.55193747199996,553.17502944
2023-02-02,444.20635555200005,4335.390118944,413.31733833600003,2.0,10141.42857142857,69.93348006761515,36.67704254120299,1.5,52.0,2.4444444444444446,4.555555555555555,-0.4383711467890778,0.8987940462991668,0.0,21.27272727272727,13.26,5588.392857142857,27.035714285714285,0.0,15104.0,15104.0,0.9951854584308537,0.00481454156914623,0.0,0.0,0.0,0.0,1,여수,2,3,2023,winter,1,549.7273143360001,517.25805912,4345.915996656,4599.68627088,413.20392710400006,524.2336675199999
2023-02-03,464.02857792000003,3989.848239072,394.349406336,2.0,10141.42857142857,69.93348006761515,36.67704254120299,2.6,49.0,3.3055555555555554,5.916666666666667,-0.6691306063588581,0.7431448254773944,0.0,14.823529411764708,12.53,5588.392857142857,27.035714285714285,0.0,14381.0,14381.0,0.9951854584308537,0.00481454156914623,0.0,0.0,0.0,0.0,1,여수,2,4,2023,winter,1,444.20635555200005,758.881307376,4335.390118944,4303.309976928,413.31733833600003,499.9628934719999
2023-02-04,443.68914887999995,2442.906694224,998.91495648,2.0,10141.42857142857,69.93348006761515,36.67704254120299,1.8,53.0,3.9166666666666665,5.527777777777778,-0.7313537016191703,0.6819983600624987,0.0,13.531914893617024,14.69,5588.392857142857,27.035714285714285,0.0,9520.0,9520.0,0.9951854584308537,0.00481454156914623,0.0,0.0,0.0,0.0,1,여수,2,5,2023,winter,1,464.02857792000003,966.9848389919999,3989.848239072,4411.166333472,394.349406336,501.42879907200006
2023-02-05,440.88609312,2204.860284288,308.548850112,2.0,10141.42857142857,69.93348006761515,36.67704254120299,1.7,64.0,1.75,2.694444444444444,-0.9612616959383188,0.2756373558169994,0.0,36.57142857142857,14.98,5588.392857142857,27.035714285714285,0.0,7160.0,7160.0,0.9951854584308537,0.00481454156914623,0.0,0.0,0.0,0.0,1,여수,2,6,2023,winter,1,443.68914887999995,336.3461776800001,2442.906694224,2478.706072128,998.91495648,3129.147617472
2023-02-06,727.59014136,3297.924144144,519.1986110400001,2.0,10141.42857142857,69.93348006761515,36.67704254120299,3.6,59.0,1.9444444444444444,3.611111111111111,0.6560590289905073,0.754709580222772,0.0,30.34285714285714,8.11,5588.392857142857,27.035714285714285,0.0,11564.0,11564.0,0.9951854584308537,0.00481454156914623,0.0,0.0,0.0,0.0,1,여수,2,0,2023,winter,1,440.88609312,663.566313456,2204.860284288,4389.156059904,308.548850112,502.11103464
2023-02-07,810.1934438400001,4669.290701280001,427.63055227199993,2.0,10141.42857142857,69.93348006761515,36.67704254120299,7.0,55.0,2.388888888888889,4.194444444444445,0.5591929034707469,0.8290375725550417,0.0,23.02325581395349,13.71,5588.392857142857,27.035714285714285,0.0,14854.0,14854.0,0.9951854584308537,0.00481454156914623,0.0,0.0,0.0,0.0,1,여수,2,1,2023,winter,1,727.59014136,756.6606430559999,3297.924144144,4408.763470272001,519.1986110400001,461.55193747199996
2023-02-08,683.79301728,4274.7601497119995,412.66828958400004,2.0,10141.42857142857,69.93348006761515,36.67704254120299,5.3,59.0,2.944444444444444,6.194444444444445,-0.6293203910498378,0.7771459614569706,0.0,20.03773584905661,15.11,5588.392857142857,27.035714285714285,0.0,14022.0,14022.0,0.9951854584308537,0.00481454156914623,0.0,0.0,0.0,0.0,1,여수,2,2,2023,winter,1,810.1934438400001,549.7273143360001,4669.290701280001,4345.915996656,427.63055227199993,413.20392710400006
2023-02-09,454.86950025600004,4328.87901696,406.414507536,2.0,10141.42857142857,69.93348006761515,36.67704254120299,5.7,60.0,4.888888888888889,6.777777777777777,0.848048096156426,0.5299192642332049,5.5,12.272727272727272,8.79,5588.392857142857,27.035714285714285,0.0,14818.0,14818.0,0.9951854584308537,0.00481454156914623,0.0,0.0,0.0,0.0,1,여수,2,3,2023,winter,1,683.79301728,444.20635555200005,4274.7601497119995,4335.390118944,412.66828958400004,413.31733833600003
2023-02-10,378.716157216,4212.63761688,395.17827782399996,2.0,10141.42857142857,69.93348006761515,36.67704254120299,5.6,81.0,4.583333333333333,6.583333333333333,0.1045284632676534,0.9945218953682732,24.2,17.672727272727276,13.32,5588.392857142857,27.035714285714285,0.0,14922.0,14922.0,0.9951854584308537,0.00481454156914623,0.0,0.0,0.0,0.0,1,여수,2,4,2023,winter,1,454.86950025600004,464.02857792000003,4328.87901696,3989.848239072,406.414507536,394.349406336
2023-02-11,222.12099158400002,3041.850788064,14610.920864256,2.0,10141.42857142857,69.93348006761515,36.67704254120299,5.1,79.0,1.777777777777778,3.416666666666667,0.6293203910498374,0.7771459614569709,0.0,44.4375,8.06,5588.392857142857,27.035714285714285,0.0,9517.0,9517.0,0.9951854584308537,0.00481454156914623,0.0,0.0,0.0,0.0,1,여수,2,5,2023,winter,1,378.716157216,443.68914887999995,4212.63761688,2442.906694224,395.17827782399996,998.91495648
2023-02-12,105.386638896,730.3619263679999,2313.330466608,2.0,10141.42857142857,69.93348006761515,36.67704254120299,5.3,83.0,2.5833333333333335,5.083333333333333,0.7193398003386511,0.6946583704589973,5.6,32.12903225806451,8.38,5588.392857142857,27.035714285714285,0.0,2456.0,2456.0,0.9951854584308537,0.00481454156914623,0.0,0.0,0.0,0.0,1,여수,2,6,2023,winter,1,222.12099158400002,440.88609312,3041.850788064,2204.860284288,14610.920864256,308.548850112
2023-02-13,26.70976944,1086.305778144,557.18985672,2.0,10141.42857142857,69.93348006761515,36.67704254120299,6.8,83.0,4.083333333333333,6.0,0.5591929034707469,0.8290375725550417,2.4,20.3265306122449,6.42,5588.392857142857,27.035714285714285,0.0,5016.0,5016.0,0.9951854584308537,0.00481454156914623,0.0,0.0,0.0,0.0,1,여수,2,0,2023,winter,1,105.386638896,727.59014136,730.3619263679999,3297.924144144,2313.330466608,519.1986110400001
2023-02-14,218.757180096,2210.8933886399996,322.51048747199997,2.0,10141.42857142857,69.93348006761515,36.67704254120299,5.7,71.0,2.305555555555556,3.9166666666666665,-0.5877852522924734,0.8090169943749473,0.0,30.79518072289156,15.7,5588.392857142857,27.035714285714285,0.0,7394.0,7394.0,0.9951854584308537,0.00481454156914623,0.0,0.0,0.0,0.0,1,여수,2,1,2023,winter,1,26.70976944,810.1934438400001,1086.305778144,4669.290701280001,557.18985672,427.63055227199993
2023-02-15,213.98723078400002,2392.165894752,321.28224854399997,2.0,10141.42857142857,69.93348006761515,36.67704254120299,4.1,70.0,4.111111111111112,5.527777777777778,0.8290375725550417,0.5591929034707468,0.0,17.027027027027025,6.6,5588.392857142857,27.035714285714285,0.0,7645.0,7645.0,0.9951854584308537,0.00481454156914623,0.0,0.0,0.0,0.0,1,여수,2,2,2023,winter,1,218.757180096,683.79301728,2210.8933886399996,4274.7601497119995,322.51048747199997,412.66828958400004
2023-02-16,236.62806192000002,2401.9983878400003,318.936026592,2.0,10141.42857142857,69.93348006761515,36.67704254120299,4.3,74.0,2.4444444444444446,3.2777777777777777,0.1564344650402308,0.9876883405951378,0.0,30.27272727272727,6.06,5588.392857142857,27.035714285714285,0.0,7628.0,7628.0,0.9951854584308537,0.00481454156914623,0.0,0.0,0.0,0.0,1,여수,2,3,2023,winter,1,213.98723078400002,454.86950025600004,2392.165894752,4328.87901696,321.28224854399997,406.414507536
2023-02-17,220.42418443199998,2400.909789744,324.742194,2.0,10141.42857142857,69.93348006761515,36.67704254120299,4.5,82.0,1.5277777777777777,3.2777777777777777,-0.2756373558169989,0.9612616959383188,1.0,53.67272727272728,9.17,5588.392857142857,27.035714285714285,0.0,7569.0,7569.0,0.9951854584308537,0.00481454156914623,0.0,0.0,0.0,0.0,1,여수,2,4,2023,winter,1,236.62806192000002,378.716157216,2401.9983878400003,4212.63761688,318.936026592,395.17827782399996
2023-02-18,221.82048374400003,2272.1322304799996,319.38529031999997,2.0,10141.42857142857,69.93348006761515,36.67704254120299,8.1,91.0,2.1944444444444446,3.1111111111111107,-0.544639035015027,0.838670567945424,5.6,41.46835443037974,6.02,5588.392857142857,27.035714285714285,0.0,7084.0,7084.0,0.9951854584308537,0.00481454156914623,0.0,0.0,0.0,0.0,1,여수,2,5,2023,winter,1,220.42418443199998,222.12099158400002,2400.909789744,3041.850788064,324.742194,14610.920864256
2023-02-19,219.85697159999995,2126.5004358720003,308.0672529120001,2.0,10141.42857142857,69.93348006761515,36.67704254120299,6.5,72.0,6.111111111111111,8.194444444444445,-0.898794046299167,0.4383711467890774,2.3,11.781818181818185,14.66,5588.392857142857,27.035714285714285,0.0,6543.0,6543.0,0.9951854584308537,0.00481454156914623,0.0,0.0,0.0,0.0,1,여수,2,6,2023,winter,1,221.82048374400003,105.386638896,2272.1322304799996,730.3619263679999,319.38529031999997,2313.330466608
2023-02-20,312.85012377600003,2224.418126688,343.44570412800005,2.0,10141.42857142857,69.93348006761515,36.67704254120299,2.4,53.0,5.694444444444445,8.444444444444445,-0.7547095802227722,0.656059028990507,0.0,9.307317073170733,16.1,5588.392857142857,27.035714285714285,0.0,6977.0,6977.0,0.9951854584308537,0.00481454156914623,0.0,0.0,0.0,0.0,1,여수,2,0,2023,winter,1,219.85697159999995,26.70976944,2126.5004358720003,1086.305778144,308.0672529120001,557.18985672
2023-02-21,311.486397984,3514.8504257279997,478.312520544,2.0,10141.42857142857,69.93348006761515,36.67704254120299,0.7,46.0,2.7777777777777777,6.222222222222221,0.0,1.0,0.0,16.560000000000002,17.23,5588.392857142857,27.035714285714285,0.0,11090.0,11090.0,0.9951854584308537,0.00481454156914623,0.0,0.0,0.0,0.0,1,여수,2,1,2023,winter,1,312.85012377600003,218.757180096,2224.418126688,2210.8933886399996,343.44570412800005,322.51048747199997
2023-02-22,148.48756272,4159.359537552,403.68774528,2.0,10141.42857142857,69.93348006761515,36.67704254120299,4.5,63.0,2.2777777777777777,3.3888888888888884,0.9335804264972016,0.3583679495453004,1.0,27.658536585365855,14.79,5588.392857142857,27.035714285714285,0.0,14826.0,14826.0,0.9951854584308537,0.00481454156914623,0.0,0.0,0.0,0.0,1,여수,2,2,2023,winter,1,311.486397984,213.98723078400002,3514.8504257279997,2392.165894752,478.312520544,321.28224854399997
2023-02-23,177.58657468799998,4275.644969232,437.4068921279999,2.0,10141.42857142857,69.93348006761515,36.67704254120299,6.0,73.0,2.2777777777777777,3.4444444444444446,-0.9205048534524404,0.3907311284892735,3.3,32.048780487804876,15.84,5588.392857142857,27.035714285714285,0.0,14866.0,14866.0,0.9951854584308537,0.00481454156914623,0.0,0.0,0.0,0.0,1,여수,2,3,2023,winter,1,148.48756272,236.62806192000002,4159.359537552,2401.9983878400003,403.68774528,318.936026592
2023-02-24,346.5176688,4071.852807984,433.1842698239999,2.0,10141.42857142857,69.93348006761515,36.67704254120299,7.3,51.0,3.5277777777777777,6.611111111111111,-0.6560590289905074,0.7547095802227719,0.0,14.456692913385828,15.57,5588.392857142857,27.035714285714285,0.0,14790.0,14790.0,0.9951854584308537,0.00481454156914623,0.0,0.0,0.0,0.0,1,여수,2,4,2023,winter,1,177.58657468799998,220.42418443199998,4275.644969232,2400.909789744,437.4068921279999,324.742194
2023-02-25,142.183022976,2390.0967648,1445.0130682560002,2.0,10141.42857142857,69.93348006761515,36.67704254120299,2.7,48.0,5.805555555555555,6.805555555555555,-0.6560590289905074,0.7547095802227719,0.0,8.267942583732058,18.41,5588.392857142857,27.035714285714285,0.0,8628.0,8628.0,0.9951854584308537,0.00481454156914623,0.0,0.0,0.0,0.0,1,여수,2,5,2023,winter,1,346.5176688,221.82048374400003,4071.852807984,2272.1322304799996,433.1842698239999,319.38529031999997
2023-02-26,318.780842832,2219.2521395040003,356.44565966399995,2.0,10141.42857142857,69.93348006761515,36.67704254120299,2.7,56.0,2.055555555555556,3.5833333333333335,-0.5735764363510465,0.8191520442889916,0.0,27.24324324324324,18.41,5588.392857142857,27.035714285714285,0.0,7066.0,7066.0,0.9951854584308537,0.00481454156914623,0.0,0.0,0.0,0.0,1,여수,2,6,2023,winter,1,142.183022976,219.85697159999995,2390.0967648,2126.5004358720003,1445.0130682560002,308.0672529120001
2023-02-27,207.40847601600004,2131.5236077440004,398.94920942400006,2.0,10141.42857142857,69.93348006761515,36.67704254120299,4.6,72.0,1.9166666666666667,3.3055555555555554,-0.8987940462991668,-0.4383711467890777,0.0,37.565217391304344,18.19,5588.392857142857,27.035714285714285,0.0,7199.0,7199.0,0.9951854584308537,0.00481454156914623,0.0,0.0,0.0,0.0,1,여수,2,0,2023,winter,1,318.780842832,312.85012377600003,2219.2521395040003,2224.418126688,356.44565966399995,343.44570412800005
2023-02-28,176.12606591999997,2290.9115519999996,326.881071072,2.0,10141.42857142857,69.93348006761515,36.67704254120299,7.1,70.0,2.7222222222222223,4.75,-0.913545457642601,-0.4067366430758001,0.0,25.71428571428571,18.26,5588.392857142857,27.035714285714285,0.0,7016.0,7016.0,0.9951854584308537,0.00481454156914623,0.0,0.0,0.0,0.0,1,여수,2,1,2023,winter,1,207.40847601600004,311.486397984,2131.5236077440004,3514.8504257279997,398.94920942400006,478.312520544
2023-03-01,5.43609216,1985.3039527199999,290.396859696,2.0,6789.548387096775,83.20999999999998,37.2,8.4,71.0,3.3611111111111107,6.638888888888888,-0.9271838545667874,0.3746065934159119,1.2,21.12396694214876,8.56,3755.0967741935483,0.0,0.0,5961.0,5961.0,1.0,0.0,0.0,0.0,0.0,0.0,1,여수,3,2,2023,spring,1,176.12606591999997,148.48756272,2290.9115519999996,4159.359537552,326.881071072,403.68774528
2023-03-02,84.88301990399998,2138.0063158079997,339.957958464,2.0,6789.548387096775,83.20999999999998,37.2,4.1,38.0,5.111111111111111,5.944444444444444,-0.7313537016191703,0.6819983600624987,0.0,7.434782608695652,19.27,3755.0967741935483,0.0,0.0,6655.0,6655.0,1.0,0.0,0.0,0.0,0.0,0.0,1,여수,3,3,2023,spring,1,5.43609216,177.58657468799998,1985.3039527199999,4275.644969232,290.396859696,437.4068921279999
2023-03-03,194.72236761599999,2326.4395074720005,368.29763337599996,2.0,6789.548387096775,83.20999999999998,37.2,5.5,44.0,2.694444444444444,4.305555555555555,-0.9135454576426012,0.4067366430757997,0.0,16.329896907216497,19.03,3755.0967741935483,0.0,0.0,7338.0,7338.0,1.0,0.0,0.0,0.0,0.0,0.0,1,여수,3,4,2023,spring,1,84.88301990399998,346.5176688,2138.0063158079997,4071.852807984,339.957958464,433.1842698239999
2023-03-04,96.82476249599999,2292.38005464,358.93148385599994,2.0,6789.548387096775,83.20999999999998,37.2,7.6,55.0,2.111111111111111,3.611111111111111,0.6819983600624985,0.7313537016191705,0.0,26.052631578947366,16.78,3755.0967741935483,0.0,0.0,7142.0,7142.0,1.0,0.0,0.0,0.0,0.0,0.0,1,여수,3,5,2023,spring,1,194.72236761599999,142.183022976,2326.4395074720005,2390.0967648,368.29763337599996,1445.0130682560002
2023-03-05,118.628928,2249.025880896,364.88692252799996,2.0,6789.548387096775,83.20999999999998,37.2,7.8,70.0,2.111111111111111,3.5833333333333335,0.9961946980917455,-0.0871557427476582,0.0,33.1578947368421,18.15,3755.0967741935483,0.0,0.0,7016.0,7016.0,1.0,0.0,0.0,0.0,0.0,0.0,1,여수,3,6,2023,spring,1,96.82476249599999,318.780842832,2292.38005464,2219.2521395040003,358.93148385599994,356.44565966399995
2023-03-06,107.14804876800001,2127.83993568,357.07578854400003,2.0,6789.548387096775,83.20999999999998,37.2,8.3,73.0,3.138888888888889,5.611111111111111,-0.9455185755993168,-0.3255681544571566,0.0,23.25663716814159,19.05,3755.0967741935483,0.0,0.0,6579.0,6579.0,1.0,0.0,0.0,0.0,0.0,0.0,1,여수,3,0,2023,spring,1,118.628928,207.40847601600004,2249.025880896,2131.5236077440004,364.88692252799996,398.94920942400006
2023-03-07,294.135109632,2579.3683199999996,355.312370304,2.0,6789.548387096775,83.20999999999998,37.2,10.9,70.0,2.7777777777777777,5.388888888888888,-0.848048096156426,-0.529919264233205,0.0,25.2,18.38,3755.0967741935483,0.0,0.0,6963.0,6963.0,1.0,0.0,0.0,0.0,0.0,0.0,1,여수,3,1,2023,spring,1,107.14804876800001,176.12606591999997,2127.83993568,2290.9115519999996,357.07578854400003,326.881071072
2023-03-08,398.77572240000006,2627.5705398720006,318.106114272,2.0,6789.548387096775,83.20999999999998,37.2,11.6,70.0,3.3611111111111107,6.222222222222221,-0.5150380749100542,-0.8571673007021123,0.0,20.82644628099174,17.87,3755.0967741935483,0.0,0.0,6810.0,6810.0,1.0,0.0,0.0,0.0,0.0,0.0,1,여수,3,2,2023,spring,1,294.135109632,5.43609216,2579.3683199999996,1985.3039527199999,355.312370304,290.396859696
2023-03-09,364.66349040000006,2149.17573672,300.33553823999995,2.0,6789.548387096775,83.20999999999998,37.2,14.7,73.0,3.194444444444444,4.5,-0.5446390350150271,-0.838670567945424,0.0,22.85217391304348,17.41,3755.0967741935483,0.0,0.0,6584.0,6584.0,1.0,0.0,0.0,0.0,0.0,0.0,1,여수,3,3,2023,spring,1,398.77572240000006,84.88301990399998,2627.5705398720006,2138.0063158079997,318.106114272,339.957958464
2023-03-10,297.51410591999996,2133.9432247679997,301.94389238400004,2.0,6789.548387096775,83.20999999999998,37.2,11.9,73.0,2.305555555555556,4.111111111111112,0.3420201433256689,-0.9396926207859084,0.0,31.66265060240963,19.48,3755.0967741935483,0.0,0.0,6565.0,6565.0,1.0,0.0,0.0,0.0,0.0,0.0,1,여수,3,4,2023,spring,1,364.66349040000006,194.72236761599999,2149.17573672,2326.4395074720005,300.33553823999995,368.29763337599996
2023-03-11,411.011933472,2328.2283055679995,322.7963515199999,2.0,6789.548387096775,83.20999999999998,37.2,13.5,79.0,1.6666666666666663,3.6944444444444446,-0.0174524064372836,-0.9998476951563912,0.0,47.400000000000006,15.74,3755.0967741935483,0.0,0.0,7202.0,7202.0,1.0,0.0,0.0,0.0,0.0,0.0,1,여수,3,5,2023,spring,1,297.51410591999996,96.82476249599999,2133.9432247679997,2292.38005464,301.94389238400004,358.93148385599994
2023-03-12,401.98719528,2163.208586112,306.456622992,2.0,6789.548387096775,83.20999999999998,37.2,10.6,83.0,5.083333333333333,9.083333333333334,-0.984807753012208,0.1736481776669299,4.5,16.327868852459016,7.65,3755.0967741935483,0.0,0.0,6665.0,6665.0,1.0,0.0,0.0,0.0,0.0,0.0,1,여수,3,6,2023,spring,1,411.011933472,118.628928,2328.2283055679995,2249.025880896,322.7963515199999,364.88692252799996
2023-03-13,259.965227808,1969.2150012000002,305.180744688,2.0,6789.548387096775,83.20999999999998,37.2,4.9,35.0,4.777777777777778,8.694444444444445,-0.7313537016191703,0.6819983600624987,0.0,7.325581395348838,20.89,3755.0967741935483,0.0,0.0,6352.0,6352.0,1.0,0.0,0.0,0.0,0.0,0.0,1,여수,3,0,2023,spring,1,401.98719528,107.14804876800001,2163.208586112,2127.83993568,306.456622992,357.07578854400003
2023-03-14,328.18116988800006,2202.9365969279997,324.68425459200006,2.0,6789.548387096775,83.20999999999998,37.2,7.9,67.0,2.4444444444444446,4.638888888888888,-0.1736481776669304,-0.984807753012208,0.0,27.409090909090907,20.36,3755.0967741935483,0.0,0.0,6883.0,6883.0,1.0,0.0,0.0,0.0,0.0,0.0,1,여수,3,1,2023,spring,1,259.965227808,294.135109632,1969.2150012000002,2579.3683199999996,305.180744688,355.312370304
2023-03-15,208.01357568,2616.6957546239996,302.547999744,2.0,6789.548387096775,83.20999999999998,37.2,13.3,73.0,2.944444444444444,5.583333333333334,-0.3583679495453004,-0.9335804264972016,0.1,24.792452830188683,18.85,3755.0967741935483,0.0,0.0,6922.0,6922.0,1.0,0.0,0.0,0.0,0.0,0.0,1,여수,3,2,2023,spring,1,328.18116988800006,398.77572240000006,2202.9365969279997,2627.5705398720006,324.68425459200006,318.106114272
2023-03-16,361.10078855999996,2651.4580979519997,308.16279144,2.0,6789.548387096775,83.20999999999998,37.2,11.1,45.0,2.694444444444444,5.222222222222222,-0.4539904997395469,0.8910065241883678,0.0,16.701030927835053,18.96,3755.0967741935483,0.0,0.0,6979.0,6979.0,1.0,0.0,0.0,0.0,0.0,0.0,1,여수,3,3,2023,spring,1,208.01357568,364.66349040000006,2616.6957546239996,2149.17573672,302.547999744,300.33553823999995
2023-03-17,394.13040955200006,2679.21586152,314.75357971200003,2.0,6789.548387096775,83.20999999999998,37.2,9.7,55.0,3.333333333333333,4.416666666666667,0.8571673007021123,0.5150380749100542,1.9,16.5,7.98,3755.0967741935483,0.0,0.0,7188.0,7188.0,1.0,0.0,0.0,0.0,0.0,0.0,1,여수,3,4,2023,spring,1,361.10078855999996,297.51410591999996,2651.4580979519997,2133.9432247679997,308.16279144,301.94389238400004
2023-03-18,282.99891167999994,2518.0180233119995,297.655606512,2.0,6789.548387096775,83.20999999999998,37.2,10.7,59.0,2.611111111111111,5.472222222222222,-0.8290375725550416,0.559192903470747,0.0,22.595744680851062,17.93,3755.0967741935483,0.0,0.0,6515.0,6515.0,1.0,0.0,0.0,0.0,0.0,0.0,1,여수,3,5,2023,spring,1,394.13040955200006,411.011933472,2679.21586152,2328.2283055679995,314.75357971200003,322.7963515199999
2023-03-19,285.90987398399994,2593.1167308000004,305.89480512,2.0,6789.548387096775,83.20999999999998,37.2,9.4,51.0,2.0,4.055555555555555,-0.9396926207859084,-0.3420201433256685,0.0,25.5,21.18,3755.0967741935483,0.0,0.0,6775.0,6775.0,1.0,0.0,0.0,0.0,0.0,0.0,1,여수,3,6,2023,spring,1,282.99891167999994,401.98719528,2518.0180233119995,2163.208586112,297.655606512,306.456622992
2023-03-20,219.372897024,2447.89874928,296.220469824,2.0,6789.548387096775,83.20999999999998,37.2,10.9,68.0,2.0,4.861111111111111,-0.3420201433256686,-0.9396926207859084,0.0,34.0,19.34,3755.0967741935483,0.0,0.0,6395.0,6395.0,1.0,0.0,0.0,0.0,0.0,0.0,1,여수,3,0,2023,spring,1,285.90987398399994,259.965227808,2593.1167308000004,1969.2150012000002,305.89480512,305.180744688
2023-03-21,155.789420688,2310.255495504,298.67453064,2.0,6789.548387096775,83.20999999999998,37.2,13.0,71.0,3.0277777777777777,5.333333333333333,0.9743700647852352,0.2249510543438649,0.0,23.449541284403672,12.42,3755.0967741935483,0.0,0.0,6423.0,6423.0,1.0,0.0,0.0,0.0,0.0,0.0,1,여수,3,1,2023,spring,1,219.372897024,328.18116988800006,2447.89874928,2202.9365969279997,296.220469824,324.68425459200006
2023-03-22,165.215118096,2054.577377088,283.88469455999996,2.0,6789.548387096775,83.20999999999998,37.2,14.7,85.0,4.305555555555555,5.666666666666666,0.9455185755993168,0.3255681544571567,11.7,19.741935483870968,11.24,3755.0967741935483,0.0,0.0,6232.0,6232.0,1.0,0.0,0.0,0.0,0.0,0.0,1,여수,3,2,2023,spring,1,155.789420688,208.01357568,2310.255495504,2616.6957546239996,298.67453064,302.547999744
2023-03-23,425.68104959999994,2160.3999880799997,322.12903464,2.0,6789.548387096775,83.20999999999998,37.2,15.4,92.0,2.861111111111111,4.25,0.6293203910498374,0.7771459614569709,14.3,32.15533980582524,7.86,3755.0967741935483,0.0,0.0,6618.0,6618.0,1.0,0.0,0.0,0.0,0.0,0.0,1,여수,3,3,2023,spring,1,165.215118096,361.10078855999996,2054.577377088,2651.4580979519997,283.88469455999996,308.16279144
2023-03-24,584.5076899200001,2371.7832808320004,361.736265744,2.0,6789.548387096775,83.20999999999998,37.2,12.8,89.0,3.3611111111111107,5.305555555555556,0.9902680687415704,-0.1391731009600653,4.8,26.47933884297521,5.24,3755.0967741935483,0.0,0.0,7313.0,7313.0,1.0,0.0,0.0,0.0,0.0,0.0,1,여수,3,4,2023,spring,1,425.68104959999994,394.13040955200006,2160.3999880799997,2679.21586152,322.12903464,314.75357971200003
2023-03-25,561.791889216,2163.737978496,354.36450239999994,2.0,6789.548387096775,83.20999999999998,37.2,11.3,77.0,3.333333333333333,4.888888888888889,0.9135454576426008,0.4067366430758002,1.0,23.1,16.06,3755.0967741935483,0.0,0.0,6788.0,6788.0,1.0,0.0,0.0,0.0,0.0,0.0,1,여수,3,5,2023,spring,1,584.5076899200001,282.99891167999994,2371.7832808320004,2518.0180233119995,361.736265744,297.655606512
2023-03-26,466.00050182399997,2014.2254327039998,343.45512964799997,2.0,6789.548387096775,83.20999999999998,37.2,11.2,72.0,2.388888888888889,6.222222222222221,-0.9612616959383188,0.2756373558169994,0.9,30.13953488372093,15.93,3755.0967741935483,0.0,0.0,6263.0,6263.0,1.0,0.0,0.0,0.0,0.0,0.0,1,여수,3,6,2023,spring,1,561.791889216,285.90987398399994,2163.737978496,2593.1167308000004,354.36450239999994,305.89480512
2023-03-27,608.5993354559998,2157.1204245119998,320.5971580319999,2.0,6789.548387096775,83.20999999999998,37.2,9.3,45.0,2.388888888888889,4.388888888888889,-0.7547095802227722,0.656059028990507,0.0,18.837209302325583,22.54,3755.0967741935483,0.0,0.0,6559.0,6559.0,1.0,0.0,0.0,0.0,0.0,0.0,1,여수,3,0,2023,spring,1,466.00050182399997,219.372897024,2014.2254327039998,2447.89874928,343.45512964799997,296.220469824
2023-03-28,682.9614429119999,2451.017689488,280.22821559999994,2.0,6789.548387096775,83.20999999999998,37.2,10.2,61.0,2.138888888888889,3.888888888888889,-0.9743700647852352,-0.2249510543438652,0.0,28.51948051948052,21.99,3755.0967741935483,0.0,0.0,7495.0,7495.0,1.0,0.0,0.0,0.0,0.0,0.0,1,여수,3,1,2023,spring,1,608.5993354559998,155.789420688,2157.1204245119998,2310.255495504,320.5971580319999,298.67453064
2023-03-29,516.83536224,2244.125829888,270.024518592,2.0,6789.548387096775,83.20999999999998,37.2,10.8,71.0,2.055555555555556,3.5277777777777777,-0.6946583704589974,-0.7193398003386511,0.0,34.54054054054053,21.96,3755.0967741935483,0.0,0.0,7036.0,7036.0,1.0,0.0,0.0,0.0,0.0,0.0,1,여수,3,2,2023,spring,1,682.9614429119999,165.215118096,2451.017689488,2054.577377088,280.22821559999994,283.88469455999996
2023-03-30,542.9026863360001,2498.145030864,279.440094384,2.0,6789.548387096775,83.20999999999998,37.2,12.7,64.0,1.8333333333333333,3.611111111111111,0.9455185755993168,-0.3255681544571566,0.0,34.909090909090914,17.02,3755.0967741935483,0.0,0.0,7380.0,7380.0,1.0,0.0,0.0,0.0,0.0,0.0,1,여수,3,3,2023,spring,1,516.83536224,425.68104959999994,2244.125829888,2160.3999880799997,270.024518592,322.12903464
2023-03-31,554.9775045120001,2414.88780768,269.95329259199997,2.0,6789.548387096775,83.20999999999998,37.2,15.1,50.0,2.5833333333333335,4.694444444444444,0.7431448254773942,0.6691306063588582,0.0,19.35483870967742,22.96,3755.0967741935483,0.0,0.0,6880.0,6880.0,1.0,0.0,0.0,0.0,0.0,0.0,1,여수,3,4,2023,spring,1,542.9026863360001,584.5076899200001,2498.145030864,2371.7832808320004,279.440094384,361.736265744
2023-04-01,504.87692601599997,2604.049948224,284.821239168,2.0,6532.566666666667,69.86262724707491,36.954655342208525,14.3,58.0,3.333333333333333,5.111111111111111,0.9743700647852352,0.2249510543438649,0.0,17.400000000000002,21.92,3541.0666666666666,20.066666666666666,0.0,7431.0,7431.0,0.9943650897654305,0.005634910234569519,0.0,0.0,0.0,0.0,1,여수,4,5,2023,spring,0,554.9775045120001,561.791889216,2414.88780768,2163.737978496,269.95329259199997,354.36450239999994
2023-04-02,677.92836888,2518.9322427360003,287.98171617599996,2.0,6532.566666666667,69.86262724707491,36.954655342208525,14.9,51.0,5.305555555555556,7.027777777777778,0.8191520442889918,0.573576436351046,0.0,9.612565445026176,23.03,3541.0666666666666,20.066666666666666,0.0,7215.0,7215.0,0.9943650897654305,0.005634910234569519,0.0,0.0,0.0,0.0,1,여수,4,6,2023,spring,0,504.87692601599997,466.00050182399997,2604.049948224,2014.2254327039998,284.821239168,343.45512964799997
2023-04-03,585.4374368640001,2530.25312328,292.13532316800007,2.0,6532.566666666667,69.86262724707491,36.954655342208525,13.9,56.0,6.083333333333333,8.194444444444445,0.9455185755993168,0.3255681544571567,0.0,9.205479452054796,23.12,3541.0666666666666,20.066666666666666,0.0,7222.0,7222.0,0.9943650897654305,0.005634910234569519,0.0,0.0,0.0,0.0,1,여수,4,0,2023,spring,0,677.92836888,608.5993354559998,2518.9322427360003,2157.1204245119998,287.98171617599996,320.5971580319999
2023-04-04,619.0430328,2511.0138880799996,286.9750044,2.0,6532.566666666667,69.86262724707491,36.954655342208525,14.6,72.0,5.361111111111112,8.805555555555555,0.9563047559630355,-0.2923717047227366,1.9,13.4300518134715,12.4,3541.0666666666666,20.066666666666666,0.0,6739.0,6739.0,0.9943650897654305,0.005634910234569519,0.0,0.0,0.0,0.0,1,여수,4,1,2023,spring,0,585.4374368640001,682.9614429119999,2530.25312328,2451.017689488,292.13532316800007,280.22821559999994
2023-04-05,847.0141176959999,2735.962694496,294.38070278399994,2.0,6532.566666666667,69.86262724707491,36.954655342208525,14.4,92.0,6.638888888888888,8.972222222222221,0.0348994967025011,-0.9993908270190958,56.7,13.85774058577406,3.75,3541.0666666666666,20.066666666666666,0.0,7685.0,7685.0,0.9943650897654305,0.005634910234569519,0.0,0.0,0.0,0.0,1,여수,4,2,2023,spring,0,619.0430328,516.83536224,2511.0138880799996,2244.125829888,286.9750044,270.024518592
2023-04-06,609.1425803519999,2726.430159456,300.39746256,2.0,6532.566666666667,69.86262724707491,36.954655342208525,11.7,77.0,5.138888888888888,6.305555555555555,-0.9986295347545738,0.0523359562429439,3.7,14.983783783783784,12.17,3541.0666666666666,20.066666666666666,0.0,7660.0,7660.0,0.9943650897654305,0.005634910234569519,0.0,0.0,0.0,0.0,1,여수,4,3,2023,spring,0,847.0141176959999,542.9026863360001,2735.962694496,2498.145030864,294.38070278399994,279.440094384
2023-04-07,139.45548671999998,2190.26459808,273.50602272,2.0,6532.566666666667,69.86262724707491,36.954655342208525,11.1,70.0,5.611111111111111,7.166666666666667,-0.8746197071393956,0.4848096202463373,3.9,12.475247524752476,20.58,3541.0666666666666,20.066666666666666,0.0,6584.0,6584.0,0.9943650897654305,0.005634910234569519,0.0,0.0,0.0,0.0,1,여수,4,4,2023,spring,0,609.1425803519999,554.9775045120001,2726.430159456,2414.88780768,300.39746256,269.95329259199997
2023-04-08,518.9439326400001,2397.595026816,278.33794905600007,2.0,6532.566666666667,69.86262724707491,36.954655342208525,9.1,50.0,5.555555555555555,7.583333333333333,-0.8660254037844386,0.5000000000000001,0.0,9.0,23.26,3541.0666666666666,20.066666666666666,0.0,7010.0,7010.0,0.9943650897654305,0.005634910234569519,0.0,0.0,0.0,0.0,1,여수,4,5,2023,spring,0,139.45548671999998,504.87692601599997,2190.26459808,2604.049948224,273.50602272,284.821239168
2023-04-09,961.428503808,2547.0329831999998,288.8403419520001,2.0,6532.566666666667,69.86262724707491,36.954655342208525,11.1,59.0,3.138888888888889,4.916666666666666,-0.9975640502598242,-0.0697564737441255,0.0,18.79646017699115,24.23,3541.0666666666666,20.066666666666666,0.0,7376.0,7376.0,0.9943650897654305,0.005634910234569519,0.0,0.0,0.0,0.0,1,여수,4,6,2023,spring,0,518.9439326400001,677.92836888,2397.595026816,2518.9322427360003,278.33794905600007,287.98171617599996
2023-04-10,1019.171281968,2552.340824064,288.17438616000004,2.0,6532.566666666667,69.86262724707491,36.954655342208525,11.7,70.0,2.888888888888889,4.916666666666666,-0.5150380749100542,-0.8571673007021123,0.0,24.23076923076923,23.36,3541.0666666666666,20.066666666666666,0.0,7346.0,7346.0,0.9943650897654305,0.005634910234569519,0.0,0.0,0.0,0.0,1,여수,4,0,2023,spring,0,961.428503808,585.4374368640001,2547.0329831999998,2530.25312328,288.8403419520001,292.13532316800007
2023-04-11,780.782815296,2516.7359741759997,280.017126576,2.0,6532.566666666667,69.86262724707491,36.954655342208525,15.8,78.0,5.444444444444445,8.222222222222223,-0.5735764363510462,-0.8191520442889918,0.6,14.326530612244898,16.16,3541.0666666666666,20.066666666666666,0.0,6749.0,6749.0,0.9943650897654305,0.005634910234569519,0.0,0.0,0.0,0.0,1,여수,4,1,2023,spring,0,1019.171281968,619.0430328,2552.340824064,2511.0138880799996,288.17438616000004,286.9750044
2023-04-12,843.7169519999999,2629.8126861120004,293.185305216,2.0,6532.566666666667,69.86262724707491,36.954655342208525,13.5,39.0,4.222222222222222,5.861111111111112,-0.7547095802227722,0.656059028990507,0.0,9.236842105263158,25.23,3541.0666666666666,20.066666666666666,0.0,7334.0,7334.0,0.9943650897654305,0.005634910234569519,0.0,0.0,0.0,0.0,1,여수,4,2,2023,spring,0,780.782815296,847.0141176959999,2516.7359741759997,2735.962694496,280.017126576,294.38070278399994
2023-04-13,1059.42985344,2551.460230368,289.61329996800004,2.0,6532.566666666667,69.86262724707491,36.954655342208525,12.5,52.0,2.305555555555556,3.333333333333333,-0.4694715627858908,-0.8829475928589269,0.0,22.554216867469876,24.34,3541.0666666666666,20.066666666666666,0.0,7290.0,7290.0,0.9943650897654305,0.005634910234569519,0.0,0.0,0.0,0.0,1,여수,4,3,2023,spring,0,843.7169519999999,609.1425803519999,2629.8126861120004,2726.430159456,293.185305216,300.39746256
2023-04-14,839.5202491200001,2693.1582108000007,303.30079171200003,2.0,6532.566666666667,69.86262724707491,36.954655342208525,12.6,91.0,2.638888888888889,5.027777777777778,0.8571673007021123,-0.5150380749100543,11.4,34.48421052631579,4.99,3541.0666666666666,20.066666666666666,0.0,7658.0,7658.0,0.9943650897654305,0.005634910234569519,0.0,0.0,0.0,0.0,1,여수,4,4,2023,spring,0,1059.42985344,139.45548671999998,2551.460230368,2190.26459808,289.61329996800004,273.50602272
2023-04-15,898.7271459839999,2662.067743776,299.82185251199996,2.0,6532.566666666667,69.86262724707491,36.954655342208525,13.9,81.0,3.75,5.111111111111111,-0.1218693434051472,0.992546151641322,3.0,21.6,9.8,3541.0666666666666,20.066666666666666,0.0,7613.0,7613.0,0.9943650897654305,0.005634910234569519,0.0,0.0,0.0,0.0,1,여수,4,5,2023,spring,0,839.5202491200001,518.9439326400001,2693.1582108000007,2397.595026816,303.30079171200003,278.33794905600007
2023-04-16,973.0764575999999,2595.347946,301.757144976,2.0,6532.566666666667,69.86262724707491,36.954655342208525,12.3,73.0,3.0555555555555554,6.0,-0.9902680687415704,0.1391731009600654,2.0,23.890909090909098,17.9,3541.0666666666666,20.066666666666666,0.0,7460.0,7460.0,0.9943650897654305,0.005634910234569519,0.0,0.0,0.0,0.0,1,여수,4,6,2023,spring,0,898.7271459839999,961.428503808,2662.067743776,2547.0329831999998,299.82185251199996,288.8403419520001
2023-04-17,884.7120268800002,2655.4686852960003,312.788315232,2.0,6532.566666666667,69.86262724707491,36.954655342208525,12.4,69.0,2.2222222222222223,4.055555555555555,-0.1564344650402307,-0.9876883405951378,0.0,31.049999999999997,24.2,3541.0666666666666,20.066666666666666,0.0,7679.0,7679.0,0.9943650897654305,0.005634910234569519,0.0,0.0,0.0,0.0,1,여수,4,0,2023,spring,0,973.0764575999999,1019.171281968,2595.347946,2552.340824064,301.757144976,288.17438616000004
2023-04-18,1078.28632296,2739.37042656,307.85304456,2.0,6532.566666666667,69.86262724707491,36.954655342208525,17.1,83.0,4.861111111111111,8.027777777777777,-0.2923717047227367,-0.9563047559630354,1.1,17.074285714285715,12.65,3541.0666666666666,20.066666666666666,0.0,7678.0,7678.0,0.9943650897654305,0.005634910234569519,0.0,0.0,0.0,0.0,1,여수,4,1,2023,spring,0,884.7120268800002,780.782815296,2655.4686852960003,2516.7359741759997,312.788315232,280.017126576
2023-04-19,1211.4619727040003,2680.0744069439997,298.06726996800006,2.0,6532.566666666667,69.86262724707491,36.954655342208525,16.8,94.0,2.388888888888889,4.916666666666666,0.9975640502598242,-0.0697564737441253,23.0,39.34883720930232,7.57,3541.0666666666666,20.066666666666666,0.0,7503.0,7503.0,0.9943650897654305,0.005634910234569519,0.0,0.0,0.0,0.0,1,여수,4,2,2023,spring,0,1078.28632296,843.7169519999999,2739.37042656,2629.8126861120004,307.85304456,293.185305216
2023-04-20,802.4631858719999,2649.5847048959995,295.85057241600003,2.0,6532.566666666667,69.86262724707491,36.954655342208525,18.8,80.0,2.0833333333333335,4.361111111111111,-0.8090169943749473,-0.5877852522924732,0.0,38.4,23.66,3541.0666666666666,20.066666666666666,0.0,7412.0,7412.0,0.9943650897654305,0.005634910234569519,0.0,0.0,0.0,0.0,1,여수,4,3,2023,spring,0,1211.4619727040003,1059.42985344,2680.0744069439997,2551.460230368,298.06726996800006,289.61329996800004
2023-04-21,732.44693088,2558.5296667200005,293.12387971199996,2.0,6532.566666666667,69.86262724707491,36.954655342208525,18.2,68.0,4.138888888888889,6.499999999999999,0.8987940462991669,0.4383711467890774,0.0,16.42953020134228,21.43,3541.0666666666666,20.066666666666666,0.0,7346.0,7346.0,0.9943650897654305,0.005634910234569519,0.0,0.0,0.0,0.0,1,여수,4,4,2023,spring,0,802.4631858719999,839.5202491200001,2649.5847048959995,2693.1582108000007,295.85057241600003,303.30079171200003
2023-04-22,784.8074188800001,2418.9465204000003,291.83170579200004,2.0,6532.566666666667,69.86262724707491,36.954655342208525,14.2,49.0,5.638888888888889,6.805555555555555,0.9510565162951536,0.3090169943749474,0.0,8.689655172413792,24.3,3541.0666666666666,20.066666666666666,0.0,7031.0,7031.0,0.9943650897654305,0.005634910234569519,0.0,0.0,0.0,0.0,1,여수,4,5,2023,spring,0,732.44693088,898.7271459839999,2558.5296667200005,2662.067743776,293.12387971199996,299.82185251199996
2023-04-23,923.04997632,2602.5024222720003,313.484767488,2.0,6532.566666666667,69.86262724707491,36.954655342208525,13.5,51.0,4.361111111111111,5.166666666666667,0.8660254037844386,0.5000000000000001,0.0,11.694267515923569,12.01,3541.0666666666666,20.066666666666666,0.0,7617.0,7617.0,0.9943650897654305,0.005634910234569519,0.0,0.0,0.0,0.0,1,여수,4,6,2023,spring,0,784.8074188800001,973.0764575999999,2418.9465204000003,2595.347946,291.83170579200004,301.757144976
2023-04-24,1120.72305888,2594.4197040000004,315.8169156,2.0,6532.566666666667,69.86262724707491,36.954655342208525,13.1,58.0,4.0,6.111111111111111,0.9135454576426008,0.4067366430758002,1.2,14.5,7.55,3541.0666666666666,20.066666666666666,0.0,7667.0,7667.0,0.9943650897654305,0.005634910234569519,0.0,0.0,0.0,0.0,1,여수,4,0,2023,spring,0,923.04997632,884.7120268800002,2602.5024222720003,2655.4686852960003,313.484767488,312.788315232
2023-04-25,751.48880112,2860.97752368,6478.165255680001,2.0,6532.566666666667,69.86262724707491,36.954655342208525,10.8,84.0,3.8333333333333335,4.972222222222221,0.6156614753256583,0.7880107536067219,8.8,21.913043478260867,4.24,3541.0666666666666,20.066666666666666,0.0,6256.0,6256.0,0.9943650897654305,0.005634910234569519,0.0,0.0,0.0,0.0,1,여수,4,1,2023,spring,0,1120.72305888,1078.28632296,2594.4197040000004,2739.37042656,315.8169156,307.85304456
2023-04-26,629.933535504,336.00243542400005,425.33623123200005,2.0,6532.566666666667,69.86262724707491,36.954655342208525,11.8,66.0,5.5,7.777777777777778,-0.8829475928589271,0.4694715627858904,0.0,12.0,23.32,3541.0666666666666,20.066666666666666,0.0,,6532.566666666667,0.9943650897654305,0.005634910234569519,0.0,0.0,0.0,0.0,1,여수,4,2,2023,spring,0,751.48880112,1211.4619727040003,2860.97752368,2680.0744069439997,6478.165255680001,298.06726996800006
2023-04-27,326.278129536,428.4459675359999,269.676479376,2.0,6532.566666666667,69.86262724707491,36.954655342208525,12.6,74.0,2.2777777777777777,3.638888888888889,0.8746197071393959,-0.484809620246337,0.0,32.487804878048784,25.28,3541.0666666666666,20.066666666666666,0.0,,6532.566666666667,0.9943650897654305,0.005634910234569519,0.0,0.0,0.0,0.0,1,여수,4,3,2023,spring,0,629.933535504,802.4631858719999,336.00243542400005,2649.5847048959995,425.33623123200005,295.85057241600003
2023-04-28,67.72717929599999,80.78104339200002,206.29064433600004,2.0,6532.566666666667,69.86262724707491,36.954655342208525,15.0,84.0,2.5277777777777777,4.75,0.2419218955996677,-0.9702957262759964,1.0,33.23076923076923,21.36,3541.0666666666666,20.066666666666666,0.0,593.0,593.0,0.9943650897654305,0.005634910234569519,0.0,0.0,0.0,0.0,1,여수,4,4,2023,spring,0,326.278129536,732.44693088,428.4459675359999,2558.5296667200005,269.676479376,293.12387971199996
2023-04-29,1508.2731838079999,2207.4012961919993,709.8131715840001,2.0,6532.566666666667,69.86262724707491,36.954655342208525,16.2,91.0,4.888888888888889,6.833333333333334,-0.9335804264972016,-0.3583679495453007,8.4,18.613636363636363,8.65,3541.0666666666666,20.066666666666666,0.0,6526.0,6526.0,0.9943650897654305,0.005634910234569519,0.0,0.0,0.0,0.0,1,여수,4,5,2023,spring,0,67.72717929599999,784.8074188800001,80.78104339200002,2418.9465204000003,206.29064433600004,291.83170579200004
2023-04-30,1572.5731824,2194.1767946880004,515.270096784,2.0,6532.566666666667,69.86262724707491,36.954655342208525,14.5,59.0,4.833333333333333,6.944444444444445,-0.981627183447664,0.1908089953765451,0.0,12.20689655172414,26.1,3541.0666666666666,20.066666666666666,0.0,6297.0,6297.0,0.9943650897654305,0.005634910234569519,0.0,0.0,0.0,0.0,1,여수,4,6,2023,spring,0,1508.2731838079999,923.04997632,2207.4012961919993,2602.5024222720003,709.8131715840001,313.484767488
2023-05-01,1282.4977233599998,1795.4708184,363.5816768640001,2.0,6660.741935483871,57.87489401064494,36.320149019531875,16.2,55.0,3.2777777777777777,4.944444444444445,-0.9135454576426012,0.4067366430757997,0.0,16.779661016949152,26.29,3420.935483870968,16.225806451612904,0.0,5832.0,5832.0,0.9952793002477665,0.004720699752233651,0.0,0.0,0.0,0.0,1,여수,5,0,2023,spring,0,1572.5731824,1120.72305888,2194.1767946880004,2594.4197040000004,515.270096784,315.8169156
2023-05-02,1369.540564416,2371.601287728,377.513435376,2.0,6660.741935483871,57.87489401064494,36.320149019531875,15.9,61.0,2.361111111111111,3.4444444444444446,0.8660254037844387,-0.4999999999999998,0.0,25.83529411764706,25.25,3420.935483870968,16.225806451612904,0.0,7227.0,7227.0,0.9952793002477665,0.004720699752233651,0.0,0.0,0.0,0.0,1,여수,5,1,2023,spring,0,1282.4977233599998,751.48880112,1795.4708184,2860.97752368,363.5816768640001,6478.165255680001
2023-05-03,1292.14337616,2134.6100012159995,354.304182096,2.0,6660.741935483871,57.87489401064494,36.320149019531875,15.7,81.0,2.8055555555555554,4.75,0.766044443118978,-0.6427876096865394,5.8,28.871287128712872,13.4,3420.935483870968,16.225806451612904,0.0,6303.0,6303.0,0.9952793002477665,0.004720699752233651,0.0,0.0,0.0,0.0,1,여수,5,2,2023,spring,0,1369.540564416,629.933535504,2371.601287728,336.00243542400005,377.513435376,425.33623123200005
2023-05-04,1088.244720288,2389.5273876479996,427.50289915199994,2.0,6660.741935483871,57.87489401064494,36.320149019531875,15.7,92.0,4.944444444444445,7.027777777777778,0.766044443118978,-0.6427876096865394,38.5,18.606741573033705,4.53,3420.935483870968,16.225806451612904,0.0,6977.0,6977.0,0.9952793002477665,0.004720699752233651,0.0,0.0,0.0,0.0,1,여수,5,3,2023,spring,0,1292.14337616,326.278129536,2134.6100012159995,428.4459675359999,354.304182096,269.676479376
2023-05-05,1572.6503338559999,2184.896587104,322.6329449280001,2.0,6660.741935483871,57.87489401064494,36.320149019531875,18.1,96.0,7.666666666666667,10.833333333333334,0.0523359562429438,-0.9986295347545738,96.6,12.52173913043478,5.65,3420.935483870968,16.225806451612904,0.0,6419.0,6419.0,0.9952793002477665,0.004720699752233651,0.0,0.0,0.0,0.0,1,여수,5,4,2023,spring,0,1088.244720288,67.72717929599999,2389.5273876479996,80.78104339200002,427.50289915199994,206.29064433600004
2023-05-06,1123.116610464,1782.18179496,372.978540864,2.0,6660.741935483871,57.87489401064494,36.320149019531875,16.2,93.0,5.111111111111111,9.222222222222223,0.4383711467890773,-0.898794046299167,3.7,18.195652173913047,7.56,3420.935483870968,16.225806451612904,0.0,5205.0,5205.0,0.9952793002477665,0.004720699752233651,0.0,0.0,0.0,0.0,1,여수,5,5,2023,spring,0,1572.6503338559999,1508.2731838079999,2184.896587104,2207.4012961919993,322.6329449280001,709.8131715840001
2023-05-07,1441.580161392,2003.779516752,391.392783936,2.0,6660.741935483871,57.87489401064494,36.320149019531875,12.1,85.0,6.361111111111111,7.888888888888888,0.6560590289905073,0.754709580222772,8.7,13.362445414847162,4.63,3420.935483870968,16.225806451612904,0.0,6223.0,6223.0,0.9952793002477665,0.004720699752233651,0.0,0.0,0.0,0.0,1,여수,5,6,2023,spring,0,1123.116610464,1572.5731824,1782.18179496,2194.1767946880004,372.978540864,515.270096784
2023-05-08,969.038615376,1861.8870643200003,409.418833824,2.0,6660.741935483871,57.87489401064494,36.320149019531875,14.1,62.0,2.8055555555555554,4.444444444444445,0.5591929034707469,0.8290375725550417,0.0,22.0990099009901,23.22,3420.935483870968,16.225806451612904,0.0,5649.0,5649.0,0.9952793002477665,0.004720699752233651,0.0,0.0,0.0,0.0,1,여수,5,0,2023,spring,0,1441.580161392,1282.4977233599998,2003.779516752,1795.4708184,391.392783936,363.5816768640001
2023-05-09,1440.0487696319997,2157.2997170399995,440.30531447999994,2.0,6660.741935483871,57.87489401064494,36.320149019531875,15.8,69.0,2.1666666666666665,3.6944444444444446,-0.9902680687415704,0.1391731009600654,0.0,31.846153846153847,26.65,3420.935483870968,16.225806451612904,0.0,6348.0,6348.0,0.9952793002477665,0.004720699752233651,0.0,0.0,0.0,0.0,1,여수,5,1,2023,spring,0,969.038615376,1369.540564416,1861.8870643200003,2371.601287728,409.418833824,377.513435376
2023-05-10,1413.36773568,2196.9346593599994,425.320168896,2.0,6660.741935483871,57.87489401064494,36.320149019531875,17.3,62.0,2.1666666666666665,4.25,0.9902680687415704,-0.1391731009600653,0.0,28.615384615384617,26.39,3420.935483870968,16.225806451612904,0.0,6520.0,6520.0,0.9952793002477665,0.004720699752233651,0.0,0.0,0.0,0.0,1,여수,5,2,2023,spring,0,1440.0487696319997,1292.14337616,2157.2997170399995,2134.6100012159995,440.30531447999994,354.304182096
2023-05-11,1455.365694816,2304.728379072,402.43177598399996,2.0,6660.741935483871,57.87489401064494,36.320149019531875,16.4,74.0,2.638888888888889,3.9722222222222223,0.9781476007338056,0.2079116908177594,0.0,28.042105263157897,23.99,3420.935483870968,16.225806451612904,0.0,6616.0,6616.0,0.9952793002477665,0.004720699752233651,0.0,0.0,0.0,0.0,1,여수,5,3,2023,spring,0,1413.36773568,1088.244720288,2196.9346593599994,2389.5273876479996,425.320168896,427.50289915199994
2023-05-12,1072.295119872,2307.977165952,412.51301568,2.0,6660.741935483871,57.87489401064494,36.320149019531875,15.8,76.0,2.4166666666666665,3.3888888888888884,0.9271838545667874,-0.374606593415912,0.1,31.448275862068968,16.15,3420.935483870968,16.225806451612904,0.0,6527.0,6527.0,0.9952793002477665,0.004720699752233651,0.0,0.0,0.0,0.0,1,여수,5,4,2023,spring,0,1455.365694816,1572.6503338559999,2304.728379072,2184.896587104,402.43177598399996,322.6329449280001
2023-05-13,853.6896115200001,1896.0701616000001,345.01700303999996,2.0,6660.741935483871,57.87489401064494,36.320149019531875,15.5,86.0,2.1666666666666665,3.861111111111111,0.9945218953682732,-0.1045284632676535,4.4,39.69230769230769,14.8,3420.935483870968,16.225806451612904,0.0,5394.0,5394.0,0.9952793002477665,0.004720699752233651,0.0,0.0,0.0,0.0,1,여수,5,5,2023,spring,0,1072.295119872,1123.116610464,2307.977165952,1782.18179496,412.51301568,372.978540864
2023-05-14,881.035878528,1922.265027936,365.356963728,2.0,6660.741935483871,57.87489401064494,36.320149019531875,16.6,84.0,1.8055555555555556,3.333333333333333,-0.3420201433256686,-0.9396926207859084,0.0,46.52307692307692,23.46,3420.935483870968,16.225806451612904,0.0,5465.0,5465.0,0.9952793002477665,0.004720699752233651,0.0,0.0,0.0,0.0,1,여수,5,6,2023,spring,0,853.6896115200001,1441.580161392,1896.0701616000001,2003.779516752,345.01700303999996,391.392783936
2023-05-15,1309.336238448,2274.101272224,392.853011184,2.0,6660.741935483871,57.87489401064494,36.320149019531875,17.6,84.0,2.1944444444444446,4.861111111111111,-0.4539904997395467,-0.8910065241883679,0.0,38.278481012658226,24.27,3420.935483870968,16.225806451612904,0.0,6524.0,6524.0,0.9952793002477665,0.004720699752233651,0.0,0.0,0.0,0.0,1,여수,5,0,2023,spring,0,881.035878528,969.038615376,1922.265027936,1861.8870643200003,365.356963728,409.418833824
2023-05-16,681.29694792,2152.3555713600003,421.40933495999997,2.0,6660.741935483871,57.87489401064494,36.320149019531875,19.5,82.0,2.305555555555556,3.861111111111111,-0.4848096202463369,-0.8746197071393959,0.0,35.56626506024096,26.61,3420.935483870968,16.225806451612904,0.0,6155.0,6155.0,0.9952793002477665,0.004720699752233651,0.0,0.0,0.0,0.0,1,여수,5,1,2023,spring,0,1309.336238448,1440.0487696319997,2274.101272224,2157.2997170399995,392.853011184,440.30531447999994
2023-05-17,549.5524548479999,1962.6794491680002,355.1597814240001,2.0,6660.741935483871,57.87489401064494,36.320149019531875,19.5,86.0,2.7777777777777777,4.416666666666667,-0.1045284632676535,-0.9945218953682732,0.0,30.96,25.48,3420.935483870968,16.225806451612904,0.0,5742.0,5742.0,0.9952793002477665,0.004720699752233651,0.0,0.0,0.0,0.0,1,여수,5,2,2023,spring,0,681.29694792,1413.36773568,2152.3555713600003,2196.9346593599994,421.40933495999997,425.320168896
2023-05-18,861.334838928,2171.0631536639994,374.10536692799997,2.0,6660.741935483871,57.87489401064494,36.320149019531875,17.7,94.0,4.583333333333333,6.055555555555555,0.9961946980917455,0.0871557427476581,29.7,20.50909090909091,5.23,3420.935483870968,16.225806451612904,0.0,6468.0,6468.0,0.9952793002477665,0.004720699752233651,0.0,0.0,0.0,0.0,1,여수,5,3,2023,spring,0,549.5524548479999,1455.365694816,1962.6794491680002,2304.728379072,355.1597814240001,402.43177598399996
2023-05-19,684.948002112,1660.9713935040002,298.070011584,2.0,6660.741935483871,57.87489401064494,36.320149019531875,18.9,81.0,4.5,6.111111111111111,0.7431448254773942,0.6691306063588582,4.1,18.0,18.5,3420.935483870968,16.225806451612904,0.0,5105.0,5105.0,0.9952793002477665,0.004720699752233651,0.0,0.0,0.0,0.0,1,여수,5,4,2023,spring,0,861.334838928,1072.295119872,2171.0631536639994,2307.977165952,374.10536692799997,412.51301568
2023-05-20,901.8194169599999,1666.237644,271.245969648,2.0,6660.741935483871,57.87489401064494,36.320149019531875,18.1,86.0,2.2777777777777777,4.305555555555555,-0.5446390350150271,-0.838670567945424,0.1,37.75609756097561,25.84,3420.935483870968,16.225806451612904,0.0,5113.0,5113.0,0.9952793002477665,0.004720699752233651,0.0,0.0,0.0,0.0,1,여수,5,5,2023,spring,0,684.948002112,853.6896115200001,1660.9713935040002,1896.0701616000001,298.070011584,345.01700303999996
2023-05-21,794.0802129120001,2008.7552378880002,346.46537347200007,2.0,6660.741935483871,57.87489401064494,36.320149019531875,19.5,80.0,4.611111111111112,6.194444444444445,-0.9902680687415704,0.1391731009600654,0.0,17.349397590361445,26.34,3420.935483870968,16.225806451612904,0.0,6135.0,6135.0,0.9952793002477665,0.004720699752233651,0.0,0.0,0.0,0.0,1,여수,5,6,2023,spring,0,901.8194169599999,881.035878528,1666.237644,1922.265027936,271.245969648,365.356963728
2023-05-22,972.896817168,1900.252215216,227.112202224,2.0,6660.741935483871,57.87489401064494,36.320149019531875,17.4,72.0,1.972222222222222,3.8333333333333335,-2.4492935982947064e-16,1.0,1.4,36.50704225352113,9.91,3420.935483870968,16.225806451612904,0.0,5897.0,5897.0,0.9952793002477665,0.004720699752233651,0.0,0.0,0.0,0.0,1,여수,5,0,2023,spring,0,794.0802129120001,1309.336238448,2008.7552378880002,2274.101272224,346.46537347200007,392.853011184
2023-05-23,1043.9277075359998,1939.5260462879999,202.164240096,2.0,6660.741935483871,57.87489401064494,36.320149019531875,17.4,78.0,1.9166666666666667,3.944444444444444,0.0174524064372834,-0.9998476951563912,1.8,40.69565217391304,24.53,3420.935483870968,16.225806451612904,0.0,5644.0,5644.0,0.9952793002477665,0.004720699752233651,0.0,0.0,0.0,0.0,1,여수,5,1,2023,spring,0,972.896817168,681.29694792,1900.252215216,2152.3555713600003,227.112202224,421.40933495999997
2023-05-24,1043.7177860640002,2140.576170768,340.976568384,2.0,6660.741935483871,57.87489401064494,36.320149019531875,18.2,77.0,1.5277777777777777,2.972222222222222,-0.6293203910498376,-0.7771459614569708,0.0,50.400000000000006,19.5,3420.935483870968,16.225806451612904,0.0,6264.0,6264.0,0.9952793002477665,0.004720699752233651,0.0,0.0,0.0,0.0,1,여수,5,2,2023,spring,0,1043.9277075359998,549.5524548479999,1939.5260462879999,1962.6794491680002,202.164240096,355.1597814240001
2023-05-25,590.711791536,2526.7592913119997,1953.21389472,2.0,6660.741935483871,57.87489401064494,36.320149019531875,18.2,77.0,2.111111111111111,3.8333333333333335,0.5150380749100544,-0.8571673007021122,0.0,36.473684210526315,26.72,3420.935483870968,16.225806451612904,0.0,6058.0,6058.0,0.9952793002477665,0.004720699752233651,0.0,0.0,0.0,0.0,1,여수,5,3,2023,spring,0,1043.7177860640002,861.334838928,2140.576170768,2171.0631536639994,340.976568384,374.10536692799997
2023-05-26,1195.101347328,3075.825142656,329.61411705600005,2.0,6660.741935483871,57.87489401064494,36.320149019531875,19.8,84.0,2.2222222222222223,3.3888888888888884,0.6819983600624986,-0.7313537016191705,0.7,37.8,20.55,3420.935483870968,16.225806451612904,0.0,11115.0,11115.0,0.9952793002477665,0.004720699752233651,0.0,0.0,0.0,0.0,1,여수,5,4,2023,spring,0,590.711791536,684.948002112,2526.7592913119997,1660.9713935040002,1953.21389472,298.070011584
2023-05-27,168.09290164799998,1887.7762692000001,2742.3726383520006,2.0,6660.741935483871,57.87489401064494,36.320149019531875,20.6,86.0,3.3611111111111107,5.166666666666667,0.4067366430758004,-0.9135454576426008,0.6,25.586776859504138,21.72,3420.935483870968,16.225806451612904,0.0,7947.0,7947.0,0.9952793002477665,0.004720699752233651,0.0,0.0,0.0,0.0,1,여수,5,5,2023,spring,0,1195.101347328,901.8194169599999,3075.825142656,1666.237644,329.61411705600005,271.245969648
2023-05-28,42.004714752000005,1606.736533248,175.83371524799998,2.0,6660.741935483871,57.87489401064494,36.320149019531875,20.7,92.0,4.527777777777778,5.583333333333334,-0.1908089953765447,-0.981627183447664,4.4,20.319018404907975,8.83,3420.935483870968,16.225806451612904,0.0,6498.0,6498.0,0.9952793002477665,0.004720699752233651,0.0,0.0,0.0,0.0,1,여수,5,6,2023,spring,0,168.09290164799998,794.0802129120001,1887.7762692000001,2008.7552378880002,2742.3726383520006,346.46537347200007
2023-05-29,125.04338064,1695.6208130399998,285.490173888,2.0,6660.741935483871,57.87489401064494,36.320149019531875,21.1,98.0,2.972222222222222,4.166666666666667,-0.6691306063588582,-0.7431448254773942,29.2,32.97196261682243,7.2,3420.935483870968,16.225806451612904,0.0,7108.0,7108.0,0.9952793002477665,0.004720699752233651,0.0,0.0,0.0,0.0,1,여수,5,0,2023,spring,0,42.004714752000005,972.896817168,1606.736533248,1900.252215216,175.83371524799998,227.112202224
2023-05-30,513.041368896,2950.8503904,531.9827441279999,2.0,6660.741935483871,57.87489401064494,36.320149019531875,19.5,91.0,4.111111111111112,6.444444444444444,0.9998476951563912,0.0174524064372836,13.8,22.135135135135133,12.73,3420.935483870968,16.225806451612904,0.0,10754.0,10754.0,0.9952793002477665,0.004720699752233651,0.0,0.0,0.0,0.0,1,여수,5,1,2023,spring,0,125.04338064,1043.9277075359998,1695.6208130399998,1939.5260462879999,285.490173888,202.164240096
2023-05-31,1118.20444128,3600.1130235839996,375.571587024,2.0,6660.741935483871,57.87489401064494,36.320149019531875,19.6,68.0,4.361111111111111,5.833333333333333,0.9781476007338056,0.2079116908177594,0.0,15.592356687898093,26.01,3420.935483870968,16.225806451612904,0.0,11251.0,11251.0,0.9952793002477665,0.004720699752233651,0.0,0.0,0.0,0.0,1,여수,5,2,2023,spring,0,513.041368896,1043.7177860640002,2950.8503904,2140.576170768,531.9827441279999,340.976568384
2023-06-01,1264.706328384,4130.250085728,416.22989443200004,2.0,10170.6,66.51006892415394,37.03910388767625,18.4,89.0,2.1944444444444446,4.305555555555555,0.981627183447664,0.1908089953765449,21.5,40.55696202531645,10.62,5292.366666666667,29.666666666666668,0.0,13434.0,13434.0,0.9944256894294786,0.0055743105705212915,0.0,0.0,0.0,0.0,1,여수,6,3,2023,summer,0,1118.20444128,590.711791536,3600.1130235839996,2526.7592913119997,375.571587024,1953.21389472
2023-06-02,702.737365392,3801.53374704,387.54012326400004,2.0,10170.6,66.51006892415394,37.03910388767625,22.3,77.0,3.2499999999999996,6.166666666666666,-0.6560590289905074,0.7547095802227719,0.0,23.692307692307697,26.6,5292.366666666667,29.666666666666668,0.0,12419.0,12419.0,0.9944256894294786,0.0055743105705212915,0.0,0.0,0.0,0.0,1,여수,6,4,2023,summer,0,1264.706328384,1195.101347328,4130.250085728,3075.825142656,416.22989443200004,329.61411705600005
2023-06-03,607.829671584,2917.7438777280004,1204.812433584,2.0,10170.6,66.51006892415394,37.03910388767625,20.9,73.0,2.861111111111111,5.861111111111112,-0.9743700647852352,0.2249510543438649,0.0,25.51456310679612,26.19,5292.366666666667,29.666666666666668,0.0,10526.0,10526.0,0.9944256894294786,0.0055743105705212915,0.0,0.0,0.0,0.0,1,여수,6,5,2023,summer,0,702.737365392,168.09290164799998,3801.53374704,1887.7762692000001,387.54012326400004,2742.3726383520006
2023-06-04,255.251941632,1902.5338099679998,236.245206672,2.0,10170.6,66.51006892415394,37.03910388767625,21.6,59.0,3.222222222222222,4.305555555555555,-0.9271838545667874,0.3746065934159119,0.0,18.31034482758621,23.69,5292.366666666667,29.666666666666668,0.0,6500.0,6500.0,0.9944256894294786,0.0055743105705212915,0.0,0.0,0.0,0.0,1,여수,6,6,2023,summer,0,607.829671584,42.004714752000005,2917.7438777280004,1606.736533248,1204.812433584,175.83371524799998
2023-06-05,281.127398976,1959.2908361280004,242.43862262400003,2.0,10170.6,66.51006892415394,37.03910388767625,20.7,73.0,3.138888888888889,4.333333333333333,-0.984807753012208,0.1736481776669299,0.0,23.25663716814159,10.34,5292.366666666667,29.666666666666668,0.0,6620.0,6620.0,0.9944256894294786,0.0055743105705212915,0.0,0.0,0.0,0.0,1,여수,6,0,2023,summer,0,255.251941632,125.04338064,1902.5338099679998,1695.6208130399998,236.245206672,285.490173888
2023-06-06,151.00214227200004,1919.4440760000007,237.57388459200004,2.0,10170.6,66.51006892415394,37.03910388767625,19.3,82.0,2.4166666666666665,4.527777777777778,-0.2588190451025208,-0.9659258262890684,2.5,33.93103448275862,21.2,5292.366666666667,29.666666666666668,0.0,6550.0,6550.0,0.9944256894294786,0.0055743105705212915,0.0,0.0,0.0,0.0,1,여수,6,1,2023,summer,0,281.127398976,513.041368896,1959.2908361280004,2950.8503904,242.43862262400003,531.9827441279999
2023-06-07,266.154540768,2231.2391757120004,237.591984384,2.0,10170.6,66.51006892415394,37.03910388767625,20.2,82.0,3.0277777777777777,4.666666666666667,-0.8386705679454242,-0.544639035015027,0.0,27.08256880733945,22.75,5292.366666666667,29.666666666666668,0.0,6690.0,6690.0,0.9944256894294786,0.0055743105705212915,0.0,0.0,0.0,0.0,1,여수,6,2,2023,summer,0,151.00214227200004,1118.20444128,1919.4440760000007,3600.1130235839996,237.57388459200004,375.571587024
2023-06-08,504.16905427200004,2295.032220432,210.41157844800003,2.0,10170.6,66.51006892415394,37.03910388767625,20.0,85.0,2.111111111111111,4.055555555555555,-0.2079116908177595,-0.9781476007338056,0.3,40.26315789473684,18.81,5292.366666666667,29.666666666666668,0.0,6881.0,6881.0,0.9944256894294786,0.0055743105705212915,0.0,0.0,0.0,0.0,1,여수,6,3,2023,summer,0,266.154540768,1264.706328384,2231.2391757120004,4130.250085728,237.591984384,416.22989443200004
2023-06-09,434.256741504,1968.973727328,189.224796672,2.0,10170.6,66.51006892415394,37.03910388767625,20.7,88.0,3.2499999999999996,5.083333333333333,-0.6293203910498376,-0.7771459614569708,1.0,27.07692307692308,20.53,5292.366666666667,29.666666666666668,0.0,6303.0,6303.0,0.9944256894294786,0.0055743105705212915,0.0,0.0,0.0,0.0,1,여수,6,4,2023,summer,0,504.16905427200004,702.737365392,2295.032220432,3801.53374704,210.41157844800003,387.54012326400004
2023-06-10,48.07280102400001,2026.275361776,197.434469664,2.0,10170.6,66.51006892415394,37.03910388767625,21.4,86.0,3.4722222222222223,6.166666666666666,0.529919264233205,-0.848048096156426,0.7,24.768,24.92,5292.366666666667,29.666666666666668,0.0,6568.0,6568.0,0.9944256894294786,0.0055743105705212915,0.0,0.0,0.0,0.0,1,여수,6,5,2023,summer,0,434.256741504,607.829671584,1968.973727328,2917.7438777280004,189.224796672,1204.812433584
2023-06-11,314.15370595200005,2011.3244172000002,314.180426736,2.0,10170.6,66.51006892415394,37.03910388767625,22.0,88.0,3.0,5.055555555555555,0.3420201433256689,-0.9396926207859084,3.4,29.333333333333332,21.87,5292.366666666667,29.666666666666668,0.0,6558.0,6558.0,0.9944256894294786,0.0055743105705212915,0.0,0.0,0.0,0.0,1,여수,6,6,2023,summer,0,48.07280102400001,255.251941632,2026.275361776,1902.5338099679998,197.434469664,236.245206672
2023-06-12,585.109836288,2969.488007424,439.756195392,2.0,10170.6,66.51006892415394,37.03910388767625,21.9,88.0,1.8333333333333333,4.694444444444444,-0.4067366430758002,-0.9135454576426008,0.7,48.0,23.93,5292.366666666667,29.666666666666668,0.0,10411.0,10411.0,0.9944256894294786,0.0055743105705212915,0.0,0.0,0.0,0.0,1,여수,6,0,2023,summer,0,314.15370595200005,281.127398976,2011.3244172000002,1959.2908361280004,314.180426736,242.43862262400003
2023-06-13,394.19500766400006,4883.194486943999,387.776392848,2.0,10170.6,66.51006892415394,37.03910388767625,21.8,82.0,2.0,4.0,-0.4383711467890774,-0.8987940462991669,0.2,41.0,22.02,5292.366666666667,29.666666666666668,0.0,14308.0,14308.0,0.9944256894294786,0.0055743105705212915,0.0,0.0,0.0,0.0,1,여수,6,1,2023,summer,0,585.109836288,151.00214227200004,2969.488007424,1919.4440760000007,439.756195392,237.57388459200004
2023-06-14,363.909185424,3693.826572336,1212.097002912,2.0,10170.6,66.51006892415394,37.03910388767625,22.2,78.0,1.9166666666666667,4.305555555555555,-0.6427876096865393,-0.766044443118978,4.0,40.69565217391304,23.45,5292.366666666667,29.666666666666668,0.0,11900.0,11900.0,0.9944256894294786,0.0055743105705212915,0.0,0.0,0.0,0.0,1,여수,6,2,2023,summer,0,394.19500766400006,266.154540768,4883.194486943999,2231.2391757120004,387.776392848,237.591984384
2023-06-15,496.7392383360001,4676.358852,391.74796108800007,2.0,10170.6,66.51006892415394,37.03910388767625,20.7,86.0,1.8611111111111112,4.0,-0.0174524064372836,-0.9998476951563912,2.6,46.208955223880594,22.12,5292.366666666667,29.666666666666668,0.0,14143.0,14143.0,0.9944256894294786,0.0055743105705212915,0.0,0.0,0.0,0.0,1,여수,6,3,2023,summer,0,363.909185424,504.16905427200004,3693.826572336,2295.032220432,1212.097002912,210.41157844800003
2023-06-16,405.31009176,4541.92131384,384.18780744000003,2.0,10170.6,66.51006892415394,37.03910388767625,22.6,74.0,1.9444444444444444,3.6666666666666665,-0.8386705679454242,-0.544639035015027,0.0,38.05714285714286,27.06,5292.366666666667,29.666666666666668,0.0,14561.0,14561.0,0.9944256894294786,0.0055743105705212915,0.0,0.0,0.0,0.0,1,여수,6,4,2023,summer,0,496.7392383360001,434.256741504,4676.358852,1968.973727328,391.74796108800007,189.224796672
2023-06-17,168.06397536,1912.180136544,758.826742752,2.0,10170.6,66.51006892415394,37.03910388767625,22.9,71.0,2.4166666666666665,4.277777777777778,-0.656059028990507,-0.7547095802227721,0.0,29.379310344827587,24.48,5292.366666666667,29.666666666666668,0.0,6209.0,6209.0,0.9944256894294786,0.0055743105705212915,0.0,0.0,0.0,0.0,1,여수,6,5,2023,summer,0,405.31009176,48.07280102400001,4541.92131384,2026.275361776,384.18780744000003,197.434469664
2023-06-18,93.121289856,1474.3797713280003,263.722861728,2.0,10170.6,66.51006892415394,37.03910388767625,24.2,69.0,2.4722222222222223,3.75,-0.8571673007021121,-0.5150380749100544,0.0,27.91011235955056,24.62,5292.366666666667,29.666666666666668,0.0,4962.0,4962.0,0.9944256894294786,0.0055743105705212915,0.0,0.0,0.0,0.0,1,여수,6,6,2023,summer,0,168.06397536,314.15370595200005,1912.180136544,2011.3244172000002,758.826742752,314.180426736
2023-06-19,275.08200192000004,2474.4509395200002,353.36793657600003,2.0,10170.6,66.51006892415394,37.03910388767625,23.7,77.0,3.083333333333333,5.194444444444444,0.9975640502598242,-0.0697564737441253,0.0,24.972972972972975,26.55,5292.366666666667,29.666666666666668,0.0,9816.0,9816.0,0.9944256894294786,0.0055743105705212915,0.0,0.0,0.0,0.0,1,여수,6,0,2023,summer,0,93.121289856,585.109836288,1474.3797713280003,2969.488007424,263.722861728,439.756195392
2023-06-20,233.543327472,4000.5238734720006,363.58690910400003,2.0,10170.6,66.51006892415394,37.03910388767625,22.5,74.0,4.916666666666666,6.333333333333333,0.9993908270190958,-0.0348994967025009,13.0,15.05084745762712,19.62,5292.366666666667,29.666666666666668,0.0,13780.0,13780.0,0.9944256894294786,0.0055743105705212915,0.0,0.0,0.0,0.0,1,여수,6,1,2023,summer,0,275.08200192000004,394.19500766400006,2474.4509395200002,4883.194486943999,353.36793657600003,387.776392848
2023-06-21,96.17725080000001,3917.8365804000005,351.1446156,2.0,10170.6,66.51006892415394,37.03910388767625,22.4,90.0,3.4722222222222223,7.416666666666666,-0.1564344650402307,-0.9876883405951378,9.4,25.92,10.49,5292.366666666667,29.666666666666668,0.0,13691.0,13691.0,0.9944256894294786,0.0055743105705212915,0.0,0.0,0.0,0.0,1,여수,6,2,2023,summer,0,233.543327472,363.909185424,4000.5238734720006,3693.826572336,363.58690910400003,1212.097002912
2023-06-22,45.139425408,2287.856140416,210.254692032,2.0,10170.6,66.51006892415394,37.03910388767625,23.4,73.0,4.638888888888888,5.722222222222222,-0.9063077870366498,0.4226182617406996,0.0,15.736526946107784,23.21,5292.366666666667,29.666666666666668,0.0,13138.0,13138.0,0.9944256894294786,0.0055743105705212915,0.0,0.0,0.0,0.0,1,여수,6,3,2023,summer,0,96.17725080000001,496.7392383360001,3917.8365804000005,4676.358852,351.1446156,391.74796108800007
2023-06-23,219.591762336,2197.055404512,208.213950816,2.0,10170.6,66.51006892415394,37.03910388767625,22.7,80.0,2.4166666666666665,5.111111111111111,0.6691306063588585,-0.743144825477394,0.0,33.10344827586207,24.36,5292.366666666667,29.666666666666668,0.0,13459.0,13459.0,0.9944256894294786,0.0055743105705212915,0.0,0.0,0.0,0.0,1,여수,6,4,2023,summer,0,45.139425408,405.31009176,2287.856140416,4541.92131384,210.254692032,384.18780744000003
2023-06-24,37.32579576,2180.7313401600004,214.9060968,2.0,10170.6,66.51006892415394,37.03910388767625,22.3,82.0,2.944444444444444,4.472222222222222,0.9743700647852352,-0.224951054343865,0.0,27.849056603773587,20.68,5292.366666666667,29.666666666666668,0.0,7235.0,7235.0,0.9944256894294786,0.0055743105705212915,0.0,0.0,0.0,0.0,1,여수,6,5,2023,summer,0,219.591762336,168.06397536,2197.055404512,1912.180136544,208.213950816,758.826742752
2023-06-25,22.37053824,2152.0457786879997,218.11274783999997,2.0,10170.6,66.51006892415394,37.03910388767625,21.1,93.0,3.944444444444444,6.916666666666666,0.9876883405951378,-0.1564344650402308,47.8,23.577464788732396,8.98,5292.366666666667,29.666666666666668,0.0,7133.0,7133.0,0.9944256894294786,0.0055743105705212915,0.0,0.0,0.0,0.0,1,여수,6,6,2023,summer,0,37.32579576,93.121289856,2180.7313401600004,1474.3797713280003,214.9060968,263.722861728
2023-06-26,9.376015104,2305.3277136960005,228.54036815999999,2.0,10170.6,66.51006892415394,37.03910388767625,23.3,94.0,5.305555555555556,6.666666666666666,-0.2923717047227367,-0.9563047559630354,23.4,17.71727748691099,11.95,5292.366666666667,29.666666666666668,0.0,10549.0,10549.0,0.9944256894294786,0.0055743105705212915,0.0,0.0,0.0,0.0,1,여수,6,0,2023,summer,0,22.37053824,275.08200192000004,2152.0457786879997,2474.4509395200002,218.11274783999997,353.36793657600003
2023-06-27,0.0,2251.4736153600006,219.25687824,2.0,10170.6,66.51006892415394,37.03910388767625,23.0,95.0,4.555555555555555,6.722222222222221,-0.656059028990507,-0.7547095802227721,68.3,20.853658536585368,14.28,5292.366666666667,29.666666666666668,0.0,12243.0,12243.0,0.9944256894294786,0.0055743105705212915,0.0,0.0,0.0,0.0,1,여수,6,1,2023,summer,0,9.376015104,233.543327472,2305.3277136960005,4000.5238734720006,228.54036815999999,363.58690910400003
2023-06-28,171.97338311999997,4906.951285247999,577.78156152,2.0,10170.6,66.51006892415394,37.03910388767625,23.4,93.0,3.5277777777777777,5.444444444444445,-0.5000000000000001,-0.8660254037844386,29.2,26.362204724409448,18.91,5292.366666666667,29.666666666666668,0.0,12777.0,12777.0,0.9944256894294786,0.0055743105705212915,0.0,0.0,0.0,0.0,1,여수,6,2,2023,summer,0,0.0,96.17725080000001,2251.4736153600006,3917.8365804000005,219.25687824,351.1446156
2023-06-29,36.699873984,4529.401821504,447.939499968,2.0,10170.6,66.51006892415394,37.03910388767625,23.5,96.0,4.666666666666667,6.499999999999999,-0.4539904997395467,-0.8910065241883679,5.7,20.57142857142857,8.32,5292.366666666667,29.666666666666668,0.0,12795.0,12795.0,0.9944256894294786,0.0055743105705212915,0.0,0.0,0.0,0.0,1,여수,6,3,2023,summer,0,171.97338311999997,45.139425408,4906.951285247999,2287.856140416,577.78156152,210.254692032
2023-06-30,223.346432304,4572.511397568,424.14163056000007,2.0,10170.6,66.51006892415394,37.03910388767625,23.4,95.0,4.527777777777778,6.722222222222221,-0.6427876096865393,-0.766044443118978,14.8,20.98159509202454,8.38,5292.366666666667,29.666666666666668,0.0,12959.0,12959.0,0.9944256894294786,0.0055743105705212915,0.0,0.0,0.0,0.0,1,여수,6,4,2023,summer,0,36.699873984,219.591762336,4529.401821504,2197.055404512,447.939499968,208.213950816
2023-07-01,162.44928604799998,2231.4032452799997,1565.1679615199996,2.0,9157.354838709678,73.22473238503865,36.68474964597468,23.2,94.0,2.4444444444444446,5.055555555555555,0.8480480961564261,-0.5299192642332048,1.1,38.45454545454545,16.64,5107.225806451613,49.54838709677419,0.0,8153.0,8153.0,0.990391592643563,0.009608407356436881,0.0,0.0,0.0,0.0,1,여수,7,5,2023,summer,0,223.346432304,37.32579576,4572.511397568,2180.7313401600004,424.14163056000007,214.9060968
2023-07-02,187.24750027200002,2230.947934272,1002.8222506080001,2.0,9157.354838709678,73.22473238503865,36.68474964597468,23.0,94.0,1.8055555555555556,4.083333333333333,-0.1564344650402307,-0.9876883405951378,0.5,52.06153846153846,21.62,5107.225806451613,49.54838709677419,0.0,8121.0,8121.0,0.990391592643563,0.009608407356436881,0.0,0.0,0.0,0.0,1,여수,7,6,2023,summer,0,162.44928604799998,22.37053824,2231.4032452799997,2152.0457786879997,1565.1679615199996,218.11274783999997
2023-07-03,62.01316799999999,2896.1699580000004,391.365828,2.0,9157.354838709678,73.22473238503865,36.68474964597468,23.8,94.0,2.4722222222222223,4.388888888888889,0.7547095802227721,-0.6560590289905072,0.7,38.02247191011236,18.93,5107.225806451613,49.54838709677419,0.0,10301.0,10301.0,0.990391592643563,0.009608407356436881,0.0,0.0,0.0,0.0,1,여수,7,0,2023,summer,0,187.24750027200002,9.376015104,2230.947934272,2305.3277136960005,1002.8222506080001,228.54036815999999
2023-07-04,12.258860544000001,2606.5103866560003,929.601658512,2.0,9157.354838709678,73.22473238503865,36.68474964597468,23.1,95.0,3.3055555555555554,5.027777777777778,0.8829475928589269,-0.4694715627858909,22.8,28.73949579831933,7.28,5107.225806451613,49.54838709677419,0.0,9528.0,9528.0,0.990391592643563,0.009608407356436881,0.0,0.0,0.0,0.0,1,여수,7,1,2023,summer,0,62.01316799999999,0.0,2896.1699580000004,2251.4736153600006,391.365828,219.25687824
2023-07-05,23.174973648,2451.2166201600003,350.79610319999995,2.0,9157.354838709678,73.22473238503865,36.68474964597468,25.5,83.0,5.638888888888889,6.666666666666666,-0.9563047559630352,-0.2923717047227371,36.4,14.719211822660098,25.35,5107.225806451613,49.54838709677419,0.0,7515.0,7515.0,0.990391592643563,0.009608407356436881,0.0,0.0,0.0,0.0,1,여수,7,2,2023,summer,0,12.258860544000001,171.97338311999997,2606.5103866560003,4906.951285247999,929.601658512,577.78156152
2023-07-06,94.67929094399999,2106.8856063360004,333.155559744,2.0,9157.354838709678,73.22473238503865,36.68474964597468,23.3,90.0,2.611111111111111,3.8055555555555554,-0.5591929034707467,-0.8290375725550418,0.0,34.46808510638298,24.51,5107.225806451613,49.54838709677419,0.0,6764.0,6764.0,0.990391592643563,0.009608407356436881,0.0,0.0,0.0,0.0,1,여수,7,3,2023,summer,0,23.174973648,36.699873984,2451.2166201600003,4529.401821504,350.79610319999995,447.939499968
2023-07-07,164.85484176000003,2056.2812892,345.05344368,2.0,9157.354838709678,73.22473238503865,36.68474964597468,22.9,97.0,3.861111111111111,7.194444444444444,0.6691306063588585,-0.743144825477394,40.7,25.12230215827338,3.92,5107.225806451613,49.54838709677419,0.0,7298.0,7298.0,0.990391592643563,0.009608407356436881,0.0,0.0,0.0,0.0,1,여수,7,4,2023,summer,0,94.67929094399999,223.346432304,2106.8856063360004,4572.511397568,333.155559744,424.14163056000007
2023-07-08,250.10051155200003,2010.1200880320002,344.60953171200003,2.0,9157.354838709678,73.22473238503865,36.68474964597468,23.0,97.0,2.0833333333333335,3.638888888888889,0.6427876096865395,-0.7660444431189779,4.3,46.559999999999995,8.76,5107.225806451613,49.54838709677419,0.0,7428.0,7428.0,0.990391592643563,0.009608407356436881,0.0,0.0,0.0,0.0,1,여수,7,5,2023,summer,0,164.85484176000003,162.44928604799998,2056.2812892,2231.4032452799997,345.05344368,1565.1679615199996
2023-07-09,255.155387616,2013.1135644960007,305.70047740800004,2.0,9157.354838709678,73.22473238503865,36.68474964597468,24.4,96.0,2.944444444444444,5.111111111111111,-0.3420201433256686,-0.9396926207859084,37.4,32.60377358490566,14.58,5107.225806451613,49.54838709677419,0.0,7531.0,7531.0,0.990391592643563,0.009608407356436881,0.0,0.0,0.0,0.0,1,여수,7,6,2023,summer,0,250.10051155200003,187.24750027200002,2010.1200880320002,2230.947934272,344.60953171200003,1002.8222506080001
2023-07-10,106.75165824000001,1806.4046753280002,303.963794784,2.0,9157.354838709678,73.22473238503865,36.68474964597468,25.2,92.0,4.027777777777778,6.166666666666666,-0.5150380749100542,-0.8571673007021123,0.5,22.841379310344827,21.03,5107.225806451613,49.54838709677419,0.0,6746.0,6746.0,0.990391592643563,0.009608407356436881,0.0,0.0,0.0,0.0,1,여수,7,0,2023,summer,0,255.155387616,62.01316799999999,2013.1135644960007,2896.1699580000004,305.70047740800004,391.365828
2023-07-11,108.125842176,2386.8387717120004,343.300763952,2.0,9157.354838709678,73.22473238503865,36.68474964597468,24.4,94.0,3.6666666666666665,5.666666666666666,-0.3255681544571567,-0.9455185755993168,11.7,25.636363636363637,10.31,5107.225806451613,49.54838709677419,0.0,7534.0,7534.0,0.990391592643563,0.009608407356436881,0.0,0.0,0.0,0.0,1,여수,7,1,2023,summer,0,106.75165824000001,12.258860544000001,1806.4046753280002,2606.5103866560003,303.963794784,929.601658512
2023-07-12,228.16958687999994,2457.332259552,267.53567904,2.0,9157.354838709678,73.22473238503865,36.68474964597468,24.9,93.0,4.111111111111112,6.722222222222221,-0.656059028990507,-0.7547095802227721,23.3,22.621621621621617,16.12,5107.225806451613,49.54838709677419,0.0,7328.0,7328.0,0.990391592643563,0.009608407356436881,0.0,0.0,0.0,0.0,1,여수,7,2,2023,summer,0,108.125842176,23.174973648,2386.8387717120004,2451.2166201600003,343.300763952,350.79610319999995
2023-07-13,240.157871712,2197.9838989440004,249.01680585600002,2.0,9157.354838709678,73.22473238503865,36.68474964597468,24.8,96.0,3.861111111111111,7.138888888888888,-0.1736481776669304,-0.984807753012208,2.6,24.863309352517984,12.04,5107.225806451613,49.54838709677419,0.0,7228.0,7228.0,0.990391592643563,0.009608407356436881,0.0,0.0,0.0,0.0,1,여수,7,3,2023,summer,0,228.16958687999994,94.67929094399999,2457.332259552,2106.8856063360004,267.53567904,333.155559744
2023-07-14,148.065675984,1957.0610257920002,225.66435652799998,2.0,9157.354838709678,73.22473238503865,36.68474964597468,24.8,94.0,7.166666666666667,9.277777777777777,-0.4539904997395467,-0.8910065241883679,10.7,13.116279069767442,7.02,5107.225806451613,49.54838709677419,0.0,7118.0,7118.0,0.990391592643563,0.009608407356436881,0.0,0.0,0.0,0.0,1,여수,7,4,2023,summer,0,240.157871712,164.85484176000003,2197.9838989440004,2056.2812892,249.01680585600002,345.05344368
2023-07-15,90.76005864000001,1818.193973472,235.28138256,2.0,9157.354838709678,73.22473238503865,36.68474964597468,25.7,92.0,5.972222222222222,7.555555555555555,-0.587785252292473,-0.8090169943749475,3.5,15.404651162790698,19.06,5107.225806451613,49.54838709677419,0.0,6844.0,6844.0,0.990391592643563,0.009608407356436881,0.0,0.0,0.0,0.0,1,여수,7,5,2023,summer,0,148.065675984,250.10051155200003,1957.0610257920002,2010.1200880320002,225.66435652799998,344.60953171200003
2023-07-16,155.76981134399998,1796.0387375520002,671.023996704,2.0,9157.354838709678,73.22473238503865,36.68474964597468,24.5,95.0,3.0277777777777777,5.444444444444445,-0.374606593415912,-0.9271838545667874,47.8,31.376146788990827,18.47,5107.225806451613,49.54838709677419,0.0,6423.0,6423.0,0.990391592643563,0.009608407356436881,0.0,0.0,0.0,0.0,1,여수,7,6,2023,summer,0,90.76005864000001,255.155387616,1818.193973472,2013.1135644960007,235.28138256,305.70047740800004
2023-07-17,43.56216662400001,4000.0994049600004,548.7479326079999,2.0,9157.354838709678,73.22473238503865,36.68474964597468,24.1,96.0,1.9166666666666667,3.7222222222222223,0.2079116908177593,-0.9781476007338056,36.1,50.086956521739125,13.27,5107.225806451613,49.54838709677419,0.0,12409.0,12409.0,0.990391592643563,0.009608407356436881,0.0,0.0,0.0,0.0,1,여수,7,0,2023,summer,0,155.76981134399998,106.75165824000001,1796.0387375520002,1806.4046753280002,671.023996704,303.963794784
2023-07-18,201.223150272,4362.988947696,571.3236012959999,2.0,9157.354838709678,73.22473238503865,36.68474964597468,23.9,98.0,3.8055555555555554,8.36111111111111,0.4383711467890773,-0.898794046299167,81.9,25.751824817518248,7.45,5107.225806451613,49.54838709677419,0.0,13096.0,13096.0,0.990391592643563,0.009608407356436881,0.0,0.0,0.0,0.0,1,여수,7,1,2023,summer,0,43.56216662400001,108.125842176,4000.0994049600004,2386.8387717120004,548.7479326079999,343.300763952
2023-07-19,389.039174208,4279.91153184,455.364013248,2.0,9157.354838709678,73.22473238503865,36.68474964597468,24.3,92.0,2.25,4.194444444444445,0.8571673007021123,-0.5150380749100543,3.4,40.888888888888886,14.71,5107.225806451613,49.54838709677419,0.0,11627.0,11627.0,0.990391592643563,0.009608407356436881,0.0,0.0,0.0,0.0,1,여수,7,2,2023,summer,0,201.223150272,228.16958687999994,4362.988947696,2457.332259552,571.3236012959999,267.53567904
2023-07-20,1215.126514368,4700.033442000001,415.11385512000004,2.0,9157.354838709678,73.22473238503865,36.68474964597468,23.8,93.0,1.7222222222222223,4.277777777777778,-0.4383711467890774,-0.8987940462991669,0.0,54.0,20.94,5107.225806451613,49.54838709677419,0.0,12850.0,12850.0,0.990391592643563,0.009608407356436881,0.0,0.0,0.0,0.0,1,여수,7,3,2023,summer,0,389.039174208,240.157871712,4279.91153184,2197.9838989440004,455.364013248,249.01680585600002
2023-07-21,726.5008019520001,4120.104710448,400.414084272,2.0,9157.354838709678,73.22473238503865,36.68474964597468,24.2,87.0,2.5,4.166666666666667,0.90630778703665,-0.4226182617406993,0.0,34.8,24.12,5107.225806451613,49.54838709677419,0.0,12039.0,12039.0,0.990391592643563,0.009608407356436881,0.0,0.0,0.0,0.0,1,여수,7,4,2023,summer,0,1215.126514368,148.065675984,4700.033442000001,1957.0610257920002,415.11385512000004,225.66435652799998
2023-07-22,124.673670288,1883.36807208,470.58840648,2.0,9157.354838709678,73.22473238503865,36.68474964597468,23.7,93.0,4.388888888888889,6.0,0.8829475928589269,-0.4694715627858909,13.5,21.18987341772152,6.69,5107.225806451613,49.54838709677419,0.0,7100.0,7100.0,0.990391592643563,0.009608407356436881,0.0,0.0,0.0,0.0,1,여수,7,5,2023,summer,0,726.5008019520001,90.76005864000001,4120.104710448,1818.193973472,400.414084272,235.28138256
2023-07-23,94.62633840000001,1752.449616288,266.672504016,2.0,9157.354838709678,73.22473238503865,36.68474964597468,25.3,94.0,4.75,7.277777777777778,-0.1218693434051473,-0.992546151641322,14.8,19.789473684210527,15.0,5107.225806451613,49.54838709677419,0.0,6991.0,6991.0,0.990391592643563,0.009608407356436881,0.0,0.0,0.0,0.0,1,여수,7,6,2023,summer,0,124.673670288,155.76981134399998,1883.36807208,1796.0387375520002,470.58840648,671.023996704
2023-07-24,427.08855038400003,3082.430794032,515.5539940799999,2.0,9157.354838709678,73.22473238503865,36.68474964597468,24.7,96.0,3.6944444444444446,5.861111111111112,-0.3255681544571567,-0.9455185755993168,13.9,25.984962406015036,10.65,5107.225806451613,49.54838709677419,0.0,10321.0,10321.0,0.990391592643563,0.009608407356436881,0.0,0.0,0.0,0.0,1,여수,7,0,2023,summer,0,94.62633840000001,43.56216662400001,1752.449616288,4000.0994049600004,266.672504016,548.7479326079999
2023-07-25,838.3317380639999,4354.971951023999,506.871141696,2.0,9157.354838709678,73.22473238503865,36.68474964597468,24.4,93.0,2.305555555555556,4.638888888888888,0.258819045102521,-0.9659258262890682,12.5,40.33734939759036,17.08,5107.225806451613,49.54838709677419,0.0,12819.0,12819.0,0.990391592643563,0.009608407356436881,0.0,0.0,0.0,0.0,1,여수,7,1,2023,summer,0,427.08855038400003,201.223150272,3082.430794032,4362.988947696,515.5539940799999,571.3236012959999
2023-07-26,1708.964604288,5132.1176910720005,480.829649616,2.0,9157.354838709678,73.22473238503865,36.68474964597468,25.2,93.0,1.9166666666666667,3.2777777777777777,0.766044443118978,-0.6427876096865394,11.1,48.52173913043478,22.03,5107.225806451613,49.54838709677419,0.0,14132.0,14132.0,0.990391592643563,0.009608407356436881,0.0,0.0,0.0,0.0,1,여수,7,2,2023,summer,0,838.3317380639999,389.039174208,4354.971951023999,4279.91153184,506.871141696,455.364013248
2023-07-27,1395.002367648,4481.991982944,444.58299302399996,2.0,9157.354838709678,73.22473238503865,36.68474964597468,26.2,90.0,1.777777777777778,2.8055555555555554,0.8191520442889917,-0.5735764363510462,0.3,50.625,25.59,5107.225806451613,49.54838709677419,0.0,12651.0,12651.0,0.990391592643563,0.009608407356436881,0.0,0.0,0.0,0.0,1,여수,7,3,2023,summer,0,1708.964604288,1215.126514368,5132.1176910720005,4700.033442000001,480.829649616,415.11385512000004
2023-07-28,784.6162888319999,4394.204191008,519.410803968,2.0,9157.354838709678,73.22473238503865,36.68474964597468,26.6,87.0,1.5555555555555554,2.972222222222222,0.788010753606722,-0.6156614753256583,0.0,55.92857142857144,18.86,5107.225806451613,49.54838709677419,0.0,12889.0,12889.0,0.990391592643563,0.009608407356436881,0.0,0.0,0.0,0.0,1,여수,7,4,2023,summer,0,1395.002367648,726.5008019520001,4481.991982944,4120.104710448,444.58299302399996,400.414084272
2023-07-29,37.726011216,2175.079536144,532.339270704,2.0,9157.354838709678,73.22473238503865,36.68474964597468,27.0,84.0,1.5555555555555554,2.4166666666666665,0.1908089953765449,-0.981627183447664,0.0,54.00000000000001,26.3,5107.225806451613,49.54838709677419,0.0,7277.0,7277.0,0.990391592643563,0.009608407356436881,0.0,0.0,0.0,0.0,1,여수,7,5,2023,summer,0,784.6162888319999,124.673670288,4394.204191008,1883.36807208,519.410803968,470.58840648
2023-07-30,96.24982838400001,2015.539155792,268.098872544,2.0,9157.354838709678,73.22473238503865,36.68474964597468,26.9,85.0,1.5833333333333333,4.083333333333333,0.6427876096865395,-0.7660444431189779,0.0,53.684210526315795,26.02,5107.225806451613,49.54838709677419,0.0,7175.0,7175.0,0.990391592643563,0.009608407356436881,0.0,0.0,0.0,0.0,1,여수,7,6,2023,summer,0,37.726011216,94.62633840000001,2175.079536144,1752.449616288,532.339270704,266.672504016
2023-07-31,56.975448095999994,2372.9520281759997,1260.056658672,2.0,9157.354838709678,73.22473238503865,36.68474964597468,27.4,82.0,1.3888888888888888,2.3333333333333335,-0.7660444431189781,0.6427876096865393,0.0,59.04,25.47,5107.225806451613,49.54838709677419,0.0,8642.0,8642.0,0.990391592643563,0.009608407356436881,0.0,0.0,0.0,0.0,1,여수,7,0,2023,summer,0,96.24982838400001,427.08855038400003,2015.539155792,3082.430794032,268.098872544,515.5539940799999
2023-08-01,582.4842910559998,4429.564854192,500.430313584,2.0,10287.709677419354,64.56699469144203,36.572803094202605,28.0,77.0,2.944444444444444,4.444444444444445,0.984807753012208,0.1736481776669304,0.0,26.150943396226417,25.43,5460.1612903225805,31.870967741935484,0.0,11952.0,11952.0,0.9941968717144485,0.005803128285551503,0.0,0.0,0.0,0.0,1,여수,8,1,2023,summer,0,56.975448095999994,838.3317380639999,2372.9520281759997,4354.971951023999,1260.056658672,506.871141696
2023-08-02,753.44541984,4468.41452016,496.40091192,2.0,10287.709677419354,64.56699469144203,36.572803094202605,27.6,81.0,1.9166666666666667,3.5,0.8191520442889917,-0.5735764363510462,0.0,42.26086956521739,25.32,5460.1612903225805,31.870967741935484,0.0,12606.0,12606.0,0.9941968717144485,0.005803128285551503,0.0,0.0,0.0,0.0,1,여수,8,2,2023,summer,0,582.4842910559998,1708.964604288,4429.564854192,5132.1176910720005,500.430313584,480.829649616
2023-08-03,873.051958368,4323.521426976,520.3699358399999,2.0,10287.709677419354,64.56699469144203,36.572803094202605,28.3,78.0,1.6666666666666663,3.222222222222222,0.7313537016191706,-0.6819983600624984,0.0,46.8,25.75,5460.1612903225805,31.870967741935484,0.0,12666.0,12666.0,0.9941968717144485,0.005803128285551503,0.0,0.0,0.0,0.0,1,여수,8,3,2023,summer,0,753.44541984,1395.002367648,4468.41452016,4481.991982944,496.40091192,444.58299302399996
2023-08-04,1168.9382013119998,3841.9332605279997,479.647861632,2.0,10287.709677419354,64.56699469144203,36.572803094202605,28.3,77.0,1.777777777777778,2.833333333333333,0.7431448254773942,-0.6691306063588582,0.0,43.3125,24.44,5460.1612903225805,31.870967741935484,0.0,12153.0,12153.0,0.9941968717144485,0.005803128285551503,0.0,0.0,0.0,0.0,1,여수,8,4,2023,summer,0,873.051958368,784.6162888319999,4323.521426976,4394.204191008,520.3699358399999,519.410803968
2023-08-05,52.384488336000004,1754.946652464,326.189244096,2.0,10287.709677419354,64.56699469144203,36.572803094202605,28.3,80.0,1.6666666666666663,3.194444444444444,0.838670567945424,-0.5446390350150272,0.0,48.00000000000001,25.75,5460.1612903225805,31.870967741935484,0.0,6893.0,6893.0,0.9941968717144485,0.005803128285551503,0.0,0.0,0.0,0.0,1,여수,8,5,2023,summer,0,1168.9382013119998,37.726011216,3841.9332605279997,2175.079536144,479.647861632,532.339270704
2023-08-06,85.33108166400001,1714.40460792,296.922932928,2.0,10287.709677419354,64.56699469144203,36.572803094202605,29.4,75.0,3.194444444444444,4.305555555555555,0.9205048534524404,0.3907311284892737,0.2,23.47826086956522,23.21,5460.1612903225805,31.870967741935484,0.0,6794.0,6794.0,0.9941968717144485,0.005803128285551503,0.0,0.0,0.0,0.0,1,여수,8,6,2023,summer,0,52.384488336000004,96.24982838400001,1754.946652464,2015.539155792,326.189244096,268.098872544
2023-08-07,480.276493632,2736.1524096000003,527.243107968,2.0,10287.709677419354,64.56699469144203,36.572803094202605,29.5,74.0,3.222222222222222,5.249999999999999,0.6156614753256583,0.7880107536067219,1.2,22.965517241379313,24.02,5460.1612903225805,31.870967741935484,0.0,9867.0,9867.0,0.9941968717144485,0.005803128285551503,0.0,0.0,0.0,0.0,1,여수,8,0,2023,summer,0,85.33108166400001,56.975448095999994,1714.40460792,2372.9520281759997,296.922932928,1260.056658672
2023-08-08,1456.352246304,4152.727583999999,616.019294592,2.0,10287.709677419354,64.56699469144203,36.572803094202605,29.7,71.0,5.305555555555556,7.25,0.7771459614569709,0.6293203910498374,0.5,13.38219895287958,24.69,5460.1612903225805,31.870967741935484,0.0,13453.0,13453.0,0.9941968717144485,0.005803128285551503,0.0,0.0,0.0,0.0,1,여수,8,1,2023,summer,0,480.276493632,582.4842910559998,2736.1524096000003,4429.564854192,527.243107968,500.430313584
2023-08-09,711.205726896,3806.0888644799998,532.23766848,2.0,10287.709677419354,64.56699469144203,36.572803094202605,25.8,87.0,9.0,11.305555555555555,0.6293203910498374,0.7771459614569709,44.4,9.666666666666666,5.59,5460.1612903225805,31.870967741935484,0.0,12402.0,12402.0,0.9941968717144485,0.005803128285551503,0.0,0.0,0.0,0.0,1,여수,8,2,2023,summer,0,1456.352246304,753.44541984,4152.727583999999,4468.41452016,616.019294592,496.40091192
2023-08-10,877.3659859680001,4438.135217088,509.9509712160001,2.0,10287.709677419354,64.56699469144203,36.572803094202605,24.4,86.0,8.027777777777777,10.333333333333334,-0.6156614753256582,0.7880107536067221,88.8,10.71280276816609,11.25,5460.1612903225805,31.870967741935484,0.0,11928.0,11928.0,0.9941968717144485,0.005803128285551503,0.0,0.0,0.0,0.0,1,여수,8,3,2023,summer,0,711.205726896,873.051958368,3806.0888644799998,4323.521426976,532.23766848,520.3699358399999
2023-08-11,663.1594992,4129.315650576,492.53074185599996,2.0,10287.709677419354,64.56699469144203,36.572803094202605,26.3,82.0,4.611111111111112,5.305555555555556,-0.5591929034707467,-0.8290375725550418,1.6,17.78313253012048,25.46,5460.1612903225805,31.870967741935484,0.0,11667.0,11667.0,0.9941968717144485,0.005803128285551503,0.0,0.0,0.0,0.0,1,여수,8,4,2023,summer,0,877.3659859680001,1168.9382013119998,4438.135217088,3841.9332605279997,509.9509712160001,479.647861632
2023-08-12,52.357578336,2651.728934736,336.12265396800007,2.0,10287.709677419354,64.56699469144203,36.572803094202605,26.8,80.0,3.3611111111111107,5.694444444444445,-0.9659258262890684,-0.2588190451025206,0.0,23.801652892561982,24.53,5460.1612903225805,31.870967741935484,0.0,7548.0,7548.0,0.9941968717144485,0.005803128285551503,0.0,0.0,0.0,0.0,1,여수,8,5,2023,summer,0,663.1594992,52.384488336000004,4129.315650576,1754.946652464,492.53074185599996,326.189244096
2023-08-13,401.33378793599996,2308.055035392,331.63006953599995,2.0,10287.709677419354,64.56699469144203,36.572803094202605,26.4,85.0,2.111111111111111,3.333333333333333,0.9205048534524404,-0.3907311284892737,0.0,40.26315789473684,21.24,5460.1612903225805,31.870967741935484,0.0,6904.0,6904.0,0.9941968717144485,0.005803128285551503,0.0,0.0,0.0,0.0,1,여수,8,6,2023,summer,0,52.357578336,85.33108166400001,2651.728934736,1714.40460792,336.12265396800007,296.922932928
2023-08-14,604.5084069119999,2283.910560432,351.819390384,2.0,10287.709677419354,64.56699469144203,36.572803094202605,26.6,86.0,1.9166666666666667,3.4444444444444446,0.9876883405951378,-0.1564344650402308,0.4,44.869565217391305,24.52,5460.1612903225805,31.870967741935484,0.0,7000.0,7000.0,0.9941968717144485,0.005803128285551503,0.0,0.0,0.0,0.0,1,여수,8,0,2023,summer,0,401.33378793599996,480.276493632,2308.055035392,2736.1524096000003,331.63006953599995,527.243107968
2023-08-15,442.640349216,2157.040334016,369.754540272,2.0,10287.709677419354,64.56699469144203,36.572803094202605,27.0,81.0,2.861111111111111,4.305555555555555,0.4383711467890773,-0.898794046299167,0.0,28.310679611650485,23.0,5460.1612903225805,31.870967741935484,0.0,7049.0,7049.0,0.9941968717144485,0.005803128285551503,0.0,0.0,0.0,0.0,1,여수,8,1,2023,summer,0,604.5084069119999,1456.352246304,2283.910560432,4152.727583999999,351.819390384,616.019294592
2023-08-16,350.87695344,2819.7413664479996,1620.239310288,2.0,10287.709677419354,64.56699469144203,36.572803094202605,26.7,87.0,2.638888888888889,4.0,-0.3420201433256686,-0.9396926207859084,1.8,32.96842105263158,18.65,5460.1612903225805,31.870967741935484,0.0,8559.0,8559.0,0.9941968717144485,0.005803128285551503,0.0,0.0,0.0,0.0,1,여수,8,2,2023,summer,0,442.640349216,711.205726896,2157.040334016,3806.0888644799998,369.754540272,532.23766848
2023-08-17,1269.4344742079998,5086.816161408,624.809849184,2.0,10287.709677419354,64.56699469144203,36.572803094202605,26.2,86.0,2.0277777777777777,3.4722222222222223,0.981627183447664,-0.1908089953765448,2.6,42.41095890410959,18.78,5460.1612903225805,31.870967741935484,0.0,14069.0,14069.0,0.9941968717144485,0.005803128285551503,0.0,0.0,0.0,0.0,1,여수,8,3,2023,summer,0,350.87695344,877.3659859680001,2819.7413664479996,4438.135217088,1620.239310288,509.9509712160001
2023-08-18,1086.2022240000001,4318.250980608,629.5953830400001,2.0,10287.709677419354,64.56699469144203,36.572803094202605,26.2,88.0,1.777777777777778,3.1666666666666665,0.9396926207859084,0.3420201433256688,6.4,49.5,19.99,5460.1612903225805,31.870967741935484,0.0,12393.0,12393.0,0.9941968717144485,0.005803128285551503,0.0,0.0,0.0,0.0,1,여수,8,4,2023,summer,0,1269.4344742079998,663.1594992,5086.816161408,4129.315650576,624.809849184,492.53074185599996
2023-08-19,1509.9491786400001,2411.40105864,352.59889694400005,2.0,10287.709677419354,64.56699469144203,36.572803094202605,27.0,89.0,2.833333333333333,4.166666666666667,0.4383711467890774,0.898794046299167,21.0,31.411764705882355,19.77,5460.1612903225805,31.870967741935484,0.0,6267.0,6267.0,0.9941968717144485,0.005803128285551503,0.0,0.0,0.0,0.0,1,여수,8,5,2023,summer,0,1086.2022240000001,52.357578336,4318.250980608,2651.728934736,629.5953830400001,336.12265396800007
2023-08-20,1299.9215174400003,2459.91428424,593.3332425600001,2.0,10287.709677419354,64.56699469144203,36.572803094202605,27.4,89.0,2.0,3.944444444444444,-0.2249510543438649,-0.9743700647852352,0.5,44.5,24.11,5460.1612903225805,31.870967741935484,0.0,6402.0,6402.0,0.9941968717144485,0.005803128285551503,0.0,0.0,0.0,0.0,1,여수,8,6,2023,summer,0,1509.9491786400001,401.33378793599996,2411.40105864,2308.055035392,352.59889694400005,331.63006953599995
2023-08-21,795.1470317280001,3250.2014818560006,832.45033728,2.0,10287.709677419354,64.56699469144203,36.572803094202605,27.4,89.0,2.4722222222222223,4.138888888888889,0.4226182617406995,-0.90630778703665,1.6,36.0,23.51,5460.1612903225805,31.870967741935484,0.0,9931.0,9931.0,0.9941968717144485,0.005803128285551503,0.0,0.0,0.0,0.0,1,여수,8,0,2023,summer,0,1299.9215174400003,604.5084069119999,2459.91428424,2283.910560432,593.3332425600001,351.819390384
2023-08-22,1362.612410208,4644.161863488,624.21220512,2.0,10287.709677419354,64.56699469144203,36.572803094202605,27.9,82.0,4.222222222222222,5.916666666666667,-0.0348994967025009,-0.9993908270190958,1.5,19.42105263157895,22.9,5460.1612903225805,31.870967741935484,0.0,12882.0,12882.0,0.9941968717144485,0.005803128285551503,0.0,0.0,0.0,0.0,1,여수,8,1,2023,summer,0,795.1470317280001,442.640349216,3250.2014818560006,2157.040334016,832.45033728,369.754540272
2023-08-23,1528.8737029920003,4854.266032464,533.9505044160001,2.0,10287.709677419354,64.56699469144203,36.572803094202605,27.7,82.0,4.472222222222222,5.861111111111112,0.0523359562429438,-0.9986295347545738,11.1,18.335403726708073,22.04,5460.1612903225805,31.870967741935484,0.0,13224.0,13224.0,0.9941968717144485,0.005803128285551503,0.0,0.0,0.0,0.0,1,여수,8,2,2023,summer,0,1362.612410208,350.87695344,4644.161863488,2819.7413664479996,624.21220512,1620.239310288
2023-08-24,1166.9541318719998,4686.411950496,570.0889817279999,2.0,10287.709677419354,64.56699469144203,36.572803094202605,25.5,93.0,4.055555555555555,6.25,-0.3255681544571567,-0.9455185755993168,31.8,22.93150684931507,9.92,5460.1612903225805,31.870967741935484,0.0,13068.0,13068.0,0.9941968717144485,0.005803128285551503,0.0,0.0,0.0,0.0,1,여수,8,3,2023,summer,0,1528.8737029920003,1269.4344742079998,4854.266032464,5086.816161408,533.9505044160001,624.809849184
2023-08-25,595.592156304,3923.9367191999995,634.030379712,2.0,10287.709677419354,64.56699469144203,36.572803094202605,26.4,80.0,3.6666666666666665,5.166666666666667,-0.9998476951563912,-0.0174524064372834,0.6,21.81818181818182,23.03,5460.1612903225805,31.870967741935484,0.0,11503.0,11503.0,0.9941968717144485,0.005803128285551503,0.0,0.0,0.0,0.0,1,여수,8,4,2023,summer,0,1166.9541318719998,1086.2022240000001,4686.411950496,4318.250980608,570.0889817279999,629.5953830400001
2023-08-26,697.37570784,2149.9725801600002,784.7044534080001,2.0,10287.709677419354,64.56699469144203,36.572803094202605,25.8,79.0,1.8611111111111112,2.972222222222222,0.6819983600624985,0.7313537016191705,1.9,42.44776119402985,23.25,5460.1612903225805,31.870967741935484,0.0,5782.0,5782.0,0.9941968717144485,0.005803128285551503,0.0,0.0,0.0,0.0,1,여수,8,5,2023,summer,0,595.592156304,1509.9491786400001,3923.9367191999995,2411.40105864,634.030379712,352.59889694400005
2023-08-27,736.9242624,2207.49502176,432.11884492799993,2.0,10287.709677419354,64.56699469144203,36.572803094202605,26.3,84.0,2.8055555555555554,4.472222222222222,0.9876883405951378,0.1564344650402309,0.6,29.940594059405942,22.2,5460.1612903225805,31.870967741935484,0.0,5969.0,5969.0,0.9941968717144485,0.005803128285551503,0.0,0.0,0.0,0.0,1,여수,8,6,2023,summer,0,697.37570784,1299.9215174400003,2149.9725801600002,2459.91428424,784.7044534080001,593.3332425600001
2023-08-28,903.570197184,3046.8741379200005,5317.406813807999,2.0,10287.709677419354,64.56699469144203,36.572803094202605,26.3,85.0,5.055555555555555,6.722222222222221,0.9781476007338056,-0.2079116908177593,7.7,16.813186813186814,17.92,5460.1612903225805,31.870967741935484,0.0,7957.0,7957.0,0.9941968717144485,0.005803128285551503,0.0,0.0,0.0,0.0,1,여수,8,0,2023,summer,0,736.9242624,795.1470317280001,2207.49502176,3250.2014818560006,432.11884492799993,832.45033728
2023-08-29,1353.6155960640003,5121.564813216,573.375125088,2.0,10287.709677419354,64.56699469144203,36.572803094202605,25.8,91.0,5.888888888888888,8.277777777777779,1.2246467991473532e-16,-1.0,54.3,15.452830188679249,5.47,5460.1612903225805,31.870967741935484,0.0,14513.0,14513.0,0.9941968717144485,0.005803128285551503,0.0,0.0,0.0,0.0,1,여수,8,1,2023,summer,0,903.570197184,1362.612410208,3046.8741379200005,4644.161863488,5317.406813807999,624.21220512
2023-08-30,2178.21928176,5190.166940256,448.10167751999995,2.0,10287.709677419354,64.56699469144203,36.572803094202605,25.1,94.0,3.555555555555556,5.861111111111112,-0.4848096202463369,-0.8746197071393959,36.5,26.437499999999996,6.39,5460.1612903225805,31.870967741935484,0.0,14064.0,14064.0,0.9941968717144485,0.005803128285551503,0.0,0.0,0.0,0.0,1,여수,8,2,2023,summer,0,1353.6155960640003,1528.8737029920003,5121.564813216,4854.266032464,573.375125088,533.9505044160001
2023-08-31,499.877034048,3862.9933067519996,455.673530016,2.0,10287.709677419354,64.56699469144203,36.572803094202605,24.4,88.0,1.75,3.1111111111111107,-0.1045284632676535,-0.9945218953682732,2.0,50.285714285714285,16.69,5460.1612903225805,31.870967741935484,0.0,11454.0,11454.0,0.9941968717144485,0.005803128285551503,0.0,0.0,0.0,0.0,1,여수,8,3,2023,summer,0,2178.21928176,1166.9541318719998,5190.166940256,4686.411950496,448.10167751999995,570.0889817279999
2023-09-01,0.0,2068.7771757600003,319.1517388800001,2.0,8890.5,56.66394338526142,36.769807584875245,25.0,89.0,2.75,4.805555555555555,0.9510565162951536,0.3090169943749474,20.5,32.36363636363637,18.76,4749.933333333333,36.0,0.0,6816.0,6816.0,0.9924779562328491,0.0075220437671509564,0.0,0.0,0.0,0.0,1,여수,9,4,2023,autumn,0,499.877034048,595.592156304,3862.9933067519996,3923.9367191999995,455.673530016,634.030379712
2023-09-02,0.0,1965.3965392320001,293.941473696,2.0,8890.5,56.66394338526142,36.769807584875245,23.8,93.0,3.333333333333333,5.444444444444445,0.848048096156426,0.5299192642332049,85.7,27.9,11.25,4749.933333333333,36.0,0.0,7001.0,7001.0,0.9924779562328491,0.0075220437671509564,0.0,0.0,0.0,0.0,1,여수,9,5,2023,autumn,0,0.0,697.37570784,2068.7771757600003,2149.9725801600002,319.1517388800001,784.7044534080001
2023-09-03,5.642958527999999,1907.787390336,298.689764256,2.0,8890.5,56.66394338526142,36.769807584875245,25.8,88.0,2.5277777777777777,3.555555555555556,0.9902680687415704,0.1391731009600654,2.1,34.81318681318682,19.3,4749.933333333333,36.0,0.0,7203.0,7203.0,0.9924779562328491,0.0075220437671509564,0.0,0.0,0.0,0.0,1,여수,9,6,2023,autumn,0,0.0,736.9242624,1965.3965392320001,2207.49502176,293.941473696,432.11884492799993
2023-09-04,1.1680672319999998,2218.5609782399997,933.6460973760002,2.0,8890.5,56.66394338526142,36.769807584875245,26.1,86.0,2.305555555555556,3.611111111111111,0.6293203910498374,0.7771459614569709,1.5,37.3012048192771,20.37,4749.933333333333,36.0,0.0,8861.0,8861.0,0.9924779562328491,0.0075220437671509564,0.0,0.0,0.0,0.0,1,여수,9,0,2023,autumn,0,5.642958527999999,903.570197184,1907.787390336,3046.8741379200005,298.689764256,5317.406813807999
2023-09-05,2.412326592,3270.696195312,684.224871408,2.0,8890.5,56.66394338526142,36.769807584875245,26.4,72.0,4.0,5.166666666666667,0.6427876096865393,0.766044443118978,0.0,18.0,21.72,4749.933333333333,36.0,0.0,13520.0,13520.0,0.9924779562328491,0.0075220437671509564,0.0,0.0,0.0,0.0,1,여수,9,1,2023,autumn,0,1.1680672319999998,1353.6155960640003,2218.5609782399997,5121.564813216,933.6460973760002,573.375125088
2023-09-06,772.7074377119999,3928.217289696,540.623997648,2.0,8890.5,56.66394338526142,36.769807584875245,25.9,71.0,3.1111111111111107,4.833333333333333,0.6560590289905073,0.754709580222772,0.2,22.821428571428573,21.26,4749.933333333333,36.0,0.0,12626.0,12626.0,0.9924779562328491,0.0075220437671509564,0.0,0.0,0.0,0.0,1,여수,9,2,2023,autumn,0,2.412326592,2178.21928176,3270.696195312,5190.166940256,684.224871408,448.10167751999995
2023-09-07,1293.73515072,3808.127532384,415.32903792,2.0,8890.5,56.66394338526142,36.769807584875245,24.9,66.0,4.694444444444444,6.361111111111111,0.6691306063588582,0.7431448254773942,0.0,14.05917159763314,23.07,4749.933333333333,36.0,0.0,11999.0,11999.0,0.9924779562328491,0.0075220437671509564,0.0,0.0,0.0,0.0,1,여수,9,3,2023,autumn,0,772.7074377119999,499.877034048,3928.217289696,3862.9933067519996,540.623997648,455.673530016
2023-09-08,1077.899386752,3333.7408547519994,1451.8577577600001,2.0,8890.5,56.66394338526142,36.769807584875245,24.2,68.0,3.6666666666666665,5.138888888888888,0.754709580222772,0.6560590289905073,0.0,18.545454545454547,21.66,4749.933333333333,36.0,0.0,11140.0,11140.0,0.9924779562328491,0.0075220437671509564,0.0,0.0,0.0,0.0,1,여수,9,4,2023,autumn,0,1293.73515072,0.0,3808.127532384,2068.7771757600003,415.32903792,319.1517388800001
2023-09-09,1914.3256694399997,2427.34003488,312.52782671999995,2.0,8890.5,56.66394338526142,36.769807584875245,23.5,78.0,1.972222222222222,4.111111111111112,0.9902680687415704,-0.1391731009600653,0.0,39.54929577464789,22.73,4749.933333333333,36.0,0.0,6763.0,6763.0,0.9924779562328491,0.0075220437671509564,0.0,0.0,0.0,0.0,1,여수,9,5,2023,autumn,0,1077.899386752,0.0,3333.7408547519994,1965.3965392320001,1451.8577577600001,293.941473696
2023-09-10,1784.3084513279998,2283.8079336479996,327.999163248,2.0,8890.5,56.66394338526142,36.769807584875245,23.9,81.0,2.2222222222222223,3.555555555555556,0.9961946980917455,0.0871557427476581,0.0,36.45,22.65,4749.933333333333,36.0,0.0,6448.0,6448.0,0.9924779562328491,0.0075220437671509564,0.0,0.0,0.0,0.0,1,여수,9,6,2023,autumn,0,1914.3256694399997,5.642958527999999,2427.34003488,1907.787390336,312.52782671999995,298.689764256
2023-09-11,1052.893016352,2796.9891671520004,626.6112228,2.0,8890.5,56.66394338526142,36.769807584875245,24.3,84.0,1.5277777777777777,3.611111111111111,0.788010753606722,-0.6156614753256583,3.7,54.981818181818184,20.73,4749.933333333333,36.0,0.0,9802.0,9802.0,0.9924779562328491,0.0075220437671509564,0.0,0.0,0.0,0.0,1,여수,9,0,2023,autumn,0,1784.3084513279998,1.1680672319999998,2283.8079336479996,2218.5609782399997,327.999163248,933.6460973760002
2023-09-12,74.284201296,4480.640159328001,506.842157376,2.0,8890.5,56.66394338526142,36.769807584875245,24.4,86.0,1.4444444444444444,2.4444444444444446,0.992546151641322,-0.1218693434051473,1.0,59.53846153846154,17.27,4749.933333333333,36.0,0.0,13734.0,13734.0,0.9924779562328491,0.0075220437671509564,0.0,0.0,0.0,0.0,1,여수,9,1,2023,autumn,0,1052.893016352,2.412326592,2796.9891671520004,3270.696195312,626.6112228,684.224871408
2023-09-13,4.581880704,5057.325564479999,454.4714194559999,2.0,8890.5,56.66394338526142,36.769807584875245,24.8,88.0,2.0,3.5833333333333335,0.8829475928589269,0.4694715627858908,9.2,44.0,10.04,4749.933333333333,36.0,0.0,15097.0,15097.0,0.9924779562328491,0.0075220437671509564,0.0,0.0,0.0,0.0,1,여수,9,2,2023,autumn,0,74.284201296,772.7074377119999,4480.640159328001,3928.217289696,506.842157376,540.623997648
2023-09-14,43.265456640000004,4224.407315328,419.137695936,2.0,8890.5,56.66394338526142,36.769807584875245,23.9,89.0,2.6666666666666665,4.055555555555555,0.9876883405951378,0.1564344650402309,11.3,33.375,8.54,4749.933333333333,36.0,0.0,13605.0,13605.0,0.9924779562328491,0.0075220437671509564,0.0,0.0,0.0,0.0,1,여수,9,3,2023,autumn,0,4.581880704,1293.73515072,5057.325564479999,3808.127532384,454.4714194559999,415.32903792
2023-09-15,14.759241983999999,3349.990670976,417.727270656,2.0,8890.5,56.66394338526142,36.769807584875245,24.5,89.0,3.9166666666666665,5.666666666666666,0.9702957262759964,0.2419218955996676,12.1,22.72340425531915,16.26,4749.933333333333,36.0,0.0,11953.0,11953.0,0.9924779562328491,0.0075220437671509564,0.0,0.0,0.0,0.0,1,여수,9,4,2023,autumn,0,43.265456640000004,1077.899386752,4224.407315328,3333.7408547519994,419.137695936,1451.8577577600001
2023-09-16,0.8220113280000001,1669.7903785920003,260.549747712,2.0,8890.5,56.66394338526142,36.769807584875245,24.7,94.0,2.888888888888889,4.861111111111111,0.3907311284892737,-0.9205048534524404,27.2,32.53846153846154,7.22,4749.933333333333,36.0,0.0,7306.0,7306.0,0.9924779562328491,0.0075220437671509564,0.0,0.0,0.0,0.0,1,여수,9,5,2023,autumn,0,14.759241983999999,1914.3256694399997,3349.990670976,2427.34003488,417.727270656,312.52782671999995
2023-09-17,10.33348176,1497.7305727199998,253.91737439999997,2.0,8890.5,56.66394338526142,36.769807584875245,24.7,91.0,1.9444444444444444,3.3888888888888884,-0.374606593415912,-0.9271838545667874,9.3,46.8,10.83,4749.933333333333,36.0,0.0,6578.0,6578.0,0.9924779562328491,0.0075220437671509564,0.0,0.0,0.0,0.0,1,여수,9,6,2023,autumn,0,0.8220113280000001,1784.3084513279998,1669.7903785920003,2283.8079336479996,260.549747712,327.999163248
2023-09-18,67.487773824,1659.3603746399997,391.86985420800005,2.0,8890.5,56.66394338526142,36.769807584875245,25.0,87.0,2.055555555555556,3.611111111111111,-0.5150380749100542,-0.8571673007021123,1.9,42.32432432432432,19.63,4749.933333333333,36.0,0.0,6870.0,6870.0,0.9924779562328491,0.0075220437671509564,0.0,0.0,0.0,0.0,1,여수,9,0,2023,autumn,0,10.33348176,1052.893016352,1497.7305727199998,2796.9891671520004,253.91737439999997,626.6112228
2023-09-19,52.960128336000004,1697.873207472,362.79425246400007,2.0,8890.5,56.66394338526142,36.769807584875245,24.2,82.0,2.638888888888889,3.555555555555556,-0.9998476951563912,-0.0174524064372834,0.0,31.073684210526316,16.2,4749.933333333333,36.0,0.0,6939.0,6939.0,0.9924779562328491,0.0075220437671509564,0.0,0.0,0.0,0.0,1,여수,9,1,2023,autumn,0,67.487773824,74.284201296,1659.3603746399997,4480.640159328001,391.86985420800005,506.842157376
2023-09-20,84.44363457600001,2779.7781490559996,754.81227,2.0,8890.5,56.66394338526142,36.769807584875245,23.7,92.0,4.25,10.611111111111112,0.0871557427476582,-0.9961946980917455,22.8,21.647058823529413,4.28,4749.933333333333,36.0,0.0,9180.0,9180.0,0.9924779562328491,0.0075220437671509564,0.0,0.0,0.0,0.0,1,여수,9,2,2023,autumn,0,52.960128336000004,4.581880704,1697.873207472,5057.325564479999,362.79425246400007,454.4714194559999
2023-09-21,18.306214272,3714.3110292480005,343.729821456,2.0,8890.5,56.66394338526142,36.769807584875245,22.4,89.0,4.888888888888889,7.583333333333333,-0.5877852522924734,0.8090169943749473,4.9,18.204545454545453,5.95,4749.933333333333,36.0,0.0,12157.0,12157.0,0.9924779562328491,0.0075220437671509564,0.0,0.0,0.0,0.0,1,여수,9,3,2023,autumn,0,84.44363457600001,43.265456640000004,2779.7781490559996,4224.407315328,754.81227,419.137695936
2023-09-22,250.55496647999996,2191.8380574240005,308.27864001599994,2.0,8890.5,56.66394338526142,36.769807584875245,21.8,84.0,2.305555555555556,3.416666666666667,0.6427876096865393,0.766044443118978,0.3,36.433734939759034,16.91,4749.933333333333,36.0,0.0,6329.0,6329.0,0.9924779562328491,0.0075220437671509564,0.0,0.0,0.0,0.0,1,여수,9,4,2023,autumn,0,18.306214272,14.759241983999999,3714.3110292480005,3349.990670976,343.729821456,417.727270656
2023-09-23,232.183533456,2368.9056670560003,254.48491828800002,2.0,8890.5,56.66394338526142,36.769807584875245,21.8,73.0,3.8055555555555554,5.222222222222222,0.7193398003386511,0.6946583704589973,0.0,19.182481751824817,17.68,4749.933333333333,36.0,0.0,7093.0,7093.0,0.9924779562328491,0.0075220437671509564,0.0,0.0,0.0,0.0,1,여수,9,5,2023,autumn,0,250.55496647999996,0.8220113280000001,2191.8380574240005,1669.7903785920003,308.27864001599994,260.549747712
2023-09-24,176.67460800000003,1817.0850409920001,243.779746464,2.0,8890.5,56.66394338526142,36.769807584875245,21.7,67.0,6.305555555555555,8.13888888888889,0.766044443118978,0.6427876096865394,0.0,10.625550660792952,20.11,4749.933333333333,36.0,0.0,5742.0,5742.0,0.9924779562328491,0.0075220437671509564,0.0,0.0,0.0,0.0,1,여수,9,6,2023,autumn,0,232.183533456,10.33348176,2368.9056670560003,1497.7305727199998,254.48491828800002,253.91737439999997
2023-09-25,123.79093401600001,2014.9030938239998,255.20893948799997,2.0,8890.5,56.66394338526142,36.769807584875245,22.0,76.0,4.361111111111111,6.416666666666667,0.7193398003386511,0.6946583704589973,0.3,17.42675159235669,11.17,4749.933333333333,36.0,0.0,6365.0,6365.0,0.9924779562328491,0.0075220437671509564,0.0,0.0,0.0,0.0,1,여수,9,0,2023,autumn,0,176.67460800000003,67.487773824,1817.0850409920001,1659.3603746399997,243.779746464,391.86985420800005
2023-09-26,177.770411136,2704.4960975999998,1322.446493952,2.0,8890.5,56.66394338526142,36.769807584875245,23.7,87.0,3.0277777777777777,4.5,-0.6427876096865393,-0.766044443118978,1.2,28.733944954128443,13.19,4749.933333333333,36.0,0.0,7876.0,7876.0,0.9924779562328491,0.0075220437671509564,0.0,0.0,0.0,0.0,1,여수,9,1,2023,autumn,0,123.79093401600001,52.960128336000004,2014.9030938239998,1697.873207472,255.20893948799997,362.79425246400007
2023-09-27,186.9269832,1827.7771351679999,196.61699808,2.0,8890.5,56.66394338526142,36.769807584875245,23.7,81.0,4.055555555555555,4.972222222222221,-0.9702957262759966,0.2419218955996674,0.3,19.972602739726028,15.48,4749.933333333333,36.0,0.0,6749.0,6749.0,0.9924779562328491,0.0075220437671509564,0.0,0.0,0.0,0.0,1,여수,9,2,2023,autumn,0,177.770411136,84.44363457600001,2704.4960975999998,2779.7781490559996,1322.446493952,754.81227
2023-09-28,125.67131798400001,1690.4003918399997,190.32440400000004,2.0,8890.5,56.66394338526142,36.769807584875245,23.2,78.0,3.888888888888889,4.638888888888888,-0.8910065241883679,0.4539904997395466,0.0,20.057142857142857,16.62,4749.933333333333,36.0,0.0,6888.0,6888.0,0.9924779562328491,0.0075220437671509564,0.0,0.0,0.0,0.0,1,여수,9,3,2023,autumn,0,186.9269832,18.306214272,1827.7771351679999,3714.3110292480005,196.61699808,343.729821456
2023-09-29,100.128486528,1637.152405056,204.416374464,2.0,8890.5,56.66394338526142,36.769807584875245,21.8,79.0,2.0,3.0555555555555554,-0.9063077870366498,0.4226182617406996,0.0,39.5,19.69,4749.933333333333,36.0,0.0,7026.0,7026.0,0.9924779562328491,0.0075220437671509564,0.0,0.0,0.0,0.0,1,여수,9,4,2023,autumn,0,125.67131798400001,250.55496647999996,1690.4003918399997,2191.8380574240005,190.32440400000004,308.27864001599994
2023-09-30,62.136891072,1661.4182911679998,221.08641407999997,2.0,8890.5,56.66394338526142,36.769807584875245,19.6,79.0,2.4444444444444446,4.416666666666667,-0.7986355100472932,0.6018150231520479,4.1,32.31818181818181,10.99,4749.933333333333,36.0,0.0,7049.0,7049.0,0.9924779562328491,0.0075220437671509564,0.0,0.0,0.0,0.0,1,여수,9,5,2023,autumn,0,100.128486528,232.183533456,1637.152405056,2368.9056670560003,204.416374464,254.48491828800002
2023-10-01,121.924213632,1587.4191410399999,228.47910854399998,2.0,7711.1612903225805,48.74195916267163,36.608585753369645,19.7,65.0,3.75,5.333333333333333,-0.5877852522924734,0.8090169943749473,0.0,17.333333333333332,20.03,4011.1935483870966,17.774193548387096,0.0,7009.0,7009.0,0.9955884001345097,0.00441159986549024,0.0,0.0,0.0,0.0,1,여수,10,6,2023,autumn,0,62.136891072,176.67460800000003,1661.4182911679998,1817.0850409920001,221.08641407999997,243.779746464
2023-10-02,137.91849696,1608.3225515519998,245.031080544,2.0,7711.1612903225805,48.74195916267163,36.608585753369645,18.6,64.0,2.055555555555556,3.1666666666666665,0.5446390350150271,0.838670567945424,0.0,31.13513513513513,18.32,4011.1935483870966,17.774193548387096,0.0,7415.0,7415.0,0.9955884001345097,0.00441159986549024,0.0,0.0,0.0,0.0,1,여수,10,0,2023,autumn,0,121.924213632,123.79093401600001,1587.4191410399999,2014.9030938239998,228.47910854399998,255.20893948799997
2023-10-03,110.15481024,1643.4769586399998,254.86544016,2.0,7711.1612903225805,48.74195916267163,36.608585753369645,18.3,74.0,3.7222222222222223,4.472222222222222,0.6560590289905073,0.754709580222772,1.1,19.88059701492537,6.02,4011.1935483870966,17.774193548387096,0.0,7651.0,7651.0,0.9955884001345097,0.00441159986549024,0.0,0.0,0.0,0.0,1,여수,10,1,2023,autumn,0,137.91849696,177.770411136,1608.3225515519998,2704.4960975999998,245.031080544,1322.446493952
2023-10-04,86.77718395199999,1985.9653619999997,253.72865404799998,2.0,7711.1612903225805,48.74195916267163,36.608585753369645,19.1,72.0,2.388888888888889,5.111111111111111,-0.6293203910498378,0.7771459614569706,0.0,30.13953488372093,18.13,4011.1935483870966,17.774193548387096,0.0,7153.0,7153.0,0.9955884001345097,0.00441159986549024,0.0,0.0,0.0,0.0,1,여수,10,2,2023,autumn,0,110.15481024,186.9269832,1643.4769586399998,1827.7771351679999,254.86544016,196.61699808
2023-10-05,286.66963353599994,1932.5993201279998,224.93947622399997,2.0,7711.1612903225805,48.74195916267163,36.608585753369645,17.0,49.0,4.972222222222221,6.75,-0.6691306063588581,0.7431448254773944,0.0,9.854748603351958,18.92,4011.1935483870966,17.774193548387096,0.0,6753.0,6753.0,0.9955884001345097,0.00441159986549024,0.0,0.0,0.0,0.0,1,여수,10,3,2023,autumn,0,86.77718395199999,125.67131798400001,1985.9653619999997,1690.4003918399997,253.72865404799998,190.32440400000004
2023-10-06,455.05277438400003,1819.2993829919997,225.34588008000003,2.0,7711.1612903225805,48.74195916267163,36.608585753369645,15.8,62.0,1.6944444444444442,2.388888888888889,-0.3090169943749477,0.9510565162951536,0.0,36.59016393442624,11.26,4011.1935483870966,17.774193548387096,0.0,7291.0,7291.0,0.9955884001345097,0.00441159986549024,0.0,0.0,0.0,0.0,1,여수,10,4,2023,autumn,0,286.66963353599994,100.128486528,1932.5993201279998,1637.152405056,224.93947622399997,204.416374464
2023-10-07,319.50367675200005,1467.93358008,196.74055152000003,2.0,7711.1612903225805,48.74195916267163,36.608585753369645,17.6,73.0,2.611111111111111,3.611111111111111,0.7071067811865475,0.7071067811865476,4.5,27.95744680851064,6.61,4011.1935483870966,17.774193548387096,0.0,6904.0,6904.0,0.9955884001345097,0.00441159986549024,0.0,0.0,0.0,0.0,1,여수,10,5,2023,autumn,0,455.05277438400003,62.136891072,1819.2993829919997,1661.4182911679998,225.34588008000003,221.08641407999997
2023-10-08,276.469574256,1479.679589088,199.75454812799998,2.0,7711.1612903225805,48.74195916267163,36.608585753369645,17.7,79.0,5.472222222222222,6.75,0.7771459614569709,0.6293203910498374,6.1,14.436548223350254,11.08,4011.1935483870966,17.774193548387096,0.0,7148.0,7148.0,0.9955884001345097,0.00441159986549024,0.0,0.0,0.0,0.0,1,여수,10,6,2023,autumn,0,319.50367675200005,121.924213632,1467.93358008,1587.4191410399999,196.74055152000003,228.47910854399998
2023-10-09,261.3177252,1676.4934597919998,227.33058240000003,2.0,7711.1612903225805,48.74195916267163,36.608585753369645,19.2,72.0,3.638888888888889,5.972222222222222,0.3907311284892737,0.9205048534524404,0.3,19.786259541984737,12.3,4011.1935483870966,17.774193548387096,0.0,7724.0,7724.0,0.9955884001345097,0.00441159986549024,0.0,0.0,0.0,0.0,1,여수,10,0,2023,autumn,0,276.469574256,137.91849696,1479.679589088,1608.3225515519998,199.75454812799998,245.031080544
2023-10-10,254.058821568,2150.401449024,241.712335872,2.0,7711.1612903225805,48.74195916267163,36.608585753369645,18.4,67.0,3.194444444444444,5.194444444444444,-0.2249510543438653,0.9743700647852352,0.0,20.973913043478262,17.55,4011.1935483870966,17.774193548387096,0.0,7589.0,7589.0,0.9955884001345097,0.00441159986549024,0.0,0.0,0.0,0.0,1,여수,10,1,2023,autumn,0,261.3177252,110.15481024,1676.4934597919998,1643.4769586399998,227.33058240000003,254.86544016
2023-10-11,334.5291432,2687.6429799840002,701.8689404160001,2.0,7711.1612903225805,48.74195916267163,36.608585753369645,18.7,64.0,3.7777777777777777,5.305555555555556,0.6560590289905073,0.754709580222772,0.0,16.941176470588236,17.88,4011.1935483870966,17.774193548387096,0.0,8299.0,8299.0,0.9955884001345097,0.00441159986549024,0.0,0.0,0.0,0.0,1,여수,10,2,2023,autumn,0,254.058821568,86.77718395199999,2150.401449024,1985.9653619999997,241.712335872,253.72865404799998
2023-10-12,59.77307145599999,2386.8075401280003,670.3273987199999,2.0,7711.1612903225805,48.74195916267163,36.608585753369645,18.3,58.0,3.5,4.472222222222222,0.6691306063588582,0.7431448254773942,0.0,16.571428571428573,17.82,4011.1935483870966,17.774193548387096,0.0,6533.0,6533.0,0.9955884001345097,0.00441159986549024,0.0,0.0,0.0,0.0,1,여수,10,3,2023,autumn,0,334.5291432,286.66963353599994,2687.6429799840002,1932.5993201279998,701.8689404160001,224.93947622399997
2023-10-13,291.78610703999993,2446.83102384,325.742043888,2.0,7711.1612903225805,48.74195916267163,36.608585753369645,18.7,66.0,2.0833333333333335,3.75,0.4694715627858908,0.882947592858927,0.0,31.679999999999996,14.16,4011.1935483870966,17.774193548387096,0.0,7205.0,7205.0,0.9955884001345097,0.00441159986549024,0.0,0.0,0.0,0.0,1,여수,10,4,2023,autumn,0,59.77307145599999,455.05277438400003,2386.8075401280003,1819.2993829919997,670.3273987199999,225.34588008000003
2023-10-14,48.0837384,1857.428088048,278.745436368,2.0,7711.1612903225805,48.74195916267163,36.608585753369645,17.9,66.0,2.694444444444444,4.972222222222221,-0.9743700647852352,0.2249510543438649,0.3,24.494845360824744,15.74,4011.1935483870966,17.774193548387096,0.0,5864.0,5864.0,0.9955884001345097,0.00441159986549024,0.0,0.0,0.0,0.0,1,여수,10,5,2023,autumn,0,291.78610703999993,319.50367675200005,2446.83102384,1467.93358008,325.742043888,196.74055152000003
2023-10-15,142.89425568000004,2090.2736977920003,298.05399504,2.0,7711.1612903225805,48.74195916267163,36.608585753369645,17.6,65.0,4.861111111111111,6.361111111111111,-0.8571673007021123,0.5150380749100542,0.0,13.371428571428572,14.73,4011.1935483870966,17.774193548387096,0.0,6436.0,6436.0,0.9955884001345097,0.00441159986549024,0.0,0.0,0.0,0.0,1,여수,10,6,2023,autumn,0,48.0837384,276.469574256,1857.428088048,1479.679589088,278.745436368,199.75454812799998
2023-10-16,60.967768176,2061.8573011199996,259.178281632,2.0,7711.1612903225805,48.74195916267163,36.608585753369645,17.1,64.0,4.555555555555555,5.722222222222222,-0.8480480961564262,0.5299192642332047,0.0,14.048780487804878,17.18,4011.1935483870966,17.774193548387096,0.0,6424.0,6424.0,0.9955884001345097,0.00441159986549024,0.0,0.0,0.0,0.0,1,여수,10,0,2023,autumn,0,142.89425568000004,261.3177252,2090.2736977920003,1676.4934597919998,298.05399504,227.33058240000003
2023-10-17,80.57948184,2363.809108464,271.244953728,2.0,7711.1612903225805,48.74195916267163,36.608585753369645,15.7,58.0,2.4444444444444446,4.555555555555555,-0.7771459614569708,0.6293203910498375,0.0,23.727272727272727,17.51,4011.1935483870966,17.774193548387096,0.0,6659.0,6659.0,0.9955884001345097,0.00441159986549024,0.0,0.0,0.0,0.0,1,여수,10,1,2023,autumn,0,60.967768176,254.058821568,2061.8573011199996,2150.401449024,259.178281632,241.712335872
2023-10-18,172.01708467199998,2293.434174672,209.684817936,2.0,7711.1612903225805,48.74195916267163,36.608585753369645,15.6,74.0,1.972222222222222,3.1666666666666665,-0.7431448254773944,-0.6691306063588581,0.0,37.521126760563384,16.91,4011.1935483870966,17.774193548387096,0.0,6950.0,6950.0,0.9955884001345097,0.00441159986549024,0.0,0.0,0.0,0.0,1,여수,10,2,2023,autumn,0,80.57948184,334.5291432,2363.809108464,2687.6429799840002,271.244953728,701.8689404160001
2023-10-19,181.37189952,2136.6576571680002,204.33363422399998,2.0,7711.1612903225805,48.74195916267163,36.608585753369645,18.4,76.0,3.138888888888889,5.249999999999999,-0.9205048534524404,-0.3907311284892738,0.4,24.212389380530976,14.61,4011.1935483870966,17.774193548387096,0.0,6574.0,6574.0,0.9955884001345097,0.00441159986549024,0.0,0.0,0.0,0.0,1,여수,10,3,2023,autumn,0,172.01708467199998,59.77307145599999,2293.434174672,2386.8075401280003,209.684817936,670.3273987199999
2023-10-20,71.84691187199999,1911.581409312,195.76416571199996,2.0,7711.1612903225805,48.74195916267163,36.608585753369645,14.8,52.0,6.305555555555555,8.805555555555555,-0.6560590289905074,0.7547095802227719,1.4,8.246696035242291,14.93,4011.1935483870966,17.774193548387096,0.0,5999.0,5999.0,0.9955884001345097,0.00441159986549024,0.0,0.0,0.0,0.0,1,여수,10,4,2023,autumn,0,181.37189952,291.78610703999993,2136.6576571680002,2446.83102384,204.33363422399998,325.742043888
2023-10-21,97.81128432,1836.7214952959998,194.35595932799998,2.0,7711.1612903225805,48.74195916267163,36.608585753369645,13.5,51.0,5.027777777777778,8.583333333333332,-0.8386705679454243,0.5446390350150266,0.0,10.143646408839778,14.35,4011.1935483870966,17.774193548387096,0.0,5873.0,5873.0,0.9955884001345097,0.00441159986549024,0.0,0.0,0.0,0.0,1,여수,10,5,2023,autumn,0,71.84691187199999,48.0837384,1911.581409312,1857.428088048,195.76416571199996,278.745436368
2023-10-22,144.050731776,1917.9190880639999,249.859579536,2.0,7711.1612903225805,48.74195916267163,36.608585753369645,14.5,58.0,3.4722222222222223,4.75,-0.8090169943749476,0.5877852522924729,0.0,16.704,12.51,4011.1935483870966,17.774193548387096,0.0,6126.0,6126.0,0.9955884001345097,0.00441159986549024,0.0,0.0,0.0,0.0,1,여수,10,6,2023,autumn,0,97.81128432,142.89425568000004,1836.7214952959998,2090.2736977920003,194.35595932799998,298.05399504
2023-10-23,168.621106752,2303.481683952,811.9487135520001,2.0,7711.1612903225805,48.74195916267163,36.608585753369645,15.5,71.0,2.4166666666666665,5.111111111111111,-0.9743700647852352,-0.2249510543438652,0.0,29.379310344827587,15.51,4011.1935483870966,17.774193548387096,0.0,7326.0,7326.0,0.9955884001345097,0.00441159986549024,0.0,0.0,0.0,0.0,1,여수,10,0,2023,autumn,0,144.050731776,60.967768176,1917.9190880639999,2061.8573011199996,249.859579536,259.178281632
2023-10-24,503.4992235839999,4291.994945952,411.43594967999996,2.0,7711.1612903225805,48.74195916267163,36.608585753369645,15.2,71.0,1.5833333333333333,2.694444444444444,-0.9986295347545738,-0.0523359562429443,0.0,44.8421052631579,14.37,4011.1935483870966,17.774193548387096,0.0,13247.0,13247.0,0.9955884001345097,0.00441159986549024,0.0,0.0,0.0,0.0,1,여수,10,1,2023,autumn,0,168.621106752,80.57948184,2303.481683952,2363.809108464,811.9487135520001,271.244953728
2023-10-25,812.382254208,4467.183342624,381.8306592,2.0,7711.1612903225805,48.74195916267163,36.608585753369645,16.5,75.0,2.2222222222222223,4.5,-0.9945218953682734,-0.1045284632676533,0.0,33.75,15.41,4011.1935483870966,17.774193548387096,0.0,13756.0,13756.0,0.9955884001345097,0.00441159986549024,0.0,0.0,0.0,0.0,1,여수,10,2,2023,autumn,0,503.4992235839999,172.01708467199998,4291.994945952,2293.434174672,411.43594967999996,209.684817936
2023-10-26,1074.1391851680003,3999.7514103840003,367.03298865600004,2.0,7711.1612903225805,48.74195916267163,36.608585753369645,17.8,76.0,3.4722222222222223,5.0,-0.9945218953682734,0.1045284632676529,0.0,21.888,14.62,4011.1935483870966,17.774193548387096,0.0,13149.0,13149.0,0.9955884001345097,0.00441159986549024,0.0,0.0,0.0,0.0,1,여수,10,3,2023,autumn,0,812.382254208,181.37189952,4467.183342624,2136.6576571680002,381.8306592,204.33363422399998
2023-10-27,1101.13236864,3536.7167950559992,383.351940432,2.0,7711.1612903225805,48.74195916267163,36.608585753369645,17.1,61.0,4.694444444444444,6.722222222222221,-0.7660444431189781,0.6427876096865393,0.0,12.994082840236688,15.66,4011.1935483870966,17.774193548387096,0.0,12592.0,12592.0,0.9955884001345097,0.00441159986549024,0.0,0.0,0.0,0.0,1,여수,10,4,2023,autumn,0,1074.1391851680003,71.84691187199999,3999.7514103840003,1911.581409312,367.03298865600004,195.76416571199996
2023-10-28,79.88555448,1858.9793219999997,390.00056687999995,2.0,7711.1612903225805,48.74195916267163,36.608585753369645,14.9,70.0,1.8611111111111112,3.5277777777777777,-0.9396926207859084,-0.3420201433256685,0.0,37.61194029850746,14.84,4011.1935483870966,17.774193548387096,0.0,6900.0,6900.0,0.9955884001345097,0.00441159986549024,0.0,0.0,0.0,0.0,1,여수,10,5,2023,autumn,0,1101.13236864,97.81128432,3536.7167950559992,1836.7214952959998,383.351940432,194.35595932799998
2023-10-29,281.03631307200004,1851.9579504000003,286.107053904,2.0,7711.1612903225805,48.74195916267163,36.608585753369645,15.8,75.0,2.5833333333333335,3.9166666666666665,0.992546151641322,0.1218693434051474,0.0,29.032258064516128,14.44,4011.1935483870966,17.774193548387096,0.0,6851.0,6851.0,0.9955884001345097,0.00441159986549024,0.0,0.0,0.0,0.0,1,여수,10,6,2023,autumn,0,79.88555448,144.050731776,1858.9793219999997,1917.9190880639999,390.00056687999995,249.859579536
2023-10-30,370.92671798400005,1817.163265248,268.692922656,2.0,7711.1612903225805,48.74195916267163,36.608585753369645,15.5,81.0,2.0277777777777777,3.6944444444444446,-0.7313537016191703,-0.6819983600624986,0.0,39.945205479452056,14.36,4011.1935483870966,17.774193548387096,0.0,7082.0,7082.0,0.9955884001345097,0.00441159986549024,0.0,0.0,0.0,0.0,1,여수,10,0,2023,autumn,0,281.03631307200004,168.621106752,1851.9579504000003,2303.481683952,286.107053904,811.9487135520001
2023-10-31,312.250075488,1674.7859537279999,220.19125348799994,2.0,7711.1612903225805,48.74195916267163,36.608585753369645,16.0,70.0,2.2222222222222223,4.416666666666667,-0.9510565162951536,-0.3090169943749475,0.0,31.5,14.43,4011.1935483870966,17.774193548387096,0.0,6564.0,6564.0,0.9955884001345097,0.00441159986549024,0.0,0.0,0.0,0.0,1,여수,10,1,2023,autumn,0,370.92671798400005,503.4992235839999,1817.163265248,4291.994945952,268.692922656,411.43594967999996
2023-11-01,364.32554932799997,1944.031193424,206.301366288,2.0,7108.533333333334,49.75152624076228,36.2998921484038,17.3,84.0,3.4722222222222223,5.388888888888888,-0.913545457642601,-0.4067366430758001,0.0,24.192,13.11,3607.4666666666667,28.4,0.0,6578.0,6578.0,0.9921889324874399,0.00781106751256005,0.0,0.0,0.0,0.0,1,여수,11,2,2023,autumn,0,312.250075488,812.382254208,1674.7859537279999,4467.183342624,220.19125348799994,381.8306592
2023-11-02,307.06724664,2012.889740832,224.25104865600002,2.0,7108.533333333334,49.75152624076228,36.2998921484038,18.1,82.0,2.5555555555555554,4.777777777777778,-0.754709580222772,-0.6560590289905073,0.0,32.08695652173913,14.03,3607.4666666666667,28.4,0.0,7437.0,7437.0,0.9921889324874399,0.00781106751256005,0.0,0.0,0.0,0.0,1,여수,11,3,2023,autumn,0,364.32554932799997,1074.1391851680003,1944.031193424,3999.7514103840003,206.301366288,367.03298865600004
2023-11-03,197.31990787200002,1782.541199808,207.222486624,2.0,7108.533333333334,49.75152624076228,36.2998921484038,18.7,81.0,2.3333333333333335,4.166666666666667,-0.6293203910498376,-0.7771459614569708,0.0,34.714285714285715,13.01,3607.4666666666667,28.4,0.0,6662.0,6662.0,0.9921889324874399,0.00781106751256005,0.0,0.0,0.0,0.0,1,여수,11,4,2023,autumn,0,307.06724664,1101.13236864,2012.889740832,3536.7167950559992,224.25104865600002,383.351940432
2023-11-04,283.89804552,1791.1003043519997,216.35627198399996,2.0,7108.533333333334,49.75152624076228,36.2998921484038,18.6,89.0,2.5277777777777777,4.75,0.9271838545667874,-0.374606593415912,1.6,35.20879120879121,10.51,3607.4666666666667,28.4,0.0,6877.0,6877.0,0.9921889324874399,0.00781106751256005,0.0,0.0,0.0,0.0,1,여수,11,5,2023,autumn,0,197.31990787200002,79.88555448,1782.541199808,1858.9793219999997,207.222486624,390.00056687999995
2023-11-05,236.20103424,1539.1320330239996,204.14084198399996,2.0,7108.533333333334,49.75152624076228,36.2998921484038,19.1,90.0,5.083333333333333,8.805555555555555,0.8480480961564261,-0.5299192642332048,31.8,17.704918032786885,8.08,3607.4666666666667,28.4,0.0,6263.0,6263.0,0.9921889324874399,0.00781106751256005,0.0,0.0,0.0,0.0,1,여수,11,6,2023,autumn,0,283.89804552,281.03631307200004,1791.1003043519997,1851.9579504000003,216.35627198399996,286.107053904
2023-11-06,332.891314272,1539.7562005919997,215.95075703999998,2.0,7108.533333333334,49.75152624076228,36.2998921484038,17.9,73.0,9.194444444444445,12.333333333333332,-0.913545457642601,-0.4067366430758001,15.2,7.9395770392749245,7.94,3607.4666666666667,28.4,0.0,6391.0,6391.0,0.9921889324874399,0.00781106751256005,0.0,0.0,0.0,0.0,1,여수,11,0,2023,autumn,0,236.20103424,370.92671798400005,1539.1320330239996,1817.163265248,204.14084198399996,268.692922656
2023-11-07,352.5411461759999,1511.2055795039998,267.18308755199996,2.0,7108.533333333334,49.75152624076228,36.2998921484038,11.3,58.0,6.166666666666666,8.055555555555555,-0.8480480961564262,0.5299192642332047,0.0,9.405405405405409,13.27,3607.4666666666667,28.4,0.0,6134.0,6134.0,0.9921889324874399,0.00781106751256005,0.0,0.0,0.0,0.0,1,여수,11,1,2023,autumn,0,332.891314272,312.250075488,1539.7562005919997,1674.7859537279999,215.95075703999998,220.19125348799994
2023-11-08,460.460747376,2801.247606144,1154.187139104,2.0,7108.533333333334,49.75152624076228,36.2998921484038,11.0,72.0,2.055555555555556,3.0555555555555554,0.754709580222772,0.6560590289905073,0.0,35.027027027027025,14.05,3607.4666666666667,28.4,0.0,8595.0,8595.0,0.9921889324874399,0.00781106751256005,0.0,0.0,0.0,0.0,1,여수,11,2,2023,autumn,0,352.5411461759999,364.32554932799997,1511.2055795039998,1944.031193424,267.18308755199996,206.301366288
2023-11-09,71.11437177599998,3044.1607879680005,1764.379617408,2.0,7108.533333333334,49.75152624076228,36.2998921484038,14.8,85.0,1.777777777777778,2.972222222222222,0.9993908270190958,0.034899496702501,1.1,47.8125,12.16,3607.4666666666667,28.4,0.0,8408.0,8408.0,0.9921889324874399,0.00781106751256005,0.0,0.0,0.0,0.0,1,여수,11,3,2023,autumn,0,460.460747376,307.06724664,2801.247606144,2012.889740832,1154.187139104,224.25104865600002
2023-11-10,511.76155752,2420.414083296,224.57646302400005,2.0,7108.533333333334,49.75152624076228,36.2998921484038,11.0,65.0,4.194444444444445,6.944444444444445,-0.6560590289905074,0.7547095802227719,6.4,15.496688741721854,10.32,3607.4666666666667,28.4,0.0,6396.0,6396.0,0.9921889324874399,0.00781106751256005,0.0,0.0,0.0,0.0,1,여수,11,4,2023,autumn,0,71.11437177599998,197.31990787200002,3044.1607879680005,1782.541199808,1764.379617408,207.222486624
2023-11-11,575.101471104,2306.0952457920002,228.22806815999996,2.0,7108.533333333334,49.75152624076228,36.2998921484038,6.8,49.0,3.5,5.694444444444445,-0.4694715627858908,0.882947592858927,0.0,14.0,13.03,3607.4666666666667,28.4,0.0,6347.0,6347.0,0.9921889324874399,0.00781106751256005,0.0,0.0,0.0,0.0,1,여수,11,5,2023,autumn,0,511.76155752,283.89804552,2420.414083296,1791.1003043519997,224.57646302400005,216.35627198399996
2023-11-12,397.13333184000004,2053.4628260160002,216.567465408,2.0,7108.533333333334,49.75152624076228,36.2998921484038,5.9,54.0,5.638888888888889,7.555555555555555,-0.6427876096865396,0.7660444431189778,0.0,9.576354679802956,12.69,3607.4666666666667,28.4,0.0,5915.0,5915.0,0.9921889324874399,0.00781106751256005,0.0,0.0,0.0,0.0,1,여수,11,6,2023,autumn,0,575.101471104,236.20103424,2306.0952457920002,1539.1320330239996,228.22806815999996,204.14084198399996
2023-11-13,394.605695232,2316.74691456,232.311027456,2.0,7108.533333333334,49.75152624076228,36.2998921484038,5.1,50.0,4.916666666666666,5.888888888888888,-0.6946583704589976,0.7193398003386509,0.0,10.16949152542373,13.91,3607.4666666666667,28.4,0.0,6881.0,6881.0,0.9921889324874399,0.00781106751256005,0.0,0.0,0.0,0.0,1,여수,11,0,2023,autumn,0,397.13333184000004,332.891314272,2053.4628260160002,1539.7562005919997,216.567465408,215.95075703999998
2023-11-14,406.4302500479999,2113.096163328,218.078856,2.0,7108.533333333334,49.75152624076228,36.2998921484038,7.3,61.0,3.4444444444444446,5.222222222222222,-0.6946583704589976,0.7193398003386509,0.0,17.709677419354836,13.19,3607.4666666666667,28.4,0.0,6676.0,6676.0,0.9921889324874399,0.00781106751256005,0.0,0.0,0.0,0.0,1,여수,11,1,2023,autumn,0,394.605695232,352.5411461759999,2316.74691456,1511.2055795039998,232.311027456,267.18308755199996
2023-11-15,659.3819716799999,2611.7455816799998,419.45391215999996,2.0,7108.533333333334,49.75152624076228,36.2998921484038,9.0,69.0,2.0,3.5277777777777777,-0.6819983600624984,0.7313537016191707,0.0,34.5,12.43,3607.4666666666667,28.4,0.0,6929.0,6929.0,0.9921889324874399,0.00781106751256005,0.0,0.0,0.0,0.0,1,여수,11,2,2023,autumn,0,406.4302500479999,460.460747376,2113.096163328,2801.247606144,218.078856,1154.187139104
2023-11-16,449.13292416,3544.425029088,484.71324912,2.0,7108.533333333334,49.75152624076228,36.2998921484038,8.4,87.0,2.4722222222222223,5.416666666666667,-0.8290375725550416,0.559192903470747,11.5,35.19101123595505,3.38,3607.4666666666667,28.4,0.0,11797.0,11797.0,0.9921889324874399,0.00781106751256005,0.0,0.0,0.0,0.0,1,여수,11,3,2023,autumn,0,659.3819716799999,71.11437177599998,2611.7455816799998,3044.1607879680005,419.45391215999996,1764.379617408
2023-11-17,1859.53298544,3880.791790128,535.028506992,2.0,7108.533333333334,49.75152624076228,36.2998921484038,6.5,73.0,5.416666666666667,8.777777777777779,-0.9271838545667874,0.3746065934159119,0.3,13.476923076923075,11.35,3607.4666666666667,28.4,0.0,12612.0,12612.0,0.9921889324874399,0.00781106751256005,0.0,0.0,0.0,0.0,1,여수,11,4,2023,autumn,0,449.13292416,511.76155752,3544.425029088,2420.414083296,484.71324912,224.57646302400005
2023-11-18,2235.882064896,2425.2136028639998,504.60033556800005,2.0,7108.533333333334,49.75152624076228,36.2998921484038,5.1,59.0,7.416666666666666,10.194444444444445,-0.8480480961564262,0.5299192642332047,0.1,7.955056179775282,12.0,3607.4666666666667,28.4,0.0,7113.0,7113.0,0.9921889324874399,0.00781106751256005,0.0,0.0,0.0,0.0,1,여수,11,5,2023,autumn,0,1859.53298544,575.101471104,3880.791790128,2306.0952457920002,535.028506992,228.22806815999996
2023-11-19,1456.086007584,2043.1130601600003,282.30893136000003,2.0,7108.533333333334,49.75152624076228,36.2998921484038,9.8,66.0,5.444444444444445,8.166666666666666,-0.9781476007338056,0.2079116908177594,0.0,12.122448979591836,11.06,3607.4666666666667,28.4,0.0,5875.0,5875.0,0.9921889324874399,0.00781106751256005,0.0,0.0,0.0,0.0,1,여수,11,6,2023,autumn,0,2235.882064896,397.13333184000004,2425.2136028639998,2053.4628260160002,504.60033556800005,216.567465408
2023-11-20,1304.306186112,2068.5589541279996,298.27896091199995,2.0,7108.533333333334,49.75152624076228,36.2998921484038,9.2,69.0,2.1666666666666665,5.333333333333333,-0.7771459614569708,0.6293203910498375,0.0,31.846153846153847,12.72,3607.4666666666667,28.4,0.0,5940.0,5940.0,0.9921889324874399,0.00781106751256005,0.0,0.0,0.0,0.0,1,여수,11,0,2023,autumn,0,1456.086007584,394.605695232,2043.1130601600003,2316.74691456,282.30893136000003,232.311027456
2023-11-21,1098.66452544,2576.400139584,361.3324847039999,2.0,7108.533333333334,49.75152624076228,36.2998921484038,8.6,82.0,1.8888888888888888,2.972222222222222,-0.9876883405951378,0.1564344650402306,0.0,43.411764705882355,12.38,3607.4666666666667,28.4,0.0,7103.0,7103.0,0.9921889324874399,0.00781106751256005,0.0,0.0,0.0,0.0,1,여수,11,1,2023,autumn,0,1304.306186112,406.4302500479999,2068.5589541279996,2113.096163328,298.27896091199995,218.078856
2023-11-22,887.3354649600001,2224.308328992,280.160642736,2.0,7108.533333333334,49.75152624076228,36.2998921484038,11.0,85.0,1.9166666666666667,3.944444444444444,-0.9702957262759964,-0.2419218955996677,0.0,44.34782608695652,11.96,3607.4666666666667,28.4,0.0,6236.0,6236.0,0.9921889324874399,0.00781106751256005,0.0,0.0,0.0,0.0,1,여수,11,2,2023,autumn,0,1098.66452544,659.3819716799999,2576.400139584,2611.7455816799998,361.3324847039999,419.45391215999996
2023-11-23,580.856560128,1981.106698464,322.189505568,2.0,7108.533333333334,49.75152624076228,36.2998921484038,14.0,80.0,4.333333333333333,7.361111111111111,-1.0,-1.8369701987210294e-16,0.0,18.461538461538463,11.66,3607.4666666666667,28.4,0.0,5695.0,5695.0,0.9921889324874399,0.00781106751256005,0.0,0.0,0.0,0.0,1,여수,11,3,2023,autumn,0,887.3354649600001,449.13292416,2224.308328992,3544.425029088,280.160642736,484.71324912
2023-11-24,857.360736288,2086.9277139359997,324.165512592,2.0,7108.533333333334,49.75152624076228,36.2998921484038,4.5,51.0,6.611111111111111,8.055555555555555,-0.6427876096865396,0.7660444431189778,0.0,7.714285714285714,11.48,3607.4666666666667,28.4,0.0,6098.0,6098.0,0.9921889324874399,0.00781106751256005,0.0,0.0,0.0,0.0,1,여수,11,4,2023,autumn,0,580.856560128,1859.53298544,1981.106698464,3880.791790128,322.189505568,535.028506992
2023-11-25,1815.069380832,1986.1681835519996,231.00947164799996,2.0,7108.533333333334,49.75152624076228,36.2998921484038,2.1,54.0,2.2222222222222223,5.111111111111111,-0.2588190451025207,0.9659258262890684,0.0,24.299999999999997,12.49,3607.4666666666667,28.4,0.0,5867.0,5867.0,0.9921889324874399,0.00781106751256005,0.0,0.0,0.0,0.0,1,여수,11,5,2023,autumn,0,857.360736288,2235.882064896,2086.9277139359997,2425.2136028639998,324.165512592,504.60033556800005
2023-11-26,1479.1947347520002,1844.28741168,223.30716408,2.0,7108.533333333334,49.75152624076228,36.2998921484038,5.1,56.0,1.611111111111111,2.305555555555556,0.4067366430758002,0.9135454576426008,0.0,34.758620689655174,7.66,3607.4666666666667,28.4,0.0,5677.0,5677.0,0.9921889324874399,0.00781106751256005,0.0,0.0,0.0,0.0,1,여수,11,6,2023,autumn,0,1815.069380832,1456.086007584,1986.1681835519996,2043.1130601600003,231.00947164799996,282.30893136000003
2023-11-27,886.144284,2080.7572904639997,339.34465627200007,2.0,7108.533333333334,49.75152624076228,36.2998921484038,9.5,74.0,2.9166666666666665,5.972222222222222,-0.9063077870366498,0.4226182617406996,0.0,25.371428571428577,8.38,3607.4666666666667,28.4,0.0,6293.0,6293.0,0.9921889324874399,0.00781106751256005,0.0,0.0,0.0,0.0,1,여수,11,0,2023,autumn,0,1479.1947347520002,1304.306186112,1844.28741168,2068.5589541279996,223.30716408,298.27896091199995
2023-11-28,645.7336037279999,2227.548920688,357.818747328,2.0,7108.533333333334,49.75152624076228,36.2998921484038,7.1,63.0,4.75,7.472222222222221,-0.8829475928589271,0.4694715627858904,0.0,13.263157894736842,11.69,3607.4666666666667,28.4,0.0,6255.0,6255.0,0.9921889324874399,0.00781106751256005,0.0,0.0,0.0,0.0,1,여수,11,1,2023,autumn,0,886.144284,1098.66452544,2080.7572904639997,2576.400139584,339.34465627200007,361.3324847039999
2023-11-29,685.8829802880001,2400.385919184,467.264972016,2.0,7108.533333333334,49.75152624076228,36.2998921484038,6.1,65.0,3.1666666666666665,7.222222222222222,-0.9271838545667874,0.3746065934159119,0.0,20.526315789473685,7.8,3607.4666666666667,28.4,0.0,6848.0,6848.0,0.9921889324874399,0.00781106751256005,0.0,0.0,0.0,0.0,1,여수,11,2,2023,autumn,0,645.7336037279999,887.3354649600001,2227.548920688,2224.308328992,357.818747328,280.160642736
2023-11-30,1728.337971168,3466.5869682720004,560.617701696,2.0,7108.533333333334,49.75152624076228,36.2998921484038,1.8,50.0,5.916666666666667,7.027777777777778,-0.7071067811865477,0.7071067811865474,0.0,8.450704225352112,11.98,3607.4666666666667,28.4,0.0,11358.0,11358.0,0.9921889324874399,0.00781106751256005,0.0,0.0,0.0,0.0,1,여수,11,3,2023,autumn,0,685.8829802880001,580.856560128,2400.385919184,1981.106698464,467.264972016,322.189505568
2023-12-01,1619.6443228800001,3462.53150448,659.4694704,2.0,9270.032258064517,60.22549742319163,36.28678899401819,2.1,58.0,4.694444444444444,6.083333333333333,-0.7193398003386512,0.6946583704589973,0.0,12.35502958579882,10.89,4992.0,41.903225806451616,0.0,12670.0,12670.0,0.9916757982967107,0.00832420170328931,0.0,0.0,0.0,0.0,1,여수,12,4,2023,winter,1,1728.337971168,857.360736288,3466.5869682720004,2086.9277139359997,560.617701696,324.165512592
2023-12-02,384.879607344,1683.2948795999996,453.943262016,2.0,9270.032258064517,60.22549742319163,36.28678899401819,4.4,62.0,3.8055555555555554,6.277777777777778,-0.9702957262759966,0.2419218955996674,0.0,16.29197080291971,10.31,4992.0,41.903225806451616,0.0,6605.0,6605.0,0.9916757982967107,0.00832420170328931,0.0,0.0,0.0,0.0,1,여수,12,5,2023,winter,1,1619.6443228800001,1815.069380832,3462.53150448,1986.1681835519996,659.4694704,231.00947164799996
2023-12-03,384.0500736,1544.805107136,350.42149641599997,2.0,9270.032258064517,60.22549742319163,36.28678899401819,6.3,61.0,3.75,5.166666666666667,-0.8660254037844386,0.5000000000000001,0.0,16.266666666666666,11.68,4992.0,41.903225806451616,0.0,6262.0,6262.0,0.9916757982967107,0.00832420170328931,0.0,0.0,0.0,0.0,1,여수,12,6,2023,winter,1,384.879607344,1479.1947347520002,1683.2948795999996,1844.28741168,453.943262016,223.30716408
2023-12-04,1167.412288464,2853.899641008,553.2805376640001,2.0,9270.032258064517,60.22549742319163,36.28678899401819,5.0,62.0,1.611111111111111,3.333333333333333,-0.9702957262759966,0.2419218955996674,0.0,38.48275862068966,11.24,4992.0,41.903225806451616,0.0,11025.0,11025.0,0.9916757982967107,0.00832420170328931,0.0,0.0,0.0,0.0,1,여수,12,0,2023,winter,1,384.0500736,886.144284,1544.805107136,2080.7572904639997,350.42149641599997,339.34465627200007
2023-12-05,1659.3000733439999,4305.226538879999,596.400049296,2.0,9270.032258064517,60.22549742319163,36.28678899401819,7.2,58.0,1.6944444444444442,3.0555555555555554,0.0697564737441253,0.9975640502598242,0.0,34.22950819672132,10.92,4992.0,41.903225806451616,0.0,12974.0,12974.0,0.9916757982967107,0.00832420170328931,0.0,0.0,0.0,0.0,1,여수,12,1,2023,winter,1,1167.412288464,645.7336037279999,2853.899641008,2227.548920688,553.2805376640001,357.818747328
2023-12-06,1881.2100024000001,4588.46324928,615.309190272,2.0,9270.032258064517,60.22549742319163,36.28678899401819,8.4,82.0,3.3888888888888884,7.472222222222221,-0.9902680687415704,-0.1391731009600658,3.7,24.196721311475414,7.53,4992.0,41.903225806451616,0.0,13838.0,13838.0,0.9916757982967107,0.00832420170328931,0.0,0.0,0.0,0.0,1,여수,12,2,2023,winter,1,1659.3000733439999,685.8829802880001,4305.226538879999,2400.385919184,596.400049296,467.264972016
2023-12-07,775.0146621600002,2237.5550363039997,1139.813975952,2.0,9270.032258064517,60.22549742319163,36.28678899401819,8.1,59.0,4.611111111111112,7.666666666666667,-1.0,-1.8369701987210294e-16,0.0,12.795180722891564,11.37,4992.0,41.903225806451616,0.0,9089.0,9089.0,0.9916757982967107,0.00832420170328931,0.0,0.0,0.0,0.0,1,여수,12,3,2023,winter,1,1881.2100024000001,1728.337971168,4588.46324928,3466.5869682720004,615.309190272,560.617701696
2023-12-08,1170.551951712,2428.904175984,2141.2757155679997,2.0,9270.032258064517,60.22549742319163,36.28678899401819,11.8,82.0,3.6944444444444446,7.25,-0.4067366430758002,-0.9135454576426008,0.0,22.19548872180451,10.75,4992.0,41.903225806451616,0.0,8430.0,8430.0,0.9916757982967107,0.00832420170328931,0.0,0.0,0.0,0.0,1,여수,12,4,2023,winter,1,775.0146621600002,1619.6443228800001,2237.5550363039997,3462.53150448,1139.813975952,659.4694704
2023-12-09,1663.062147072,2445.401790144,317.57411102400005,2.0,9270.032258064517,60.22549742319163,36.28678899401819,13.6,83.0,1.8888888888888888,3.7222222222222223,-0.6946583704589974,-0.7193398003386511,0.0,43.94117647058824,8.63,4992.0,41.903225806451616,0.0,7083.0,7083.0,0.9916757982967107,0.00832420170328931,0.0,0.0,0.0,0.0,1,여수,12,5,2023,winter,1,1170.551951712,384.879607344,2428.904175984,1683.2948795999996,2141.2757155679997,453.943262016
2023-12-10,1416.72389832,2174.1387577920004,309.530533968,2.0,9270.032258064517,60.22549742319163,36.28678899401819,12.9,84.0,3.555555555555556,5.5,0.9510565162951536,0.3090169943749474,1.7,23.625,9.44,4992.0,41.903225806451616,0.0,6376.0,6376.0,0.9916757982967107,0.00832420170328931,0.0,0.0,0.0,0.0,1,여수,12,6,2023,winter,1,1663.062147072,384.0500736,2445.401790144,1544.805107136,317.57411102400005,350.42149641599997
2023-12-11,947.825995248,2708.699820624,700.8094513440001,2.0,9270.032258064517,60.22549742319163,36.28678899401819,12.6,97.0,5.416666666666667,7.583333333333333,0.848048096156426,0.5299192642332049,27.3,17.907692307692308,1.78,4992.0,41.903225806451616,0.0,8839.0,8839.0,0.9916757982967107,0.00832420170328931,0.0,0.0,0.0,0.0,1,여수,12,0,2023,winter,1,1416.72389832,1167.412288464,2174.1387577920004,2853.899641008,309.530533968,553.2805376640001
2023-12-12,879.2501518079998,2059.524370368,366.55419686399995,2.0,9270.032258064517,60.22549742319163,36.28678899401819,9.9,84.0,5.472222222222222,6.722222222222221,0.6156614753256583,0.7880107536067219,1.2,15.3502538071066,2.59,4992.0,41.903225806451616,0.0,7623.0,7623.0,0.9916757982967107,0.00832420170328931,0.0,0.0,0.0,0.0,1,여수,12,1,2023,winter,1,947.825995248,1659.3000733439999,2708.699820624,4305.226538879999,700.8094513440001,596.400049296
2023-12-13,775.46603232,2174.3039304,309.43846080000003,2.0,9270.032258064517,60.22549742319163,36.28678899401819,9.6,75.0,3.9166666666666665,4.388888888888889,0.848048096156426,0.5299192642332049,0.0,19.148936170212767,10.82,4992.0,41.903225806451616,0.0,7446.0,7446.0,0.9916757982967107,0.00832420170328931,0.0,0.0,0.0,0.0,1,여수,12,2,2023,winter,1,879.2501518079998,1881.2100024000001,2059.524370368,4588.46324928,366.55419686399995,615.309190272
2023-12-14,579.733238448,1981.8787453920002,273.99382704,2.0,9270.032258064517,60.22549742319163,36.28678899401819,10.1,88.0,4.666666666666667,5.583333333333334,0.8090169943749475,0.5877852522924731,22.3,18.857142857142858,1.41,4992.0,41.903225806451616,0.0,7698.0,7698.0,0.9916757982967107,0.00832420170328931,0.0,0.0,0.0,0.0,1,여수,12,3,2023,winter,1,775.46603232,775.0146621600002,2174.3039304,2237.5550363039997,309.43846080000003,1139.813975952
2023-12-15,537.0638631840001,1893.0759376320002,211.64385671999997,2.0,9270.032258064517,60.22549742319163,36.28678899401819,12.7,92.0,5.5,8.555555555555555,-0.9902680687415704,-0.1391731009600658,3.8,16.727272727272727,3.69,4992.0,41.903225806451616,0.0,7696.0,7696.0,0.9916757982967107,0.00832420170328931,0.0,0.0,0.0,0.0,1,여수,12,4,2023,winter,1,579.733238448,1170.551951712,1981.8787453920002,2428.904175984,273.99382704,2141.2757155679997
2023-12-16,764.749567296,1645.370281152,190.52037849600003,2.0,9270.032258064517,60.22549742319163,36.28678899401819,3.0,66.0,8.0,10.444444444444445,-0.8829475928589271,0.4694715627858904,0.1,8.25,6.14,4992.0,41.903225806451616,0.0,7358.0,7358.0,0.9916757982967107,0.00832420170328931,0.0,0.0,0.0,0.0,1,여수,12,5,2023,winter,1,537.0638631840001,1663.062147072,1893.0759376320002,2445.401790144,211.64385671999997,317.57411102400005
2023-12-17,670.205232,1535.6302185600002,307.542469824,2.0,9270.032258064517,60.22549742319163,36.28678899401819,-2.9,53.0,4.611111111111112,6.277777777777778,-0.7071067811865477,0.7071067811865474,0.0,11.493975903614457,11.33,4992.0,41.903225806451616,0.0,7159.0,7159.0,0.9916757982967107,0.00832420170328931,0.0,0.0,0.0,0.0,1,여수,12,6,2023,winter,1,764.749567296,1416.72389832,1645.370281152,2174.1387577920004,190.52037849600003,309.530533968
2023-12-18,782.559930096,2358.717669216,434.49752808,2.0,9270.032258064517,60.22549742319163,36.28678899401819,-1.4,60.0,1.8333333333333333,3.194444444444444,0.2923717047227367,0.9563047559630354,0.4,32.72727272727273,9.74,4992.0,41.903225806451616,0.0,11346.0,11346.0,0.9916757982967107,0.00832420170328931,0.0,0.0,0.0,0.0,1,여수,12,0,2023,winter,1,670.205232,947.825995248,1535.6302185600002,2708.699820624,307.542469824,700.8094513440001
2023-12-19,561.055483872,4267.74801096,439.75923091199996,2.0,9270.032258064517,60.22549742319163,36.28678899401819,1.5,69.0,2.361111111111111,4.194444444444445,-0.3420201433256686,0.9396926207859084,0.7,29.223529411764705,7.61,4992.0,41.903225806451616,0.0,14826.0,14826.0,0.9916757982967107,0.00832420170328931,0.0,0.0,0.0,0.0,1,여수,12,1,2023,winter,1,782.559930096,879.2501518079998,2358.717669216,2059.524370368,434.49752808,366.55419686399995
2023-12-20,762.0529242240001,4715.535399552,419.83829395199996,2.0,9270.032258064517,60.22549742319163,36.28678899401819,0.1,64.0,6.416666666666667,8.055555555555555,-0.8191520442889918,0.573576436351046,0.0,9.974025974025974,7.94,4992.0,41.903225806451616,0.0,14240.0,14240.0,0.9916757982967107,0.00832420170328931,0.0,0.0,0.0,0.0,1,여수,12,2,2023,winter,1,561.055483872,775.46603232,4267.74801096,2174.3039304,439.75923091199996,309.43846080000003
2023-12-21,810.7860731039999,4428.578469168,397.72631001599996,2.0,9270.032258064517,60.22549742319163,36.28678899401819,-4.3,52.0,4.444444444444445,7.0,-0.6560590289905074,0.7547095802227719,0.0,11.7,11.27,4992.0,41.903225806451616,0.0,14083.0,14083.0,0.9916757982967107,0.00832420170328931,0.0,0.0,0.0,0.0,1,여수,12,3,2023,winter,1,762.0529242240001,579.733238448,4715.535399552,1981.8787453920002,419.83829395199996,273.99382704
2023-12-22,501.24930955200006,4372.517083248,391.25845310399995,2.0,9270.032258064517,60.22549742319163,36.28678899401819,-4.4,51.0,4.666666666666667,6.305555555555555,-0.6427876096865396,0.7660444431189778,0.0,10.928571428571429,11.33,4992.0,41.903225806451616,0.0,14294.0,14294.0,0.9916757982967107,0.00832420170328931,0.0,0.0,0.0,0.0,1,여수,12,4,2023,winter,1,810.7860731039999,537.0638631840001,4428.578469168,1893.0759376320002,397.72631001599996,211.64385671999997
2023-12-23,457.777916064,2683.0603991519997,1954.96478208,2.0,9270.032258064517,60.22549742319163,36.28678899401819,-1.2,57.0,2.6666666666666665,4.166666666666667,-0.6427876096865396,0.7660444431189778,0.0,21.375,10.04,4992.0,41.903225806451616,0.0,8105.0,8105.0,0.9916757982967107,0.00832420170328931,0.0,0.0,0.0,0.0,1,여수,12,5,2023,winter,1,501.24930955200006,764.749567296,4372.517083248,1645.370281152,391.25845310399995,190.52037849600003
2023-12-24,535.209588144,2368.734753168,260.81681976,2.0,9270.032258064517,60.22549742319163,36.28678899401819,1.6,65.0,2.75,5.222222222222222,-0.4694715627858908,0.882947592858927,0.3,23.636363636363637,10.53,4992.0,41.903225806451616,0.0,6249.0,6249.0,0.9916757982967107,0.00832420170328931,0.0,0.0,0.0,0.0,1,여수,12,6,2023,winter,1,457.777916064,670.205232,2683.0603991519997,1535.6302185600002,1954.96478208,307.542469824
2023-12-25,606.9795570719999,2636.713818575999,267.370744752,2.0,9270.032258064517,60.22549742319163,36.28678899401819,1.7,66.0,3.3888888888888884,6.138888888888889,-0.8660254037844386,0.5000000000000001,0.0,19.475409836065577,7.89,4992.0,41.903225806451616,0.0,6865.0,6865.0,0.9916757982967107,0.00832420170328931,0.0,0.0,0.0,0.0,1,여수,12,0,2023,winter,1,535.209588144,782.559930096,2368.734753168,2358.717669216,260.81681976,434.49752808
2023-12-26,438.30822182400004,2506.7411043839998,1155.565051344,2.0,9270.032258064517,60.22549742319163,36.28678899401819,3.6,70.0,3.194444444444444,4.888888888888889,-0.9563047559630354,0.2923717047227367,0.0,21.91304347826087,10.7,4992.0,41.903225806451616,0.0,7244.0,7244.0,0.9916757982967107,0.00832420170328931,0.0,0.0,0.0,0.0,1,여수,12,1,2023,winter,1,606.9795570719999,561.055483872,2636.713818575999,4267.74801096,267.370744752,439.75923091199996
2023-12-27,472.1888244960001,3874.0374576000004,366.325541424,2.0,9270.032258064517,60.22549742319163,36.28678899401819,5.0,73.0,1.4444444444444444,3.083333333333333,-0.1564344650402311,0.9876883405951375,0.0,50.53846153846154,10.56,4992.0,41.903225806451616,0.0,12777.0,12777.0,0.9916757982967107,0.00832420170328931,0.0,0.0,0.0,0.0,1,여수,12,2,2023,winter,1,438.30822182400004,762.0529242240001,2506.7411043839998,4715.535399552,1155.565051344,419.83829395199996
2023-12-28,35.61618815999999,1419.0408218879998,304.27600579200003,2.0,9270.032258064517,60.22549742319163,36.28678899401819,4.3,75.0,3.1666666666666665,5.138888888888888,-0.7660444431189781,0.6427876096865393,0.0,23.68421052631579,10.54,4992.0,41.903225806451616,0.0,7075.0,7075.0,0.9916757982967107,0.00832420170328931,0.0,0.0,0.0,0.0,1,여수,12,3,2023,winter,1,472.1888244960001,810.7860731039999,3874.0374576000004,4428.578469168,366.325541424,397.72631001599996
2023-12-29,78.81696432,1529.049107808,155.475632448,2.0,9270.032258064517,60.22549742319163,36.28678899401819,3.4,76.0,1.6666666666666663,2.4166666666666665,-0.7431448254773946,0.6691306063588578,0.0,45.6,11.03,4992.0,41.903225806451616,0.0,7138.0,7138.0,0.9916757982967107,0.00832420170328931,0.0,0.0,0.0,0.0,1,여수,12,4,2023,winter,1,35.61618815999999,501.24930955200006,1419.0408218879998,4372.517083248,304.27600579200003,391.25845310399995
2023-12-30,29.798349839999997,1570.7987272799996,160.08509779199997,2.0,9270.032258064517,60.22549742319163,36.28678899401819,4.6,84.0,1.4166666666666663,2.972222222222222,0.4539904997395468,0.8910065241883679,2.5,59.29411764705883,8.69,4992.0,41.903225806451616,0.0,7413.0,7413.0,0.9916757982967107,0.00832420170328931,0.0,0.0,0.0,0.0,1,여수,12,5,2023,winter,1,78.81696432,457.777916064,1529.049107808,2683.0603991519997,155.475632448,1954.96478208
2023-12-31,6.728570496000001,1614.0158477280002,160.737363936,2.0,9270.032258064517,60.22549742319163,36.28678899401819,6.5,80.0,5.833333333333333,9.361111111111112,-0.8660254037844386,0.5000000000000001,0.9,13.714285714285715,8.58,4992.0,41.903225806451616,0.0,7545.0,7545.0,0.9916757982967107,0.00832420170328931,0.0,0.0,0.0,0.0,1,여수,12,6,2023,winter,1,29.798349839999997,535.209588144,1570.7987272799996,2368.734753168,160.08509779199997,260.81681976
2024-01-01,65.24256945600001,1469.436441552,230.17210113599998,2.0,8313.935483870968,52.91817764189158,36.66892508497198,5.5,75.0,2.2777777777777777,4.416666666666667,0.6018150231520483,0.7986355100472928,0.0,32.926829268292686,9.37,4433.967741935484,50.83870967741935,0.0,6995.0,6995.0,0.9886642355192082,0.011335764480791776,0.0,0.0,0.0,0.0,1,여수,1,0,2024,winter,1,6.728570496000001,606.9795570719999,1614.0158477280002,2636.713818575999,160.737363936,267.370744752
2024-01-02,136.80244224,1581.263691264,272.44301414399996,2.0,8313.935483870968,52.91817764189158,36.66892508497198,6.4,71.0,3.3888888888888884,5.638888888888889,-0.9063077870366498,0.4226182617406996,0.0,20.95081967213115,9.66,4433.967741935484,50.83870967741935,0.0,8035.0,8035.0,0.9886642355192082,0.011335764480791776,0.0,0.0,0.0,0.0,1,여수,1,1,2024,winter,1,65.24256945600001,438.30822182400004,1469.436441552,2506.7411043839998,230.17210113599998,1155.565051344
2024-01-03,264.68052998400003,1559.0530428480001,612.689589648,2.0,8313.935483870968,52.91817764189158,36.66892508497198,4.8,69.0,5.027777777777778,7.777777777777778,-0.8191520442889918,0.573576436351046,1.1,13.723756906077348,9.7,4433.967741935484,50.83870967741935,0.0,8632.0,8632.0,0.9886642355192082,0.011335764480791776,0.0,0.0,0.0,0.0,1,여수,1,2,2024,winter,1,136.80244224,472.1888244960001,1581.263691264,3874.0374576000004,272.44301414399996,366.325541424
2024-01-04,536.0071464000001,1912.8756396959996,335.34372729599994,2.0,8313.935483870968,52.91817764189158,36.66892508497198,3.3,69.0,2.861111111111111,5.277777777777778,-0.9335804264972016,0.3583679495453004,0.0,24.11650485436893,11.61,4433.967741935484,50.83870967741935,0.0,7313.0,7313.0,0.9886642355192082,0.011335764480791776,0.0,0.0,0.0,0.0,1,여수,1,3,2024,winter,1,264.68052998400003,35.61618815999999,1559.0530428480001,1419.0408218879998,612.689589648,304.27600579200003
2024-01-05,575.138550528,2088.546607872,241.12840838399998,2.0,8313.935483870968,52.91817764189158,36.66892508497198,6.2,75.0,2.7777777777777777,6.388888888888888,-0.9945218953682734,0.1045284632676529,0.0,27.0,9.72,4433.967741935484,50.83870967741935,0.0,7582.0,7582.0,0.9886642355192082,0.011335764480791776,0.0,0.0,0.0,0.0,1,여수,1,4,2024,winter,1,536.0071464000001,78.81696432,1912.8756396959996,1529.049107808,335.34372729599994,155.475632448
2024-01-06,485.07650956799995,1735.7775099839998,201.164866704,2.0,8313.935483870968,52.91817764189158,36.66892508497198,4.8,60.0,4.138888888888889,5.75,-0.7986355100472932,0.6018150231520479,0.0,14.496644295302012,10.88,4433.967741935484,50.83870967741935,0.0,7209.0,7209.0,0.9886642355192082,0.011335764480791776,0.0,0.0,0.0,0.0,1,여수,1,5,2024,winter,1,575.138550528,29.798349839999997,2088.546607872,1570.7987272799996,241.12840838399998,160.08509779199997
2024-01-07,110.277132912,1536.6353775839998,193.21784366400001,2.0,8313.935483870968,52.91817764189158,36.66892508497198,0.8,60.0,5.194444444444444,7.861111111111111,-0.7313537016191703,0.6819983600624987,0.0,11.550802139037437,11.12,4433.967741935484,50.83870967741935,0.0,7084.0,7084.0,0.9886642355192082,0.011335764480791776,0.0,0.0,0.0,0.0,1,여수,1,6,2024,winter,1,485.07650956799995,6.728570496000001,1735.7775099839998,1614.0158477280002,201.164866704,160.737363936
2024-01-08,142.84110959999998,1374.075408384,284.153826096,2.0,8313.935483870968,52.91817764189158,36.66892508497198,-1.1,52.0,2.7777777777777777,5.75,-0.9135454576426012,0.4067366430757997,0.0,18.72,11.93,4433.967741935484,50.83870967741935,0.0,7120.0,7120.0,0.9886642355192082,0.011335764480791776,0.0,0.0,0.0,0.0,1,여수,1,0,2024,winter,1,110.277132912,65.24256945600001,1536.6353775839998,1469.436441552,193.21784366400001,230.17210113599998
2024-01-09,409.623166944,2462.320307088,429.167861424,2.0,8313.935483870968,52.91817764189158,36.66892508497198,1.7,74.0,1.75,4.166666666666667,0.1564344650402308,0.9876883405951378,6.8,42.285714285714285,4.44,4433.967741935484,50.83870967741935,0.0,10768.0,10768.0,0.9886642355192082,0.011335764480791776,0.0,0.0,0.0,0.0,1,여수,1,1,2024,winter,1,142.84110959999998,136.80244224,1374.075408384,1581.263691264,284.153826096,272.44301414399996
2024-01-10,1168.276234752,4131.464014656,413.656125696,2.0,8313.935483870968,52.91817764189158,36.66892508497198,3.2,78.0,2.8055555555555554,4.75,-0.0871557427476583,0.9961946980917455,0.0,27.801980198019805,10.46,4433.967741935484,50.83870967741935,0.0,13624.0,13624.0,0.9886642355192082,0.011335764480791776,0.0,0.0,0.0,0.0,1,여수,1,2,2024,winter,1,409.623166944,264.68052998400003,2462.320307088,1559.0530428480001,429.167861424,612.689589648
2024-01-11,1796.106232512,4661.330077008,417.59890977599997,2.0,8313.935483870968,52.91817764189158,36.66892508497198,2.3,70.0,3.944444444444444,6.055555555555555,-0.9396926207859084,0.342020143325669,0.0,17.746478873239436,12.15,4433.967741935484,50.83870967741935,0.0,14398.0,14398.0,0.9886642355192082,0.011335764480791776,0.0,0.0,0.0,0.0,1,여수,1,3,2024,winter,1,1168.276234752,536.0071464000001,4131.464014656,1912.8756396959996,413.656125696,335.34372729599994
2024-01-12,802.7224722719999,2722.6988059679998,2127.1333392,2.0,8313.935483870968,52.91817764189158,36.66892508497198,5.4,64.0,3.861111111111111,5.666666666666666,-0.9135454576426012,0.4067366430757997,0.0,16.575539568345324,11.69,4433.967741935484,50.83870967741935,0.0,8852.0,8852.0,0.9886642355192082,0.011335764480791776,0.0,0.0,0.0,0.0,1,여수,1,4,2024,winter,1,1796.106232512,575.138550528,4661.330077008,2088.546607872,417.59890977599997,241.12840838399998
2024-01-13,322.77307996800005,1772.7840146879998,217.28691331199997,2.0,8313.935483870968,52.91817764189158,36.66892508497198,3.7,51.0,3.416666666666667,5.388888888888888,-0.7431448254773946,0.6691306063588578,0.0,14.926829268292682,12.27,4433.967741935484,50.83870967741935,0.0,5382.0,5382.0,0.9886642355192082,0.011335764480791776,0.0,0.0,0.0,0.0,1,여수,1,5,2024,winter,1,802.7224722719999,485.07650956799995,2722.6988059679998,1735.7775099839998,2127.1333392,201.164866704
2024-01-14,488.7013085279999,2237.08810104,240.916197888,2.0,8313.935483870968,52.91817764189158,36.66892508497198,5.4,84.0,2.833333333333333,6.722222222222221,-0.9945218953682734,0.1045284632676529,0.4,29.647058823529417,10.67,4433.967741935484,50.83870967741935,0.0,6273.0,6273.0,0.9886642355192082,0.011335764480791776,0.0,0.0,0.0,0.0,1,여수,1,6,2024,winter,1,322.77307996800005,110.277132912,1772.7840146879998,1536.6353775839998,217.28691331199997,193.21784366400001
2024-01-15,308.279985696,2218.9108730400003,243.377122896,2.0,8313.935483870968,52.91817764189158,36.66892508497198,2.0,52.0,4.75,6.527777777777778,-0.6560590289905074,0.7547095802227719,0.0,10.947368421052632,12.7,4433.967741935484,50.83870967741935,0.0,6313.0,6313.0,0.9886642355192082,0.011335764480791776,0.0,0.0,0.0,0.0,1,여수,1,0,2024,winter,1,488.7013085279999,142.84110959999998,2237.08810104,1374.075408384,240.916197888,284.153826096
2024-01-16,232.40342160000003,2509.173072,254.498832,2.0,8313.935483870968,52.91817764189158,36.66892508497198,1.9,58.0,1.972222222222222,3.3055555555555554,0.5877852522924731,0.8090169943749475,0.0,29.408450704225356,11.43,4433.967741935484,50.83870967741935,0.0,6917.0,6917.0,0.9886642355192082,0.011335764480791776,0.0,0.0,0.0,0.0,1,여수,1,1,2024,winter,1,308.279985696,409.623166944,2218.9108730400003,2462.320307088,243.377122896,429.167861424
2024-01-17,83.15709969599999,2186.4101929920002,231.40167695999997,2.0,8313.935483870968,52.91817764189158,36.66892508497198,5.7,79.0,1.7222222222222223,3.416666666666667,0.838670567945424,0.5446390350150271,0.0,45.87096774193548,4.1,4433.967741935484,50.83870967741935,0.0,6288.0,6288.0,0.9886642355192082,0.011335764480791776,0.0,0.0,0.0,0.0,1,여수,1,2,2024,winter,1,232.40342160000003,1168.276234752,2509.173072,4131.464014656,254.498832,413.656125696
2024-01-18,872.3843583839999,2182.683892752,270.50758257599995,2.0,8313.935483870968,52.91817764189158,36.66892508497198,9.1,95.0,3.9166666666666665,7.611111111111111,-0.2588190451025207,0.9659258262890684,6.2,24.25531914893617,2.09,4433.967741935484,50.83870967741935,0.0,6516.0,6516.0,0.9886642355192082,0.011335764480791776,0.0,0.0,0.0,0.0,1,여수,1,3,2024,winter,1,83.15709969599999,1796.106232512,2186.4101929920002,4661.330077008,231.40167695999997,417.59890977599997
2024-01-19,822.4491805920001,2601.5914654559997,332.497682064,2.0,8313.935483870968,52.91817764189158,36.66892508497198,6.5,77.0,7.444444444444445,8.38888888888889,0.788010753606722,0.6156614753256583,1.2,10.343283582089551,3.1,4433.967741935484,50.83870967741935,0.0,7483.0,7483.0,0.9886642355192082,0.011335764480791776,0.0,0.0,0.0,0.0,1,여수,1,4,2024,winter,1,872.3843583839999,802.7224722719999,2182.683892752,2722.6988059679998,270.50758257599995,2127.1333392
2024-01-20,469.06879968,2149.1993082240006,272.919061152,2.0,8313.935483870968,52.91817764189158,36.66892508497198,5.8,91.0,8.722222222222221,10.333333333333334,0.7431448254773942,0.6691306063588582,22.5,10.43312101910828,1.55,4433.967741935484,50.83870967741935,0.0,6313.0,6313.0,0.9886642355192082,0.011335764480791776,0.0,0.0,0.0,0.0,1,여수,1,5,2024,winter,1,822.4491805920001,322.77307996800005,2601.5914654559997,1772.7840146879998,332.497682064,217.28691331199997
2024-01-21,335.49901718399997,1823.80574304,372.68604979199995,2.0,8313.935483870968,52.91817764189158,36.66892508497198,6.4,80.0,5.166666666666667,8.305555555555555,0.2756373558169991,0.9612616959383188,1.1,15.483870967741934,5.64,4433.967741935484,50.83870967741935,0.0,5345.0,5345.0,0.9886642355192082,0.011335764480791776,0.0,0.0,0.0,0.0,1,여수,1,6,2024,winter,1,469.06879968,488.7013085279999,2149.1993082240006,2237.08810104,272.919061152,240.916197888
2024-01-22,1112.239429056,2908.685292768,527.9399326079999,2.0,8313.935483870968,52.91817764189158,36.66892508497198,-1.4,60.0,8.055555555555555,9.472222222222223,-0.7431448254773946,0.6691306063588578,0.0,7.448275862068965,10.45,4433.967741935484,50.83870967741935,0.0,9114.0,9114.0,0.9886642355192082,0.011335764480791776,0.0,0.0,0.0,0.0,1,여수,1,0,2024,winter,1,335.49901718399997,308.279985696,1823.80574304,2218.9108730400003,372.68604979199995,243.377122896
2024-01-23,1944.627549264,4278.937431888,490.5124125120001,2.0,8313.935483870968,52.91817764189158,36.66892508497198,-4.6,54.0,7.555555555555555,9.666666666666666,-0.7771459614569708,0.6293203910498375,0.0,7.147058823529412,11.03,4433.967741935484,50.83870967741935,0.0,13026.0,13026.0,0.9886642355192082,0.011335764480791776,0.0,0.0,0.0,0.0,1,여수,1,1,2024,winter,1,1112.239429056,232.40342160000003,2908.685292768,2509.173072,527.9399326079999,254.498832
2024-01-24,1560.450603744,4039.2302938559997,449.65766419199997,2.0,8313.935483870968,52.91817764189158,36.66892508497198,-3.9,57.0,6.694444444444445,8.222222222222223,-0.7431448254773946,0.6691306063588578,0.0,8.514522821576763,10.95,4433.967741935484,50.83870967741935,0.0,13344.0,13344.0,0.9886642355192082,0.011335764480791776,0.0,0.0,0.0,0.0,1,여수,1,2,2024,winter,1,1944.627549264,83.15709969599999,4278.937431888,2186.4101929920002,490.5124125120001,231.40167695999997
2024-01-25,1389.102630336,3610.0154479680004,363.08637072,2.0,8313.935483870968,52.91817764189158,36.66892508497198,-1.8,48.0,6.166666666666666,7.222222222222222,-0.7660444431189781,0.6427876096865393,0.0,7.783783783783784,13.18,4433.967741935484,50.83870967741935,0.0,13225.0,13225.0,0.9886642355192082,0.011335764480791776,0.0,0.0,0.0,0.0,1,여수,1,3,2024,winter,1,1560.450603744,872.3843583839999,4039.2302938559997,2182.683892752,449.65766419199997,270.50758257599995
2024-01-26,541.531264752,1975.989728016,1496.6465941440001,2.0,8313.935483870968,52.91817764189158,36.66892508497198,1.7,55.0,4.472222222222222,6.166666666666666,-0.7880107536067218,0.6156614753256585,0.0,12.298136645962732,13.31,4433.967741935484,50.83870967741935,0.0,9457.0,9457.0,0.9886642355192082,0.011335764480791776,0.0,0.0,0.0,0.0,1,여수,1,4,2024,winter,1,1389.102630336,822.4491805920001,3610.0154479680004,2601.5914654559997,363.08637072,332.497682064
2024-01-27,210.230239968,1527.7257663839998,160.388733744,2.0,8313.935483870968,52.91817764189158,36.66892508497198,2.7,61.0,3.8055555555555554,4.972222222222221,-0.8290375725550416,0.559192903470747,0.0,16.029197080291972,13.1,4433.967741935484,50.83870967741935,0.0,6960.0,6960.0,0.9886642355192082,0.011335764480791776,0.0,0.0,0.0,0.0,1,여수,1,5,2024,winter,1,541.531264752,469.06879968,1975.989728016,2149.1993082240006,1496.6465941440001,272.919061152
2024-01-28,290.824667136,1417.7702522880002,155.076935904,2.0,8313.935483870968,52.91817764189158,36.66892508497198,2.3,57.0,4.305555555555555,6.222222222222221,-0.7547095802227722,0.656059028990507,0.0,13.238709677419356,13.68,4433.967741935484,50.83870967741935,0.0,6949.0,6949.0,0.9886642355192082,0.011335764480791776,0.0,0.0,0.0,0.0,1,여수,1,6,2024,winter,1,210.230239968,335.49901718399997,1527.7257663839998,1823.80574304,160.388733744,372.68604979199995
2024-01-29,238.97526033599996,1362.38232528,154.02396023999998,2.0,8313.935483870968,52.91817764189158,36.66892508497198,1.4,62.0,2.694444444444444,4.611111111111112,-0.8191520442889918,0.573576436351046,0.0,23.01030927835052,13.79,4433.967741935484,50.83870967741935,0.0,6872.0,6872.0,0.9886642355192082,0.011335764480791776,0.0,0.0,0.0,0.0,1,여수,1,0,2024,winter,1,290.824667136,1112.239429056,1417.7702522880002,2908.685292768,155.076935904,527.9399326079999
2024-01-30,324.631713312,1860.350778144,184.97657721599995,2.0,8313.935483870968,52.91817764189158,36.66892508497198,3.3,71.0,2.2222222222222223,3.555555555555556,0.8660254037844386,0.5000000000000001,0.0,31.95,12.98,4433.967741935484,50.83870967741935,0.0,7445.0,7445.0,0.9886642355192082,0.011335764480791776,0.0,0.0,0.0,0.0,1,여수,1,1,2024,winter,1,238.97526033599996,1944.627549264,1362.38232528,4278.937431888,154.02396023999998,490.5124125120001
2024-01-31,385.09620249600005,2013.3834065279998,193.36365792,2.0,8313.935483870968,52.91817764189158,36.66892508497198,7.2,80.0,2.4444444444444446,3.861111111111111,0.6946583704589973,0.7193398003386512,0.7,32.72727272727273,10.27,4433.967741935484,50.83870967741935,0.0,6898.0,6898.0,0.9886642355192082,0.011335764480791776,0.0,0.0,0.0,0.0,1,여수,1,2,2024,winter,1,324.631713312,1560.450603744,1860.350778144,4039.2302938559997,184.97657721599995,449.65766419199997
2024-02-01,263.746244016,1907.4681542879998,189.411217776,2.0,7748.517241379311,79.68733128028944,36.65735780371773,6.7,85.0,3.4444444444444446,5.833333333333333,0.6018150231520483,0.7986355100472928,6.4,24.677419354838708,2.79,4310.896551724138,47.58620689655172,0.0,7319.0,7319.0,0.9890819329725624,0.010918067027437578,0.0,0.0,0.0,0.0,1,여수,2,3,2024,winter,1,385.09620249600005,1389.102630336,2013.3834065279998,3610.0154479680004,193.36365792,363.08637072
2024-02-02,153.938465856,1395.6563970720001,160.487323488,2.0,7748.517241379311,79.68733128028944,36.65735780371773,6.2,77.0,3.9722222222222223,5.805555555555555,0.754709580222772,0.6560590289905073,0.1,19.384615384615383,6.98,4310.896551724138,47.58620689655172,0.0,6632.0,6632.0,0.9890819329725624,0.010918067027437578,0.0,0.0,0.0,0.0,1,여수,2,4,2024,winter,1,263.746244016,541.531264752,1907.4681542879998,1975.989728016,189.411217776,1496.6465941440001
2024-02-03,56.260413215999996,1371.82925376,162.3745872,2.0,7748.517241379311,79.68733128028944,36.65735780371773,5.9,86.0,4.416666666666667,5.138888888888888,0.7771459614569709,0.6293203910498374,6.2,19.471698113207545,3.34,4310.896551724138,47.58620689655172,0.0,7062.0,7062.0,0.9890819329725624,0.010918067027437578,0.0,0.0,0.0,0.0,1,여수,2,5,2024,winter,1,153.938465856,210.230239968,1395.6563970720001,1527.7257663839998,160.487323488,160.388733744
2024-02-04,89.192801664,1521.3524037119998,534.08494368,2.0,7748.517241379311,79.68733128028944,36.65735780371773,7.0,83.0,5.5,7.027777777777778,0.7771459614569709,0.6293203910498374,5.2,15.090909090909092,8.03,4310.896551724138,47.58620689655172,0.0,7058.0,7058.0,0.9890819329725624,0.010918067027437578,0.0,0.0,0.0,0.0,1,여수,2,6,2024,winter,1,56.260413215999996,290.824667136,1371.82925376,1417.7702522880002,162.3745872,155.076935904
2024-02-05,1226.5333526880002,3443.0235485760004,348.237958608,2.0,7748.517241379311,79.68733128028944,36.65735780371773,5.5,90.0,7.111111111111112,9.944444444444445,0.7071067811865475,0.7071067811865476,11.4,12.65625,3.19,4310.896551724138,47.58620689655172,0.0,13588.0,13588.0,0.9890819329725624,0.010918067027437578,0.0,0.0,0.0,0.0,1,여수,2,0,2024,winter,1,89.192801664,238.97526033599996,1521.3524037119998,1362.38232528,534.08494368,154.02396023999998
2024-02-06,1152.961503552,3412.7291983679997,401.13676958400004,2.0,7748.517241379311,79.68733128028944,36.65735780371773,4.9,80.0,3.2499999999999996,4.888888888888889,-0.1736481776669304,0.984807753012208,0.7,24.61538461538462,5.8,4310.896551724138,47.58620689655172,0.0,14415.0,14415.0,0.9890819329725624,0.010918067027437578,0.0,0.0,0.0,0.0,1,여수,2,1,2024,winter,1,1226.5333526880002,324.631713312,3443.0235485760004,1860.350778144,348.237958608,184.97657721599995
2024-02-07,304.177128624,2366.391722832,1747.78261344,2.0,7748.517241379311,79.68733128028944,36.65735780371773,2.8,68.0,2.888888888888889,4.611111111111112,-0.7071067811865477,0.7071067811865474,0.0,23.53846153846154,14.68,4310.896551724138,47.58620689655172,0.0,9424.0,9424.0,0.9890819329725624,0.010918067027437578,0.0,0.0,0.0,0.0,1,여수,2,2,2024,winter,1,1152.961503552,385.09620249600005,3412.7291983679997,2013.3834065279998,401.13676958400004,193.36365792
2024-02-08,103.40639020799999,1882.39788,203.01752390399997,2.0,7748.517241379311,79.68733128028944,36.65735780371773,2.6,68.0,2.4166666666666665,3.611111111111111,-0.6560590289905074,0.7547095802227719,0.0,28.13793103448276,13.55,4310.896551724138,47.58620689655172,0.0,7376.0,7376.0,0.9890819329725624,0.010918067027437578,0.0,0.0,0.0,0.0,1,여수,2,3,2024,winter,1,304.177128624,263.746244016,2366.391722832,1907.4681542879998,1747.78261344,189.411217776
2024-02-09,218.622667968,1607.1269408640003,180.55840607999997,2.0,7748.517241379311,79.68733128028944,36.65735780371773,2.9,64.0,3.9722222222222223,6.25,-0.7880107536067218,0.6156614753256585,0.0,16.11188811188811,15.16,4310.896551724138,47.58620689655172,0.0,6815.0,6815.0,0.9890819329725624,0.010918067027437578,0.0,0.0,0.0,0.0,1,여수,2,4,2024,winter,1,103.40639020799999,153.938465856,1882.39788,1395.6563970720001,203.01752390399997,160.487323488
2024-02-10,248.718204288,1531.1219391359996,171.41458291200001,2.0,7748.517241379311,79.68733128028944,36.65735780371773,4.0,62.0,3.555555555555556,5.611111111111111,-0.9271838545667874,0.3746065934159119,0.0,17.4375,14.79,4310.896551724138,47.58620689655172,0.0,7098.0,7098.0,0.9890819329725624,0.010918067027437578,0.0,0.0,0.0,0.0,1,여수,2,5,2024,winter,1,218.622667968,56.260413215999996,1607.1269408640003,1371.82925376,180.55840607999997,162.3745872
2024-02-11,225.52417008,1501.679904912,168.532545312,2.0,7748.517241379311,79.68733128028944,36.65735780371773,3.8,64.0,4.555555555555555,8.75,-0.9510565162951536,0.3090169943749472,0.0,14.048780487804878,14.24,4310.896551724138,47.58620689655172,0.0,7440.0,7440.0,0.9890819329725624,0.010918067027437578,0.0,0.0,0.0,0.0,1,여수,2,6,2024,winter,1,248.718204288,89.192801664,1531.1219391359996,1521.3524037119998,171.41458291200001,534.08494368
2024-02-12,185.86014047999998,1381.392936,161.92858536000003,2.0,7748.517241379311,79.68733128028944,36.65735780371773,3.3,72.0,2.2777777777777777,3.7222222222222223,-0.8571673007021121,-0.5150380749100544,0.0,31.609756097560975,15.46,4310.896551724138,47.58620689655172,0.0,7205.0,7205.0,0.9890819329725624,0.010918067027437578,0.0,0.0,0.0,0.0,1,여수,2,0,2024,winter,1,225.52417008,1226.5333526880002,1501.679904912,3443.0235485760004,168.532545312,348.237958608
2024-02-13,140.524704576,1639.742258304,182.40945062400002,2.0,7748.517241379311,79.68733128028944,36.65735780371773,7.2,84.0,2.0,5.944444444444444,-0.5150380749100542,-0.8571673007021123,0.0,42.0,14.69,4310.896551724138,47.58620689655172,0.0,6283.0,6283.0,0.9890819329725624,0.010918067027437578,0.0,0.0,0.0,0.0,1,여수,2,1,2024,winter,1,185.86014047999998,1152.961503552,1381.392936,3412.7291983679997,161.92858536000003,401.13676958400004
2024-02-14,143.31663215999998,2126.598334128,202.81643006399997,2.0,7748.517241379311,79.68733128028944,36.65735780371773,12.0,94.0,2.75,3.9722222222222223,-0.2079116908177595,-0.9781476007338056,5.4,34.18181818181818,7.62,4310.896551724138,47.58620689655172,0.0,7255.0,7255.0,0.9890819329725624,0.010918067027437578,0.0,0.0,0.0,0.0,1,여수,2,2,2024,winter,1,140.524704576,304.177128624,1639.742258304,2366.391722832,182.40945062400002,1747.78261344
2024-02-15,184.630248576,1891.4566226400002,187.21385208,2.0,7748.517241379311,79.68733128028944,36.65735780371773,8.6,83.0,4.194444444444445,8.25,-0.8480480961564262,0.5299192642332047,1.5,19.78807947019867,9.97,4310.896551724138,47.58620689655172,0.0,7454.0,7454.0,0.9890819329725624,0.010918067027437578,0.0,0.0,0.0,0.0,1,여수,2,3,2024,winter,1,143.31663215999998,103.40639020799999,2126.598334128,1882.39788,202.81643006399997,203.01752390399997
2024-02-16,223.23780403199999,1677.7716209279997,164.661178896,2.0,7748.517241379311,79.68733128028944,36.65735780371773,3.9,67.0,2.4444444444444446,4.25,0.3907311284892737,0.9205048534524404,0.0,27.409090909090907,15.05,4310.896551724138,47.58620689655172,0.0,7314.0,7314.0,0.9890819329725624,0.010918067027437578,0.0,0.0,0.0,0.0,1,여수,2,4,2024,winter,1,184.630248576,218.622667968,1891.4566226400002,1607.1269408640003,187.21385208,180.55840607999997
2024-02-17,156.07891814400003,1420.170910848,143.69258520000002,2.0,7748.517241379311,79.68733128028944,36.65735780371773,4.4,84.0,1.6388888888888888,2.861111111111111,0.8191520442889917,-0.5735764363510462,0.0,51.25423728813559,16.19,4310.896551724138,47.58620689655172,0.0,6941.0,6941.0,0.9890819329725624,0.010918067027437578,0.0,0.0,0.0,0.0,1,여수,2,5,2024,winter,1,223.23780403199999,248.718204288,1677.7716209279997,1531.1219391359996,164.661178896,171.41458291200001
2024-02-18,157.07042208000001,1370.79641088,141.01854407999997,2.0,7748.517241379311,79.68733128028944,36.65735780371773,9.0,92.0,4.527777777777778,12.777777777777777,0.8910065241883679,-0.4539904997395467,21.5,20.319018404907975,6.43,4310.896551724138,47.58620689655172,0.0,7351.0,7351.0,0.9890819329725624,0.010918067027437578,0.0,0.0,0.0,0.0,1,여수,2,6,2024,winter,1,156.07891814400003,225.52417008,1420.170910848,1501.679904912,143.69258520000002,168.532545312
2024-02-19,185.94938419199997,1263.935674368,148.13347132799998,2.0,7748.517241379311,79.68733128028944,36.65735780371773,14.0,94.0,6.166666666666666,10.805555555555555,-0.7986355100472928,-0.6018150231520483,46.1,15.243243243243244,8.59,4310.896551724138,47.58620689655172,0.0,6757.0,6757.0,0.9890819329725624,0.010918067027437578,0.0,0.0,0.0,0.0,1,여수,2,0,2024,winter,1,157.07042208000001,185.86014047999998,1370.79641088,1381.392936,141.01854407999997,161.92858536000003
2024-02-20,9.34794432,1623.9928723199998,178.884339696,2.0,7748.517241379311,79.68733128028944,36.65735780371773,8.8,91.0,5.916666666666667,7.861111111111111,0.754709580222772,0.6560590289905073,14.9,15.380281690140844,3.6,4310.896551724138,47.58620689655172,0.0,6695.0,6695.0,0.9890819329725624,0.010918067027437578,0.0,0.0,0.0,0.0,1,여수,2,1,2024,winter,1,185.94938419199997,140.524704576,1263.935674368,1639.742258304,148.13347132799998,182.40945062400002
2024-02-21,17.703707327999997,1900.1979198719998,199.19880806400002,2.0,7748.517241379311,79.68733128028944,36.65735780371773,6.7,90.0,8.055555555555555,9.361111111111112,0.8191520442889918,0.573576436351046,7.0,11.172413793103448,4.78,4310.896551724138,47.58620689655172,0.0,6790.0,6790.0,0.9890819329725624,0.010918067027437578,0.0,0.0,0.0,0.0,1,여수,2,2,2024,winter,1,9.34794432,143.31663215999998,1623.9928723199998,2126.598334128,178.884339696,202.81643006399997
2024-02-22,113.06072001599998,1967.734828368,469.129771872,2.0,7748.517241379311,79.68733128028944,36.65735780371773,4.1,86.0,8.194444444444445,9.194444444444445,0.6691306063588582,0.7431448254773942,8.3,10.494915254237288,3.65,4310.896551724138,47.58620689655172,0.0,8025.0,8025.0,0.9890819329725624,0.010918067027437578,0.0,0.0,0.0,0.0,1,여수,2,3,2024,winter,1,17.703707327999997,184.630248576,1900.1979198719998,1891.4566226400002,199.19880806400002,187.21385208
2024-02-23,199.43315668800003,1461.2459807520002,316.33566912000003,2.0,7748.517241379311,79.68733128028944,36.65735780371773,3.8,74.0,6.472222222222222,7.777777777777778,0.6946583704589973,0.7193398003386512,2.0,11.433476394849786,6.6,4310.896551724138,47.58620689655172,0.0,7963.0,7963.0,0.9890819329725624,0.010918067027437578,0.0,0.0,0.0,0.0,1,여수,2,4,2024,winter,1,113.06072001599998,223.23780403199999,1967.734828368,1677.7716209279997,469.129771872,164.661178896
2024-02-24,321.63087312,1295.28911376,310.02321009599996,2.0,7748.517241379311,79.68733128028944,36.65735780371773,4.1,71.0,6.25,7.361111111111111,0.788010753606722,0.6156614753256583,6.1,11.36,9.03,4310.896551724138,47.58620689655172,0.0,6518.0,6518.0,0.9890819329725624,0.010918067027437578,0.0,0.0,0.0,0.0,1,여수,2,5,2024,winter,1,199.43315668800003,156.07891814400003,1461.2459807520002,1420.170910848,316.33566912000003,143.69258520000002
2024-02-25,595.3177451519999,1223.7086983680001,186.0959016,2.0,7748.517241379311,79.68733128028944,36.65735780371773,5.2,84.0,3.416666666666667,6.333333333333333,0.2923717047227367,0.9563047559630354,2.1,24.585365853658537,7.03,4310.896551724138,47.58620689655172,0.0,6515.0,6515.0,0.9890819329725624,0.010918067027437578,0.0,0.0,0.0,0.0,1,여수,2,6,2024,winter,1,321.63087312,157.07042208000001,1295.28911376,1370.79641088,310.02321009599996,141.01854407999997
2024-02-26,552.046150656,1219.9460232959998,182.425587264,2.0,7748.517241379311,79.68733128028944,36.65735780371773,5.4,72.0,2.8055555555555554,4.75,0.6156614753256583,0.7880107536067219,0.0,25.663366336633665,16.13,4310.896551724138,47.58620689655172,0.0,6808.0,6808.0,0.9890819329725624,0.010918067027437578,0.0,0.0,0.0,0.0,1,여수,2,0,2024,winter,1,595.3177451519999,185.94938419199997,1223.7086983680001,1263.935674368,186.0959016,148.13347132799998
2024-02-27,402.96965256,1376.51580432,208.444465872,2.0,7748.517241379311,79.68733128028944,36.65735780371773,5.2,64.0,5.0,6.388888888888888,0.8746197071393957,0.4848096202463371,0.0,12.8,15.12,4310.896551724138,47.58620689655172,0.0,7608.0,7608.0,0.9890819329725624,0.010918067027437578,0.0,0.0,0.0,0.0,1,여수,2,1,2024,winter,1,552.046150656,9.34794432,1219.9460232959998,1623.9928723199998,182.425587264,178.884339696
2024-02-28,594.548158176,1794.14211456,271.863094464,2.0,7748.517241379311,79.68733128028944,36.65735780371773,5.8,67.0,3.6666666666666665,4.416666666666667,0.8746197071393957,0.4848096202463371,0.0,18.272727272727273,17.41,4310.896551724138,47.58620689655172,0.0,7188.0,7188.0,0.9890819329725624,0.010918067027437578,0.0,0.0,0.0,0.0,1,여수,2,2,2024,winter,1,402.96965256,17.703707327999997,1376.51580432,1900.1979198719998,208.444465872,199.19880806400002
2024-02-29,786.9610949759999,3111.9134352480005,618.3973468799999,2.0,7748.517241379311,79.68733128028944,36.65735780371773,5.4,86.0,4.194444444444445,6.694444444444445,0.4226182617406994,0.90630778703665,8.3,20.503311258278146,2.79,4310.896551724138,47.58620689655172,0.0,9810.0,9810.0,0.9890819329725624,0.010918067027437578,0.0,0.0,0.0,0.0,1,여수,2,3,2024,winter,1,594.548158176,113.06072001599998,1794.14211456,1967.734828368,271.863094464,469.129771872
2024-03-01,415.86148353600004,1781.138747232,1949.116119552,2.0,5600.419354838709,69.68088472637419,35.989986867342886,-0.0,55.0,7.083333333333333,8.694444444444445,-0.7071067811865477,0.7071067811865474,0.0,7.764705882352941,18.24,2895.8064516129034,0.8064516129032258,0.0,6821.0,6821.0,0.999721588061696,0.00027841193830391444,0.0,0.0,0.0,0.0,1,여수,3,4,2024,spring,1,786.9610949759999,199.43315668800003,3111.9134352480005,1461.2459807520002,618.3973468799999,316.33566912000003
2024-03-02,449.22923164799994,1583.73789696,242.924227632,2.0,5600.419354838709,69.68088472637419,35.989986867342886,0.3,53.0,4.611111111111112,7.0,-0.9205048534524404,0.3907311284892735,0.0,11.493975903614457,18.66,2895.8064516129034,0.8064516129032258,0.0,4962.0,4962.0,0.999721588061696,0.00027841193830391444,0.0,0.0,0.0,0.0,1,여수,3,5,2024,spring,1,415.86148353600004,321.63087312,1781.138747232,1295.28911376,1949.116119552,310.02321009599996
2024-03-03,212.89758696,1503.2485419840002,441.839413296,2.0,5600.419354838709,69.68088472637419,35.989986867342886,6.2,65.0,4.333333333333333,6.305555555555555,-0.992546151641322,-0.1218693434051471,0.3,15.000000000000002,14.69,2895.8064516129034,0.8064516129032258,0.0,4913.0,4913.0,0.999721588061696,0.00027841193830391444,0.0,0.0,0.0,0.0,1,여수,3,6,2024,spring,1,449.22923164799994,595.3177451519999,1583.73789696,1223.7086983680001,242.924227632,186.0959016
2024-03-04,114.83160624000001,1599.68080368,317.00257862399997,2.0,5600.419354838709,69.68088472637419,35.989986867342886,7.3,74.0,2.2222222222222223,3.8055555555555554,0.9702957262759964,0.2419218955996676,0.9,33.3,13.19,2895.8064516129034,0.8064516129032258,0.0,5497.0,5497.0,0.999721588061696,0.00027841193830391444,0.0,0.0,0.0,0.0,1,여수,3,0,2024,spring,1,212.89758696,552.046150656,1503.2485419840002,1219.9460232959998,441.839413296,182.425587264
2024-03-05,215.054595648,1492.3681755839998,306.71405654399996,2.0,5600.419354838709,69.68088472637419,35.989986867342886,7.2,90.0,7.166666666666667,9.138888888888888,0.754709580222772,0.6560590289905073,10.2,12.55813953488372,3.52,2895.8064516129034,0.8064516129032258,0.0,5406.0,5406.0,0.999721588061696,0.00027841193830391444,0.0,0.0,0.0,0.0,1,여수,3,1,2024,spring,1,114.83160624000001,402.96965256,1599.68080368,1376.51580432,317.00257862399997,208.444465872
2024-03-06,494.6603744160001,1803.9530165760002,302.851413504,2.0,5600.419354838709,69.68088472637419,35.989986867342886,8.8,69.0,4.722222222222222,7.333333333333333,0.5446390350150271,0.838670567945424,0.5,14.611764705882353,12.99,2895.8064516129034,0.8064516129032258,0.0,5576.0,5576.0,0.999721588061696,0.00027841193830391444,0.0,0.0,0.0,0.0,1,여수,3,2,2024,spring,1,215.054595648,594.548158176,1492.3681755839998,1794.14211456,306.71405654399996,271.863094464
2024-03-07,384.1634338559999,1921.8340961279996,285.59586355199997,2.0,5600.419354838709,69.68088472637419,35.989986867342886,6.3,66.0,4.0,6.083333333333333,-0.7193398003386512,0.6946583704589973,0.1,16.5,15.01,2895.8064516129034,0.8064516129032258,0.0,5442.0,5442.0,0.999721588061696,0.00027841193830391444,0.0,0.0,0.0,0.0,1,여수,3,3,2024,spring,1,494.6603744160001,786.9610949759999,1803.9530165760002,3111.9134352480005,302.851413504,618.3973468799999
2024-03-08,483.024271104,1796.4935179199997,307.65943684800004,2.0,5600.419354838709,69.68088472637419,35.989986867342886,4.1,53.0,6.444444444444444,9.472222222222223,-0.7313537016191703,0.6819983600624987,0.0,8.224137931034484,19.85,2895.8064516129034,0.8064516129032258,0.0,5341.0,5341.0,0.999721588061696,0.00027841193830391444,0.0,0.0,0.0,0.0,1,여수,3,4,2024,spring,1,384.1634338559999,415.86148353600004,1921.8340961279996,1781.138747232,285.59586355199997,1949.116119552
2024-03-09,315.069047856,1643.0856395040003,317.102766912,2.0,5600.419354838709,69.68088472637419,35.989986867342886,3.2,51.0,3.333333333333333,6.083333333333333,-0.7986355100472932,0.6018150231520479,0.0,15.3,20.25,2895.8064516129034,0.8064516129032258,0.0,5113.0,5113.0,0.999721588061696,0.00027841193830391444,0.0,0.0,0.0,0.0,1,여수,3,5,2024,spring,1,483.024271104,449.22923164799994,1796.4935179199997,1583.73789696,307.65943684800004,242.924227632
2024-03-10,469.110662784,1779.451279776,323.83630108799997,2.0,5600.419354838709,69.68088472637419,35.989986867342886,4.6,62.0,2.25,3.5,-0.8191520442889918,0.573576436351046,0.0,27.555555555555557,20.19,2895.8064516129034,0.8064516129032258,0.0,5670.0,5670.0,0.999721588061696,0.00027841193830391444,0.0,0.0,0.0,0.0,1,여수,3,6,2024,spring,1,315.069047856,212.89758696,1643.0856395040003,1503.2485419840002,317.102766912,441.839413296
2024-03-11,701.154333792,1713.8411542079998,228.328800048,2.0,5600.419354838709,69.68088472637419,35.989986867342886,6.4,76.0,1.25,2.75,0.9975640502598242,0.0697564737441252,1.6,60.8,9.35,2895.8064516129034,0.8064516129032258,0.0,5889.0,5889.0,0.999721588061696,0.00027841193830391444,0.0,0.0,0.0,0.0,1,여수,3,0,2024,spring,1,469.110662784,114.83160624000001,1779.451279776,1599.68080368,323.83630108799997,317.00257862399997
2024-03-12,513.679812768,1737.4213990080004,205.247106864,2.0,5600.419354838709,69.68088472637419,35.989986867342886,6.9,79.0,3.333333333333333,6.388888888888888,-0.6427876096865396,0.7660444431189778,0.1,23.700000000000003,17.47,2895.8064516129034,0.8064516129032258,0.0,6258.0,6258.0,0.999721588061696,0.00027841193830391444,0.0,0.0,0.0,0.0,1,여수,3,1,2024,spring,1,701.154333792,215.054595648,1713.8411542079998,1492.3681755839998,228.328800048,306.71405654399996
2024-03-13,520.3076508,1683.0674409599997,194.37818255999997,2.0,5600.419354838709,69.68088472637419,35.989986867342886,7.4,58.0,3.6666666666666665,5.75,-0.945518575599317,0.3255681544571563,0.0,15.818181818181818,20.68,2895.8064516129034,0.8064516129032258,0.0,5585.0,5585.0,0.999721588061696,0.00027841193830391444,0.0,0.0,0.0,0.0,1,여수,3,2,2024,spring,1,513.679812768,494.6603744160001,1737.4213990080004,1803.9530165760002,205.247106864,302.851413504
2024-03-14,335.13770592000003,1725.483337344,230.8531284,2.0,5600.419354838709,69.68088472637419,35.989986867342886,9.0,51.0,3.75,5.333333333333333,-0.9563047559630354,0.2923717047227367,0.0,13.6,19.75,2895.8064516129034,0.8064516129032258,0.0,4963.0,4963.0,0.999721588061696,0.00027841193830391444,0.0,0.0,0.0,0.0,1,여수,3,3,2024,spring,1,520.3076508,384.1634338559999,1683.0674409599997,1921.8340961279996,194.37818255999997,285.59586355199997
2024-03-15,85.78142351999999,1783.5503447519998,233.03396865599996,2.0,5600.419354838709,69.68088472637419,35.989986867342886,9.8,48.0,3.2777777777777777,4.777777777777778,-0.9902680687415704,0.1391731009600654,0.0,14.64406779661017,21.35,2895.8064516129034,0.8064516129032258,0.0,5505.0,5505.0,0.999721588061696,0.00027841193830391444,0.0,0.0,0.0,0.0,1,여수,3,4,2024,spring,1,335.13770592000003,483.024271104,1725.483337344,1796.4935179199997,230.8531284,307.65943684800004
2024-03-16,406.92636863999996,1710.5187489119996,226.943251632,2.0,5600.419354838709,69.68088472637419,35.989986867342886,10.4,47.0,2.4722222222222223,4.416666666666667,-0.6156614753256582,-0.788010753606722,0.0,19.01123595505618,20.12,2895.8064516129034,0.8064516129032258,0.0,5484.0,5484.0,0.999721588061696,0.00027841193830391444,0.0,0.0,0.0,0.0,1,여수,3,5,2024,spring,1,85.78142351999999,315.069047856,1783.5503447519998,1643.0856395040003,233.03396865599996,317.102766912
2024-03-17,265.932834048,1511.492896368,228.026028528,2.0,5600.419354838709,69.68088472637419,35.989986867342886,12.2,54.0,4.583333333333333,8.055555555555555,-0.6946583704589976,0.7193398003386509,0.2,11.781818181818185,16.21,2895.8064516129034,0.8064516129032258,0.0,4968.0,4968.0,0.999721588061696,0.00027841193830391444,0.0,0.0,0.0,0.0,1,여수,3,6,2024,spring,1,406.92636863999996,469.110662784,1710.5187489119996,1779.451279776,226.943251632,323.83630108799997
2024-03-18,221.07322137600005,1569.1509172799997,224.785457856,2.0,5600.419354838709,69.68088472637419,35.989986867342886,8.5,52.0,2.6666666666666665,4.444444444444445,-0.3420201433256686,-0.9396926207859084,0.0,19.5,21.16,2895.8064516129034,0.8064516129032258,0.0,5494.0,5494.0,0.999721588061696,0.00027841193830391444,0.0,0.0,0.0,0.0,1,여수,3,0,2024,spring,1,265.932834048,701.154333792,1511.492896368,1713.8411542079998,228.026028528,228.328800048
2024-03-19,51.96215016000001,1475.19110808,230.3819892,2.0,5600.419354838709,69.68088472637419,35.989986867342886,10.0,45.0,6.111111111111111,9.63888888888889,-0.9975640502598244,0.0697564737441252,0.2,7.363636363636364,17.33,2895.8064516129034,0.8064516129032258,0.0,5764.0,5764.0,0.999721588061696,0.00027841193830391444,0.0,0.0,0.0,0.0,1,여수,3,1,2024,spring,1,221.07322137600005,513.679812768,1569.1509172799997,1737.4213990080004,224.785457856,205.247106864
2024-03-20,207.56173248000002,1930.8423527999998,259.517699424,2.0,5600.419354838709,69.68088472637419,35.989986867342886,6.1,42.0,6.833333333333334,8.416666666666666,-0.7547095802227722,0.656059028990507,0.0,6.146341463414633,21.19,2895.8064516129034,0.8064516129032258,0.0,6421.0,6421.0,0.999721588061696,0.00027841193830391444,0.0,0.0,0.0,0.0,1,여수,3,2,2024,spring,1,51.96215016000001,520.3076508,1475.19110808,1683.0674409599997,230.3819892,194.37818255999997
2024-03-21,203.10217199999997,1535.9801241600003,208.464980832,2.0,5600.419354838709,69.68088472637419,35.989986867342886,6.3,49.0,3.9166666666666665,5.666666666666666,-0.984807753012208,-0.1736481776669303,0.0,12.51063829787234,21.94,2895.8064516129034,0.8064516129032258,0.0,5214.0,5214.0,0.999721588061696,0.00027841193830391444,0.0,0.0,0.0,0.0,1,여수,3,3,2024,spring,1,207.56173248000002,335.13770592000003,1930.8423527999998,1725.483337344,259.517699424,230.8531284
2024-03-22,218.504383488,1317.0072418559998,174.90105216,2.0,5600.419354838709,69.68088472637419,35.989986867342886,11.2,69.0,5.472222222222222,8.055555555555555,0.0871557427476582,-0.9961946980917455,5.5,12.609137055837564,18.31,2895.8064516129034,0.8064516129032258,0.0,5137.0,5137.0,0.999721588061696,0.00027841193830391444,0.0,0.0,0.0,0.0,1,여수,3,4,2024,spring,1,203.10217199999997,85.78142351999999,1535.9801241600003,1783.5503447519998,208.464980832,233.03396865599996
2024-03-23,72.780408,1111.2214956479997,149.797993824,2.0,5600.419354838709,69.68088472637419,35.989986867342886,14.8,78.0,3.638888888888889,7.527777777777778,-0.7071067811865475,-0.7071067811865477,0.5,21.435114503816795,19.82,2895.8064516129034,0.8064516129032258,0.0,5022.0,5022.0,0.999721588061696,0.00027841193830391444,0.0,0.0,0.0,0.0,1,여수,3,5,2024,spring,1,218.504383488,406.92636863999996,1317.0072418559998,1710.5187489119996,174.90105216,226.943251632
2024-03-24,195.6967344,1240.1652274560001,198.92829499200002,2.0,5600.419354838709,69.68088472637419,35.989986867342886,12.2,77.0,5.972222222222222,7.416666666666666,0.8660254037844386,0.5000000000000001,3.4,12.893023255813953,6.85,2895.8064516129034,0.8064516129032258,0.0,5684.0,5684.0,0.999721588061696,0.00027841193830391444,0.0,0.0,0.0,0.0,1,여수,3,6,2024,spring,1,72.780408,265.932834048,1111.2214956479997,1511.492896368,149.797993824,228.026028528
2024-03-25,124.45547241599999,1185.464556144,201.10514702400002,2.0,5600.419354838709,69.68088472637419,35.989986867342886,11.0,82.0,6.277777777777778,9.055555555555555,0.8571673007021123,0.5150380749100542,7.0,13.061946902654867,8.59,2895.8064516129034,0.8064516129032258,0.0,5777.0,5777.0,0.999721588061696,0.00027841193830391444,0.0,0.0,0.0,0.0,1,여수,3,0,2024,spring,1,195.6967344,221.07322137600005,1240.1652274560001,1569.1509172799997,198.92829499200002,224.785457856
2024-03-26,99.424843776,1477.6063715520002,198.153505296,2.0,5600.419354838709,69.68088472637419,35.989986867342886,8.9,80.0,5.222222222222222,8.722222222222221,0.6293203910498374,0.7771459614569709,17.0,15.319148936170212,10.12,2895.8064516129034,0.8064516129032258,0.0,6553.0,6553.0,0.999721588061696,0.00027841193830391444,0.0,0.0,0.0,0.0,1,여수,3,1,2024,spring,1,124.45547241599999,51.96215016000001,1185.464556144,1475.19110808,201.10514702400002,230.3819892
2024-03-27,64.095635808,1309.58537328,184.959951552,2.0,5600.419354838709,69.68088472637419,35.989986867342886,9.8,82.0,2.0833333333333335,3.8055555555555554,0.7071067811865476,-0.7071067811865475,0.0,39.36,16.89,2895.8064516129034,0.8064516129032258,0.0,6080.0,6080.0,0.999721588061696,0.00027841193830391444,0.0,0.0,0.0,0.0,1,여수,3,2,2024,spring,1,99.424843776,207.56173248000002,1477.6063715520002,1930.8423527999998,198.153505296,259.517699424
2024-03-28,67.24477295999999,1423.94170104,182.31923289600002,2.0,5600.419354838709,69.68088472637419,35.989986867342886,11.6,93.0,4.388888888888889,7.222222222222222,-0.1391731009600655,-0.9902680687415704,30.7,21.18987341772152,2.57,2895.8064516129034,0.8064516129032258,0.0,6153.0,6153.0,0.999721588061696,0.00027841193830391444,0.0,0.0,0.0,0.0,1,여수,3,3,2024,spring,1,64.095635808,203.10217199999997,1309.58537328,1535.9801241600003,184.959951552,208.464980832
2024-03-29,67.190328,1017.2345484960001,171.09547704,2.0,5600.419354838709,69.68088472637419,35.989986867342886,11.6,82.0,5.888888888888888,10.166666666666666,-0.981627183447664,-0.1908089953765446,0.0,13.924528301886792,19.87,2895.8064516129034,0.8064516129032258,0.0,5683.0,5683.0,0.999721588061696,0.00027841193830391444,0.0,0.0,0.0,0.0,1,여수,3,4,2024,spring,1,67.24477295999999,218.504383488,1423.94170104,1317.0072418559998,182.31923289600002,174.90105216
2024-03-30,47.0851812,1144.713123504,159.903939744,2.0,5600.419354838709,69.68088472637419,35.989986867342886,12.0,75.0,3.9166666666666665,5.527777777777778,-0.7771459614569706,-0.6293203910498378,0.3,19.148936170212767,19.76,2895.8064516129034,0.8064516129032258,0.0,5795.0,5795.0,0.999721588061696,0.00027841193830391444,0.0,0.0,0.0,0.0,1,여수,3,5,2024,spring,1,67.190328,72.780408,1017.2345484960001,1111.2214956479997,171.09547704,149.797993824
2024-03-31,39.865809311999996,1064.7672893279998,172.41899112,2.0,5600.419354838709,69.68088472637419,35.989986867342886,11.6,75.0,2.611111111111111,4.333333333333333,0.6156614753256583,0.7880107536067219,0.0,28.72340425531915,15.81,2895.8064516129034,0.8064516129032258,0.0,5443.0,5443.0,0.999721588061696,0.00027841193830391444,0.0,0.0,0.0,0.0,1,여수,3,6,2024,spring,1,47.0851812,195.6967344,1144.713123504,1240.1652274560001,159.903939744,198.92829499200002
2024-04-01,41.984547840000005,992.113840368,148.746332592,2.0,6039.0,65.24019473422752,35.75658486504388,12.7,67.0,2.388888888888889,3.944444444444444,-0.754709580222772,-0.6560590289905073,0.0,28.046511627906977,22.84,3039.733333333333,38.56666666666667,0.0,5059.0,5059.0,0.9874714398639942,0.012528560136005807,0.0,0.0,0.0,0.0,1,여수,4,0,2024,spring,0,39.865809311999996,124.45547241599999,1064.7672893279998,1185.464556144,172.41899112,201.10514702400002
2024-04-02,48.454350336000005,1035.873347904,154.66773787200003,2.0,6039.0,65.24019473422752,35.75658486504388,13.5,73.0,3.138888888888889,6.75,0.9205048534524404,-0.3907311284892737,7.7,23.25663716814159,11.62,3039.733333333333,38.56666666666667,0.0,5615.0,5615.0,0.9874714398639942,0.012528560136005807,0.0,0.0,0.0,0.0,1,여수,4,1,2024,spring,0,41.984547840000005,99.424843776,992.113840368,1477.6063715520002,148.746332592,198.153505296
2024-04-03,55.193831423999995,1388.3635330559998,207.52360704,2.0,6039.0,65.24019473422752,35.75658486504388,12.9,96.0,5.666666666666666,7.472222222222221,0.848048096156426,0.5299192642332049,44.5,16.941176470588236,3.7,3039.733333333333,38.56666666666667,0.0,5018.0,5018.0,0.9874714398639942,0.012528560136005807,0.0,0.0,0.0,0.0,1,여수,4,2,2024,spring,0,48.454350336000005,64.095635808,1035.873347904,1309.58537328,154.66773787200003,184.959951552
2024-04-04,35.339620176,1565.02454184,191.731603248,2.0,6039.0,65.24019473422752,35.75658486504388,12.5,85.0,2.5833333333333335,4.472222222222222,0.9876883405951378,-0.1564344650402308,0.3,32.90322580645161,9.88,3039.733333333333,38.56666666666667,0.0,4939.0,4939.0,0.9874714398639942,0.012528560136005807,0.0,0.0,0.0,0.0,1,여수,4,3,2024,spring,0,55.193831423999995,67.24477295999999,1388.3635330559998,1423.94170104,207.52360704,182.31923289600002
2024-04-05,91.242011952,1488.257024688,194.69564855999997,2.0,6039.0,65.24019473422752,35.75658486504388,12.4,69.0,3.0555555555555554,4.416666666666667,0.9396926207859084,0.3420201433256688,0.0,22.581818181818186,17.49,3039.733333333333,38.56666666666667,0.0,4941.0,4941.0,0.9874714398639942,0.012528560136005807,0.0,0.0,0.0,0.0,1,여수,4,4,2024,spring,0,35.339620176,67.190328,1565.02454184,1017.2345484960001,191.731603248,171.09547704
2024-04-06,103.61612260800001,1504.1369604959998,174.63905121599998,2.0,6039.0,65.24019473422752,35.75658486504388,12.1,86.0,1.1944444444444444,2.138888888888889,-0.9993908270190958,-0.0348994967025007,0.0,72.0,14.93,3039.733333333333,38.56666666666667,0.0,5389.0,5389.0,0.9874714398639942,0.012528560136005807,0.0,0.0,0.0,0.0,1,여수,4,5,2024,spring,0,91.242011952,47.0851812,1488.257024688,1144.713123504,194.69564855999997,159.903939744
2024-04-07,168.35639184000001,1462.6882761120003,186.36338836800002,2.0,6039.0,65.24019473422752,35.75658486504388,14.4,76.0,1.8055555555555556,3.2499999999999996,-0.7071067811865477,0.7071067811865474,0.0,42.09230769230769,20.89,3039.733333333333,38.56666666666667,0.0,5746.0,5746.0,0.9874714398639942,0.012528560136005807,0.0,0.0,0.0,0.0,1,여수,4,6,2024,spring,0,103.61612260800001,39.865809311999996,1504.1369604959998,1064.7672893279998,174.63905121599998,172.41899112
2024-04-08,160.38357983999998,1291.9710636,164.92964759999998,2.0,6039.0,65.24019473422752,35.75658486504388,15.6,74.0,2.0277777777777777,3.416666666666667,0.1564344650402308,0.9876883405951378,0.3,36.49315068493151,9.05,3039.733333333333,38.56666666666667,0.0,5289.0,5289.0,0.9874714398639942,0.012528560136005807,0.0,0.0,0.0,0.0,1,여수,4,0,2024,spring,0,168.35639184000001,41.984547840000005,1462.6882761120003,992.113840368,186.36338836800002,148.746332592
2024-04-09,220.213469952,1505.30368392,192.38282496000002,2.0,6039.0,65.24019473422752,35.75658486504388,13.2,71.0,4.083333333333333,6.555555555555555,0.9993908270190958,0.034899496702501,0.0,17.387755102040817,15.3,3039.733333333333,38.56666666666667,0.0,5050.0,5050.0,0.9874714398639942,0.012528560136005807,0.0,0.0,0.0,0.0,1,여수,4,1,2024,spring,0,160.38357983999998,48.454350336000005,1291.9710636,1035.873347904,164.92964759999998,154.66773787200003
2024-04-10,295.52265071999994,1702.6283723040003,201.89103580800003,2.0,6039.0,65.24019473422752,35.75658486504388,11.3,73.0,3.0555555555555554,4.888888888888889,0.9986295347545738,0.0523359562429439,0.0,23.890909090909098,22.55,3039.733333333333,38.56666666666667,0.0,4926.0,4926.0,0.9874714398639942,0.012528560136005807,0.0,0.0,0.0,0.0,1,여수,4,2,2024,spring,0,220.213469952,55.193831423999995,1505.30368392,1388.3635330559998,192.38282496000002,207.52360704
2024-04-11,248.01250809599998,1730.43137808,178.275079008,2.0,6039.0,65.24019473422752,35.75658486504388,12.4,84.0,1.472222222222222,2.3333333333333335,0.9876883405951378,0.1564344650402309,0.5,57.05660377358491,8.93,3039.733333333333,38.56666666666667,0.0,5426.0,5426.0,0.9874714398639942,0.012528560136005807,0.0,0.0,0.0,0.0,1,여수,4,3,2024,spring,0,295.52265071999994,35.339620176,1702.6283723040003,1565.02454184,201.89103580800003,191.731603248
2024-04-12,244.099724832,1694.0340550080005,165.67337088,2.0,6039.0,65.24019473422752,35.75658486504388,13.8,84.0,1.6666666666666663,3.0555555555555554,0.90630778703665,-0.4226182617406993,0.0,50.400000000000006,20.97,3039.733333333333,38.56666666666667,0.0,5534.0,5534.0,0.9874714398639942,0.012528560136005807,0.0,0.0,0.0,0.0,1,여수,4,4,2024,spring,0,248.01250809599998,91.242011952,1730.43137808,1488.257024688,178.275079008,194.69564855999997
2024-04-13,271.26287971200003,1647.399559536,153.696046464,2.0,6039.0,65.24019473422752,35.75658486504388,15.5,76.0,1.6388888888888888,3.416666666666667,-0.2923717047227367,-0.9563047559630354,0.0,46.37288135593221,23.72,3039.733333333333,38.56666666666667,0.0,6231.0,6231.0,0.9874714398639942,0.012528560136005807,0.0,0.0,0.0,0.0,1,여수,4,5,2024,spring,0,244.099724832,103.61612260800001,1694.0340550080005,1504.1369604959998,165.67337088,174.63905121599998
2024-04-14,163.528146432,1338.636049632,135.105982992,2.0,6039.0,65.24019473422752,35.75658486504388,16.7,66.0,3.083333333333333,5.138888888888888,0.9743700647852352,-0.224951054343865,0.0,21.405405405405407,21.84,3039.733333333333,38.56666666666667,0.0,5333.0,5333.0,0.9874714398639942,0.012528560136005807,0.0,0.0,0.0,0.0,1,여수,4,6,2024,spring,0,271.26287971200003,168.35639184000001,1647.399559536,1462.6882761120003,153.696046464,186.36338836800002
2024-04-15,281.652589152,1171.621133568,152.77576651200002,2.0,6039.0,65.24019473422752,35.75658486504388,16.2,88.0,5.388888888888888,8.38888888888889,0.6156614753256584,-0.7880107536067219,14.3,16.329896907216497,6.95,3039.733333333333,38.56666666666667,0.0,6291.0,6291.0,0.9874714398639942,0.012528560136005807,0.0,0.0,0.0,0.0,1,여수,4,0,2024,spring,0,163.528146432,160.38357983999998,1338.636049632,1291.9710636,135.105982992,164.92964759999998
2024-04-16,157.709119392,1165.6515273119999,134.209843488,2.0,6039.0,65.24019473422752,35.75658486504388,15.9,75.0,3.861111111111111,6.888888888888889,-0.9781476007338056,0.2079116908177594,0.5,19.424460431654676,22.91,3039.733333333333,38.56666666666667,0.0,5474.0,5474.0,0.9874714398639942,0.012528560136005807,0.0,0.0,0.0,0.0,1,여수,4,1,2024,spring,0,281.652589152,220.213469952,1171.621133568,1505.30368392,152.77576651200002,192.38282496000002
2024-04-17,218.91993984,1456.300430928,167.355743616,2.0,6039.0,65.24019473422752,35.75658486504388,14.3,66.0,2.0833333333333335,3.888888888888889,-0.9975640502598242,-0.0697564737441255,0.0,31.679999999999996,20.21,3039.733333333333,38.56666666666667,0.0,5940.0,5940.0,0.9874714398639942,0.012528560136005807,0.0,0.0,0.0,0.0,1,여수,4,2,2024,spring,0,157.709119392,295.52265071999994,1165.6515273119999,1702.6283723040003,134.209843488,201.89103580800003
2024-04-18,325.92277296000003,1383.7641485760003,158.42839608,2.0,6039.0,65.24019473422752,35.75658486504388,15.2,71.0,2.1666666666666665,4.638888888888888,0.5446390350150273,-0.8386705679454239,0.0,32.769230769230774,23.66,3039.733333333333,38.56666666666667,0.0,6385.0,6385.0,0.9874714398639942,0.012528560136005807,0.0,0.0,0.0,0.0,1,여수,4,3,2024,spring,0,218.91993984,248.01250809599998,1456.300430928,1730.43137808,167.355743616,178.275079008
2024-04-19,400.401121536,1259.9258045759998,131.34633465599998,2.0,6039.0,65.24019473422752,35.75658486504388,15.0,76.0,1.8333333333333333,4.0,-0.3420201433256686,-0.9396926207859084,0.0,41.45454545454545,22.71,3039.733333333333,38.56666666666667,0.0,5736.0,5736.0,0.9874714398639942,0.012528560136005807,0.0,0.0,0.0,0.0,1,여수,4,4,2024,spring,0,325.92277296000003,244.099724832,1383.7641485760003,1694.0340550080005,158.42839608,165.67337088
2024-04-20,284.42106518399993,1272.702636864,346.498893792,2.0,6039.0,65.24019473422752,35.75658486504388,15.2,90.0,4.75,8.305555555555555,0.8910065241883679,-0.4539904997395467,25.4,18.94736842105263,4.22,3039.733333333333,38.56666666666667,0.0,5632.0,5632.0,0.9874714398639942,0.012528560136005807,0.0,0.0,0.0,0.0,1,여수,4,5,2024,spring,0,400.401121536,271.26287971200003,1259.9258045759998,1647.399559536,131.34633465599998,153.696046464
2024-04-21,222.15807115200002,1276.0835221439997,289.228938192,2.0,6039.0,65.24019473422752,35.75658486504388,15.3,92.0,3.222222222222222,5.527777777777778,0.8660254037844386,0.5000000000000001,2.4,28.55172413793104,6.96,3039.733333333333,38.56666666666667,0.0,5453.0,5453.0,0.9874714398639942,0.012528560136005807,0.0,0.0,0.0,0.0,1,여수,4,6,2024,spring,0,284.42106518399993,163.528146432,1272.702636864,1338.636049632,346.498893792,135.105982992
2024-04-22,352.576930176,1749.11787,323.59034016,2.0,6039.0,65.24019473422752,35.75658486504388,15.9,78.0,4.277777777777778,5.027777777777778,0.7986355100472928,0.6018150231520483,0.0,18.233766233766236,14.11,3039.733333333333,38.56666666666667,0.0,6243.0,6243.0,0.9874714398639942,0.012528560136005807,0.0,0.0,0.0,0.0,1,여수,4,0,2024,spring,0,222.15807115200002,281.652589152,1276.0835221439997,1171.621133568,289.228938192,152.77576651200002
2024-04-23,246.15968831999996,1802.9582281439998,287.520898032,2.0,6039.0,65.24019473422752,35.75658486504388,14.8,76.0,4.916666666666666,6.555555555555555,0.9455185755993168,0.3255681544571567,5.6,15.45762711864407,18.49,3039.733333333333,38.56666666666667,0.0,5422.0,5422.0,0.9874714398639942,0.012528560136005807,0.0,0.0,0.0,0.0,1,여수,4,1,2024,spring,0,352.576930176,157.709119392,1749.11787,1165.6515273119999,323.59034016,134.209843488
2024-04-24,197.41019788800003,2019.2236989120001,511.591106592,2.0,6039.0,65.24019473422752,35.75658486504388,14.6,75.0,4.138888888888889,7.055555555555555,-0.9335804264972016,0.3583679495453004,0.9,18.120805369127517,21.72,3039.733333333333,38.56666666666667,0.0,5552.0,5552.0,0.9874714398639942,0.012528560136005807,0.0,0.0,0.0,0.0,1,여수,4,2,2024,spring,0,246.15968831999996,218.91993984,1802.9582281439998,1456.300430928,287.520898032,167.355743616
2024-04-25,238.719767904,2127.691694592,729.339704064,2.0,6039.0,65.24019473422752,35.75658486504388,14.5,75.0,2.7222222222222223,4.583333333333333,-0.882947592858927,-0.4694715627858907,0.0,27.551020408163264,25.61,3039.733333333333,38.56666666666667,0.0,6702.0,6702.0,0.9874714398639942,0.012528560136005807,0.0,0.0,0.0,0.0,1,여수,4,3,2024,spring,0,197.41019788800003,325.92277296000003,2019.2236989120001,1383.7641485760003,511.591106592,158.42839608
2024-04-26,368.462691504,2177.6917584959997,547.006322304,2.0,6039.0,65.24019473422752,35.75658486504388,15.0,87.0,1.4166666666666663,2.5833333333333335,0.0523359562429438,-0.9986295347545738,0.0,61.41176470588236,11.19,3039.733333333333,38.56666666666667,0.0,6433.0,6433.0,0.9874714398639942,0.012528560136005807,0.0,0.0,0.0,0.0,1,여수,4,4,2024,spring,0,238.719767904,400.401121536,2127.691694592,1259.9258045759998,729.339704064,131.34633465599998
2024-04-27,306.45814089600003,1721.170834848,174.11113022400002,2.0,6039.0,65.24019473422752,35.75658486504388,16.9,84.0,1.6388888888888888,3.861111111111111,-0.0871557427476579,-0.9961946980917455,0.0,51.25423728813559,24.92,3039.733333333333,38.56666666666667,0.0,5431.0,5431.0,0.9874714398639942,0.012528560136005807,0.0,0.0,0.0,0.0,1,여수,4,5,2024,spring,0,368.462691504,284.42106518399993,2177.6917584959997,1272.702636864,547.006322304,346.498893792
2024-04-28,312.966277632,1749.238956864,691.289880192,2.0,6039.0,65.24019473422752,35.75658486504388,17.3,75.0,2.055555555555556,3.9166666666666665,0.8290375725550417,-0.5591929034707467,0.0,36.48648648648648,21.51,3039.733333333333,38.56666666666667,0.0,5306.0,5306.0,0.9874714398639942,0.012528560136005807,0.0,0.0,0.0,0.0,1,여수,4,6,2024,spring,0,306.45814089600003,222.15807115200002,1721.170834848,1276.0835221439997,174.11113022400002,289.228938192
2024-04-29,639.968043024,3347.282744496,478.5673315680001,2.0,6039.0,65.24019473422752,35.75658486504388,15.0,94.0,5.888888888888888,7.222222222222222,0.788010753606722,0.6156614753256583,50.5,15.962264150943398,3.93,3039.733333333333,38.56666666666667,0.0,11952.0,11952.0,0.9874714398639942,0.012528560136005807,0.0,0.0,0.0,0.0,1,여수,4,0,2024,spring,0,312.966277632,352.576930176,1749.238956864,1749.11787,691.289880192,323.59034016
2024-04-30,983.956892544,4023.1964557439996,378.935196192,2.0,6039.0,65.24019473422752,35.75658486504388,16.6,88.0,2.5,4.5,-0.7660444431189779,-0.6427876096865395,0.2,35.2,17.74,3039.733333333333,38.56666666666667,0.0,12722.0,12722.0,0.9874714398639942,0.012528560136005807,0.0,0.0,0.0,0.0,1,여수,4,1,2024,spring,0,639.968043024,246.15968831999996,3347.282744496,1802.9582281439998,478.5673315680001,287.520898032
2024-05-01,366.64542432,2003.8967464320003,1683.758486592,2.0,7100.741935483871,51.404128237394545,36.17866093047977,14.8,77.0,4.638888888888888,7.361111111111111,0.8829475928589269,0.4694715627858908,0.5,16.59880239520958,13.08,3596.4193548387098,19.29032258064516,0.0,7112.0,7112.0,0.9946648585473783,0.005335141452621623,0.0,0.0,0.0,0.0,1,여수,5,2,2024,spring,0,983.956892544,197.41019788800003,4023.1964557439996,2019.2236989120001,378.935196192,511.591106592
2024-05-02,429.24516148799995,1718.382302496,182.45162462399998,2.0,7100.741935483871,51.404128237394545,36.17866093047977,14.2,72.0,2.5,5.194444444444444,0.9986295347545738,-0.0523359562429438,0.0,28.8,25.37,3596.4193548387098,19.29032258064516,0.0,5396.0,5396.0,0.9946648585473783,0.005335141452621623,0.0,0.0,0.0,0.0,1,여수,5,3,2024,spring,0,366.64542432,238.719767904,2003.8967464320003,2127.691694592,1683.758486592,729.339704064
2024-05-03,184.49983641600005,1556.7166398240001,168.59682216000004,2.0,7100.741935483871,51.404128237394545,36.17866093047977,14.9,78.0,1.8333333333333333,3.861111111111111,0.7071067811865476,-0.7071067811865475,0.0,42.54545454545455,26.04,3596.4193548387098,19.29032258064516,0.0,5230.0,5230.0,0.9946648585473783,0.005335141452621623,0.0,0.0,0.0,0.0,1,여수,5,4,2024,spring,0,429.24516148799995,368.462691504,1718.382302496,2177.6917584959997,182.45162462399998,547.006322304
2024-05-04,161.843779584,1755.5141393279998,574.1850630240001,2.0,7100.741935483871,51.404128237394545,36.17866093047977,17.0,70.0,2.611111111111111,4.166666666666667,0.9659258262890684,-0.2588190451025208,0.1,26.80851063829787,24.32,3596.4193548387098,19.29032258064516,0.0,6358.0,6358.0,0.9946648585473783,0.005335141452621623,0.0,0.0,0.0,0.0,1,여수,5,5,2024,spring,0,184.49983641600005,306.45814089600003,1556.7166398240001,1721.170834848,168.59682216000004,174.11113022400002
2024-05-05,403.5604570560001,2492.830665216,294.578197632,2.0,7100.741935483871,51.404128237394545,36.17866093047977,17.7,95.0,8.38888888888889,12.444444444444445,0.3746065934159122,-0.9271838545667872,78.1,11.324503311258278,3.35,3596.4193548387098,19.29032258064516,0.0,10643.0,10643.0,0.9946648585473783,0.005335141452621623,0.0,0.0,0.0,0.0,1,여수,5,6,2024,spring,0,161.843779584,312.966277632,1755.5141393279998,1749.238956864,574.1850630240001,691.289880192
2024-05-06,324.40093776,2530.1622492,296.49198096,2.0,7100.741935483871,51.404128237394545,36.17866093047977,17.0,84.0,5.666666666666666,8.666666666666666,-0.9659258262890684,-0.2588190451025206,40.4,14.823529411764708,16.93,3596.4193548387098,19.29032258064516,0.0,10753.0,10753.0,0.9946648585473783,0.005335141452621623,0.0,0.0,0.0,0.0,1,여수,5,0,2024,spring,0,403.5604570560001,639.968043024,2492.830665216,3347.282744496,294.578197632,478.5673315680001
2024-05-07,382.682197584,3655.264694688,384.949081872,2.0,7100.741935483871,51.404128237394545,36.17866093047977,15.9,79.0,5.5,7.027777777777778,-0.9876883405951378,0.1564344650402306,5.1,14.363636363636363,19.44,3596.4193548387098,19.29032258064516,0.0,12818.0,12818.0,0.9946648585473783,0.005335141452621623,0.0,0.0,0.0,0.0,1,여수,5,1,2024,spring,0,324.40093776,983.956892544,2530.1622492,4023.1964557439996,296.49198096,378.935196192
2024-05-08,112.410183168,3398.8765720320002,355.360835808,2.0,7100.741935483871,51.404128237394545,36.17866093047977,13.8,76.0,4.861111111111111,7.222222222222222,0.7313537016191705,0.6819983600624985,9.0,15.634285714285715,16.71,3596.4193548387098,19.29032258064516,0.0,11052.0,11052.0,0.9946648585473783,0.005335141452621623,0.0,0.0,0.0,0.0,1,여수,5,2,2024,spring,0,382.682197584,366.64542432,3655.264694688,2003.8967464320003,384.949081872,1683.758486592
2024-05-09,129.559386528,2179.005113664,3372.5121451200002,2.0,7100.741935483871,51.404128237394545,36.17866093047977,15.8,72.0,3.1111111111111107,5.611111111111111,-0.9743700647852352,-0.2249510543438652,0.0,23.142857142857142,26.22,3596.4193548387098,19.29032258064516,0.0,7126.0,7126.0,0.9946648585473783,0.005335141452621623,0.0,0.0,0.0,0.0,1,여수,5,3,2024,spring,0,112.410183168,429.24516148799995,3398.8765720320002,1718.382302496,355.360835808,182.45162462399998
2024-05-10,128.46022502399998,1679.4728778239999,194.79455956799995,2.0,7100.741935483871,51.404128237394545,36.17866093047977,16.2,68.0,3.194444444444444,4.555555555555555,-0.6819983600624984,-0.7313537016191706,0.0,21.286956521739132,26.8,3596.4193548387098,19.29032258064516,0.0,5295.0,5295.0,0.9946648585473783,0.005335141452621623,0.0,0.0,0.0,0.0,1,여수,5,4,2024,spring,0,129.559386528,184.49983641600005,2179.005113664,1556.7166398240001,3372.5121451200002,168.59682216000004
2024-05-11,281.914031232,1751.058338688,190.497587328,2.0,7100.741935483871,51.404128237394545,36.17866093047977,18.3,86.0,5.694444444444445,8.472222222222221,-0.1736481776669304,-0.984807753012208,14.5,15.102439024390245,16.21,3596.4193548387098,19.29032258064516,0.0,5725.0,5725.0,0.9946648585473783,0.005335141452621623,0.0,0.0,0.0,0.0,1,여수,5,5,2024,spring,0,128.46022502399998,161.843779584,1679.4728778239999,1755.5141393279998,194.79455956799995,574.1850630240001
2024-05-12,99.451975968,1562.8982680800002,622.934993808,2.0,7100.741935483871,51.404128237394545,36.17866093047977,18.6,75.0,4.0,8.027777777777777,-0.945518575599317,0.3255681544571563,10.6,18.75,17.85,3596.4193548387098,19.29032258064516,0.0,5806.0,5806.0,0.9946648585473783,0.005335141452621623,0.0,0.0,0.0,0.0,1,여수,5,6,2024,spring,0,281.914031232,403.5604570560001,1751.058338688,2492.830665216,190.497587328,294.578197632
2024-05-13,192.40369804800002,1039.382117856,717.1650576,2.0,7100.741935483871,51.404128237394545,36.17866093047977,16.6,68.0,2.5,4.805555555555555,0.8829475928589269,0.4694715627858908,0.0,27.2,26.91,3596.4193548387098,19.29032258064516,0.0,6602.0,6602.0,0.9946648585473783,0.005335141452621623,0.0,0.0,0.0,0.0,1,여수,5,0,2024,spring,0,99.451975968,324.40093776,1562.8982680800002,2530.1622492,622.934993808,296.49198096
2024-05-14,221.417578944,1392.6708781920001,232.201210032,2.0,7100.741935483871,51.404128237394545,36.17866093047977,17.1,79.0,2.0833333333333335,3.6944444444444446,-0.0697564737441252,-0.9975640502598242,0.0,37.919999999999995,27.13,3596.4193548387098,19.29032258064516,0.0,6744.0,6744.0,0.9946648585473783,0.005335141452621623,0.0,0.0,0.0,0.0,1,여수,5,1,2024,spring,0,192.40369804800002,382.682197584,1039.382117856,3655.264694688,717.1650576,384.949081872
2024-05-15,244.20930796800002,1554.62206896,241.732138176,2.0,7100.741935483871,51.404128237394545,36.17866093047977,16.4,66.0,5.083333333333333,8.63888888888889,-0.9998476951563912,0.0174524064372831,0.7,12.98360655737705,27.06,3596.4193548387098,19.29032258064516,0.0,6979.0,6979.0,0.9946648585473783,0.005335141452621623,0.0,0.0,0.0,0.0,1,여수,5,2,2024,spring,0,221.417578944,112.410183168,1392.6708781920001,3398.8765720320002,232.201210032,355.360835808
2024-05-16,176.41349884800002,1432.717395984,244.37015524800003,2.0,7100.741935483871,51.404128237394545,36.17866093047977,15.4,60.0,7.305555555555555,10.694444444444445,-0.9659258262890684,0.2588190451025203,0.2,8.212927756653993,27.33,3596.4193548387098,19.29032258064516,0.0,6142.0,6142.0,0.9946648585473783,0.005335141452621623,0.0,0.0,0.0,0.0,1,여수,5,3,2024,spring,0,244.20930796800002,129.559386528,1554.62206896,2179.005113664,241.732138176,3372.5121451200002
2024-05-17,244.44903297600007,1898.6523284159998,246.42184392,2.0,7100.741935483871,51.404128237394545,36.17866093047977,17.5,69.0,3.5277777777777777,6.361111111111111,-0.7660444431189779,-0.6427876096865395,0.0,19.559055118110237,26.67,3596.4193548387098,19.29032258064516,0.0,7161.0,7161.0,0.9946648585473783,0.005335141452621623,0.0,0.0,0.0,0.0,1,여수,5,4,2024,spring,0,176.41349884800002,128.46022502399998,1432.717395984,1679.4728778239999,244.37015524800003,194.79455956799995
2024-05-18,118.770084864,1605.045730176,218.317176288,2.0,7100.741935483871,51.404128237394545,36.17866093047977,17.4,83.0,1.7222222222222223,2.8055555555555554,0.1045284632676537,-0.9945218953682732,0.0,48.19354838709677,26.6,3596.4193548387098,19.29032258064516,0.0,6547.0,6547.0,0.9946648585473783,0.005335141452621623,0.0,0.0,0.0,0.0,1,여수,5,5,2024,spring,0,244.44903297600007,281.914031232,1898.6523284159998,1751.058338688,246.42184392,190.497587328
2024-05-19,11.090147040000002,1542.3225919200001,214.781513328,2.0,7100.741935483871,51.404128237394545,36.17866093047977,19.9,63.0,2.388888888888889,3.9722222222222223,-0.9781476007338056,0.2079116908177594,0.0,26.372093023255815,27.27,3596.4193548387098,19.29032258064516,0.0,6686.0,6686.0,0.9946648585473783,0.005335141452621623,0.0,0.0,0.0,0.0,1,여수,5,6,2024,spring,0,118.770084864,99.451975968,1605.045730176,1562.8982680800002,218.317176288,622.934993808
2024-05-20,94.488183072,1796.2018331040001,235.814540976,2.0,7100.741935483871,51.404128237394545,36.17866093047977,21.3,54.0,3.083333333333333,4.861111111111111,-0.9975640502598244,0.0697564737441252,0.0,17.513513513513516,26.7,3596.4193548387098,19.29032258064516,0.0,7367.0,7367.0,0.9946648585473783,0.005335141452621623,0.0,0.0,0.0,0.0,1,여수,5,0,2024,spring,0,11.090147040000002,192.40369804800002,1542.3225919200001,1039.382117856,214.781513328,717.1650576
2024-05-21,163.58240664000002,1740.451078656,230.277792096,2.0,7100.741935483871,51.404128237394545,36.17866093047977,19.0,74.0,3.8333333333333335,5.416666666666667,0.9998476951563912,0.0174524064372836,0.0,19.304347826086957,26.65,3596.4193548387098,19.29032258064516,0.0,6790.0,6790.0,0.9946648585473783,0.005335141452621623,0.0,0.0,0.0,0.0,1,여수,5,1,2024,spring,0,94.488183072,221.417578944,1796.2018331040001,1392.6708781920001,235.814540976,232.201210032
2024-05-22,148.273677792,1709.2252536479998,201.19355251200005,2.0,7100.741935483871,51.404128237394545,36.17866093047977,18.8,76.0,2.3333333333333335,3.6666666666666665,0.8746197071393959,-0.484809620246337,0.0,32.57142857142857,22.87,3596.4193548387098,19.29032258064516,0.0,6671.0,6671.0,0.9946648585473783,0.005335141452621623,0.0,0.0,0.0,0.0,1,여수,5,2,2024,spring,0,163.58240664000002,244.20930796800002,1740.451078656,1554.62206896,230.277792096,241.732138176
2024-05-23,218.52457632000002,2030.0320454399996,206.235983808,2.0,7100.741935483871,51.404128237394545,36.17866093047977,22.1,68.0,3.194444444444444,5.638888888888889,-0.9510565162951536,-0.3090169943749475,0.0,21.286956521739132,26.4,3596.4193548387098,19.29032258064516,0.0,7113.0,7113.0,0.9946648585473783,0.005335141452621623,0.0,0.0,0.0,0.0,1,여수,5,3,2024,spring,0,148.273677792,176.41349884800002,1709.2252536479998,1432.717395984,201.19355251200005,244.37015524800003
2024-05-24,238.65590073600004,1990.1140813440002,218.398018752,2.0,7100.741935483871,51.404128237394545,36.17866093047977,20.7,60.0,3.2499999999999996,6.222222222222221,0.8910065241883679,-0.4539904997395467,0.0,18.461538461538463,27.09,3596.4193548387098,19.29032258064516,0.0,6949.0,6949.0,0.9946648585473783,0.005335141452621623,0.0,0.0,0.0,0.0,1,여수,5,4,2024,spring,0,218.52457632000002,244.44903297600007,2030.0320454399996,1898.6523284159998,206.235983808,246.42184392
2024-05-25,299.93838739200004,1673.933601312,211.69296633599998,2.0,7100.741935483871,51.404128237394545,36.17866093047977,19.8,55.0,4.333333333333333,5.722222222222222,0.9975640502598242,0.0697564737441252,0.0,12.692307692307692,26.05,3596.4193548387098,19.29032258064516,0.0,6369.0,6369.0,0.9946648585473783,0.005335141452621623,0.0,0.0,0.0,0.0,1,여수,5,5,2024,spring,0,238.65590073600004,118.770084864,1990.1140813440002,1605.045730176,218.398018752,218.317176288
2024-05-26,202.82045644800002,1528.283830032,200.033764992,2.0,7100.741935483871,51.404128237394545,36.17866093047977,19.4,82.0,4.416666666666667,6.833333333333334,0.4999999999999999,-0.8660254037844387,2.2,18.566037735849054,18.27,3596.4193548387098,19.29032258064516,0.0,6017.0,6017.0,0.9946648585473783,0.005335141452621623,0.0,0.0,0.0,0.0,1,여수,5,6,2024,spring,0,299.93838739200004,11.090147040000002,1673.933601312,1542.3225919200001,211.69296633599998,214.781513328
2024-05-27,163.64004249599998,1613.0232760319998,213.12989568000003,2.0,7100.741935483871,51.404128237394545,36.17866093047977,21.1,59.0,5.333333333333333,6.499999999999999,-0.8290375725550416,0.559192903470747,1.4,11.0625,22.78,3596.4193548387098,19.29032258064516,0.0,6645.0,6645.0,0.9946648585473783,0.005335141452621623,0.0,0.0,0.0,0.0,1,여수,5,0,2024,spring,0,202.82045644800002,94.488183072,1528.283830032,1796.2018331040001,200.033764992,235.814540976
2024-05-28,280.115698176,1845.067636944,222.18091228800003,2.0,7100.741935483871,51.404128237394545,36.17866093047977,19.7,58.0,3.194444444444444,5.916666666666667,0.7431448254773942,0.6691306063588582,0.0,18.156521739130437,23.77,3596.4193548387098,19.29032258064516,0.0,7127.0,7127.0,0.9946648585473783,0.005335141452621623,0.0,0.0,0.0,0.0,1,여수,5,1,2024,spring,0,163.64004249599998,163.58240664000002,1613.0232760319998,1740.451078656,213.12989568000003,230.277792096
2024-05-29,459.5896584,1780.2177732,179.38691438400002,2.0,7100.741935483871,51.404128237394545,36.17866093047977,19.8,71.0,2.5277777777777777,5.166666666666667,-0.7986355100472928,-0.6018150231520483,0.0,28.087912087912088,27.11,3596.4193548387098,19.29032258064516,0.0,6330.0,6330.0,0.9946648585473783,0.005335141452621623,0.0,0.0,0.0,0.0,1,여수,5,2,2024,spring,0,280.115698176,148.273677792,1845.067636944,1709.2252536479998,222.18091228800003,201.19355251200005
2024-05-30,565.208632944,1603.499381568,166.820152464,2.0,7100.741935483871,51.404128237394545,36.17866093047977,19.6,68.0,2.0277777777777777,3.3055555555555554,0.3907311284892737,-0.9205048534524404,0.2,33.534246575342465,15.55,3596.4193548387098,19.29032258064516,0.0,6387.0,6387.0,0.9946648585473783,0.005335141452621623,0.0,0.0,0.0,0.0,1,여수,5,3,2024,spring,0,459.5896584,218.52457632000002,1780.2177732,2030.0320454399996,179.38691438400002,206.235983808
2024-05-31,397.36646265600007,1465.0992478080002,160.802188848,2.0,7100.741935483871,51.404128237394545,36.17866093047977,20.9,62.0,3.6944444444444446,7.055555555555555,-0.9902680687415704,-0.1391731009600658,0.5,16.781954887218046,23.14,3596.4193548387098,19.29032258064516,0.0,6183.0,6183.0,0.9946648585473783,0.005335141452621623,0.0,0.0,0.0,0.0,1,여수,5,4,2024,spring,0,565.208632944,238.65590073600004,1603.499381568,1990.1140813440002,166.820152464,218.398018752
2024-06-01,583.63447104,1559.8517976,178.83288446400002,2.0,6625.366666666667,57.10476622677487,36.88424202937196,21.4,53.0,5.305555555555556,6.722222222222221,-0.7986355100472932,0.6018150231520479,0.0,9.989528795811516,26.55,3454.1,9.533333333333333,0.0,6669.0,6669.0,0.9972475916426874,0.0027524083573126487,0.0,0.0,0.0,0.0,1,여수,6,5,2024,summer,0,397.36646265600007,299.93838739200004,1465.0992478080002,1673.933601312,160.802188848,211.69296633599998
2024-06-02,1135.38639168,1582.982759808,185.167101888,2.0,6625.366666666667,57.10476622677487,36.88424202937196,21.2,51.0,2.2222222222222223,5.472222222222222,-0.7193398003386512,0.6946583704589973,0.0,22.95,21.6,3454.1,9.533333333333333,0.0,6967.0,6967.0,0.9972475916426874,0.0027524083573126487,0.0,0.0,0.0,0.0,1,여수,6,6,2024,summer,0,583.63447104,202.82045644800002,1559.8517976,1528.283830032,178.83288446400002,200.033764992
2024-06-03,688.507497072,1446.5280736800003,176.63476104000003,2.0,6625.366666666667,57.10476622677487,36.88424202937196,19.1,76.0,3.1666666666666665,4.833333333333333,0.8480480961564261,-0.5299192642332048,0.2,24.0,23.77,3454.1,9.533333333333333,0.0,6547.0,6547.0,0.9972475916426874,0.0027524083573126487,0.0,0.0,0.0,0.0,1,여수,6,0,2024,summer,0,1135.38639168,163.64004249599998,1582.982759808,1613.0232760319998,185.167101888,213.12989568000003
2024-06-04,243.670597632,1334.650318848,170.531842176,2.0,6625.366666666667,57.10476622677487,36.88424202937196,19.3,71.0,2.833333333333333,6.305555555555555,0.9612616959383188,-0.275637355816999,0.1,25.058823529411768,25.88,3454.1,9.533333333333333,0.0,6812.0,6812.0,0.9972475916426874,0.0027524083573126487,0.0,0.0,0.0,0.0,1,여수,6,1,2024,summer,0,688.507497072,280.115698176,1446.5280736800003,1845.067636944,176.63476104000003,222.18091228800003
2024-06-05,0.0,0.0,0.0,2.0,6625.366666666667,57.10476622677487,36.88424202937196,19.3,75.0,2.5277777777777777,5.111111111111111,0.9135454576426008,-0.4067366430758002,0.0,29.67032967032967,21.74,3454.1,9.533333333333333,0.0,7365.0,7365.0,0.9972475916426874,0.0027524083573126487,0.0,0.0,0.0,0.0,1,여수,6,2,2024,summer,0,243.670597632,459.5896584,1334.650318848,1780.2177732,170.531842176,179.38691438400002
2024-06-06,0.0,0.0,0.0,2.0,6625.366666666667,57.10476622677487,36.88424202937196,20.0,72.0,2.0277777777777777,4.194444444444445,0.8090169943749475,-0.587785252292473,0.6,35.50684931506849,14.46,3454.1,9.533333333333333,0.0,7513.0,7513.0,0.9972475916426874,0.0027524083573126487,0.0,0.0,0.0,0.0,1,여수,6,3,2024,summer,0,0.0,565.208632944,0.0,1603.499381568,0.0,166.820152464
2024-06-07,0.0,0.0,0.0,2.0,6625.366666666667,57.10476622677487,36.88424202937196,20.8,73.0,2.055555555555556,4.111111111111112,0.3255681544571566,-0.9455185755993168,0.0,35.51351351351351,20.56,3454.1,9.533333333333333,0.0,6745.0,6745.0,0.9972475916426874,0.0027524083573126487,0.0,0.0,0.0,0.0,1,여수,6,4,2024,summer,0,0.0,397.36646265600007,0.0,1465.0992478080002,0.0,160.802188848
2024-06-08,0.0,0.0,0.0,2.0,6625.366666666667,57.10476622677487,36.88424202937196,19.7,90.0,3.2499999999999996,7.222222222222222,0.9455185755993168,-0.3255681544571566,28.2,27.692307692307697,8.0,3454.1,9.533333333333333,0.0,6030.0,6030.0,0.9972475916426874,0.0027524083573126487,0.0,0.0,0.0,0.0,1,여수,6,5,2024,summer,0,0.0,583.63447104,0.0,1559.8517976,0.0,178.83288446400002
2024-06-09,0.0,0.0,0.0,2.0,6625.366666666667,57.10476622677487,36.88424202937196,21.8,81.0,3.4444444444444446,4.805555555555555,0.8571673007021123,0.5150380749100542,0.2,23.516129032258064,18.49,3454.1,9.533333333333333,0.0,6282.0,6282.0,0.9972475916426874,0.0027524083573126487,0.0,0.0,0.0,0.0,1,여수,6,6,2024,summer,0,0.0,1135.38639168,0.0,1582.982759808,0.0,185.167101888
2024-06-10,0.0,0.0,0.0,2.0,6625.366666666667,57.10476622677487,36.88424202937196,22.4,75.0,3.0277777777777777,5.305555555555556,-0.7880107536067221,-0.6156614753256581,0.0,24.770642201834864,25.74,3454.1,9.533333333333333,0.0,6870.0,6870.0,0.9972475916426874,0.0027524083573126487,0.0,0.0,0.0,0.0,1,여수,6,0,2024,summer,0,0.0,688.507497072,0.0,1446.5280736800003,0.0,176.63476104000003
2024-06-11,0.0,0.0,0.0,2.0,6625.366666666667,57.10476622677487,36.88424202937196,23.0,67.0,3.3888888888888884,5.194444444444444,-0.7313537016191703,-0.6819983600624986,0.0,19.77049180327869,23.59,3454.1,9.533333333333333,0.0,6272.0,6272.0,0.9972475916426874,0.0027524083573126487,0.0,0.0,0.0,0.0,1,여수,6,1,2024,summer,0,0.0,243.670597632,0.0,1334.650318848,0.0,170.531842176
2024-06-12,636.565750704,1223.382135456,232.42688726400002,2.0,6625.366666666667,57.10476622677487,36.88424202937196,23.5,70.0,2.888888888888889,5.805555555555555,-0.6819983600624984,-0.7313537016191706,0.0,24.23076923076923,26.53,3454.1,9.533333333333333,0.0,6503.0,6503.0,0.9972475916426874,0.0027524083573126487,0.0,0.0,0.0,0.0,1,여수,6,2,2024,summer,0,0.0,0.0,0.0,0.0,0.0,0.0
2024-06-13,885.6050656319999,1982.0684802239998,182.03800535999997,2.0,6625.366666666667,57.10476622677487,36.88424202937196,24.6,59.0,2.5277777777777777,4.722222222222222,-0.5591929034707467,-0.8290375725550418,0.0,23.340659340659343,27.08,3454.1,9.533333333333333,0.0,6948.0,6948.0,0.9972475916426874,0.0027524083573126487,0.0,0.0,0.0,0.0,1,여수,6,3,2024,summer,0,636.565750704,0.0,1223.382135456,0.0,232.42688726400002,0.0
2024-06-14,819.1939831200001,1583.33681592,155.89998849600002,2.0,6625.366666666667,57.10476622677487,36.88424202937196,23.5,74.0,2.1944444444444446,4.416666666666667,-0.0523359562429435,-0.9986295347545738,0.0,33.72151898734177,25.84,3454.1,9.533333333333333,0.0,6437.0,6437.0,0.9972475916426874,0.0027524083573126487,0.0,0.0,0.0,0.0,1,여수,6,4,2024,summer,0,885.6050656319999,0.0,1982.0684802239998,0.0,182.03800535999997,0.0
2024-06-15,591.015737088,1359.054087552,137.926651968,2.0,6625.366666666667,57.10476622677487,36.88424202937196,25.6,67.0,2.75,5.555555555555555,-0.8987940462991668,-0.4383711467890777,0.0,24.363636363636363,24.99,3454.1,9.533333333333333,0.0,6050.0,6050.0,0.9972475916426874,0.0027524083573126487,0.0,0.0,0.0,0.0,1,여수,6,5,2024,summer,0,819.1939831200001,0.0,1583.33681592,0.0,155.89998849600002,0.0
2024-06-16,554.0227165439999,1448.8669958399998,149.01493118399998,2.0,6625.366666666667,57.10476622677487,36.88424202937196,26.3,55.0,4.25,5.75,-0.9063077870366498,0.4226182617406996,0.0,12.941176470588236,25.59,3454.1,9.533333333333333,0.0,6787.0,6787.0,0.9972475916426874,0.0027524083573126487,0.0,0.0,0.0,0.0,1,여수,6,6,2024,summer,0,591.015737088,0.0,1359.054087552,0.0,137.926651968,0.0
2024-06-17,619.0636354559999,1432.838762496,159.19796735999998,2.0,6625.366666666667,57.10476622677487,36.88424202937196,22.8,64.0,2.305555555555556,3.611111111111111,-0.587785252292473,-0.8090169943749475,0.0,27.75903614457831,12.14,3454.1,9.533333333333333,0.0,6743.0,6743.0,0.9972475916426874,0.0027524083573126487,0.0,0.0,0.0,0.0,1,여수,6,0,2024,summer,0,554.0227165439999,0.0,1448.8669958399998,0.0,149.01493118399998,0.0
2024-06-18,704.2365089280001,1358.9784840959999,156.095589888,2.0,6625.366666666667,57.10476622677487,36.88424202937196,26.0,50.0,3.5277777777777777,7.138888888888888,-0.9781476007338056,-0.2079116908177598,0.0,14.173228346456693,27.86,3454.1,9.533333333333333,0.0,6663.0,6663.0,0.9972475916426874,0.0027524083573126487,0.0,0.0,0.0,0.0,1,여수,6,1,2024,summer,0,619.0636354559999,0.0,1432.838762496,0.0,159.19796735999998,0.0
2024-06-19,1051.69336848,1814.8690871999997,196.29143035199996,2.0,6625.366666666667,57.10476622677487,36.88424202937196,25.3,56.0,2.833333333333333,5.027777777777778,-0.0697564737441252,-0.9975640502598242,0.0,19.764705882352946,23.49,3454.1,9.533333333333333,0.0,6692.0,6692.0,0.9972475916426874,0.0027524083573126487,0.0,0.0,0.0,0.0,1,여수,6,2,2024,summer,0,704.2365089280001,636.565750704,1358.9784840959999,1223.382135456,156.095589888,232.42688726400002
2024-06-20,1131.367260672,2054.888642016,198.867309552,2.0,6625.366666666667,57.10476622677487,36.88424202937196,22.0,82.0,4.472222222222222,7.138888888888888,0.9510565162951536,-0.3090169943749473,1.8,18.335403726708073,7.38,3454.1,9.533333333333333,0.0,6631.0,6631.0,0.9972475916426874,0.0027524083573126487,0.0,0.0,0.0,0.0,1,여수,6,3,2024,summer,0,1051.69336848,885.6050656319999,1814.8690871999997,1982.0684802239998,196.29143035199996,182.03800535999997
2024-06-21,1189.1592387360001,1874.9383027200004,199.38283243200004,2.0,6625.366666666667,57.10476622677487,36.88424202937196,23.3,81.0,3.0,5.111111111111111,0.5150380749100544,-0.8571673007021122,0.1,27.0,23.27,3454.1,9.533333333333333,0.0,6853.0,6853.0,0.9972475916426874,0.0027524083573126487,0.0,0.0,0.0,0.0,1,여수,6,4,2024,summer,0,1131.367260672,819.1939831200001,2054.888642016,1583.33681592,198.867309552,155.89998849600002
2024-06-22,1387.830314304,1677.4475647680001,190.832118048,2.0,6625.366666666667,57.10476622677487,36.88424202937196,23.1,96.0,5.055555555555555,8.333333333333334,-0.3255681544571567,-0.9455185755993168,49.6,18.98901098901099,3.46,3454.1,9.533333333333333,0.0,7078.0,7078.0,0.9972475916426874,0.0027524083573126487,0.0,0.0,0.0,0.0,1,여수,6,5,2024,summer,0,1189.1592387360001,591.015737088,1874.9383027200004,1359.054087552,199.38283243200004,137.926651968
2024-06-23,993.300395616,1317.367770624,203.55601852799998,2.0,6625.366666666667,57.10476622677487,36.88424202937196,24.5,85.0,5.249999999999999,7.222222222222222,-0.9902680687415704,-0.1391731009600658,5.7,16.190476190476193,12.49,3454.1,9.533333333333333,0.0,6086.0,6086.0,0.9972475916426874,0.0027524083573126487,0.0,0.0,0.0,0.0,1,여수,6,6,2024,summer,0,1387.830314304,554.0227165439999,1677.4475647680001,1448.8669958399998,190.832118048,149.01493118399998
2024-06-24,1050.872981904,2033.212503024,569.344883472,2.0,6625.366666666667,57.10476622677487,36.88424202937196,24.1,86.0,4.833333333333333,7.222222222222222,-0.7880107536067221,-0.6156614753256581,0.7,17.793103448275865,19.94,3454.1,9.533333333333333,0.0,8761.0,8761.0,0.9972475916426874,0.0027524083573126487,0.0,0.0,0.0,0.0,1,여수,6,0,2024,summer,0,993.300395616,619.0636354559999,1317.367770624,1432.838762496,203.55601852799998,159.19796735999998
2024-06-25,1201.846949568,2692.474160256,3647.271096432,2.0,6625.366666666667,57.10476622677487,36.88424202937196,23.2,66.0,3.333333333333333,5.194444444444444,-0.9335804264972016,0.3583679495453004,0.0,19.8,17.02,3454.1,9.533333333333333,0.0,8617.0,8617.0,0.9972475916426874,0.0027524083573126487,0.0,0.0,0.0,0.0,1,여수,6,1,2024,summer,0,1050.872981904,704.2365089280001,2033.212503024,1358.9784840959999,569.344883472,156.095589888
2024-06-26,790.4461629599999,2309.844466944,282.206152944,2.0,6625.366666666667,57.10476622677487,36.88424202937196,22.3,68.0,2.361111111111111,3.5833333333333335,-0.587785252292473,-0.8090169943749475,0.0,28.8,22.21,3454.1,9.533333333333333,0.0,6093.0,6093.0,0.9972475916426874,0.0027524083573126487,0.0,0.0,0.0,0.0,1,여수,6,2,2024,summer,0,1201.846949568,1051.69336848,2692.474160256,1814.8690871999997,3647.271096432,196.29143035199996
2024-06-27,787.848014592,1886.576234112,212.099822784,2.0,6625.366666666667,57.10476622677487,36.88424202937196,20.4,86.0,2.1944444444444446,4.527777777777778,0.9743700647852352,0.2249510543438649,9.4,39.189873417721515,7.43,3454.1,9.533333333333333,0.0,5354.0,5354.0,0.9972475916426874,0.0027524083573126487,0.0,0.0,0.0,0.0,1,여수,6,3,2024,summer,0,790.4461629599999,1131.367260672,2309.844466944,2054.888642016,282.206152944,198.867309552
2024-06-28,930.25242432,2014.1597793600001,180.006426,2.0,6625.366666666667,57.10476622677487,36.88424202937196,21.7,85.0,2.4722222222222223,5.194444444444444,0.1218693434051475,-0.992546151641322,0.0,34.38202247191011,26.92,3454.1,9.533333333333333,0.0,5735.0,5735.0,0.9972475916426874,0.0027524083573126487,0.0,0.0,0.0,0.0,1,여수,6,4,2024,summer,0,787.848014592,1189.1592387360001,1886.576234112,1874.9383027200004,212.099822784,199.38283243200004
2024-06-29,697.5429278400001,1765.0835395200002,169.306651872,2.0,6625.366666666667,57.10476622677487,36.88424202937196,22.3,96.0,4.444444444444445,8.88888888888889,-0.0523359562429435,-0.9986295347545738,62.8,21.6,5.1,3454.1,9.533333333333333,0.0,5368.0,5368.0,0.9972475916426874,0.0027524083573126487,0.0,0.0,0.0,0.0,1,여수,6,5,2024,summer,0,930.25242432,1387.830314304,2014.1597793600001,1677.4475647680001,180.006426,190.832118048
2024-06-30,647.424129744,1726.7370121439997,227.054548224,2.0,6625.366666666667,57.10476622677487,36.88424202937196,23.5,96.0,7.222222222222222,9.72222222222222,-0.6819983600624984,-0.7313537016191706,38.0,13.292307692307691,6.71,3454.1,9.533333333333333,0.0,5290.0,5290.0,0.9972475916426874,0.0027524083573126487,0.0,0.0,0.0,0.0,1,여수,6,6,2024,summer,0,697.5429278400001,993.300395616,1765.0835395200002,1317.367770624,169.306651872,203.55601852799998
2024-07-01,1265.9464005120003,2899.570521312,446.14036483200005,2.0,9371.709677419354,64.93063826271928,36.472400016521924,24.0,93.0,3.638888888888889,5.194444444444444,-0.6946583704589974,-0.7193398003386511,0.5,25.557251908396942,21.34,5108.5161290322585,34.61290322580645,0.0,9524.0,9524.0,0.993270069055489,0.006729930944510997,0.0,0.0,0.0,0.0,1,여수,7,0,2024,summer,0,647.424129744,1050.872981904,1726.7370121439997,2033.212503024,227.054548224,569.344883472
2024-07-02,1584.945559584,4358.28052008,462.04928164800003,2.0,9371.709677419354,64.93063826271928,36.472400016521924,24.1,94.0,6.055555555555555,8.277777777777779,-0.1564344650402307,-0.9876883405951378,21.5,15.522935779816514,17.38,5108.5161290322585,34.61290322580645,0.0,13902.0,13902.0,0.993270069055489,0.006729930944510997,0.0,0.0,0.0,0.0,1,여수,7,1,2024,summer,0,1265.9464005120003,1201.846949568,2899.570521312,2692.474160256,446.14036483200005,3647.271096432
2024-07-03,1399.967634528,4304.233639151999,450.265791456,2.0,9371.709677419354,64.93063826271928,36.472400016521924,25.4,90.0,5.972222222222222,7.611111111111111,-0.6018150231520484,-0.7986355100472928,3.1,15.069767441860463,22.05,5108.5161290322585,34.61290322580645,0.0,13271.0,13271.0,0.993270069055489,0.006729930944510997,0.0,0.0,0.0,0.0,1,여수,7,2,2024,summer,0,1584.945559584,790.4461629599999,4358.28052008,2309.844466944,462.04928164800003,282.206152944
2024-07-04,1644.880792176,4215.3848028,406.71415497600003,2.0,9371.709677419354,64.93063826271928,36.472400016521924,24.8,93.0,3.2499999999999996,5.416666666666667,-0.5446390350150271,-0.838670567945424,0.0,28.61538461538462,24.11,5108.5161290322585,34.61290322580645,0.0,12519.0,12519.0,0.993270069055489,0.006729930944510997,0.0,0.0,0.0,0.0,1,여수,7,3,2024,summer,0,1399.967634528,787.848014592,4304.233639151999,1886.576234112,450.265791456,212.099822784
2024-07-05,1289.7277273440002,4512.87593064,456.440755968,2.0,9371.709677419354,64.93063826271928,36.472400016521924,26.0,86.0,5.0,6.416666666666667,-0.8090169943749473,-0.5877852522924732,0.4,17.2,22.01,5108.5161290322585,34.61290322580645,0.0,13260.0,13260.0,0.993270069055489,0.006729930944510997,0.0,0.0,0.0,0.0,1,여수,7,4,2024,summer,0,1644.880792176,930.25242432,4215.3848028,2014.1597793600001,406.71415497600003,180.006426
2024-07-06,206.79473145600002,2752.4650361760005,1579.34412216,2.0,9371.709677419354,64.93063826271928,36.472400016521924,25.1,92.0,3.083333333333333,4.861111111111111,-0.1391731009600655,-0.9902680687415704,0.0,29.83783783783784,23.98,5108.5161290322585,34.61290322580645,0.0,9012.0,9012.0,0.993270069055489,0.006729930944510997,0.0,0.0,0.0,0.0,1,여수,7,5,2024,summer,0,1289.7277273440002,697.5429278400001,4512.87593064,1765.0835395200002,456.440755968,169.306651872
2024-07-07,136.89865728,2398.2616627200005,280.32690672000007,2.0,9371.709677419354,64.93063826271928,36.472400016521924,26.5,87.0,5.305555555555556,7.305555555555555,-0.6691306063588582,-0.7431448254773942,0.2,16.397905759162303,20.01,5108.5161290322585,34.61290322580645,0.0,7183.0,7183.0,0.993270069055489,0.006729930944510997,0.0,0.0,0.0,0.0,1,여수,7,6,2024,summer,0,206.79473145600002,647.424129744,2752.4650361760005,1726.7370121439997,1579.34412216,227.054548224
2024-07-08,530.375637888,3011.2783153919995,582.644984112,2.0,9371.709677419354,64.93063826271928,36.472400016521924,25.8,90.0,4.694444444444444,6.388888888888888,-0.6427876096865393,-0.766044443118978,0.4,19.1715976331361,12.22,5108.5161290322585,34.61290322580645,0.0,10791.0,10791.0,0.993270069055489,0.006729930944510997,0.0,0.0,0.0,0.0,1,여수,7,0,2024,summer,0,136.89865728,1265.9464005120003,2398.2616627200005,2899.570521312,280.32690672000007,446.14036483200005
2024-07-09,1113.49855368,3568.4794595519998,479.94237014399994,2.0,9371.709677419354,64.93063826271928,36.472400016521924,25.1,94.0,3.611111111111111,5.944444444444444,-0.4694715627858908,-0.8829475928589269,3.7,26.03076923076923,11.42,5108.5161290322585,34.61290322580645,0.0,12997.0,12997.0,0.993270069055489,0.006729930944510997,0.0,0.0,0.0,0.0,1,여수,7,1,2024,summer,0,530.375637888,1584.945559584,3011.2783153919995,4358.28052008,582.644984112,462.04928164800003
2024-07-10,816.7072933439999,3943.3078320480004,460.671965712,2.0,9371.709677419354,64.93063826271928,36.472400016521924,25.1,89.0,7.0,9.833333333333332,-0.6946583704589974,-0.7193398003386511,31.1,12.714285714285714,15.79,5108.5161290322585,34.61290322580645,0.0,12407.0,12407.0,0.993270069055489,0.006729930944510997,0.0,0.0,0.0,0.0,1,여수,7,2,2024,summer,0,1113.49855368,1399.967634528,3568.4794595519998,4304.233639151999,479.94237014399994,450.265791456
2024-07-11,439.90245936,2121.08957424,213.78804480000002,2.0,9371.709677419354,64.93063826271928,36.472400016521924,23.5,90.0,2.5833333333333335,4.666666666666667,-0.9659258262890684,-0.2588190451025206,1.4,34.83870967741935,13.3,5108.5161290322585,34.61290322580645,0.0,7007.0,7007.0,0.993270069055489,0.006729930944510997,0.0,0.0,0.0,0.0,1,여수,7,3,2024,summer,0,816.7072933439999,1644.880792176,3943.3078320480004,4215.3848028,460.671965712,406.71415497600003
2024-07-12,298.682050752,2113.064060544,211.69586087999997,2.0,9371.709677419354,64.93063826271928,36.472400016521924,23.9,89.0,2.5,4.194444444444445,-0.4848096202463369,-0.8746197071393959,0.6,35.6,25.59,5108.5161290322585,34.61290322580645,0.0,7016.0,7016.0,0.993270069055489,0.006729930944510997,0.0,0.0,0.0,0.0,1,여수,7,4,2024,summer,0,439.90245936,1289.7277273440002,2121.08957424,4512.87593064,213.78804480000002,456.440755968
2024-07-13,241.47577036800004,2053.6220649600004,212.277924,2.0,9371.709677419354,64.93063826271928,36.472400016521924,23.6,87.0,2.3333333333333335,4.111111111111112,0.7547095802227721,-0.6560590289905072,2.7,37.285714285714285,19.63,5108.5161290322585,34.61290322580645,0.0,7401.0,7401.0,0.993270069055489,0.006729930944510997,0.0,0.0,0.0,0.0,1,여수,7,5,2024,summer,0,298.682050752,206.79473145600002,2113.064060544,2752.4650361760005,211.69586087999997,1579.34412216
2024-07-14,295.028668224,1841.4541036800003,212.54007744,2.0,9371.709677419354,64.93063826271928,36.472400016521924,23.3,96.0,3.555555555555556,5.361111111111112,0.9510565162951536,-0.3090169943749473,38.9,26.999999999999996,10.0,5108.5161290322585,34.61290322580645,0.0,7273.0,7273.0,0.993270069055489,0.006729930944510997,0.0,0.0,0.0,0.0,1,여수,7,6,2024,summer,0,241.47577036800004,136.89865728,2053.6220649600004,2398.2616627200005,212.277924,280.32690672000007
2024-07-15,285.525264384,1916.3900557439997,230.73158419199999,2.0,9371.709677419354,64.93063826271928,36.472400016521924,23.8,93.0,2.972222222222222,4.777777777777778,0.8987940462991669,-0.4383711467890775,0.6,31.289719626168228,14.66,5108.5161290322585,34.61290322580645,0.0,7655.0,7655.0,0.993270069055489,0.006729930944510997,0.0,0.0,0.0,0.0,1,여수,7,0,2024,summer,0,295.028668224,530.375637888,1841.4541036800003,3011.2783153919995,212.54007744,582.644984112
2024-07-16,270.9442368,1767.1074969599997,233.87546232,2.0,9371.709677419354,64.93063826271928,36.472400016521924,23.6,97.0,3.0555555555555554,5.388888888888888,0.2923717047227366,-0.9563047559630355,47.7,31.745454545454542,11.55,5108.5161290322585,34.61290322580645,0.0,7382.0,7382.0,0.993270069055489,0.006729930944510997,0.0,0.0,0.0,0.0,1,여수,7,1,2024,summer,0,285.525264384,1113.49855368,1916.3900557439997,3568.4794595519998,230.73158419199999,479.94237014399994
2024-07-17,304.542712656,2167.496302896,272.81384020800004,2.0,9371.709677419354,64.93063826271928,36.472400016521924,25.3,95.0,4.583333333333333,7.138888888888888,-0.3090169943749473,-0.9510565162951536,1.4,20.72727272727273,20.46,5108.5161290322585,34.61290322580645,0.0,7253.0,7253.0,0.993270069055489,0.006729930944510997,0.0,0.0,0.0,0.0,1,여수,7,2,2024,summer,0,270.9442368,816.7072933439999,1767.1074969599997,3943.3078320480004,233.87546232,460.671965712
2024-07-18,282.351831552,2435.284547136,267.017930208,2.0,9371.709677419354,64.93063826271928,36.472400016521924,25.3,94.0,5.75,6.833333333333334,-0.374606593415912,-0.9271838545667874,7.6,16.347826086956523,8.73,5108.5161290322585,34.61290322580645,0.0,7355.0,7355.0,0.993270069055489,0.006729930944510997,0.0,0.0,0.0,0.0,1,여수,7,3,2024,summer,0,304.542712656,439.90245936,2167.496302896,2121.08957424,272.81384020800004,213.78804480000002
2024-07-19,59.75563564799999,705.0436279200001,90.619202016,2.0,9371.709677419354,64.93063826271928,36.472400016521924,24.6,94.0,2.888888888888889,4.916666666666666,-0.5299192642332048,-0.8480480961564261,46.7,32.53846153846154,12.16,5108.5161290322585,34.61290322580645,0.0,7071.0,7071.0,0.993270069055489,0.006729930944510997,0.0,0.0,0.0,0.0,1,여수,7,4,2024,summer,0,282.351831552,298.682050752,2435.284547136,2113.064060544,267.017930208,211.69586087999997
2024-07-20,0.0,0.0,2.991319632,2.0,9371.709677419354,64.93063826271928,36.472400016521924,25.5,96.0,3.5833333333333335,6.027777777777778,-0.2419218955996675,-0.9702957262759964,38.2,26.790697674418603,16.33,5108.5161290322585,34.61290322580645,0.0,6936.0,6936.0,0.993270069055489,0.006729930944510997,0.0,0.0,0.0,0.0,1,여수,7,5,2024,summer,0,59.75563564799999,241.47577036800004,705.0436279200001,2053.6220649600004,90.619202016,212.277924
2024-07-21,0.0,0.0,4.19142672,2.0,9371.709677419354,64.93063826271928,36.472400016521924,26.4,92.0,3.944444444444444,5.777777777777778,-0.7431448254773944,-0.6691306063588581,20.5,23.323943661971832,18.93,5108.5161290322585,34.61290322580645,0.0,6703.0,6703.0,0.993270069055489,0.006729930944510997,0.0,0.0,0.0,0.0,1,여수,7,6,2024,summer,0,0.0,295.028668224,0.0,1841.4541036800003,2.991319632,212.54007744
2024-07-22,0.3272522399999999,1.7017116479999999,49.845191184,2.0,9371.709677419354,64.93063826271928,36.472400016521924,26.6,94.0,4.333333333333333,6.333333333333333,-0.2588190451025208,-0.9659258262890684,0.6,21.692307692307693,22.96,5108.5161290322585,34.61290322580645,0.0,7243.0,7243.0,0.993270069055489,0.006729930944510997,0.0,0.0,0.0,0.0,1,여수,7,0,2024,summer,0,0.0,285.525264384,0.0,1916.3900557439997,4.19142672,230.73158419199999
2024-07-23,58.04627328000001,804.666463344,333.76607135999996,2.0,9371.709677419354,64.93063826271928,36.472400016521924,26.9,92.0,4.166666666666667,6.361111111111111,-0.4383711467890774,-0.8987940462991669,2.2,22.08,14.61,5108.5161290322585,34.61290322580645,0.0,10320.0,10320.0,0.993270069055489,0.006729930944510997,0.0,0.0,0.0,0.0,1,여수,7,1,2024,summer,0,0.3272522399999999,270.9442368,1.7017116479999999,1767.1074969599997,49.845191184,233.87546232
2024-07-24,615.023738784,2130.054743664,201.628661616,2.0,9371.709677419354,64.93063826271928,36.472400016521924,25.0,92.0,2.361111111111111,4.416666666666667,0.4383711467890773,-0.898794046299167,26.5,38.96470588235294,18.86,5108.5161290322585,34.61290322580645,0.0,12289.0,12289.0,0.993270069055489,0.006729930944510997,0.0,0.0,0.0,0.0,1,여수,7,2,2024,summer,0,58.04627328000001,304.542712656,804.666463344,2167.496302896,333.76607135999996,272.81384020800004
2024-07-25,761.7675162240001,1617.646170816,148.269434976,2.0,9371.709677419354,64.93063826271928,36.472400016521924,27.2,91.0,3.4722222222222223,5.805555555555555,0.7986355100472927,-0.6018150231520484,2.4,26.208,23.55,5108.5161290322585,34.61290322580645,0.0,12325.0,12325.0,0.993270069055489,0.006729930944510997,0.0,0.0,0.0,0.0,1,여수,7,3,2024,summer,0,615.023738784,282.351831552,2130.054743664,2435.284547136,201.628661616,267.017930208
2024-07-26,632.7650016,1289.0449188,116.8620048,2.0,9371.709677419354,64.93063826271928,36.472400016521924,26.4,91.0,5.555555555555555,7.083333333333333,0.766044443118978,-0.6427876096865394,9.6,16.38,18.95,5108.5161290322585,34.61290322580645,0.0,11093.0,11093.0,0.993270069055489,0.006729930944510997,0.0,0.0,0.0,0.0,1,여수,7,4,2024,summer,0,761.7675162240001,59.75563564799999,1617.646170816,705.0436279200001,148.269434976,90.619202016
2024-07-27,397.25656358400005,1187.99826768,101.82842294400002,2.0,9371.709677419354,64.93063826271928,36.472400016521924,27.4,90.0,4.611111111111112,6.972222222222222,0.3420201433256689,-0.9396926207859084,1.8,19.518072289156624,21.62,5108.5161290322585,34.61290322580645,0.0,6199.0,6199.0,0.993270069055489,0.006729930944510997,0.0,0.0,0.0,0.0,1,여수,7,5,2024,summer,0,632.7650016,0.0,1289.0449188,0.0,116.8620048,2.991319632
2024-07-28,480.33390182400007,999.80215056,91.13478048,2.0,9371.709677419354,64.93063826271928,36.472400016521924,27.4,91.0,3.7777777777777777,4.833333333333333,-0.1736481776669304,-0.984807753012208,0.1,24.08823529411765,25.46,5108.5161290322585,34.61290322580645,0.0,5756.0,5756.0,0.993270069055489,0.006729930944510997,0.0,0.0,0.0,0.0,1,여수,7,6,2024,summer,0,397.25656358400005,0.0,1187.99826768,0.0,101.82842294400002,4.19142672
2024-07-29,669.851370288,1057.565876688,106.77061022400001,2.0,9371.709677419354,64.93063826271928,36.472400016521924,27.9,85.0,4.388888888888889,5.972222222222222,-0.913545457642601,-0.4067366430758001,0.0,19.367088607594933,24.36,5108.5161290322585,34.61290322580645,0.0,7190.0,7190.0,0.993270069055489,0.006729930944510997,0.0,0.0,0.0,0.0,1,여수,7,0,2024,summer,0,480.33390182400007,0.3272522399999999,999.80215056,1.7017116479999999,91.13478048,49.845191184
2024-07-30,514.734435072,1299.834432,128.033691552,2.0,9371.709677419354,64.93063826271928,36.472400016521924,28.2,79.0,4.5,5.416666666666667,-0.9945218953682734,0.1045284632676529,0.0,17.555555555555557,26.15,5108.5161290322585,34.61290322580645,0.0,12220.0,12220.0,0.993270069055489,0.006729930944510997,0.0,0.0,0.0,0.0,1,여수,7,1,2024,summer,0,669.851370288,58.04627328000001,1057.565876688,804.666463344,106.77061022400001,333.76607135999996
2024-07-31,648.724194432,1882.8586604159996,165.59025984000002,2.0,9371.709677419354,64.93063826271928,36.472400016521924,27.5,88.0,3.944444444444444,5.388888888888888,-0.9396926207859084,-0.3420201433256685,0.0,22.30985915492958,23.66,5108.5161290322585,34.61290322580645,0.0,11970.0,11970.0,0.993270069055489,0.006729930944510997,0.0,0.0,0.0,0.0,1,여수,7,2,2024,summer,0,514.734435072,615.023738784,1299.834432,2130.054743664,128.033691552,201.628661616
2024-08-01,190.56583065600003,872.103350016,1043.4802602240002,2.0,10512.161290322581,67.64687124283088,36.47191937448792,27.7,87.0,2.7777777777777777,4.472222222222222,-0.4383711467890774,-0.8987940462991669,0.3,31.32,24.18,5688.645161290323,32.67741935483871,0.0,10972.0,10972.0,0.9942884850671794,0.0057115149328206315,0.0,0.0,0.0,0.0,1,여수,8,3,2024,summer,0,648.724194432,761.7675162240001,1882.8586604159996,1617.646170816,165.59025984000002,148.269434976
2024-08-02,0.0,0.0,13.678845407999997,2.0,10512.161290322581,67.64687124283088,36.47191937448792,28.2,88.0,3.1666666666666665,4.75,-0.6018150231520484,-0.7986355100472928,0.2,27.789473684210527,24.17,5688.645161290323,32.67741935483871,0.0,7745.0,7745.0,0.9942884850671794,0.0057115149328206315,0.0,0.0,0.0,0.0,1,여수,8,4,2024,summer,0,190.56583065600003,632.7650016,872.103350016,1289.0449188,1043.4802602240002,116.8620048
2024-08-03,0.0,0.0,8.818061759999999,2.0,10512.161290322581,67.64687124283088,36.47191937448792,30.0,83.0,2.888888888888889,3.9166666666666665,-0.9945218953682734,-0.1045284632676533,1.1,28.73076923076923,23.77,5688.645161290323,32.67741935483871,0.0,7287.0,7287.0,0.9942884850671794,0.0057115149328206315,0.0,0.0,0.0,0.0,1,여수,8,5,2024,summer,0,0.0,397.25656358400005,0.0,1187.99826768,13.678845407999997,101.82842294400002
2024-08-04,62.22711902400001,72.090908928,391.5072165600001,2.0,10512.161290322581,67.64687124283088,36.47191937448792,28.6,87.0,1.75,3.0,0.8090169943749475,-0.587785252292473,0.2,49.714285714285715,24.09,5688.645161290323,32.67741935483871,0.0,7739.0,7739.0,0.9942884850671794,0.0057115149328206315,0.0,0.0,0.0,0.0,1,여수,8,6,2024,summer,0,0.0,480.33390182400007,0.0,999.80215056,8.818061759999999,91.13478048
2024-08-05,650.5480872,2218.9603847040003,218.82072024,2.0,10512.161290322581,67.64687124283088,36.47191937448792,28.5,86.0,1.9166666666666667,3.416666666666667,0.9975640502598242,-0.0697564737441253,1.0,44.869565217391305,23.42,5688.645161290323,32.67741935483871,0.0,13913.0,13913.0,0.9942884850671794,0.0057115149328206315,0.0,0.0,0.0,0.0,1,여수,8,0,2024,summer,0,62.22711902400001,669.851370288,72.090908928,1057.565876688,391.5072165600001,106.77061022400001
2024-08-06,642.3675268320001,2572.8285961439997,255.34054656,2.0,10512.161290322581,67.64687124283088,36.47191937448792,27.6,89.0,1.5555555555555554,2.8055555555555554,0.838670567945424,-0.5446390350150272,0.3,57.21428571428572,22.05,5688.645161290323,32.67741935483871,0.0,14360.0,14360.0,0.9942884850671794,0.0057115149328206315,0.0,0.0,0.0,0.0,1,여수,8,1,2024,summer,0,650.5480872,514.734435072,2218.9603847040003,1299.834432,218.82072024,128.033691552
2024-08-07,1761.1232651999999,4489.188696720001,367.30218888,2.0,10512.161290322581,67.64687124283088,36.47191937448792,27.6,90.0,1.8333333333333333,3.75,-0.3090169943749473,-0.9510565162951536,4.7,49.09090909090909,23.64,5688.645161290323,32.67741935483871,0.0,13884.0,13884.0,0.9942884850671794,0.0057115149328206315,0.0,0.0,0.0,0.0,1,여수,8,2,2024,summer,0,642.3675268320001,648.724194432,2572.8285961439997,1882.8586604159996,255.34054656,165.59025984000002
2024-08-08,1428.387105168,4321.197073728001,414.53695454399997,2.0,10512.161290322581,67.64687124283088,36.47191937448792,28.4,84.0,2.361111111111111,4.555555555555555,-0.9998476951563912,0.0174524064372831,0.6,35.576470588235296,23.05,5688.645161290323,32.67741935483871,0.0,14016.0,14016.0,0.9942884850671794,0.0057115149328206315,0.0,0.0,0.0,0.0,1,여수,8,3,2024,summer,0,1761.1232651999999,190.56583065600003,4489.188696720001,872.103350016,367.30218888,1043.4802602240002
2024-08-09,1178.701076304,3923.9997984,451.13333544,2.0,10512.161290322581,67.64687124283088,36.47191937448792,28.0,81.0,1.6388888888888888,3.222222222222222,0.1391731009600653,-0.9902680687415704,0.0,49.42372881355932,24.93,5688.645161290323,32.67741935483871,0.0,13275.0,13275.0,0.9942884850671794,0.0057115149328206315,0.0,0.0,0.0,0.0,1,여수,8,4,2024,summer,0,1428.387105168,0.0,4321.197073728001,0.0,414.53695454399997,13.678845407999997
2024-08-10,669.5944251840001,2354.7347012160003,521.772042672,2.0,10512.161290322581,67.64687124283088,36.47191937448792,27.5,86.0,1.9444444444444444,4.111111111111112,0.7193398003386511,-0.6946583704589974,0.6,44.22857142857143,24.7,5688.645161290323,32.67741935483871,0.0,6833.0,6833.0,0.9942884850671794,0.0057115149328206315,0.0,0.0,0.0,0.0,1,여수,8,5,2024,summer,0,1178.701076304,0.0,3923.9997984,0.0,451.13333544,8.818061759999999
2024-08-11,1246.2447271680003,2233.3279451040003,187.15158144,2.0,10512.161290322581,67.64687124283088,36.47191937448792,27.5,82.0,2.5277777777777777,4.583333333333333,0.8090169943749475,-0.587785252292473,0.1,32.43956043956044,24.37,5688.645161290323,32.67741935483871,0.0,6672.0,6672.0,0.9942884850671794,0.0057115149328206315,0.0,0.0,0.0,0.0,1,여수,8,6,2024,summer,0,669.5944251840001,62.22711902400001,2354.7347012160003,72.090908928,521.772042672,391.5072165600001
2024-08-12,1116.63206424,2834.4416114880005,1263.613080672,2.0,10512.161290322581,67.64687124283088,36.47191937448792,27.6,80.0,2.4166666666666665,4.972222222222221,0.9510565162951536,-0.3090169943749473,0.0,33.10344827586207,25.75,5688.645161290323,32.67741935483871,0.0,10330.0,10330.0,0.9942884850671794,0.0057115149328206315,0.0,0.0,0.0,0.0,1,여수,8,0,2024,summer,0,1246.2447271680003,650.5480872,2233.3279451040003,2218.9603847040003,187.15158144,218.82072024
2024-08-13,1688.1428498400003,4169.51505792,541.2708326880002,2.0,10512.161290322581,67.64687124283088,36.47191937448792,27.9,78.0,2.6666666666666665,4.5,0.9945218953682732,0.1045284632676534,0.0,29.25,24.45,5688.645161290323,32.67741935483871,0.0,13929.0,13929.0,0.9942884850671794,0.0057115149328206315,0.0,0.0,0.0,0.0,1,여수,8,1,2024,summer,0,1116.63206424,642.3675268320001,2834.4416114880005,2572.8285961439997,1263.613080672,255.34054656
2024-08-14,1858.11718176,3612.25009728,535.443303744,2.0,10512.161290322581,67.64687124283088,36.47191937448792,28.1,79.0,2.8055555555555554,4.305555555555555,0.9986295347545738,0.0523359562429439,0.1,28.15841584158416,24.79,5688.645161290323,32.67741935483871,0.0,13151.0,13151.0,0.9942884850671794,0.0057115149328206315,0.0,0.0,0.0,0.0,1,여수,8,2,2024,summer,0,1688.1428498400003,1761.1232651999999,4169.51505792,4489.188696720001,541.2708326880002,367.30218888
2024-08-15,1340.783648928,2484.5068768319998,282.2732946720001,2.0,10512.161290322581,67.64687124283088,36.47191937448792,28.2,79.0,2.5555555555555554,3.75,0.9743700647852352,0.2249510543438649,1.7,30.91304347826087,23.06,5688.645161290323,32.67741935483871,0.0,7769.0,7769.0,0.9942884850671794,0.0057115149328206315,0.0,0.0,0.0,0.0,1,여수,8,3,2024,summer,0,1858.11718176,1428.387105168,3612.25009728,4321.197073728001,535.443303744,414.53695454399997
2024-08-16,773.547025536,2313.4564293119997,277.250182848,2.0,10512.161290322581,67.64687124283088,36.47191937448792,27.5,81.0,2.2222222222222223,3.5,0.9396926207859084,0.3420201433256688,3.2,36.45,21.77,5688.645161290323,32.67741935483871,0.0,7647.0,7647.0,0.9942884850671794,0.0057115149328206315,0.0,0.0,0.0,0.0,1,여수,8,4,2024,summer,0,1340.783648928,1178.701076304,2484.5068768319998,3923.9997984,282.2732946720001,451.13333544
2024-08-17,466.99523136000005,1772.3912832000003,261.230366448,2.0,10512.161290322581,67.64687124283088,36.47191937448792,27.0,84.0,2.0277777777777777,3.416666666666667,0.8571673007021123,0.5150380749100542,2.4,41.42465753424658,20.61,5688.645161290323,32.67741935483871,0.0,6883.0,6883.0,0.9942884850671794,0.0057115149328206315,0.0,0.0,0.0,0.0,1,여수,8,5,2024,summer,0,773.547025536,669.5944251840001,2313.4564293119997,2354.7347012160003,277.250182848,521.772042672
2024-08-18,625.9680761760001,1574.375908896,812.106229248,2.0,10512.161290322581,67.64687124283088,36.47191937448792,27.6,79.0,2.833333333333333,5.527777777777778,0.9986295347545738,-0.0523359562429438,0.3,27.882352941176475,23.29,5688.645161290323,32.67741935483871,0.0,6972.0,6972.0,0.9942884850671794,0.0057115149328206315,0.0,0.0,0.0,0.0,1,여수,8,6,2024,summer,0,466.99523136000005,1246.2447271680003,1772.3912832000003,2233.3279451040003,261.230366448,187.15158144
2024-08-19,616.904634096,3974.790844512,521.426418768,2.0,10512.161290322581,67.64687124283088,36.47191937448792,28.5,79.0,3.2499999999999996,5.722222222222222,0.9902680687415704,-0.1391731009600653,1.2,24.30769230769231,22.8,5688.645161290323,32.67741935483871,0.0,13592.0,13592.0,0.9942884850671794,0.0057115149328206315,0.0,0.0,0.0,0.0,1,여수,8,0,2024,summer,0,625.9680761760001,1116.63206424,1574.375908896,2834.4416114880005,812.106229248,1263.613080672
2024-08-20,551.285229312,4147.569585504,506.92231094400006,2.0,10512.161290322581,67.64687124283088,36.47191937448792,28.0,85.0,5.333333333333333,8.722222222222221,0.6427876096865395,-0.7660444431189779,14.2,15.9375,16.88,5688.645161290323,32.67741935483871,0.0,14593.0,14593.0,0.9942884850671794,0.0057115149328206315,0.0,0.0,0.0,0.0,1,여수,8,1,2024,summer,0,616.904634096,1688.1428498400003,3974.790844512,4169.51505792,521.426418768,541.2708326880002
2024-08-21,1616.230895904,4403.729987712,471.6969177599999,2.0,10512.161290322581,67.64687124283088,36.47191937448792,28.5,86.0,6.194444444444445,8.833333333333334,-0.2079116908177595,-0.9781476007338056,14.7,13.883408071748878,15.66,5688.645161290323,32.67741935483871,0.0,14148.0,14148.0,0.9942884850671794,0.0057115149328206315,0.0,0.0,0.0,0.0,1,여수,8,2,2024,summer,0,551.285229312,1858.11718176,4147.569585504,3612.25009728,506.92231094400006,535.443303744
2024-08-22,1260.7129160640002,4354.513306416,406.43970724800005,2.0,10512.161290322581,67.64687124283088,36.47191937448792,28.9,83.0,5.861111111111112,9.055555555555555,-0.3420201433256686,-0.9396926207859084,4.4,14.161137440758292,21.73,5688.645161290323,32.67741935483871,0.0,12500.0,12500.0,0.9942884850671794,0.0057115149328206315,0.0,0.0,0.0,0.0,1,여수,8,3,2024,summer,0,1616.230895904,1340.783648928,4403.729987712,2484.5068768319998,471.6969177599999,282.2732946720001
2024-08-23,1077.313146912,3765.0897764640004,421.80422832,2.0,10512.161290322581,67.64687124283088,36.47191937448792,28.1,81.0,3.083333333333333,4.25,-0.961261695938319,-0.2756373558169989,0.0,26.270270270270274,23.6,5688.645161290323,32.67741935483871,0.0,11370.0,11370.0,0.9942884850671794,0.0057115149328206315,0.0,0.0,0.0,0.0,1,여수,8,4,2024,summer,0,1260.7129160640002,773.547025536,4354.513306416,2313.4564293119997,406.43970724800005,277.250182848
2024-08-24,712.630138464,1758.1474064159995,878.2267222080001,2.0,10512.161290322581,67.64687124283088,36.47191937448792,28.2,78.0,2.388888888888889,4.111111111111112,-0.8090169943749473,-0.5877852522924732,0.0,32.651162790697676,24.25,5688.645161290323,32.67741935483871,0.0,6871.0,6871.0,0.9942884850671794,0.0057115149328206315,0.0,0.0,0.0,0.0,1,여수,8,5,2024,summer,0,1077.313146912,466.99523136000005,3765.0897764640004,1772.3912832000003,421.80422832,261.230366448
2024-08-25,542.183107968,1614.0158861760003,311.783952096,2.0,10512.161290322581,67.64687124283088,36.47191937448792,28.1,82.0,1.6666666666666663,2.888888888888889,-0.7313537016191703,-0.6819983600624986,1.3,49.2,22.43,5688.645161290323,32.67741935483871,0.0,6695.0,6695.0,0.9942884850671794,0.0057115149328206315,0.0,0.0,0.0,0.0,1,여수,8,6,2024,summer,0,712.630138464,625.9680761760001,1758.1474064159995,1574.375908896,878.2267222080001,812.106229248
2024-08-26,859.127189904,2612.561563872,523.885947552,2.0,10512.161290322581,67.64687124283088,36.47191937448792,27.9,84.0,1.9444444444444444,3.5,0.8910065241883679,-0.4539904997395467,0.2,43.2,22.08,5688.645161290323,32.67741935483871,0.0,9794.0,9794.0,0.9942884850671794,0.0057115149328206315,0.0,0.0,0.0,0.0,1,여수,8,0,2024,summer,0,542.183107968,616.904634096,1614.0158861760003,3974.790844512,311.783952096,521.426418768
2024-08-27,1172.7015033599998,3316.9937371200003,458.4885192,2.0,10512.161290322581,67.64687124283088,36.47191937448792,27.7,81.0,3.3055555555555554,7.361111111111111,0.838670567945424,0.5446390350150271,0.6,24.50420168067227,14.46,5688.645161290323,32.67741935483871,0.0,12342.0,12342.0,0.9942884850671794,0.0057115149328206315,0.0,0.0,0.0,0.0,1,여수,8,1,2024,summer,0,859.127189904,551.285229312,2612.561563872,4147.569585504,523.885947552,506.92231094400006
2024-08-28,1339.43886432,3436.2879812640003,432.67560955199997,2.0,10512.161290322581,67.64687124283088,36.47191937448792,27.2,72.0,7.638888888888888,9.277777777777777,0.766044443118978,0.6427876096865394,2.0,9.425454545454546,21.19,5688.645161290323,32.67741935483871,0.0,11500.0,11500.0,0.9942884850671794,0.0057115149328206315,0.0,0.0,0.0,0.0,1,여수,8,2,2024,summer,0,1172.7015033599998,1616.230895904,3316.9937371200003,4403.729987712,458.4885192,471.6969177599999
2024-08-29,1187.5798527840002,3788.1703745280006,401.06077300799996,2.0,10512.161290322581,67.64687124283088,36.47191937448792,28.6,66.0,8.722222222222221,9.694444444444445,0.484809620246337,0.8746197071393957,0.0,7.566878980891721,22.13,5688.645161290323,32.67741935483871,0.0,11858.0,11858.0,0.9942884850671794,0.0057115149328206315,0.0,0.0,0.0,0.0,1,여수,8,3,2024,summer,0,1339.43886432,1260.7129160640002,3436.2879812640003,4354.513306416,432.67560955199997,406.43970724800005
2024-08-30,1018.127798496,3634.512489648,426.21957561600004,2.0,10512.161290322581,67.64687124283088,36.47191937448792,29.5,62.0,3.416666666666667,5.638888888888889,-0.4383711467890778,0.8987940462991668,0.0,18.146341463414632,21.43,5688.645161290323,32.67741935483871,0.0,11738.0,11738.0,0.9942884850671794,0.0057115149328206315,0.0,0.0,0.0,0.0,1,여수,8,4,2024,summer,0,1187.5798527840002,1077.313146912,3788.1703745280006,3765.0897764640004,401.06077300799996,421.80422832
2024-08-31,279.247255056,1767.4055484480002,1253.0491145279998,2.0,10512.161290322581,67.64687124283088,36.47191937448792,27.2,69.0,3.2777777777777777,6.138888888888889,0.8910065241883679,-0.4539904997395467,0.0,21.05084745762712,24.26,5688.645161290323,32.67741935483871,0.0,5499.0,5499.0,0.9942884850671794,0.0057115149328206315,0.0,0.0,0.0,0.0,1,여수,8,5,2024,summer,0,1018.127798496,712.630138464,3634.512489648,1758.1474064159995,426.21957561600004,878.2267222080001
2024-09-01,493.70591577600004,1657.702097568,247.082844528,2.0,9360.1,62.9046389461651,36.29518124806359,27.2,75.0,2.861111111111111,4.972222222222221,-0.1218693434051473,-0.992546151641322,0.0,26.21359223300971,20.9,5233.666666666667,40.833333333333336,0.0,5143.0,5143.0,0.9922583499225835,0.007741650077416501,0.0,0.0,0.0,0.0,1,여수,9,6,2024,autumn,0,279.247255056,542.183107968,1767.4055484480002,1614.0158861760003,1253.0491145279998,311.783952096
2024-09-02,1037.4119935200001,2696.519736576,756.5084156160001,2.0,9360.1,62.9046389461651,36.29518124806359,27.3,71.0,2.4166666666666665,4.611111111111112,-0.587785252292473,-0.8090169943749475,0.0,29.379310344827587,18.46,5233.666666666667,40.833333333333336,0.0,9481.0,9481.0,0.9922583499225835,0.007741650077416501,0.0,0.0,0.0,0.0,1,여수,9,0,2024,autumn,0,493.70591577600004,859.127189904,1657.702097568,2612.561563872,247.082844528,523.885947552
2024-09-03,1616.307913872,4098.375877968,503.1480837599999,2.0,9360.1,62.9046389461651,36.29518124806359,27.0,69.0,4.222222222222222,6.027777777777778,0.9335804264972016,0.3583679495453004,0.4,16.342105263157894,17.4,5233.666666666667,40.833333333333336,0.0,13648.0,13648.0,0.9922583499225835,0.007741650077416501,0.0,0.0,0.0,0.0,1,여수,9,1,2024,autumn,0,1037.4119935200001,1172.7015033599998,2696.519736576,3316.9937371200003,756.5084156160001,458.4885192
2024-09-04,1252.943473536,3798.339768288,428.94004608,2.0,9360.1,62.9046389461651,36.29518124806359,26.3,66.0,4.277777777777778,5.5,0.9743700647852352,0.2249510543438649,0.0,15.428571428571429,23.12,5233.666666666667,40.833333333333336,0.0,11686.0,11686.0,0.9922583499225835,0.007741650077416501,0.0,0.0,0.0,0.0,1,여수,9,2,2024,autumn,0,1616.307913872,1339.43886432,4098.375877968,3436.2879812640003,503.1480837599999,432.67560955199997
2024-09-05,1522.702187712,4159.949849712,376.135894512,2.0,9360.1,62.9046389461651,36.29518124806359,26.6,75.0,2.694444444444444,4.722222222222222,-0.4067366430758002,-0.9135454576426008,0.0,27.835051546391757,22.54,5233.666666666667,40.833333333333336,0.0,12537.0,12537.0,0.9922583499225835,0.007741650077416501,0.0,0.0,0.0,0.0,1,여수,9,3,2024,autumn,0,1252.943473536,1187.5798527840002,3798.339768288,3788.1703745280006,428.94004608,401.06077300799996
2024-09-06,1419.6009070080001,4253.351125968,394.708451328,2.0,9360.1,62.9046389461651,36.29518124806359,27.9,76.0,2.638888888888889,4.611111111111112,-0.848048096156426,-0.529919264233205,0.8,28.8,18.57,5233.666666666667,40.833333333333336,0.0,13409.0,13409.0,0.9922583499225835,0.007741650077416501,0.0,0.0,0.0,0.0,1,여수,9,4,2024,autumn,0,1522.702187712,1018.127798496,4159.949849712,3634.512489648,376.135894512,426.21957561600004
2024-09-07,2343.111138864,3447.5275903680003,380.26296432000004,2.0,9360.1,62.9046389461651,36.29518124806359,27.5,81.0,2.361111111111111,4.75,-0.3583679495453004,-0.9335804264972016,2.8,34.305882352941175,17.71,5233.666666666667,40.833333333333336,0.0,11592.0,11592.0,0.9922583499225835,0.007741650077416501,0.0,0.0,0.0,0.0,1,여수,9,5,2024,autumn,0,1419.6009070080001,279.247255056,4253.351125968,1767.4055484480002,394.708451328,1253.0491145279998
2024-09-08,2109.024673344,1979.963425728,228.40868044799998,2.0,9360.1,62.9046389461651,36.29518124806359,27.8,79.0,1.8055555555555556,3.9166666666666665,0.1218693434051475,-0.992546151641322,0.0,43.753846153846155,20.76,5233.666666666667,40.833333333333336,0.0,6890.0,6890.0,0.9922583499225835,0.007741650077416501,0.0,0.0,0.0,0.0,1,여수,9,6,2024,autumn,0,2343.111138864,493.70591577600004,3447.5275903680003,1657.702097568,380.26296432000004,247.082844528
2024-09-09,1377.475614144,2415.6810276479996,603.268004736,2.0,9360.1,62.9046389461651,36.29518124806359,28.6,73.0,3.75,5.166666666666667,0.9961946980917455,0.0871557427476581,1.4,19.466666666666665,20.72,5233.666666666667,40.833333333333336,0.0,9463.0,9463.0,0.9922583499225835,0.007741650077416501,0.0,0.0,0.0,0.0,1,여수,9,0,2024,autumn,0,2109.024673344,1037.4119935200001,1979.963425728,2696.519736576,228.40868044799998,756.5084156160001
2024-09-10,1393.8250037760004,3663.8708797440004,436.610836224,2.0,9360.1,62.9046389461651,36.29518124806359,29.0,71.0,4.555555555555555,5.833333333333333,0.992546151641322,0.1218693434051474,1.5,15.585365853658535,21.16,5233.666666666667,40.833333333333336,0.0,12357.0,12357.0,0.9922583499225835,0.007741650077416501,0.0,0.0,0.0,0.0,1,여수,9,1,2024,autumn,0,1377.475614144,1616.307913872,2415.6810276479996,4098.375877968,603.268004736,503.1480837599999
2024-09-11,1900.0863089280003,4486.369608288,449.321939424,2.0,9360.1,62.9046389461651,36.29518124806359,28.1,82.0,2.944444444444444,5.666666666666666,0.9135454576426008,-0.4067366430758002,14.1,27.849056603773587,15.75,5233.666666666667,40.833333333333336,0.0,13747.0,13747.0,0.9922583499225835,0.007741650077416501,0.0,0.0,0.0,0.0,1,여수,9,2,2024,autumn,0,1393.8250037760004,1252.943473536,3663.8708797440004,3798.339768288,436.610836224,428.94004608
2024-09-12,1669.0143114720004,4485.166366176,384.374152944,2.0,9360.1,62.9046389461651,36.29518124806359,27.5,87.0,2.8055555555555554,4.5,0.9271838545667874,-0.374606593415912,1.6,31.009900990099013,19.57,5233.666666666667,40.833333333333336,0.0,13122.0,13122.0,0.9922583499225835,0.007741650077416501,0.0,0.0,0.0,0.0,1,여수,9,3,2024,autumn,0,1900.0863089280003,1522.702187712,4486.369608288,4159.949849712,449.321939424,376.135894512
2024-09-13,965.8415594880001,3281.8946356799997,386.137045872,2.0,9360.1,62.9046389461651,36.29518124806359,27.6,86.0,2.138888888888889,3.4444444444444446,0.7431448254773942,-0.6691306063588582,2.2,40.20779220779221,20.4,5233.666666666667,40.833333333333336,0.0,12574.0,12574.0,0.9922583499225835,0.007741650077416501,0.0,0.0,0.0,0.0,1,여수,9,4,2024,autumn,0,1669.0143114720004,1419.6009070080001,4485.166366176,4253.351125968,384.374152944,394.708451328
2024-09-14,313.4646446400001,1375.2239544000001,1268.11326744,2.0,9360.1,62.9046389461651,36.29518124806359,28.5,80.0,2.1666666666666665,3.555555555555556,0.9993908270190958,-0.0348994967025009,0.0,36.92307692307693,21.25,5233.666666666667,40.833333333333336,0.0,7316.0,7316.0,0.9922583499225835,0.007741650077416501,0.0,0.0,0.0,0.0,1,여수,9,5,2024,autumn,0,965.8415594880001,2343.111138864,3281.8946356799997,3447.5275903680003,386.137045872,380.26296432000004
2024-09-15,216.90909964800002,1778.2250941439997,258.08866992,2.0,9360.1,62.9046389461651,36.29518124806359,29.1,76.0,5.166666666666667,6.222222222222221,0.9335804264972016,0.3583679495453004,0.2,14.709677419354838,19.16,5233.666666666667,40.833333333333336,0.0,7053.0,7053.0,0.9922583499225835,0.007741650077416501,0.0,0.0,0.0,0.0,1,여수,9,6,2024,autumn,0,313.4646446400001,2109.024673344,1375.2239544000001,1979.963425728,1268.11326744,228.40868044799998
2024-09-16,209.07218592,1238.0709444479999,242.251809696,2.0,9360.1,62.9046389461651,36.29518124806359,28.7,77.0,5.416666666666667,7.111111111111112,0.9271838545667874,0.3746065934159119,3.8,14.215384615384616,16.19,5233.666666666667,40.833333333333336,0.0,6789.0,6789.0,0.9922583499225835,0.007741650077416501,0.0,0.0,0.0,0.0,1,여수,9,0,2024,autumn,0,216.90909964800002,1377.475614144,1778.2250941439997,2415.6810276479996,258.08866992,603.268004736
2024-09-17,38.644260048,806.816746368,249.72065467200002,2.0,9360.1,62.9046389461651,36.29518124806359,28.8,82.0,1.777777777777778,3.2499999999999996,0.9455185755993168,0.3255681544571567,2.6,46.125,17.55,5233.666666666667,40.833333333333336,0.0,7617.0,7617.0,0.9922583499225835,0.007741650077416501,0.0,0.0,0.0,0.0,1,여수,9,1,2024,autumn,0,209.07218592,1393.8250037760004,1238.0709444479999,3663.8708797440004,242.251809696,436.610836224
2024-09-18,133.0658928,1300.497325632,252.21655972800002,2.0,9360.1,62.9046389461651,36.29518124806359,29.1,79.0,2.25,3.9166666666666665,0.9702957262759964,-0.2419218955996677,1.1,35.111111111111114,18.86,5233.666666666667,40.833333333333336,0.0,7229.0,7229.0,0.9922583499225835,0.007741650077416501,0.0,0.0,0.0,0.0,1,여수,9,2,2024,autumn,0,38.644260048,1900.0863089280003,806.816746368,4486.369608288,249.72065467200002,449.321939424
2024-09-19,434.75242305599994,1375.4842379999998,955.0555509599999,2.0,9360.1,62.9046389461651,36.29518124806359,29.5,73.0,3.4444444444444446,4.5,0.9986295347545738,-0.0523359562429438,1.0,21.193548387096772,20.06,5233.666666666667,40.833333333333336,0.0,8214.0,8214.0,0.9922583499225835,0.007741650077416501,0.0,0.0,0.0,0.0,1,여수,9,3,2024,autumn,0,133.0658928,1669.0143114720004,1300.497325632,4485.166366176,252.21655972800002,384.374152944
2024-09-20,1675.616733072,3713.796365616,451.24843824000004,2.0,9360.1,62.9046389461651,36.29518124806359,27.1,88.0,6.333333333333333,9.055555555555555,-0.0174524064372836,-0.9998476951563912,67.3,13.894736842105264,3.66,5233.666666666667,40.833333333333336,0.0,13090.0,13090.0,0.9922583499225835,0.007741650077416501,0.0,0.0,0.0,0.0,1,여수,9,4,2024,autumn,0,434.75242305599994,965.8415594880001,1375.4842379999998,3281.8946356799997,955.0555509599999,386.137045872
2024-09-21,1043.553392928,3889.727115264,3031.633969632,2.0,9360.1,62.9046389461651,36.29518124806359,24.5,95.0,4.277777777777778,9.916666666666668,-0.9510565162951536,0.3090169943749472,206.9,22.20779220779221,3.94,5233.666666666667,40.833333333333336,0.0,11705.0,11705.0,0.9922583499225835,0.007741650077416501,0.0,0.0,0.0,0.0,1,여수,9,5,2024,autumn,0,1675.616733072,313.4646446400001,3713.796365616,1375.2239544000001,451.24843824000004,1268.11326744
2024-09-22,242.57797704,1857.3441082559998,172.02844540799998,2.0,9360.1,62.9046389461651,36.29518124806359,22.6,82.0,5.777777777777778,7.111111111111112,0.6293203910498374,0.7771459614569709,2.2,14.192307692307692,6.42,5233.666666666667,40.833333333333336,0.0,5776.0,5776.0,0.9922583499225835,0.007741650077416501,0.0,0.0,0.0,0.0,1,여수,9,6,2024,autumn,0,1043.553392928,216.90909964800002,3889.727115264,1778.2250941439997,3031.633969632,258.08866992
2024-09-23,633.906506592,1679.2608666240003,620.1122228639999,2.0,9360.1,62.9046389461651,36.29518124806359,21.2,68.0,6.416666666666667,8.36111111111111,0.754709580222772,0.6560590289905073,0.0,10.597402597402596,15.33,5233.666666666667,40.833333333333336,0.0,5075.0,5075.0,0.9922583499225835,0.007741650077416501,0.0,0.0,0.0,0.0,1,여수,9,0,2024,autumn,0,242.57797704,209.07218592,1857.3441082559998,1238.0709444479999,172.02844540799998,242.251809696
2024-09-24,410.927956848,1511.35346952,2109.672069264,2.0,9360.1,62.9046389461651,36.29518124806359,21.7,68.0,5.027777777777778,6.166666666666666,0.7313537016191705,0.6819983600624985,0.0,13.52486187845304,17.93,5233.666666666667,40.833333333333336,0.0,7816.0,7816.0,0.9922583499225835,0.007741650077416501,0.0,0.0,0.0,0.0,1,여수,9,1,2024,autumn,0,633.906506592,38.644260048,1679.2608666240003,806.816746368,620.1122228639999,249.72065467200002
2024-09-25,555.587115408,1886.224032144,201.31264526400003,2.0,9360.1,62.9046389461651,36.29518124806359,23.2,78.0,3.861111111111111,4.944444444444445,0.8290375725550417,0.5591929034707468,0.6,20.201438848920866,18.73,5233.666666666667,40.833333333333336,0.0,7222.0,7222.0,0.9922583499225835,0.007741650077416501,0.0,0.0,0.0,0.0,1,여수,9,2,2024,autumn,0,410.927956848,133.0658928,1511.35346952,1300.497325632,2109.672069264,252.21655972800002
2024-09-26,513.9432417599999,2141.95930992,254.05044048,2.0,9360.1,62.9046389461651,36.29518124806359,23.9,76.0,1.75,2.4166666666666665,0.1564344650402308,0.9876883405951378,0.0,43.42857142857143,17.76,5233.666666666667,40.833333333333336,0.0,7294.0,7294.0,0.9922583499225835,0.007741650077416501,0.0,0.0,0.0,0.0,1,여수,9,3,2024,autumn,0,555.587115408,434.75242305599994,1886.224032144,1375.4842379999998,201.31264526400003,955.0555509599999
2024-09-27,469.78338816,2688.855827904,377.56776672,2.0,9360.1,62.9046389461651,36.29518124806359,24.2,78.0,2.1666666666666665,3.6944444444444446,0.6560590289905073,0.754709580222772,0.0,36.0,18.9,5233.666666666667,40.833333333333336,0.0,10200.0,10200.0,0.9922583499225835,0.007741650077416501,0.0,0.0,0.0,0.0,1,여수,9,4,2024,autumn,0,513.9432417599999,1675.616733072,2141.95930992,3713.796365616,254.05044048,451.24843824000004
2024-09-28,426.202081344,1991.8986196320004,2425.8867321600005,2.0,9360.1,62.9046389461651,36.29518124806359,23.9,75.0,5.194444444444444,6.472222222222222,0.754709580222772,0.6560590289905073,0.3,14.438502673796794,17.58,5233.666666666667,40.833333333333336,0.0,8948.0,8948.0,0.9922583499225835,0.007741650077416501,0.0,0.0,0.0,0.0,1,여수,9,5,2024,autumn,0,469.78338816,1043.553392928,2688.855827904,3889.727115264,377.56776672,3031.633969632
2024-09-29,418.9085496,1700.3277550080002,222.110959968,2.0,9360.1,62.9046389461651,36.29518124806359,23.2,69.0,5.861111111111112,7.222222222222222,0.8191520442889918,0.573576436351046,0.0,11.772511848341232,17.73,5233.666666666667,40.833333333333336,0.0,7079.0,7079.0,0.9922583499225835,0.007741650077416501,0.0,0.0,0.0,0.0,1,여수,9,6,2024,autumn,0,426.202081344,242.57797704,1991.8986196320004,1857.3441082559998,2425.8867321600005,172.02844540799998
2024-09-30,370.393577424,1552.2785066879999,223.057814112,2.0,9360.1,62.9046389461651,36.29518124806359,22.6,74.0,3.4444444444444446,5.305555555555556,0.8987940462991669,0.4383711467890774,0.6,21.483870967741936,18.68,5233.666666666667,40.833333333333336,0.0,6731.0,6731.0,0.9922583499225835,0.007741650077416501,0.0,0.0,0.0,0.0,1,여수,9,0,2024,autumn,0,418.9085496,633.906506592,1700.3277550080002,1679.2608666240003,222.110959968,620.1122228639999
2024-10-01,285.057720288,1507.74331392,220.824118224,2.0,6589.741935483871,41.06796981623442,33.900747398204444,21.6,76.0,3.2777777777777777,6.305555555555555,-0.8386705679454243,0.5446390350150266,0.4,23.186440677966104,12.88,3985.3225806451615,8.03225806451613,0.0,6686.0,6686.0,0.9979885939544728,0.002011406045527247,0.0,0.0,0.0,0.0,1,여수,10,1,2024,autumn,0,370.393577424,410.927956848,1552.2785066879999,1511.35346952,223.057814112,2109.672069264
2024-10-02,337.36267152,1479.9181723200002,241.524888048,2.0,6589.741935483871,41.06796981623442,33.900747398204444,18.2,46.0,3.6944444444444446,7.305555555555555,0.1908089953765448,0.981627183447664,0.0,12.451127819548873,16.38,3985.3225806451615,8.03225806451613,0.0,6870.0,6870.0,0.9979885939544728,0.002011406045527247,0.0,0.0,0.0,0.0,1,여수,10,2,2024,autumn,0,285.057720288,555.587115408,1507.74331392,1886.224032144,220.824118224,201.31264526400003
2024-10-03,361.134873792,1512.54541296,289.728840096,2.0,6589.741935483871,41.06796981623442,33.900747398204444,17.9,62.0,5.916666666666667,7.694444444444444,0.3255681544571567,0.9455185755993168,2.5,10.47887323943662,9.95,3985.3225806451615,8.03225806451613,0.0,7123.0,7123.0,0.9979885939544728,0.002011406045527247,0.0,0.0,0.0,0.0,1,여수,10,3,2024,autumn,0,337.36267152,513.9432417599999,1479.9181723200002,2141.95930992,241.524888048,254.05044048
2024-10-04,366.59331777599994,1702.484221536,236.145173616,2.0,6589.741935483871,41.06796981623442,33.900747398204444,18.2,72.0,3.555555555555556,5.444444444444445,0.5877852522924731,0.8090169943749475,0.0,20.25,19.31,3985.3225806451615,8.03225806451613,0.0,6472.0,6472.0,0.9979885939544728,0.002011406045527247,0.0,0.0,0.0,0.0,1,여수,10,4,2024,autumn,0,361.134873792,469.78338816,1512.54541296,2688.855827904,289.728840096,377.56776672
2024-10-05,331.40388398399995,2050.2285298559996,219.45321187199997,2.0,6589.741935483871,41.06796981623442,33.900747398204444,19.5,68.0,3.611111111111111,5.111111111111111,0.6691306063588582,0.7431448254773942,0.0,18.83076923076923,17.36,3985.3225806451615,8.03225806451613,0.0,6711.0,6711.0,0.9979885939544728,0.002011406045527247,0.0,0.0,0.0,0.0,1,여수,10,5,2024,autumn,0,366.59331777599994,426.202081344,1702.484221536,1991.8986196320004,236.145173616,2425.8867321600005
2024-10-06,309.007642464,1916.451307008,219.80191104,2.0,6589.741935483871,41.06796981623442,33.900747398204444,18.5,77.0,3.3055555555555554,4.611111111111112,0.2756373558169991,0.9612616959383188,4.4,23.294117647058822,7.04,3985.3225806451615,8.03225806451613,0.0,6644.0,6644.0,0.9979885939544728,0.002011406045527247,0.0,0.0,0.0,0.0,1,여수,10,6,2024,autumn,0,331.40388398399995,418.9085496,2050.2285298559996,1700.3277550080002,219.45321187199997,222.110959968
2024-10-07,324.90407016,1828.8803021760002,209.90927088,2.0,6589.741935483871,41.06796981623442,33.900747398204444,17.0,81.0,1.972222222222222,3.611111111111111,-0.6156614753256582,0.7880107536067221,2.9,41.07042253521127,7.02,3985.3225806451615,8.03225806451613,0.0,6583.0,6583.0,0.9979885939544728,0.002011406045527247,0.0,0.0,0.0,0.0,1,여수,10,0,2024,autumn,0,309.007642464,370.393577424,1916.451307008,1552.2785066879999,219.80191104,223.057814112
2024-10-08,304.17271315200003,1780.595460432,225.26801654399995,2.0,6589.741935483871,41.06796981623442,33.900747398204444,18.4,74.0,1.6666666666666663,4.222222222222222,0.2588190451025207,0.9659258262890684,0.2,44.400000000000006,17.82,3985.3225806451615,8.03225806451613,0.0,6504.0,6504.0,0.9979885939544728,0.002011406045527247,0.0,0.0,0.0,0.0,1,여수,10,1,2024,autumn,0,324.90407016,285.057720288,1828.8803021760002,1507.74331392,209.90927088,220.824118224
2024-10-09,450.3358656,2224.6591760640003,254.387268864,2.0,6589.741935483871,41.06796981623442,33.900747398204444,19.2,72.0,4.583333333333333,6.166666666666666,0.754709580222772,0.6560590289905073,0.0,15.70909090909091,15.63,3985.3225806451615,8.03225806451613,0.0,7160.0,7160.0,0.9979885939544728,0.002011406045527247,0.0,0.0,0.0,0.0,1,여수,10,2,2024,autumn,0,304.17271315200003,337.36267152,1780.595460432,1479.9181723200002,225.26801654399995,241.524888048
2024-10-10,355.253360544,2064.5112958560003,246.673155024,2.0,6589.741935483871,41.06796981623442,33.900747398204444,19.3,68.0,2.888888888888889,4.333333333333333,0.5150380749100542,0.8571673007021123,0.0,23.53846153846154,15.88,3985.3225806451615,8.03225806451613,0.0,7099.0,7099.0,0.9979885939544728,0.002011406045527247,0.0,0.0,0.0,0.0,1,여수,10,3,2024,autumn,0,450.3358656,361.134873792,2224.6591760640003,1512.54541296,254.387268864,289.728840096
2024-10-11,178.73402601600003,1782.42998472,225.912642768,2.0,6589.741935483871,41.06796981623442,33.900747398204444,19.1,75.0,1.7222222222222223,2.833333333333333,0.7313537016191705,0.6819983600624985,0.4,43.54838709677419,16.65,3985.3225806451615,8.03225806451613,0.0,6771.0,6771.0,0.9979885939544728,0.002011406045527247,0.0,0.0,0.0,0.0,1,여수,10,4,2024,autumn,0,355.253360544,366.59331777599994,2064.5112958560003,1702.484221536,246.673155024,236.145173616
2024-10-12,324.97481664,1653.6066127200002,252.67110336000002,2.0,6589.741935483871,41.06796981623442,33.900747398204444,19.2,78.0,1.8333333333333333,3.5277777777777777,0.8660254037844386,0.5000000000000001,0.0,42.54545454545455,17.11,3985.3225806451615,8.03225806451613,0.0,7285.0,7285.0,0.9979885939544728,0.002011406045527247,0.0,0.0,0.0,0.0,1,여수,10,5,2024,autumn,0,178.73402601600003,331.40388398399995,1782.42998472,2050.2285298559996,225.912642768,219.45321187199997
2024-10-13,185.483904768,1513.4085849599999,682.804668672,2.0,6589.741935483871,41.06796981623442,33.900747398204444,20.0,71.0,4.111111111111112,5.611111111111111,0.8987940462991669,0.4383711467890774,0.0,17.270270270270267,15.06,3985.3225806451615,8.03225806451613,0.0,7190.0,7190.0,0.9979885939544728,0.002011406045527247,0.0,0.0,0.0,0.0,1,여수,10,6,2024,autumn,0,324.97481664,309.007642464,1653.6066127200002,1916.451307008,252.67110336000002,219.80191104
2024-10-14,298.73005905599996,2525.7042084960003,411.899790672,2.0,6589.741935483871,41.06796981623442,33.900747398204444,20.3,84.0,3.555555555555556,4.805555555555555,0.8910065241883679,0.4539904997395468,4.4,23.625,6.4,3985.3225806451615,8.03225806451613,0.0,11180.0,11180.0,0.9979885939544728,0.002011406045527247,0.0,0.0,0.0,0.0,1,여수,10,0,2024,autumn,0,185.483904768,324.90407016,1513.4085849599999,1828.8803021760002,682.804668672,209.90927088
2024-10-15,641.852575632,3376.9640910239996,358.80614712,2.0,6589.741935483871,41.06796981623442,33.900747398204444,21.6,90.0,2.3333333333333335,3.5277777777777777,-0.9998476951563912,-0.0174524064372834,21.4,38.57142857142857,10.6,3985.3225806451615,8.03225806451613,0.0,11297.0,11297.0,0.9979885939544728,0.002011406045527247,0.0,0.0,0.0,0.0,1,여수,10,1,2024,autumn,0,298.73005905599996,304.17271315200003,2525.7042084960003,1780.595460432,411.899790672,225.26801654399995
2024-10-16,381.513276144,2310.759561888,8933.749273583999,2.0,6589.741935483871,41.06796981623442,33.900747398204444,21.1,80.0,2.9166666666666665,5.111111111111111,0.6819983600624985,0.7313537016191705,0.0,27.42857142857143,14.52,3985.3225806451615,8.03225806451613,0.0,6779.0,6779.0,0.9979885939544728,0.002011406045527247,0.0,0.0,0.0,0.0,1,여수,10,2,2024,autumn,0,641.852575632,450.3358656,3376.9640910239996,2224.6591760640003,358.80614712,254.387268864
2024-10-17,256.269629952,1698.0671907360002,336.78273816,2.0,6589.741935483871,41.06796981623442,33.900747398204444,20.2,78.0,4.444444444444445,5.722222222222222,0.7986355100472928,0.6018150231520483,0.1,17.55,8.86,3985.3225806451615,8.03225806451613,0.0,5393.0,5393.0,0.9979885939544728,0.002011406045527247,0.0,0.0,0.0,0.0,1,여수,10,3,2024,autumn,0,381.513276144,355.253360544,2310.759561888,2064.5112958560003,8933.749273583999,246.673155024
2024-10-18,48.78546739200001,1467.6684822720001,378.25370899200004,2.0,6589.741935483871,41.06796981623442,33.900747398204444,21.4,89.0,4.722222222222222,6.833333333333334,0.8987940462991669,-0.4383711467890775,38.6,18.847058823529412,6.51,3985.3225806451615,8.03225806451613,0.0,5050.0,5050.0,0.9979885939544728,0.002011406045527247,0.0,0.0,0.0,0.0,1,여수,10,4,2024,autumn,0,256.269629952,178.73402601600003,1698.0671907360002,1782.42998472,336.78273816,225.912642768
2024-10-19,93.497144832,1717.90105464,310.585683456,2.0,6589.741935483871,41.06796981623442,33.900747398204444,20.6,84.0,6.277777777777778,10.444444444444445,-0.1391731009600658,0.9902680687415704,12.3,13.380530973451329,14.39,3985.3225806451615,8.03225806451613,0.0,5384.0,5384.0,0.9979885939544728,0.002011406045527247,0.0,0.0,0.0,0.0,1,여수,10,5,2024,autumn,0,48.78546739200001,324.97481664,1467.6684822720001,1653.6066127200002,378.25370899200004,252.67110336000002
2024-10-20,209.46231072,1539.993974976,304.05744359999994,2.0,6589.741935483871,41.06796981623442,33.900747398204444,15.3,61.0,8.11111111111111,10.305555555555555,0.8090169943749475,0.5877852522924731,0.0,7.52054794520548,12.6,3985.3225806451615,8.03225806451613,0.0,5052.0,5052.0,0.9979885939544728,0.002011406045527247,0.0,0.0,0.0,0.0,1,여수,10,6,2024,autumn,0,93.497144832,185.483904768,1717.90105464,1513.4085849599999,310.585683456,682.804668672
2024-10-21,81.346695552,1446.6979997280002,304.115914512,2.0,6589.741935483871,41.06796981623442,33.900747398204444,17.5,73.0,4.972222222222221,6.333333333333333,0.7193398003386511,0.6946583704589973,6.3,14.681564245810058,10.16,3985.3225806451615,8.03225806451613,0.0,5185.0,5185.0,0.9979885939544728,0.002011406045527247,0.0,0.0,0.0,0.0,1,여수,10,0,2024,autumn,0,209.46231072,298.73005905599996,1539.993974976,2525.7042084960003,304.05744359999994,411.899790672
2024-10-22,214.483079088,1682.723569392,321.35612932799995,2.0,6589.741935483871,41.06796981623442,33.900747398204444,19.2,93.0,4.777777777777778,6.944444444444445,0.4383711467890774,0.898794046299167,117.1,19.46511627906977,6.04,3985.3225806451615,8.03225806451613,0.0,5449.0,5449.0,0.9979885939544728,0.002011406045527247,0.0,0.0,0.0,0.0,1,여수,10,1,2024,autumn,0,81.346695552,641.852575632,1446.6979997280002,3376.9640910239996,304.115914512,358.80614712
2024-10-23,68.29871688000001,1439.5469110560002,300.173086656,2.0,6589.741935483871,41.06796981623442,33.900747398204444,15.8,71.0,6.444444444444444,8.027777777777777,-0.8480480961564262,0.5299192642332047,0.2,11.017241379310343,15.93,3985.3225806451615,8.03225806451613,0.0,5016.0,5016.0,0.9979885939544728,0.002011406045527247,0.0,0.0,0.0,0.0,1,여수,10,2,2024,autumn,0,214.483079088,381.513276144,1682.723569392,2310.759561888,321.35612932799995,8933.749273583999
2024-10-24,280.47550104000004,1443.32049456,272.56610952000005,2.0,6589.741935483871,41.06796981623442,33.900747398204444,14.0,67.0,2.5833333333333335,4.805555555555555,0.3907311284892737,0.9205048534524404,0.0,25.93548387096774,16.44,3985.3225806451615,8.03225806451613,0.0,5123.0,5123.0,0.9979885939544728,0.002011406045527247,0.0,0.0,0.0,0.0,1,여수,10,3,2024,autumn,0,68.29871688000001,256.269629952,1439.5469110560002,1698.0671907360002,300.173086656,336.78273816
2024-10-25,153.518726592,1911.7678217760001,304.046469216,2.0,6589.741935483871,41.06796981623442,33.900747398204444,16.9,72.0,5.277777777777778,6.944444444444445,0.7431448254773942,0.6691306063588582,0.0,13.642105263157896,12.52,3985.3225806451615,8.03225806451613,0.0,6108.0,6108.0,0.9979885939544728,0.002011406045527247,0.0,0.0,0.0,0.0,1,여수,10,4,2024,autumn,0,280.47550104000004,48.78546739200001,1443.32049456,1467.6684822720001,272.56610952000005,378.25370899200004
2024-10-26,218.73973017600002,1596.3369407999996,284.99560776,2.0,6589.741935483871,41.06796981623442,33.900747398204444,18.0,78.0,4.416666666666667,6.083333333333333,0.8290375725550417,0.5591929034707468,0.0,17.660377358490564,14.66,3985.3225806451615,8.03225806451613,0.0,5324.0,5324.0,0.9979885939544728,0.002011406045527247,0.0,0.0,0.0,0.0,1,여수,10,5,2024,autumn,0,153.518726592,93.497144832,1911.7678217760001,1717.90105464,304.046469216,310.585683456
2024-10-27,110.6483148,1983.92811912,325.35568843199997,2.0,6589.741935483871,41.06796981623442,33.900747398204444,16.3,83.0,2.5,3.9722222222222223,0.1045284632676534,0.9945218953682732,3.4,33.2,3.92,3985.3225806451615,8.03225806451613,0.0,5916.0,5916.0,0.9979885939544728,0.002011406045527247,0.0,0.0,0.0,0.0,1,여수,10,6,2024,autumn,0,218.73973017600002,209.46231072,1596.3369407999996,1539.993974976,284.99560776,304.05744359999994
2024-10-28,18.880824240000003,2105.70814368,279.953111088,2.0,6589.741935483871,41.06796981623442,33.900747398204444,16.5,80.0,3.5833333333333335,6.416666666666667,0.6560590289905073,0.754709580222772,0.0,22.32558139534884,11.87,3985.3225806451615,8.03225806451613,0.0,6579.0,6579.0,0.9979885939544728,0.002011406045527247,0.0,0.0,0.0,0.0,1,여수,10,0,2024,autumn,0,110.6483148,81.346695552,1983.92811912,1446.6979997280002,325.35568843199997,304.115914512
2024-10-29,155.99733753599997,2068.929609984,205.44850540800002,2.0,6589.741935483871,41.06796981623442,33.900747398204444,16.3,72.0,5.111111111111111,6.944444444444445,0.6427876096865393,0.766044443118978,0.0,14.08695652173913,10.18,3985.3225806451615,8.03225806451613,0.0,6587.0,6587.0,0.9979885939544728,0.002011406045527247,0.0,0.0,0.0,0.0,1,여수,10,1,2024,autumn,0,18.880824240000003,214.483079088,2105.70814368,1682.723569392,279.953111088,321.35612932799995
2024-10-30,301.32228297599994,1972.0296365760003,194.567905008,2.0,6589.741935483871,41.06796981623442,33.900747398204444,16.5,75.0,2.0833333333333335,3.1666666666666665,0.6018150231520483,0.7986355100472928,0.0,36.0,14.6,3985.3225806451615,8.03225806451613,0.0,6674.0,6674.0,0.9979885939544728,0.002011406045527247,0.0,0.0,0.0,0.0,1,여수,10,2,2024,autumn,0,155.99733753599997,68.29871688000001,2068.929609984,1439.5469110560002,205.44850540800002,300.173086656
2024-10-31,139.893408,2018.18843208,206.020702368,2.0,6589.741935483871,41.06796981623442,33.900747398204444,17.1,73.0,4.111111111111112,5.611111111111111,0.788010753606722,0.6156614753256583,0.0,17.756756756756754,11.12,3985.3225806451615,8.03225806451613,0.0,7088.0,7088.0,0.9979885939544728,0.002011406045527247,0.0,0.0,0.0,0.0,1,여수,10,3,2024,autumn,0,301.32228297599994,280.47550104000004,1972.0296365760003,1443.32049456,194.567905008,272.56610952000005
2024-11-01,167.048668224,2145.2685580800003,227.04064099200002,2.0,6766.133333333333,65.58625004926496,34.22197005675324,14.7,93.0,4.75,7.666666666666667,0.7431448254773942,0.6691306063588582,67.9,19.57894736842105,1.33,3685.233333333333,11.433333333333334,0.0,7182.0,7182.0,0.9969071235347159,0.00309287646528404,0.0,0.0,0.0,0.0,1,여수,11,4,2024,autumn,0,139.893408,153.518726592,2018.18843208,1911.7678217760001,206.020702368,304.046469216
2024-11-02,91.205966592,1648.1101438080002,180.406797696,2.0,6766.133333333333,65.58625004926496,34.22197005675324,17.6,80.0,5.638888888888889,7.527777777777778,0.5591929034707469,0.8290375725550417,23.2,14.1871921182266,10.62,3685.233333333333,11.433333333333334,0.0,6139.0,6139.0,0.9969071235347159,0.00309287646528404,0.0,0.0,0.0,0.0,1,여수,11,5,2024,autumn,0,167.048668224,218.73973017600002,2145.2685580800003,1596.3369407999996,227.04064099200002,284.99560776
2024-11-03,14.952698495999998,1548.405736992,174.70372147199998,2.0,6766.133333333333,65.58625004926496,34.22197005675324,16.4,78.0,3.0277777777777777,4.138888888888889,0.8090169943749475,0.5877852522924731,0.0,25.761467889908257,14.28,3685.233333333333,11.433333333333334,0.0,5770.0,5770.0,0.9969071235347159,0.00309287646528404,0.0,0.0,0.0,0.0,1,여수,11,6,2024,autumn,0,91.205966592,110.6483148,1648.1101438080002,1983.92811912,180.406797696,325.35568843199997
2024-11-04,157.78894392,1507.1271232319998,179.121504672,2.0,6766.133333333333,65.58625004926496,34.22197005675324,14.9,81.0,2.6666666666666665,4.861111111111111,-0.7986355100472932,0.6018150231520479,0.4,30.375,10.06,3685.233333333333,11.433333333333334,0.0,6454.0,6454.0,0.9969071235347159,0.00309287646528404,0.0,0.0,0.0,0.0,1,여수,11,0,2024,autumn,0,14.952698495999998,18.880824240000003,1548.405736992,2105.70814368,174.70372147199998,279.953111088
2024-11-05,388.77440399999995,1973.2962349439997,192.78952401599997,2.0,6766.133333333333,65.58625004926496,34.22197005675324,12.1,62.0,4.333333333333333,6.972222222222222,-0.6819983600624984,0.7313537016191707,0.0,14.307692307692308,12.62,3685.233333333333,11.433333333333334,0.0,6274.0,6274.0,0.9969071235347159,0.00309287646528404,0.0,0.0,0.0,0.0,1,여수,11,1,2024,autumn,0,157.78894392,155.99733753599997,1507.1271232319998,2068.929609984,179.121504672,205.44850540800002
2024-11-06,362.709791136,2046.9262006079998,192.44775283199996,2.0,6766.133333333333,65.58625004926496,34.22197005675324,9.9,49.0,4.0,6.111111111111111,-0.6427876096865396,0.7660444431189778,0.0,12.25,14.54,3685.233333333333,11.433333333333334,0.0,6406.0,6406.0,0.9969071235347159,0.00309287646528404,0.0,0.0,0.0,0.0,1,여수,11,2,2024,autumn,0,388.77440399999995,301.32228297599994,1973.2962349439997,1972.0296365760003,192.78952401599997,194.567905008
2024-11-07,518.385719808,2049.680569104,184.721155776,2.0,6766.133333333333,65.58625004926496,34.22197005675324,11.2,70.0,2.638888888888889,3.5277777777777777,0.4999999999999999,0.8660254037844387,0.0,26.526315789473685,13.27,3685.233333333333,11.433333333333334,0.0,6981.0,6981.0,0.9969071235347159,0.00309287646528404,0.0,0.0,0.0,0.0,1,여수,11,3,2024,autumn,0,362.709791136,139.893408,2046.9262006079998,2018.18843208,192.44775283199996,206.020702368
2024-11-08,479.13303743999995,1580.0014946879999,158.346194976,2.0,6766.133333333333,65.58625004926496,34.22197005675324,13.9,78.0,3.083333333333333,4.0,0.788010753606722,0.6156614753256583,0.0,25.2972972972973,10.68,3685.233333333333,11.433333333333334,0.0,5672.0,5672.0,0.9969071235347159,0.00309287646528404,0.0,0.0,0.0,0.0,1,여수,11,4,2024,autumn,0,518.385719808,167.048668224,2049.680569104,2145.2685580800003,184.721155776,227.04064099200002
2024-11-09,674.1992275199999,1971.4408156799996,193.49590176,2.0,6766.133333333333,65.58625004926496,34.22197005675324,14.7,76.0,3.3055555555555554,4.722222222222222,0.6819983600624985,0.7313537016191705,0.0,22.991596638655466,12.61,3685.233333333333,11.433333333333334,0.0,6644.0,6644.0,0.9969071235347159,0.00309287646528404,0.0,0.0,0.0,0.0,1,여수,11,5,2024,autumn,0,479.13303743999995,91.205966592,1580.0014946879999,1648.1101438080002,158.346194976,180.406797696
2024-11-10,426.6375301440001,1563.9324469919998,169.65086097600002,2.0,6766.133333333333,65.58625004926496,34.22197005675324,15.2,79.0,3.083333333333333,4.305555555555555,0.6427876096865393,0.766044443118978,0.0,25.621621621621625,4.61,3685.233333333333,11.433333333333334,0.0,5491.0,5491.0,0.9969071235347159,0.00309287646528404,0.0,0.0,0.0,0.0,1,여수,11,6,2024,autumn,0,674.1992275199999,14.952698495999998,1971.4408156799996,1548.405736992,193.49590176,174.70372147199998
2024-11-11,250.01904096,1347.153054336,149.26029163200002,2.0,6766.133333333333,65.58625004926496,34.22197005675324,14.3,80.0,1.972222222222222,3.9166666666666665,0.573576436351046,0.8191520442889918,0.0,40.563380281690144,13.0,3685.233333333333,11.433333333333334,0.0,5172.0,5172.0,0.9969071235347159,0.00309287646528404,0.0,0.0,0.0,0.0,1,여수,11,0,2024,autumn,0,426.6375301440001,157.78894392,1563.9324469919998,1507.1271232319998,169.65086097600002,179.121504672
2024-11-12,490.00068374400007,1635.040394064,174.37337956800002,2.0,6766.133333333333,65.58625004926496,34.22197005675324,14.4,71.0,2.7777777777777777,4.416666666666667,-0.6691306063588581,0.7431448254773944,0.0,25.56,12.82,3685.233333333333,11.433333333333334,0.0,5900.0,5900.0,0.9969071235347159,0.00309287646528404,0.0,0.0,0.0,0.0,1,여수,11,1,2024,autumn,0,250.01904096,388.77440399999995,1347.153054336,1973.2962349439997,149.26029163200002,192.78952401599997
2024-11-13,612.2427340319999,2232.67923936,212.59177444800002,2.0,6766.133333333333,65.58625004926496,34.22197005675324,15.2,70.0,4.055555555555555,4.888888888888889,0.838670567945424,0.5446390350150271,0.0,17.26027397260274,12.47,3685.233333333333,11.433333333333334,0.0,6844.0,6844.0,0.9969071235347159,0.00309287646528404,0.0,0.0,0.0,0.0,1,여수,11,2,2024,autumn,0,490.00068374400007,362.709791136,1635.040394064,2046.9262006079998,174.37337956800002,192.44775283199996
2024-11-14,403.3054268640001,2257.414458048,210.15441201600004,2.0,6766.133333333333,65.58625004926496,34.22197005675324,15.2,75.0,3.138888888888889,4.277777777777778,0.766044443118978,0.6427876096865394,0.7,23.89380530973451,8.66,3685.233333333333,11.433333333333334,0.0,6878.0,6878.0,0.9969071235347159,0.00309287646528404,0.0,0.0,0.0,0.0,1,여수,11,3,2024,autumn,0,612.2427340319999,518.385719808,2232.67923936,2049.680569104,212.59177444800002,184.721155776
2024-11-15,629.463648384,2113.1721612,202.662533088,2.0,6766.133333333333,65.58625004926496,34.22197005675324,16.2,78.0,3.3888888888888884,4.222222222222222,0.838670567945424,0.5446390350150271,1.1,23.016393442622956,10.03,3685.233333333333,11.433333333333334,0.0,6840.0,6840.0,0.9969071235347159,0.00309287646528404,0.0,0.0,0.0,0.0,1,여수,11,4,2024,autumn,0,403.3054268640001,479.13303743999995,2257.414458048,1580.0014946879999,210.15441201600004,158.346194976
2024-11-16,724.8749893920001,2049.669177552,189.25476782400003,2.0,6766.133333333333,65.58625004926496,34.22197005675324,17.2,78.0,3.0277777777777777,4.444444444444445,0.6427876096865393,0.766044443118978,0.0,25.761467889908257,11.82,3685.233333333333,11.433333333333334,0.0,7129.0,7129.0,0.9969071235347159,0.00309287646528404,0.0,0.0,0.0,0.0,1,여수,11,5,2024,autumn,0,629.463648384,674.1992275199999,2113.1721612,1971.4408156799996,202.662533088,193.49590176
2024-11-17,464.7693816,1662.2945353440002,183.190827744,2.0,6766.133333333333,65.58625004926496,34.22197005675324,13.3,58.0,5.638888888888889,6.833333333333334,-0.6946583704589976,0.7193398003386509,0.0,10.285714285714285,8.39,3685.233333333333,11.433333333333334,0.0,6108.0,6108.0,0.9969071235347159,0.00309287646528404,0.0,0.0,0.0,0.0,1,여수,11,6,2024,autumn,0,724.8749893920001,426.6375301440001,2049.669177552,1563.9324469919998,189.25476782400003,169.65086097600002
2024-11-18,104.59497599999999,1360.9071036000003,169.76427552,2.0,6766.133333333333,65.58625004926496,34.22197005675324,6.6,38.0,4.0,5.305555555555556,-0.0871557427476583,0.9961946980917455,0.0,9.5,13.24,3685.233333333333,11.433333333333334,0.0,5253.0,5253.0,0.9969071235347159,0.00309287646528404,0.0,0.0,0.0,0.0,1,여수,11,0,2024,autumn,0,464.7693816,250.01904096,1662.2945353440002,1347.153054336,183.190827744,149.26029163200002
2024-11-19,166.9694148,1391.1279128639999,211.278727296,2.0,6766.133333333333,65.58625004926496,34.22197005675324,9.2,60.0,4.583333333333333,6.305555555555555,0.6427876096865393,0.766044443118978,0.0,13.090909090909092,11.36,3685.233333333333,11.433333333333334,0.0,5197.0,5197.0,0.9969071235347159,0.00309287646528404,0.0,0.0,0.0,0.0,1,여수,11,1,2024,autumn,0,104.59497599999999,490.00068374400007,1360.9071036000003,1635.040394064,169.76427552,174.37337956800002
2024-11-20,164.641318848,1632.6265262400002,358.296701184,2.0,6766.133333333333,65.58625004926496,34.22197005675324,10.7,65.0,2.055555555555556,3.1666666666666665,0.0523359562429438,0.9986295347545738,0.2,31.621621621621617,8.17,3685.233333333333,11.433333333333334,0.0,5274.0,5274.0,0.9969071235347159,0.00309287646528404,0.0,0.0,0.0,0.0,1,여수,11,2,2024,autumn,0,166.9694148,612.2427340319999,1391.1279128639999,2232.67923936,211.278727296,212.59177444800002
2024-11-21,580.6326477599998,1649.0274228000003,282.69879696,2.0,6766.133333333333,65.58625004926496,34.22197005675324,10.4,67.0,3.0,5.472222222222222,-0.8191520442889918,0.573576436351046,0.0,22.333333333333332,10.54,3685.233333333333,11.433333333333334,0.0,5532.0,5532.0,0.9969071235347159,0.00309287646528404,0.0,0.0,0.0,0.0,1,여수,11,3,2024,autumn,0,164.641318848,403.3054268640001,1632.6265262400002,2257.414458048,358.296701184,210.15441201600004
2024-11-22,634.573828224,1395.567791712,287.94064032,2.0,6766.133333333333,65.58625004926496,34.22197005675324,9.8,59.0,4.25,6.138888888888889,-0.7313537016191703,0.6819983600624987,0.0,13.882352941176473,12.45,3685.233333333333,11.433333333333334,0.0,5596.0,5596.0,0.9969071235347159,0.00309287646528404,0.0,0.0,0.0,0.0,1,여수,11,4,2024,autumn,0,580.6326477599998,629.463648384,1649.0274228000003,2113.1721612,282.69879696,202.662533088
2024-11-23,388.85547427200004,1526.4847327679997,179.90697873599999,2.0,6766.133333333333,65.58625004926496,34.22197005675324,8.8,61.0,2.694444444444444,4.111111111111112,0.4539904997395468,0.8910065241883679,0.0,22.63917525773196,10.95,3685.233333333333,11.433333333333334,0.0,6123.0,6123.0,0.9969071235347159,0.00309287646528404,0.0,0.0,0.0,0.0,1,여수,11,5,2024,autumn,0,634.573828224,724.8749893920001,1395.567791712,2049.669177552,287.94064032,189.25476782400003
2024-11-24,419.23271088000007,1307.070574848,139.59446659200003,2.0,6766.133333333333,65.58625004926496,34.22197005675324,10.4,69.0,3.416666666666667,4.75,0.7193398003386511,0.6946583704589973,0.0,20.19512195121951,10.45,3685.233333333333,11.433333333333334,0.0,5679.0,5679.0,0.9969071235347159,0.00309287646528404,0.0,0.0,0.0,0.0,1,여수,11,6,2024,autumn,0,388.85547427200004,464.7693816,1526.4847327679997,1662.2945353440002,179.90697873599999,183.190827744
2024-11-25,332.486913024,1243.8649221120002,166.111757856,2.0,6766.133333333333,65.58625004926496,34.22197005675324,12.2,71.0,4.555555555555555,6.666666666666666,0.9993908270190958,0.034899496702501,4.4,15.585365853658535,10.3,3685.233333333333,11.433333333333334,0.0,5989.0,5989.0,0.9969071235347159,0.00309287646528404,0.0,0.0,0.0,0.0,1,여수,11,0,2024,autumn,0,419.23271088000007,104.59497599999999,1307.070574848,1360.9071036000003,139.59446659200003,169.76427552
2024-11-26,229.424483808,1288.114184448,702.3772117440001,2.0,6766.133333333333,65.58625004926496,34.22197005675324,11.4,69.0,8.13888888888889,9.944444444444445,-0.9975640502598244,0.0697564737441252,21.5,8.477815699658702,8.1,3685.233333333333,11.433333333333334,0.0,5826.0,5826.0,0.9969071235347159,0.00309287646528404,0.0,0.0,0.0,0.0,1,여수,11,1,2024,autumn,0,332.486913024,166.9694148,1243.8649221120002,1391.1279128639999,166.111757856,211.278727296
2024-11-27,631.989793728,3033.686924352,333.555601824,2.0,6766.133333333333,65.58625004926496,34.22197005675324,5.9,60.0,6.638888888888888,8.722222222222221,-0.9743700647852352,0.2249510543438649,0.4,9.037656903765692,7.76,3685.233333333333,11.433333333333334,0.0,12168.0,12168.0,0.9969071235347159,0.00309287646528404,0.0,0.0,0.0,0.0,1,여수,11,2,2024,autumn,0,229.424483808,164.641318848,1288.114184448,1632.6265262400002,702.3772117440001,358.296701184
2024-11-28,988.161704064,3104.7547834079996,321.861650544,2.0,6766.133333333333,65.58625004926496,34.22197005675324,6.8,58.0,6.25,8.083333333333334,-0.992546151641322,0.1218693434051476,0.1,9.28,10.25,3685.233333333333,11.433333333333334,0.0,11656.0,11656.0,0.9969071235347159,0.00309287646528404,0.0,0.0,0.0,0.0,1,여수,11,3,2024,autumn,0,631.989793728,580.6326477599998,3033.686924352,1649.0274228000003,333.555601824,282.69879696
2024-11-29,932.2048128959999,3333.7640865599997,333.64985500800003,2.0,6766.133333333333,65.58625004926496,34.22197005675324,6.4,68.0,5.527777777777778,7.972222222222221,-0.8910065241883679,0.4539904997395466,0.0,12.301507537688442,10.34,3685.233333333333,11.433333333333334,0.0,12547.0,12547.0,0.9969071235347159,0.00309287646528404,0.0,0.0,0.0,0.0,1,여수,11,4,2024,autumn,0,988.161704064,634.573828224,3104.7547834079996,1395.567791712,321.861650544,287.94064032
2024-11-30,242.14547822399996,1831.4220546719998,1935.2146476960002,2.0,6766.133333333333,65.58625004926496,34.22197005675324,8.3,63.0,4.027777777777778,7.083333333333333,-0.8746197071393956,0.4848096202463373,0.0,15.641379310344828,10.98,3685.233333333333,11.433333333333334,0.0,8260.0,8260.0,0.9969071235347159,0.00309287646528404,0.0,0.0,0.0,0.0,1,여수,11,5,2024,autumn,0,932.2048128959999,388.85547427200004,3333.7640865599997,1526.4847327679997,333.64985500800003,179.90697873599999
2024-12-01,240.00511636800002,1658.8522811520004,193.13567855999997,2.0,7535.8387096774195,47.2322419321008,28.684545633553217,9.4,72.0,1.3333333333333333,2.5555555555555554,-0.6293203910498376,-0.7771459614569708,0.0,54.0,9.12,5195.8387096774195,42.354838709677416,0.0,7095.0,7095.0,0.991914228002759,0.008085771997241108,0.0,0.0,0.0,0.0,1,여수,12,6,2024,winter,1,242.14547822399996,419.23271088000007,1831.4220546719998,1307.070574848,1935.2146476960002,139.59446659200003
2024-12-02,218.34320788799997,1643.255461008,827.6980645440001,2.0,7535.8387096774195,47.2322419321008,28.684545633553217,10.6,82.0,2.361111111111111,5.083333333333333,-0.9961946980917455,-0.0871557427476582,0.0,34.72941176470588,10.34,5195.8387096774195,42.354838709677416,0.0,7505.0,7505.0,0.991914228002759,0.008085771997241108,0.0,0.0,0.0,0.0,1,여수,12,0,2024,winter,1,240.00511636800002,332.486913024,1658.8522811520004,1243.8649221120002,193.13567855999997,166.111757856
2024-12-03,130.425176592,1779.4823605920003,1808.766820512,2.0,7535.8387096774195,47.2322419321008,28.684545633553217,6.6,46.0,4.694444444444444,6.111111111111111,-0.7431448254773946,0.6691306063588578,0.0,9.79881656804734,10.95,5195.8387096774195,42.354838709677416,0.0,9266.0,9266.0,0.991914228002759,0.008085771997241108,0.0,0.0,0.0,0.0,1,여수,12,1,2024,winter,1,218.34320788799997,229.424483808,1643.255461008,1288.114184448,827.6980645440001,702.3772117440001
2024-12-04,5.773699008,1587.7672272000002,181.89307857600002,2.0,7535.8387096774195,47.2322419321008,28.684545633553217,5.3,54.0,3.638888888888889,5.361111111111112,-0.7313537016191703,0.6819983600624987,0.0,14.83969465648855,8.5,5195.8387096774195,42.354838709677416,0.0,6698.0,6698.0,0.991914228002759,0.008085771997241108,0.0,0.0,0.0,0.0,1,여수,12,2,2024,winter,1,130.425176592,631.989793728,1779.4823605920003,3033.686924352,1808.766820512,333.555601824
2024-12-05,32.836394016,1663.4225915999998,182.378778048,2.0,7535.8387096774195,47.2322419321008,28.684545633553217,7.5,56.0,5.166666666666667,8.61111111111111,-0.9510565162951536,0.3090169943749472,0.0,10.838709677419354,10.2,5195.8387096774195,42.354838709677416,0.0,6931.0,6931.0,0.991914228002759,0.008085771997241108,0.0,0.0,0.0,0.0,1,여수,12,3,2024,winter,1,5.773699008,988.161704064,1587.7672272000002,3104.7547834079996,181.89307857600002,321.861650544
2024-12-06,150.98652864000002,1575.5116032,173.36034072,2.0,7535.8387096774195,47.2322419321008,28.684545633553217,7.2,57.0,5.138888888888888,6.472222222222222,-0.8571673007021123,0.5150380749100542,0.0,11.091891891891892,8.61,5195.8387096774195,42.354838709677416,0.0,6839.0,6839.0,0.991914228002759,0.008085771997241108,0.0,0.0,0.0,0.0,1,여수,12,4,2024,winter,1,32.836394016,932.2048128959999,1663.4225915999998,3333.7640865599997,182.378778048,333.64985500800003
2024-12-07,566.496578736,1628.996158944,176.48653348800002,2.0,7535.8387096774195,47.2322419321008,28.684545633553217,4.9,60.0,3.6944444444444446,5.222222222222222,-0.8290375725550416,0.559192903470747,0.0,16.240601503759397,8.28,5195.8387096774195,42.354838709677416,0.0,7389.0,7389.0,0.991914228002759,0.008085771997241108,0.0,0.0,0.0,0.0,1,여수,12,5,2024,winter,1,150.98652864000002,242.14547822399996,1575.5116032,1831.4220546719998,173.36034072,1935.2146476960002
2024-12-08,648.9663700320001,1620.619335072,792.3488031360001,2.0,7535.8387096774195,47.2322419321008,28.684545633553217,3.1,53.0,5.388888888888888,7.888888888888888,-0.6819983600624984,0.7313537016191707,0.0,9.835051546391751,11.48,5195.8387096774195,42.354838709677416,0.0,7543.0,7543.0,0.991914228002759,0.008085771997241108,0.0,0.0,0.0,0.0,1,여수,12,6,2024,winter,1,566.496578736,240.00511636800002,1628.996158944,1658.8522811520004,176.48653348800002,193.13567855999997
2024-12-09,530.1323117280001,2585.73886776,302.17826260799995,2.0,7535.8387096774195,47.2322419321008,28.684545633553217,4.3,57.0,3.6666666666666665,5.694444444444445,-0.7660444431189781,0.6427876096865393,0.0,15.545454545454549,10.87,5195.8387096774195,42.354838709677416,0.0,11172.0,11172.0,0.991914228002759,0.008085771997241108,0.0,0.0,0.0,0.0,1,여수,12,0,2024,winter,1,648.9663700320001,218.34320788799997,1620.619335072,1643.255461008,792.3488031360001,827.6980645440001
2024-12-10,457.1657405280001,1843.89286032,2019.3714573119998,2.0,7535.8387096774195,47.2322419321008,28.684545633553217,5.5,59.0,2.833333333333333,4.388888888888889,-0.7986355100472932,0.6018150231520479,0.0,20.823529411764707,10.8,5195.8387096774195,42.354838709677416,0.0,8108.0,8108.0,0.991914228002759,0.008085771997241108,0.0,0.0,0.0,0.0,1,여수,12,1,2024,winter,1,530.1323117280001,130.425176592,2585.73886776,1779.4823605920003,302.17826260799995,1808.766820512
2024-12-11,867.492076032,2230.0294933440005,207.81944236799995,2.0,7535.8387096774195,47.2322419321008,28.684545633553217,5.6,49.0,2.055555555555556,3.5833333333333335,-0.4226182617406992,0.90630778703665,0.0,23.837837837837835,8.28,5195.8387096774195,42.354838709677416,0.0,7080.0,7080.0,0.991914228002759,0.008085771997241108,0.0,0.0,0.0,0.0,1,여수,12,2,2024,winter,1,457.1657405280001,5.773699008,1843.89286032,1587.7672272000002,2019.3714573119998,181.89307857600002
2024-12-12,697.2117546239999,2127.8556404640003,196.93350604799997,2.0,7535.8387096774195,47.2322419321008,28.684545633553217,3.9,45.0,3.0555555555555554,4.777777777777778,-0.6156614753256582,0.7880107536067221,0.0,14.727272727272728,11.37,5195.8387096774195,42.354838709677416,0.0,7083.0,7083.0,0.991914228002759,0.008085771997241108,0.0,0.0,0.0,0.0,1,여수,12,3,2024,winter,1,867.492076032,32.836394016,2230.0294933440005,1663.4225915999998,207.81944236799995,182.378778048
2024-12-13,457.622960256,1783.21831344,164.9276856,2.0,7535.8387096774195,47.2322419321008,28.684545633553217,3.7,48.0,3.4722222222222223,6.194444444444445,-0.6819983600624984,0.7313537016191707,0.0,13.824,6.79,5195.8387096774195,42.354838709677416,0.0,6870.0,6870.0,0.991914228002759,0.008085771997241108,0.0,0.0,0.0,0.0,1,여수,12,4,2024,winter,1,697.2117546239999,150.98652864000002,2127.8556404640003,1575.5116032,196.93350604799997,173.36034072
2024-12-14,182.450245824,1484.0887847039999,144.434023488,2.0,7535.8387096774195,47.2322419321008,28.684545633553217,2.5,55.0,5.166666666666667,8.083333333333334,-0.7771459614569708,0.6293203910498375,0.0,10.64516129032258,10.16,5195.8387096774195,42.354838709677416,0.0,5870.0,5870.0,0.991914228002759,0.008085771997241108,0.0,0.0,0.0,0.0,1,여수,12,5,2024,winter,1,457.622960256,566.496578736,1783.21831344,1628.996158944,164.9276856,176.48653348800002
2024-12-15,333.404045856,1468.8993971520001,204.290606736,2.0,7535.8387096774195,47.2322419321008,28.684545633553217,4.7,59.0,5.694444444444445,9.5,-0.9335804264972016,0.3583679495453004,0.0,10.360975609756098,6.94,5195.8387096774195,42.354838709677416,0.0,5961.0,5961.0,0.991914228002759,0.008085771997241108,0.0,0.0,0.0,0.0,1,여수,12,6,2024,winter,1,182.450245824,648.9663700320001,1484.0887847039999,1620.619335072,144.434023488,792.3488031360001
2024-12-16,385.8645496319999,1925.928313344,326.67344063999997,2.0,7535.8387096774195,47.2322419321008,28.684545633553217,5.0,54.0,3.638888888888889,5.861111111111112,-0.7986355100472932,0.6018150231520479,0.0,14.83969465648855,7.74,5195.8387096774195,42.354838709677416,0.0,8861.0,8861.0,0.991914228002759,0.008085771997241108,0.0,0.0,0.0,0.0,1,여수,12,0,2024,winter,1,333.404045856,530.1323117280001,1468.8993971520001,2585.73886776,204.290606736,302.17826260799995
2024-12-17,553.014578304,1860.9927788159998,1994.8901771520002,2.0,7535.8387096774195,47.2322419321008,28.684545633553217,4.7,60.0,2.7222222222222223,4.083333333333333,-0.7313537016191703,0.6819983600624987,0.0,22.04081632653061,10.84,5195.8387096774195,42.354838709677416,0.0,8599.0,8599.0,0.991914228002759,0.008085771997241108,0.0,0.0,0.0,0.0,1,여수,12,1,2024,winter,1,385.8645496319999,457.1657405280001,1925.928313344,1843.89286032,326.67344063999997,2019.3714573119998
2024-12-18,580.552183584,2684.812322448,357.19545024,2.0,7535.8387096774195,47.2322419321008,28.684545633553217,1.3,55.0,5.027777777777778,7.055555555555555,-0.6293203910498378,0.7771459614569706,0.0,10.939226519337018,11.13,5195.8387096774195,42.354838709677416,0.0,11061.0,11061.0,0.991914228002759,0.008085771997241108,0.0,0.0,0.0,0.0,1,여수,12,2,2024,winter,1,553.014578304,867.492076032,1860.9927788159998,2230.0294933440005,1994.8901771520002,207.81944236799995
2024-12-19,345.06043430400007,2100.371076288,2207.3623620480003,2.0,7535.8387096774195,47.2322419321008,28.684545633553217,0.9,47.0,2.055555555555556,4.472222222222222,-0.1908089953765446,0.981627183447664,0.0,22.864864864864863,11.43,5195.8387096774195,42.354838709677416,0.0,9768.0,9768.0,0.991914228002759,0.008085771997241108,0.0,0.0,0.0,0.0,1,여수,12,3,2024,winter,1,580.552183584,697.2117546239999,2684.812322448,2127.8556404640003,357.19545024,196.93350604799997
2024-12-20,87.438797568,1568.1780610560002,172.125373248,2.0,7535.8387096774195,47.2322419321008,28.684545633553217,3.1,59.0,2.4166666666666665,5.555555555555555,-0.898794046299167,0.4383711467890774,0.0,24.41379310344828,7.38,5195.8387096774195,42.354838709677416,0.0,7396.0,7396.0,0.991914228002759,0.008085771997241108,0.0,0.0,0.0,0.0,1,여수,12,4,2024,winter,1,345.06043430400007,457.622960256,2100.371076288,1783.21831344,2207.3623620480003,164.9276856
2024-12-21,172.81458432,1384.676856864,154.985422752,2.0,7535.8387096774195,47.2322419321008,28.684545633553217,3.7,64.0,6.0,9.75,-0.8571673007021123,0.5150380749100542,0.0,10.666666666666666,10.3,5195.8387096774195,42.354838709677416,0.0,6864.0,6864.0,0.991914228002759,0.008085771997241108,0.0,0.0,0.0,0.0,1,여수,12,5,2024,winter,1,87.438797568,182.450245824,1568.1780610560002,1484.0887847039999,172.125373248,144.434023488
2024-12-22,261.120722112,1416.328363872,318.351498192,2.0,7535.8387096774195,47.2322419321008,28.684545633553217,-0.1,46.0,6.055555555555555,7.416666666666666,-0.7071067811865477,0.7071067811865474,0.0,7.596330275229358,11.44,5195.8387096774195,42.354838709677416,0.0,7225.0,7225.0,0.991914228002759,0.008085771997241108,0.0,0.0,0.0,0.0,1,여수,12,6,2024,winter,1,172.81458432,333.404045856,1384.676856864,1468.8993971520001,154.985422752,204.290606736
2024-12-23,249.55377580799998,1857.5063084160001,311.04067737599996,2.0,7535.8387096774195,47.2322419321008,28.684545633553217,3.1,49.0,4.166666666666667,6.083333333333333,-0.7660444431189781,0.6427876096865393,0.0,11.76,10.87,5195.8387096774195,42.354838709677416,0.0,9594.0,9594.0,0.991914228002759,0.008085771997241108,0.0,0.0,0.0,0.0,1,여수,12,0,2024,winter,1,261.120722112,385.8645496319999,1416.328363872,1925.928313344,318.351498192,326.67344063999997
2024-12-24,418.774387824,2616.9530777279997,277.10053372799996,2.0,7535.8387096774195,47.2322419321008,28.684545633553217,3.7,58.0,3.75,5.388888888888888,-0.7771459614569708,0.6293203910498375,0.0,15.466666666666669,11.31,5195.8387096774195,42.354838709677416,0.0,11978.0,11978.0,0.991914228002759,0.008085771997241108,0.0,0.0,0.0,0.0,1,여수,12,1,2024,winter,1,249.55377580799998,553.014578304,1857.5063084160001,1860.9927788159998,311.04067737599996,1994.8901771520002
2024-12-25,451.47314203199994,1950.026959584,2264.698225152,2.0,7535.8387096774195,47.2322419321008,28.684545633553217,3.8,65.0,3.0,5.249999999999999,-0.9510565162951536,0.3090169943749472,0.0,21.666666666666668,10.29,5195.8387096774195,42.354838709677416,0.0,8099.0,8099.0,0.991914228002759,0.008085771997241108,0.0,0.0,0.0,0.0,1,여수,12,2,2024,winter,1,418.774387824,580.552183584,2616.9530777279997,2684.812322448,277.10053372799996,357.19545024
2024-12-26,297.79425503999994,1743.0351899039997,165.96249091200002,2.0,7535.8387096774195,47.2322419321008,28.684545633553217,4.9,61.0,5.944444444444444,8.36111111111111,-0.8746197071393956,0.4848096202463373,0.0,10.261682242990656,9.98,5195.8387096774195,42.354838709677416,0.0,6398.0,6398.0,0.991914228002759,0.008085771997241108,0.0,0.0,0.0,0.0,1,여수,12,3,2024,winter,1,451.47314203199994,345.06043430400007,1950.026959584,2100.371076288,2264.698225152,2207.3623620480003
2024-12-27,377.09046288,1833.231169152,157.56501931199998,2.0,7535.8387096774195,47.2322419321008,28.684545633553217,2.1,57.0,5.916666666666667,7.944444444444445,-0.7986355100472932,0.6018150231520479,0.0,9.633802816901408,9.76,5195.8387096774195,42.354838709677416,0.0,5563.0,5563.0,0.991914228002759,0.008085771997241108,0.0,0.0,0.0,0.0,1,여수,12,4,2024,winter,1,297.79425503999994,87.438797568,1743.0351899039997,1568.1780610560002,165.96249091200002,172.125373248
2024-12-28,384.097505472,1721.4248704319998,152.265353184,2.0,7535.8387096774195,47.2322419321008,28.684545633553217,0.9,63.0,5.361111111111112,7.5,-0.7880107536067218,0.6156614753256585,0.0,11.751295336787564,11.06,5195.8387096774195,42.354838709677416,0.0,5239.0,5239.0,0.991914228002759,0.008085771997241108,0.0,0.0,0.0,0.0,1,여수,12,5,2024,winter,1,377.09046288,172.81458432,1833.231169152,1384.676856864,157.56501931199998,154.985422752
2024-12-29,263.51708529599995,1473.1963061759998,139.306175136,2.0,7535.8387096774195,47.2322419321008,28.684545633553217,3.4,60.0,3.083333333333333,5.444444444444445,-0.9271838545667874,0.3746065934159119,0.0,19.45945945945946,11.04,5195.8387096774195,42.354838709677416,0.0,5015.0,5015.0,0.991914228002759,0.008085771997241108,0.0,0.0,0.0,0.0,1,여수,12,6,2024,winter,1,384.097505472,261.120722112,1721.4248704319998,1416.328363872,152.265353184,318.351498192
2024-12-30,170.90860579200003,1445.456672064,137.77536009599999,2.0,7535.8387096774195,47.2322419321008,28.684545633553217,5.4,68.0,2.0277777777777777,4.888888888888889,-0.9876883405951375,-0.156434465040231,0.0,33.534246575342465,9.32,5195.8387096774195,42.354838709677416,0.0,5198.0,5198.0,0.991914228002759,0.008085771997241108,0.0,0.0,0.0,0.0,1,여수,12,0,2024,winter,1,263.51708529599995,249.55377580799998,1473.1963061759998,1857.5063084160001,139.306175136,311.04067737599996
2024-12-31,226.55091729599997,1692.3776198399999,158.72404636800002,2.0,7535.8387096774195,47.2322419321008,28.684545633553217,4.3,51.0,5.555555555555555,7.305555555555555,-0.7660444431189781,0.6427876096865393,0.0,9.18,11.7,5195.8387096774195,42.354838709677416,0.0,5343.0,5343.0,0.991914228002759,0.008085771997241108,0.0,0.0,0.0,0.0,1,여수,12,1,2024,winter,1,170.90860579200003,418.774387824,1445.456672064,2616.9530777279997,137.77536009599999,277.10053372799996
2025-01-01,84.98496542400001,2024.5799021760001,177.78327883199998,2.0,7451.870967741936,55.96855801530683,35.115904124532484,3.4,50.0,3.222222222222222,4.111111111111112,-0.8910065241883679,0.4539904997395466,0.0,15.517241379310349,11.29,4250.258064516129,13.193548387096774,0.0,6222.0,6222.0,0.9969054302511218,0.0030945697488783132,0.0,0.0,0.0,0.0,1,여수,1,2,2025,winter,1,226.55091729599997,451.47314203199994,1692.3776198399999,1950.026959584,158.72404636800002,2264.698225152
2025-01-02,167.55989947199998,1553.5442036160002,316.47395174400003,2.0,7451.870967741936,55.96855801530683,35.115904124532484,4.7,49.0,3.638888888888889,5.222222222222222,-0.7660444431189781,0.6427876096865393,0.0,13.465648854961833,11.3,4250.258064516129,13.193548387096774,0.0,5319.0,5319.0,0.9969054302511218,0.0030945697488783132,0.0,0.0,0.0,0.0,1,여수,1,3,2025,winter,1,84.98496542400001,297.79425503999994,2024.5799021760001,1743.0351899039997,177.78327883199998,165.96249091200002
2025-01-03,332.881409088,1681.365596544,148.85269747200002,2.0,7451.870967741936,55.96855801530683,35.115904124532484,2.4,39.0,4.277777777777778,5.694444444444445,-0.7071067811865477,0.7071067811865474,0.0,9.116883116883118,11.59,4250.258064516129,13.193548387096774,0.0,5886.0,5886.0,0.9969054302511218,0.0030945697488783132,0.0,0.0,0.0,0.0,1,여수,1,4,2025,winter,1,167.55989947199998,377.09046288,1553.5442036160002,1833.231169152,316.47395174400003,157.56501931199998
2025-01-04,474.6995435519999,1910.9715943679998,160.25732769599998,2.0,7451.870967741936,55.96855801530683,35.115904124532484,3.1,54.0,3.222222222222222,4.277777777777778,-0.7193398003386512,0.6946583704589973,0.0,16.758620689655174,11.43,4250.258064516129,13.193548387096774,0.0,6996.0,6996.0,0.9969054302511218,0.0030945697488783132,0.0,0.0,0.0,0.0,1,여수,1,5,2025,winter,1,332.881409088,384.097505472,1681.365596544,1721.4248704319998,148.85269747200002,152.265353184
2025-01-05,555.880426848,1919.669476896,157.707304992,2.0,7451.870967741936,55.96855801530683,35.115904124532484,1.8,79.0,1.0,1.8888888888888888,0.754709580222772,0.6560590289905073,2.0,79.0,4.24,4250.258064516129,13.193548387096774,0.0,7128.0,7128.0,0.9969054302511218,0.0030945697488783132,0.0,0.0,0.0,0.0,1,여수,1,6,2025,winter,1,474.6995435519999,263.51708529599995,1910.9715943679998,1473.1963061759998,160.25732769599998,139.306175136
2025-01-06,304.643327616,1523.233969488,138.143401776,2.0,7451.870967741936,55.96855801530683,35.115904124532484,3.5,72.0,4.333333333333333,7.888888888888888,-0.8191520442889918,0.573576436351046,0.1,16.615384615384617,10.8,4250.258064516129,13.193548387096774,0.0,6154.0,6154.0,0.9969054302511218,0.0030945697488783132,0.0,0.0,0.0,0.0,1,여수,1,0,2025,winter,1,555.880426848,170.90860579200003,1919.669476896,1445.456672064,157.707304992,137.77536009599999
2025-01-07,282.57361920000005,1662.3195716160003,308.913419808,2.0,7451.870967741936,55.96855801530683,35.115904124532484,1.0,58.0,5.305555555555556,9.194444444444445,-0.898794046299167,0.4383711467890774,0.1,10.931937172774868,10.83,4250.258064516129,13.193548387096774,0.0,6932.0,6932.0,0.9969054302511218,0.0030945697488783132,0.0,0.0,0.0,0.0,1,여수,1,1,2025,winter,1,304.643327616,226.55091729599997,1523.233969488,1692.3776198399999,138.143401776,158.72404636800002
2025-01-08,409.25366136,2471.71815576,339.455502,2.0,7451.870967741936,55.96855801530683,35.115904124532484,2.1,66.0,4.333333333333333,6.472222222222222,-0.9396926207859084,0.342020143325669,0.0,15.230769230769232,11.69,4250.258064516129,13.193548387096774,0.0,9456.0,9456.0,0.9969054302511218,0.0030945697488783132,0.0,0.0,0.0,0.0,1,여수,1,2,2025,winter,1,282.57361920000005,84.98496542400001,1662.3195716160003,2024.5799021760001,308.913419808,177.78327883199998
2025-01-09,683.6314867200001,3328.9548742079996,276.806025216,2.0,7451.870967741936,55.96855801530683,35.115904124532484,-3.1,48.0,6.055555555555555,7.861111111111111,-0.7193398003386512,0.6946583704589973,0.0,7.926605504587156,10.21,4250.258064516129,13.193548387096774,0.0,12275.0,12275.0,0.9969054302511218,0.0030945697488783132,0.0,0.0,0.0,0.0,1,여수,1,3,2025,winter,1,409.25366136,167.55989947199998,2471.71815576,1553.5442036160002,339.455502,316.47395174400003
2025-01-10,252.16521350399998,3009.5542720800004,317.993997744,2.0,7451.870967741936,55.96855801530683,35.115904124532484,-4.1,43.0,5.138888888888888,7.388888888888889,-0.6946583704589976,0.7193398003386509,0.0,8.36756756756757,12.07,4250.258064516129,13.193548387096774,0.0,11853.0,11853.0,0.9969054302511218,0.0030945697488783132,0.0,0.0,0.0,0.0,1,여수,1,4,2025,winter,1,683.6314867200001,332.881409088,3328.9548742079996,1681.365596544,276.806025216,148.85269747200002
2025-01-11,406.89499737599994,1840.579013952,254.16788630399998,2.0,7451.870967741936,55.96855801530683,35.115904124532484,-0.2,56.0,3.861111111111111,6.194444444444445,-0.8090169943749476,0.5877852522924729,0.0,14.50359712230216,10.88,4250.258064516129,13.193548387096774,0.0,7469.0,7469.0,0.9969054302511218,0.0030945697488783132,0.0,0.0,0.0,0.0,1,여수,1,5,2025,winter,1,252.16521350399998,474.6995435519999,3009.5542720800004,1910.9715943679998,317.993997744,160.25732769599998
2025-01-12,538.158843936,1720.8567684000002,179.415074736,2.0,7451.870967741936,55.96855801530683,35.115904124532484,0.6,52.0,4.444444444444445,6.75,-0.6946583704589976,0.7193398003386509,0.0,11.7,11.97,4250.258064516129,13.193548387096774,0.0,7188.0,7188.0,0.9969054302511218,0.0030945697488783132,0.0,0.0,0.0,0.0,1,여수,1,6,2025,winter,1,406.89499737599994,555.880426848,1840.579013952,1919.669476896,254.16788630399998,157.707304992
2025-01-13,487.265243472,1603.5303709440002,174.88939017600003,2.0,7451.870967741936,55.96855801530683,35.115904124532484,2.0,60.0,3.333333333333333,6.027777777777778,-0.9205048534524404,0.3907311284892735,0.0,18.0,11.9,4250.258064516129,13.193548387096774,0.0,7032.0,7032.0,0.9969054302511218,0.0030945697488783132,0.0,0.0,0.0,0.0,1,여수,1,0,2025,winter,1,538.158843936,304.643327616,1720.8567684000002,1523.233969488,179.415074736,138.143401776
2025-01-14,541.1482352639999,1550.1642155999998,171.114041952,2.0,7451.870967741936,55.96855801530683,35.115904124532484,4.3,64.0,2.638888888888889,5.333333333333333,-0.9743700647852352,0.2249510543438649,0.0,24.25263157894737,11.57,4250.258064516129,13.193548387096774,0.0,7175.0,7175.0,0.9969054302511218,0.0030945697488783132,0.0,0.0,0.0,0.0,1,여수,1,1,2025,winter,1,487.265243472,282.57361920000005,1603.5303709440002,1662.3195716160003,174.88939017600003,308.913419808
2025-01-15,560.311363296,1831.05163944,183.46719355200003,2.0,7451.870967741936,55.96855801530683,35.115904124532484,0.5,50.0,5.583333333333334,7.638888888888888,-0.6691306063588581,0.7431448254773944,0.0,8.955223880597014,11.65,4250.258064516129,13.193548387096774,0.0,7149.0,7149.0,0.9969054302511218,0.0030945697488783132,0.0,0.0,0.0,0.0,1,여수,1,2,2025,winter,1,541.1482352639999,409.25366136,1550.1642155999998,2471.71815576,171.114041952,339.455502
2025-01-16,700.3035,2069.66619,192.037815648,2.0,7451.870967741936,55.96855801530683,35.115904124532484,1.4,54.0,4.583333333333333,7.083333333333333,-0.8660254037844386,0.5000000000000001,0.0,11.781818181818185,12.29,4250.258064516129,13.193548387096774,0.0,7310.0,7310.0,0.9969054302511218,0.0030945697488783132,0.0,0.0,0.0,0.0,1,여수,1,3,2025,winter,1,560.311363296,683.6314867200001,1831.05163944,3328.9548742079996,183.46719355200003,276.806025216
2025-01-17,546.1305721919999,1986.5888176320002,189.421422624,2.0,7451.870967741936,55.96855801530683,35.115904124532484,2.0,58.0,1.472222222222222,3.0555555555555554,-0.898794046299167,0.4383711467890774,0.0,39.39622641509434,12.3,4250.258064516129,13.193548387096774,0.0,7329.0,7329.0,0.9969054302511218,0.0030945697488783132,0.0,0.0,0.0,0.0,1,여수,1,4,2025,winter,1,700.3035,252.16521350399998,2069.66619,3009.5542720800004,192.037815648,317.993997744
2025-01-18,482.15015423999995,1973.7380782079997,186.15248064,2.0,7451.870967741936,55.96855801530683,35.115904124532484,2.2,59.0,1.3888888888888888,2.694444444444444,-0.9659258262890684,-0.2588190451025206,0.0,42.48,11.19,4250.258064516129,13.193548387096774,0.0,7623.0,7623.0,0.9969054302511218,0.0030945697488783132,0.0,0.0,0.0,0.0,1,여수,1,5,2025,winter,1,546.1305721919999,406.89499737599994,1986.5888176320002,1840.579013952,189.421422624,254.16788630399998
2025-01-19,417.8704263839999,1839.7773463679998,179.11633651199998,2.0,7451.870967741936,55.96855801530683,35.115904124532484,3.7,59.0,2.138888888888889,3.333333333333333,-0.9743700647852352,0.2249510543438649,0.0,27.584415584415584,12.09,4250.258064516129,13.193548387096774,0.0,7421.0,7421.0,0.9969054302511218,0.0030945697488783132,0.0,0.0,0.0,0.0,1,여수,1,6,2025,winter,1,482.15015423999995,538.158843936,1973.7380782079997,1720.8567684000002,186.15248064,179.415074736
2025-01-20,400.169298816,1920.2001302879999,183.602148048,2.0,7451.870967741936,55.96855801530683,35.115904124532484,3.7,68.0,2.5555555555555554,4.805555555555555,-0.9396926207859084,0.342020143325669,0.0,26.60869565217391,12.07,4250.258064516129,13.193548387096774,0.0,7417.0,7417.0,0.9969054302511218,0.0030945697488783132,0.0,0.0,0.0,0.0,1,여수,1,0,2025,winter,1,417.8704263839999,487.265243472,1839.7773463679998,1603.5303709440002,179.11633651199998,174.88939017600003
2025-01-21,382.66835155200005,2005.0987466880001,184.05954777600002,2.0,7451.870967741936,55.96855801530683,35.115904124532484,3.4,59.0,1.8333333333333333,4.055555555555555,-0.6946583704589976,0.7193398003386509,0.0,32.18181818181818,12.81,4250.258064516129,13.193548387096774,0.0,7232.0,7232.0,0.9969054302511218,0.0030945697488783132,0.0,0.0,0.0,0.0,1,여수,1,1,2025,winter,1,400.169298816,541.1482352639999,1920.2001302879999,1550.1642155999998,183.602148048,171.114041952
2025-01-22,178.743100032,2041.7143390560002,185.427511488,2.0,7451.870967741936,55.96855801530683,35.115904124532484,3.6,61.0,1.972222222222222,3.3611111111111107,-0.9396926207859084,0.342020143325669,0.0,30.929577464788736,9.52,4250.258064516129,13.193548387096774,0.0,7655.0,7655.0,0.9969054302511218,0.0030945697488783132,0.0,0.0,0.0,0.0,1,여수,1,2,2025,winter,1,382.66835155200005,560.311363296,2005.0987466880001,1831.05163944,184.05954777600002,183.46719355200003
2025-01-23,197.63666596799996,1970.2225146239998,180.657406512,2.0,7451.870967741936,55.96855801530683,35.115904124532484,5.8,64.0,1.8055555555555556,3.1111111111111107,-0.6560590289905074,0.7547095802227719,0.0,35.44615384615385,12.76,4250.258064516129,13.193548387096774,0.0,7666.0,7666.0,0.9969054302511218,0.0030945697488783132,0.0,0.0,0.0,0.0,1,여수,1,3,2025,winter,1,178.743100032,700.3035,2041.7143390560002,2069.66619,185.427511488,192.037815648
2025-01-24,241.209880704,1914.398781696,197.778718944,2.0,7451.870967741936,55.96855801530683,35.115904124532484,6.5,42.0,2.7777777777777777,3.7777777777777777,0.6560590289905073,0.754709580222772,0.0,15.12,12.99,4250.258064516129,13.193548387096774,0.0,7562.0,7562.0,0.9969054302511218,0.0030945697488783132,0.0,0.0,0.0,0.0,1,여수,1,4,2025,winter,1,197.63666596799996,546.1305721919999,1970.2225146239998,1986.5888176320002,180.657406512,189.421422624
2025-01-25,195.685419888,2130.428271888,199.957291632,2.0,7451.870967741936,55.96855801530683,35.115904124532484,6.1,61.0,5.472222222222222,6.666666666666666,0.7071067811865475,0.7071067811865476,0.0,11.147208121827411,12.85,4250.258064516129,13.193548387096774,0.0,7273.0,7273.0,0.9969054302511218,0.0030945697488783132,0.0,0.0,0.0,0.0,1,여수,1,5,2025,winter,1,241.209880704,482.15015423999995,1914.398781696,1973.7380782079997,197.778718944,186.15248064
2025-01-26,135.059382,2079.9144828000003,189.968054256,2.0,7451.870967741936,55.96855801530683,35.115904124532484,5.5,59.0,4.611111111111112,7.666666666666667,0.7313537016191705,0.6819983600624985,0.1,12.795180722891564,8.0,4250.258064516129,13.193548387096774,0.0,7476.0,7476.0,0.9969054302511218,0.0030945697488783132,0.0,0.0,0.0,0.0,1,여수,1,6,2025,winter,1,195.685419888,417.8704263839999,2130.428271888,1839.7773463679998,199.957291632,179.11633651199998
2025-01-27,98.031936096,1660.523408784,159.24786494399999,2.0,7451.870967741936,55.96855801530683,35.115904124532484,2.9,67.0,5.5,8.5,-0.8386705679454243,0.5446390350150266,8.6,12.181818181818182,12.48,4250.258064516129,13.193548387096774,0.0,6117.0,6117.0,0.9969054302511218,0.0030945697488783132,0.0,0.0,0.0,0.0,1,여수,1,0,2025,winter,1,135.059382,400.169298816,2079.9144828000003,1920.2001302879999,189.968054256,183.602148048
2025-01-28,139.600327104,1862.6125835520004,164.68562131200002,2.0,7451.870967741936,55.96855801530683,35.115904124532484,0.6,56.0,7.305555555555555,9.944444444444445,-0.9702957262759966,0.2419218955996674,0.0,7.665399239543726,12.79,4250.258064516129,13.193548387096774,0.0,7344.0,7344.0,0.9969054302511218,0.0030945697488783132,0.0,0.0,0.0,0.0,1,여수,1,1,2025,winter,1,98.031936096,382.66835155200005,1660.523408784,2005.0987466880001,159.24786494399999,184.05954777600002
2025-01-29,139.54067063999997,1687.48873128,152.20526745599997,2.0,7451.870967741936,55.96855801530683,35.115904124532484,-0.1,62.0,6.75,8.444444444444445,-0.8746197071393956,0.4848096202463373,0.0,9.185185185185183,7.93,4250.258064516129,13.193548387096774,0.0,6997.0,6997.0,0.9969054302511218,0.0030945697488783132,0.0,0.0,0.0,0.0,1,여수,1,2,2025,winter,1,139.600327104,178.743100032,1862.6125835520004,2041.7143390560002,164.68562131200002,185.427511488
2025-01-30,210.22096032000002,1657.742429952,152.31710937600002,2.0,7451.870967741936,55.96855801530683,35.115904124532484,1.6,54.0,2.8055555555555554,5.249999999999999,-0.9781476007338056,0.2079116908177594,0.0,19.24752475247525,12.1,4250.258064516129,13.193548387096774,0.0,7251.0,7251.0,0.9969054302511218,0.0030945697488783132,0.0,0.0,0.0,0.0,1,여수,1,3,2025,winter,1,139.54067063999997,197.63666596799996,1687.48873128,1970.2225146239998,152.20526745599997,180.657406512
2025-01-31,170.23346956799998,1266.3121769279999,145.803873888,2.0,7451.870967741936,55.96855801530683,35.115904124532484,2.7,74.0,1.6388888888888888,3.1111111111111107,0.9396926207859084,0.3420201433256688,1.7,45.15254237288136,5.07,4250.258064516129,13.193548387096774,0.0,7101.0,7101.0,0.9969054302511218,0.0030945697488783132,0.0,0.0,0.0,0.0,1,여수,1,4,2025,winter,1,210.22096032000002,241.209880704,1657.742429952,1914.398781696,152.31710937600002,197.778718944
2025-02-01,75.50522784,1029.747488256,136.70975808000003,2.0,7898.571428571428,73.27574163501536,35.13550144691626,4.0,95.0,5.222222222222222,7.388888888888889,0.6427876096865393,0.766044443118978,30.9,18.19148936170213,1.49,4715.321428571428,31.642857142857142,0.0,6899.0,6899.0,0.9933340856938645,0.006665914306135501,0.0,0.0,0.0,0.0,1,여수,2,5,2025,winter,1,170.23346956799998,195.685419888,1266.3121769279999,2130.428271888,145.803873888,199.957291632
2025-02-02,110.06589499200001,1349.5340628,132.700866768,2.0,7898.571428571428,73.27574163501536,35.13550144691626,4.7,77.0,2.5833333333333335,4.888888888888889,-0.5591929034707466,0.8290375725550418,0.0,29.806451612903224,12.16,4715.321428571428,31.642857142857142,0.0,7144.0,7144.0,0.9933340856938645,0.006665914306135501,0.0,0.0,0.0,0.0,1,여수,2,6,2025,winter,1,75.50522784,135.059382,1029.747488256,2079.9144828000003,136.70975808000003,189.968054256
2025-02-03,272.35063108800006,1737.3662569439998,516.3237908640001,2.0,7898.571428571428,73.27574163501536,35.13550144691626,0.9,58.0,7.083333333333333,9.444444444444445,-0.7431448254773946,0.6691306063588578,0.0,8.188235294117648,12.93,4715.321428571428,31.642857142857142,0.0,7240.0,7240.0,0.9933340856938645,0.006665914306135501,0.0,0.0,0.0,0.0,1,여수,2,0,2025,winter,1,110.06589499200001,98.031936096,1349.5340628,1660.523408784,132.700866768,159.24786494399999
2025-02-04,550.835660736,2591.9592258240004,369.97112735999997,2.0,7898.571428571428,73.27574163501536,35.13550144691626,-3.6,57.0,6.361111111111111,8.11111111111111,-0.7431448254773946,0.6691306063588578,0.0,8.960698689956333,12.19,4715.321428571428,31.642857142857142,0.0,10352.0,10352.0,0.9933340856938645,0.006665914306135501,0.0,0.0,0.0,0.0,1,여수,2,1,2025,winter,1,272.35063108800006,139.600327104,1737.3662569439998,1862.6125835520004,516.3237908640001,164.68562131200002
2025-02-05,1070.172987552,3381.6325098240004,315.312751584,2.0,7898.571428571428,73.27574163501536,35.13550144691626,-2.2,55.0,5.166666666666667,8.86111111111111,-0.8191520442889918,0.573576436351046,0.0,10.64516129032258,14.46,4715.321428571428,31.642857142857142,0.0,12633.0,12633.0,0.9933340856938645,0.006665914306135501,0.0,0.0,0.0,0.0,1,여수,2,2,2025,winter,1,550.835660736,139.54067063999997,2591.9592258240004,1687.48873128,369.97112735999997,152.20526745599997
2025-02-06,650.177269776,3311.963507952,300.408085584,2.0,7898.571428571428,73.27574163501536,35.13550144691626,-1.4,53.0,3.638888888888889,5.722222222222222,-0.898794046299167,0.4383711467890774,0.0,14.564885496183209,14.0,4715.321428571428,31.642857142857142,0.0,12563.0,12563.0,0.9933340856938645,0.006665914306135501,0.0,0.0,0.0,0.0,1,여수,2,3,2025,winter,1,1070.172987552,210.22096032000002,3381.6325098240004,1657.742429952,315.312751584,152.31710937600002
2025-02-07,484.40713838399995,3103.8964083359997,285.405168816,2.0,7898.571428571428,73.27574163501536,35.13550144691626,-1.9,57.0,6.361111111111111,10.75,-0.8386705679454243,0.5446390350150266,0.1,8.960698689956333,14.43,4715.321428571428,31.642857142857142,0.0,12246.0,12246.0,0.9933340856938645,0.006665914306135501,0.0,0.0,0.0,0.0,1,여수,2,4,2025,winter,1,650.177269776,170.23346956799998,3311.963507952,1266.3121769279999,300.408085584,145.803873888
2025-02-08,414.91465632,1685.431777968,2294.7926996159995,2.0,7898.571428571428,73.27574163501536,35.13550144691626,-4.0,55.0,6.666666666666666,7.861111111111111,-0.6946583704589976,0.7193398003386509,0.0,8.25,15.37,4715.321428571428,31.642857142857142,0.0,8513.0,8513.0,0.9933340856938645,0.006665914306135501,0.0,0.0,0.0,0.0,1,여수,2,5,2025,winter,1,484.40713838399995,75.50522784,3103.8964083359997,1029.747488256,285.405168816,136.70975808000003
2025-02-09,463.247284032,1507.3173048960002,153.556331328,2.0,7898.571428571428,73.27574163501536,35.13550144691626,-1.6,54.0,5.222222222222222,6.805555555555555,-0.7660444431189781,0.6427876096865393,0.0,10.340425531914894,15.49,4715.321428571428,31.642857142857142,0.0,7163.0,7163.0,0.9933340856938645,0.006665914306135501,0.0,0.0,0.0,0.0,1,여수,2,6,2025,winter,1,414.91465632,110.06589499200001,1685.431777968,1349.5340628,2294.7926996159995,132.700866768
2025-02-10,475.808153184,1504.772582976,152.216309088,2.0,7898.571428571428,73.27574163501536,35.13550144691626,0.1,58.0,4.527777777777778,6.444444444444444,-0.8571673007021123,0.5150380749100542,0.0,12.809815950920246,12.67,4715.321428571428,31.642857142857142,0.0,7223.0,7223.0,0.9933340856938645,0.006665914306135501,0.0,0.0,0.0,0.0,1,여수,2,0,2025,winter,1,463.247284032,272.35063108800006,1507.3173048960002,1737.3662569439998,153.556331328,516.3237908640001
2025-02-11,453.604849632,1473.8339390400001,143.35846862400004,2.0,7898.571428571428,73.27574163501536,35.13550144691626,1.2,60.0,2.0277777777777777,3.5,0.9993908270190958,0.034899496702501,0.0,29.589041095890412,15.93,4715.321428571428,31.642857142857142,0.0,7359.0,7359.0,0.9933340856938645,0.006665914306135501,0.0,0.0,0.0,0.0,1,여수,2,1,2025,winter,1,475.808153184,550.835660736,1504.772582976,2591.9592258240004,152.216309088,369.97112735999997
2025-02-12,525.7743479999999,1842.12212472,170.97396479999998,2.0,7898.571428571428,73.27574163501536,35.13550144691626,4.2,85.0,4.805555555555555,9.166666666666666,-0.5000000000000004,0.8660254037844384,7.7,17.6878612716763,5.36,4715.321428571428,31.642857142857142,0.0,7664.0,7664.0,0.9933340856938645,0.006665914306135501,0.0,0.0,0.0,0.0,1,여수,2,2,2025,winter,1,453.604849632,1070.172987552,1473.8339390400001,3381.6325098240004,143.35846862400004,315.312751584
2025-02-13,808.949910528,2060.02537056,188.303354496,2.0,7898.571428571428,73.27574163501536,35.13550144691626,1.9,47.0,5.249999999999999,8.083333333333334,-0.7880107536067218,0.6156614753256585,0.0,8.952380952380954,16.37,4715.321428571428,31.642857142857142,0.0,7658.0,7658.0,0.9933340856938645,0.006665914306135501,0.0,0.0,0.0,0.0,1,여수,2,3,2025,winter,1,525.7743479999999,650.177269776,1842.12212472,3311.963507952,170.97396479999998,300.408085584
2025-02-14,759.3067058400001,1961.9669915999998,183.186384624,2.0,7898.571428571428,73.27574163501536,35.13550144691626,3.7,59.0,2.6666666666666665,4.083333333333333,-0.9659258262890684,0.2588190451025203,0.0,22.125,16.24,4715.321428571428,31.642857142857142,0.0,7652.0,7652.0,0.9933340856938645,0.006665914306135501,0.0,0.0,0.0,0.0,1,여수,2,4,2025,winter,1,808.949910528,484.40713838399995,2060.02537056,3103.8964083359997,188.303354496,285.405168816
2025-02-15,687.823186752,1815.062827968,172.155212784,2.0,7898.571428571428,73.27574163501536,35.13550144691626,2.8,62.0,1.0833333333333333,2.111111111111111,-0.9510565162951536,0.3090169943749472,0.0,57.23076923076923,5.31,4715.321428571428,31.642857142857142,0.0,7457.0,7457.0,0.9933340856938645,0.006665914306135501,0.0,0.0,0.0,0.0,1,여수,2,5,2025,winter,1,759.3067058400001,414.91465632,1961.9669915999998,1685.431777968,183.186384624,2294.7926996159995
2025-02-16,550.7696736,1599.2227872000003,158.76159537599997,2.0,7898.571428571428,73.27574163501536,35.13550144691626,5.7,72.0,3.888888888888889,6.388888888888888,-0.9612616959383188,0.2756373558169994,0.0,18.514285714285716,16.08,4715.321428571428,31.642857142857142,0.0,6657.0,6657.0,0.9933340856938645,0.006665914306135501,0.0,0.0,0.0,0.0,1,여수,2,6,2025,winter,1,687.823186752,463.247284032,1815.062827968,1507.3173048960002,172.155212784,153.556331328
2025-02-17,438.54404198400005,1551.8332368,160.995013056,2.0,7898.571428571428,73.27574163501536,35.13550144691626,2.2,45.0,6.416666666666667,8.11111111111111,-0.7193398003386512,0.6946583704589973,0.0,7.012987012987013,16.81,4715.321428571428,31.642857142857142,0.0,6960.0,6960.0,0.9933340856938645,0.006665914306135501,0.0,0.0,0.0,0.0,1,여수,2,0,2025,winter,1,550.7696736,475.808153184,1599.2227872000003,1504.772582976,158.76159537599997,152.216309088
2025-02-18,103.213294272,1645.441691328,164.68742750399997,2.0,7898.571428571428,73.27574163501536,35.13550144691626,0.1,44.0,6.111111111111111,7.472222222222221,-0.7193398003386512,0.6946583704589973,0.0,7.2,17.11,4715.321428571428,31.642857142857142,0.0,7542.0,7542.0,0.9933340856938645,0.006665914306135501,0.0,0.0,0.0,0.0,1,여수,2,1,2025,winter,1,438.54404198400005,453.604849632,1551.8332368,1473.8339390400001,160.995013056,143.35846862400004
2025-02-19,162.9785808,1772.275652928,173.748955392,2.0,7898.571428571428,73.27574163501536,35.13550144691626,0.1,50.0,5.555555555555555,6.583333333333333,-0.7547095802227722,0.656059028990507,0.0,9.0,17.04,4715.321428571428,31.642857142857142,0.0,7405.0,7405.0,0.9933340856938645,0.006665914306135501,0.0,0.0,0.0,0.0,1,여수,2,2,2025,winter,1,103.213294272,525.7743479999999,1645.441691328,1842.12212472,164.68742750399997,170.97396479999998
2025-02-20,503.55290304000005,1756.0495260000002,162.48070224000003,2.0,7898.571428571428,73.27574163501536,35.13550144691626,0.1,42.0,5.444444444444445,6.666666666666666,-0.6946583704589976,0.7193398003386509,0.0,7.714285714285714,17.14,4715.321428571428,31.642857142857142,0.0,7446.0,7446.0,0.9933340856938645,0.006665914306135501,0.0,0.0,0.0,0.0,1,여수,2,3,2025,winter,1,162.9785808,808.949910528,1772.275652928,2060.02537056,173.748955392,188.303354496
2025-02-21,453.82946169600007,1595.856519504,151.407750384,2.0,7898.571428571428,73.27574163501536,35.13550144691626,0.0,44.0,5.722222222222222,6.555555555555555,-0.6819983600624984,0.7313537016191707,0.0,7.689320388349515,15.7,4715.321428571428,31.642857142857142,0.0,7483.0,7483.0,0.9933340856938645,0.006665914306135501,0.0,0.0,0.0,0.0,1,여수,2,4,2025,winter,1,503.55290304000005,759.3067058400001,1756.0495260000002,1961.9669915999998,162.48070224000003,183.186384624
2025-02-22,494.34048,1520.195844096,147.81983284800003,2.0,7898.571428571428,73.27574163501536,35.13550144691626,0.6,49.0,5.055555555555555,5.888888888888888,-0.7986355100472932,0.6018150231520479,0.0,9.692307692307692,17.0,4715.321428571428,31.642857142857142,0.0,7286.0,7286.0,0.9933340856938645,0.006665914306135501,0.0,0.0,0.0,0.0,1,여수,2,5,2025,winter,1,453.82946169600007,687.823186752,1595.856519504,1815.062827968,151.407750384,172.155212784
2025-02-23,888.6024951840001,1480.9944862080001,769.177947168,2.0,7898.571428571428,73.27574163501536,35.13550144691626,-0.4,46.0,6.361111111111111,8.61111111111111,-0.7547095802227722,0.656059028990507,0.0,7.231441048034935,16.8,4715.321428571428,31.642857142857142,0.0,6960.0,6960.0,0.9933340856938645,0.006665914306135501,0.0,0.0,0.0,0.0,1,여수,2,6,2025,winter,1,494.34048,550.7696736,1520.195844096,1599.2227872000003,147.81983284800003,158.76159537599997
2025-02-24,1809.371138688,2789.3521908000002,3053.6762441759997,2.0,7898.571428571428,73.27574163501536,35.13550144691626,0.4,49.0,5.555555555555555,6.361111111111111,-0.7547095802227722,0.656059028990507,0.0,8.82,17.89,4715.321428571428,31.642857142857142,0.0,6128.0,6128.0,0.9933340856938645,0.006665914306135501,0.0,0.0,0.0,0.0,1,여수,2,0,2025,winter,1,888.6024951840001,438.54404198400005,1480.9944862080001,1551.8332368,769.177947168,160.995013056
2025-02-25,1162.1308167359998,1932.7011583679998,796.975546752,2.0,7898.571428571428,73.27574163501536,35.13550144691626,2.6,56.0,4.027777777777778,5.722222222222222,-0.9961946980917455,0.0871557427476578,0.0,13.90344827586207,14.73,4715.321428571428,31.642857142857142,0.0,5438.0,5438.0,0.9933340856938645,0.006665914306135501,0.0,0.0,0.0,0.0,1,여수,2,1,2025,winter,1,1809.371138688,103.213294272,2789.3521908000002,1645.441691328,3053.6762441759997,164.68742750399997
2025-02-26,414.76327416000004,1204.9523635680002,3097.988249472,2.0,7898.571428571428,73.27574163501536,35.13550144691626,6.1,55.0,4.722222222222222,5.916666666666667,-0.9659258262890684,0.2588190451025203,0.0,11.647058823529411,17.8,4715.321428571428,31.642857142857142,0.0,7545.0,7545.0,0.9933340856938645,0.006665914306135501,0.0,0.0,0.0,0.0,1,여수,2,2,2025,winter,1,1162.1308167359998,162.9785808,1932.7011583679998,1772.275652928,796.975546752,173.748955392
2025-02-27,412.36037568000006,1804.0766436,166.14240969600002,2.0,7898.571428571428,73.27574163501536,35.13550144691626,4.3,53.0,1.8055555555555556,3.611111111111111,0.9510565162951536,-0.3090169943749473,0.9,29.353846153846153,12.66,4715.321428571428,31.642857142857142,0.0,7612.0,7612.0,0.9933340856938645,0.006665914306135501,0.0,0.0,0.0,0.0,1,여수,2,3,2025,winter,1,414.76327416000004,503.55290304000005,1204.9523635680002,1756.0495260000002,3097.988249472,162.48070224000003
2025-02-28,736.251568704,1664.9815662719998,151.376927616,2.0,7898.571428571428,73.27574163501536,35.13550144691626,8.7,85.0,1.75,4.222222222222222,-0.656059028990507,-0.7547095802227721,0.3,48.57142857142857,15.53,4715.321428571428,31.642857142857142,0.0,6932.0,6932.0,0.9933340856938645,0.006665914306135501,0.0,0.0,0.0,0.0,1,여수,2,4,2025,winter,1,412.36037568000006,453.82946169600007,1804.0766436,1595.856519504,166.14240969600002,151.407750384
2025-03-01,641.482702848,1484.970776064,135.881469216,2.0,6907.806451612903,84.65,37.5,9.4,95.0,2.0,3.5,1.0,6.123233995736766e-17,2.2,47.5,5.76,3800.548387096774,0.0,0.0,6937.0,6937.0,1.0,0.0,0.0,0.0,0.0,0.0,1,여수,3,5,2025,spring,1,736.251568704,494.34048,1664.9815662719998,1520.195844096,151.376927616,147.81983284800003
2025-03-02,508.57115616,1150.6944096000002,188.861738688,2.0,6907.806451612903,84.65,37.5,12.2,95.0,4.027777777777778,8.88888888888889,0.9702957262759964,0.2419218955996676,8.1,23.58620689655173,6.2,3800.548387096774,0.0,0.0,5901.0,5901.0,1.0,0.0,0.0,0.0,0.0,0.0,1,여수,3,6,2025,spring,1,641.482702848,888.6024951840001,1484.970776064,1480.9944862080001,135.881469216,769.177947168
2025-03-03,479.7511286400001,1243.4630604479999,171.76062355200003,2.0,6907.806451612903,84.65,37.5,5.4,78.0,10.166666666666666,11.861111111111112,0.8090169943749475,0.5877852522924731,7.0,7.672131147540984,5.71,3800.548387096774,0.0,0.0,6539.0,6539.0,1.0,0.0,0.0,0.0,0.0,0.0,1,여수,3,0,2025,spring,1,508.57115616,1809.371138688,1150.6944096000002,2789.3521908000002,188.861738688,3053.6762441759997
2025-03-04,504.1179578880001,1406.300239872,159.20793950400002,2.0,6907.806451612903,84.65,37.5,3.5,85.0,9.138888888888888,10.333333333333334,0.6946583704589973,0.7193398003386512,6.7,9.300911854103346,6.33,3800.548387096774,0.0,0.0,7258.0,7258.0,1.0,0.0,0.0,0.0,0.0,0.0,1,여수,3,1,2025,spring,1,479.7511286400001,1162.1308167359998,1243.4630604479999,1932.7011583679998,171.76062355200003,796.975546752
2025-03-05,129.99451608,1467.63039456,162.254634912,2.0,6907.806451612903,84.65,37.5,6.0,71.0,3.611111111111111,7.083333333333333,0.5446390350150271,0.838670567945424,0.0,19.661538461538463,7.6,3800.548387096774,0.0,0.0,7190.0,7190.0,1.0,0.0,0.0,0.0,0.0,0.0,1,여수,3,2,2025,spring,1,504.1179578880001,414.76327416000004,1406.300239872,1204.9523635680002,159.20793950400002,3097.988249472
2025-03-06,151.05130358399998,1335.210376176,149.90659487999997,2.0,6907.806451612903,84.65,37.5,6.4,73.0,2.0833333333333335,3.416666666666667,0.2419218955996677,0.9702957262759964,1.8,35.04,15.85,3800.548387096774,0.0,0.0,6889.0,6889.0,1.0,0.0,0.0,0.0,0.0,0.0,1,여수,3,3,2025,spring,1,129.99451608,412.36037568000006,1467.63039456,1804.0766436,162.254634912,166.14240969600002
2025-03-07,161.193775104,1169.284532688,132.846016608,2.0,6907.806451612903,84.65,37.5,5.1,67.0,2.388888888888889,4.222222222222222,0.9961946980917455,-0.0871557427476582,0.0,28.046511627906977,17.23,3800.548387096774,0.0,0.0,7568.0,7568.0,1.0,0.0,0.0,0.0,0.0,0.0,1,여수,3,4,2025,spring,1,151.05130358399998,736.251568704,1335.210376176,1664.9815662719998,149.90659487999997,151.376927616
2025-03-08,422.886156912,1158.030024624,125.602419168,2.0,6907.806451612903,84.65,37.5,6.6,70.0,2.1666666666666665,3.138888888888889,0.788010753606722,0.6156614753256583,0.3,32.30769230769231,9.65,3800.548387096774,0.0,0.0,7399.0,7399.0,1.0,0.0,0.0,0.0,0.0,0.0,1,여수,3,5,2025,spring,1,161.193775104,641.482702848,1169.284532688,1484.970776064,132.846016608,135.881469216
2025-03-09,362.483469504,1254.7504713600001,138.383786448,2.0,6907.806451612903,84.65,37.5,5.8,68.0,2.0833333333333335,3.9166666666666665,0.6691306063588582,0.7431448254773942,0.0,32.64,19.76,3800.548387096774,0.0,0.0,6969.0,6969.0,1.0,0.0,0.0,0.0,0.0,0.0,1,여수,3,6,2025,spring,1,422.886156912,508.57115616,1158.030024624,1150.6944096000002,125.602419168,188.861738688
2025-03-10,353.85092697600004,1294.33184064,138.16117296000002,2.0,6907.806451612903,84.65,37.5,6.6,76.0,2.055555555555556,3.0,0.9743700647852352,0.2249510543438649,0.0,36.97297297297297,11.53,3800.548387096774,0.0,0.0,7143.0,7143.0,1.0,0.0,0.0,0.0,0.0,0.0,1,여수,3,0,2025,spring,1,362.483469504,479.7511286400001,1254.7504713600001,1243.4630604479999,138.383786448,171.76062355200003
2025-03-11,295.80058468799996,1377.2990904480002,142.0638156,2.0,6907.806451612903,84.65,37.5,7.7,72.0,2.0,3.611111111111111,0.8910065241883679,0.4539904997395468,0.0,36.0,19.9,3800.548387096774,0.0,0.0,7420.0,7420.0,1.0,0.0,0.0,0.0,0.0,0.0,1,여수,3,1,2025,spring,1,353.85092697600004,504.1179578880001,1294.33184064,1406.300239872,138.16117296000002,159.20793950400002
2025-03-12,235.1217456,1309.8625344000002,154.00692648,2.0,6907.806451612903,84.65,37.5,10.5,65.0,2.7777777777777777,5.694444444444445,-0.9945218953682734,0.1045284632676529,0.0,23.4,14.45,3800.548387096774,0.0,0.0,6026.0,6026.0,1.0,0.0,0.0,0.0,0.0,0.0,1,여수,3,2,2025,spring,1,295.80058468799996,129.99451608,1377.2990904480002,1467.63039456,142.0638156,162.254634912
2025-03-13,443.817788544,1884.2790320640001,199.423943136,2.0,6907.806451612903,84.65,37.5,9.9,57.0,3.6944444444444446,5.75,0.6293203910498374,0.7771459614569709,0.0,15.428571428571429,15.22,3800.548387096774,0.0,0.0,7196.0,7196.0,1.0,0.0,0.0,0.0,0.0,0.0,1,여수,3,3,2025,spring,1,235.1217456,151.05130358399998,1309.8625344000002,1335.210376176,154.00692648,149.90659487999997
2025-03-14,248.81330376000005,1634.576890464,180.99382391999998,2.0,6907.806451612903,84.65,37.5,11.1,48.0,4.777777777777778,7.749999999999999,0.9135454576426008,0.4067366430758002,0.0,10.046511627906977,20.25,3800.548387096774,0.0,0.0,7084.0,7084.0,1.0,0.0,0.0,0.0,0.0,0.0,1,여수,3,4,2025,spring,1,443.817788544,161.193775104,1884.2790320640001,1169.284532688,199.423943136,132.846016608
2025-03-15,470.98967529600003,1586.923400736,206.86412966400002,2.0,6907.806451612903,84.65,37.5,8.4,70.0,7.277777777777778,9.97222222222222,0.7771459614569709,0.6293203910498374,6.5,9.618320610687023,7.77,3800.548387096774,0.0,0.0,7306.0,7306.0,1.0,0.0,0.0,0.0,0.0,0.0,1,여수,3,5,2025,spring,1,248.81330376000005,422.886156912,1634.576890464,1158.030024624,180.99382391999998,125.602419168
2025-03-16,304.76778249599994,1432.5940981440003,211.695767424,2.0,6907.806451612903,84.65,37.5,5.9,60.0,6.194444444444445,10.02777777777778,-0.6691306063588581,0.7431448254773944,0.0,9.68609865470852,13.9,3800.548387096774,0.0,0.0,6559.0,6559.0,1.0,0.0,0.0,0.0,0.0,0.0,1,여수,3,6,2025,spring,1,470.98967529600003,362.483469504,1586.923400736,1254.7504713600001,206.86412966400002,138.383786448
2025-03-17,298.934943408,1373.684909472,226.563785424,2.0,6907.806451612903,84.65,37.5,3.7,40.0,5.583333333333334,7.749999999999999,-0.8191520442889918,0.573576436351046,0.0,7.164179104477611,21.49,3800.548387096774,0.0,0.0,6893.0,6893.0,1.0,0.0,0.0,0.0,0.0,0.0,1,여수,3,0,2025,spring,1,304.76778249599994,353.85092697600004,1432.5940981440003,1294.33184064,211.695767424,138.16117296000002
2025-03-18,522.390915072,1669.5658252800001,241.8461064,2.0,6907.806451612903,84.65,37.5,3.5,59.0,7.083333333333333,10.02777777777778,-0.945518575599317,0.3255681544571563,0.9,8.329411764705883,20.09,3800.548387096774,0.0,0.0,7549.0,7549.0,1.0,0.0,0.0,0.0,0.0,0.0,1,여수,3,1,2025,spring,1,298.934943408,295.80058468799996,1373.684909472,1377.2990904480002,226.563785424,142.0638156
2025-03-19,789.6043788479999,1748.409123168,238.170722112,2.0,6907.806451612903,84.65,37.5,3.4,48.0,4.361111111111111,5.972222222222222,-0.8386705679454243,0.5446390350150266,0.0,11.006369426751592,21.45,3800.548387096774,0.0,0.0,7661.0,7661.0,1.0,0.0,0.0,0.0,0.0,0.0,1,여수,3,2,2025,spring,1,522.390915072,235.1217456,1669.5658252800001,1309.8625344000002,241.8461064,154.00692648
2025-03-20,646.6826557439999,1848.931556976,231.135639552,2.0,6907.806451612903,84.65,37.5,7.2,65.0,3.75,6.277777777777778,-0.9876883405951375,-0.156434465040231,0.0,17.333333333333332,20.16,3800.548387096774,0.0,0.0,7525.0,7525.0,1.0,0.0,0.0,0.0,0.0,0.0,1,여수,3,3,2025,spring,1,789.6043788479999,443.817788544,1748.409123168,1884.2790320640001,238.170722112,199.423943136
2025-03-21,354.15644543999997,1752.7130208,212.855465088,2.0,6907.806451612903,84.65,37.5,11.8,65.0,4.722222222222222,6.888888888888889,-0.9271838545667872,-0.3746065934159123,0.0,13.76470588235294,21.33,3800.548387096774,0.0,0.0,7026.0,7026.0,1.0,0.0,0.0,0.0,0.0,0.0,1,여수,3,4,2025,spring,1,646.6826557439999,248.81330376000005,1848.931556976,1634.576890464,231.135639552,180.99382391999998
2025-03-22,518.5335676320001,1493.191759392,187.73200368,2.0,6907.806451612903,84.65,37.5,13.5,54.0,4.361111111111111,6.583333333333333,-0.961261695938319,-0.2756373558169989,0.0,12.382165605095542,21.57,3800.548387096774,0.0,0.0,6643.0,6643.0,1.0,0.0,0.0,0.0,0.0,0.0,1,여수,3,5,2025,spring,1,354.15644543999997,470.98967529600003,1752.7130208,1586.923400736,212.855465088,206.86412966400002
2025-03-23,445.00563431999996,1474.9844870880002,189.674569296,2.0,6907.806451612903,84.65,37.5,14.1,51.0,3.2499999999999996,5.472222222222222,-0.7986355100472928,-0.6018150231520483,0.0,15.692307692307695,21.69,3800.548387096774,0.0,0.0,6386.0,6386.0,1.0,0.0,0.0,0.0,0.0,0.0,1,여수,3,6,2025,spring,1,518.5335676320001,304.76778249599994,1493.191759392,1432.5940981440003,187.73200368,211.695767424
2025-03-24,214.786746144,1615.90690584,222.721735104,2.0,6907.806451612903,84.65,37.5,15.1,62.0,4.638888888888888,7.472222222222221,-0.7431448254773944,-0.6691306063588581,0.1,13.365269461077846,20.97,3800.548387096774,0.0,0.0,6910.0,6910.0,1.0,0.0,0.0,0.0,0.0,0.0,1,여수,3,0,2025,spring,1,445.00563431999996,298.934943408,1474.9844870880002,1373.684909472,189.674569296,226.563785424
2025-03-25,174.71478816000004,1536.6959776800002,201.410225568,2.0,6907.806451612903,84.65,37.5,14.3,67.0,4.25,7.583333333333333,-0.8386705679454242,-0.544639035015027,0.0,15.764705882352942,21.83,3800.548387096774,0.0,0.0,6711.0,6711.0,1.0,0.0,0.0,0.0,0.0,0.0,1,여수,3,1,2025,spring,1,214.786746144,522.390915072,1615.90690584,1669.5658252800001,222.721735104,241.8461064
2025-03-26,68.66294457599999,1370.427429888,179.351185536,2.0,6907.806451612903,84.65,37.5,13.9,55.0,3.2777777777777777,4.888888888888889,0.4383711467890773,-0.898794046299167,0.7,16.779661016949152,21.72,3800.548387096774,0.0,0.0,6206.0,6206.0,1.0,0.0,0.0,0.0,0.0,0.0,1,여수,3,2,2025,spring,1,174.71478816000004,789.6043788479999,1536.6959776800002,1748.409123168,201.410225568,238.170722112
2025-03-27,619.996698288,1618.5531173759998,218.40637276799998,2.0,6907.806451612903,84.65,37.5,16.2,83.0,4.416666666666667,6.0,-0.7771459614569706,-0.6293203910498378,0.8,18.79245283018868,10.36,3800.548387096774,0.0,0.0,6138.0,6138.0,1.0,0.0,0.0,0.0,0.0,0.0,1,여수,3,3,2025,spring,1,68.66294457599999,646.6826557439999,1370.427429888,1848.931556976,179.351185536,231.135639552
2025-03-28,159.756379056,1515.698581392,203.54315212799997,2.0,6907.806451612903,84.65,37.5,9.2,46.0,6.499999999999999,8.38888888888889,-0.7431448254773946,0.6691306063588578,0.9,7.0769230769230775,19.32,3800.548387096774,0.0,0.0,7143.0,7143.0,1.0,0.0,0.0,0.0,0.0,0.0,1,여수,3,4,2025,spring,1,619.996698288,354.15644543999997,1618.5531173759998,1752.7130208,218.40637276799998,212.855465088
2025-03-29,284.96871935999997,1263.8031344640003,181.75267468800004,2.0,6907.806451612903,84.65,37.5,6.5,37.0,5.527777777777778,7.805555555555555,-0.7880107536067218,0.6156614753256585,0.0,6.693467336683417,17.34,3800.548387096774,0.0,0.0,6731.0,6731.0,1.0,0.0,0.0,0.0,0.0,0.0,1,여수,3,5,2025,spring,1,159.756379056,518.5335676320001,1515.698581392,1493.191759392,203.54315212799997,187.73200368
2025-03-30,334.97053344,1172.7041794559998,174.03144235199997,2.0,6907.806451612903,84.65,37.5,4.9,32.0,4.055555555555555,6.527777777777778,-0.6156614753256582,0.7880107536067221,0.0,7.89041095890411,22.79,3800.548387096774,0.0,0.0,6261.0,6261.0,1.0,0.0,0.0,0.0,0.0,0.0,1,여수,3,6,2025,spring,1,284.96871935999997,445.00563431999996,1263.8031344640003,1474.9844870880002,181.75267468800004,189.674569296
2025-03-31,146.45722175999995,1358.837247744,176.12126668800002,2.0,6907.806451612903,84.65,37.5,6.4,58.0,2.833333333333333,5.583333333333334,-0.6156614753256582,-0.788010753606722,0.0,20.47058823529412,19.53,3800.548387096774,0.0,0.0,6975.0,6975.0,1.0,0.0,0.0,0.0,0.0,0.0,1,여수,3,0,2025,spring,1,334.97053344,214.786746144,1172.7041794559998,1615.90690584,174.03144235199997,222.721735104
2025-04-01,216.254068128,1591.429551552,197.73406368000002,2.0,7191.866666666667,47.408005849200016,36.7966589573407,8.6,61.0,2.611111111111111,4.555555555555555,0.9659258262890684,0.2588190451025207,0.0,23.361702127659573,22.84,3928.366666666667,16.933333333333334,0.0,7405.0,7405.0,0.9957079732001791,0.004292026799820884,0.0,0.0,0.0,0.0,1,여수,4,1,2025,spring,0,146.45722175999995,174.71478816000004,1358.837247744,1536.6959776800002,176.12126668800002,201.410225568
2025-04-02,248.057518176,1967.106327264,234.04923734399998,2.0,7191.866666666667,47.408005849200016,36.7966589573407,9.1,53.0,2.9166666666666665,6.861111111111111,-0.9743700647852352,0.2249510543438649,0.0,18.17142857142857,22.49,3928.366666666667,16.933333333333334,0.0,7292.0,7292.0,0.9957079732001791,0.004292026799820884,0.0,0.0,0.0,0.0,1,여수,4,2,2025,spring,0,216.254068128,68.66294457599999,1591.429551552,1370.427429888,197.73406368000002,179.351185536
2025-04-03,232.72428038399997,2117.9950956,223.13426457599996,2.0,7191.866666666667,47.408005849200016,36.7966589573407,8.4,67.0,2.0,4.75,-0.0697564737441252,-0.9975640502598242,0.0,33.5,22.04,3928.366666666667,16.933333333333334,0.0,7593.0,7593.0,0.9957079732001791,0.004292026799820884,0.0,0.0,0.0,0.0,1,여수,4,3,2025,spring,0,248.057518176,619.996698288,1967.106327264,1618.5531173759998,234.04923734399998,218.40637276799998
2025-04-04,171.80046388799997,1527.477110208,184.62073593600002,2.0,7191.866666666667,47.408005849200016,36.7966589573407,9.1,72.0,2.111111111111111,4.222222222222222,0.0174524064372834,-0.9998476951563912,0.0,34.10526315789473,22.59,3928.366666666667,16.933333333333334,0.0,7234.0,7234.0,0.9957079732001791,0.004292026799820884,0.0,0.0,0.0,0.0,1,여수,4,4,2025,spring,0,232.72428038399997,159.756379056,2117.9950956,1515.698581392,223.13426457599996,203.54315212799997
2025-04-05,137.62158480000002,1437.555754368,182.126539728,2.0,7191.866666666667,47.408005849200016,36.7966589573407,10.8,80.0,3.75,5.333333333333333,-0.3583679495453004,-0.9335804264972016,4.3,21.333333333333332,9.3,3928.366666666667,16.933333333333334,0.0,7461.0,7461.0,0.9957079732001791,0.004292026799820884,0.0,0.0,0.0,0.0,1,여수,4,5,2025,spring,0,171.80046388799997,284.96871935999997,1527.477110208,1263.8031344640003,184.62073593600002,181.75267468800004
2025-04-06,41.885777808,1190.0879726399999,166.707097056,2.0,7191.866666666667,47.408005849200016,36.7966589573407,11.6,51.0,4.083333333333333,5.638888888888889,-0.9510565162951536,0.3090169943749472,0.0,12.489795918367347,23.72,3928.366666666667,16.933333333333334,0.0,6449.0,6449.0,0.9957079732001791,0.004292026799820884,0.0,0.0,0.0,0.0,1,여수,4,6,2025,spring,0,137.62158480000002,334.97053344,1437.555754368,1172.7041794559998,182.126539728,174.03144235199997
2025-04-07,136.88619753600003,1272.765099312,242.75035238400002,2.0,7191.866666666667,47.408005849200016,36.7966589573407,12.4,49.0,3.7222222222222223,5.694444444444445,-0.8290375725550418,-0.5591929034707466,0.0,13.164179104477611,23.77,3928.366666666667,16.933333333333334,0.0,6961.0,6961.0,0.9957079732001791,0.004292026799820884,0.0,0.0,0.0,0.0,1,여수,4,0,2025,spring,0,41.885777808,146.45722175999995,1190.0879726399999,1358.837247744,166.707097056,176.12126668800002
2025-04-08,85.01114793599999,1260.534152592,277.60405968,2.0,7191.866666666667,47.408005849200016,36.7966589573407,16.3,39.0,5.138888888888888,6.972222222222222,-0.9993908270190958,0.0348994967025012,0.0,7.58918918918919,23.41,3928.366666666667,16.933333333333334,0.0,7157.0,7157.0,0.9957079732001791,0.004292026799820884,0.0,0.0,0.0,0.0,1,여수,4,1,2025,spring,0,136.88619753600003,216.254068128,1272.765099312,1591.429551552,242.75035238400002,197.73406368000002
2025-04-09,271.59809587200004,1797.451287264,205.508487456,2.0,7191.866666666667,47.408005849200016,36.7966589573407,12.7,68.0,2.5555555555555554,4.694444444444444,0.9510565162951536,-0.3090169943749473,5.0,26.60869565217391,21.01,3928.366666666667,16.933333333333334,0.0,7403.0,7403.0,0.9957079732001791,0.004292026799820884,0.0,0.0,0.0,0.0,1,여수,4,2,2025,spring,0,85.01114793599999,248.057518176,1260.534152592,1967.106327264,277.60405968,234.04923734399998
2025-04-10,258.51089779200004,1860.8837909759998,205.21805241599998,2.0,7191.866666666667,47.408005849200016,36.7966589573407,15.2,65.0,3.2499999999999996,5.5,-0.9876883405951375,-0.156434465040231,0.0,20.000000000000004,22.29,3928.366666666667,16.933333333333334,0.0,7017.0,7017.0,0.9957079732001791,0.004292026799820884,0.0,0.0,0.0,0.0,1,여수,4,3,2025,spring,0,271.59809587200004,232.72428038399997,1797.451287264,2117.9950956,205.508487456,223.13426457599996
2025-04-11,309.61319457599996,1742.3504703360002,183.715988544,2.0,7191.866666666667,47.408005849200016,36.7966589573407,13.5,60.0,1.9444444444444444,4.583333333333333,-0.0871557427476579,-0.9961946980917455,0.0,30.857142857142858,24.03,3928.366666666667,16.933333333333334,0.0,7149.0,7149.0,0.9957079732001791,0.004292026799820884,0.0,0.0,0.0,0.0,1,여수,4,4,2025,spring,0,258.51089779200004,171.80046388799997,1860.8837909759998,1527.477110208,205.21805241599998,184.62073593600002
2025-04-12,246.890380752,1529.7974059680002,200.912576256,2.0,7191.866666666667,47.408005849200016,36.7966589573407,12.8,83.0,4.916666666666666,10.444444444444445,0.9135454576426008,-0.4067366430758002,22.9,16.88135593220339,8.44,3928.366666666667,16.933333333333334,0.0,6686.0,6686.0,0.9957079732001791,0.004292026799820884,0.0,0.0,0.0,0.0,1,여수,4,5,2025,spring,0,309.61319457599996,137.62158480000002,1742.3504703360002,1437.555754368,183.715988544,182.126539728
2025-04-13,208.64722608000002,1377.50486976,205.69034678399998,2.0,7191.866666666667,47.408005849200016,36.7966589573407,8.8,51.0,7.888888888888888,12.999999999999998,-0.9975640502598244,0.0697564737441252,13.1,6.464788732394367,20.52,3928.366666666667,16.933333333333334,0.0,6696.0,6696.0,0.9957079732001791,0.004292026799820884,0.0,0.0,0.0,0.0,1,여수,4,6,2025,spring,0,246.890380752,41.885777808,1529.7974059680002,1190.0879726399999,200.912576256,166.707097056
2025-04-14,270.667209168,1357.576263216,184.44895012799998,2.0,7191.866666666667,47.408005849200016,36.7966589573407,9.2,66.0,6.611111111111111,9.77777777777778,-0.9781476007338056,-0.2079116908177598,4.0,9.983193277310924,15.89,3928.366666666667,16.933333333333334,0.0,6969.0,6969.0,0.9957079732001791,0.004292026799820884,0.0,0.0,0.0,0.0,1,여수,4,0,2025,spring,0,208.64722608000002,136.88619753600003,1377.50486976,1272.765099312,205.69034678399998,242.75035238400002
2025-04-15,287.895758112,1237.470788448,273.59178192,2.0,7191.866666666667,47.408005849200016,36.7966589573407,9.8,61.0,5.972222222222222,7.027777777777778,-0.9205048534524404,0.3907311284892735,0.0,10.213953488372091,24.13,3928.366666666667,16.933333333333334,0.0,7307.0,7307.0,0.9957079732001791,0.004292026799820884,0.0,0.0,0.0,0.0,1,여수,4,1,2025,spring,0,270.667209168,85.01114793599999,1357.576263216,1260.534152592,184.44895012799998,277.60405968
2025-04-16,314.816436288,1704.99259728,748.4840167679998,2.0,7191.866666666667,47.408005849200016,36.7966589573407,13.3,71.0,3.2777777777777777,5.861111111111112,-0.7431448254773944,-0.6691306063588581,0.0,21.661016949152543,22.26,3928.366666666667,16.933333333333334,0.0,7449.0,7449.0,0.9957079732001791,0.004292026799820884,0.0,0.0,0.0,0.0,1,여수,4,2,2025,spring,0,287.895758112,271.59809587200004,1237.470788448,1797.451287264,273.59178192,205.508487456
2025-04-17,293.512916016,1496.018207664,615.5229996,2.0,7191.866666666667,47.408005849200016,36.7966589573407,15.6,86.0,5.777777777777778,7.555555555555555,-0.2923717047227367,-0.9563047559630354,0.0,14.884615384615383,22.04,3928.366666666667,16.933333333333334,0.0,6714.0,6714.0,0.9957079732001791,0.004292026799820884,0.0,0.0,0.0,0.0,1,여수,4,3,2025,spring,0,314.816436288,258.51089779200004,1704.99259728,1860.8837909759998,748.4840167679998,205.21805241599998
2025-04-18,961.60825152,2135.83348152,358.76505671999996,2.0,7191.866666666667,47.408005849200016,36.7966589573407,17.6,87.0,4.111111111111112,6.194444444444445,-0.5446390350150271,-0.838670567945424,0.0,21.16216216216216,22.54,3928.366666666667,16.933333333333334,0.0,11754.0,11754.0,0.9957079732001791,0.004292026799820884,0.0,0.0,0.0,0.0,1,여수,4,4,2025,spring,0,293.512916016,309.61319457599996,1496.018207664,1742.3504703360002,615.5229996,183.715988544
2025-04-19,1459.543908672,3178.9222695359995,322.719368832,2.0,7191.866666666667,47.408005849200016,36.7966589573407,16.6,94.0,3.9722222222222223,6.388888888888888,-0.275637355816999,-0.9612616959383188,0.0,23.664335664335663,14.07,3928.366666666667,16.933333333333334,0.0,12577.0,12577.0,0.9957079732001791,0.004292026799820884,0.0,0.0,0.0,0.0,1,여수,4,5,2025,spring,0,961.60825152,246.890380752,2135.83348152,1529.7974059680002,358.76505671999996,200.912576256
2025-04-20,1375.42572,2652.0090184799997,4407.802668719999,2.0,7191.866666666667,47.408005849200016,36.7966589573407,16.8,85.0,3.083333333333333,5.416666666666667,0.766044443118978,-0.6427876096865394,2.6,27.567567567567572,14.63,3928.366666666667,16.933333333333334,0.0,8245.0,8245.0,0.9957079732001791,0.004292026799820884,0.0,0.0,0.0,0.0,1,여수,4,6,2025,spring,0,1459.543908672,208.64722608000002,3178.9222695359995,1377.50486976,322.719368832,205.69034678399998
2025-04-21,670.4222549760001,2209.164160608,239.57490239999998,2.0,7191.866666666667,47.408005849200016,36.7966589573407,16.1,72.0,3.416666666666667,4.805555555555555,0.9876883405951378,-0.1564344650402308,0.0,21.07317073170731,22.07,3928.366666666667,16.933333333333334,0.0,7244.0,7244.0,0.9957079732001791,0.004292026799820884,0.0,0.0,0.0,0.0,1,여수,4,0,2025,spring,0,1375.42572,270.667209168,2652.0090184799997,1357.576263216,4407.802668719999,184.44895012799998
2025-04-22,1294.89804576,1747.5252376320004,208.04960620800003,2.0,7191.866666666667,47.408005849200016,36.7966589573407,15.1,94.0,4.444444444444445,8.75,0.7193398003386511,-0.6946583704589974,36.2,21.15,3.45,3928.366666666667,16.933333333333334,0.0,6761.0,6761.0,0.9957079732001791,0.004292026799820884,0.0,0.0,0.0,0.0,1,여수,4,1,2025,spring,0,670.4222549760001,287.895758112,2209.164160608,1237.470788448,239.57490239999998,273.59178192
2025-04-23,878.6017710719999,1925.126770176,180.32249635200003,2.0,7191.866666666667,47.408005849200016,36.7966589573407,14.3,90.0,2.25,4.194444444444445,0.3907311284892737,-0.9205048534524404,0.2,40.0,11.62,3928.366666666667,16.933333333333334,0.0,5847.0,5847.0,0.9957079732001791,0.004292026799820884,0.0,0.0,0.0,0.0,1,여수,4,2,2025,spring,0,1294.89804576,314.816436288,1747.5252376320004,1704.99259728,208.04960620800003,748.4840167679998
2025-04-24,715.79667456,2010.6822384000002,175.52754734400003,2.0,7191.866666666667,47.408005849200016,36.7966589573407,16.0,69.0,3.9722222222222223,6.416666666666667,-0.9993908270190958,0.0348994967025012,0.0,17.37062937062937,23.48,3928.366666666667,16.933333333333334,0.0,6470.0,6470.0,0.9957079732001791,0.004292026799820884,0.0,0.0,0.0,0.0,1,여수,4,3,2025,spring,0,878.6017710719999,293.512916016,1925.126770176,1496.018207664,180.32249635200003,615.5229996
2025-04-25,805.5926460000001,1843.0665782400004,167.92707340800004,2.0,7191.866666666667,47.408005849200016,36.7966589573407,13.3,34.0,3.9166666666666665,6.916666666666666,-0.8290375725550416,0.559192903470747,0.0,8.680851063829788,23.61,3928.366666666667,16.933333333333334,0.0,6449.0,6449.0,0.9957079732001791,0.004292026799820884,0.0,0.0,0.0,0.0,1,여수,4,4,2025,spring,0,715.79667456,961.60825152,2010.6822384000002,2135.83348152,175.52754734400003,358.76505671999996
2025-04-26,709.0629845760001,1608.744971232,150.34248288000003,2.0,7191.866666666667,47.408005849200016,36.7966589573407,13.9,38.0,3.638888888888889,5.611111111111111,-0.9902680687415704,-0.1391731009600658,0.0,10.442748091603054,25.86,3928.366666666667,16.933333333333334,0.0,5968.0,5968.0,0.9957079732001791,0.004292026799820884,0.0,0.0,0.0,0.0,1,여수,4,5,2025,spring,0,805.5926460000001,1459.543908672,1843.0665782400004,3178.9222695359995,167.92707340800004,322.719368832
2025-04-27,101.940798816,1440.4901588640003,133.360333488,2.0,7191.866666666667,47.408005849200016,36.7966589573407,15.8,45.0,3.1111111111111107,5.166666666666667,-0.7193398003386512,-0.6946583704589973,0.0,14.464285714285715,20.39,3928.366666666667,16.933333333333334,0.0,5601.0,5601.0,0.9957079732001791,0.004292026799820884,0.0,0.0,0.0,0.0,1,여수,4,6,2025,spring,0,709.0629845760001,1375.42572,1608.744971232,2652.0090184799997,150.34248288000003,4407.802668719999
2025-04-28,0.0,1711.0827008640001,157.314235248,2.0,7191.866666666667,47.408005849200016,36.7966589573407,17.5,43.0,4.027777777777778,7.472222222222221,-0.8746197071393956,0.4848096202463373,0.0,10.675862068965518,24.76,3928.366666666667,16.933333333333334,0.0,6151.0,6151.0,0.9957079732001791,0.004292026799820884,0.0,0.0,0.0,0.0,1,여수,4,0,2025,spring,0,101.940798816,670.4222549760001,1440.4901588640003,2209.164160608,133.360333488,239.57490239999998
2025-04-29,0.0,1695.8510985599994,156.729218112,2.0,7191.866666666667,47.408005849200016,36.7966589573407,12.7,61.0,2.944444444444444,4.944444444444445,-0.2249510543438649,-0.9743700647852352,0.0,20.716981132075475,25.2,3928.366666666667,16.933333333333334,0.0,5895.0,5895.0,0.9957079732001791,0.004292026799820884,0.0,0.0,0.0,0.0,1,여수,4,1,2025,spring,0,0.0,1294.89804576,1711.0827008640001,1747.5252376320004,157.314235248,208.04960620800003
2025-04-30,0.0,1826.2993416479999,169.664068224,2.0,7191.866666666667,47.408005849200016,36.7966589573407,14.6,66.0,2.4444444444444446,3.861111111111111,0.2249510543438652,-0.9743700647852352,0.0,26.999999999999996,25.83,3928.366666666667,16.933333333333334,0.0,5852.0,5852.0,0.9957079732001791,0.004292026799820884,0.0,0.0,0.0,0.0,1,여수,4,2,2025,spring,0,0.0,878.6017710719999,1695.8510985599994,1925.126770176,156.729218112,180.32249635200003
2025-05-01,0.0,2223.205370784,201.18820161600001,2.0,6086.290322580645,77.17,33.16,15.7,88.0,4.888888888888889,7.611111111111111,-0.1045284632676535,-0.9945218953682732,26.6,18.0,13.7,3463.7741935483873,0.0,0.0,7402.0,7402.0,1.0,0.0,0.0,0.0,0.0,0.0,1,여수,5,3,2025,spring,0,0.0,715.79667456,1826.2993416479999,2010.6822384000002,169.664068224,175.52754734400003
2025-05-02,0.0,1754.879038848,166.240514736,2.0,6086.290322580645,77.17,33.16,14.5,56.0,4.916666666666666,6.388888888888888,-0.8571673007021123,0.5150380749100542,0.0,11.389830508474578,26.36,3463.7741935483873,0.0,0.0,6552.0,6552.0,1.0,0.0,0.0,0.0,0.0,0.0,1,여수,5,4,2025,spring,0,0.0,805.5926460000001,2223.205370784,1843.0665782400004,201.18820161600001,167.92707340800004
2025-05-03,0.0,1769.9661112319998,166.23577728,2.0,6086.290322580645,77.17,33.16,14.1,73.0,3.555555555555556,6.305555555555555,-0.9335804264972016,0.3583679495453004,14.3,20.53125,10.49,3463.7741935483873,0.0,0.0,6940.0,6940.0,1.0,0.0,0.0,0.0,0.0,0.0,1,여수,5,5,2025,spring,0,0.0,709.0629845760001,1754.879038848,1608.744971232,166.240514736,150.34248288000003
2025-05-04,1.5041223360000002,1332.829484064,135.28818619199998,2.0,6086.290322580645,77.17,33.16,14.6,56.0,4.083333333333333,5.138888888888888,-0.898794046299167,0.4383711467890774,0.0,13.714285714285715,26.82,3463.7741935483873,0.0,0.0,5683.0,5683.0,1.0,0.0,0.0,0.0,0.0,0.0,1,여수,5,6,2025,spring,0,0.0,101.940798816,1769.9661112319998,1440.4901588640003,166.23577728,133.360333488
2025-05-05,12.34421496,1468.020643488,142.48482681600004,2.0,6086.290322580645,77.17,33.16,12.8,62.0,3.0555555555555554,4.861111111111111,0.9135454576426008,0.4067366430758002,9.4,20.290909090909093,12.18,3463.7741935483873,0.0,0.0,6373.0,6373.0,1.0,0.0,0.0,0.0,0.0,0.0,1,여수,5,0,2025,spring,0,1.5041223360000002,0.0,1332.829484064,1711.0827008640001,135.28818619199998,157.314235248
2025-05-06,27.210736079999997,1533.2115404160002,144.05682038399996,2.0,6086.290322580645,77.17,33.16,12.9,81.0,3.1111111111111107,5.638888888888889,0.4067366430758002,0.9135454576426008,3.6,26.03571428571429,9.66,3463.7741935483873,0.0,0.0,6879.0,6879.0,1.0,0.0,0.0,0.0,0.0,0.0,1,여수,5,1,2025,spring,0,12.34421496,0.0,1468.020643488,1695.8510985599994,142.48482681600004,156.729218112
2025-05-07,43.390094688,1652.0746806719999,209.02755888000002,2.0,6086.290322580645,77.17,33.16,13.1,82.0,1.9444444444444444,4.388888888888889,-0.2079116908177595,-0.9781476007338056,0.0,42.17142857142857,25.41,3463.7741935483873,0.0,0.0,7113.0,7113.0,1.0,0.0,0.0,0.0,0.0,0.0,1,여수,5,2,2025,spring,0,27.210736079999997,0.0,1533.2115404160002,1826.2993416479999,144.05682038399996,169.664068224
2025-05-08,72.047382912,1777.630312224,641.721743856,2.0,6086.290322580645,77.17,33.16,15.0,70.0,2.9166666666666665,4.277777777777778,0.9659258262890684,-0.2588190451025208,0.0,24.0,25.06,3463.7741935483873,0.0,0.0,6489.0,6489.0,1.0,0.0,0.0,0.0,0.0,0.0,1,여수,5,3,2025,spring,0,43.390094688,0.0,1652.0746806719999,2223.205370784,209.02755888000002,201.18820161600001
2025-05-09,99.92432707200001,1975.3179505919998,273.363626304,2.0,6086.290322580645,77.17,33.16,15.2,94.0,6.194444444444445,8.916666666666666,0.8910065241883679,-0.4539904997395467,44.5,15.17488789237668,4.72,3463.7741935483873,0.0,0.0,7204.0,7204.0,1.0,0.0,0.0,0.0,0.0,0.0,1,여수,5,4,2025,spring,0,72.047382912,0.0,1777.630312224,1754.879038848,641.721743856,166.240514736
2025-05-10,48.145680288,1493.860418496,331.107514992,2.0,6086.290322580645,77.17,33.16,14.7,75.0,7.638888888888888,9.444444444444445,-0.9975640502598242,-0.0697564737441255,0.4,9.818181818181818,17.72,3463.7741935483873,0.0,0.0,5903.0,5903.0,1.0,0.0,0.0,0.0,0.0,0.0,1,여수,5,5,2025,spring,0,99.92432707200001,0.0,1975.3179505919998,1769.9661112319998,273.363626304,166.23577728
2025-05-11,33.150686256,1393.8844305599998,299.98603944,2.0,6086.290322580645,77.17,33.16,15.0,75.0,3.75,5.333333333333333,-0.9781476007338056,-0.2079116908177598,1.4,20.0,19.3,3463.7741935483873,0.0,0.0,5660.0,5660.0,1.0,0.0,0.0,0.0,0.0,0.0,1,여수,5,6,2025,spring,0,48.145680288,1.5041223360000002,1493.860418496,1332.829484064,331.107514992,135.28818619199998
2025-05-12,68.45361321600001,1520.921672208,313.19921390400003,2.0,6086.290322580645,77.17,33.16,15.4,74.0,3.1666666666666665,4.833333333333333,-0.7880107536067221,-0.6156614753256581,0.0,23.36842105263158,26.82,3463.7741935483873,0.0,0.0,6265.0,6265.0,1.0,0.0,0.0,0.0,0.0,0.0,1,여수,5,0,2025,spring,0,33.150686256,12.34421496,1393.8844305599998,1468.020643488,299.98603944,142.48482681600004
2025-05-13,67.608675648,1697.9611883040002,326.30133744,2.0,6086.290322580645,77.17,33.16,15.2,90.0,2.055555555555556,3.3055555555555554,0.1564344650402309,-0.9876883405951375,0.0,43.783783783783775,21.71,3463.7741935483873,0.0,0.0,6982.0,6982.0,1.0,0.0,0.0,0.0,0.0,0.0,1,여수,5,1,2025,spring,0,68.45361321600001,27.210736079999997,1520.921672208,1533.2115404160002,313.19921390400003,144.05682038399996
2025-05-14,18.557040384,1818.8270277120002,353.328429312,2.0,6086.290322580645,77.17,33.16,16.3,89.0,2.0277777777777777,3.7222222222222223,0.4848096202463371,-0.8746197071393957,0.0,43.89041095890411,22.4,3463.7741935483873,0.0,0.0,6583.0,6583.0,1.0,0.0,0.0,0.0,0.0,0.0,1,여수,5,2,2025,spring,0,67.608675648,43.390094688,1697.9611883040002,1652.0746806719999,326.30133744,209.02755888000002
2025-05-15,44.823924288,1932.020891856,412.71444648,2.0,6086.290322580645,77.17,33.16,17.9,95.0,2.8055555555555554,4.888888888888889,-0.1218693434051473,-0.992546151641322,28.7,33.86138613861387,8.24,3463.7741935483873,0.0,0.0,6455.0,6455.0,1.0,0.0,0.0,0.0,0.0,0.0,1,여수,5,3,2025,spring,0,18.557040384,72.047382912,1818.8270277120002,1777.630312224,353.328429312,641.721743856
2025-05-16,58.517905680000005,1688.973387552,428.96307657600005,2.0,6086.290322580645,77.17,33.16,17.7,98.0,4.055555555555555,7.861111111111111,0.9702957262759964,-0.2419218955996677,82.2,24.16438356164384,4.83,3463.7741935483873,0.0,0.0,6402.0,6402.0,1.0,0.0,0.0,0.0,0.0,0.0,1,여수,5,4,2025,spring,0,44.823924288,99.92432707200001,1932.020891856,1975.3179505919998,412.71444648,273.363626304
2025-05-17,42.58936440000001,1387.7706530879998,288.682445952,2.0,6086.290322580645,77.17,33.16,19.0,86.0,4.888888888888889,6.111111111111111,-0.90630778703665,-0.4226182617406991,0.2,17.59090909090909,24.01,3463.7741935483873,0.0,0.0,5970.0,5970.0,1.0,0.0,0.0,0.0,0.0,0.0,1,여수,5,5,2025,spring,0,58.517905680000005,48.145680288,1688.973387552,1493.860418496,428.96307657600005,331.107514992
2025-05-18,42.27591139199999,1333.11798288,129.76646255999998,2.0,6086.290322580645,77.17,33.16,16.9,76.0,3.5277777777777777,5.333333333333333,-0.9975640502598242,-0.0697564737441255,0.0,21.543307086614178,24.41,3463.7741935483873,0.0,0.0,5846.0,5846.0,1.0,0.0,0.0,0.0,0.0,0.0,1,여수,5,6,2025,spring,0,42.58936440000001,33.150686256,1387.7706530879998,1393.8844305599998,288.682445952,299.98603944
2025-05-19,150.054408144,1316.5521609600005,134.21639462399997,2.0,6086.290322580645,77.17,33.16,17.0,85.0,3.5277777777777777,5.805555555555555,-0.1736481776669304,-0.984807753012208,0.0,24.094488188976374,24.2,3463.7741935483873,0.0,0.0,6039.0,6039.0,1.0,0.0,0.0,0.0,0.0,0.0,1,여수,5,0,2025,spring,0,42.27591139199999,68.45361321600001,1333.11798288,1520.921672208,129.76646255999998,313.19921390400003
2025-05-20,192.98421647999996,1091.3173430399997,123.38612927999999,2.0,6086.290322580645,77.17,33.16,19.1,96.0,2.5555555555555554,5.194444444444444,0.0348994967025011,-0.9993908270190958,0.1,37.56521739130435,16.2,3463.7741935483873,0.0,0.0,6052.0,6052.0,1.0,0.0,0.0,0.0,0.0,0.0,1,여수,5,1,2025,spring,0,150.054408144,67.608675648,1316.5521609600005,1697.9611883040002,134.21639462399997,326.30133744
2025-05-21,0.0,2359.5626645280004,196.863503616,2.0,6086.290322580645,77.17,33.16,21.0,94.0,2.4444444444444446,3.7222222222222223,0.9945218953682732,-0.1045284632676535,1.4,38.45454545454545,8.54,3463.7741935483873,0.0,0.0,5604.0,5604.0,1.0,0.0,0.0,0.0,0.0,0.0,1,여수,5,2,2025,spring,0,192.98421647999996,18.557040384,1091.3173430399997,1818.8270277120002,123.38612927999999,353.328429312
2025-05-22,120.86783697599999,1521.109008,155.71220040000003,2.0,6086.290322580645,77.17,33.16,18.8,89.0,3.138888888888889,5.333333333333333,0.8571673007021123,-0.5150380749100543,0.2,28.353982300884955,17.81,3463.7741935483873,0.0,0.0,5419.0,5419.0,1.0,0.0,0.0,0.0,0.0,0.0,1,여수,5,3,2025,spring,0,0.0,44.823924288,2359.5626645280004,1932.020891856,196.863503616,412.71444648
2025-05-23,470.14795180799996,1173.647237184,169.0198272,2.0,6086.290322580645,77.17,33.16,17.5,64.0,4.694444444444444,5.972222222222222,0.9659258262890684,0.2588190451025207,0.1,13.633136094674558,11.51,3463.7741935483873,0.0,0.0,5479.0,5479.0,1.0,0.0,0.0,0.0,0.0,0.0,1,여수,5,4,2025,spring,0,120.86783697599999,58.517905680000005,1521.109008,1688.973387552,155.71220040000003,428.96307657600005
2025-05-24,508.33569038400003,1244.648071584,166.80292833599998,2.0,6086.290322580645,77.17,33.16,15.9,71.0,6.0,8.25,0.6293203910498374,0.7771459614569709,2.0,11.833333333333334,9.45,3463.7741935483873,0.0,0.0,5401.0,5401.0,1.0,0.0,0.0,0.0,0.0,0.0,1,여수,5,5,2025,spring,0,470.14795180799996,42.58936440000001,1173.647237184,1387.7706530879998,169.0198272,288.682445952
2025-05-25,270.37246867199997,1054.6285176,141.970164192,2.0,6086.290322580645,77.17,33.16,16.0,80.0,3.0555555555555554,5.777777777777778,-0.7193398003386512,-0.6946583704589973,1.4,26.181818181818183,24.4,3463.7741935483873,0.0,0.0,5290.0,5290.0,1.0,0.0,0.0,0.0,0.0,0.0,1,여수,5,6,2025,spring,0,508.33569038400003,42.27591139199999,1244.648071584,1333.11798288,166.80292833599998,129.76646255999998
2025-05-26,399.698055648,1234.328134032,135.557902512,2.0,6086.290322580645,77.17,33.16,16.8,87.0,2.055555555555556,3.611111111111111,0.7547095802227721,-0.6560590289905072,0.0,42.32432432432432,25.13,3463.7741935483873,0.0,0.0,4959.0,4959.0,1.0,0.0,0.0,0.0,0.0,0.0,1,여수,5,0,2025,spring,0,270.37246867199997,150.054408144,1054.6285176,1316.5521609600005,141.970164192,134.21639462399997
2025-05-27,327.868787088,1287.1578712319997,147.53521065599998,2.0,6086.290322580645,77.17,33.16,16.7,82.0,1.8055555555555556,3.416666666666667,0.4383711467890773,-0.898794046299167,0.0,45.41538461538462,24.67,3463.7741935483873,0.0,0.0,5453.0,5453.0,1.0,0.0,0.0,0.0,0.0,0.0,1,여수,5,1,2025,spring,0,399.698055648,192.98421647999996,1234.328134032,1091.3173430399997,135.557902512,123.38612927999999
2025-05-28,213.273847296,1317.176957952,162.035732736,2.0,6086.290322580645,77.17,33.16,18.2,73.0,1.972222222222222,4.722222222222222,0.8571673007021123,-0.5150380749100543,0.0,37.014084507042256,27.05,3463.7741935483873,0.0,0.0,5485.0,5485.0,1.0,0.0,0.0,0.0,0.0,0.0,1,여수,5,2,2025,spring,0,327.868787088,0.0,1287.1578712319997,2359.5626645280004,147.53521065599998,196.863503616
2025-05-29,146.958134688,1435.712279328,169.629936048,2.0,6086.290322580645,77.17,33.16,18.6,75.0,2.0,3.7777777777777777,0.9271838545667874,0.3746065934159119,0.2,37.5,25.76,3463.7741935483873,0.0,0.0,5390.0,5390.0,1.0,0.0,0.0,0.0,0.0,0.0,1,여수,5,3,2025,spring,0,213.273847296,120.86783697599999,1317.176957952,1521.109008,162.035732736,155.71220040000003
2025-05-30,63.83952691199999,1350.016429248,155.316904992,2.0,6086.290322580645,77.17,33.16,17.9,79.0,1.75,4.361111111111111,0.3907311284892737,-0.9205048534524404,0.6,45.142857142857146,25.21,3463.7741935483873,0.0,0.0,5407.0,5407.0,1.0,0.0,0.0,0.0,0.0,0.0,1,여수,5,4,2025,spring,0,146.958134688,470.14795180799996,1435.712279328,1173.647237184,169.629936048,169.0198272
2025-05-31,103.7773728,1483.601471136,156.815784432,2.0,6086.290322580645,77.17,33.16,18.5,78.0,2.3333333333333335,5.222222222222222,-0.8987940462991668,-0.4383711467890777,0.0,33.42857142857142,24.02,3463.7741935483873,0.0,0.0,5996.0,5996.0,1.0,0.0,0.0,0.0,0.0,0.0,1,여수,5,5,2025,spring,0,63.83952691199999,508.33569038400003,1350.016429248,1244.648071584,155.316904992,166.80292833599998
2025-06-01,82.357334928,1282.858024752,144.016800768,2.0,6056.333333333333,47.446671693543955,34.209559579503555,19.0,79.0,1.8333333333333333,3.944444444444444,0.258819045102521,-0.9659258262890682,0.0,43.09090909090909,26.29,3292.4333333333334,19.666666666666668,0.0,5755.0,5755.0,0.9940621760615119,0.00593782393848817,0.0,0.0,0.0,0.0,1,여수,6,6,2025,summer,0,103.7773728,270.37246867199997,1483.601471136,1054.6285176,156.815784432,141.970164192
2025-06-02,141.23282184,1335.8944972800002,174.92810832,2.0,6056.333333333333,47.446671693543955,34.209559579503555,18.0,78.0,2.0833333333333335,4.055555555555555,1.0,6.123233995736766e-17,5.0,37.44,6.12,3292.4333333333334,19.666666666666668,0.0,5937.0,5937.0,0.9940621760615119,0.00593782393848817,0.0,0.0,0.0,0.0,1,여수,6,0,2025,summer,0,82.357334928,399.698055648,1282.858024752,1234.328134032,144.016800768,135.557902512
2025-06-03,145.06995211199998,1268.098099344,152.81081179199998,2.0,6056.333333333333,47.446671693543955,34.209559579503555,20.6,67.0,4.388888888888889,7.055555555555555,-0.7660444431189781,0.6427876096865393,1.3,15.265822784810124,26.56,3292.4333333333334,19.666666666666668,0.0,5419.0,5419.0,0.9940621760615119,0.00593782393848817,0.0,0.0,0.0,0.0,1,여수,6,1,2025,summer,0,141.23282184,327.868787088,1335.8944972800002,1287.1578712319997,174.92810832,147.53521065599998
2025-06-04,165.246748848,1369.610090784,174.389789088,2.0,6056.333333333333,47.446671693543955,34.209559579503555,21.6,44.0,4.944444444444445,8.333333333333334,-0.9945218953682734,0.1045284632676529,0.0,8.898876404494382,28.27,3292.4333333333334,19.666666666666668,0.0,5483.0,5483.0,0.9940621760615119,0.00593782393848817,0.0,0.0,0.0,0.0,1,여수,6,2,2025,summer,0,145.06995211199998,213.273847296,1268.098099344,1317.176957952,152.81081179199998,162.035732736
2025-06-05,25.253848224000002,1365.2420159520002,142.27454088000002,2.0,6056.333333333333,47.446671693543955,34.209559579503555,21.2,49.0,3.5277777777777777,5.5,-0.9205048534524404,-0.3907311284892738,0.0,13.88976377952756,26.78,3292.4333333333334,19.666666666666668,0.0,5166.0,5166.0,0.9940621760615119,0.00593782393848817,0.0,0.0,0.0,0.0,1,여수,6,3,2025,summer,0,165.246748848,146.958134688,1369.610090784,1435.712279328,174.389789088,169.629936048
2025-06-06,108.63891143999999,1287.008269776,134.22393288,2.0,6056.333333333333,47.446671693543955,34.209559579503555,21.0,55.0,2.8055555555555554,3.75,-0.4539904997395467,-0.8910065241883679,0.0,19.603960396039604,15.24,3292.4333333333334,19.666666666666668,0.0,5459.0,5459.0,0.9940621760615119,0.00593782393848817,0.0,0.0,0.0,0.0,1,여수,6,4,2025,summer,0,25.253848224000002,63.83952691199999,1365.2420159520002,1350.016429248,142.27454088000002,155.316904992
2025-06-07,139.029641136,1131.630975216,120.117678624,2.0,6056.333333333333,47.446671693543955,34.209559579503555,20.8,74.0,2.4444444444444446,4.361111111111111,-0.0523359562429435,-0.9986295347545738,0.0,30.27272727272727,25.18,3292.4333333333334,19.666666666666668,0.0,4910.0,4910.0,0.9940621760615119,0.00593782393848817,0.0,0.0,0.0,0.0,1,여수,6,5,2025,summer,0,108.63891143999999,103.7773728,1287.008269776,1483.601471136,134.22393288,156.815784432
2025-06-08,113.75424287999999,1121.5946016,119.071156608,2.0,6056.333333333333,47.446671693543955,34.209559579503555,21.5,83.0,1.7222222222222223,3.944444444444444,-0.1391731009600655,-0.9902680687415704,0.0,48.19354838709677,18.29,3292.4333333333334,19.666666666666668,0.0,4959.0,4959.0,0.9940621760615119,0.00593782393848817,0.0,0.0,0.0,0.0,1,여수,6,6,2025,summer,0,139.029641136,82.357334928,1131.630975216,1282.858024752,120.117678624,144.016800768
2025-06-09,627.6153412799999,1487.0269537920003,186.66651931199996,2.0,6056.333333333333,47.446671693543955,34.209559579503555,21.7,79.0,1.8333333333333333,3.416666666666667,0.8191520442889917,-0.5735764363510462,0.0,43.09090909090909,17.74,3292.4333333333334,19.666666666666668,0.0,7089.0,7089.0,0.9940621760615119,0.00593782393848817,0.0,0.0,0.0,0.0,1,여수,6,0,2025,summer,0,113.75424287999999,141.23282184,1121.5946016,1335.8944972800002,119.071156608,174.92810832
2025-06-10,357.170747328,1326.908075904,228.892376304,2.0,6056.333333333333,47.446671693543955,34.209559579503555,22.3,77.0,2.694444444444444,5.361111111111112,-0.8191520442889916,-0.5735764363510464,0.5,28.577319587628867,20.09,3292.4333333333334,19.666666666666668,0.0,6160.0,6160.0,0.9940621760615119,0.00593782393848817,0.0,0.0,0.0,0.0,1,여수,6,1,2025,summer,0,627.6153412799999,145.06995211199998,1487.0269537920003,1268.098099344,186.66651931199996,152.81081179199998
2025-06-11,203.405743296,1367.4073819680002,157.421735856,2.0,6056.333333333333,47.446671693543955,34.209559579503555,23.0,55.0,3.194444444444444,4.944444444444445,-0.9510565162951536,-0.3090169943749475,0.0,17.217391304347828,25.3,3292.4333333333334,19.666666666666668,0.0,5343.0,5343.0,0.9940621760615119,0.00593782393848817,0.0,0.0,0.0,0.0,1,여수,6,2,2025,summer,0,357.170747328,165.246748848,1326.908075904,1369.610090784,228.892376304,174.389789088
2025-06-12,0.0,4.087209888,22.865166,2.0,6056.333333333333,47.446671693543955,34.209559579503555,21.4,68.0,2.305555555555556,4.416666666666667,0.0871557427476582,-0.9961946980917455,0.0,29.493975903614455,16.84,3292.4333333333334,19.666666666666668,0.0,4957.0,4957.0,0.9940621760615119,0.00593782393848817,0.0,0.0,0.0,0.0,1,여수,6,3,2025,summer,0,203.405743296,25.253848224000002,1367.4073819680002,1365.2420159520002,157.421735856,142.27454088000002
2025-06-13,0.0,9.051826464,63.188299584,2.0,6056.333333333333,47.446671693543955,34.209559579503555,20.3,86.0,2.4444444444444446,6.027777777777778,0.992546151641322,0.1218693434051474,16.5,35.18181818181818,9.91,3292.4333333333334,19.666666666666668,0.0,5914.0,5914.0,0.9940621760615119,0.00593782393848817,0.0,0.0,0.0,0.0,1,여수,6,4,2025,summer,0,0.0,108.63891143999999,4.087209888,1287.008269776,22.865166,134.22393288
2025-06-14,0.0,3.7516443840000004,57.704440608000006,2.0,6056.333333333333,47.446671693543955,34.209559579503555,22.1,98.0,3.194444444444444,6.388888888888888,-0.2079116908177595,-0.9781476007338056,47.4,30.67826086956522,10.33,3292.4333333333334,19.666666666666668,0.0,6954.0,6954.0,0.9940621760615119,0.00593782393848817,0.0,0.0,0.0,0.0,1,여수,6,5,2025,summer,0,0.0,139.029641136,9.051826464,1131.630975216,63.188299584,120.117678624
2025-06-15,0.0,4.08024,26.048252160000004,2.0,6056.333333333333,47.446671693543955,34.209559579503555,22.0,93.0,3.0277777777777777,4.722222222222222,-0.5150380749100542,-0.8571673007021123,6.9,30.71559633027523,21.77,3292.4333333333334,19.666666666666668,0.0,6543.0,6543.0,0.9940621760615119,0.00593782393848817,0.0,0.0,0.0,0.0,1,여수,6,6,2025,summer,0,0.0,113.75424287999999,3.7516443840000004,1121.5946016,57.704440608000006,119.071156608
2025-06-16,0.0,5.38653888,34.42689719999999,2.0,6056.333333333333,47.446671693543955,34.209559579503555,22.2,92.0,4.694444444444444,6.555555555555555,-0.7431448254773944,-0.6691306063588581,6.7,19.59763313609468,15.01,3292.4333333333334,19.666666666666668,0.0,6921.0,6921.0,0.9940621760615119,0.00593782393848817,0.0,0.0,0.0,0.0,1,여수,6,0,2025,summer,0,0.0,627.6153412799999,4.08024,1487.0269537920003,26.048252160000004,186.66651931199996
2025-06-17,0.0,31.374108,243.54404351999997,2.0,6056.333333333333,47.446671693543955,34.209559579503555,21.6,90.0,2.75,4.166666666666667,-0.0174524064372836,-0.9998476951563912,0.0,32.72727272727273,23.65,3292.4333333333334,19.666666666666668,0.0,5749.0,5749.0,0.9940621760615119,0.00593782393848817,0.0,0.0,0.0,0.0,1,여수,6,1,2025,summer,0,0.0,357.170747328,5.38653888,1326.908075904,34.42689719999999,228.892376304
2025-06-18,55.666142208,336.49870233599995,522.8864593919999,2.0,6056.333333333333,47.446671693543955,34.209559579503555,21.8,88.0,2.5277777777777777,3.7777777777777777,-0.5000000000000001,-0.8660254037844386,0.0,34.81318681318682,27.15,3292.4333333333334,19.666666666666668,0.0,7308.0,7308.0,0.9940621760615119,0.00593782393848817,0.0,0.0,0.0,0.0,1,여수,6,2,2025,summer,0,0.0,203.405743296,31.374108,1367.4073819680002,243.54404351999997,157.421735856
2025-06-19,2.7084486240000003,555.23196792,5266.384888752,2.0,6056.333333333333,47.446671693543955,34.209559579503555,21.7,95.0,2.0833333333333335,3.861111111111111,0.4539904997395468,-0.8910065241883678,0.0,45.599999999999994,15.32,3292.4333333333334,19.666666666666668,0.0,7765.0,7765.0,0.9940621760615119,0.00593782393848817,0.0,0.0,0.0,0.0,1,여수,6,3,2025,summer,0,55.666142208,0.0,336.49870233599995,4.087209888,522.8864593919999,22.865166
2025-06-20,0.0,44.88966,548.23527,2.0,6056.333333333333,47.446671693543955,34.209559579503555,22.5,98.0,5.083333333333333,6.861111111111111,-0.1564344650402307,-0.9876883405951378,5.9,19.27868852459017,9.59,3292.4333333333334,19.666666666666668,0.0,5271.0,5271.0,0.9940621760615119,0.00593782393848817,0.0,0.0,0.0,0.0,1,여수,6,4,2025,summer,0,2.7084486240000003,0.0,555.23196792,9.051826464,5266.384888752,63.188299584
2025-06-21,0.0,54.66875500799999,485.76607142399996,2.0,6056.333333333333,47.446671693543955,34.209559579503555,22.5,97.0,5.611111111111111,7.805555555555555,-0.4226182617406993,-0.90630778703665,18.0,17.28712871287129,6.32,3292.4333333333334,19.666666666666668,0.0,5244.0,5244.0,0.9940621760615119,0.00593782393848817,0.0,0.0,0.0,0.0,1,여수,6,5,2025,summer,0,0.0,0.0,44.88966,3.7516443840000004,548.23527,57.704440608000006
2025-06-22,0.0,51.100271711999994,362.198302704,2.0,6056.333333333333,47.446671693543955,34.209559579503555,21.6,88.0,2.305555555555556,7.111111111111112,-0.7986355100472928,-0.6018150231520483,11.2,38.16867469879518,20.03,3292.4333333333334,19.666666666666668,0.0,5262.0,5262.0,0.9940621760615119,0.00593782393848817,0.0,0.0,0.0,0.0,1,여수,6,6,2025,summer,0,0.0,0.0,54.66875500799999,4.08024,485.76607142399996,26.048252160000004
2025-06-23,492.3221546879999,1805.7083299200003,698.3026934400001,2.0,6056.333333333333,47.446671693543955,34.209559579503555,22.1,85.0,1.8888888888888888,3.222222222222222,0.777145961456971,-0.6293203910498373,0.0,45.0,27.45,3292.4333333333334,19.666666666666668,0.0,5109.0,5109.0,0.9940621760615119,0.00593782393848817,0.0,0.0,0.0,0.0,1,여수,6,0,2025,summer,0,0.0,0.0,51.100271711999994,5.38653888,362.198302704,34.42689719999999
2025-06-24,444.03182481600004,2195.6534275680006,390.3079806720001,2.0,6056.333333333333,47.446671693543955,34.209559579503555,20.9,95.0,4.138888888888889,6.499999999999999,0.9781476007338056,0.2079116908177594,33.1,22.953020134228183,5.82,3292.4333333333334,19.666666666666668,0.0,7988.0,7988.0,0.9940621760615119,0.00593782393848817,0.0,0.0,0.0,0.0,1,여수,6,1,2025,summer,0,492.3221546879999,0.0,1805.7083299200003,31.374108,698.3026934400001,243.54404351999997
2025-06-25,44.925658848000005,1477.31220144,170.13331526399998,2.0,6056.333333333333,47.446671693543955,34.209559579503555,22.5,86.0,4.5,5.527777777777778,-0.7071067811865475,-0.7071067811865477,0.8,19.11111111111111,23.9,3292.4333333333334,19.666666666666668,0.0,6180.0,6180.0,0.9940621760615119,0.00593782393848817,0.0,0.0,0.0,0.0,1,여수,6,2,2025,summer,0,444.03182481600004,55.666142208,2195.6534275680006,336.49870233599995,390.3079806720001,522.8864593919999
2025-06-26,43.92315979199999,1214.931997152,175.82556556799997,2.0,6056.333333333333,47.446671693543955,34.209559579503555,23.2,82.0,3.5833333333333335,5.333333333333333,-0.9271838545667872,-0.3746065934159123,0.0,22.883720930232556,26.66,3292.4333333333334,19.666666666666668,0.0,6306.0,6306.0,0.9940621760615119,0.00593782393848817,0.0,0.0,0.0,0.0,1,여수,6,3,2025,summer,0,44.925658848000005,2.7084486240000003,1477.31220144,555.23196792,170.13331526399998,5266.384888752
2025-06-27,105.677568,1646.8792197120001,191.910463488,2.0,6056.333333333333,47.446671693543955,34.209559579503555,23.6,81.0,2.75,4.416666666666667,-0.7986355100472928,-0.6018150231520483,0.0,29.454545454545453,26.67,3292.4333333333334,19.666666666666668,0.0,6430.0,6430.0,0.9940621760615119,0.00593782393848817,0.0,0.0,0.0,0.0,1,여수,6,4,2025,summer,0,43.92315979199999,0.0,1214.931997152,44.88966,175.82556556799997,548.23527
2025-06-28,147.646939968,1640.238706656,193.46840409599994,2.0,6056.333333333333,47.446671693543955,34.209559579503555,24.7,91.0,2.611111111111111,4.861111111111111,-0.6018150231520484,-0.7986355100472928,0.0,34.851063829787236,23.69,3292.4333333333334,19.666666666666668,0.0,6751.0,6751.0,0.9940621760615119,0.00593782393848817,0.0,0.0,0.0,0.0,1,여수,6,5,2025,summer,0,105.677568,0.0,1646.8792197120001,54.66875500799999,191.910463488,485.76607142399996
2025-06-29,75.246732,1675.55223,206.49103199999996,2.0,6056.333333333333,47.446671693543955,34.209559579503555,24.9,90.0,3.1111111111111107,4.388888888888889,-0.6427876096865393,-0.766044443118978,0.0,28.92857142857143,24.79,3292.4333333333334,19.666666666666668,0.0,6708.0,6708.0,0.9940621760615119,0.00593782393848817,0.0,0.0,0.0,0.0,1,여수,6,6,2025,summer,0,147.646939968,0.0,1640.238706656,51.100271711999994,193.46840409599994,362.198302704
2025-06-30,43.958164032,1458.1737106560001,530.431945344,2.0,6056.333333333333,47.446671693543955,34.209559579503555,25.2,93.0,2.361111111111111,4.166666666666667,-0.2079116908177595,-0.9781476007338056,0.0,39.38823529411765,21.22,3292.4333333333334,19.666666666666668,0.0,6650.0,6650.0,0.9940621760615119,0.00593782393848817,0.0,0.0,0.0,0.0,1,여수,6,0,2025,summer,0,75.246732,492.3221546879999,1675.55223,1805.7083299200003,206.49103199999996,698.3026934400001
2025-07-01,119.75059238399999,2603.9697068160003,408.43458288,2.0,10284.645161290322,66.44800987378616,32.941723145058084,26.3,89.0,2.5555555555555554,4.083333333333333,-0.2249510543438649,-0.9743700647852352,0.0,34.82608695652174,23.27,5772.580645161291,39.96774193548387,0.0,10727.0,10727.0,0.9931238865857516,0.006876113414248372,0.0,0.0,0.0,0.0,1,여수,7,1,2025,summer,0,43.958164032,444.03182481600004,1458.1737106560001,2195.6534275680006,530.431945344,390.3079806720001
2025-07-02,44.119284048,3426.4787823359998,366.724568304,2.0,10284.645161290322,66.44800987378616,32.941723145058084,27.2,84.0,2.861111111111111,5.416666666666667,-0.4694715627858908,-0.8829475928589269,0.0,29.359223300970875,24.56,5772.580645161291,39.96774193548387,0.0,11638.0,11638.0,0.9931238865857516,0.006876113414248372,0.0,0.0,0.0,0.0,1,여수,7,2,2025,summer,0,119.75059238399999,44.925658848000005,2603.9697068160003,1477.31220144,408.43458288,170.13331526399998
2025-07-03,91.55982240000002,3131.6765270399997,1355.3600716800001,2.0,10284.645161290322,66.44800987378616,32.941723145058084,27.8,74.0,4.055555555555555,6.25,-0.7660444431189779,-0.6427876096865395,0.0,18.246575342465754,26.79,5772.580645161291,39.96774193548387,0.0,11308.0,11308.0,0.9931238865857516,0.006876113414248372,0.0,0.0,0.0,0.0,1,여수,7,3,2025,summer,0,44.119284048,43.92315979199999,3426.4787823359998,1214.931997152,366.724568304,175.82556556799997
2025-07-04,2.089217088,2020.272924096,221.457011328,2.0,10284.645161290322,66.44800987378616,32.941723145058084,27.3,75.0,4.222222222222222,6.499999999999999,-0.8191520442889916,-0.5735764363510464,0.0,17.763157894736842,24.97,5772.580645161291,39.96774193548387,0.0,7092.0,7092.0,0.9931238865857516,0.006876113414248372,0.0,0.0,0.0,0.0,1,여수,7,4,2025,summer,0,91.55982240000002,105.677568,3131.6765270399997,1646.8792197120001,1355.3600716800001,191.910463488
2025-07-05,1.935288288,1862.7149771999998,160.628927904,2.0,10284.645161290322,66.44800987378616,32.941723145058084,27.7,75.0,4.472222222222222,6.333333333333333,-0.8191520442889916,-0.5735764363510464,0.0,16.770186335403725,25.55,5772.580645161291,39.96774193548387,0.0,6978.0,6978.0,0.9931238865857516,0.006876113414248372,0.0,0.0,0.0,0.0,1,여수,7,5,2025,summer,0,2.089217088,147.646939968,2020.272924096,1640.238706656,221.457011328,193.46840409599994
2025-07-06,35.555526719999996,1905.18364008,169.87640544,2.0,10284.645161290322,66.44800987378616,32.941723145058084,29.0,73.0,5.166666666666667,6.777777777777777,-0.9335804264972016,-0.3583679495453007,0.3,14.129032258064516,25.96,5772.580645161291,39.96774193548387,0.0,7225.0,7225.0,0.9931238865857516,0.006876113414248372,0.0,0.0,0.0,0.0,1,여수,7,6,2025,summer,0,1.935288288,75.246732,1862.7149771999998,1675.55223,160.628927904,206.49103199999996
2025-07-07,180.363136896,2034.3676631039998,706.07354328,2.0,10284.645161290322,66.44800987378616,32.941723145058084,28.7,73.0,2.861111111111111,4.75,-0.8090169943749473,-0.5877852522924732,0.0,25.51456310679612,27.04,5772.580645161291,39.96774193548387,0.0,8001.0,8001.0,0.9931238865857516,0.006876113414248372,0.0,0.0,0.0,0.0,1,여수,7,0,2025,summer,0,35.555526719999996,43.958164032,1905.18364008,1458.1737106560001,169.87640544,530.431945344
2025-07-08,726.303806784,3802.2776193600002,367.10419031999993,2.0,10284.645161290322,66.44800987378616,32.941723145058084,28.6,69.0,3.611111111111111,6.222222222222221,0.9659258262890684,-0.2588190451025208,0.0,19.107692307692307,25.15,5772.580645161291,39.96774193548387,0.0,11878.0,11878.0,0.9931238865857516,0.006876113414248372,0.0,0.0,0.0,0.0,1,여수,7,1,2025,summer,0,180.363136896,119.75059238399999,2034.3676631039998,2603.9697068160003,706.07354328,408.43458288
2025-07-09,1623.287626848,3631.629856896,376.03954843199995,2.0,10284.645161290322,66.44800987378616,32.941723145058084,28.4,64.0,4.5,5.444444444444445,0.9975640502598242,0.0697564737441252,0.0,14.22222222222222,26.82,5772.580645161291,39.96774193548387,0.0,11860.0,11860.0,0.9931238865857516,0.006876113414248372,0.0,0.0,0.0,0.0,1,여수,7,2,2025,summer,0,726.303806784,44.119284048,3802.2776193600002,3426.4787823359998,367.10419031999993,366.724568304
2025-07-10,1379.0383619039999,3449.666728512,367.837797024,2.0,10284.645161290322,66.44800987378616,32.941723145058084,29.1,60.0,5.0,6.083333333333333,0.9612616959383188,0.2756373558169991,0.5,12.0,26.29,5772.580645161291,39.96774193548387,0.0,11709.0,11709.0,0.9931238865857516,0.006876113414248372,0.0,0.0,0.0,0.0,1,여수,7,3,2025,summer,0,1623.287626848,91.55982240000002,3631.629856896,3131.6765270399997,376.03954843199995,1355.3600716800001
2025-07-11,1112.874274224,3514.822025472,395.02514592,2.0,10284.645161290322,66.44800987378616,32.941723145058084,28.4,54.0,6.638888888888888,7.305555555555555,0.9135454576426008,0.4067366430758002,0.0,8.133891213389122,25.95,5772.580645161291,39.96774193548387,0.0,11821.0,11821.0,0.9931238865857516,0.006876113414248372,0.0,0.0,0.0,0.0,1,여수,7,4,2025,summer,0,1379.0383619039999,2.089217088,3449.666728512,2020.272924096,367.837797024,221.457011328
2025-07-12,821.6151629759999,1894.809325392,509.14191844799996,2.0,10284.645161290322,66.44800987378616,32.941723145058084,27.2,62.0,5.166666666666667,6.499999999999999,0.9396926207859084,0.3420201433256688,0.0,12.0,25.66,5772.580645161291,39.96774193548387,0.0,6827.0,6827.0,0.9931238865857516,0.006876113414248372,0.0,0.0,0.0,0.0,1,여수,7,5,2025,summer,0,1112.874274224,1.935288288,3514.822025472,1862.7149771999998,395.02514592,160.628927904
2025-07-13,805.811181552,1808.077431888,367.453077408,2.0,10284.645161290322,66.44800987378616,32.941723145058084,24.2,86.0,3.1666666666666665,5.277777777777778,0.484809620246337,0.8746197071393957,66.1,27.157894736842103,7.96,5772.580645161291,39.96774193548387,0.0,6367.0,6367.0,0.9931238865857516,0.006876113414248372,0.0,0.0,0.0,0.0,1,여수,7,6,2025,summer,0,821.6151629759999,35.555526719999996,1894.809325392,1905.18364008,509.14191844799996,169.87640544
2025-07-14,666.0185371200001,2791.952459856,494.465187312,2.0,10284.645161290322,66.44800987378616,32.941723145058084,24.8,78.0,4.055555555555555,5.444444444444445,-0.8746197071393956,0.4848096202463373,1.9,19.232876712328768,26.23,5772.580645161291,39.96774193548387,0.0,10026.0,10026.0,0.9931238865857516,0.006876113414248372,0.0,0.0,0.0,0.0,1,여수,7,0,2025,summer,0,805.811181552,180.363136896,1808.077431888,2034.3676631039998,367.453077408,706.07354328
2025-07-15,136.88603136,3820.5519393600002,443.008558512,2.0,10284.645161290322,66.44800987378616,32.941723145058084,24.0,83.0,4.75,5.861111111111112,-0.9945218953682734,-0.1045284632676533,0.7,17.473684210526315,19.68,5772.580645161291,39.96774193548387,0.0,13016.0,13016.0,0.9931238865857516,0.006876113414248372,0.0,0.0,0.0,0.0,1,여수,7,1,2025,summer,0,666.0185371200001,726.303806784,2791.952459856,3802.2776193600002,494.465187312,367.10419031999993
2025-07-16,411.02355139200006,3448.4411724479996,397.109659104,2.0,10284.645161290322,66.44800987378616,32.941723145058084,24.8,87.0,4.805555555555555,7.305555555555555,-0.0174524064372836,-0.9998476951563912,4.4,18.10404624277457,10.09,5772.580645161291,39.96774193548387,0.0,12703.0,12703.0,0.9931238865857516,0.006876113414248372,0.0,0.0,0.0,0.0,1,여수,7,2,2025,summer,0,136.88603136,1623.287626848,3820.5519393600002,3631.629856896,443.008558512,376.03954843199995
2025-07-17,747.537677712,3127.4726628959997,344.493868176,2.0,10284.645161290322,66.44800987378616,32.941723145058084,24.9,95.0,4.472222222222222,6.361111111111111,0.0348994967025011,-0.9993908270190958,39.4,21.24223602484472,8.86,5772.580645161291,39.96774193548387,0.0,12273.0,12273.0,0.9931238865857516,0.006876113414248372,0.0,0.0,0.0,0.0,1,여수,7,3,2025,summer,0,411.02355139200006,1379.0383619039999,3448.4411724479996,3449.666728512,397.109659104,367.837797024
2025-07-18,843.0773569919997,3515.4591623999995,347.989721472,2.0,10284.645161290322,66.44800987378616,32.941723145058084,24.8,93.0,4.027777777777778,5.75,0.3907311284892737,-0.9205048534524404,15.0,23.089655172413792,17.09,5772.580645161291,39.96774193548387,0.0,12352.0,12352.0,0.9931238865857516,0.006876113414248372,0.0,0.0,0.0,0.0,1,여수,7,4,2025,summer,0,747.537677712,1112.874274224,3127.4726628959997,3514.822025472,344.493868176,395.02514592
2025-07-19,785.6388030240001,3105.895846896,333.202036176,2.0,10284.645161290322,66.44800987378616,32.941723145058084,24.5,95.0,4.361111111111111,7.416666666666666,-0.0348994967025009,-0.9993908270190958,68.4,21.78343949044586,8.0,5772.580645161291,39.96774193548387,0.0,10882.0,10882.0,0.9931238865857516,0.006876113414248372,0.0,0.0,0.0,0.0,1,여수,7,5,2025,summer,0,843.0773569919997,821.6151629759999,3515.4591623999995,1894.809325392,347.989721472,509.14191844799996
2025-07-20,674.2198149120001,1844.3297341439998,203.496136416,2.0,10284.645161290322,66.44800987378616,32.941723145058084,26.3,87.0,3.0,3.9722222222222223,0.838670567945424,-0.5446390350150272,0.2,29.0,25.36,5772.580645161291,39.96774193548387,0.0,6415.0,6415.0,0.9931238865857516,0.006876113414248372,0.0,0.0,0.0,0.0,1,여수,7,6,2025,summer,0,785.6388030240001,805.811181552,3105.895846896,1808.077431888,333.202036176,367.453077408
2025-07-21,685.8581941439999,2760.6637562399997,852.3777695040001,2.0,10284.645161290322,66.44800987378616,32.941723145058084,26.2,92.0,2.7222222222222223,4.472222222222222,0.4226182617406995,-0.90630778703665,1.3,33.795918367346935,21.83,5772.580645161291,39.96774193548387,0.0,9745.0,9745.0,0.9931238865857516,0.006876113414248372,0.0,0.0,0.0,0.0,1,여수,7,0,2025,summer,0,674.2198149120001,666.0185371200001,1844.3297341439998,2791.952459856,203.496136416,494.465187312
2025-07-22,951.5186696159999,3601.903482144,365.109324336,2.0,10284.645161290322,66.44800987378616,32.941723145058084,26.0,94.0,1.3888888888888888,2.5833333333333335,0.2923717047227366,-0.9563047559630355,1.3,67.68,24.4,5772.580645161291,39.96774193548387,0.0,11774.0,11774.0,0.9931238865857516,0.006876113414248372,0.0,0.0,0.0,0.0,1,여수,7,1,2025,summer,0,685.8581941439999,136.88603136,2760.6637562399997,3820.5519393600002,852.3777695040001,443.008558512
2025-07-23,1074.716964144,3479.5895721119996,380.640458736,2.0,10284.645161290322,66.44800987378616,32.941723145058084,27.1,83.0,1.3055555555555556,3.0,-0.874619707139396,-0.4848096202463368,0.0,63.57446808510638,26.85,5772.580645161291,39.96774193548387,0.0,11605.0,11605.0,0.9931238865857516,0.006876113414248372,0.0,0.0,0.0,0.0,1,여수,7,2,2025,summer,0,951.5186696159999,411.02355139200006,3601.903482144,3448.4411724479996,365.109324336,397.109659104
2025-07-24,1084.4405265599999,3546.6241168799997,407.873153232,2.0,10284.645161290322,66.44800987378616,32.941723145058084,27.1,84.0,1.5555555555555554,2.6666666666666665,0.9961946980917455,-0.0871557427476582,0.0,54.00000000000001,26.91,5772.580645161291,39.96774193548387,0.0,12204.0,12204.0,0.9931238865857516,0.006876113414248372,0.0,0.0,0.0,0.0,1,여수,7,3,2025,summer,0,1074.716964144,747.537677712,3479.5895721119996,3127.4726628959997,380.640458736,344.493868176
2025-07-25,1451.1499482240001,3540.8880714239995,392.811725232,2.0,10284.645161290322,66.44800987378616,32.941723145058084,28.1,79.0,3.6944444444444446,4.833333333333333,0.9510565162951536,0.3090169943749474,0.0,21.38345864661654,26.22,5772.580645161291,39.96774193548387,0.0,12421.0,12421.0,0.9931238865857516,0.006876113414248372,0.0,0.0,0.0,0.0,1,여수,7,4,2025,summer,0,1084.4405265599999,843.0773569919997,3546.6241168799997,3515.4591623999995,407.873153232,347.989721472
2025-07-26,478.584193536,2374.65402768,3929.192479008,2.0,10284.645161290322,66.44800987378616,32.941723145058084,28.7,75.0,4.777777777777778,5.694444444444445,0.9563047559630354,0.2923717047227367,0.0,15.69767441860465,26.02,5772.580645161291,39.96774193548387,0.0,6870.0,6870.0,0.9931238865857516,0.006876113414248372,0.0,0.0,0.0,0.0,1,여수,7,5,2025,summer,0,1451.1499482240001,785.6388030240001,3540.8880714239995,3105.895846896,392.811725232,333.202036176
2025-07-27,556.432114032,2280.529824768,1753.8979848479999,2.0,10284.645161290322,66.44800987378616,32.941723145058084,29.0,71.0,4.722222222222222,6.138888888888889,0.9781476007338056,0.2079116908177594,0.0,15.03529411764706,26.15,5772.580645161291,39.96774193548387,0.0,6685.0,6685.0,0.9931238865857516,0.006876113414248372,0.0,0.0,0.0,0.0,1,여수,7,6,2025,summer,0,478.584193536,674.2198149120001,2374.65402768,1844.3297341439998,3929.192479008,203.496136416
2025-07-28,1207.9549000799998,3445.446488688,381.98734113599994,2.0,10284.645161290322,66.44800987378616,32.941723145058084,28.6,74.0,2.305555555555556,3.9722222222222223,1.0,6.123233995736766e-17,0.0,32.09638554216867,26.43,5772.580645161291,39.96774193548387,0.0,12038.0,12038.0,0.9931238865857516,0.006876113414248372,0.0,0.0,0.0,0.0,1,여수,7,0,2025,summer,0,556.432114032,685.8581941439999,2280.529824768,2760.6637562399997,1753.8979848479999,852.3777695040001
2025-07-29,1015.2076836959999,3426.326357184,387.50080607999996,2.0,10284.645161290322,66.44800987378616,32.941723145058084,28.0,77.0,2.7777777777777777,4.027777777777778,0.9961946980917455,-0.0871557427476582,0.0,27.72,26.78,5772.580645161291,39.96774193548387,0.0,11659.0,11659.0,0.9931238865857516,0.006876113414248372,0.0,0.0,0.0,0.0,1,여수,7,1,2025,summer,0,1207.9549000799998,951.5186696159999,3445.446488688,3601.903482144,381.98734113599994,365.109324336
2025-07-30,1006.5316710239999,3351.3823098719995,361.44654739199996,2.0,10284.645161290322,66.44800987378616,32.941723145058084,28.1,74.0,3.3611111111111107,5.777777777777778,0.9998476951563912,0.0174524064372836,0.0,22.01652892561984,26.2,5772.580645161291,39.96774193548387,0.0,11288.0,11288.0,0.9931238865857516,0.006876113414248372,0.0,0.0,0.0,0.0,1,여수,7,2,2025,summer,0,1015.2076836959999,1074.716964144,3426.326357184,3479.5895721119996,387.50080607999996,380.640458736
2025-07-31,1136.082791232,3393.2967996960006,320.33523513600005,2.0,10284.645161290322,66.44800987378616,32.941723145058084,28.0,77.0,2.75,4.25,0.984807753012208,-0.1736481776669303,0.0,28.0,26.62,5772.580645161291,39.96774193548387,0.0,11437.0,11437.0,0.9931238865857516,0.006876113414248372,0.0,0.0,0.0,0.0,1,여수,7,3,2025,summer,0,1006.5316710239999,1084.4405265599999,3351.3823098719995,3546.6241168799997,361.44654739199996,407.873153232
2025-08-01,1282.4798981759998,3603.1477142880003,356.30425512,2.0,12041.0,75.0528137465809,34.0361268354627,28.3,78.0,2.1944444444444446,4.0,0.788010753606722,-0.6156614753256583,0.0,35.54430379746835,26.39,6392.096774193548,24.258064516129032,0.0,12066.0,12066.0,0.9962193386859186,0.003780661314081455,0.0,0.0,0.0,0.0,1,여수,8,4,2025,summer,0,1136.082791232,1451.1499482240001,3393.2967996960006,3540.8880714239995,320.33523513600005,392.811725232
2025-08-02,392.730534576,2246.24343528,2368.8690910559994,2.0,12041.0,75.0528137465809,34.0361268354627,28.7,79.0,1.8333333333333333,4.222222222222222,-0.3420201433256686,-0.9396926207859084,0.0,43.09090909090909,24.22,6392.096774193548,24.258064516129032,0.0,6836.0,6836.0,0.9962193386859186,0.003780661314081455,0.0,0.0,0.0,0.0,1,여수,8,5,2025,summer,0,1282.4798981759998,478.584193536,3603.1477142880003,2374.65402768,356.30425512,3929.192479008
2025-08-03,213.175629792,2281.4305300799997,1712.113820784,2.0,12041.0,75.0528137465809,34.0361268354627,28.0,82.0,4.055555555555555,9.083333333333334,-0.0523359562429435,-0.9986295347545738,29.2,20.21917808219178,16.54,6392.096774193548,24.258064516129032,0.0,7277.0,7277.0,0.9962193386859186,0.003780661314081455,0.0,0.0,0.0,0.0,1,여수,8,6,2025,summer,0,392.730534576,556.432114032,2246.24343528,2280.529824768,2368.8690910559994,1753.8979848479999
2025-08-04,912.4813807200001,3570.276885408,345.78098308799997,2.0,12041.0,75.0528137465809,34.0361268354627,27.9,89.0,5.972222222222222,8.527777777777777,-0.587785252292473,-0.8090169943749475,9.0,14.902325581395347,22.71,6392.096774193548,24.258064516129032,0.0,12479.0,12479.0,0.9962193386859186,0.003780661314081455,0.0,0.0,0.0,0.0,1,여수,8,0,2025,summer,0,213.175629792,1207.9549000799998,2281.4305300799997,3445.446488688,1712.113820784,381.98734113599994
2025-08-05,1012.339241136,3579.4627424640003,353.96375284799996,2.0,12041.0,75.0528137465809,34.0361268354627,28.1,86.0,4.111111111111112,6.111111111111111,-0.8290375725550418,-0.5591929034707466,5.5,20.918918918918916,20.04,6392.096774193548,24.258064516129032,0.0,12471.0,12471.0,0.9962193386859186,0.003780661314081455,0.0,0.0,0.0,0.0,1,여수,8,1,2025,summer,0,912.4813807200001,1015.2076836959999,3570.276885408,3426.326357184,345.78098308799997,387.50080607999996
2025-08-06,1416.46954176,4227.72551424,384.71827392,2.0,12041.0,75.0528137465809,34.0361268354627,28.4,84.0,6.0,8.944444444444445,-0.754709580222772,-0.6560590289905073,2.8,14.0,19.55,6392.096774193548,24.258064516129032,0.0,13970.0,13970.0,0.9962193386859186,0.003780661314081455,0.0,0.0,0.0,0.0,1,여수,8,2,2025,summer,0,1012.339241136,1006.5316710239999,3579.4627424640003,3351.3823098719995,353.96375284799996,361.44654739199996
2025-08-07,1326.202020864,3677.6566151999996,334.38028996799994,2.0,12041.0,75.0528137465809,34.0361268354627,28.6,78.0,4.527777777777778,5.611111111111111,-0.9743700647852352,0.2249510543438649,0.3,17.226993865030675,20.45,6392.096774193548,24.258064516129032,0.0,12513.0,12513.0,0.9962193386859186,0.003780661314081455,0.0,0.0,0.0,0.0,1,여수,8,3,2025,summer,0,1416.46954176,1136.082791232,4227.72551424,3393.2967996960006,384.71827392,320.33523513600005
2025-08-08,1479.0396944160002,3458.583711648,342.629056224,2.0,12041.0,75.0528137465809,34.0361268354627,26.5,76.0,2.7777777777777777,4.777777777777778,-0.9961946980917455,-0.0871557427476582,0.0,27.36,22.87,6392.096774193548,24.258064516129032,0.0,12632.0,12632.0,0.9962193386859186,0.003780661314081455,0.0,0.0,0.0,0.0,1,여수,8,4,2025,summer,0,1326.202020864,1282.4798981759998,3677.6566151999996,3603.1477142880003,334.38028996799994,356.30425512
2025-08-09,1922.4113984639998,3509.9191961279994,382.565112768,2.0,12041.0,75.0528137465809,34.0361268354627,24.2,92.0,2.7777777777777777,5.138888888888888,0.8910065241883679,-0.4539904997395467,33.1,33.120000000000005,6.14,6392.096774193548,24.258064516129032,0.0,13363.0,13363.0,0.9962193386859186,0.003780661314081455,0.0,0.0,0.0,0.0,1,여수,8,5,2025,summer,0,1479.0396944160002,392.730534576,3458.583711648,2246.24343528,342.629056224,2368.8690910559994
2025-08-10,740.285126352,1656.9998678880002,1351.023105312,2.0,12041.0,75.0528137465809,34.0361268354627,24.1,91.0,3.2777777777777777,6.499999999999999,0.9271838545667874,0.3746065934159119,65.0,27.762711864406786,10.67,6392.096774193548,24.258064516129032,0.0,6315.0,6315.0,0.9962193386859186,0.003780661314081455,0.0,0.0,0.0,0.0,1,여수,8,6,2025,summer,0,1922.4113984639998,213.175629792,3509.9191961279994,2281.4305300799997,382.565112768,1712.113820784
2025-08-11,1344.067033536,3014.4043100159997,335.56205476800005,2.0,12041.0,75.0528137465809,34.0361268354627,24.2,93.0,2.6666666666666665,5.083333333333333,0.9659258262890684,0.2588190451025207,42.5,34.875,8.99,6392.096774193548,24.258064516129032,0.0,12683.0,12683.0,0.9962193386859186,0.003780661314081455,0.0,0.0,0.0,0.0,1,여수,8,0,2025,summer,0,740.285126352,912.4813807200001,1656.9998678880002,3570.276885408,1351.023105312,345.78098308799997
2025-08-12,1307.2897108800003,3281.473046592,349.246897344,2.0,12041.0,75.0528137465809,34.0361268354627,22.8,95.0,3.1111111111111107,4.083333333333333,0.8987940462991669,0.4383711467890774,30.3,30.53571428571429,5.49,6392.096774193548,24.258064516129032,0.0,13000.0,13000.0,0.9962193386859186,0.003780661314081455,0.0,0.0,0.0,0.0,1,여수,8,1,2025,summer,0,1344.067033536,1012.339241136,3014.4043100159997,3579.4627424640003,335.56205476800005,353.96375284799996
2025-08-13,1626.541206336,2746.607917536,328.031151264,2.0,12041.0,75.0528137465809,34.0361268354627,27.0,91.0,3.75,6.222222222222221,-0.2923717047227367,-0.9563047559630354,3.9,24.266666666666666,23.69,6392.096774193548,24.258064516129032,0.0,13015.0,13015.0,0.9962193386859186,0.003780661314081455,0.0,0.0,0.0,0.0,1,여수,8,2,2025,summer,0,1307.2897108800003,1416.46954176,3281.473046592,4227.72551424,349.246897344,384.71827392
2025-08-14,1571.0046380640001,3622.077474336,257.97738196800003,2.0,12041.0,75.0528137465809,34.0361268354627,27.8,86.0,3.1666666666666665,3.8333333333333335,-0.6819983600624984,-0.7313537016191706,1.7,27.157894736842103,23.79,6392.096774193548,24.258064516129032,0.0,12194.0,12194.0,0.9962193386859186,0.003780661314081455,0.0,0.0,0.0,0.0,1,여수,8,3,2025,summer,0,1626.541206336,1326.202020864,2746.607917536,3677.6566151999996,328.031151264,334.38028996799994
2025-08-15,1803.5211455999997,3641.964461856,264.572767584,2.0,12041.0,75.0528137465809,34.0361268354627,28.1,85.0,2.694444444444444,3.2777777777777777,-1.0,-1.8369701987210294e-16,0.0,31.54639175257732,24.49,6392.096774193548,24.258064516129032,0.0,12887.0,12887.0,0.9962193386859186,0.003780661314081455,0.0,0.0,0.0,0.0,1,여수,8,4,2025,summer,0,1571.0046380640001,1479.0396944160002,3622.077474336,3458.583711648,257.97738196800003,342.629056224
2025-08-16,661.9738340160001,2147.509756368,2144.2727583360006,2.0,12041.0,75.0528137465809,34.0361268354627,27.6,85.0,2.2777777777777777,4.0,-0.9396926207859084,-0.3420201433256685,0.0,37.31707317073171,25.37,6392.096774193548,24.258064516129032,0.0,7029.0,7029.0,0.9962193386859186,0.003780661314081455,0.0,0.0,0.0,0.0,1,여수,8,5,2025,summer,0,1803.5211455999997,1922.4113984639998,3641.964461856,3509.9191961279994,264.572767584,382.565112768
2025-08-17,387.900837216,1802.022461856,1443.528739872,2.0,12041.0,75.0528137465809,34.0361268354627,27.2,84.0,2.7222222222222223,3.861111111111111,-0.9702957262759964,-0.2419218955996677,0.0,30.857142857142858,25.09,6392.096774193548,24.258064516129032,0.0,6779.0,6779.0,0.9962193386859186,0.003780661314081455,0.0,0.0,0.0,0.0,1,여수,8,6,2025,summer,0,661.9738340160001,740.285126352,2147.509756368,1656.9998678880002,2144.2727583360006,1351.023105312
2025-08-18,1346.82717024,3418.9501376159997,296.670255696,2.0,12041.0,75.0528137465809,34.0361268354627,27.2,87.0,2.4166666666666665,3.3888888888888884,-0.8290375725550418,-0.5591929034707466,0.2,36.0,18.89,6392.096774193548,24.258064516129032,0.0,13289.0,13289.0,0.9962193386859186,0.003780661314081455,0.0,0.0,0.0,0.0,1,여수,8,0,2025,summer,0,387.900837216,1344.067033536,1802.022461856,3014.4043100159997,1443.528739872,335.56205476800005
2025-08-19,1147.024892016,3387.9920163839997,301.72234579200006,2.0,12041.0,75.0528137465809,34.0361268354627,27.6,85.0,2.5555555555555554,4.472222222222222,-0.6156614753256582,-0.788010753606722,0.4,33.26086956521739,23.06,6392.096774193548,24.258064516129032,0.0,13250.0,13250.0,0.9962193386859186,0.003780661314081455,0.0,0.0,0.0,0.0,1,여수,8,1,2025,summer,0,1346.82717024,1307.2897108800003,3418.9501376159997,3281.473046592,296.670255696,349.246897344
2025-08-20,1055.6589430079998,3976.1907160319997,341.953560576,2.0,12041.0,75.0528137465809,34.0361268354627,27.5,84.0,1.8888888888888888,4.444444444444445,0.0174524064372834,-0.9998476951563912,1.8,44.47058823529411,23.44,6392.096774193548,24.258064516129032,0.0,13276.0,13276.0,0.9962193386859186,0.003780661314081455,0.0,0.0,0.0,0.0,1,여수,8,2,2025,summer,0,1147.024892016,1626.541206336,3387.9920163839997,2746.607917536,301.72234579200006,328.031151264
2025-08-21,1041.285942144,3842.7941075040003,362.63518675200004,2.0,12041.0,75.0528137465809,34.0361268354627,27.7,81.0,1.5833333333333333,4.361111111111111,0.1908089953765449,-0.981627183447664,0.0,51.15789473684211,23.57,6392.096774193548,24.258064516129032,0.0,13558.0,13558.0,0.9962193386859186,0.003780661314081455,0.0,0.0,0.0,0.0,1,여수,8,3,2025,summer,0,1055.6589430079998,1571.0046380640001,3976.1907160319997,3622.077474336,341.953560576,257.97738196800003
2025-08-22,1560.287322288,3770.044004304,354.78617976,2.0,12041.0,75.0528137465809,34.0361268354627,29.0,75.0,2.3333333333333335,4.083333333333333,-0.7771459614569706,-0.6293203910498378,0.4,32.14285714285714,23.38,6392.096774193548,24.258064516129032,0.0,13344.0,13344.0,0.9962193386859186,0.003780661314081455,0.0,0.0,0.0,0.0,1,여수,8,4,2025,summer,0,1041.285942144,1803.5211455999997,3842.7941075040003,3641.964461856,362.63518675200004,264.572767584
2025-08-23,1695.1402980000003,2739.09990744,352.062499248,2.0,12041.0,75.0528137465809,34.0361268354627,28.8,76.0,3.2499999999999996,5.277777777777778,-0.848048096156426,-0.529919264233205,0.0,23.384615384615387,24.3,6392.096774193548,24.258064516129032,0.0,13732.0,13732.0,0.9962193386859186,0.003780661314081455,0.0,0.0,0.0,0.0,1,여수,8,5,2025,summer,0,1560.287322288,661.9738340160001,3770.044004304,2147.509756368,354.78617976,2144.2727583360006
2025-08-24,1515.2784311520002,3324.9998390400006,338.613813216,2.0,12041.0,75.0528137465809,34.0361268354627,28.6,78.0,3.0277777777777777,4.638888888888888,-0.7660444431189779,-0.6427876096865395,0.1,25.761467889908257,22.84,6392.096774193548,24.258064516129032,0.0,13366.0,13366.0,0.9962193386859186,0.003780661314081455,0.0,0.0,0.0,0.0,1,여수,8,6,2025,summer,0,1695.1402980000003,387.900837216,2739.09990744,1802.022461856,352.062499248,1443.528739872
2025-08-25,1346.444413344,3759.6317915520003,348.25966387200003,2.0,12041.0,75.0528137465809,34.0361268354627,28.4,81.0,2.861111111111111,5.111111111111111,-0.5591929034707467,-0.8290375725550418,0.3,28.310679611650485,22.78,6392.096774193548,24.258064516129032,0.0,13478.0,13478.0,0.9962193386859186,0.003780661314081455,0.0,0.0,0.0,0.0,1,여수,8,0,2025,summer,0,1515.2784311520002,1346.82717024,3324.9998390400006,3418.9501376159997,338.613813216,296.670255696
2025-08-26,1093.77846648,3346.89930216,343.37572992,2.0,12041.0,75.0528137465809,34.0361268354627,28.9,77.0,4.25,5.527777777777778,-0.874619707139396,-0.4848096202463368,3.7,18.11764705882353,20.87,6392.096774193548,24.258064516129032,0.0,13147.0,13147.0,0.9962193386859186,0.003780661314081455,0.0,0.0,0.0,0.0,1,여수,8,1,2025,summer,0,1346.444413344,1147.024892016,3759.6317915520003,3387.9920163839997,348.25966387200003,301.72234579200006
2025-08-27,1361.2056919200002,3976.626996432,375.298185312,2.0,12041.0,75.0528137465809,34.0361268354627,28.1,77.0,2.888888888888889,5.694444444444445,-0.656059028990507,-0.7547095802227721,0.0,26.653846153846153,23.37,6392.096774193548,24.258064516129032,0.0,13289.0,13289.0,0.9962193386859186,0.003780661314081455,0.0,0.0,0.0,0.0,1,여수,8,2,2025,summer,0,1093.77846648,1055.6589430079998,3346.89930216,3976.1907160319997,343.37572992,341.953560576
2025-08-28,1518.826839984,4054.677642144,382.34295864,2.0,12041.0,75.0528137465809,34.0361268354627,27.7,80.0,2.5,3.555555555555556,0.6018150231520482,-0.7986355100472929,0.6,32.0,21.6,6392.096774193548,24.258064516129032,0.0,13168.0,13168.0,0.9962193386859186,0.003780661314081455,0.0,0.0,0.0,0.0,1,여수,8,3,2025,summer,0,1361.2056919200002,1041.285942144,3976.626996432,3842.7941075040003,375.298185312,362.63518675200004
2025-08-29,1305.82392912,4007.2765209120007,387.61464096,2.0,12041.0,75.0528137465809,34.0361268354627,28.4,82.0,2.861111111111111,5.138888888888888,-0.7193398003386512,-0.6946583704589973,0.1,28.66019417475728,22.3,6392.096774193548,24.258064516129032,0.0,13345.0,13345.0,0.9962193386859186,0.003780661314081455,0.0,0.0,0.0,0.0,1,여수,8,4,2025,summer,0,1518.826839984,1560.287322288,4054.677642144,3770.044004304,382.34295864,354.78617976
2025-08-30,1462.0103822879996,3875.588923968,391.873933728,2.0,12041.0,75.0528137465809,34.0361268354627,28.6,77.0,2.7222222222222223,5.0,-0.7313537016191703,-0.6819983600624986,0.0,28.285714285714285,23.09,6392.096774193548,24.258064516129032,0.0,13159.0,13159.0,0.9962193386859186,0.003780661314081455,0.0,0.0,0.0,0.0,1,여수,8,5,2025,summer,0,1305.82392912,1695.1402980000003,4007.2765209120007,2739.09990744,387.61464096,352.062499248
2025-08-31,1596.409367616,3548.1248225279996,374.691323808,2.0,12041.0,75.0528137465809,34.0361268354627,26.0,92.0,2.4166666666666665,4.444444444444445,0.258819045102521,-0.9659258262890682,23.2,38.06896551724138,10.84,6392.096774193548,24.258064516129032,0.0,12361.0,12361.0,0.9962193386859186,0.003780661314081455,0.0,0.0,0.0,0.0,1,여수,8,6,2025,summer,0,1462.0103822879996,1515.2784311520002,3875.588923968,3324.9998390400006,391.873933728,338.613813216
2025-09-01,1612.307688336,3569.743934064,392.32442044799996,2.0,11997.966666666667,75.11168970297744,34.550419960048785,26.9,86.0,3.0555555555555554,5.555555555555555,-0.4383711467890774,-0.8987940462991669,5.0,28.145454545454548,16.44,6411.2,17.333333333333332,0.0,12695.0,12695.0,0.9973036877255569,0.0026963122744431078,0.0,0.0,0.0,0.0,1,여수,9,0,2025,autumn,0,1596.409367616,1346.444413344,3548.1248225279996,3759.6317915520003,374.691323808,348.25966387200003
2025-09-02,1466.307897264,3408.824087424,400.575188304,2.0,11997.966666666667,75.11168970297744,34.550419960048785,27.6,80.0,2.111111111111111,3.5833333333333335,-0.9205048534524404,-0.3907311284892738,0.9,37.89473684210526,18.9,6411.2,17.333333333333332,0.0,12563.0,12563.0,0.9973036877255569,0.0026963122744431078,0.0,0.0,0.0,0.0,1,여수,9,1,2025,autumn,0,1612.307688336,1093.77846648,3569.743934064,3346.89930216,392.32442044799996,343.37572992
2025-09-03,1354.60111176,3420.394492752,379.9522208159999,2.0,11997.966666666667,75.11168970297744,34.550419960048785,27.4,81.0,2.75,4.388888888888889,1.0,6.123233995736766e-17,0.8,29.454545454545453,22.17,6411.2,17.333333333333332,0.0,11897.0,11897.0,0.9973036877255569,0.0026963122744431078,0.0,0.0,0.0,0.0,1,여수,9,2,2025,autumn,0,1466.307897264,1361.2056919200002,3408.824087424,3976.626996432,400.575188304,375.298185312
2025-09-04,1700.0380172159998,3818.993297328,332.57754129600005,2.0,11997.966666666667,75.11168970297744,34.550419960048785,27.9,75.0,3.5,4.777777777777778,0.9205048534524404,0.3907311284892737,0.3,21.428571428571427,20.86,6411.2,17.333333333333332,0.0,12324.0,12324.0,0.9973036877255569,0.0026963122744431078,0.0,0.0,0.0,0.0,1,여수,9,3,2025,autumn,0,1354.60111176,1518.826839984,3420.394492752,4054.677642144,379.9522208159999,382.34295864
2025-09-05,1452.138018912,3585.2062127039994,320.52594211199994,2.0,11997.966666666667,75.11168970297744,34.550419960048785,27.2,80.0,2.861111111111111,4.527777777777778,1.0,6.123233995736766e-17,1.9,27.961165048543688,21.11,6411.2,17.333333333333332,0.0,11991.0,11991.0,0.9973036877255569,0.0026963122744431078,0.0,0.0,0.0,0.0,1,여수,9,4,2025,autumn,0,1700.0380172159998,1305.82392912,3818.993297328,4007.2765209120007,332.57754129600005,387.61464096
2025-09-06,1312.288179408,3464.9106468480004,317.86945545599997,2.0,11997.966666666667,75.11168970297744,34.550419960048785,27.8,81.0,3.2499999999999996,5.638888888888889,-0.4067366430758002,-0.9135454576426008,0.5,24.923076923076927,21.16,6411.2,17.333333333333332,0.0,11767.0,11767.0,0.9973036877255569,0.0026963122744431078,0.0,0.0,0.0,0.0,1,여수,9,5,2025,autumn,0,1452.138018912,1462.0103822879996,3585.2062127039994,3875.588923968,320.52594211199994,391.873933728
2025-09-07,1149.585341184,3298.342046976,306.15748992,2.0,11997.966666666667,75.11168970297744,34.550419960048785,28.6,77.0,3.611111111111111,5.027777777777778,-0.9510565162951536,-0.3090169943749475,0.5,21.32307692307692,17.57,6411.2,17.333333333333332,0.0,11445.0,11445.0,0.9973036877255569,0.0026963122744431078,0.0,0.0,0.0,0.0,1,여수,9,6,2025,autumn,0,1312.288179408,1596.409367616,3464.9106468480004,3548.1248225279996,317.86945545599997,374.691323808
2025-09-08,1169.28067536,3355.320595104,328.33675209600005,2.0,11997.966666666667,75.11168970297744,34.550419960048785,26.5,67.0,2.611111111111111,4.055555555555555,-0.6691306063588581,0.7431448254773944,3.2,25.659574468085108,15.92,6411.2,17.333333333333332,0.0,12237.0,12237.0,0.9973036877255569,0.0026963122744431078,0.0,0.0,0.0,0.0,1,여수,9,0,2025,autumn,0,1149.585341184,1612.307688336,3298.342046976,3569.743934064,306.15748992,392.32442044799996
2025-09-09,1190.171754864,3501.061621344,350.466769584,2.0,11997.966666666667,75.11168970297744,34.550419960048785,23.0,85.0,3.611111111111111,5.888888888888888,0.6946583704589973,0.7193398003386512,24.7,23.538461538461537,8.57,6411.2,17.333333333333332,0.0,12453.0,12453.0,0.9973036877255569,0.0026963122744431078,0.0,0.0,0.0,0.0,1,여수,9,1,2025,autumn,0,1169.28067536,1466.307897264,3355.320595104,3408.824087424,328.33675209600005,400.575188304
2025-09-10,1300.3875070560002,3320.8610292,338.05468224000003,2.0,11997.966666666667,75.11168970297744,34.550419960048785,24.3,77.0,3.888888888888889,5.138888888888888,0.6946583704589973,0.7193398003386512,0.4,19.8,19.27,6411.2,17.333333333333332,0.0,12697.0,12697.0,0.9973036877255569,0.0026963122744431078,0.0,0.0,0.0,0.0,1,여수,9,2,2025,autumn,0,1190.171754864,1354.60111176,3501.061621344,3420.394492752,350.466769584,379.9522208159999
2025-09-11,1870.56234288,3369.3093864,347.71137047999997,2.0,11997.966666666667,75.11168970297744,34.550419960048785,25.3,72.0,5.249999999999999,6.138888888888889,0.8090169943749475,0.5877852522924731,0.2,13.714285714285715,21.64,6411.2,17.333333333333332,0.0,12248.0,12248.0,0.9973036877255569,0.0026963122744431078,0.0,0.0,0.0,0.0,1,여수,9,3,2025,autumn,0,1300.3875070560002,1700.0380172159998,3320.8610292,3818.993297328,338.05468224000003,332.57754129600005
2025-09-12,2205.71864568,3064.8548016000004,373.114055808,2.0,11997.966666666667,75.11168970297744,34.550419960048785,24.8,79.0,5.222222222222222,6.666666666666666,0.9205048534524404,0.3907311284892737,2.1,15.127659574468083,11.88,6411.2,17.333333333333332,0.0,12858.0,12858.0,0.9973036877255569,0.0026963122744431078,0.0,0.0,0.0,0.0,1,여수,9,4,2025,autumn,0,1870.56234288,1452.138018912,3369.3093864,3585.2062127039994,347.71137047999997,320.52594211199994
2025-09-13,2007.005187456,2836.059937632,334.68394348799995,2.0,11997.966666666667,75.11168970297744,34.550419960048785,26.2,88.0,4.361111111111111,6.833333333333334,-0.8090169943749473,-0.5877852522924732,7.0,20.17834394904459,14.82,6411.2,17.333333333333332,0.0,10853.0,10853.0,0.9973036877255569,0.0026963122744431078,0.0,0.0,0.0,0.0,1,여수,9,5,2025,autumn,0,2205.71864568,1312.288179408,3064.8548016000004,3464.9106468480004,373.114055808,317.86945545599997
2025-09-14,1388.189386512,1801.1791441440002,1492.7243388480001,2.0,11997.966666666667,75.11168970297744,34.550419960048785,25.7,82.0,2.7777777777777777,4.638888888888888,-0.8987940462991668,-0.4383711467890777,0.2,29.52,19.35,6411.2,17.333333333333332,0.0,7219.0,7219.0,0.9973036877255569,0.0026963122744431078,0.0,0.0,0.0,0.0,1,여수,9,6,2025,autumn,0,2007.005187456,1149.585341184,2836.059937632,3298.342046976,334.68394348799995,306.15748992
2025-09-15,2786.4931967999996,3284.2465236000007,362.16189504,2.0,11997.966666666667,75.11168970297744,34.550419960048785,25.3,89.0,1.25,2.861111111111111,-0.0174524064372836,-0.9998476951563912,6.5,71.2,14.36,6411.2,17.333333333333332,0.0,12797.0,12797.0,0.9973036877255569,0.0026963122744431078,0.0,0.0,0.0,0.0,1,여수,9,0,2025,autumn,0,1388.189386512,1169.28067536,1801.1791441440002,3355.320595104,1492.7243388480001,328.33675209600005
2025-09-16,2389.2334842239998,3242.3504762879998,335.264746464,2.0,11997.966666666667,75.11168970297744,34.550419960048785,26.3,87.0,2.2777777777777777,4.916666666666666,-0.4539904997395467,-0.8910065241883679,0.7,38.19512195121951,19.35,6411.2,17.333333333333332,0.0,12556.0,12556.0,0.9973036877255569,0.0026963122744431078,0.0,0.0,0.0,0.0,1,여수,9,1,2025,autumn,0,2786.4931967999996,1190.171754864,3284.2465236000007,3501.061621344,362.16189504,350.466769584
2025-09-17,2833.3305475200004,4053.11777424,366.392981376,2.0,11997.966666666667,75.11168970297744,34.550419960048785,27.0,84.0,3.4444444444444446,5.249999999999999,-0.913545457642601,-0.4067366430758001,2.4,24.387096774193548,18.55,6411.2,17.333333333333332,0.0,13434.0,13434.0,0.9973036877255569,0.0026963122744431078,0.0,0.0,0.0,0.0,1,여수,9,2,2025,autumn,0,2389.2334842239998,1300.3875070560002,3242.3504762879998,3320.8610292,335.264746464,338.05468224000003
2025-09-18,2675.8805467680004,4101.765848927999,345.82992523200005,2.0,11997.966666666667,75.11168970297744,34.550419960048785,24.3,74.0,3.5277777777777777,5.138888888888888,0.5150380749100542,0.8571673007021123,2.6,20.976377952755907,14.5,6411.2,17.333333333333332,0.0,12880.0,12880.0,0.9973036877255569,0.0026963122744431078,0.0,0.0,0.0,0.0,1,여수,9,3,2025,autumn,0,2833.3305475200004,1870.56234288,4053.11777424,3369.3093864,366.392981376,347.71137047999997
2025-09-19,2735.6695973280002,3514.6171301760005,331.234859808,2.0,11997.966666666667,75.11168970297744,34.550419960048785,23.3,65.0,4.805555555555555,5.305555555555556,0.8746197071393957,0.4848096202463371,0.0,13.52601156069364,8.74,6411.2,17.333333333333332,0.0,12574.0,12574.0,0.9973036877255569,0.0026963122744431078,0.0,0.0,0.0,0.0,1,여수,9,4,2025,autumn,0,2675.8805467680004,2205.71864568,4101.765848927999,3064.8548016000004,345.82992523200005,373.114055808
2025-09-20,1868.8201600319999,3117.764215872,292.051083312,2.0,11997.966666666667,75.11168970297744,34.550419960048785,24.0,78.0,4.861111111111111,8.11111111111111,-0.9975640502598244,0.0697564737441252,8.1,16.045714285714286,15.96,6411.2,17.333333333333332,0.0,11117.0,11117.0,0.9973036877255569,0.0026963122744431078,0.0,0.0,0.0,0.0,1,여수,9,5,2025,autumn,0,2735.6695973280002,2007.005187456,3514.6171301760005,2836.059937632,331.234859808,334.68394348799995
2025-09-21,828.335022624,1880.4607888320002,3399.159926015999,2.0,11997.966666666667,75.11168970297744,34.550419960048785,22.2,72.0,3.6944444444444446,5.527777777777778,0.6427876096865393,0.766044443118978,0.0,19.48872180451128,17.82,6411.2,17.333333333333332,0.0,6663.0,6663.0,0.9973036877255569,0.0026963122744431078,0.0,0.0,0.0,0.0,1,여수,9,6,2025,autumn,0,1868.8201600319999,1388.189386512,3117.764215872,1801.1791441440002,292.051083312,1492.7243388480001
2025-09-22,2908.361945376,3443.2823730239998,341.58393820799995,2.0,11997.966666666667,75.11168970297744,34.550419960048785,22.2,65.0,5.833333333333333,6.694444444444445,0.8090169943749475,0.5877852522924731,0.0,11.142857142857144,15.16,6411.2,17.333333333333332,0.0,12331.0,12331.0,0.9973036877255569,0.0026963122744431078,0.0,0.0,0.0,0.0,1,여수,9,0,2025,autumn,0,828.335022624,2786.4931967999996,1880.4607888320002,3284.2465236000007,3399.159926015999,362.16189504
2025-09-23,3152.3113509120003,3791.947454784,368.768755296,2.0,11997.966666666667,75.11168970297744,34.550419960048785,22.9,61.0,5.444444444444445,6.25,0.838670567945424,0.5446390350150271,0.0,11.20408163265306,17.78,6411.2,17.333333333333332,0.0,12927.0,12927.0,0.9973036877255569,0.0026963122744431078,0.0,0.0,0.0,0.0,1,여수,9,1,2025,autumn,0,2908.361945376,2389.2334842239998,3443.2823730239998,3242.3504762879998,341.58393820799995,335.264746464
2025-09-24,4197.52825128,4213.462548096,383.79706502400006,2.0,11997.966666666667,75.11168970297744,34.550419960048785,24.2,80.0,3.416666666666667,4.888888888888889,0.981627183447664,-0.1908089953765448,0.1,23.414634146341463,14.32,6411.2,17.333333333333332,0.0,13841.0,13841.0,0.9973036877255569,0.0026963122744431078,0.0,0.0,0.0,0.0,1,여수,9,2,2025,autumn,0,3152.3113509120003,2833.3305475200004,3791.947454784,4053.11777424,368.768755296,366.392981376
2025-09-25,3866.274567072,4096.058262912,359.38616716800004,2.0,11997.966666666667,75.11168970297744,34.550419960048785,23.3,96.0,1.25,3.4444444444444446,-0.9781476007338056,0.2079116908177594,13.0,76.8,3.91,6411.2,17.333333333333332,0.0,13259.0,13259.0,0.9973036877255569,0.0026963122744431078,0.0,0.0,0.0,0.0,1,여수,9,3,2025,autumn,0,4197.52825128,2675.8805467680004,4213.462548096,4101.765848927999,383.79706502400006,345.82992523200005
2025-09-26,1986.267716064,3799.3524065280008,347.618898432,2.0,11997.966666666667,75.11168970297744,34.550419960048785,23.9,91.0,1.972222222222222,3.638888888888889,0.0871557427476582,-0.9961946980917455,1.7,46.140845070422536,12.86,6411.2,17.333333333333332,0.0,12769.0,12769.0,0.9973036877255569,0.0026963122744431078,0.0,0.0,0.0,0.0,1,여수,9,4,2025,autumn,0,3866.274567072,2735.6695973280002,4096.058262912,3514.6171301760005,359.38616716800004,331.234859808
2025-09-27,1263.3009949440002,3280.192700544,318.506053248,2.0,11997.966666666667,75.11168970297744,34.550419960048785,23.4,81.0,3.222222222222222,4.388888888888889,0.9986295347545738,0.0523359562429439,6.0,25.13793103448276,14.81,6411.2,17.333333333333332,0.0,11392.0,11392.0,0.9973036877255569,0.0026963122744431078,0.0,0.0,0.0,0.0,1,여수,9,5,2025,autumn,0,1986.267716064,1868.8201600319999,3799.3524065280008,3117.764215872,347.618898432,292.051083312
2025-09-28,1832.3425772639998,2954.377237824,302.788852992,2.0,11997.966666666667,75.11168970297744,34.550419960048785,23.1,85.0,3.7222222222222223,6.111111111111111,-0.984807753012208,-0.1736481776669303,9.0,22.83582089552239,11.31,6411.2,17.333333333333332,0.0,11179.0,11179.0,0.9973036877255569,0.0026963122744431078,0.0,0.0,0.0,0.0,1,여수,9,6,2025,autumn,0,1263.3009949440002,828.335022624,3280.192700544,1880.4607888320002,318.506053248,3399.159926015999
2025-09-29,1764.08581824,3369.3443639999996,347.896865088,2.0,11997.966666666667,75.11168970297744,34.550419960048785,21.2,74.0,3.4444444444444446,5.472222222222222,-0.8090169943749476,0.5877852522924729,0.0,21.483870967741936,15.46,6411.2,17.333333333333332,0.0,12666.0,12666.0,0.9973036877255569,0.0026963122744431078,0.0,0.0,0.0,0.0,1,여수,9,0,2025,autumn,0,1832.3425772639998,2908.361945376,2954.377237824,3443.2823730239998,302.788852992,341.58393820799995
2025-09-30,1882.018490688,3338.2340481599995,346.15994414399995,2.0,11997.966666666667,75.11168970297744,34.550419960048785,20.3,84.0,1.4166666666666663,2.361111111111111,0.4694715627858908,0.882947592858927,0.6,59.29411764705883,12.48,6411.2,17.333333333333332,0.0,12307.0,12307.0,0.9973036877255569,0.0026963122744431078,0.0,0.0,0.0,0.0,1,여수,9,1,2025,autumn,0,1764.08581824,3152.3113509120003,3369.3443639999996,3791.947454784,347.896865088,368.768755296
2025-10-01,751.9536184319999,2221.107782976,1394.3803492799996,2.0,6878.4838709677415,82.9953309290776,37.00076179578208,20.3,79.0,1.5833333333333333,2.25,-0.7547095802227722,0.656059028990507,0.0,49.89473684210527,18.81,3577.1290322580644,0.9032258064516129,0.0,8656.0,8656.0,0.999747563537356,0.00025243646264391133,0.0,0.0,0.0,0.0,1,여수,10,2,2025,autumn,0,1882.018490688,4197.52825128,3338.2340481599995,4213.462548096,346.15994414399995,383.79706502400006
2025-10-02,443.503124064,2009.7204503040002,236.74910414399997,2.0,6878.4838709677415,82.9953309290776,37.00076179578208,20.6,77.0,1.972222222222222,3.3055555555555554,0.5877852522924731,0.8090169943749475,2.8,39.04225352112676,8.96,3577.1290322580644,0.9032258064516129,0.0,6964.0,6964.0,0.999747563537356,0.00025243646264391133,0.0,0.0,0.0,0.0,1,여수,10,3,2025,autumn,0,751.9536184319999,3866.274567072,2221.107782976,4096.058262912,1394.3803492799996,359.38616716800004
2025-10-03,92.983368816,2180.067900192,248.96662416,2.0,6878.4838709677415,82.9953309290776,37.00076179578208,18.9,93.0,4.944444444444445,7.388888888888889,0.9271838545667874,0.3746065934159119,80.6,18.808988764044944,5.13,3577.1290322580644,0.9032258064516129,0.0,7659.0,7659.0,0.999747563537356,0.00025243646264391133,0.0,0.0,0.0,0.0,1,여수,10,4,2025,autumn,0,443.503124064,1986.267716064,2009.7204503040002,3799.3524065280008,236.74910414399997,347.618898432
2025-10-04,212.492899584,1663.956495936,197.07002783999997,2.0,6878.4838709677415,82.9953309290776,37.00076179578208,21.8,91.0,1.8333333333333333,3.75,0.754709580222772,0.6560590289905073,1.6,49.63636363636364,12.69,3577.1290322580644,0.9032258064516129,0.0,6291.0,6291.0,0.999747563537356,0.00025243646264391133,0.0,0.0,0.0,0.0,1,여수,10,5,2025,autumn,0,92.983368816,1263.3009949440002,2180.067900192,3280.192700544,248.96662416,318.506053248
2025-10-05,467.518524336,1376.30642976,170.26471296,2.0,6878.4838709677415,82.9953309290776,37.00076179578208,22.7,92.0,1.472222222222222,2.972222222222222,0.5735764363510459,-0.8191520442889919,3.7,62.49056603773585,9.73,3577.1290322580644,0.9032258064516129,0.0,5881.0,5881.0,0.999747563537356,0.00025243646264391133,0.0,0.0,0.0,0.0,1,여수,10,6,2025,autumn,0,212.492899584,1832.3425772639998,1663.956495936,2954.377237824,197.07002783999997,302.788852992
2025-10-06,574.5175801920001,1705.104928368,204.78234974400002,2.0,6878.4838709677415,82.9953309290776,37.00076179578208,22.5,89.0,2.361111111111111,3.6944444444444446,0.8987940462991669,0.4383711467890774,1.6,37.694117647058825,9.29,3577.1290322580644,0.9032258064516129,0.0,6846.0,6846.0,0.999747563537356,0.00025243646264391133,0.0,0.0,0.0,0.0,1,여수,10,0,2025,autumn,0,467.518524336,1764.08581824,1376.30642976,3369.3443639999996,170.26471296,347.896865088
2025-10-07,723.422501568,1743.0353573760003,209.13028531200004,2.0,6878.4838709677415,82.9953309290776,37.00076179578208,22.3,92.0,2.888888888888889,4.222222222222222,0.8746197071393957,0.4848096202463371,6.1,31.846153846153847,10.7,3577.1290322580644,0.9032258064516129,0.0,6915.0,6915.0,0.999747563537356,0.00025243646264391133,0.0,0.0,0.0,0.0,1,여수,10,1,2025,autumn,0,574.5175801920001,1882.018490688,1705.104928368,3338.2340481599995,204.78234974400002,346.15994414399995
2025-10-08,836.373952512,1608.8582280960002,200.79612748799997,2.0,6878.4838709677415,82.9953309290776,37.00076179578208,22.7,85.0,3.083333333333333,4.138888888888889,0.5877852522924731,0.8090169943749475,0.5,27.567567567567572,12.79,3577.1290322580644,0.9032258064516129,0.0,6596.0,6596.0,0.999747563537356,0.00025243646264391133,0.0,0.0,0.0,0.0,1,여수,10,2,2025,autumn,0,723.422501568,751.9536184319999,1743.0353573760003,2221.107782976,209.13028531200004,1394.3803492799996
2025-10-09,930.6310062240001,1872.8106909120002,227.124009792,2.0,6878.4838709677415,82.9953309290776,37.00076179578208,21.6,75.0,5.027777777777778,6.222222222222221,0.848048096156426,0.5299192642332049,0.0,14.917127071823204,13.75,3577.1290322580644,0.9032258064516129,0.0,7378.0,7378.0,0.999747563537356,0.00025243646264391133,0.0,0.0,0.0,0.0,1,여수,10,3,2025,autumn,0,836.373952512,443.503124064,1608.8582280960002,2009.7204503040002,200.79612748799997,236.74910414399997
2025-10-10,967.19418,1860.6517740000002,205.88787,2.0,6878.4838709677415,82.9953309290776,37.00076179578208,20.8,75.0,3.7777777777777777,4.944444444444445,0.8660254037844386,0.5000000000000001,0.0,19.852941176470587,17.21,3577.1290322580644,0.9032258064516129,0.0,7117.0,7117.0,0.999747563537356,0.00025243646264391133,0.0,0.0,0.0,0.0,1,여수,10,4,2025,autumn,0,930.6310062240001,92.983368816,1872.8106909120002,2180.067900192,227.124009792,248.96662416
2025-10-11,1003.375145232,1915.9828240320003,188.44115313599997,2.0,6878.4838709677415,82.9953309290776,37.00076179578208,21.7,82.0,2.3333333333333335,2.972222222222222,0.5877852522924731,0.8090169943749475,0.0,35.14285714285714,17.14,3577.1290322580644,0.9032258064516129,0.0,7219.0,7219.0,0.999747563537356,0.00025243646264391133,0.0,0.0,0.0,0.0,1,여수,10,5,2025,autumn,0,967.19418,212.492899584,1860.6517740000002,1663.956495936,205.88787,197.07002783999997
2025-10-12,744.63832944,1805.8872204,368.21335680000004,2.0,6878.4838709677415,82.9953309290776,37.00076179578208,23.1,88.0,3.194444444444444,4.027777777777778,-0.9510565162951536,-0.3090169943749475,2.4,27.547826086956523,14.41,3577.1290322580644,0.9032258064516129,0.0,6870.0,6870.0,0.999747563537356,0.00025243646264391133,0.0,0.0,0.0,0.0,1,여수,10,6,2025,autumn,0,1003.375145232,467.518524336,1915.9828240320003,1376.30642976,188.44115313599997,170.26471296
2025-10-13,603.639036,2179.372104,383.855258592,2.0,6878.4838709677415,82.9953309290776,37.00076179578208,22.2,89.0,2.611111111111111,4.111111111111112,0.9902680687415704,-0.1391731009600653,1.9,34.08510638297872,13.22,3577.1290322580644,0.9032258064516129,0.0,7594.0,7594.0,0.999747563537356,0.00025243646264391133,0.0,0.0,0.0,0.0,1,여수,10,0,2025,autumn,0,744.63832944,574.5175801920001,1805.8872204,1705.104928368,368.21335680000004,204.78234974400002
2025-10-14,978.7869743040001,1819.093019616,332.93915856,2.0,6878.4838709677415,82.9953309290776,37.00076179578208,21.2,88.0,3.5277777777777777,4.888888888888889,0.7986355100472928,0.6018150231520483,20.2,24.94488188976378,9.58,3577.1290322580644,0.9032258064516129,0.0,6600.0,6600.0,0.999747563537356,0.00025243646264391133,0.0,0.0,0.0,0.0,1,여수,10,1,2025,autumn,0,603.639036,723.422501568,2179.372104,1743.0353573760003,383.855258592,209.13028531200004
2025-10-15,253.356090624,1808.7583173119997,341.204917392,2.0,6878.4838709677415,82.9953309290776,37.00076179578208,20.7,80.0,4.861111111111111,6.527777777777778,0.8571673007021123,0.5150380749100542,3.9,16.45714285714286,7.14,3577.1290322580644,0.9032258064516129,0.0,6662.0,6662.0,0.999747563537356,0.00025243646264391133,0.0,0.0,0.0,0.0,1,여수,10,2,2025,autumn,0,978.7869743040001,836.373952512,1819.093019616,1608.8582280960002,332.93915856,200.79612748799997
2025-10-16,228.54773952000002,1919.8010119680005,359.415945792,2.0,6878.4838709677415,82.9953309290776,37.00076179578208,22.1,83.0,3.0277777777777777,5.972222222222222,0.4383711467890774,0.898794046299167,32.7,27.412844036697248,12.18,3577.1290322580644,0.9032258064516129,0.0,6506.0,6506.0,0.999747563537356,0.00025243646264391133,0.0,0.0,0.0,0.0,1,여수,10,3,2025,autumn,0,253.356090624,930.6310062240001,1808.7583173119997,1872.8106909120002,341.204917392,227.124009792
2025-10-17,328.11037761599994,1791.2804649119998,347.07015072,2.0,6878.4838709677415,82.9953309290776,37.00076179578208,20.6,79.0,4.666666666666667,6.055555555555555,0.9205048534524404,0.3907311284892737,11.2,16.928571428571427,12.91,3577.1290322580644,0.9032258064516129,0.0,6167.0,6167.0,0.999747563537356,0.00025243646264391133,0.0,0.0,0.0,0.0,1,여수,10,4,2025,autumn,0,228.54773952000002,967.19418,1919.8010119680005,1860.6517740000002,359.415945792,205.88787
2025-10-18,238.66140671999997,1778.5304064000002,373.70997504,2.0,6878.4838709677415,82.9953309290776,37.00076179578208,20.6,88.0,3.1666666666666665,5.416666666666667,-0.4694715627858908,0.882947592858927,1.5,27.789473684210527,6.35,3577.1290322580644,0.9032258064516129,0.0,5962.0,5962.0,0.999747563537356,0.00025243646264391133,0.0,0.0,0.0,0.0,1,여수,10,5,2025,autumn,0,328.11037761599994,1003.375145232,1791.2804649119998,1915.9828240320003,347.07015072,188.44115313599997
2025-10-19,517.7821708800001,1399.4501451840001,333.48763512000005,2.0,6878.4838709677415,82.9953309290776,37.00076179578208,18.7,80.0,4.055555555555555,5.666666666666666,0.5299192642332049,0.848048096156426,0.0,19.726027397260275,6.32,3577.1290322580644,0.9032258064516129,0.0,5831.0,5831.0,0.999747563537356,0.00025243646264391133,0.0,0.0,0.0,0.0,1,여수,10,6,2025,autumn,0,238.66140671999997,744.63832944,1778.5304064000002,1805.8872204,373.70997504,368.21335680000004
2025-10-20,876.938733504,1622.1699385920003,371.50804526400003,2.0,6878.4838709677415,82.9953309290776,37.00076179578208,16.4,69.0,3.7222222222222223,4.472222222222222,0.1908089953765448,0.981627183447664,0.0,18.53731343283582,16.0,3577.1290322580644,0.9032258064516129,0.0,6711.0,6711.0,0.999747563537356,0.00025243646264391133,0.0,0.0,0.0,0.0,1,여수,10,0,2025,autumn,0,517.7821708800001,603.639036,1399.4501451840001,2179.372104,333.48763512000005,383.855258592
2025-10-21,1044.1509930720001,1663.36713,409.52614291200007,2.0,6878.4838709677415,82.9953309290776,37.00076179578208,15.3,77.0,4.333333333333333,5.555555555555555,0.3907311284892737,0.9205048534524404,0.0,17.76923076923077,3.56,3577.1290322580644,0.9032258064516129,0.0,6679.0,6679.0,0.999747563537356,0.00025243646264391133,0.0,0.0,0.0,0.0,1,여수,10,1,2025,autumn,0,876.938733504,978.7869743040001,1622.1699385920003,1819.093019616,371.50804526400003,332.93915856
2025-10-22,1204.278545808,1639.3784472000002,356.266245744,2.0,6878.4838709677415,82.9953309290776,37.00076179578208,16.7,73.0,5.583333333333334,7.0,0.6156614753256583,0.7880107536067219,0.0,13.07462686567164,13.91,3577.1290322580644,0.9032258064516129,0.0,6847.0,6847.0,0.999747563537356,0.00025243646264391133,0.0,0.0,0.0,0.0,1,여수,10,2,2025,autumn,0,1044.1509930720001,253.356090624,1663.36713,1808.7583173119997,409.52614291200007,341.204917392
2025-10-23,1243.4824162080001,1627.3363311360001,188.94804681600004,2.0,6878.4838709677415,82.9953309290776,37.00076179578208,17.5,72.0,4.333333333333333,6.083333333333333,0.6156614753256583,0.7880107536067219,0.0,16.615384615384617,14.54,3577.1290322580644,0.9032258064516129,0.0,6703.0,6703.0,0.999747563537356,0.00025243646264391133,0.0,0.0,0.0,0.0,1,여수,10,3,2025,autumn,0,1204.278545808,228.54773952000002,1639.3784472000002,1919.8010119680005,356.266245744,359.415945792
2025-10-24,1233.2653931519997,1430.063062272,173.01795076799996,2.0,6878.4838709677415,82.9953309290776,37.00076179578208,17.1,75.0,4.138888888888889,5.555555555555555,0.6427876096865393,0.766044443118978,0.0,18.120805369127517,15.49,3577.1290322580644,0.9032258064516129,0.0,6427.0,6427.0,0.999747563537356,0.00025243646264391133,0.0,0.0,0.0,0.0,1,여수,10,4,2025,autumn,0,1243.4824162080001,328.11037761599994,1627.3363311360001,1791.2804649119998,188.94804681600004,347.07015072
2025-10-25,1538.30479104,1470.4384032,180.97703424000002,2.0,6878.4838709677415,82.9953309290776,37.00076179578208,17.5,72.0,2.9166666666666665,4.166666666666667,-0.0871557427476583,0.9961946980917455,0.0,24.685714285714287,14.41,3577.1290322580644,0.9032258064516129,0.0,7078.0,7078.0,0.999747563537356,0.00025243646264391133,0.0,0.0,0.0,0.0,1,여수,10,5,2025,autumn,0,1233.2653931519997,238.66140671999997,1430.063062272,1778.5304064000002,173.01795076799996,373.70997504
2025-10-26,1592.5984130880004,1539.8765418240005,196.961736096,2.0,6878.4838709677415,82.9953309290776,37.00076179578208,15.7,67.0,3.5833333333333335,6.499999999999999,-0.5877852522924734,0.8090169943749473,0.3,18.69767441860465,12.03,3577.1290322580644,0.9032258064516129,0.0,7440.0,7440.0,0.999747563537356,0.00025243646264391133,0.0,0.0,0.0,0.0,1,여수,10,6,2025,autumn,0,1538.30479104,517.7821708800001,1470.4384032,1399.4501451840001,180.97703424000002,333.48763512000005
2025-10-27,1229.8460831999998,1152.08064,162.79055193599999,2.0,6878.4838709677415,82.9953309290776,37.00076179578208,11.8,58.0,5.166666666666667,7.194444444444444,-0.6560590289905074,0.7547095802227719,0.0,11.225806451612902,15.99,3577.1290322580644,0.9032258064516129,0.0,6569.0,6569.0,0.999747563537356,0.00025243646264391133,0.0,0.0,0.0,0.0,1,여수,10,0,2025,autumn,0,1592.5984130880004,876.938733504,1539.8765418240005,1622.1699385920003,196.961736096,371.50804526400003
2025-10-28,1629.205710192,1794.8400644160001,219.91001832,2.0,6878.4838709677415,82.9953309290776,37.00076179578208,10.6,53.0,2.1666666666666665,4.222222222222222,-0.2249510543438653,0.9743700647852352,0.0,24.461538461538463,15.63,3577.1290322580644,0.9032258064516129,0.0,7366.0,7366.0,0.999747563537356,0.00025243646264391133,0.0,0.0,0.0,0.0,1,여수,10,1,2025,autumn,0,1229.8460831999998,1044.1509930720001,1152.08064,1663.36713,162.79055193599999,409.52614291200007
2025-10-29,1722.560142096,1752.812661888,221.85181180799998,2.0,6878.4838709677415,82.9953309290776,37.00076179578208,11.7,60.0,3.5277777777777777,5.583333333333334,0.6156614753256583,0.7880107536067219,0.0,17.007874015748033,15.39,3577.1290322580644,0.9032258064516129,0.0,7193.0,7193.0,0.999747563537356,0.00025243646264391133,0.0,0.0,0.0,0.0,1,여수,10,2,2025,autumn,0,1629.205710192,1204.278545808,1794.8400644160001,1639.3784472000002,219.91001832,356.266245744
2025-10-30,1887.281767728,1797.1877599199995,225.23501951999998,2.0,6878.4838709677415,82.9953309290776,37.00076179578208,13.6,63.0,2.888888888888889,3.8055555555555554,0.5446390350150271,0.838670567945424,0.0,21.807692307692307,11.04,3577.1290322580644,0.9032258064516129,0.0,7359.0,7359.0,0.999747563537356,0.00025243646264391133,0.0,0.0,0.0,0.0,1,여수,10,3,2025,autumn,0,1722.560142096,1243.4824162080001,1752.812661888,1627.3363311360001,221.85181180799998,188.94804681600004
2025-10-31,1808.3789269919998,1780.5148449120002,201.551210208,2.0,6878.4838709677415,82.9953309290776,37.00076179578208,14.9,58.0,2.75,4.444444444444445,0.374606593415912,0.9271838545667874,0.4,21.09090909090909,14.26,3577.1290322580644,0.9032258064516129,0.0,7147.0,7147.0,0.999747563537356,0.00025243646264391133,0.0,0.0,0.0,0.0,1,여수,10,4,2025,autumn,0,1887.281767728,1233.2653931519997,1797.1877599199995,1430.063062272,225.23501951999998,173.01795076799996
2025-11-01,1037.9355148799998,1882.971693504,193.44191068799995,2.0,8839.5,60.39057703112921,38.00962015196938,14.8,65.0,5.305555555555556,7.333333333333333,-0.9205048534524404,0.3907311284892735,0.0,12.251308900523558,13.46,4571.2,27.7,0.0,7315.0,7315.0,0.9939768205440431,0.00602317945595686,0.0,0.0,0.0,0.0,1,여수,11,5,2025,autumn,0,1808.3789269919998,1538.30479104,1780.5148449120002,1470.4384032,201.551210208,180.97703424000002
2025-11-02,415.3163868000001,1982.9015460000003,215.943828192,2.0,8839.5,60.39057703112921,38.00962015196938,13.1,57.0,5.416666666666667,8.194444444444445,-0.8829475928589271,0.4694715627858904,0.0,10.523076923076925,14.12,4571.2,27.7,0.0,7012.0,7012.0,0.9939768205440431,0.00602317945595686,0.0,0.0,0.0,0.0,1,여수,11,6,2025,autumn,0,1037.9355148799998,1592.5984130880004,1882.971693504,1539.8765418240005,193.44191068799995,196.961736096
2025-11-03,372.098448,1586.7931593600001,169.59345983999998,2.0,8839.5,60.39057703112921,38.00962015196938,10.1,56.0,3.222222222222222,6.361111111111111,0.1218693434051474,0.992546151641322,0.0,17.379310344827587,14.28,4571.2,27.7,0.0,6678.0,6678.0,0.9939768205440431,0.00602317945595686,0.0,0.0,0.0,0.0,1,여수,11,0,2025,autumn,0,415.3163868000001,1229.8460831999998,1982.9015460000003,1152.08064,215.943828192,162.79055193599999
2025-11-04,283.274140896,1857.343851648,197.61048316799997,2.0,8839.5,60.39057703112921,38.00962015196938,14.0,65.0,2.4722222222222223,4.083333333333333,0.7071067811865475,0.7071067811865476,0.0,26.29213483146067,12.85,4571.2,27.7,0.0,7090.0,7090.0,0.9939768205440431,0.00602317945595686,0.0,0.0,0.0,0.0,1,여수,11,1,2025,autumn,0,372.098448,1629.205710192,1586.7931593600001,1794.8400644160001,169.59345983999998,219.91001832
2025-11-05,469.8431321759999,1750.234357872,182.258836848,2.0,8839.5,60.39057703112921,38.00962015196938,14.3,67.0,2.6666666666666665,3.861111111111111,0.6018150231520483,0.7986355100472928,0.0,25.125,13.63,4571.2,27.7,0.0,7346.0,7346.0,0.9939768205440431,0.00602317945595686,0.0,0.0,0.0,0.0,1,여수,11,2,2025,autumn,0,283.274140896,1722.560142096,1857.343851648,1752.812661888,197.61048316799997,221.85181180799998
2025-11-06,277.171610256,1692.354985488,189.19563839999998,2.0,8839.5,60.39057703112921,38.00962015196938,14.9,64.0,2.5,3.5,0.5877852522924731,0.8090169943749475,0.0,25.6,13.9,4571.2,27.7,0.0,7250.0,7250.0,0.9939768205440431,0.00602317945595686,0.0,0.0,0.0,0.0,1,여수,11,3,2025,autumn,0,469.8431321759999,1887.281767728,1750.234357872,1797.1877599199995,182.258836848,225.23501951999998
2025-11-07,462.180397536,1912.5066676320002,196.583517504,2.0,8839.5,60.39057703112921,38.00962015196938,15.8,69.0,3.0,3.861111111111111,0.8910065241883679,0.4539904997395468,0.0,23.0,13.69,4571.2,27.7,0.0,7380.0,7380.0,0.9939768205440431,0.00602317945595686,0.0,0.0,0.0,0.0,1,여수,11,4,2025,autumn,0,277.171610256,1808.3789269919998,1692.354985488,1780.5148449120002,189.19563839999998,201.551210208
2025-11-08,578.687172624,1562.2105055040001,156.344957424,2.0,8839.5,60.39057703112921,38.00962015196938,15.1,74.0,4.333333333333333,5.916666666666667,0.766044443118978,0.6427876096865394,9.1,17.076923076923077,6.26,4571.2,27.7,0.0,6904.0,6904.0,0.9939768205440431,0.00602317945595686,0.0,0.0,0.0,0.0,1,여수,11,5,2025,autumn,0,462.180397536,1037.9355148799998,1912.5066676320002,1882.971693504,196.583517504,193.44191068799995
2025-11-09,862.865030592,1679.8145525280001,166.568721264,2.0,8839.5,60.39057703112921,38.00962015196938,15.2,72.0,4.055555555555555,5.916666666666667,-0.4694715627858908,0.882947592858927,8.4,17.753424657534246,13.16,4571.2,27.7,0.0,7204.0,7204.0,0.9939768205440431,0.00602317945595686,0.0,0.0,0.0,0.0,1,여수,11,6,2025,autumn,0,578.687172624,415.3163868000001,1562.2105055040001,1982.9015460000003,156.344957424,215.943828192
2025-11-10,772.81110288,1497.0275927999999,159.10816823999997,2.0,8839.5,60.39057703112921,38.00962015196938,11.7,51.0,4.305555555555555,5.611111111111111,-0.7660444431189781,0.6427876096865393,0.0,11.84516129032258,13.82,4571.2,27.7,0.0,7096.0,7096.0,0.9939768205440431,0.00602317945595686,0.0,0.0,0.0,0.0,1,여수,11,0,2025,autumn,0,862.865030592,372.098448,1679.8145525280001,1586.7931593600001,166.568721264,169.59345983999998
2025-11-11,597.8265053759999,1296.425587968,141.62632473600002,2.0,8839.5,60.39057703112921,38.00962015196938,10.3,53.0,2.3333333333333335,3.0,0.2923717047227367,0.9563047559630354,0.0,22.71428571428571,13.24,4571.2,27.7,0.0,7300.0,7300.0,0.9939768205440431,0.00602317945595686,0.0,0.0,0.0,0.0,1,여수,11,1,2025,autumn,0,772.81110288,283.274140896,1497.0275927999999,1857.343851648,159.10816823999997,197.61048316799997
2025-11-12,953.7279935040001,1369.4126022720002,165.938613984,2.0,8839.5,60.39057703112921,38.00962015196938,11.9,59.0,2.972222222222222,4.333333333333333,0.484809620246337,0.8746197071393957,0.0,19.850467289719628,8.0,4571.2,27.7,0.0,7584.0,7584.0,0.9939768205440431,0.00602317945595686,0.0,0.0,0.0,0.0,1,여수,11,2,2025,autumn,0,597.8265053759999,469.8431321759999,1296.425587968,1750.234357872,141.62632473600002,182.258836848
2025-11-13,1134.644148,1572.823088064,169.165841472,2.0,8839.5,60.39057703112921,38.00962015196938,12.5,62.0,2.3333333333333335,4.416666666666667,-0.7431448254773946,0.6691306063588578,0.0,26.57142857142857,12.28,4571.2,27.7,0.0,7200.0,7200.0,0.9939768205440431,0.00602317945595686,0.0,0.0,0.0,0.0,1,여수,11,3,2025,autumn,0,953.7279935040001,277.171610256,1369.4126022720002,1692.354985488,165.938613984,189.19563839999998
2025-11-14,1118.540102976,1730.6374118399997,421.93367078399996,2.0,8839.5,60.39057703112921,38.00962015196938,11.1,63.0,2.6666666666666665,5.333333333333333,-0.6691306063588581,0.7431448254773944,0.0,23.625,13.24,4571.2,27.7,0.0,7335.0,7335.0,0.9939768205440431,0.00602317945595686,0.0,0.0,0.0,0.0,1,여수,11,4,2025,autumn,0,1134.644148,462.180397536,1572.823088064,1912.5066676320002,169.165841472,196.583517504
2025-11-15,829.7449257600001,1830.780072,596.2940323199999,2.0,8839.5,60.39057703112921,38.00962015196938,10.2,66.0,1.611111111111111,3.222222222222222,0.4383711467890774,0.898794046299167,0.0,40.96551724137932,13.2,4571.2,27.7,0.0,7409.0,7409.0,0.9939768205440431,0.00602317945595686,0.0,0.0,0.0,0.0,1,여수,11,5,2025,autumn,0,1118.540102976,578.687172624,1730.6374118399997,1562.2105055040001,421.93367078399996,156.344957424
2025-11-16,1075.418746848,2608.941320928,328.580343072,2.0,8839.5,60.39057703112921,38.00962015196938,12.1,75.0,1.9166666666666667,3.0555555555555554,-0.7547095802227722,0.656059028990507,0.0,39.130434782608695,11.99,4571.2,27.7,0.0,12403.0,12403.0,0.9939768205440431,0.00602317945595686,0.0,0.0,0.0,0.0,1,여수,11,6,2025,autumn,0,829.7449257600001,862.865030592,1830.780072,1679.8145525280001,596.2940323199999,166.568721264
2025-11-17,1356.731373888,2704.684276512,306.967645872,2.0,8839.5,60.39057703112921,38.00962015196938,9.3,55.0,5.861111111111112,7.749999999999999,-0.7431448254773946,0.6691306063588578,0.0,9.38388625592417,7.85,4571.2,27.7,0.0,12011.0,12011.0,0.9939768205440431,0.00602317945595686,0.0,0.0,0.0,0.0,1,여수,11,0,2025,autumn,0,1075.418746848,772.81110288,2608.941320928,1497.0275927999999,328.580343072,159.10816823999997
2025-11-18,1411.0452754560001,2642.914285344,290.58477019199995,2.0,8839.5,60.39057703112921,38.00962015196938,6.0,53.0,4.861111111111111,7.055555555555555,-0.6691306063588581,0.7431448254773944,0.0,10.902857142857144,12.13,4571.2,27.7,0.0,12086.0,12086.0,0.9939768205440431,0.00602317945595686,0.0,0.0,0.0,0.0,1,여수,11,1,2025,autumn,0,1356.731373888,597.8265053759999,2704.684276512,1296.425587968,306.967645872,141.62632473600002
2025-11-19,1162.366958592,2209.398676416,3446.4009807359994,2.0,8839.5,60.39057703112921,38.00962015196938,6.2,60.0,3.1111111111111107,4.611111111111112,-0.6819983600624984,0.7313537016191707,0.0,19.28571428571429,11.16,4571.2,27.7,0.0,7659.0,7659.0,0.9939768205440431,0.00602317945595686,0.0,0.0,0.0,0.0,1,여수,11,2,2025,autumn,0,1411.0452754560001,953.7279935040001,2642.914285344,1369.4126022720002,290.58477019199995,165.938613984
2025-11-20,796.792579344,2039.6951310240001,1887.1485252480002,2.0,8839.5,60.39057703112921,38.00962015196938,9.6,61.0,4.694444444444444,6.861111111111111,-0.9335804264972016,0.3583679495453004,0.0,12.994082840236688,11.33,4571.2,27.7,0.0,8722.0,8722.0,0.9939768205440431,0.00602317945595686,0.0,0.0,0.0,0.0,1,여수,11,3,2025,autumn,0,1162.366958592,1134.644148,2209.398676416,1572.823088064,3446.4009807359994,169.165841472
2025-11-21,264.160285776,2587.0970747520005,295.22883427200003,2.0,8839.5,60.39057703112921,38.00962015196938,9.8,58.0,4.388888888888889,5.138888888888888,-0.8191520442889918,0.573576436351046,0.0,13.21518987341772,12.36,4571.2,27.7,0.0,12874.0,12874.0,0.9939768205440431,0.00602317945595686,0.0,0.0,0.0,0.0,1,여수,11,4,2025,autumn,0,796.792579344,1118.540102976,2039.6951310240001,1730.6374118399997,1887.1485252480002,421.93367078399996
2025-11-22,539.510397696,2065.9598909280003,2260.057944672,2.0,8839.5,60.39057703112921,38.00962015196938,8.9,61.0,2.111111111111111,3.555555555555556,-0.8386705679454243,0.5446390350150266,0.0,28.894736842105264,12.15,4571.2,27.7,0.0,8354.0,8354.0,0.9939768205440431,0.00602317945595686,0.0,0.0,0.0,0.0,1,여수,11,5,2025,autumn,0,264.160285776,829.7449257600001,2587.0970747520005,1830.780072,295.22883427200003,596.2940323199999
2025-11-23,25.292614752000006,1129.8396548160001,222.20008646400004,2.0,8839.5,60.39057703112921,38.00962015196938,9.7,72.0,2.25,3.9722222222222223,-0.9876883405951375,-0.156434465040231,0.0,32.0,11.82,4571.2,27.7,0.0,5955.0,5955.0,0.9939768205440431,0.00602317945595686,0.0,0.0,0.0,0.0,1,여수,11,6,2025,autumn,0,539.510397696,1075.418746848,2065.9598909280003,2608.941320928,2260.057944672,328.580343072
2025-11-24,235.405453824,1562.763348,341.95152326399995,2.0,8839.5,60.39057703112921,38.00962015196938,13.0,74.0,1.777777777777778,4.25,-0.7431448254773944,-0.6691306063588581,0.0,41.625,10.79,4571.2,27.7,0.0,9844.0,9844.0,0.9939768205440431,0.00602317945595686,0.0,0.0,0.0,0.0,1,여수,11,0,2025,autumn,0,25.292614752000006,1356.731373888,1129.8396548160001,2704.684276512,222.20008646400004,306.967645872
2025-11-25,569.320457472,2444.40485856,295.618184496,2.0,8839.5,60.39057703112921,38.00962015196938,10.0,69.0,5.583333333333334,9.222222222222223,-0.9135454576426012,0.4067366430757997,0.8,12.35820895522388,10.52,4571.2,27.7,0.0,12966.0,12966.0,0.9939768205440431,0.00602317945595686,0.0,0.0,0.0,0.0,1,여수,11,1,2025,autumn,0,235.405453824,1411.0452754560001,1562.763348,2642.914285344,341.95152326399995,290.58477019199995
2025-11-26,866.4535297439999,3268.9839924,318.066725664,2.0,8839.5,60.39057703112921,38.00962015196938,8.5,62.0,2.4166666666666665,4.833333333333333,-0.9063077870366498,0.4226182617406996,0.0,25.655172413793107,11.91,4571.2,27.7,0.0,13141.0,13141.0,0.9939768205440431,0.00602317945595686,0.0,0.0,0.0,0.0,1,여수,11,2,2025,autumn,0,569.320457472,1162.366958592,2444.40485856,2209.398676416,295.618184496,3446.4009807359994
2025-11-27,903.59196192,3588.3533911680006,312.91358457599995,2.0,8839.5,60.39057703112921,38.00962015196938,8.8,69.0,5.249999999999999,9.444444444444445,-0.9781476007338056,0.2079116908177594,4.2,13.142857142857146,9.76,4571.2,27.7,0.0,13702.0,13702.0,0.9939768205440431,0.00602317945595686,0.0,0.0,0.0,0.0,1,여수,11,3,2025,autumn,0,866.4535297439999,796.792579344,3268.9839924,2039.6951310240001,318.066725664,1887.1485252480002
2025-11-28,866.278164816,2886.5308874400002,266.04612129599997,2.0,8839.5,60.39057703112921,38.00962015196938,6.9,53.0,4.111111111111112,6.472222222222222,-0.7771459614569708,0.6293203910498375,0.0,12.891891891891891,11.57,4571.2,27.7,0.0,12238.0,12238.0,0.9939768205440431,0.00602317945595686,0.0,0.0,0.0,0.0,1,여수,11,4,2025,autumn,0,903.59196192,264.160285776,3588.3533911680006,2587.0970747520005,312.91358457599995,295.22883427200003
2025-11-29,864.2983178879999,2101.6238119199998,7519.290737184,2.0,8839.5,60.39057703112921,38.00962015196938,7.8,74.0,1.8611111111111112,3.222222222222222,-0.275637355816999,-0.9612616959383188,0.0,39.76119402985074,11.49,4571.2,27.7,0.0,9227.0,9227.0,0.9939768205440431,0.00602317945595686,0.0,0.0,0.0,0.0,1,여수,11,5,2025,autumn,0,866.278164816,539.510397696,2886.5308874400002,2065.9598909280003,266.04612129599997,2260.057944672
2025-11-30,303.636110112,1326.838526928,149.270332032,2.0,8839.5,60.39057703112921,38.00962015196938,12.3,82.0,2.25,4.888888888888889,-0.8386705679454242,-0.544639035015027,0.0,36.44444444444444,10.31,4571.2,27.7,0.0,5900.0,5900.0,0.9939768205440431,0.00602317945595686,0.0,0.0,0.0,0.0,1,여수,11,6,2025,autumn,0,864.2983178879999,25.292614752000006,2101.6238119199998,1129.8396548160001,7519.290737184,222.20008646400004
2025-12-01,302.53265827200005,1353.995335872,136.20781641600001,2.0,7371.5161290322585,59.058335134803976,35.43827422029871,11.0,57.0,3.9722222222222223,5.555555555555555,-0.8660254037844386,0.5000000000000001,0.0,14.34965034965035,10.34,3672.6774193548385,50.74193548387097,0.0,6054.0,6054.0,0.9863722211633428,0.013627778836657254,0.0,0.0,0.0,0.0,1,여수,12,0,2025,winter,1,303.636110112,235.405453824,1326.838526928,1562.763348,149.270332032,341.95152326399995
2025-12-02,349.76797934399997,1414.558023264,270.798576768,2.0,7371.5161290322585,59.058335134803976,35.43827422029871,7.1,40.0,3.8055555555555554,6.583333333333333,-0.5150380749100545,0.8571673007021121,0.0,10.51094890510949,11.14,3672.6774193548385,50.74193548387097,0.0,6283.0,6283.0,0.9863722211633428,0.013627778836657254,0.0,0.0,0.0,0.0,1,여수,12,1,2025,winter,1,302.53265827200005,569.320457472,1353.995335872,2444.40485856,136.20781641600001,295.618184496
2025-12-03,885.6376836479998,2584.3905455039994,409.767605856,2.0,7371.5161290322585,59.058335134803976,35.43827422029871,1.8,49.0,5.305555555555556,8.055555555555555,-0.7547095802227722,0.656059028990507,0.0,9.235602094240836,11.56,3672.6774193548385,50.74193548387097,0.0,10069.0,10069.0,0.9863722211633428,0.013627778836657254,0.0,0.0,0.0,0.0,1,여수,12,2,2025,winter,1,349.76797934399997,866.4535297439999,1414.558023264,3268.9839924,270.798576768,318.066725664
2025-12-04,1841.4783156960002,2140.994781216,1576.5982922879998,2.0,7371.5161290322585,59.058335134803976,35.43827422029871,2.3,57.0,3.638888888888889,6.416666666666667,-0.9063077870366498,0.4226182617406996,0.0,15.66412213740458,10.31,3672.6774193548385,50.74193548387097,0.0,11119.0,11119.0,0.9863722211633428,0.013627778836657254,0.0,0.0,0.0,0.0,1,여수,12,3,2025,winter,1,885.6376836479998,903.59196192,2584.3905455039994,3588.3533911680006,409.767605856,312.91358457599995
2025-12-05,1421.1907107840002,2546.594541216,328.26743798399997,2.0,7371.5161290322585,59.058335134803976,35.43827422029871,2.8,47.0,4.666666666666667,6.361111111111111,-0.7313537016191703,0.6819983600624987,0.0,10.071428571428571,11.83,3672.6774193548385,50.74193548387097,0.0,11963.0,11963.0,0.9863722211633428,0.013627778836657254,0.0,0.0,0.0,0.0,1,여수,12,4,2025,winter,1,1841.4783156960002,866.278164816,2140.994781216,2886.5308874400002,1576.5982922879998,266.04612129599997
2025-12-06,1609.519763664,2970.6182964,4869.8074654560005,2.0,7371.5161290322585,59.058335134803976,35.43827422029871,3.0,63.0,1.972222222222222,3.638888888888889,-0.9961946980917455,-0.0871557427476582,0.0,31.943661971830988,11.25,3672.6774193548385,50.74193548387097,0.0,7673.0,7673.0,0.9863722211633428,0.013627778836657254,0.0,0.0,0.0,0.0,1,여수,12,5,2025,winter,1,1421.1907107840002,864.2983178879999,2546.594541216,2101.6238119199998,328.26743798399997,7519.290737184
2025-12-07,517.41850464,1581.6466811519997,151.40783116799997,2.0,7371.5161290322585,59.058335134803976,35.43827422029871,9.4,78.0,3.194444444444444,5.277777777777778,-0.9455185755993168,-0.3255681544571566,0.0,24.417391304347827,10.29,3672.6774193548385,50.74193548387097,0.0,6528.0,6528.0,0.9863722211633428,0.013627778836657254,0.0,0.0,0.0,0.0,1,여수,12,6,2025,winter,1,1609.519763664,303.636110112,2970.6182964,1326.838526928,4869.8074654560005,149.270332032
2025-12-08,543.2865131519999,1419.3899308799998,131.488727904,2.0,7371.5161290322585,59.058335134803976,35.43827422029871,8.3,42.0,4.777777777777778,5.916666666666667,-0.7547095802227722,0.656059028990507,0.0,8.790697674418604,10.41,3672.6774193548385,50.74193548387097,0.0,5974.0,5974.0,0.9863722211633428,0.013627778836657254,0.0,0.0,0.0,0.0,1,여수,12,0,2025,winter,1,517.41850464,302.53265827200005,1581.6466811519997,1353.995335872,151.40783116799997,136.20781641600001
2025-12-09,621.907535952,1593.69296112,139.099186368,2.0,7371.5161290322585,59.058335134803976,35.43827422029871,4.5,44.0,2.305555555555556,4.944444444444445,-0.529919264233205,0.8480480961564258,0.0,19.08433734939759,11.43,3672.6774193548385,50.74193548387097,0.0,6687.0,6687.0,0.9863722211633428,0.013627778836657254,0.0,0.0,0.0,0.0,1,여수,12,1,2025,winter,1,543.2865131519999,349.76797934399997,1419.3899308799998,1414.558023264,131.488727904,270.798576768
2025-12-10,568.6141677119999,1503.524325168,403.6917915359999,2.0,7371.5161290322585,59.058335134803976,35.43827422029871,6.1,62.0,1.25,2.2777777777777777,0.9993908270190958,-0.0348994967025009,0.0,49.6,10.55,3672.6774193548385,50.74193548387097,0.0,6412.0,6412.0,0.9863722211633428,0.013627778836657254,0.0,0.0,0.0,0.0,1,여수,12,2,2025,winter,1,621.907535952,885.6376836479998,1593.69296112,2584.3905455039994,139.099186368,409.767605856
2025-12-11,815.056219584,2162.3740352639998,411.18636384,2.0,7371.5161290322585,59.058335134803976,35.43827422029871,10.2,71.0,3.75,7.111111111111112,-0.7880107536067218,0.6156614753256585,5.8,18.933333333333337,9.06,3672.6774193548385,50.74193548387097,0.0,9752.0,9752.0,0.9863722211633428,0.013627778836657254,0.0,0.0,0.0,0.0,1,여수,12,3,2025,winter,1,568.6141677119999,1841.4783156960002,1503.524325168,2140.994781216,403.6917915359999,1576.5982922879998
2025-12-12,635.034685248,1575.11875464,174.76786526399997,2.0,7371.5161290322585,59.058335134803976,35.43827422029871,6.0,60.0,4.805555555555555,6.444444444444444,0.766044443118978,0.6427876096865394,0.0,12.485549132947977,10.85,3672.6774193548385,50.74193548387097,0.0,6454.0,6454.0,0.9863722211633428,0.013627778836657254,0.0,0.0,0.0,0.0,1,여수,12,4,2025,winter,1,815.056219584,1421.1907107840002,2162.3740352639998,2546.594541216,411.18636384,328.26743798399997
2025-12-13,427.80224347200004,1654.6001872320003,1025.2231244640002,2.0,7371.5161290322585,59.058335134803976,35.43827422029871,6.4,78.0,4.722222222222222,7.277777777777778,0.3583679495453002,0.9335804264972016,8.7,16.517647058823528,4.39,3672.6774193548385,50.74193548387097,0.0,7117.0,7117.0,0.9863722211633428,0.013627778836657254,0.0,0.0,0.0,0.0,1,여수,12,5,2025,winter,1,635.034685248,1609.519763664,1575.11875464,2970.6182964,174.76786526399997,4869.8074654560005
2025-12-14,526.2937165440001,1454.660606736,213.477841728,2.0,7371.5161290322585,59.058335134803976,35.43827422029871,4.3,68.0,5.583333333333334,8.75,-0.8191520442889918,0.573576436351046,0.0,12.179104477611938,9.2,3672.6774193548385,50.74193548387097,0.0,5174.0,5174.0,0.9863722211633428,0.013627778836657254,0.0,0.0,0.0,0.0,1,여수,12,6,2025,winter,1,427.80224347200004,517.41850464,1654.6001872320003,1581.6466811519997,1025.2231244640002,151.40783116799997
2025-12-15,773.367852384,1656.066156768,256.34188584000003,2.0,7371.5161290322585,59.058335134803976,35.43827422029871,5.0,66.0,3.0277777777777777,4.25,-0.898794046299167,0.4383711467890774,0.0,21.79816513761468,10.74,3672.6774193548385,50.74193548387097,0.0,6078.0,6078.0,0.9863722211633428,0.013627778836657254,0.0,0.0,0.0,0.0,1,여수,12,0,2025,winter,1,526.2937165440001,543.2865131519999,1454.660606736,1419.3899308799998,213.477841728,131.488727904
2025-12-16,1072.448770896,2329.288214544,381.800307888,2.0,7371.5161290322585,59.058335134803976,35.43827422029871,6.2,79.0,1.6388888888888888,2.5,0.9743700647852352,0.2249510543438649,0.0,48.20338983050848,9.79,3672.6774193548385,50.74193548387097,0.0,10245.0,10245.0,0.9863722211633428,0.013627778836657254,0.0,0.0,0.0,0.0,1,여수,12,1,2025,winter,1,773.367852384,621.907535952,1656.066156768,1593.69296112,256.34188584000003,139.099186368
2025-12-17,1845.4176940319999,3415.8242970720003,342.073726416,2.0,7371.5161290322585,59.058335134803976,35.43827422029871,7.4,70.0,4.0,6.777777777777777,-0.6819983600624984,0.7313537016191707,0.1,17.5,10.8,3672.6774193548385,50.74193548387097,0.0,12511.0,12511.0,0.9863722211633428,0.013627778836657254,0.0,0.0,0.0,0.0,1,여수,12,2,2025,winter,1,1072.448770896,568.6141677119999,2329.288214544,1503.524325168,381.800307888,403.6917915359999
2025-12-18,1096.4190841920001,1879.776028224,186.5314368,2.0,7371.5161290322585,59.058335134803976,35.43827422029871,4.7,64.0,1.4166666666666663,3.222222222222222,-0.4383711467890778,0.8987940462991668,0.0,45.1764705882353,11.17,3672.6774193548385,50.74193548387097,0.0,6370.0,6370.0,0.9863722211633428,0.013627778836657254,0.0,0.0,0.0,0.0,1,여수,12,3,2025,winter,1,1845.4176940319999,815.056219584,3415.8242970720003,2162.3740352639998,342.073726416,411.18636384
2025-12-19,1045.7280509759998,1789.3699578719998,139.33960992,2.0,7371.5161290322585,59.058335134803976,35.43827422029871,7.8,78.0,1.5,2.861111111111111,0.6819983600624985,0.7313537016191705,0.0,52.0,7.99,3672.6774193548385,50.74193548387097,0.0,6538.0,6538.0,0.9863722211633428,0.013627778836657254,0.0,0.0,0.0,0.0,1,여수,12,4,2025,winter,1,1096.4190841920001,635.034685248,1879.776028224,1575.11875464,186.5314368,174.76786526399997
2025-12-20,704.094526944,1338.6166848,112.172197536,2.0,7371.5161290322585,59.058335134803976,35.43827422029871,10.5,90.0,2.1666666666666665,6.138888888888889,-0.9063077870366498,0.4226182617406996,1.8,41.53846153846154,7.71,3672.6774193548385,50.74193548387097,0.0,5482.0,5482.0,0.9863722211633428,0.013627778836657254,0.0,0.0,0.0,0.0,1,여수,12,5,2025,winter,1,1045.7280509759998,427.80224347200004,1789.3699578719998,1654.6001872320003,139.33960992,1025.2231244640002
2025-12-21,785.126369808,1393.091980704,395.36173065599996,2.0,7371.5161290322585,59.058335134803976,35.43827422029871,4.1,43.0,5.111111111111111,7.194444444444444,-0.7071067811865477,0.7071067811865474,0.0,8.413043478260871,6.51,3672.6774193548385,50.74193548387097,0.0,5572.0,5572.0,0.9863722211633428,0.013627778836657254,0.0,0.0,0.0,0.0,1,여수,12,6,2025,winter,1,704.094526944,526.2937165440001,1338.6166848,1454.660606736,112.172197536,213.477841728
2025-12-22,1118.74823208,2250.88990128,375.04194984,2.0,7371.5161290322585,59.058335134803976,35.43827422029871,3.0,54.0,3.2777777777777777,4.361111111111111,0.5446390350150271,0.838670567945424,0.0,16.47457627118644,11.08,3672.6774193548385,50.74193548387097,0.0,10485.0,10485.0,0.9863722211633428,0.013627778836657254,0.0,0.0,0.0,0.0,1,여수,12,0,2025,winter,1,785.126369808,773.367852384,1393.091980704,1656.066156768,395.36173065599996,256.34188584000003
2025-12-23,1526.514252192,2790.8004984480003,321.347129472,2.0,7371.5161290322585,59.058335134803976,35.43827422029871,7.6,71.0,2.861111111111111,4.277777777777778,0.766044443118978,0.6427876096865394,1.3,24.81553398058252,7.87,3672.6774193548385,50.74193548387097,0.0,11822.0,11822.0,0.9863722211633428,0.013627778836657254,0.0,0.0,0.0,0.0,1,여수,12,1,2025,winter,1,1118.74823208,1072.448770896,2250.88990128,2329.288214544,375.04194984,381.800307888
2025-12-24,671.032296864,1684.258135632,233.32836311999998,2.0,7371.5161290322585,59.058335134803976,35.43827422029871,8.2,83.0,2.7222222222222223,4.222222222222222,-0.3907311284892739,0.9205048534524404,9.6,30.489795918367346,4.2,3672.6774193548385,50.74193548387097,0.0,6141.0,6141.0,0.9863722211633428,0.013627778836657254,0.0,0.0,0.0,0.0,1,여수,12,2,2025,winter,1,1526.514252192,1845.4176940319999,2790.8004984480003,3415.8242970720003,321.347129472,342.073726416
2025-12-25,673.706300112,1571.850172368,179.683640496,2.0,7371.5161290322585,59.058335134803976,35.43827422029871,2.0,49.0,7.083333333333333,9.666666666666666,-0.6819983600624984,0.7313537016191707,0.0,6.91764705882353,9.93,3672.6774193548385,50.74193548387097,0.0,5612.0,5612.0,0.9863722211633428,0.013627778836657254,0.0,0.0,0.0,0.0,1,여수,12,3,2025,winter,1,671.032296864,1096.4190841920001,1684.258135632,1879.776028224,233.32836311999998,186.5314368
2025-12-26,740.00158848,1576.470471696,173.893738032,2.0,7371.5161290322585,59.058335134803976,35.43827422029871,-3.5,36.0,6.333333333333333,7.333333333333333,-0.6691306063588581,0.7431448254773944,0.0,5.684210526315789,11.65,3672.6774193548385,50.74193548387097,0.0,6021.0,6021.0,0.9863722211633428,0.013627778836657254,0.0,0.0,0.0,0.0,1,여수,12,4,2025,winter,1,673.706300112,1045.7280509759998,1571.850172368,1789.3699578719998,179.683640496,139.33960992
2025-12-27,766.6014942720002,1307.9274629759998,123.80549184,2.0,7371.5161290322585,59.058335134803976,35.43827422029871,0.2,48.0,3.1666666666666665,4.861111111111111,-0.7880107536067218,0.6156614753256585,0.0,15.157894736842106,10.92,3672.6774193548385,50.74193548387097,0.0,5507.0,5507.0,0.9863722211633428,0.013627778836657254,0.0,0.0,0.0,0.0,1,여수,12,5,2025,winter,1,740.00158848,704.094526944,1576.470471696,1338.6166848,173.893738032,112.172197536
2025-12-28,557.87583672,1181.654730144,109.73380636799999,2.0,7371.5161290322585,59.058335134803976,35.43827422029871,3.9,68.0,1.75,2.833333333333333,-0.8386705679454242,-0.544639035015027,0.0,38.857142857142854,10.74,3672.6774193548385,50.74193548387097,0.0,5119.0,5119.0,0.9863722211633428,0.013627778836657254,0.0,0.0,0.0,0.0,1,여수,12,6,2025,winter,1,766.6014942720002,785.126369808,1307.9274629759998,1393.091980704,123.80549184,395.36173065599996
2025-12-29,702.666047232,1708.308068544,147.25893355200003,2.0,7371.5161290322585,59.058335134803976,35.43827422029871,7.6,74.0,2.4444444444444446,4.194444444444445,-0.992546151641322,0.1218693434051476,0.0,30.27272727272727,10.26,3672.6774193548385,50.74193548387097,0.0,6008.0,6008.0,0.9863722211633428,0.013627778836657254,0.0,0.0,0.0,0.0,1,여수,12,0,2025,winter,1,557.87583672,1118.74823208,1181.654730144,2250.88990128,109.73380636799999,375.04194984
2025-12-30,754.727570784,1638.195249456,219.217678416,2.0,7371.5161290322585,59.058335134803976,35.43827422029871,4.4,58.0,2.4166666666666665,4.722222222222222,-0.5000000000000004,0.8660254037844384,0.0,24.0,9.52,3672.6774193548385,50.74193548387097,0.0,5521.0,5521.0,0.9863722211633428,0.013627778836657254,0.0,0.0,0.0,0.0,1,여수,12,1,2025,winter,1,702.666047232,1526.514252192,1708.308068544,2790.8004984480003,147.25893355200003,321.347129472
2025-12-31,809.527258512,1673.3388261600003,244.90845431999998,2.0,7371.5161290322585,59.058335134803976,35.43827422029871,-0.1,40.0,4.638888888888888,6.499999999999999,-0.6156614753256582,0.7880107536067221,0.0,8.622754491017965,8.79,3672.6774193548385,50.74193548387097,0.0,6226.0,6226.0,0.9863722211633428,0.013627778836657254,0.0,0.0,0.0,0.0,1,여수,12,2,2025,winter,1,754.727570784,671.032296864,1638.195249456,1684.258135632,219.217678416,233.32836311999998
2026-01-01,694.98623808,1544.7887877599999,148.221790272,2.0,10801.612903225807,69.04556237121099,36.11398880095565,-2.5,32.0,4.222222222222222,6.472222222222222,-0.6427876096865396,0.7660444431189778,0.0,7.578947368421052,7.99,5508.612903225807,37.935483870967744,0.0,6346.0,6346.0,0.9931605241271817,0.006839475872818318,0.0,0.0,0.0,0.0,1,여수,1,3,2026,winter,1,809.527258512,673.706300112,1673.3388261600003,1571.850172368,244.90845431999998,179.683640496
2026-01-02,,,,,10801.612903225807,69.04556237121099,36.11398880095565,-2.9,53.0,6.027777777777778,7.527777777777778,-0.7071067811865477,0.7071067811865474,0.0,8.7926267281106,11.75,5508.612903225807,37.935483870967744,0.0,6597.0,6597.0,0.9931605241271817,0.006839475872818318,0.0,0.0,0.0,0.0,1,여수,1,4,2026,winter,1,694.98623808,740.00158848,1544.7887877599999,1576.470471696,148.221790272,173.893738032
2026-01-03,,,,,10801.612903225807,69.04556237121099,36.11398880095565,0.4,57.0,5.861111111111112,7.805555555555555,-0.7771459614569708,0.6293203910498375,0.0,9.725118483412322,10.63,5508.612903225807,37.935483870967744,0.0,5557.0,5557.0,0.9931605241271817,0.006839475872818318,0.0,0.0,0.0,0.0,1,여수,1,5,2026,winter,1,,766.6014942720002,,1307.9274629759998,,123.80549184
2026-01-04,,,,,10801.612903225807,69.04556237121099,36.11398880095565,3.7,61.0,4.416666666666667,6.027777777777778,-0.9396926207859084,0.342020143325669,0.0,13.81132075471698,11.26,5508.612903225807,37.935483870967744,0.0,5475.0,5475.0,0.9931605241271817,0.006839475872818318,0.0,0.0,0.0,0.0,1,여수,1,6,2026,winter,1,,557.87583672,,1181.654730144,,109.73380636799999
2026-01-05,,,,,10801.612903225807,69.04556237121099,36.11398880095565,3.4,52.0,5.916666666666667,6.638888888888888,-0.7660444431189781,0.6427876096865393,0.0,8.788732394366196,10.5,5508.612903225807,37.935483870967744,0.0,6523.0,6523.0,0.9931605241271817,0.006839475872818318,0.0,0.0,0.0,0.0,1,여수,1,0,2026,winter,1,,702.666047232,,1708.308068544,,147.25893355200003
2026-01-06,1143.645919344,1918.8104371199997,348.496534944,2.0,10801.612903225807,69.04556237121099,36.11398880095565,2.1,32.0,2.861111111111111,4.75,-0.8191520442889918,0.573576436351046,0.0,11.184466019417476,11.87,5508.612903225807,37.935483870967744,0.0,10855.0,10855.0,0.9931605241271817,0.006839475872818318,0.0,0.0,0.0,0.0,1,여수,1,1,2026,winter,1,,754.727570784,,1638.195249456,,219.217678416
2026-01-07,2961.1417089599995,3067.0978524479997,361.193118336,2.0,10801.612903225807,69.04556237121099,36.11398880095565,3.7,54.0,5.388888888888888,8.527777777777777,-0.8746197071393956,0.4848096202463373,0.0,10.020618556701033,10.49,5508.612903225807,37.935483870967744,0.0,12845.0,12845.0,0.9931605241271817,0.006839475872818318,0.0,0.0,0.0,0.0,1,여수,1,2,2026,winter,1,1143.645919344,809.527258512,1918.8104371199997,1673.3388261600003,348.496534944,244.90845431999998
2026-01-08,2549.8230595200002,3879.5033376,369.54067392,2.0,10801.612903225807,69.04556237121099,36.11398880095565,-0.6,37.0,5.944444444444444,6.527777777777778,-0.6946583704589976,0.7193398003386509,0.0,6.224299065420562,12.19,5508.612903225807,37.935483870967744,0.0,14148.0,14148.0,0.9931605241271817,0.006839475872818318,0.0,0.0,0.0,0.0,1,여수,1,3,2026,winter,1,2961.1417089599995,694.98623808,3067.0978524479997,1544.7887877599999,361.193118336,148.221790272
2026-01-09,1769.1812783999999,3654.4781894400003,347.03152272,2.0,10801.612903225807,69.04556237121099,36.11398880095565,1.7,56.0,3.5,5.666666666666666,-0.9998476951563912,0.0174524064372831,0.0,16.0,11.38,5508.612903225807,37.935483870967744,0.0,14562.0,14562.0,0.9931605241271817,0.006839475872818318,0.0,0.0,0.0,0.0,1,여수,1,4,2026,winter,1,2549.8230595200002,,3879.5033376,,369.54067392,
2026-01-10,1105.7432739839999,1740.2579081279996,1556.883734112,2.0,10801.612903225807,69.04556237121099,36.11398880095565,6.4,56.0,7.972222222222221,11.25,-0.9998476951563912,-0.0174524064372834,0.0,7.02439024390244,11.5,5508.612903225807,37.935483870967744,0.0,7091.0,7091.0,0.9931605241271817,0.006839475872818318,0.0,0.0,0.0,0.0,1,여수,1,5,2026,winter,1,1769.1812783999999,,3654.4781894400003,,347.03152272,
2026-01-11,1239.355495584,2626.3746594719996,274.290213744,2.0,10801.612903225807,69.04556237121099,36.11398880095565,-1.3,45.0,4.833333333333333,7.25,-0.7880107536067218,0.6156614753256585,0.0,9.310344827586208,12.18,5508.612903225807,37.935483870967744,0.0,11969.0,11969.0,0.9931605241271817,0.006839475872818318,0.0,0.0,0.0,0.0,1,여수,1,6,2026,winter,1,1105.7432739839999,,1740.2579081279996,,1556.883734112,
2026-01-12,1245.1326877440001,2959.1238978720003,296.08121664,2.0,10801.612903225807,69.04556237121099,36.11398880095565,-0.0,63.0,2.5833333333333335,5.472222222222222,-0.9902680687415704,0.1391731009600654,0.0,24.387096774193548,9.67,5508.612903225807,37.935483870967744,0.0,13611.0,13611.0,0.9931605241271817,0.006839475872818318,0.0,0.0,0.0,0.0,1,여수,1,0,2026,winter,1,1239.355495584,,2626.3746594719996,,274.290213744,
2026-01-13,1179.4239524160002,2880.2434458240004,298.77612624,2.0,10801.612903225807,69.04556237121099,36.11398880095565,4.3,62.0,6.333333333333333,8.25,-0.945518575599317,0.3255681544571563,0.0,9.789473684210527,11.52,5508.612903225807,37.935483870967744,0.0,12838.0,12838.0,0.9931605241271817,0.006839475872818318,0.0,0.0,0.0,0.0,1,여수,1,1,2026,winter,1,1245.1326877440001,1143.645919344,2959.1238978720003,1918.8104371199997,296.08121664,348.496534944
2026-01-14,1625.5276583039997,3578.100088032,351.35927107199996,2.0,10801.612903225807,69.04556237121099,36.11398880095565,1.6,56.0,2.5555555555555554,5.194444444444444,-0.8660254037844386,0.5000000000000001,0.0,21.91304347826087,12.05,5508.612903225807,37.935483870967744,0.0,13264.0,13264.0,0.9931605241271817,0.006839475872818318,0.0,0.0,0.0,0.0,1,여수,1,2,2026,winter,1,1179.4239524160002,2961.1417089599995,2880.2434458240004,3067.0978524479997,298.77612624,361.193118336
2026-01-15,1969.9509437279999,3561.7577729759996,345.122553024,2.0,10801.612903225807,69.04556237121099,36.11398880095565,9.8,74.0,3.861111111111111,6.305555555555555,-0.9975640502598242,-0.0697564737441255,0.6,19.16546762589928,10.81,5508.612903225807,37.935483870967744,0.0,13103.0,13103.0,0.9931605241271817,0.006839475872818318,0.0,0.0,0.0,0.0,1,여수,1,3,2026,winter,1,1625.5276583039997,2549.8230595200002,3578.100088032,3879.5033376,351.35927107199996,369.54067392
2026-01-16,1768.051963584,3301.53048864,337.690616256,2.0,10801.612903225807,69.04556237121099,36.11398880095565,6.7,61.0,1.9444444444444444,4.805555555555555,-0.8746197071393956,0.4848096202463373,0.0,31.37142857142857,12.53,5508.612903225807,37.935483870967744,0.0,12998.0,12998.0,0.9931605241271817,0.006839475872818318,0.0,0.0,0.0,0.0,1,여수,1,4,2026,winter,1,1969.9509437279999,1769.1812783999999,3561.7577729759996,3654.4781894400003,345.122553024,347.03152272
2026-01-17,2260.20159216,2562.7928623200005,3798.563823648,2.0,10801.612903225807,69.04556237121099,36.11398880095565,6.9,58.0,2.5833333333333335,4.527777777777778,-0.8386705679454243,0.5446390350150266,0.0,22.451612903225804,12.41,5508.612903225807,37.935483870967744,0.0,8737.0,8737.0,0.9931605241271817,0.006839475872818318,0.0,0.0,0.0,0.0,1,여수,1,5,2026,winter,1,1768.051963584,1105.7432739839999,3301.53048864,1740.2579081279996,337.690616256,1556.883734112
2026-01-18,878.3556865919999,1438.5609823680002,222.95966688,2.0,10801.612903225807,69.04556237121099,36.11398880095565,7.3,67.0,2.6666666666666665,4.333333333333333,0.9205048534524404,0.3907311284892737,0.0,25.125,12.17,5508.612903225807,37.935483870967744,0.0,6880.0,6880.0,0.9931605241271817,0.006839475872818318,0.0,0.0,0.0,0.0,1,여수,1,6,2026,winter,1,2260.20159216,1239.355495584,2562.7928623200005,2626.3746594719996,3798.563823648,274.290213744
2026-01-19,1114.8692827680002,1918.2624809760002,433.206586656,2.0,10801.612903225807,69.04556237121099,36.11398880095565,3.2,63.0,5.083333333333333,8.194444444444445,-0.7986355100472932,0.6018150231520479,0.0,12.39344262295082,6.11,5508.612903225807,37.935483870967744,0.0,10107.0,10107.0,0.9931605241271817,0.006839475872818318,0.0,0.0,0.0,0.0,1,여수,1,0,2026,winter,1,878.3556865919999,1245.1326877440001,1438.5609823680002,2959.1238978720003,222.95966688,296.08121664
2026-01-20,1455.688532016,2915.7134690880002,293.8511816640001,2.0,10801.612903225807,69.04556237121099,36.11398880095565,-0.4,29.0,4.277777777777778,6.166666666666666,-0.6018150231520483,0.7986355100472928,0.0,6.779220779220779,12.25,5508.612903225807,37.935483870967744,0.0,13188.0,13188.0,0.9931605241271817,0.006839475872818318,0.0,0.0,0.0,0.0,1,여수,1,1,2026,winter,1,1114.8692827680002,1179.4239524160002,1918.2624809760002,2880.2434458240004,433.206586656,298.77612624
2026-01-21,1838.171049264,3491.0275587839997,348.500244096,2.0,10801.612903225807,69.04556237121099,36.11398880095565,-3.2,40.0,6.833333333333334,8.166666666666666,-0.6560590289905074,0.7547095802227719,0.0,5.853658536585366,12.6,5508.612903225807,37.935483870967744,0.0,13527.0,13527.0,0.9931605241271817,0.006839475872818318,0.0,0.0,0.0,0.0,1,여수,1,2,2026,winter,1,1455.688532016,1625.5276583039997,2915.7134690880002,3578.100088032,293.8511816640001,351.35927107199996
2026-01-22,1920.073656096,3951.7459806240004,369.400057056,2.0,10801.612903225807,69.04556237121099,36.11398880095565,-3.9,45.0,5.972222222222222,7.111111111111112,-0.7547095802227722,0.656059028990507,0.0,7.534883720930233,13.51,5508.612903225807,37.935483870967744,0.0,13417.0,13417.0,0.9931605241271817,0.006839475872818318,0.0,0.0,0.0,0.0,1,여수,1,3,2026,winter,1,1838.171049264,1969.9509437279999,3491.0275587839997,3561.7577729759996,348.500244096,345.122553024
2026-01-23,1679.830219296,4002.362921088,369.35678592,2.0,10801.612903225807,69.04556237121099,36.11398880095565,-0.4,61.0,4.055555555555555,5.75,-0.9396926207859084,0.342020143325669,0.0,15.04109589041096,8.8,5508.612903225807,37.935483870967744,0.0,14245.0,14245.0,0.9931605241271817,0.006839475872818318,0.0,0.0,0.0,0.0,1,여수,1,4,2026,winter,1,1920.073656096,1768.051963584,3951.7459806240004,3301.53048864,369.400057056,337.690616256
2026-01-24,2325.949169472,2934.9963113760004,5844.35108664,2.0,10801.612903225807,69.04556237121099,36.11398880095565,0.8,54.0,5.694444444444445,7.166666666666667,-0.8571673007021123,0.5150380749100542,0.0,9.482926829268292,12.53,5508.612903225807,37.935483870967744,0.0,8741.0,8741.0,0.9931605241271817,0.006839475872818318,0.0,0.0,0.0,0.0,1,여수,1,5,2026,winter,1,1679.830219296,2260.20159216,4002.362921088,2562.7928623200005,369.35678592,3798.563823648
2026-01-25,325.81458014400005,1405.512324864,687.324081312,2.0,10801.612903225807,69.04556237121099,36.11398880095565,-0.2,38.0,4.722222222222222,6.444444444444444,-0.7660444431189781,0.6427876096865393,0.0,8.047058823529412,13.08,5508.612903225807,37.935483870967744,0.0,6708.0,6708.0,0.9931605241271817,0.006839475872818318,0.0,0.0,0.0,0.0,1,여수,1,6,2026,winter,1,2325.949169472,878.3556865919999,2934.9963113760004,1438.5609823680002,5844.35108664,222.95966688
2026-01-26,577.624867344,2269.118747952,360.8814535199999,2.0,10801.612903225807,69.04556237121099,36.11398880095565,-0.0,42.0,3.222222222222222,5.722222222222222,-0.6819983600624984,0.7313537016191707,0.0,13.03448275862069,7.81,5508.612903225807,37.935483870967744,0.0,12411.0,12411.0,0.9931605241271817,0.006839475872818318,0.0,0.0,0.0,0.0,1,여수,1,0,2026,winter,1,325.81458014400005,1114.8692827680002,1405.512324864,1918.2624809760002,687.324081312,433.206586656
2026-01-27,642.7482318719999,3036.5411952959994,293.490078048,2.0,10801.612903225807,69.04556237121099,36.11398880095565,1.0,42.0,6.277777777777778,7.472222222222221,-0.7431448254773946,0.6691306063588578,0.0,6.6902654867256635,13.76,5508.612903225807,37.935483870967744,0.0,13579.0,13579.0,0.9931605241271817,0.006839475872818318,0.0,0.0,0.0,0.0,1,여수,1,1,2026,winter,1,577.624867344,1455.688532016,2269.118747952,2915.7134690880002,360.8814535199999,293.8511816640001
2026-01-28,726.9018147360001,3306.645687888,331.827955632,2.0,10801.612903225807,69.04556237121099,36.11398880095565,0.1,31.0,5.305555555555556,6.555555555555555,-0.6691306063588581,0.7431448254773944,0.0,5.842931937172774,12.63,5508.612903225807,37.935483870967744,0.0,12880.0,12880.0,0.9931605241271817,0.006839475872818318,0.0,0.0,0.0,0.0,1,여수,1,2,2026,winter,1,642.7482318719999,1838.171049264,3036.5411952959994,3491.0275587839997,293.490078048,348.500244096
2026-01-29,725.1117952320001,3776.0233389120003,374.54963515200006,2.0,10801.612903225807,69.04556237121099,36.11398880095565,0.2,42.0,5.138888888888888,6.694444444444445,-0.8090169943749476,0.5877852522924729,0.0,8.172972972972973,12.55,5508.612903225807,37.935483870967744,0.0,13446.0,13446.0,0.9931605241271817,0.006839475872818318,0.0,0.0,0.0,0.0,1,여수,1,3,2026,winter,1,726.9018147360001,1920.073656096,3306.645687888,3951.7459806240004,331.827955632,369.400057056
2026-01-30,714.31640784,3653.2544362559997,359.08692408,2.0,10801.612903225807,69.04556237121099,36.11398880095565,-1.2,33.0,5.111111111111111,6.861111111111111,-0.7880107536067218,0.6156614753256585,0.0,6.4565217391304355,9.87,5508.612903225807,37.935483870967744,0.0,14242.0,14242.0,0.9931605241271817,0.006839475872818318,0.0,0.0,0.0,0.0,1,여수,1,4,2026,winter,1,725.1117952320001,1679.830219296,3776.0233389120003,4002.362921088,374.54963515200006,369.35678592
2026-01-31,4276.177815744,4757.838438815999,7488.111209328001,2.0,10801.612903225807,69.04556237121099,36.11398880095565,0.7,31.0,3.9722222222222223,7.027777777777778,-0.7547095802227722,0.656059028990507,0.0,7.804195804195804,13.9,5508.612903225807,37.935483870967744,0.0,4960.0,4960.0,0.9931605241271817,0.006839475872818318,0.0,0.0,0.0,0.0,1,여수,1,5,2026,winter,1,714.31640784,2325.949169472,3653.2544362559997,2934.9963113760004,359.08692408,5844.35108664
2026-02-01,231.619012272,1512.1411561439998,396.19110816,2.0,7762.0,52.3106828137078,33.503209546508636,1.5,46.0,4.222222222222222,5.611111111111111,-0.8191520442889918,0.573576436351046,0.0,10.894736842105264,13.66,4277.642857142857,57.035714285714285,0.0,6358.0,6358.0,0.9868419968526253,0.013158003147374578,0.0,0.0,0.0,0.0,1,여수,2,6,2026,winter,1,4276.177815744,325.81458014400005,4757.838438815999,1405.512324864,7488.111209328001,687.324081312
2026-02-02,279.3286635840001,1714.124556288,220.68711273600002,2.0,7762.0,52.3106828137078,33.503209546508636,0.4,52.0,4.611111111111112,7.388888888888889,-0.7986355100472932,0.6018150231520479,0.3,11.277108433734938,13.82,4277.642857142857,57.035714285714285,0.0,6469.0,6469.0,0.9868419968526253,0.013158003147374578,0.0,0.0,0.0,0.0,1,여수,2,0,2026,winter,1,231.619012272,577.624867344,1512.1411561439998,2269.118747952,396.19110816,360.8814535199999
2026-02-03,205.45089120000003,2084.45837472,180.73871424,2.0,7762.0,52.3106828137078,33.503209546508636,1.8,52.0,4.694444444444444,5.388888888888888,-0.8829475928589271,0.4694715627858904,0.0,11.076923076923078,14.54,4277.642857142857,57.035714285714285,0.0,6787.0,6787.0,0.9868419968526253,0.013158003147374578,0.0,0.0,0.0,0.0,1,여수,2,1,2026,winter,1,279.3286635840001,642.7482318719999,1714.124556288,3036.5411952959994,220.68711273600002,293.490078048
2026-02-04,186.67865275200003,1813.3784712000001,260.5193136,2.0,7762.0,52.3106828137078,33.503209546508636,4.4,63.0,3.555555555555556,5.111111111111111,-0.9975640502598244,0.0697564737441252,0.0,17.71875,14.1,4277.642857142857,57.035714285714285,0.0,6748.0,6748.0,0.9868419968526253,0.013158003147374578,0.0,0.0,0.0,0.0,1,여수,2,2,2026,winter,1,205.45089120000003,726.9018147360001,2084.45837472,3306.645687888,180.73871424,331.827955632
2026-02-05,331.45662902399994,1742.393812896,1003.9007522880001,2.0,7762.0,52.3106828137078,33.503209546508636,6.6,68.0,2.4722222222222223,5.944444444444444,-0.945518575599317,0.3255681544571563,0.0,27.50561797752809,13.0,4277.642857142857,57.035714285714285,0.0,7197.0,7197.0,0.9868419968526253,0.013158003147374578,0.0,0.0,0.0,0.0,1,여수,2,3,2026,winter,1,186.67865275200003,725.1117952320001,1813.3784712000001,3776.0233389120003,260.5193136,374.54963515200006
2026-02-06,677.891889936,2979.444275424,304.63761456,2.0,7762.0,52.3106828137078,33.503209546508636,3.5,39.0,5.083333333333333,7.0,-0.7547095802227722,0.656059028990507,0.0,7.672131147540984,12.08,4277.642857142857,57.035714285714285,0.0,13155.0,13155.0,0.9868419968526253,0.013158003147374578,0.0,0.0,0.0,0.0,1,여수,2,4,2026,winter,1,331.45662902399994,714.31640784,1742.393812896,3653.2544362559997,1003.9007522880001,359.08692408
2026-02-07,1564.3897064640003,2762.0051706719996,5374.516057056,2.0,7762.0,52.3106828137078,33.503209546508636,-2.3,36.0,6.444444444444444,8.61111111111111,-0.7880107536067218,0.6156614753256585,0.0,5.586206896551725,15.22,4277.642857142857,57.035714285714285,0.0,8701.0,8701.0,0.9868419968526253,0.013158003147374578,0.0,0.0,0.0,0.0,1,여수,2,5,2026,winter,1,677.891889936,4276.177815744,2979.444275424,4757.838438815999,304.63761456,7488.111209328001
2026-02-08,288.31413744,1290.1181365440002,1597.6685638079998,2.0,7762.0,52.3106828137078,33.503209546508636,-4.6,49.0,6.916666666666666,8.333333333333334,-0.7313537016191703,0.6819983600624987,0.0,7.084337349397591,16.12,4277.642857142857,57.035714285714285,0.0,7653.0,7653.0,0.9868419968526253,0.013158003147374578,0.0,0.0,0.0,0.0,1,여수,2,6,2026,winter,1,1564.3897064640003,231.619012272,2762.0051706719996,1512.1411561439998,5374.516057056,396.19110816
2026-02-09,601.2957699359999,2427.23333448,249.93473630399998,2.0,7762.0,52.3106828137078,33.503209546508636,0.4,55.0,4.055555555555555,6.25,-0.9271838545667874,0.3746065934159119,0.0,13.561643835616438,15.44,4277.642857142857,57.035714285714285,0.0,13139.0,13139.0,0.9868419968526253,0.013158003147374578,0.0,0.0,0.0,0.0,1,여수,2,0,2026,winter,1,288.31413744,279.3286635840001,1290.1181365440002,1714.124556288,1597.6685638079998,220.68711273600002
2026-02-10,416.92080427199994,2324.2453809119997,252.79600622400002,2.0,7762.0,52.3106828137078,33.503209546508636,2.3,75.0,1.777777777777778,4.194444444444445,-0.7771459614569708,0.6293203910498375,1.7,42.1875,3.5,4277.642857142857,57.035714285714285,0.0,12107.0,12107.0,0.9868419968526253,0.013158003147374578,0.0,0.0,0.0,0.0,1,여수,2,1,2026,winter,1,601.2957699359999,205.45089120000003,2427.23333448,2084.45837472,249.93473630399998,180.73871424
2026-02-11,562.9415473439999,2670.395303952,299.144764224,2.0,7762.0,52.3106828137078,33.503209546508636,5.1,70.0,5.111111111111111,7.388888888888889,-0.7880107536067218,0.6156614753256585,0.0,13.695652173913045,11.92,4277.642857142857,57.035714285714285,0.0,10676.0,10676.0,0.9868419968526253,0.013158003147374578,0.0,0.0,0.0,0.0,1,여수,2,2,2026,winter,1,416.92080427199994,186.67865275200003,2324.2453809119997,1813.3784712000001,252.79600622400002,260.5193136
2026-02-12,422.38051156800003,1969.4693505599998,1893.927746592,2.0,7762.0,52.3106828137078,33.503209546508636,5.0,47.0,4.0,4.944444444444445,-0.8910065241883679,0.4539904997395466,0.0,11.75,16.11,4277.642857142857,57.035714285714285,0.0,7934.0,7934.0,0.9868419968526253,0.013158003147374578,0.0,0.0,0.0,0.0,1,여수,2,3,2026,winter,1,562.9415473439999,331.45662902399994,2670.395303952,1742.393812896,299.144764224,1003.9007522880001
2026-02-13,1034.537603904,1884.8287295999999,1874.6179937279999,2.0,7762.0,52.3106828137078,33.503209546508636,5.2,60.0,2.8055555555555554,4.527777777777778,-0.9743700647852352,-0.2249510543438652,0.0,21.386138613861387,15.58,4277.642857142857,57.035714285714285,0.0,5925.0,5925.0,0.9868419968526253,0.013158003147374578,0.0,0.0,0.0,0.0,1,여수,2,4,2026,winter,1,422.38051156800003,677.891889936,1969.4693505599998,2979.444275424,1893.927746592,304.63761456
2026-02-14,901.0221757919999,2755.8033202079996,5031.717563087999,2.0,7762.0,52.3106828137078,33.503209546508636,7.4,76.0,0.8611111111111112,2.1944444444444446,-0.6156614753256582,-0.788010753606722,0.0,88.25806451612902,11.63,4277.642857142857,57.035714285714285,0.0,10311.0,10311.0,0.9868419968526253,0.013158003147374578,0.0,0.0,0.0,0.0,1,여수,2,5,2026,winter,1,1034.537603904,1564.3897064640003,1884.8287295999999,2762.0051706719996,1874.6179937279999,5374.516057056
2026-02-15,101.62616860799999,1515.237838848,977.044292064,2.0,7762.0,52.3106828137078,33.503209546508636,9.1,68.0,3.1111111111111107,5.75,-0.8480480961564262,0.5299192642332047,0.0,21.85714285714286,15.97,4277.642857142857,57.035714285714285,0.0,5887.0,5887.0,0.9868419968526253,0.013158003147374578,0.0,0.0,0.0,0.0,1,여수,2,6,2026,winter,1,901.0221757919999,288.31413744,2755.8033202079996,1290.1181365440002,5031.717563087999,1597.6685638079998
2026-02-16,486.0964167839999,1231.061944752,856.8987289919999,2.0,7762.0,52.3106828137078,33.503209546508636,5.8,38.0,2.694444444444444,4.361111111111111,-0.6293203910498378,0.7771459614569706,0.0,14.103092783505156,13.11,4277.642857142857,57.035714285714285,0.0,6467.0,6467.0,0.9868419968526253,0.013158003147374578,0.0,0.0,0.0,0.0,1,여수,2,0,2026,winter,1,101.62616860799999,601.2957699359999,1515.237838848,2427.23333448,977.044292064,249.93473630399998
2026-02-17,564.470377632,1883.8826838719995,215.272534176,2.0,7762.0,52.3106828137078,33.503209546508636,5.3,44.0,3.6944444444444446,5.972222222222222,-0.7547095802227722,0.656059028990507,0.0,11.909774436090226,16.15,4277.642857142857,57.035714285714285,0.0,7160.0,7160.0,0.9868419968526253,0.013158003147374578,0.0,0.0,0.0,0.0,1,여수,2,1,2026,winter,1,486.0964167839999,416.92080427199994,1231.061944752,2324.2453809119997,856.8987289919999,252.79600622400002
2026-02-18,571.4252424,1850.7937032,275.70998750399997,2.0,7762.0,52.3106828137078,33.503209546508636,4.6,47.0,4.75,6.472222222222222,-0.898794046299167,0.4383711467890774,0.0,9.894736842105264,16.65,4277.642857142857,57.035714285714285,0.0,7310.0,7310.0,0.9868419968526253,0.013158003147374578,0.0,0.0,0.0,0.0,1,여수,2,2,2026,winter,1,564.470377632,562.9415473439999,1883.8826838719995,2670.395303952,215.272534176,299.144764224
2026-02-19,681.134372352,1923.799164768,355.57897910400004,2.0,7762.0,52.3106828137078,33.503209546508636,4.2,40.0,3.0,5.333333333333333,-0.9396926207859084,0.342020143325669,0.0,13.333333333333334,17.16,4277.642857142857,57.035714285714285,0.0,7183.0,7183.0,0.9868419968526253,0.013158003147374578,0.0,0.0,0.0,0.0,1,여수,2,3,2026,winter,1,571.4252424,422.38051156800003,1850.7937032,1969.4693505599998,275.70998750399997,1893.927746592
2026-02-20,1067.511556368,1988.88582024,1179.817242048,2.0,7762.0,52.3106828137078,33.503209546508636,7.0,52.0,3.3055555555555554,5.249999999999999,-0.913545457642601,-0.4067366430758001,0.0,15.73109243697479,17.19,4277.642857142857,57.035714285714285,0.0,7164.0,7164.0,0.9868419968526253,0.013158003147374578,0.0,0.0,0.0,0.0,1,여수,2,4,2026,winter,1,681.134372352,1034.537603904,1923.799164768,1884.8287295999999,355.57897910400004,1874.6179937279999
2026-02-21,1328.438343456,2239.7514088319995,8306.118628416,2.0,7762.0,52.3106828137078,33.503209546508636,8.6,74.0,2.5555555555555554,5.111111111111111,-0.1564344650402307,-0.9876883405951378,0.0,28.956521739130437,16.6,4277.642857142857,57.035714285714285,0.0,6921.0,6921.0,0.9868419968526253,0.013158003147374578,0.0,0.0,0.0,0.0,1,여수,2,5,2026,winter,1,1067.511556368,901.0221757919999,1988.88582024,2755.8033202079996,1179.817242048,5031.717563087999
2026-02-22,88.153771248,1863.4061911679999,264.700490976,2.0,7762.0,52.3106828137078,33.503209546508636,12.6,60.0,5.972222222222222,9.166666666666666,-0.9563047559630352,-0.2923717047227371,0.0,10.046511627906977,16.39,4277.642857142857,57.035714285714285,0.0,5958.0,5958.0,0.9868419968526253,0.013158003147374578,0.0,0.0,0.0,0.0,1,여수,2,6,2026,winter,1,1328.438343456,101.62616860799999,2239.7514088319995,1515.237838848,8306.118628416,977.044292064
2026-02-23,94.683295008,1828.6637110560005,537.4079363520001,2.0,7762.0,52.3106828137078,33.503209546508636,5.2,42.0,2.833333333333333,6.694444444444445,-0.9902680687415704,0.1391731009600654,0.0,14.823529411764708,17.03,4277.642857142857,57.035714285714285,0.0,6519.0,6519.0,0.9868419968526253,0.013158003147374578,0.0,0.0,0.0,0.0,1,여수,2,0,2026,winter,1,88.153771248,486.0964167839999,1863.4061911679999,1231.061944752,264.700490976,856.8987289919999
2026-02-24,95.5088172,2107.6381392480007,472.065377328,2.0,7762.0,52.3106828137078,33.503209546508636,3.7,65.0,6.111111111111111,8.25,0.6560590289905073,0.754709580222772,21.8,10.636363636363637,1.61,4277.642857142857,57.035714285714285,0.0,7474.0,7474.0,0.9868419968526253,0.013158003147374578,0.0,0.0,0.0,0.0,1,여수,2,1,2026,winter,1,94.683295008,564.470377632,1828.6637110560005,1883.8826838719995,537.4079363520001,215.272534176
2026-02-25,11.366195040000001,1772.072585712,330.075119664,2.0,7762.0,52.3106828137078,33.503209546508636,7.3,69.0,6.861111111111111,8.166666666666666,0.6156614753256583,0.7880107536067219,0.0,10.05668016194332,15.86,4277.642857142857,57.035714285714285,0.0,6099.0,6099.0,0.9868419968526253,0.013158003147374578,0.0,0.0,0.0,0.0,1,여수,2,2,2026,winter,1,95.5088172,571.4252424,2107.6381392480007,1850.7937032,472.065377328,275.70998750399997
2026-02-26,11.596000608,1909.8793566720003,331.250228064,2.0,7762.0,52.3106828137078,33.503209546508636,8.9,67.0,4.833333333333333,5.694444444444445,0.6946583704589973,0.7193398003386512,0.0,13.862068965517242,9.57,4277.642857142857,57.035714285714285,0.0,6492.0,6492.0,0.9868419968526253,0.013158003147374578,0.0,0.0,0.0,0.0,1,여수,2,3,2026,winter,1,11.366195040000001,681.134372352,1772.072585712,1923.799164768,330.075119664,355.57897910400004
2026-02-27,1.0168367040000001,1767.7503979200003,306.31517092800004,2.0,7762.0,52.3106828137078,33.503209546508636,8.6,80.0,4.916666666666666,6.888888888888889,0.6691306063588582,0.7431448254773942,5.5,16.27118644067797,6.92,4277.642857142857,57.035714285714285,0.0,6491.0,6491.0,0.9868419968526253,0.013158003147374578,0.0,0.0,0.0,0.0,1,여수,2,4,2026,winter,1,11.596000608,1067.511556368,1909.8793566720003,1988.88582024,331.250228064,1179.817242048
2026-02-28,56.39353776000001,1838.7831949919996,326.54390198400006,2.0,7762.0,52.3106828137078,33.503209546508636,8.6,67.0,3.333333333333333,5.555555555555555,0.9205048534524404,0.3907311284892737,0.0,20.1,17.95,4277.642857142857,57.035714285714285,0.0,7051.0,7051.0,0.9868419968526253,0.013158003147374578,0.0,0.0,0.0,0.0,1,여수,2,5,2026,winter,1,1.0168367040000001,1328.438343456,1767.7503979200003,2239.7514088319995,306.31517092800004,8306.118628416
2026-03-01,4.1050368,1196.0467273440001,297.53054928,2.0,5435.870967741936,68.93,34.58,8.7,66.0,5.861111111111112,7.5,0.8746197071393957,0.4848096202463371,0.0,11.260663507109005,9.67,2838.0967741935483,0.0,0.0,5069.0,5069.0,1.0,0.0,0.0,0.0,0.0,0.0,1,여수,3,6,2026,spring,1,56.39353776000001,88.153771248,1838.7831949919996,1863.4061911679999,326.54390198400006,264.700490976
2026-03-02,10.08982008,1277.5648829759998,288.905379552,2.0,5435.870967741936,68.93,34.58,6.5,92.0,9.249999999999998,10.583333333333334,0.7771459614569709,0.6293203910498374,33.3,9.945945945945947,2.74,2838.0967741935483,0.0,0.0,5487.0,5487.0,1.0,0.0,0.0,0.0,0.0,0.0,1,여수,3,0,2026,spring,1,4.1050368,94.683295008,1196.0467273440001,1828.6637110560005,297.53054928,537.4079363520001
2026-03-03,10.855256832000002,1384.6086184320002,289.76281171200003,2.0,5435.870967741936,68.93,34.58,8.2,70.0,5.527777777777778,9.138888888888888,0.5299192642332049,0.848048096156426,1.1,12.663316582914574,14.07,2838.0967741935483,0.0,0.0,5792.0,5792.0,1.0,0.0,0.0,0.0,0.0,0.0,1,여수,3,1,2026,spring,1,10.08982008,95.5088172,1277.5648829759998,2107.6381392480007,288.905379552,472.065377328
2026-03-04,148.55845276800002,1595.1613631040004,156.14562902400002,2.0,5435.870967741936,68.93,34.58,7.6,75.0,2.0833333333333335,4.0,0.9902680687415704,-0.1391731009600653,0.0,36.0,18.06,2838.0967741935483,0.0,0.0,5336.0,5336.0,1.0,0.0,0.0,0.0,0.0,0.0,1,여수,3,2,2026,spring,1,10.855256832000002,11.366195040000001,1384.6086184320002,1772.072585712,289.76281171200003,330.075119664
2026-03-05,153.533478672,1723.8469412160002,160.81008926399997,2.0,5435.870967741936,68.93,34.58,8.4,79.0,2.638888888888889,4.361111111111111,0.9612616959383188,-0.275637355816999,2.4,29.936842105263157,15.85,2838.0967741935483,0.0,0.0,6083.0,6083.0,1.0,0.0,0.0,0.0,0.0,0.0,1,여수,3,3,2026,spring,1,148.55845276800002,11.596000608,1595.1613631040004,1909.8793566720003,156.14562902400002,331.250228064
2026-03-06,0.30316233600000003,1381.4990310239998,140.575441536,2.0,5435.870967741936,68.93,34.58,6.5,67.0,5.777777777777778,7.388888888888889,-0.7986355100472932,0.6018150231520479,2.3,11.596153846153848,14.57,2838.0967741935483,0.0,0.0,5494.0,5494.0,1.0,0.0,0.0,0.0,0.0,0.0,1,여수,3,4,2026,spring,1,153.533478672,1.0168367040000001,1723.8469412160002,1767.7503979200003,160.81008926399997,306.31517092800004
2026-03-07,44.77423392,1295.0007937920002,131.86749355199998,2.0,5435.870967741936,68.93,34.58,2.9,50.0,5.694444444444445,6.805555555555555,-0.7193398003386512,0.6946583704589973,0.0,8.780487804878048,18.66,2838.0967741935483,0.0,0.0,5502.0,5502.0,1.0,0.0,0.0,0.0,0.0,0.0,1,여수,3,5,2026,spring,1,0.30316233600000003,56.39353776000001,1381.4990310239998,1838.7831949919996,140.575441536,326.54390198400006
2026-03-08,125.13761899199999,1203.112068336,112.728333744,2.0,5435.870967741936,68.93,34.58,3.2,54.0,2.5,4.055555555555555,-0.9135454576426012,0.4067366430757997,0.0,21.6,18.65,2838.0967741935483,0.0,0.0,5450.0,5450.0,1.0,0.0,0.0,0.0,0.0,0.0,1,여수,3,6,2026,spring,1,44.77423392,4.1050368,1295.0007937920002,1196.0467273440001,131.86749355199998,297.53054928
2026-03-09,229.709439792,1295.273443824,127.73937239999998,2.0,5435.870967741936,68.93,34.58,4.5,53.0,4.611111111111112,6.861111111111111,-0.6819983600624984,0.7313537016191707,0.0,11.493975903614457,16.77,2838.0967741935483,0.0,0.0,5568.0,5568.0,1.0,0.0,0.0,0.0,0.0,0.0,1,여수,3,0,2026,spring,1,125.13761899199999,10.08982008,1203.112068336,1277.5648829759998,112.728333744,288.905379552
2026-03-10,40.61826216,1442.7468757440001,128.220459408,2.0,5435.870967741936,68.93,34.58,3.8,63.0,2.361111111111111,4.333333333333333,-0.9205048534524404,-0.3907311284892738,0.0,26.68235294117647,20.19,2838.0967741935483,0.0,0.0,6296.0,6296.0,1.0,0.0,0.0,0.0,0.0,0.0,1,여수,3,1,2026,spring,1,229.709439792,10.855256832000002,1295.273443824,1384.6086184320002,127.73937239999998,289.76281171200003
2026-03-11,45.764867376000005,1615.726965888,149.12367163200003,2.0,5435.870967741936,68.93,34.58,4.7,64.0,1.5277777777777777,3.4722222222222223,-0.882947592858927,-0.4694715627858907,0.0,41.89090909090909,19.0,2838.0967741935483,0.0,0.0,5723.0,5723.0,1.0,0.0,0.0,0.0,0.0,0.0,1,여수,3,2,2026,spring,1,40.61826216,148.55845276800002,1442.7468757440001,1595.1613631040004,128.220459408,156.14562902400002
2026-03-12,21.95636976,1644.7481546400002,165.92605488,2.0,5435.870967741936,68.93,34.58,6.8,58.0,2.2222222222222223,3.638888888888889,0.4539904997395468,0.8910065241883679,0.4,26.1,18.59,2838.0967741935483,0.0,0.0,5586.0,5586.0,1.0,0.0,0.0,0.0,0.0,0.0,1,여수,3,3,2026,spring,1,45.764867376000005,153.533478672,1615.726965888,1723.8469412160002,149.12367163200003,160.81008926399997
2026-03-13,8.773916832,1389.632125536,156.79547712,2.0,5435.870967741936,68.93,34.58,7.4,50.0,5.194444444444444,6.499999999999999,0.6427876096865393,0.766044443118978,0.0,9.625668449197862,19.58,2838.0967741935483,0.0,0.0,5345.0,5345.0,1.0,0.0,0.0,0.0,0.0,0.0,1,여수,3,4,2026,spring,1,21.95636976,0.30316233600000003,1644.7481546400002,1381.4990310239998,165.92605488,140.575441536
2026-03-14,20.794714272,1516.170784608,144.366557184,2.0,5435.870967741936,68.93,34.58,6.7,59.0,2.361111111111111,3.75,0.3907311284892737,0.9205048534524404,0.0,24.988235294117647,19.81,2838.0967741935483,0.0,0.0,6161.0,6161.0,1.0,0.0,0.0,0.0,0.0,0.0,1,여수,3,5,2026,spring,1,8.773916832,44.77423392,1389.632125536,1295.0007937920002,156.79547712,131.86749355199998
2026-03-15,46.05904468800001,1256.924285424,127.75065681599999,2.0,5435.870967741936,68.93,34.58,8.1,58.0,2.5555555555555554,4.611111111111112,-0.7193398003386512,0.6946583704589973,0.0,22.695652173913047,14.19,2838.0967741935483,0.0,0.0,5403.0,5403.0,1.0,0.0,0.0,0.0,0.0,0.0,1,여수,3,6,2026,spring,1,20.794714272,125.13761899199999,1516.170784608,1203.112068336,144.366557184,112.728333744
2026-03-16,15.733452816,1122.107612256,113.65995916800001,2.0,5435.870967741936,68.93,34.58,8.3,70.0,2.138888888888889,3.5833333333333335,0.1564344650402308,0.9876883405951378,0.0,32.72727272727273,17.82,2838.0967741935483,0.0,0.0,4983.0,4983.0,1.0,0.0,0.0,0.0,0.0,0.0,1,여수,3,0,2026,spring,1,46.05904468800001,229.709439792,1256.924285424,1295.273443824,127.75065681599999,127.73937239999998
2026-03-17,0.6623570880000001,1345.2089280479997,131.597045856,2.0,5435.870967741936,68.93,34.58,9.8,74.0,2.4444444444444446,4.277777777777778,0.766044443118978,-0.6427876096865394,0.1,30.27272727272727,18.29,2838.0967741935483,0.0,0.0,5276.0,5276.0,1.0,0.0,0.0,0.0,0.0,0.0,1,여수,3,1,2026,spring,1,15.733452816,40.61826216,1122.107612256,1442.7468757440001,113.65995916800001,128.220459408
2026-03-18,0.0,1521.966384144,145.60777238400001,2.0,5435.870967741936,68.93,34.58,10.0,87.0,3.861111111111111,6.305555555555555,0.2923717047227367,0.9563047559630354,7.8,22.532374100719423,4.77,2838.0967741935483,0.0,0.0,5732.0,5732.0,1.0,0.0,0.0,0.0,0.0,0.0,1,여수,3,2,2026,spring,1,0.6623570880000001,45.764867376000005,1345.2089280479997,1615.726965888,131.597045856,149.12367163200003
2026-03-19,0.005749056000000001,1452.5586790559998,124.975012032,2.0,5435.870967741936,68.93,34.58,8.2,58.0,2.888888888888889,5.666666666666666,-0.9563047559630354,0.2923717047227367,0.0,20.076923076923077,21.55,2838.0967741935483,0.0,0.0,5450.0,5450.0,1.0,0.0,0.0,0.0,0.0,0.0,1,여수,3,3,2026,spring,1,0.0,21.95636976,1521.966384144,1644.7481546400002,145.60777238400001,165.92605488
2026-03-20,0.013442832,1302.169015728,118.49705654400002,2.0,5435.870967741936,68.93,34.58,9.5,39.0,3.222222222222222,4.722222222222222,-0.7880107536067218,0.6156614753256585,0.0,12.10344827586207,21.4,2838.0967741935483,0.0,0.0,5209.0,5209.0,1.0,0.0,0.0,0.0,0.0,0.0,1,여수,3,4,2026,spring,1,0.005749056000000001,8.773916832,1452.5586790559998,1389.632125536,124.975012032,156.79547712
2026-03-21,0.359125632,1319.51524464,110.56636224,2.0,5435.870967741936,68.93,34.58,9.0,63.0,2.1944444444444446,3.3888888888888884,0.6819983600624986,-0.7313537016191705,0.0,28.708860759493668,21.59,2838.0967741935483,0.0,0.0,5224.0,5224.0,1.0,0.0,0.0,0.0,0.0,0.0,1,여수,3,5,2026,spring,1,0.013442832,20.794714272,1302.169015728,1516.170784608,118.49705654400002,144.366557184
2026-03-22,60.60068006400001,1209.607338384,101.755521504,2.0,5435.870967741936,68.93,34.58,9.8,61.0,1.2222222222222223,2.5277777777777777,0.1908089953765449,-0.981627183447664,0.0,49.90909090909091,12.3,2838.0967741935483,0.0,0.0,4993.0,4993.0,1.0,0.0,0.0,0.0,0.0,0.0,1,여수,3,6,2026,spring,1,0.359125632,46.05904468800001,1319.51524464,1256.924285424,110.56636224,127.75065681599999
2026-03-23,98.42657544,1166.5916064,110.39842814400001,2.0,5435.870967741936,68.93,34.58,11.1,50.0,2.8055555555555554,5.555555555555555,0.9993908270190958,-0.0348994967025009,0.0,17.821782178217823,21.79,2838.0967741935483,0.0,0.0,4970.0,4970.0,1.0,0.0,0.0,0.0,0.0,0.0,1,여수,3,0,2026,spring,1,60.60068006400001,15.733452816,1209.607338384,1122.107612256,101.755521504,113.65995916800001
2026-03-24,176.00081644799997,1125.3087722879998,116.57474481599999,2.0,5435.870967741936,68.93,34.58,11.8,64.0,3.9166666666666665,4.555555555555555,0.984807753012208,0.1736481776669304,0.0,16.340425531914896,19.48,2838.0967741935483,0.0,0.0,5606.0,5606.0,1.0,0.0,0.0,0.0,0.0,0.0,1,여수,3,1,2026,spring,1,98.42657544,0.6623570880000001,1166.5916064,1345.2089280479997,110.39842814400001,131.597045856
2026-03-25,260.920526112,1460.222070912,134.30438323200002,2.0,5435.870967741936,68.93,34.58,11.6,79.0,2.3333333333333335,3.6666666666666665,0.2419218955996677,0.9702957262759964,8.6,33.857142857142854,8.78,2838.0967741935483,0.0,0.0,5598.0,5598.0,1.0,0.0,0.0,0.0,0.0,0.0,1,여수,3,2,2026,spring,1,176.00081644799997,0.0,1125.3087722879998,1521.966384144,116.57474481599999,145.60777238400001
2026-03-26,163.12409827200003,1388.33561664,154.85020243200003,2.0,5435.870967741936,68.93,34.58,12.2,61.0,2.888888888888889,4.666666666666667,-0.9998476951563912,0.0174524064372831,0.0,21.115384615384617,21.45,2838.0967741935483,0.0,0.0,5918.0,5918.0,1.0,0.0,0.0,0.0,0.0,0.0,1,여수,3,3,2026,spring,1,260.920526112,0.005749056000000001,1460.222070912,1452.5586790559998,134.30438323200002,124.975012032
2026-03-27,3.8474222399999998,505.6505136,120.82068518399998,2.0,5435.870967741936,68.93,34.58,15.3,41.0,3.6944444444444446,6.333333333333333,-0.9743700647852352,0.2249510543438649,0.0,11.097744360902254,20.87,2838.0967741935483,0.0,0.0,5002.0,5002.0,1.0,0.0,0.0,0.0,0.0,0.0,1,여수,3,4,2026,spring,1,163.12409827200003,0.013442832,1388.33561664,1302.169015728,154.85020243200003,118.49705654400002
2026-03-28,0.127236096,335.56009017599996,112.503376224,2.0,5435.870967741936,68.93,34.58,13.8,57.0,3.611111111111111,5.861111111111112,-0.9335804264972016,-0.3583679495453007,0.0,15.784615384615384,22.47,2838.0967741935483,0.0,0.0,5170.0,5170.0,1.0,0.0,0.0,0.0,0.0,0.0,1,여수,3,5,2026,spring,1,3.8474222399999998,0.359125632,505.6505136,1319.51524464,120.82068518399998,110.56636224
2026-03-29,0.0,344.56325126400003,105.014960928,2.0,5435.870967741936,68.93,34.58,12.9,83.0,2.861111111111111,4.055555555555555,0.9271838545667874,-0.374606593415912,0.0,29.009708737864077,19.76,2838.0967741935483,0.0,0.0,5050.0,5050.0,1.0,0.0,0.0,0.0,0.0,0.0,1,여수,3,6,2026,spring,1,0.127236096,60.60068006400001,335.56009017599996,1209.607338384,112.503376224,101.755521504
2026-03-30,0.0,719.818330032,107.491592592,2.0,5435.870967741936,68.93,34.58,13.0,88.0,4.027777777777778,8.88888888888889,0.9135454576426008,0.4067366430758002,22.1,21.848275862068967,7.7,2838.0967741935483,0.0,0.0,4992.0,4992.0,1.0,0.0,0.0,0.0,0.0,0.0,1,여수,3,0,2026,spring,1,0.0,98.42657544,344.56325126400003,1166.5916064,105.014960928,110.39842814400001
2026-03-31,0.0,942.886943856,102.07405281599999,2.0,5435.870967741936,68.93,34.58,13.8,79.0,4.055555555555555,7.444444444444445,0.7986355100472928,0.6018150231520483,3.0,19.47945205479452,15.64,2838.0967741935483,0.0,0.0,5044.0,5044.0,1.0,0.0,0.0,0.0,0.0,0.0,1,여수,3,1,2026,spring,1,0.0,176.00081644799997,719.818330032,1125.3087722879998,107.491592592,116.57474481599999
2026-04-01,3.137538528,1152.563485536,396.127948032,2.0,9628.466666666667,60.595763534519165,35.364962991684386,12.9,80.0,2.7222222222222223,4.555555555555555,0.7986355100472928,0.6018150231520483,2.2,29.387755102040817,8.29,4932.6,56.7,0.0,7139.0,7139.0,0.9886356803559618,0.011364319644038242,0.0,0.0,0.0,0.0,1,여수,4,2,2026,spring,0,0.0,260.920526112,942.886943856,1460.222070912,102.07405281599999,134.30438323200002
2026-04-02,12.62943936,1396.315286352,359.42052139199996,2.0,9628.466666666667,60.595763534519165,35.364962991684386,13.3,49.0,4.694444444444444,5.694444444444445,-0.9335804264972016,0.3583679495453004,0.2,10.437869822485208,22.99,4932.6,56.7,0.0,6693.0,6693.0,0.9886356803559618,0.011364319644038242,0.0,0.0,0.0,0.0,1,여수,4,3,2026,spring,0,3.137538528,163.12409827200003,1152.563485536,1388.33561664,396.127948032,154.85020243200003
2026-04-03,141.69248654400002,2463.4069034400004,362.13791040000007,2.0,9628.466666666667,60.595763534519165,35.364962991684386,13.0,77.0,2.638888888888889,6.0,-0.0174524064372836,-0.9998476951563912,1.8,29.178947368421053,17.81,4932.6,56.7,0.0,13647.0,13647.0,0.9886356803559618,0.011364319644038242,0.0,0.0,0.0,0.0,1,여수,4,4,2026,spring,0,12.62943936,3.8474222399999998,1396.315286352,505.6505136,359.42052139199996,120.82068518399998
2026-04-04,593.926290576,2891.54549448,306.41977267199997,2.0,9628.466666666667,60.595763534519165,35.364962991684386,14.5,82.0,5.861111111111112,9.305555555555555,-0.6946583704589976,0.7193398003386509,61.5,13.990521327014218,14.82,4932.6,56.7,0.0,12497.0,12497.0,0.9886356803559618,0.011364319644038242,0.0,0.0,0.0,0.0,1,여수,4,5,2026,spring,0,141.69248654400002,0.127236096,2463.4069034400004,335.56009017599996,362.13791040000007,112.503376224
2026-04-05,152.669905632,1236.286693152,1833.488167104,2.0,9628.466666666667,60.595763534519165,35.364962991684386,11.3,71.0,3.9166666666666665,5.888888888888888,-0.9702957262759964,-0.2419218955996677,0.0,18.127659574468087,23.01,4932.6,56.7,0.0,7948.0,7948.0,0.9886356803559618,0.011364319644038242,0.0,0.0,0.0,0.0,1,여수,4,6,2026,spring,0,593.926290576,0.0,2891.54549448,344.56325126400003,306.41977267199997,105.014960928
2026-04-06,711.371380752,3076.206772031999,343.96878657599996,2.0,9628.466666666667,60.595763534519165,35.364962991684386,13.9,87.0,2.861111111111111,5.861111111111112,-0.913545457642601,-0.4067366430758001,10.7,30.40776699029126,14.46,4932.6,56.7,0.0,13540.0,13540.0,0.9886356803559618,0.011364319644038242,0.0,0.0,0.0,0.0,1,여수,4,0,2026,spring,0,152.669905632,0.0,1236.286693152,719.818330032,1833.488167104,107.491592592
2026-04-07,880.720730064,2225.974560768,1560.118915008,2.0,9628.466666666667,60.595763534519165,35.364962991684386,10.8,39.0,3.0277777777777777,6.166666666666666,-0.6946583704589976,0.7193398003386509,0.0,12.880733944954128,24.18,4932.6,56.7,0.0,8467.0,8467.0,0.9886356803559618,0.011364319644038242,0.0,0.0,0.0,0.0,1,여수,4,1,2026,spring,0,711.371380752,0.0,3076.206772031999,942.886943856,343.96878657599996,102.07405281599999
2026-04-08,938.0750728320002,2671.72758648,4128.300531792001,2.0,9628.466666666667,60.595763534519165,35.364962991684386,9.1,59.0,2.305555555555556,3.638888888888889,-0.3090169943749473,-0.9510565162951536,0.0,25.59036144578313,24.2,4932.6,56.7,0.0,9404.0,9404.0,0.9886356803559618,0.011364319644038242,0.0,0.0,0.0,0.0,1,여수,4,2,2026,spring,0,880.720730064,3.137538528,2225.974560768,1152.563485536,1560.118915008,396.127948032
2026-04-09,448.42819118399996,2720.6650932479997,378.83576966399994,2.0,9628.466666666667,60.595763534519165,35.364962991684386,13.3,95.0,5.527777777777778,10.75,0.2079116908177593,-0.9781476007338056,52.5,17.185929648241206,3.46,4932.6,56.7,0.0,12430.0,12430.0,0.9886356803559618,0.011364319644038242,0.0,0.0,0.0,0.0,1,여수,4,3,2026,spring,0,938.0750728320002,12.62943936,2671.72758648,1396.315286352,4128.300531792001,359.42052139199996
2026-04-10,396.66712176,3523.9776304320003,334.701593568,2.0,9628.466666666667,60.595763534519165,35.364962991684386,14.6,81.0,6.638888888888888,8.305555555555555,-0.9975640502598244,0.0697564737441252,1.4,12.200836820083683,19.34,4932.6,56.7,0.0,13744.0,13744.0,0.9886356803559618,0.011364319644038242,0.0,0.0,0.0,0.0,1,여수,4,4,2026,spring,0,448.42819118399996,141.69248654400002,2720.6650932479997,2463.4069034400004,378.83576966399994,362.13791040000007
2026-04-11,227.56963104000002,1701.920022048,5347.566991583999,2.0,9628.466666666667,60.595763534519165,35.364962991684386,14.3,71.0,4.583333333333333,5.833333333333333,-0.9945218953682734,0.1045284632676529,0.0,15.490909090909092,22.67,4932.6,56.7,0.0,7969.0,7969.0,0.9886356803559618,0.011364319644038242,0.0,0.0,0.0,0.0,1,여수,4,5,2026,spring,0,396.66712176,593.926290576,3523.9776304320003,2891.54549448,334.701593568,306.41977267199997
2026-04-12,317.1631828320001,1414.3070018879998,2014.4522082240003,2.0,9628.466666666667,60.595763534519165,35.364962991684386,14.8,66.0,2.4722222222222223,3.9722222222222223,0.9396926207859084,0.3420201433256688,0.0,26.696629213483146,16.16,4932.6,56.7,0.0,7088.0,7088.0,0.9886356803559618,0.011364319644038242,0.0,0.0,0.0,0.0,1,여수,4,6,2026,spring,0,227.56963104000002,152.669905632,1701.920022048,1236.286693152,5347.566991583999,1833.488167104
2026-04-13,1136.9471785920002,2873.2645170719998,310.238659584,2.0,9628.466666666667,60.595763534519165,35.364962991684386,16.4,64.0,2.833333333333333,6.027777777777778,0.9986295347545738,-0.0523359562429438,1.2,22.58823529411765,19.36,4932.6,56.7,0.0,12692.0,12692.0,0.9886356803559618,0.011364319644038242,0.0,0.0,0.0,0.0,1,여수,4,0,2026,spring,0,317.1631828320001,711.371380752,1414.3070018879998,3076.206772031999,2014.4522082240003,343.96878657599996
2026-04-14,3071.6497442880004,3509.392007952,363.10060339200004,2.0,9628.466666666667,60.595763534519165,35.364962991684386,16.2,65.0,3.222222222222222,4.027777777777778,0.9563047559630354,0.2923717047227367,0.2,20.172413793103452,8.22,4932.6,56.7,0.0,15567.0,15567.0,0.9886356803559618,0.011364319644038242,0.0,0.0,0.0,0.0,1,여수,4,1,2026,spring,0,1136.9471785920002,880.720730064,2873.2645170719998,2225.974560768,310.238659584,1560.118915008
2026-04-15,2760.7071646080003,3479.571333504,360.797239008,2.0,9628.466666666667,60.595763534519165,35.364962991684386,15.3,68.0,3.194444444444444,4.527777777777778,1.0,6.123233995736766e-17,0.0,21.286956521739132,23.06,4932.6,56.7,0.0,12859.0,12859.0,0.9886356803559618,0.011364319644038242,0.0,0.0,0.0,0.0,1,여수,4,2,2026,spring,0,3071.6497442880004,938.0750728320002,3509.392007952,2671.72758648,363.10060339200004,4128.300531792001
2026-04-16,1151.611582608,2457.771835968,2814.034925088,2.0,9628.466666666667,60.595763534519165,35.364962991684386,15.7,55.0,5.722222222222222,6.694444444444445,0.9271838545667874,0.3746065934159119,0.0,9.611650485436892,24.93,4932.6,56.7,0.0,8841.0,8841.0,0.9886356803559618,0.011364319644038242,0.0,0.0,0.0,0.0,1,여수,4,3,2026,spring,0,2760.7071646080003,448.42819118399996,3479.571333504,2720.6650932479997,360.797239008,378.83576966399994
2026-04-17,3216.58775352,3239.3034086400003,393.57693288,2.0,9628.466666666667,60.595763534519165,35.364962991684386,14.0,79.0,3.611111111111111,5.388888888888888,0.8290375725550417,0.5591929034707468,11.8,21.876923076923077,7.71,4932.6,56.7,0.0,12831.0,12831.0,0.9886356803559618,0.011364319644038242,0.0,0.0,0.0,0.0,1,여수,4,4,2026,spring,0,1151.611582608,396.66712176,2457.771835968,3523.9776304320003,2814.034925088,334.701593568
2026-04-18,1485.4180010399996,1695.2163729119998,6903.757351728,2.0,9628.466666666667,60.595763534519165,35.364962991684386,16.0,86.0,3.9166666666666665,5.555555555555555,0.9781476007338056,0.2079116908177594,7.0,21.95744680851064,16.07,4932.6,56.7,0.0,7723.0,7723.0,0.9886356803559618,0.011364319644038242,0.0,0.0,0.0,0.0,1,여수,4,5,2026,spring,0,3216.58775352,227.56963104000002,3239.3034086400003,1701.920022048,393.57693288,5347.566991583999
2026-04-19,1363.5210353759999,1578.66571368,312.73837920000005,2.0,9628.466666666667,60.595763534519165,35.364962991684386,16.7,86.0,2.2777777777777777,3.7222222222222223,0.9945218953682732,-0.1045284632676535,0.9,37.75609756097561,11.61,4932.6,56.7,0.0,6624.0,6624.0,0.9886356803559618,0.011364319644038242,0.0,0.0,0.0,0.0,1,여수,4,6,2026,spring,0,1485.4180010399996,317.1631828320001,1695.2163729119998,1414.3070018879998,6903.757351728,2014.4522082240003
2026-04-20,1416.7708928640002,2523.4535640960003,461.65810608000004,2.0,9628.466666666667,60.595763534519165,35.364962991684386,15.8,79.0,3.555555555555556,6.75,-0.9743700647852352,0.2249510543438649,1.5,22.21875,20.71,4932.6,56.7,0.0,11478.0,11478.0,0.9886356803559618,0.011364319644038242,0.0,0.0,0.0,0.0,1,여수,4,0,2026,spring,0,1363.5210353759999,1136.9471785920002,1578.66571368,2873.2645170719998,312.73837920000005,310.238659584
2026-04-21,2095.1992532159998,2331.0935362080004,4591.421589887999,2.0,9628.466666666667,60.595763534519165,35.364962991684386,12.0,48.0,2.694444444444444,6.222222222222221,-0.9271838545667872,-0.3746065934159123,0.0,17.814432989690722,25.68,4932.6,56.7,0.0,10138.0,10138.0,0.9886356803559618,0.011364319644038242,0.0,0.0,0.0,0.0,1,여수,4,1,2026,spring,0,1416.7708928640002,3071.6497442880004,2523.4535640960003,3509.392007952,461.65810608000004,363.10060339200004
2026-04-22,2039.368361184,2216.0065656959996,427.959219168,2.0,9628.466666666667,60.595763534519165,35.364962991684386,12.5,77.0,2.5833333333333335,4.527777777777778,0.5446390350150271,0.838670567945424,7.9,29.806451612903224,3.92,4932.6,56.7,0.0,8023.0,8023.0,0.9886356803559618,0.011364319644038242,0.0,0.0,0.0,0.0,1,여수,4,2,2026,spring,0,2095.1992532159998,2760.7071646080003,2331.0935362080004,3479.571333504,4591.421589887999,360.797239008
2026-04-23,2482.775446176,2200.6937832480003,366.47131982400003,2.0,9628.466666666667,60.595763534519165,35.364962991684386,14.5,69.0,4.361111111111111,6.194444444444445,0.8290375725550417,0.5591929034707468,2.3,15.821656050955417,13.72,4932.6,56.7,0.0,7674.0,7674.0,0.9886356803559618,0.011364319644038242,0.0,0.0,0.0,0.0,1,여수,4,3,2026,spring,0,2039.368361184,1151.611582608,2216.0065656959996,2457.771835968,427.959219168,2814.034925088
2026-04-24,2391.445659024,2244.116577024,381.923680752,2.0,9628.466666666667,60.595763534519165,35.364962991684386,14.6,56.0,3.638888888888889,5.638888888888889,0.788010753606722,0.6156614753256583,0.0,15.389312977099236,25.32,4932.6,56.7,0.0,8080.0,8080.0,0.9886356803559618,0.011364319644038242,0.0,0.0,0.0,0.0,1,여수,4,4,2026,spring,0,2482.775446176,3216.58775352,2200.6937832480003,3239.3034086400003,366.47131982400003,393.57693288
2026-04-25,1255.096782,2125.29721752,367.194392208,2.0,9628.466666666667,60.595763534519165,35.364962991684386,15.1,61.0,2.694444444444444,4.083333333333333,0.9902680687415704,0.1391731009600654,0.0,22.63917525773196,25.51,4932.6,56.7,0.0,7755.0,7755.0,0.9886356803559618,0.011364319644038242,0.0,0.0,0.0,0.0,1,여수,4,5,2026,spring,0,2391.445659024,1485.4180010399996,2244.116577024,1695.2163729119998,381.923680752,6903.757351728
2026-04-26,2373.501151296,1977.573939264,378.039920544,2.0,9628.466666666667,60.595763534519165,35.364962991684386,15.4,78.0,2.3333333333333335,3.8055555555555554,-0.275637355816999,-0.9612616959383188,0.0,33.42857142857142,23.73,4932.6,56.7,0.0,7383.0,7383.0,0.9886356803559618,0.011364319644038242,0.0,0.0,0.0,0.0,1,여수,4,6,2026,spring,0,1255.096782,1363.5210353759999,2125.29721752,1578.66571368,367.194392208,312.73837920000005
2026-04-27,2175.89697792,2074.31142624,399.21218035199996,2.0,9628.466666666667,60.595763534519165,35.364962991684386,17.0,57.0,2.888888888888889,4.027777777777778,-0.8191520442889916,-0.5735764363510464,0.0,19.73076923076923,23.65,4932.6,56.7,0.0,7639.0,7639.0,0.9886356803559618,0.011364319644038242,0.0,0.0,0.0,0.0,1,여수,4,0,2026,spring,0,2373.501151296,1416.7708928640002,1977.573939264,2523.4535640960003,378.039920544,461.65810608000004
2026-04-28,1594.4192668800004,2047.5134962560003,415.76693961600006,2.0,9628.466666666667,60.595763534519165,35.364962991684386,15.8,51.0,4.972222222222221,6.666666666666666,-0.945518575599317,0.3255681544571563,0.0,10.256983240223466,18.49,4932.6,56.7,0.0,7550.0,7550.0,0.9886356803559618,0.011364319644038242,0.0,0.0,0.0,0.0,1,여수,4,1,2026,spring,0,2175.89697792,2095.1992532159998,2074.31142624,2331.0935362080004,399.21218035199996,4591.421589887999
2026-04-29,1149.1384809600002,2205.5675824800005,423.50618793600006,2.0,9628.466666666667,60.595763534519165,35.364962991684386,14.3,51.0,2.25,4.916666666666666,-0.981627183447664,-0.1908089953765446,0.0,22.666666666666668,15.76,4932.6,56.7,0.0,7739.0,7739.0,0.9886356803559618,0.011364319644038242,0.0,0.0,0.0,0.0,1,여수,4,2,2026,spring,0,1594.4192668800004,2039.368361184,2047.5134962560003,2216.0065656959996,415.76693961600006,427.959219168
2026-04-30,1003.3709616000001,1984.21726896,340.46898264000004,2.0,9628.466666666667,60.595763534519165,35.364962991684386,14.7,72.0,2.5277777777777777,5.5,0.9961946980917455,0.0871557427476581,1.6,28.483516483516485,13.13,4932.6,56.7,0.0,7692.0,7692.0,0.9886356803559618,0.011364319644038242,0.0,0.0,0.0,0.0,1,여수,4,3,2026,spring,0,1149.1384809600002,2482.775446176,2205.5675824800005,2200.6937832480003,423.50618793600006,366.47131982400003
2026-05-01,1101.42986112,1711.657534176,202.52537971199996,2.0,9628.466666666667,60.595763534519165,35.364962991684386,,,,,,,,,,4932.6,56.7,0.0,,9628.466666666667,0.9886356803559618,0.011364319644038242,0.0,0.0,0.0,0.0,1,여수,5,4,2026,spring,0,1003.3709616000001,2391.445659024,1984.21726896,2244.116577024,340.46898264000004,381.923680752
2026-05-02,1420.62868656,1747.0514591999997,214.243678944,2.0,9628.466666666667,60.595763534519165,35.364962991684386,,,,,,,,,,4932.6,56.7,0.0,,9628.466666666667,0.9886356803559618,0.011364319644038242,0.0,0.0,0.0,0.0,1,여수,5,5,2026,spring,0,1101.42986112,1255.096782,1711.657534176,2125.29721752,202.52537971199996,367.194392208
2026-05-03,2020.9614652800005,2006.1481351680004,237.001117104,2.0,9628.466666666667,60.595763534519165,35.364962991684386,,,,,,,,,,4932.6,56.7,0.0,,9628.466666666667,0.9886356803559618,0.011364319644038242,0.0,0.0,0.0,0.0,1,여수,5,6,2026,spring,0,1420.62868656,2373.501151296,1747.0514591999997,1977.573939264,214.243678944,378.039920544
2026-05-04,1873.4607077760002,1861.545351024,331.387525152,2.0,9628.466666666667,60.595763534519165,35.364962991684386,,,,,,,,,,4932.6,56.7,0.0,,9628.466666666667,0.9886356803559618,0.011364319644038242,0.0,0.0,0.0,0.0,1,여수,5,0,2026,spring,0,2020.9614652800005,2175.89697792,2006.1481351680004,2074.31142624,237.001117104,399.21218035199996
2026-05-05,1671.1923214079998,2290.887239472,465.692939712,2.0,9628.466666666667,60.595763534519165,35.364962991684386,,,,,,,,,,4932.6,56.7,0.0,,9628.466666666667,0.9886356803559618,0.011364319644038242,0.0,0.0,0.0,0.0,1,여수,5,1,2026,spring,0,1873.4607077760002,1594.4192668800004,1861.545351024,2047.5134962560003,331.387525152,415.76693961600006
2026-05-06,1285.3761131520002,2083.687340544,448.92829008,2.0,9628.466666666667,60.595763534519165,35.364962991684386,,,,,,,,,,4932.6,56.7,0.0,,9628.466666666667,0.9886356803559618,0.011364319644038242,0.0,0.0,0.0,0.0,1,여수,5,2,2026,spring,0,1671.1923214079998,1149.1384809600002,2290.887239472,2205.5675824800005,465.692939712,423.50618793600006
2026-05-07,1420.3222719840003,2209.002452496,319.36687790400003,2.0,9628.466666666667,60.595763534519165,35.364962991684386,,,,,,,,,,4932.6,56.7,0.0,,9628.466666666667,0.9886356803559618,0.011364319644038242,0.0,0.0,0.0,0.0,1,여수,5,3,2026,spring,0,1285.3761131520002,1003.3709616000001,2083.687340544,1984.21726896,448.92829008,340.46898264000004
2026-05-08,1676.6860498560002,2034.7507177920002,239.067128592,2.0,9628.466666666667,60.595763534519165,35.364962991684386,,,,,,,,,,4932.6,56.7,0.0,,9628.466666666667,0.9886356803559618,0.011364319644038242,0.0,0.0,0.0,0.0,1,여수,5,4,2026,spring,0,1420.3222719840003,1101.42986112,2209.002452496,1711.657534176,319.36687790400003,202.52537971199996
2026-05-09,1638.825761664,1750.058279424,214.12259668800002,2.0,9628.466666666667,60.595763534519165,35.364962991684386,,,,,,,,,,4932.6,56.7,0.0,,9628.466666666667,0.9886356803559618,0.011364319644038242,0.0,0.0,0.0,0.0,1,여수,5,5,2026,spring,0,1676.6860498560002,1420.62868656,2034.7507177920002,1747.0514591999997,239.067128592,214.243678944
