date,SOx,NOx,먼지,SOx_conc,NOx_conc,dust_conc,n_units,temp_mean,humidity_mean,wind_dir,wind_speed_mean,precipitation,wind_sin,wind_cos,stagnation_idx,유연탄,LNG,oil_ton,coal_ratio,lng_ratio,gen_mwh,heat_efficiency,utilization,api_gen_mwh,renewable_mwh,wind_speed_max,pressure_mean,solar_radiation,solar_mwh,wind_mwh,renewable_ratio,dayofweek,season,plant_type,is_coal,hydro_mwh
2020-07-16,8315.430754896,25928.975269008,1859.282736336,12.2375,98.1375,39.88125,8,19.58,89.77,68.32,1.35,0.0,0.9292615808917024,0.3694224063029395,66.4962962962963,13506.806451612903,0.0,10.451612903225806,1.0,0.0,32330.709677419356,35.782684394743036,81.17447975159939,,0.0,13.708391,1003.7657,24.11,0.0,0.0,,3,summer,samcheonpo_coal,1,0.0
2020-07-17,9219.091915008,25551.550929024,2041.968820752,10.77375,98.28375,38.11125,8,19.55,91.99,57.0,2.05,0.0,0.838670567945424,0.5446390350150271,44.87317073170732,13506.806451612903,0.0,10.451612903225806,1.0,0.0,32330.709677419356,35.782684394743036,81.17447975159939,,0.0,10.8955765,1005.5769,27.14,0.0,0.0,,4,summer,samcheonpo_coal,1,0.0
2020-07-18,8767.237553424,25663.054205664,2021.405315616,11.715,99.62375,30.56125,8,21.63,86.08,117.99,1.96,0.0,0.8830295176556012,-0.4693174522100327,43.91836734693877,13506.806451612903,0.0,10.451612903225806,1.0,0.0,32330.709677419356,35.782684394743036,81.17447975159939,,0.0,9.021574,1006.29364,13.53,0.0,0.0,,5,summer,samcheonpo_coal,1,0.0
2020-07-19,8401.119212879998,25690.756809744,2058.996017808,10.47,86.0475,33.05625,8,24.0,99.0,242.87,9.08,7.75,-0.889974159837923,-0.4560109591016239,10.90308370044053,13506.806451612903,0.0,10.451612903225806,1.0,0.0,32330.709677419356,35.782684394743036,81.17447975159939,,0.0,21.67487,1004.3023,5.46,0.0,0.0,,6,summer,samcheonpo_coal,1,0.0
2020-07-20,9329.56003944,26260.53566112,2322.074042064,13.8475,70.91749999999999,34.02875,8,22.61,93.93,110.46,1.11,0.5,0.9369164518419248,-0.3495533754206046,84.62162162162161,13506.806451612903,0.0,10.451612903225806,1.0,0.0,32330.709677419356,35.782684394743036,81.17447975159939,,0.0,19.652176,1004.2212,8.87,0.0,0.0,,0,summer,samcheonpo_coal,1,0.0
2020-07-21,9129.7013904,26441.996489136,1906.036374672,11.17125,71.7825,40.95625,8,23.48,89.0,218.82,1.87,4.5,-0.6268758134535259,-0.7791191914636554,47.593582887700535,13506.806451612903,0.0,10.451612903225806,1.0,0.0,32330.709677419356,35.782684394743036,81.17447975159939,,0.0,10.883676,1008.0728,14.7,0.0,0.0,,1,summer,samcheonpo_coal,1,0.0
2020-07-22,10120.289013504,27233.865053136004,2246.1371010720004,18.1375,77.595,39.00625000000001,8,22.58,98.0,68.72,1.82,20.25,0.9318179694207724,0.3629259867583863,53.84615384615385,13506.806451612903,0.0,10.451612903225806,1.0,0.0,32330.709677419356,35.782684394743036,81.17447975159939,,0.0,11.435313,1006.7312,3.54,0.0,0.0,,2,summer,samcheonpo_coal,1,0.0
2020-07-23,10841.239827216,27260.818226496,2320.9065899999996,15.8175,74.05624999999999,42.803749999999994,8,21.52,95.01,186.07,2.5,55.57,-0.1057434226634942,-0.9943934475666106,38.004000000000005,13506.806451612903,0.0,10.451612903225806,1.0,0.0,32330.709677419356,35.782684394743036,81.17447975159939,,0.0,28.496904,1003.3703,3.51,0.0,0.0,,3,summer,samcheonpo_coal,1,0.0
2020-07-24,10858.887278928,27182.082393072,2160.756049392,16.77375,73.70625000000001,32.706250000000004,8,20.0,98.01,317.08,4.69,1.5,-0.6809765331917579,0.7323052377541313,20.897654584221748,13506.806451612903,0.0,10.451612903225806,1.0,0.0,32330.709677419356,35.782684394743036,81.17447975159939,,0.0,26.260265,994.2066,3.73,0.0,0.0,,4,summer,samcheonpo_coal,1,0.0
2020-07-25,12113.30128536,25853.750755344,2153.450718864,14.46125,86.92875,37.9825,8,21.65,93.06,238.15,2.14,0.25,-0.8494325137479078,-0.5276972660417243,43.48598130841121,13506.806451612903,0.0,10.451612903225806,1.0,0.0,32330.709677419356,35.782684394743036,81.17447975159939,,0.0,11.792404,998.14087,11.6,0.0,0.0,,5,summer,samcheonpo_coal,1,0.0
2020-07-26,10658.541088224,25683.176576016,2186.729123616,14.32875,87.42875000000001,38.842499999999994,8,22.33,87.88,155.32,0.88,0.0,0.4175499191700165,-0.908653985299747,99.86363636363636,13506.806451612903,0.0,10.451612903225806,1.0,0.0,32330.709677419356,35.782684394743036,81.17447975159939,,0.0,12.979984,1003.96625,22.13,0.0,0.0,,6,summer,samcheonpo_coal,1,0.0
2020-07-27,10805.410670976,26779.506251183997,2314.180988064,12.215,87.32,38.54375,8,22.07,98.0,205.68,1.43,7.25,-0.4333445229571871,-0.9012283419994114,68.53146853146853,13506.806451612903,0.0,10.451612903225806,1.0,0.0,32330.709677419356,35.782684394743036,81.17447975159939,,0.0,10.703569,1004.68695,4.2,0.0,0.0,,0,summer,samcheonpo_coal,1,0.0
2020-07-28,10229.530806432002,26305.644629952,2079.995490288,11.6575,79.33875,39.116249999999994,8,23.49,99.0,203.39,0.81,14.0,-0.3969877061872494,-0.9178239270885163,122.2222222222222,13506.806451612903,0.0,10.451612903225806,1.0,0.0,32330.709677419356,35.782684394743036,81.17447975159939,,0.0,13.584932,1006.4068,7.17,0.0,0.0,,1,summer,samcheonpo_coal,1,0.0
2020-07-29,8149.96376496,25851.806769312,1905.15697992,16.32625,68.9875,40.54875,8,23.91,98.61,246.6,0.84,16.5,-0.9177546256839808,-0.3971478906347811,117.39285714285715,13506.806451612903,0.0,10.451612903225806,1.0,0.0,32330.709677419356,35.782684394743036,81.17447975159939,,0.0,8.427383,1009.51373,8.25,0.0,0.0,,2,summer,samcheonpo_coal,1,0.0
2020-07-30,8459.956120464,25879.70083176,2103.073739424,12.97875,62.005,46.04375,8,23.27,97.01,113.61,1.44,21.0,0.916292841517839,-0.4005089619261528,67.36805555555556,13506.806451612903,0.0,10.451612903225806,1.0,0.0,32330.709677419356,35.782684394743036,81.17447975159939,,0.0,8.225035,1010.9714,8.08,0.0,0.0,,3,summer,samcheonpo_coal,1,0.0
2020-07-31,8030.225647871999,26352.572012784,2255.073823728,15.11,67.82625,47.5675,8,24.59,92.96,136.6,1.11,0.0,0.687087510804423,-0.7265746709709758,83.74774774774774,13506.806451612903,0.0,10.451612903225806,1.0,0.0,32330.709677419356,35.782684394743036,81.17447975159939,,0.0,7.928177,1010.6862,11.6,0.0,0.0,,4,summer,samcheonpo_coal,1,0.0
2020-08-01,7866.09302544,25706.900233008,2110.037956128,16.37875,65.02374999999999,47.53375,8,25.06,95.36,266.48,1.54,0.0,-0.9981134276520828,-0.0613969505807153,61.92207792207792,16300.290322580646,0.0,14.483870967741936,1.0,0.0,40826.6129032258,36.332270087901236,84.0968769817284,,0.0,10.514218,1008.9007,17.59,0.0,0.0,,5,summer,samcheonpo_coal,1,0.0
2020-08-02,8049.070032048,23451.366008016,1971.316784736,16.6175,60.287499999999994,47.39875000000001,8,25.14,94.01,261.47,2.14,0.0,-0.9889383349666095,-0.148327238339658,43.929906542056074,16300.290322580646,0.0,14.483870967741936,1.0,0.0,40826.6129032258,36.332270087901236,84.0968769817284,,0.0,11.983188,1007.2173,14.42,0.0,0.0,,6,summer,samcheonpo_coal,1,0.0
2020-08-03,7769.35393344,25134.738860592,1918.0024606080003,14.31125,59.87625,47.15875,8,25.12,92.9,79.26,2.46,0.0,0.982482937347394,0.1863525632269032,37.764227642276424,16300.290322580646,0.0,14.483870967741936,1.0,0.0,40826.6129032258,36.332270087901236,84.0968769817284,,0.0,12.015589,1007.3968,13.69,0.0,0.0,,0,summer,samcheonpo_coal,1,0.0
2020-08-04,8629.64323632,26142.120945792,2051.436298176,10.19625,65.88374999999999,41.595,8,26.49,92.6,204.51,3.22,0.0,-0.4148520545417176,-0.9098888793927068,28.75776397515527,16300.290322580646,0.0,14.483870967741936,1.0,0.0,40826.6129032258,36.332270087901236,84.0968769817284,,0.0,11.27553,1009.336,19.61,0.0,0.0,,1,summer,samcheonpo_coal,1,0.0
2020-08-05,8904.01236192,25738.41568896,2069.93954016,14.63875,59.2075,38.486250000000005,8,24.8,96.0,241.5,7.88,0.5,-0.8788171126619653,-0.4771587602596087,12.18274111675127,16300.290322580646,0.0,14.483870967741936,1.0,0.0,40826.6129032258,36.332270087901236,84.0968769817284,,0.0,19.469975,1010.3125,15.18,0.0,0.0,,2,summer,samcheonpo_coal,1,0.0
2020-08-06,10030.583145168,25598.264984928,2237.09041872,20.1775,58.7025,39.34625,8,24.6,95.01,193.76,1.39,2.5,-0.2378554198779626,-0.97130057100502,68.35251798561151,16300.290322580646,0.0,14.483870967741936,1.0,0.0,40826.6129032258,36.332270087901236,84.0968769817284,,0.0,19.483284,1005.9296,5.03,0.0,0.0,,3,summer,samcheonpo_coal,1,0.0
2020-08-07,10524.09503736,25133.256032832003,2151.681057072,11.49375,55.8225,34.8325,8,24.8,95.01,236.13,1.64,4.75,-0.8303042059618937,-0.5573104391288477,57.9329268292683,16300.290322580646,0.0,14.483870967741936,1.0,0.0,40826.6129032258,36.332270087901236,84.0968769817284,,0.0,15.745627,1004.00836,4.69,0.0,0.0,,4,summer,samcheonpo_coal,1,0.0
2020-08-08,10448.920261728,25633.378764432,2253.9023769600003,12.9075,54.4225,33.5625,8,24.51,97.01,223.94,6.86,15.74,-0.6939046988302457,-0.7200668503280135,14.14139941690962,16300.290322580646,0.0,14.483870967741936,1.0,0.0,40826.6129032258,36.332270087901236,84.0968769817284,,0.0,15.175612,1001.2797,2.71,0.0,0.0,,5,summer,samcheonpo_coal,1,0.0
2020-08-09,9976.094189712,24843.245707584003,2167.26634728,13.82125,44.4125,15.7525,8,24.59,96.0,262.72,7.41,2.25,-0.9919387360751216,-0.126718364390054,12.955465587044534,16300.290322580646,0.0,14.483870967741936,1.0,0.0,40826.6129032258,36.332270087901236,84.0968769817284,,0.0,16.575644,1002.4807,19.2,0.0,0.0,,6,summer,samcheonpo_coal,1,0.0
2020-08-10,10474.273405728,25115.932976975997,2333.43461016,16.81,44.39375,21.78125,8,24.64,97.33,201.84,1.54,29.75,-0.3720159503869815,-0.9282263369769632,63.2012987012987,16300.290322580646,0.0,14.483870967741936,1.0,0.0,40826.6129032258,36.332270087901236,84.0968769817284,,0.0,23.847115,1001.04486,5.63,0.0,0.0,,0,summer,samcheonpo_coal,1,0.0
2020-08-11,10733.563119024,25636.767497856,2384.68165992,18.28375,48.55125,26.91375,8,25.14,98.0,153.4,1.22,8.13,0.4477590878387698,-0.8941542368393681,80.32786885245902,16300.290322580646,0.0,14.483870967741936,1.0,0.0,40826.6129032258,36.332270087901236,84.0968769817284,,0.0,15.596767,1007.02057,14.49,0.0,0.0,,1,summer,samcheonpo_coal,1,0.0
2020-08-12,11174.872642992,25164.766169424,2394.152243712,13.6275,41.36125,17.90125,8,25.12,94.99,163.21,1.7,7.75,0.2888647087708592,-0.9573699285159978,55.87647058823529,16300.290322580646,0.0,14.483870967741936,1.0,0.0,40826.6129032258,36.332270087901236,84.0968769817284,,0.0,11.119281,1010.03265,6.49,0.0,0.0,,2,summer,samcheonpo_coal,1,0.0
2020-08-13,11796.853205664,25038.859829472003,2431.0020231360004,18.05,38.45625,15.03375,8,26.06,94.92,238.41,3.77,0.0,-0.8518183739629722,-0.5238372435967854,25.177718832891248,16300.290322580646,0.0,14.483870967741936,1.0,0.0,40826.6129032258,36.332270087901236,84.0968769817284,,0.0,12.496718,1008.16675,20.43,0.0,0.0,,3,summer,samcheonpo_coal,1,0.0
2020-08-14,10644.109141248,23547.458113056,2484.7481187360004,16.1075,33.3975,18.74375,8,26.1,91.13,56.6,1.52,0.0,0.8348478632634065,0.5504807400849956,59.95394736842105,16300.290322580646,0.0,14.483870967741936,1.0,0.0,40826.6129032258,36.332270087901236,84.0968769817284,,0.0,16.548256,1005.08765,20.21,0.0,0.0,,4,summer,samcheonpo_coal,1,0.0
2020-08-15,9235.046000879998,23111.580549744,2224.285815744,15.98,36.06625,38.2675,8,25.28,91.84,170.55,1.09,0.0,0.164186846568863,-0.9864292571764954,84.25688073394495,16300.290322580646,0.0,14.483870967741936,1.0,0.0,40826.6129032258,36.332270087901236,84.0968769817284,,0.0,15.496736,1006.3464,23.14,0.0,0.0,,5,summer,samcheonpo_coal,1,0.0
2020-08-16,8936.242686720001,23777.228770704,2183.030026992,17.7575,35.75,26.785,8,25.74,91.69,111.09,1.71,0.0,0.9330163519114588,-0.3598339715283048,53.61988304093567,16300.290322580646,0.0,14.483870967741936,1.0,0.0,40826.6129032258,36.332270087901236,84.0968769817284,,0.0,13.397612,1008.1404,23.44,0.0,0.0,,6,summer,samcheonpo_coal,1,0.0
2020-08-17,14374.746234432,24711.87475296,3062.4584120639997,22.29375,38.97,46.73,8,25.43,91.89,67.76,1.35,0.0,0.925606576571252,0.378487074294548,68.06666666666666,16300.290322580646,0.0,14.483870967741936,1.0,0.0,40826.6129032258,36.332270087901236,84.0968769817284,,0.0,10.296251,1009.8386,25.59,0.0,0.0,,0,summer,samcheonpo_coal,1,0.0
2020-08-18,10965.42888192,28850.01427152,3054.163175568,17.8475,46.00125,15.62,8,25.23,91.81,74.24,2.4,0.0,0.962407846499124,0.2716084258577387,38.25416666666667,16300.290322580646,0.0,14.483870967741936,1.0,0.0,40826.6129032258,36.332270087901236,84.0968769817284,,0.0,9.693296,1009.21344,24.99,0.0,0.0,,1,summer,samcheonpo_coal,1,0.0
2020-08-19,12804.872883696,28752.864874272003,2646.077084064,14.3675,32.035000000000004,2.90125,8,25.9,89.74,65.94,2.07,0.0,0.9131190231965356,0.407693082448801,43.35265700483092,16300.290322580646,0.0,14.483870967741936,1.0,0.0,40826.6129032258,36.332270087901236,84.0968769817284,,0.0,8.557102,1007.2172,25.5,0.0,0.0,,2,summer,samcheonpo_coal,1,0.0
2020-08-20,14540.556282912,30567.999988368,2745.766868256,15.60625,32.4825,2.93375,8,26.34,88.38,231.19,0.82,0.0,-0.779228590065895,-0.6267398219547864,107.78048780487804,16300.290322580646,0.0,14.483870967741936,1.0,0.0,40826.6129032258,36.332270087901236,84.0968769817284,,0.0,10.966713,1008.26154,25.29,0.0,0.0,,3,summer,samcheonpo_coal,1,0.0
2020-08-21,17341.75723176,30489.379020288008,2670.092838288,18.655,32.52375,2.8525,8,24.74,89.07,216.93,2.3,0.0,-0.6008388569104955,-0.7993701695875879,38.72608695652174,16300.290322580646,0.0,14.483870967741936,1.0,0.0,40826.6129032258,36.332270087901236,84.0968769817284,,0.0,10.144082,1010.2986,23.64,0.0,0.0,,4,summer,samcheonpo_coal,1,0.0
2020-08-22,13840.516505376,29718.368979408,2882.28959424,14.9375,31.835,3.09125,8,24.69,87.67,57.13,1.77,0.0,0.8399041549050745,0.542734751580542,49.53107344632768,16300.290322580646,0.0,14.483870967741936,1.0,0.0,40826.6129032258,36.332270087901236,84.0968769817284,,0.0,11.480557,1009.281,13.37,0.0,0.0,,5,summer,samcheonpo_coal,1,0.0
2020-08-23,13801.54388832,30253.935984768,2527.6924699200003,14.90375,32.45375,2.7275,8,25.03,86.59,64.86,1.32,0.0,0.9052724312891016,0.4248315256050556,65.59848484848484,16300.290322580646,0.0,14.483870967741936,1.0,0.0,40826.6129032258,36.332270087901236,84.0968769817284,,0.0,10.594036,1005.26807,20.1,0.0,0.0,,6,summer,samcheonpo_coal,1,0.0
2020-08-24,15757.478819856,30295.313102448,2355.683974272,16.945,32.40375,2.53,8,24.71,87.11,77.01,1.85,0.0,0.9744093113100726,0.2247809912608941,47.086486486486486,16300.290322580646,0.0,14.483870967741936,1.0,0.0,40826.6129032258,36.332270087901236,84.0968769817284,,0.0,10.365251,1002.6689,21.49,0.0,0.0,,0,summer,samcheonpo_coal,1,0.0
2020-08-25,16882.408081007998,30962.489564304,2448.953736336,18.13375,33.0775,2.6275,8,26.73,80.76,198.53,3.64,0.0,-0.3178011539917053,-0.9481573848900512,22.186813186813183,16300.290322580646,0.0,14.483870967741936,1.0,0.0,40826.6129032258,36.332270087901236,84.0968769817284,,0.0,11.901798,1001.56744,17.89,0.0,0.0,,1,summer,samcheonpo_coal,1,0.0
2020-08-26,16937.954397792,30754.732013712,2825.756760096,17.98875,32.3375,2.9775,8,27.71,84.63,147.4,10.52,4.25,0.5387707850068629,-0.8424523970071477,8.04467680608365,16300.290322580646,0.0,14.483870967741936,1.0,0.0,40826.6129032258,36.332270087901236,84.0968769817284,,0.0,32.074364,998.895,13.59,0.0,0.0,,2,summer,samcheonpo_coal,1,0.0
2020-08-27,15668.78886144,30564.237063744,2215.98518184,16.76875,32.317499999999995,2.35875,8,25.93,91.64,176.66,2.31,23.25,0.0582609869453577,-0.99830138605541,39.67099567099567,16300.290322580646,0.0,14.483870967741936,1.0,0.0,40826.6129032258,36.332270087901236,84.0968769817284,,0.0,30.190672,1000.09,7.7,0.0,0.0,,3,summer,samcheonpo_coal,1,0.0
2020-08-28,17237.419031376,30683.166005088,2455.044213744,18.3525,32.3125,2.5925,8,25.13,94.97,137.19,1.21,16.0,0.6795693539319416,-0.7336112684497993,78.48760330578513,16300.290322580646,0.0,14.483870967741936,1.0,0.0,40826.6129032258,36.332270087901236,84.0968769817284,,0.0,11.298495,1004.1716,5.65,0.0,0.0,,4,summer,samcheonpo_coal,1,0.0
2020-08-29,17608.00686624,30201.465395376003,2473.87074696,19.07,32.36125,2.66625,8,25.8,94.0,178.03,0.92,0.75,0.0343762121290923,-0.9994089633576716,102.17391304347824,16300.290322580646,0.0,14.483870967741936,1.0,0.0,40826.6129032258,36.332270087901236,84.0968769817284,,0.0,11.177405,1006.23444,6.3,0.0,0.0,,5,summer,samcheonpo_coal,1,0.0
2020-08-30,14154.282560592,25665.26322456,2725.69769712,11.341818181818182,20.343636363636364,2.35,11,26.25,87.76,136.1,1.71,0.0,0.693401828275813,-0.7205511116803304,51.32163742690059,16300.290322580646,0.0,14.483870967741936,1.0,0.0,40826.6129032258,36.332270087901236,84.0968769817284,,0.0,6.849467,1007.4073,19.58,0.0,0.0,,6,summer,samcheonpo_coal,1,0.0
2020-08-31,18203.996173824,27874.629718704,2931.5018314080003,14.592727272727274,21.996363636363636,2.7554545454545454,12,24.21,79.12,41.48,6.9,0.0,0.6623585729863368,0.7491869731859354,11.466666666666669,16300.290322580646,0.0,14.483870967741936,1.0,0.0,40826.6129032258,36.332270087901236,84.0968769817284,,0.0,15.815435,1008.325,15.75,0.0,0.0,,0,summer,samcheonpo_coal,1,0.0
2020-09-01,18342.368472096,28870.133016816,2624.42687256,13.506666666666668,21.245833333333337,2.3525,12,26.01,83.51,56.06,4.06,0.0,0.8296227033165013,0.5583244309018014,20.56896551724138,18031.3,0.0,6.033333333333333,1.0,0.0,45281.433333333334,37.33952469113537,84.83819805468467,,0.0,17.0763,1005.3985,13.28,0.0,0.0,,1,autumn,samcheonpo_coal,1,0.0
2020-09-02,15177.699660096,29401.640445168,2436.1234524,10.88,21.008333333333333,1.9125,12,25.11,91.9,65.95,16.75,38.19,0.9131901651548396,0.4075337069059155,5.486567164179105,18031.3,0.0,6.033333333333333,1.0,0.0,45281.433333333334,37.33952469113537,84.83819805468467,,0.0,42.06458,994.8169,5.68,0.0,0.0,,2,autumn,samcheonpo_coal,1,0.0
2020-09-03,16391.01043296,29462.166570384,3089.8005490080004,35.67416666666667,42.1875,25.33666666666667,12,22.81,76.14,303.16,5.17,11.75,-0.8371463807580397,0.5469789184088498,14.727272727272728,18031.3,0.0,6.033333333333333,1.0,0.0,45281.433333333334,37.33952469113537,84.83819805468467,,0.0,56.985847,992.13574,19.69,0.0,0.0,,3,autumn,samcheonpo_coal,1,0.0
2020-09-04,14403.894438816,27152.729695728,2282.92521984,13.538333333333334,28.93166666666667,22.7625,12,21.24,86.26,61.38,1.74,0.0,0.8778158269611217,0.478998302644761,49.57471264367816,18031.3,0.0,6.033333333333333,1.0,0.0,45281.433333333334,37.33952469113537,84.83819805468467,,0.0,10.464797,1009.61035,23.14,0.0,0.0,,4,autumn,samcheonpo_coal,1,0.0
2020-09-05,17150.115702672,28386.443743632,2461.782388752,54.723333333333336,60.50833333333333,24.531666666666663,12,18.81,92.08,77.16,2.99,6.87,0.9749944466507005,0.2222292262513965,30.795986622073578,18031.3,0.0,6.033333333333333,1.0,0.0,45281.433333333334,37.33952469113537,84.83819805468467,,0.0,15.94601,1010.18036,4.09,0.0,0.0,,5,autumn,samcheonpo_coal,1,0.0
2020-09-06,12679.243003584,29006.032370976,1855.316001312,19.885,37.54416666666666,16.415833333333335,12,20.55,88.37,26.89,15.1,1.0,0.4522790543900706,0.8918764807752381,5.852317880794702,18031.3,0.0,6.033333333333333,1.0,0.0,45281.433333333334,37.33952469113537,84.83819805468467,,0.0,37.107944,1002.492,4.01,0.0,0.0,,6,autumn,samcheonpo_coal,1,0.0
2020-09-07,12659.765273568,30239.466077376,2258.547984288,26.185,53.69083333333333,23.903333333333336,12,22.72,78.81,247.47,10.16,3.5,-0.9236790333004076,-0.3831671220775925,7.756889763779528,18031.3,0.0,6.033333333333333,1.0,0.0,45281.433333333334,37.33952469113537,84.83819805468467,,0.0,44.64145,986.54004,6.39,0.0,0.0,,0,autumn,samcheonpo_coal,1,0.0
2020-09-08,12135.2111172,31572.565715808,2625.132630672,25.609166666666667,92.65333333333336,27.57916666666667,12,23.73,91.09,179.04,2.19,0.0,0.0167543768689817,-0.9998596355767804,41.593607305936075,18031.3,0.0,6.033333333333333,1.0,0.0,45281.433333333334,37.33952469113537,84.83819805468467,,0.0,22.86496,1007.8493,20.34,0.0,0.0,,1,autumn,samcheonpo_coal,1,0.0
2020-09-09,13811.974167744,29760.293511648,3098.97784224,31.239166666666662,33.166666666666664,23.415833333333335,12,22.69,87.42,181.55,1.18,0.25,-0.0270493038153317,-0.9996341006403824,74.08474576271188,18031.3,0.0,6.033333333333333,1.0,0.0,45281.433333333334,37.33952469113537,84.83819805468467,,0.0,12.397806,1007.91675,19.11,0.0,0.0,,2,autumn,samcheonpo_coal,1,0.0
2020-09-10,12350.906241984,29899.337629103997,2601.452919456,9.090833333333334,21.225833333333338,31.925833333333333,12,22.4,87.95,26.71,2.44,0.0,0.4494749144932796,0.8932929537622353,36.045081967213115,18031.3,0.0,6.033333333333333,1.0,0.0,45281.433333333334,37.33952469113537,84.83819805468467,,0.0,7.7879906,1005.70483,17.26,0.0,0.0,,3,autumn,samcheonpo_coal,1,0.0
2020-09-11,8988.282618768,29271.72769632,2652.478598448,6.6725,21.0175,34.96,12,21.89,82.3,108.37,6.12,0.25,0.949041155016339,-0.3151521633834254,13.447712418300654,18031.3,0.0,6.033333333333333,1.0,0.0,45281.433333333334,37.33952469113537,84.83819805468467,,0.0,17.76081,1009.3372,4.88,0.0,0.0,,4,autumn,samcheonpo_coal,1,0.0
2020-09-12,12487.42074024,28665.958413744,2309.619833568,9.694166666666666,21.481666666666666,32.19833333333333,12,21.47,76.37,57.8,3.8,0.0,0.8461931661275639,0.5328762760707302,20.097368421052632,18031.3,0.0,6.033333333333333,1.0,0.0,45281.433333333334,37.33952469113537,84.83819805468467,,0.0,22.065973,1009.2393,13.03,0.0,0.0,,5,autumn,samcheonpo_coal,1,0.0
2020-09-13,13774.586919552,28895.878519344,2572.454248848,10.630833333333332,21.643333333333334,30.403333333333332,12,20.81,85.17,164.48,1.18,0.0,0.2675747302739528,-0.9635371107117884,72.17796610169492,18031.3,0.0,6.033333333333333,1.0,0.0,45281.433333333334,37.33952469113537,84.83819805468467,,0.0,12.682018,1011.71826,13.06,0.0,0.0,,6,autumn,samcheonpo_coal,1,0.0
2020-09-14,10431.556357968,29555.822595744,2658.361912704,7.8625,21.603333333333335,29.221666666666668,12,20.69,91.76,68.89,2.85,0.0,0.9328906893201296,0.3601596337456678,32.19649122807018,18031.3,0.0,6.033333333333333,1.0,0.0,45281.433333333334,37.33952469113537,84.83819805468467,,0.0,11.609651,1010.8681,17.62,0.0,0.0,,0,autumn,samcheonpo_coal,1,0.0
2020-09-15,12987.572456304,29867.101059024,2612.1167393759997,9.685,34.64083333333333,31.78833333333333,12,21.6,85.74,62.63,2.53,0.0,0.8880562234694231,0.4597348626732869,33.88932806324111,18031.3,0.0,6.033333333333333,1.0,0.0,45281.433333333334,37.33952469113537,84.83819805468467,,0.0,11.304229,1009.7911,15.33,0.0,0.0,,1,autumn,samcheonpo_coal,1,0.0
2020-09-16,14015.500122528,30216.377845152,7024.328643744,10.505,22.015833333333333,20.0,12,21.87,95.01,111.02,1.5,1.0,0.9334552756097068,-0.3586938087511495,63.34,18031.3,0.0,6.033333333333333,1.0,0.0,45281.433333333334,37.33952469113537,84.83819805468467,,0.0,10.028439,1006.9003,8.55,0.0,0.0,,2,autumn,samcheonpo_coal,1,0.0
2020-09-17,14450.222684735998,30910.13447544,2922.3071530559996,10.644166666666669,22.84166666666667,11.490833333333333,12,18.98,97.91,101.02,0.98,4.0,0.9815605187406344,-0.1911516362724024,99.90816326530611,18031.3,0.0,6.033333333333333,1.0,0.0,45281.433333333334,37.33952469113537,84.83819805468467,,0.0,8.557102,1007.137,4.45,0.0,0.0,,3,autumn,samcheonpo_coal,1,0.0
2020-09-18,15290.193353616,30362.10994512,2599.963623792,11.463333333333331,22.6525,10.715833333333334,12,17.32,83.65,48.47,2.66,0.75,0.7486086710936931,0.6630121096656794,31.447368421052634,18031.3,0.0,6.033333333333333,1.0,0.0,45281.433333333334,37.33952469113537,84.83819805468467,,0.0,13.358861,1010.15814,12.56,0.0,0.0,,4,autumn,samcheonpo_coal,1,0.0
2020-09-19,14556.175074432,30169.925376912,2674.532072736,11.030833333333334,22.78333333333333,9.4775,12,19.4,74.83,65.3,2.34,0.0,0.9085081775267216,0.4178670738010768,31.97863247863248,18031.3,0.0,6.033333333333333,1.0,0.0,45281.433333333334,37.33952469113537,84.83819805468467,,0.0,14.799459,1013.0208,20.31,0.0,0.0,,5,autumn,samcheonpo_coal,1,0.0
2020-09-20,15214.066970688,30364.818719616,2796.029305776,11.5825,23.03833333333333,9.444166666666666,12,18.36,69.01,35.67,3.41,0.0,0.5831159254446159,0.8123889570229701,20.237536656891496,18031.3,0.0,6.033333333333333,1.0,0.0,45281.433333333334,37.33952469113537,84.83819805468467,,0.0,15.629972,1013.16034,21.86,0.0,0.0,,6,autumn,samcheonpo_coal,1,0.0
2020-09-21,15602.689656,30480.868407024,3136.679733888,11.77,23.01833333333333,10.245833333333334,12,19.17,64.92,83.23,4.9,0.0,0.9930273681629728,0.1178840365754416,13.248979591836736,18031.3,0.0,6.033333333333333,1.0,0.0,45281.433333333334,37.33952469113537,84.83819805468467,,0.0,15.7908325,1014.17914,21.39,0.0,0.0,,0,autumn,samcheonpo_coal,1,0.0
2020-09-22,17161.729044480002,30228.441921216003,2945.234098944,12.96,22.74083333333333,11.138333333333334,12,17.53,70.63,57.69,6.41,0.0,0.8451685582696294,0.5344998672707374,11.018720748829953,18031.3,0.0,6.033333333333333,1.0,0.0,45281.433333333334,37.33952469113537,84.83819805468467,,0.0,19.201874,1013.9368,14.3,0.0,0.0,,1,autumn,samcheonpo_coal,1,0.0
2020-09-23,15426.942756768,29185.284414528,2962.756622736,11.675833333333337,22.064166666666665,11.65916666666667,12,19.19,70.56,54.38,5.33,0.0,0.8128975122646088,0.5824067603951812,13.23827392120075,18031.3,0.0,6.033333333333333,1.0,0.0,45281.433333333334,37.33952469113537,84.83819805468467,,0.0,18.472595,1012.55365,9.22,0.0,0.0,,2,autumn,samcheonpo_coal,1,0.0
2020-09-24,13302.37785168,30694.245791184003,3241.9368040319996,10.271666666666668,23.530833333333337,10.985,12,19.45,68.36,22.88,3.95,0.25,0.3888023720729809,0.9213211793237054,17.30632911392405,18031.3,0.0,6.033333333333333,1.0,0.0,45281.433333333334,37.33952469113537,84.83819805468467,,0.0,18.289274,1010.03467,8.24,0.0,0.0,,3,autumn,samcheonpo_coal,1,0.0
2020-09-25,14861.880108144,30893.107270464,2936.61662112,12.160833333333334,25.174166666666668,9.815,12,20.36,66.99,67.49,4.4,0.0,0.92381272758126,0.3828446739330102,15.224999999999998,18031.3,0.0,6.033333333333333,1.0,0.0,45281.433333333334,37.33952469113537,84.83819805468467,,0.0,18.532133,1007.2908,16.5,0.0,0.0,,4,autumn,samcheonpo_coal,1,0.0
2020-09-26,12515.993114112,29731.298048640005,2420.148018528,10.501666666666669,24.944166666666664,9.7725,12,19.18,71.89,47.21,6.02,0.0,0.7338484382052635,0.679313233894126,11.94186046511628,18031.3,0.0,6.033333333333333,1.0,0.0,45281.433333333334,37.33952469113537,84.83819805468467,,0.0,18.079027,1010.9777,18.66,0.0,0.0,,5,autumn,samcheonpo_coal,1,0.0
2020-09-27,9673.801414847998,30259.496771856,2863.137966912,8.399166666666668,24.9425,10.615,12,17.55,73.3,55.23,2.4,0.0,0.8214479214839504,0.5702835367514107,30.541666666666668,18031.3,0.0,6.033333333333333,1.0,0.0,45281.433333333334,37.33952469113537,84.83819805468467,,0.0,16.981165,1014.26886,19.47,0.0,0.0,,6,autumn,samcheonpo_coal,1,0.0
2020-09-28,13626.792587232,29435.009241888,3167.700552144,11.709166666666668,24.770833333333332,12.150833333333331,12,16.54,83.78,219.9,1.89,0.0,-0.6414496315691579,-0.7671651518152995,44.32804232804233,18031.3,0.0,6.033333333333333,1.0,0.0,45281.433333333334,37.33952469113537,84.83819805468467,,0.0,13.246826,1013.6541,19.26,0.0,0.0,,0,autumn,samcheonpo_coal,1,0.0
2020-09-29,15216.38645328,28511.755887312,6077.224770336,13.485,23.855833333333333,285.74083333333334,12,17.16,80.09,63.03,2.28,0.0,0.8912441109100572,0.4535239076037135,35.127192982456144,18031.3,0.0,6.033333333333333,1.0,0.0,45281.433333333334,37.33952469113537,84.83819805468467,,0.0,12.819235,1008.33453,19.65,0.0,0.0,,1,autumn,samcheonpo_coal,1,0.0
2020-09-30,14982.897383712,28866.911963184,7673.125199040001,12.569166666666668,25.18166666666667,405.19416666666666,12,17.77,86.32,62.64,2.92,0.0,0.8881364488135445,0.4595798606214879,29.561643835616437,18031.3,0.0,6.033333333333333,1.0,0.0,45281.433333333334,37.33952469113537,84.83819805468467,,0.0,12.758432,1006.4802,19.34,0.0,0.0,,2,autumn,samcheonpo_coal,1,0.0
2020-10-01,7073.601412032001,22245.445853856,44071.328506032,8.6775,38.895,561.4375,12,18.07,84.66,68.93,3.25,0.0,0.933141900817576,0.3595082654662635,26.049230769230768,9300.193548387097,0.0,15.096774193548388,1.0,0.0,23113.774193548383,36.25088966640475,86.05217917817473,,0.0,12.57426,1010.39404,18.77,0.0,0.0,,3,autumn,samcheonpo_coal,1,0.0
2020-10-02,6430.468455792,17386.135698384,8468.63679384,7.049166666666667,35.98833333333334,488.5391666666667,12,19.04,88.98,74.78,2.4,0.0,0.964924914393396,0.2625260169638377,37.075,9300.193548387097,0.0,15.096774193548388,1.0,0.0,23113.774193548383,36.25088966640475,86.05217917817473,,0.0,9.885262,1011.987,18.46,0.0,0.0,,4,autumn,samcheonpo_coal,1,0.0
2020-10-03,6021.830392272,17600.440756895998,6787.035647711999,7.785,34.23,457.5208333333333,12,20.15,82.1,211.59,1.37,0.0,-0.5238372435967852,-0.8518183739629724,59.927007299270066,9300.193548387097,0.0,15.096774193548388,1.0,0.0,23113.774193548383,36.25088966640475,86.05217917817473,,0.0,8.913181,1011.68134,14.43,0.0,0.0,,5,autumn,samcheonpo_coal,1,0.0
2020-10-04,6687.465938496001,18115.940437200003,6200.713624176,8.01,34.528333333333336,431.14916666666664,12,19.54,65.68,326.04,12.05,0.0,-0.5586139898352944,0.8294277607846832,5.450622406639004,9300.193548387097,0.0,15.096774193548388,1.0,0.0,23113.774193548383,36.25088966640475,86.05217917817473,,0.0,13.979871,1008.53424,9.01,0.0,0.0,,6,autumn,samcheonpo_coal,1,0.0
2020-10-05,6791.4790557119995,17768.128459536,7410.590878032001,9.010833333333332,31.1225,439.9116666666667,12,15.34,59.94,99.64,2.27,0.0,0.9858793702499324,-0.1674570611099954,26.405286343612335,9300.193548387097,0.0,15.096774193548388,1.0,0.0,23113.774193548383,36.25088966640475,86.05217917817473,,0.0,22.7057,1012.6851,20.06,0.0,0.0,,0,autumn,samcheonpo_coal,1,0.0
2020-10-06,4410.017540784,18428.080650336,6116.043724848,5.401666666666666,31.958333333333332,419.4533333333333,12,16.2,66.66,56.32,5.81,0.0,0.8321477486829125,0.5545539868777073,11.473321858864027,9300.193548387097,0.0,15.096774193548388,1.0,0.0,23113.774193548383,36.25088966640475,86.05217917817473,,0.0,18.03237,1017.20135,19.86,0.0,0.0,,1,autumn,samcheonpo_coal,1,0.0
2020-10-07,4209.528210912,17940.406644431998,5952.62020752,8.201666666666666,49.5625,444.145,12,17.31,70.09,162.35,7.88,0.0,0.3032015912885681,-0.9529264373707343,8.894670050761421,9300.193548387097,0.0,15.096774193548388,1.0,0.0,23113.774193548383,36.25088966640475,86.05217917817473,,0.0,17.974781,1020.3161,17.67,0.0,0.0,,2,autumn,samcheonpo_coal,1,0.0
2020-10-08,23009.135358816,31266.862814016,66430.21536302399,62.254999999999995,123.52916666666664,565.125,12,15.97,57.02,50.24,5.84,0.0,0.7687302172043932,0.6395731804546579,9.763698630136988,9300.193548387097,0.0,15.096774193548388,1.0,0.0,23113.774193548383,36.25088966640475,86.05217917817473,,0.0,26.493652,1020.14667,18.57,0.0,0.0,,3,autumn,samcheonpo_coal,1,0.0
2020-10-09,3442.4890932959997,15725.917641456,7225.965756288,23.829166666666666,117.79333333333334,190.2575,12,17.88,61.15,48.06,4.57,0.0,0.743845129807025,0.668352020167793,13.38074398249453,9300.193548387097,0.0,15.096774193548388,1.0,0.0,23113.774193548383,36.25088966640475,86.05217917817473,,0.0,24.850431,1017.4372,16.78,0.0,0.0,,4,autumn,samcheonpo_coal,1,0.0
2020-10-10,5097.173245775999,17504.136665423997,1243.942786368,26.873333333333335,118.53333333333336,166.23166666666668,12,17.48,66.48,83.36,2.86,0.0,0.9932922822596468,0.1156306274454215,23.244755244755247,9300.193548387097,0.0,15.096774193548388,1.0,0.0,23113.774193548383,36.25088966640475,86.05217917817473,,0.0,19.523155,1014.66766,17.18,0.0,0.0,,5,autumn,samcheonpo_coal,1,0.0
2020-10-11,6838.064615952,17905.612522032,1432.388772576,20.0525,114.74416666666669,154.12166666666667,12,15.41,77.53,76.99,3.31,0.0,0.9743307885793884,0.225121110574435,23.42296072507553,9300.193548387097,0.0,15.096774193548388,1.0,0.0,23113.774193548383,36.25088966640475,86.05217917817473,,0.0,15.408671,1012.73627,17.2,0.0,0.0,,6,autumn,samcheonpo_coal,1,0.0
2020-10-12,8393.543726976002,18198.507781008,1388.68386408,19.028333333333332,111.80583333333334,147.16333333333333,12,16.77,75.07,72.03,2.47,0.0,0.9512181868388851,0.3085189800108634,30.39271255060728,9300.193548387097,0.0,15.096774193548388,1.0,0.0,23113.774193548383,36.25088966640475,86.05217917817473,,0.0,11.177405,1011.0157,12.76,0.0,0.0,,0,autumn,samcheonpo_coal,1,0.0
2020-10-13,6008.746123296,17804.04562944,1312.039888416,22.0025,102.60583333333334,149.87749999999997,12,15.49,33.78,59.97,4.49,0.0,0.8657634856957137,0.5004533812814215,7.523385300668151,9300.193548387097,0.0,15.096774193548388,1.0,0.0,23113.774193548383,36.25088966640475,86.05217917817473,,0.0,17.974781,1015.2036,15.74,0.0,0.0,,1,autumn,samcheonpo_coal,1,0.0
2020-10-14,6768.322765344,18160.197639696,1508.208832368,28.8,104.82333333333334,155.92083333333335,12,15.31,56.71,78.27,2.16,0.0,0.9791164972173182,0.2032999874001211,26.25462962962963,9300.193548387097,0.0,15.096774193548388,1.0,0.0,23113.774193548383,36.25088966640475,86.05217917817473,,0.0,17.287498,1020.09766,10.68,0.0,0.0,,2,autumn,samcheonpo_coal,1,0.0
2020-10-15,6689.155313376,18252.796272624,1879.79537088,22.731666666666666,104.97416666666668,189.29916666666668,12,15.65,37.48,76.46,5.12,0.0,0.97220670784136,0.2341241491778769,7.320312499999999,9300.193548387097,0.0,15.096774193548388,1.0,0.0,23113.774193548383,36.25088966640475,86.05217917817473,,0.0,18.455048,1020.50806,16.15,0.0,0.0,,3,autumn,samcheonpo_coal,1,0.0
2020-10-16,7014.506444928,18711.015570576,1752.557624928,18.28,100.80083333333334,180.01,12,13.45,76.75,85.21,2.39,0.0,0.9965074486107472,0.083503921245047,32.112970711297066,9300.193548387097,0.0,15.096774193548388,1.0,0.0,23113.774193548383,36.25088966640475,86.05217917817473,,0.0,18.289274,1019.43066,6.51,0.0,0.0,,4,autumn,samcheonpo_coal,1,0.0
2020-10-17,6102.096399503999,18502.928806896,1372.83455952,16.735833333333336,96.20166666666668,168.75416666666666,12,14.34,77.55,69.31,3.16,0.0,0.935505709580396,0.3533115726132952,24.541139240506325,9300.193548387097,0.0,15.096774193548388,1.0,0.0,23113.774193548383,36.25088966640475,86.05217917817473,,0.0,14.039999,1018.68384,16.31,0.0,0.0,,5,autumn,samcheonpo_coal,1,0.0
2020-10-18,5120.648764272,19012.875877584,1329.580005696,12.695,98.05166666666668,176.115,12,15.82,51.88,38.61,2.5,0.0,0.6240159882606185,0.7814115729851482,20.752,9300.193548387097,0.0,15.096774193548388,1.0,0.0,23113.774193548383,36.25088966640475,86.05217917817473,,0.0,16.135872,1019.4722,16.95,0.0,0.0,,6,autumn,samcheonpo_coal,1,0.0
2020-10-19,4030.64158464,19325.457452736,2514.8311704,18.620833333333337,110.26,215.56499999999997,12,13.48,77.6,56.89,3.0,0.0,0.8376233910890241,0.5462481621941843,25.866666666666664,9300.193548387097,0.0,15.096774193548388,1.0,0.0,23113.774193548383,36.25088966640475,86.05217917817473,,0.0,17.068707,1020.5642,16.12,0.0,0.0,,0,autumn,samcheonpo_coal,1,0.0
2020-10-20,8132.242292208,20510.719789823997,2615.086940976,16.032500000000002,100.335,172.8841666666667,12,14.82,71.53,54.33,3.87,0.0,0.8123889570229701,0.5831159254446159,18.483204134366925,9300.193548387097,0.0,15.096774193548388,1.0,0.0,23113.774193548383,36.25088966640475,86.05217917817473,,0.0,13.783817,1022.09357,17.06,0.0,0.0,,1,autumn,samcheonpo_coal,1,0.0
2020-10-21,7063.644771503999,24730.839134784,8095.3869068640015,32.38166666666667,91.78,205.34833333333336,12,17.95,66.72,95.75,3.35,0.0,0.9949685182509116,-0.1001880616120762,19.91641791044776,9300.193548387097,0.0,15.096774193548388,1.0,0.0,23113.774193548383,36.25088966640475,86.05217917817473,,0.0,14.336861,1016.37885,5.48,0.0,0.0,,2,autumn,samcheonpo_coal,1,0.0
2020-10-22,7162.95785832,18846.561971952,1457.672366304,35.3175,93.13,201.36916666666664,12,15.604833,77.125,,3.2081299999999997,5.0,-0.15070763,0.9885784,24.040484643702097,9300.193548387097,0.0,15.096774193548388,1.0,0.0,23113.774193548383,36.25088966640475,86.05217917817473,,0.0,4.527692777777777,1009.1297,8.2,0.0,0.0,,3,autumn,samcheonpo_coal,1,0.0
2020-10-23,6335.8400966399995,18844.818990768,1341.7567080479998,28.21083333333333,96.82333333333334,156.1858333333333,12,11.888167,55.166668,,3.562085833333333,0.0,-0.2904222,0.9568986,15.487180989228456,9300.193548387097,0.0,15.096774193548388,1.0,0.0,23113.774193548383,36.25088966640475,86.05217917817473,,0.0,5.536244444444444,1009.8342,17.36,0.0,0.0,,4,autumn,samcheonpo_coal,1,0.0
2020-10-24,6589.134350784,18785.80090656,1251.0322408799998,42.21333333333333,118.8525,147.78416666666666,12,10.763165,58.041668,,2.6903025,0.0,-0.016541982,0.99986315,21.57440213507589,9300.193548387097,0.0,15.096774193548388,1.0,0.0,23113.774193548383,36.25088966640475,86.05217917817473,,0.0,5.0,1014.4407,17.17,0.0,0.0,,5,autumn,samcheonpo_coal,1,0.0
2020-10-25,7282.815100272,18493.563859632,1116.02222064,22.7475,133.75333333333333,149.55666666666667,12,12.979835,68.958336,,1.7281838888888887,0.0,0.7530691,0.65794146,39.90219816499724,9300.193548387097,0.0,15.096774193548388,1.0,0.0,23113.774193548383,36.25088966640475,86.05217917817473,,0.0,3.2557641666666663,1016.0424,16.35,0.0,0.0,,6,autumn,samcheonpo_coal,1,0.0
2020-10-26,6536.887327152,18563.261444928,1028.503164528,17.383333333333333,125.87083333333334,147.81916666666666,12,13.981915,70.916664,,2.5468758333333334,0.0,0.33476704,0.9423009,27.844570619363395,9300.193548387097,0.0,15.096774193548388,1.0,0.0,23113.774193548383,36.25088966640475,86.05217917817473,,0.0,3.889730277777778,1015.85187,16.26,0.0,0.0,,0,autumn,samcheonpo_coal,1,0.0
2020-10-27,7193.75133024,18446.491819872,1395.0565015680002,21.579166666666666,140.69083333333333,189.04916666666668,12,14.575667,78.416664,,2.2687908333333335,0.0,0.5714952,0.8206054,34.56319676891031,9300.193548387097,0.0,15.096774193548388,1.0,0.0,23113.774193548383,36.25088966640475,86.05217917817473,,0.0,3.8209941666666665,1016.8641,15.74,0.0,0.0,,1,autumn,samcheonpo_coal,1,0.0
2020-10-28,4080.23414352,17761.662323424003,1125.565138656,36.934999999999995,133.67166666666665,202.7125,12,12.57,78.84,63.0,3.03,0.0,0.8910065241883679,0.4539904997395468,26.01980198019802,9300.193548387097,0.0,15.096774193548388,1.0,0.0,23113.774193548383,36.25088966640475,86.05217917817473,,0.0,18.709612,1017.7984,10.62,0.0,0.0,,2,autumn,samcheonpo_coal,1,0.0
2020-10-29,8429.9855436,19696.949322912,1798.8223691519995,31.798333333333336,118.96583333333332,169.21333333333334,12,13.59,46.83,48.35,2.64,0.0,0.7472184209116278,0.6645785367060341,17.738636363636363,9300.193548387097,0.0,15.096774193548388,1.0,0.0,23113.774193548383,36.25088966640475,86.05217917817473,,0.0,20.94507,1019.1027,14.7,0.0,0.0,,3,autumn,samcheonpo_coal,1,0.0
2020-10-30,7046.047064304,18719.263083312,1561.9103510399998,19.606666666666666,96.25333333333332,168.09583333333333,12,12.77,63.44,75.9,3.57,0.0,0.9698720152847468,0.2436150117860223,17.7703081232493,9300.193548387097,0.0,15.096774193548388,1.0,0.0,23113.774193548383,36.25088966640475,86.05217917817473,,0.0,17.174677,1020.509,15.56,0.0,0.0,,4,autumn,samcheonpo_coal,1,0.0
2020-10-31,6236.78385096,18418.709033856,1302.9209676,27.912500000000005,94.99666666666668,152.29,12,11.36,79.98,59.4,3.27,0.0,0.8607420270039435,0.5090414157503714,24.458715596330276,9300.193548387097,0.0,15.096774193548388,1.0,0.0,23113.774193548383,36.25088966640475,86.05217917817473,,0.0,13.755579,1022.1279,15.56,0.0,0.0,,5,autumn,samcheonpo_coal,1,0.0
2020-11-01,5878.753210655999,17898.640886160003,1035.627550992,30.14,124.7475,160.74166666666667,12,14.89,83.21,77.16,3.16,0.0,0.9749944466507005,0.2222292262513965,26.332278481012654,9889.1,0.0,21.866666666666667,1.0,0.0,24044.5,35.990544324065795,73.04538562526426,,0.0,10.587917,1017.7827,4.34,0.0,0.0,,6,autumn,samcheonpo_coal,1,0.0
2020-11-02,5453.305912368,18125.5089888,1051.364025792,39.229166666666664,98.68583333333332,167.91416666666666,12,10.91,61.54,43.55,4.17,1.25,0.6889873220616206,0.7247733921981109,14.75779376498801,9889.1,0.0,21.866666666666667,1.0,0.0,24044.5,35.990544324065795,73.04538562526426,,0.0,15.596767,1016.01904,13.71,0.0,0.0,,0,autumn,samcheonpo_coal,1,0.0
2020-11-03,5743.037770559999,18325.241275824003,1102.152369024,39.97416666666667,92.33083333333332,156.735,12,5.37,50.02,54.01,3.55,0.0,0.8091195699318648,0.5876440432381443,14.090140845070424,9889.1,0.0,21.866666666666667,1.0,0.0,24044.5,35.990544324065795,73.04538562526426,,0.0,28.054604,1016.5911,14.99,0.0,0.0,,1,autumn,samcheonpo_coal,1,0.0
2020-11-04,6628.575736080001,18540.802668384,991.644661728,42.346666666666664,135.51583333333335,171.38666666666666,12,6.6,50.15,91.94,4.04,0.0,0.999426825702612,-0.0338529181312496,12.413366336633665,9889.1,0.0,21.866666666666667,1.0,0.0,24044.5,35.990544324065795,73.04538562526426,,0.0,21.2522,1020.8001,15.72,0.0,0.0,,2,autumn,samcheonpo_coal,1,0.0
2020-11-05,6418.416769920001,17937.338833152,1056.572566992,41.10666666666667,166.12833333333333,332.42333333333335,12,11.46,51.24,79.64,2.37,0.0,0.9836972572506558,0.1798324388911441,21.620253164556964,9889.1,0.0,21.866666666666667,1.0,0.0,24044.5,35.990544324065795,73.04538562526426,,0.0,16.299694,1023.38947,13.8,0.0,0.0,,3,autumn,samcheonpo_coal,1,0.0
2020-11-06,5905.651283424,17921.95115112,821.85130512,18.094166666666663,282.7583333333333,182.115,12,14.98,73.07,116.95,0.92,0.0,0.8914023663176305,-0.4532127770962872,79.42391304347825,9889.1,0.0,21.866666666666667,1.0,0.0,24044.5,35.990544324065795,73.04538562526426,,0.0,8.4963045,1018.96234,4.82,0.0,0.0,,4,autumn,samcheonpo_coal,1,0.0
2020-11-07,8048.558490768,17565.104745072,1325.3927867999998,23.199166666666667,213.53583333333333,181.41,12,14.49,44.81,107.22,1.92,0.0,0.9551750823435962,-0.2960414870755523,23.338541666666668,9889.1,0.0,21.866666666666667,1.0,0.0,24044.5,35.990544324065795,73.04538562526426,,0.0,13.276144,1014.2216,13.88,0.0,0.0,,5,autumn,samcheonpo_coal,1,0.0
2020-11-08,8782.852214303999,17279.35528104,1829.673361872,33.199999999999996,143.0325,188.98,12,8.78,37.32,59.35,5.77,0.0,0.8602974768773848,0.5097923609455183,6.467937608318891,9889.1,0.0,21.866666666666667,1.0,0.0,24044.5,35.990544324065795,73.04538562526426,,0.0,21.068459,1017.208,14.67,0.0,0.0,,6,autumn,samcheonpo_coal,1,0.0
2020-11-09,9631.655721071998,17935.587465552,1938.612703824,40.44,147.11916666666664,182.22916666666663,12,9.11,52.58,260.13,2.57,0.0,-0.985199212980402,-0.1714132746983039,20.459143968871597,9889.1,0.0,21.866666666666667,1.0,0.0,24044.5,35.990544324065795,73.04538562526426,,0.0,22.7057,1021.0837,14.88,0.0,0.0,,0,autumn,samcheonpo_coal,1,0.0
2020-11-10,5975.769246480001,17938.53477864,1249.945531488,25.706666666666667,138.27166666666668,184.14583333333337,12,9.92,40.18,53.48,5.11,0.0,0.8036491793257798,0.5951033494856172,7.863013698630136,9889.1,0.0,21.866666666666667,1.0,0.0,24044.5,35.990544324065795,73.04538562526426,,0.0,15.725037,1023.7026,14.43,0.0,0.0,,1,autumn,samcheonpo_coal,1,0.0
2020-11-11,8261.263999008,18879.980087232005,1409.2563582720002,32.77166666666667,133.45583333333337,183.19416666666663,12,10.07,65.6,20.6,2.1,0.0,0.3518416484047018,0.9360595357389732,31.238095238095234,9889.1,0.0,21.866666666666667,1.0,0.0,24044.5,35.990544324065795,73.04538562526426,,0.0,15.629971,1027.7766,14.32,0.0,0.0,,2,autumn,samcheonpo_coal,1,0.0
2020-11-12,7485.866470655999,19359.639661536003,1357.881885504,38.95166666666667,122.80666666666669,171.29333333333332,12,11.92,72.76,35.74,2.18,0.0,0.5841080103584342,0.8116759404067064,33.37614678899082,9889.1,0.0,21.866666666666667,1.0,0.0,24044.5,35.990544324065795,73.04538562526426,,0.0,15.192682,1026.7815,13.67,0.0,0.0,,3,autumn,samcheonpo_coal,1,0.0
2020-11-13,8312.976126864,18688.408785504,1784.449893168,26.7125,131.67916666666667,143.5016666666667,12,11.62,61.71,25.45,2.13,0.0,0.4297232787322056,0.9029606324284816,28.971830985915496,9889.1,0.0,21.866666666666667,1.0,0.0,24044.5,35.990544324065795,73.04538562526426,,0.0,13.044722,1023.9546,13.86,0.0,0.0,,4,autumn,samcheonpo_coal,1,0.0
2020-11-14,7984.8813924,18373.37839632,2116.007987184,20.405,95.8575,160.5175,12,13.81,66.58,65.57,2.86,0.0,0.9104672350078648,0.4135812060250485,23.27972027972028,9889.1,0.0,21.866666666666667,1.0,0.0,24044.5,35.990544324065795,73.04538562526426,,0.0,14.565548,1025.4205,12.99,0.0,0.0,,5,autumn,samcheonpo_coal,1,0.0
2020-11-15,8394.345222768,19287.830292336,2786.4696520800003,19.88,120.26833333333332,145.98583333333335,12,12.31,73.68,58.11,2.89,0.0,0.8490639045864417,0.52829015316247,25.494809688581316,9889.1,0.0,21.866666666666667,1.0,0.0,24044.5,35.990544324065795,73.04538562526426,,0.0,13.783817,1023.853,12.9,0.0,0.0,,6,autumn,samcheonpo_coal,1,0.0
2020-11-16,8568.432813456,28824.5148264,2396.329582608,24.159166666666664,120.33666666666666,133.65583333333333,12,16.81,66.0,104.55,4.29,0.0,0.9679287739899732,-0.2512247768080755,15.384615384615383,9889.1,0.0,21.866666666666667,1.0,0.0,24044.5,35.990544324065795,73.04538562526426,,0.0,16.29174,1021.9412,11.53,0.0,0.0,,0,autumn,samcheonpo_coal,1,0.0
2020-11-17,8562.087413712,17836.792965072,9248.320606032,22.400833333333335,88.7925,395.8616666666667,12,17.6,78.42,169.46,1.26,0.0,0.1829219224476314,-0.983127443563683,62.23809523809524,9889.1,0.0,21.866666666666667,1.0,0.0,24044.5,35.990544324065795,73.04538562526426,,0.0,14.336861,1021.3887,9.78,0.0,0.0,,1,autumn,samcheonpo_coal,1,0.0
2020-11-18,10352.472506064,19310.364765936,2965.383382752,28.2775,91.38583333333332,188.98916666666665,12,20.09,84.25,224.57,6.38,0.0,-0.7017801407967014,-0.7123935948500393,13.205329153605016,9889.1,0.0,21.866666666666667,1.0,0.0,24044.5,35.990544324065795,73.04538562526426,,0.0,19.721298,1015.79376,6.73,0.0,0.0,,2,autumn,samcheonpo_coal,1,0.0
2020-11-19,10907.072705664,20087.330363568,3651.968748528,42.318333333333335,122.5125,179.28250000000003,12,14.02,71.9,326.9,5.56,21.75,-0.5461019610144296,0.8377187166204384,12.931654676258995,9889.1,0.0,21.866666666666667,1.0,0.0,24044.5,35.990544324065795,73.04538562526426,,0.0,24.884306,1006.54596,1.72,0.0,0.0,,3,autumn,samcheonpo_coal,1,0.0
2020-11-20,10511.68350672,19029.918868848,2433.248530272,26.85,84.70833333333333,87.40083333333332,12,7.87,65.47,51.16,6.67,0.0,0.7789003230625263,0.6271477391596753,9.815592203898053,9889.1,0.0,21.866666666666667,1.0,0.0,24044.5,35.990544324065795,73.04538562526426,,0.0,22.862125,1012.24005,12.96,0.0,0.0,,4,autumn,samcheonpo_coal,1,0.0
2020-11-21,10726.11494568,18763.051944096,2218.92281424,24.070833333333336,70.40666666666667,80.3025,12,11.55,68.66,102.87,3.16,0.0,0.9748779540551212,-0.22273970166385,21.72784810126582,9889.1,0.0,21.866666666666667,1.0,0.0,24044.5,35.990544324065795,73.04538562526426,,0.0,21.986542,1019.4765,12.92,0.0,0.0,,5,autumn,samcheonpo_coal,1,0.0
2020-11-22,11176.107450048,18605.978682624,2352.1679172000004,22.1925,63.17166666666666,86.79083333333334,12,9.44,62.43,141.01,7.51,0.5,0.6291847439074687,-0.7772557867485407,8.312916111850866,9889.1,0.0,21.866666666666667,1.0,0.0,24044.5,35.990544324065795,73.04538562526426,,0.0,19.930477,1017.34674,3.6,0.0,0.0,,6,autumn,samcheonpo_coal,1,0.0
2020-11-23,10874.195978831998,17907.006765168,2977.92637488,37.1125,76.95,118.0,12,6.86,49.72,45.0,5.48,0.0,0.7071067811865475,0.7071067811865476,9.072992700729928,9889.1,0.0,21.866666666666667,1.0,0.0,24044.5,35.990544324065795,73.04538562526426,,0.0,20.774214,1021.9898,12.91,0.0,0.0,,0,autumn,samcheonpo_coal,1,0.0
2020-11-24,10279.45018944,19361.668252032003,3551.293293696,23.77916666666667,88.65166666666666,177.76999999999998,12,7.7,54.73,36.51,3.29,0.0,0.5949630771802851,0.8037530322133574,16.635258358662615,9889.1,0.0,21.866666666666667,1.0,0.0,24044.5,35.990544324065795,73.04538562526426,,0.0,20.073025,1022.93317,9.54,0.0,0.0,,1,autumn,samcheonpo_coal,1,0.0
2020-11-25,10012.1817204,18375.204878496,3675.684115008,22.106666666666666,71.20666666666666,225.9083333333333,12,8.58,47.69,59.65,3.41,0.0,0.8629549384958772,0.5052808863647791,13.98533724340176,9889.1,0.0,21.866666666666667,1.0,0.0,24044.5,35.990544324065795,73.04538562526426,,0.0,18.204042,1022.2243,12.75,0.0,0.0,,2,autumn,samcheonpo_coal,1,0.0
2020-11-26,10971.819566208,28166.864886864,2749.30982856,19.688333333333333,90.9725,131.94750000000002,12,8.96,57.82,48.42,2.25,0.0,0.7480297989033825,0.6636651414324585,25.697777777777777,9889.1,0.0,21.866666666666667,1.0,0.0,24044.5,35.990544324065795,73.04538562526426,,0.0,19.228851,1022.0339,8.72,0.0,0.0,,3,autumn,samcheonpo_coal,1,0.0
2020-11-27,11725.552156032,26404.752829679997,7818.808012847999,35.4425,85.40749999999998,157.06166666666667,12,5.51,56.48,55.2,2.15,0.0,0.821149209133704,0.5707135676844317,26.269767441860463,9889.1,0.0,21.866666666666667,1.0,0.0,24044.5,35.990544324065795,73.04538562526426,,0.0,23.113008,1020.6054,9.9,0.0,0.0,,4,autumn,samcheonpo_coal,1,0.0
2020-11-28,9276.143588208,18805.602163392,2129.678913024,33.76916666666667,107.8175,152.93416666666667,12,3.48,46.76,61.42,4.78,0.0,0.8781500169152772,0.4783853549093015,9.782426778242677,9889.1,0.0,21.866666666666667,1.0,0.0,24044.5,35.990544324065795,73.04538562526426,,0.0,20.211363,1023.41406,11.89,0.0,0.0,,5,autumn,samcheonpo_coal,1,0.0
2020-11-29,9241.621085232,19038.833351136003,1801.2120779520003,37.23083333333333,116.97833333333334,142.03833333333333,12,3.8,56.1,36.31,4.09,0.0,0.5921538308022309,0.8058249441821982,13.71638141809291,9889.1,0.0,21.866666666666667,1.0,0.0,24044.5,35.990544324065795,73.04538562526426,,0.0,21.749481,1024.7125,11.87,0.0,0.0,,6,autumn,samcheonpo_coal,1,0.0
2020-11-30,9265.463382528,19272.606187536,1887.009981408,34.93083333333333,111.1775,132.24666666666667,12,4.26,52.14,46.21,4.7,0.0,0.7218810188775044,0.6920171924052003,11.093617021276597,9889.1,0.0,21.866666666666667,1.0,0.0,24044.5,35.990544324065795,73.04538562526426,,0.0,18.532133,1029.047,12.14,0.0,0.0,,0,autumn,samcheonpo_coal,1,0.0
2020-12-01,7602.444221760002,15554.734371792,1297.008960624,41.86,132.35333333333332,122.48833333333334,12,6.66,29.27,25.55,5.61,0.0,0.4312985870314567,0.9022092489132822,5.217468805704099,12604.258064516129,0.0,20.741935483870968,1.0,0.0,31834.677419354837,37.14931572894237,67.33358316909437,,0.0,20.608229,1029.8153,12.28,0.0,0.0,,1,winter,samcheonpo_coal,1,0.0
2020-12-02,6713.8911692639995,15036.325714224,1189.9227925439998,36.955000000000005,161.03833333333333,124.5425,12,6.1,40.22,70.35,3.02,0.0,0.9417643573969304,0.3362735421301339,13.317880794701988,12604.258064516129,0.0,20.741935483870968,1.0,0.0,31834.677419354837,37.14931572894237,67.33358316909437,,0.0,21.385939,1025.0878,4.76,0.0,0.0,,2,winter,samcheonpo_coal,1,0.0
2020-12-03,7292.952929376,15233.261454432,1480.1261987520002,45.281666666666666,157.79999999999998,147.4,12,3.33,47.47,52.61,2.72,0.0,0.7945206155172557,0.6072371789655843,17.45220588235294,12604.258064516129,0.0,20.741935483870968,1.0,0.0,31834.677419354837,37.14931572894237,67.33358316909437,,0.0,22.314192,1024.1473,10.89,0.0,0.0,,3,winter,samcheonpo_coal,1,0.0
2020-12-04,6692.71609584,15026.135717232,1414.427798736,38.32833333333333,165.28333333333333,133.96416666666667,12,3.3,48.04,42.01,5.15,0.0,0.6692602994069952,0.743028028837176,9.328155339805823,12604.258064516129,0.0,20.741935483870968,1.0,0.0,31834.677419354837,37.14931572894237,67.33358316909437,,0.0,21.602999,1024.8535,10.94,0.0,0.0,,4,winter,samcheonpo_coal,1,0.0
2020-12-05,5891.295470544001,15029.788963392,1276.871384304,38.54416666666666,173.15833333333333,134.83083333333332,12,5.41,56.09,57.56,4.62,0.0,0.8439536421031033,0.5364161164440411,12.140692640692642,12604.258064516129,0.0,20.741935483870968,1.0,0.0,31834.677419354837,37.14931572894237,67.33358316909437,,0.0,13.281023,1025.4667,11.88,0.0,0.0,,5,winter,samcheonpo_coal,1,0.0
2020-12-06,6168.413955888,14690.836353312,1202.85301104,33.517500000000005,157.20666666666668,139.27833333333334,12,4.82,63.87,102.03,1.93,0.0,0.9780386043496788,-0.2084238191803715,33.09326424870466,12604.258064516129,0.0,20.741935483870968,1.0,0.0,31834.677419354837,37.14931572894237,67.33358316909437,,0.0,14.277983,1024.1722,12.0,0.0,0.0,,6,winter,samcheonpo_coal,1,0.0
2020-12-07,6418.485312768,19161.465565968,2395.03153896,39.42666666666667,249.64083333333335,167.34166666666667,12,6.1,61.18,41.54,3.6,0.0,0.6631427564279597,0.748492942249376,16.994444444444444,12604.258064516129,0.0,20.741935483870968,1.0,0.0,31834.677419354837,37.14931572894237,67.33358316909437,,0.0,18.36353,1023.22626,8.04,0.0,0.0,,0,winter,samcheonpo_coal,1,0.0
2020-12-08,7186.545069984,27424.654798176,1631.9117171520002,47.1625,121.76583333333332,138.05083333333334,12,3.07,48.49,59.53,6.05,0.0,0.861894788784538,0.507087145435631,8.014876033057853,12604.258064516129,0.0,20.741935483870968,1.0,0.0,31834.677419354837,37.14931572894237,67.33358316909437,,0.0,16.79314,1023.8772,11.13,0.0,0.0,,1,winter,samcheonpo_coal,1,0.0
2020-12-09,8794.944066959999,20225.856277152,1428.19491816,58.4575,100.83583333333333,133.86,12,3.69,43.87,40.72,2.82,0.0,0.6523630029036931,0.7579066647302134,15.55673758865248,12604.258064516129,0.0,20.741935483870968,1.0,0.0,31834.677419354837,37.14931572894237,67.33358316909437,,0.0,17.709658,1022.1308,12.04,0.0,0.0,,2,winter,samcheonpo_coal,1,0.0
2020-12-10,7764.200312544,20112.591458448,1488.69600624,27.790000000000003,125.03166666666668,139.57083333333333,12,5.79,55.04,67.75,3.31,0.0,0.9255405040175664,0.378648617352433,16.628398791540786,12604.258064516129,0.0,20.741935483870968,1.0,0.0,31834.677419354837,37.14931572894237,67.33358316909437,,0.0,13.18308,1018.5599,7.88,0.0,0.0,,3,winter,samcheonpo_coal,1,0.0
2020-12-11,7827.120662112001,20269.285460784,1567.4750805600002,24.508333333333336,116.5525,132.92833333333334,12,7.34,65.72,61.46,2.81,0.0,0.8784837788697822,0.4777721740146318,23.387900355871885,12604.258064516129,0.0,20.741935483870968,1.0,0.0,31834.677419354837,37.14931572894237,67.33358316909437,,0.0,11.879999,1016.0837,10.06,0.0,0.0,,4,winter,samcheonpo_coal,1,0.0
2020-12-12,8803.458746208,20270.421217872,1593.329596272,43.346666666666664,84.44416666666667,117.98,12,5.54,36.89,46.54,2.62,0.0,0.7258547563546036,0.6878480011437113,14.080152671755725,12604.258064516129,0.0,20.741935483870968,1.0,0.0,31834.677419354837,37.14931572894237,67.33358316909437,,0.0,19.839235,1014.3593,11.5,0.0,0.0,,5,winter,samcheonpo_coal,1,0.0
2020-12-13,9927.083097648,20322.543751056,1639.4184093600002,68.92666666666666,85.295,130.78416666666666,12,2.49,41.71,123.77,4.87,0.0,0.8312756310546133,-0.5558604368137332,8.564681724845997,12604.258064516129,0.0,20.741935483870968,1.0,0.0,31834.677419354837,37.14931572894237,67.33358316909437,,0.0,26.739542,1014.3967,9.64,0.0,0.0,,6,winter,samcheonpo_coal,1,0.0
2020-12-14,10718.9143632,21368.266160256,3721.900435632,101.74916666666668,92.52416666666666,189.89083333333335,12,-1.56,41.88,51.75,3.27,0.0,0.785316930880745,0.619093949309834,12.807339449541283,12604.258064516129,0.0,20.741935483870968,1.0,0.0,31834.677419354837,37.14931572894237,67.33358316909437,,0.0,27.181787,1022.44116,11.88,0.0,0.0,,0,winter,samcheonpo_coal,1,0.0
2020-12-15,10285.61485032,32312.020226976,11320.67858256,41.454166666666666,92.88666666666666,183.40666666666667,12,-2.25,44.09,63.41,3.02,0.0,0.8942323719236087,0.4476030216652661,14.599337748344372,12604.258064516129,0.0,20.741935483870968,1.0,0.0,31834.677419354837,37.14931572894237,67.33358316909437,,0.0,20.957443,1026.0719,12.05,0.0,0.0,,1,winter,samcheonpo_coal,1,0.0
2020-12-16,7150.207813632001,24046.106346,1832.214427776,34.02,66.02916666666667,167.90083333333334,12,-1.91,45.33,58.77,3.71,0.0,0.8550929046135841,0.5184748060219552,12.21832884097035,12604.258064516129,0.0,20.741935483870968,1.0,0.0,31834.677419354837,37.14931572894237,67.33358316909437,,0.0,23.675304,1025.9208,11.73,0.0,0.0,,2,winter,samcheonpo_coal,1,0.0
2020-12-17,7558.399586016,24882.40818648,2003.161594608,24.079166666666666,51.718333333333334,121.29083333333334,12,0.45,47.01,70.69,2.56,0.0,0.9437432515648312,0.3306791120192505,18.36328125,12604.258064516129,0.0,20.741935483870968,1.0,0.0,31834.677419354837,37.14931572894237,67.33358316909437,,0.0,16.766108,1026.176,11.88,0.0,0.0,,3,winter,samcheonpo_coal,1,0.0
2020-12-18,8984.603243231999,24587.342453952,1944.657978624,23.013333333333332,67.55833333333332,145.60666666666663,12,2.09,50.41,211.94,5.97,0.0,-0.5290308999452029,-0.8486025612164794,8.44388609715243,12604.258064516129,0.0,20.741935483870968,1.0,0.0,31834.677419354837,37.14931572894237,67.33358316909437,,0.0,22.218153,1024.0731,9.63,0.0,0.0,,4,winter,samcheonpo_coal,1,0.0
2020-12-19,10460.372793408,23677.533534672,2545.228854864,20.5475,62.75416666666666,139.69583333333333,12,0.1,41.19,99.92,5.77,0.0,0.9850492515621038,-0.1722729578225767,7.138648180242634,12604.258064516129,0.0,20.741935483870968,1.0,0.0,31834.677419354837,37.14931572894237,67.33358316909437,,0.0,24.842607,1027.0051,12.3,0.0,0.0,,5,winter,samcheonpo_coal,1,0.0
2020-12-20,10857.602633616,23757.594440256,2625.856886304,22.69,55.473333333333336,133.745,12,2.04,38.91,32.79,4.3,0.0,0.5415614954846638,0.840661136611188,9.048837209302324,12604.258064516129,0.0,20.741935483870968,1.0,0.0,31834.677419354837,37.14931572894237,67.33358316909437,,0.0,17.935081,1027.6512,11.28,0.0,0.0,,6,winter,samcheonpo_coal,1,0.0
2020-12-21,9268.52539968,26611.004659392,12099.760047936,24.124166666666667,78.3775,160.41833333333332,12,2.18,58.04,65.44,2.64,0.0,0.9095265062656545,0.4156459243156278,21.984848484848484,12604.258064516129,0.0,20.741935483870968,1.0,0.0,31834.677419354837,37.14931572894237,67.33358316909437,,0.0,18.455048,1025.5829,10.63,0.0,0.0,,0,winter,samcheonpo_coal,1,0.0
2020-12-22,8645.636031984,19311.21592416,2593.318769712,26.23,84.50333333333333,201.025,12,3.1,68.07,56.25,2.69,0.0,0.8314696123025452,0.5555702330196023,25.30483271375465,12604.258064516129,0.0,20.741935483870968,1.0,0.0,31834.677419354837,37.14931572894237,67.33358316909437,,0.0,15.2947035,1023.174,10.04,0.0,0.0,,1,winter,samcheonpo_coal,1,0.0
2020-12-23,8499.432407184,19329.9258672,2162.430140688,26.299166666666668,87.90583333333335,148.22666666666666,12,6.02,75.8,73.1,1.67,0.0,0.9568135840576074,0.2907021935982526,45.38922155688623,12604.258064516129,0.0,20.741935483870968,1.0,0.0,31834.677419354837,37.14931572894237,67.33358316909437,,0.0,15.192682,1020.7548,9.32,0.0,0.0,,2,winter,samcheonpo_coal,1,0.0
2020-12-24,8078.34494088,19649.279611872,2467.90564056,42.65416666666666,77.15416666666667,141.91416666666666,12,2.71,45.62,67.84,3.99,0.0,0.926134141790662,0.3771943151873766,11.433583959899748,12604.258064516129,0.0,20.741935483870968,1.0,0.0,31834.677419354837,37.14931572894237,67.33358316909437,,0.0,22.768396,1013.7945,11.0,0.0,0.0,,3,winter,samcheonpo_coal,1,0.0
2020-12-25,9876.061774224,19477.232928864,2055.773870208,26.610833333333332,77.36916666666666,108.65916666666668,12,1.95,52.2,65.22,1.87,0.0,0.90792383962283,0.4191351827806132,27.914438502673796,12604.258064516129,0.0,20.741935483870968,1.0,0.0,31834.677419354837,37.14931572894237,67.33358316909437,,0.0,17.49615,1019.1643,11.6,0.0,0.0,,4,winter,samcheonpo_coal,1,0.0
2020-12-26,12144.864142512,19553.251913568,1901.79862056,24.492499999999996,86.49166666666667,129.08166666666668,12,5.77,65.5,31.79,1.7,0.0,0.5268074532136223,0.8499846511782299,38.52941176470589,12604.258064516129,0.0,20.741935483870968,1.0,0.0,31834.677419354837,37.14931572894237,67.33358316909437,,0.0,10.703569,1022.4471,11.44,0.0,0.0,,5,winter,samcheonpo_coal,1,0.0
2020-12-27,13855.063013856,29099.128933728,3651.994528848,27.639999999999997,66.99083333333333,119.4025,12,4.26,90.92,50.08,2.68,3.0,0.7669411969203416,0.6417173836404885,33.92537313432835,12604.258064516129,0.0,20.741935483870968,1.0,0.0,31834.677419354837,37.14931572894237,67.33358316909437,,0.0,11.183201,1018.8987,5.32,0.0,0.0,,6,winter,samcheonpo_coal,1,0.0
2020-12-28,16305.970589136,25428.710971872,2542.8122794079995,26.075833333333332,64.6925,106.31833333333331,12,3.85,83.09,58.98,4.21,0.0,0.8569874662805391,0.5153372513588181,19.736342042755343,12604.258064516129,0.0,20.741935483870968,1.0,0.0,31834.677419354837,37.14931572894237,67.33358316909437,,0.0,14.88242,1018.98364,11.66,0.0,0.0,,0,winter,samcheonpo_coal,1,0.0
2020-12-29,15872.943102912,29330.596869120003,3087.37269864,33.80416666666667,61.08416666666667,98.72666666666667,12,3.16,84.65,277.41,5.71,1.72,-0.9916486682069656,0.1289686738838222,14.824868651488618,12604.258064516129,0.0,20.741935483870968,1.0,0.0,31834.677419354837,37.14931572894237,67.33358316909437,,0.0,27.834309,1015.4405,7.79,0.0,0.0,,1,winter,samcheonpo_coal,1,0.0
2020-12-30,12636.781882271998,29558.922001487997,3312.7438584959996,36.045833333333334,45.028333333333336,91.06833333333331,12,-5.59,45.87,98.35,4.42,0.0,0.9893994377513348,-0.1452196700772403,10.377828054298645,12604.258064516129,0.0,20.741935483870968,1.0,0.0,31834.677419354837,37.14931572894237,67.33358316909437,,0.0,29.354904,1015.48236,11.71,0.0,0.0,,2,winter,samcheonpo_coal,1,0.0
2020-12-31,13410.0761616,26458.650103824,2828.753474976,20.605833333333333,43.17250000000001,96.23583333333332,12,0.89,64.88,293.55,9.88,0.0,-0.91671175103162,0.39954920287812,6.566801619433197,12604.258064516129,0.0,20.741935483870968,1.0,0.0,31834.677419354837,37.14931572894237,67.33358316909437,,0.0,25.516865,1021.61255,11.93,0.0,0.0,,3,winter,samcheonpo_coal,1,0.0
2021-01-01,15872.320951488002,25273.811425248,2890.585863936,25.510833333333338,43.26166666666666,85.93416666666667,12,2.1,66.51,296.32,6.94,0.0,-0.8963317147474931,0.4433840966225769,9.5835734870317,17552.870967741936,0.0,28.741935483870968,1.0,0.0,42640.29032258064,36.64494835643103,79.53916972362198,,0.0,17.731598,1022.6923,10.47,0.0,0.0,,4,winter,samcheonpo_coal,1,0.0
2021-01-02,17173.139919696,25164.962223408,2927.675593152,28.229166666666668,41.098333333333336,85.75083333333333,12,0.87,37.53,95.19,3.54,0.0,0.9959002018170436,-0.0904587642009984,10.601694915254235,17552.870967741936,0.0,28.741935483870968,1.0,0.0,42640.29032258064,36.64494835643103,79.53916972362198,,0.0,20.478907,1023.54926,11.27,0.0,0.0,,5,winter,samcheonpo_coal,1,0.0
2021-01-03,14478.963723503995,25349.865422544,2933.2729899359997,17.1775,44.08416666666667,87.04,12,1.03,38.37,46.37,3.61,0.0,0.7238106782373261,0.6899986246867611,10.628808864265928,17552.870967741936,0.0,28.741935483870968,1.0,0.0,42640.29032258064,36.64494835643103,79.53916972362198,,0.0,20.211363,1028.677,11.28,0.0,0.0,,6,winter,samcheonpo_coal,1,0.0
2021-01-04,12969.673494192,25581.735680111997,3193.716360672,22.50333333333333,48.26500000000001,82.96666666666665,12,2.8,54.7,66.54,2.97,0.0,0.9173382302462214,0.3981087430950625,18.41750841750842,17552.870967741936,0.0,28.741935483870968,1.0,0.0,42640.29032258064,36.64494835643103,79.53916972362198,,0.0,15.530151,1027.4159,12.05,0.0,0.0,,0,winter,samcheonpo_coal,1,0.0
2021-01-05,13025.972861136,25456.986749808,3127.221131472,19.2575,44.340833333333336,93.3025,12,-0.86,38.12,54.78,4.64,0.0,0.8169436357192599,0.5767175184245725,8.21551724137931,17552.870967741936,0.0,28.741935483870968,1.0,0.0,42640.29032258064,36.64494835643103,79.53916972362198,,0.0,21.605999,1023.3327,8.98,0.0,0.0,,1,winter,samcheonpo_coal,1,0.0
2021-01-06,12790.425701664,24632.391393936,3012.6976937279996,20.464166666666667,41.530833333333334,89.29333333333334,12,-0.3,70.91,258.24,9.44,0.0,-0.9790099153825298,-0.2038126237078845,7.5116525423728815,17552.870967741936,0.0,28.741935483870968,1.0,0.0,42640.29032258064,36.64494835643103,79.53916972362198,,0.0,20.06334,1020.86786,12.14,0.0,0.0,,2,winter,samcheonpo_coal,1,0.0
2021-01-07,12501.109506816,26530.800368544,3360.19870512,23.665000000000003,44.12083333333334,107.74083333333334,12,-7.86,41.0,39.85,2.91,0.0,0.6407799095179446,0.7677246300322628,14.0893470790378,17552.870967741936,0.0,28.741935483870968,1.0,0.0,42640.29032258064,36.64494835643103,79.53916972362198,,0.0,32.83705,1019.3975,12.49,0.0,0.0,,3,winter,samcheonpo_coal,1,0.0
2021-01-08,17165.387839248,30609.402415056,4728.434508,22.325,39.98666666666667,95.66833333333334,12,-7.33,45.15,45.47,3.89,0.0,0.7128833561675297,0.7012826252655338,11.606683804627249,17552.870967741936,0.0,28.741935483870968,1.0,0.0,42640.29032258064,36.64494835643103,79.53916972362198,,0.0,19.930477,1019.7603,12.62,0.0,0.0,,4,winter,samcheonpo_coal,1,0.0
2021-01-09,13455.708158592,25836.989656896,2893.504787856,20.591666666666665,42.82,96.345,12,-5.06,47.24,50.84,4.1,0.0,0.7753855395110957,0.631488135373173,11.521951219512196,17552.870967741936,0.0,28.741935483870968,1.0,0.0,42640.29032258064,36.64494835643103,79.53916972362198,,0.0,21.605999,1019.96405,12.29,0.0,0.0,,5,winter,samcheonpo_coal,1,0.0
2021-01-10,13731.92259192,25552.891127664,3018.969831312,17.97,45.54,94.645,12,-1.54,63.77,68.26,2.81,0.0,0.9288742131985404,0.3703953240185308,22.693950177935942,17552.870967741936,0.0,28.741935483870968,1.0,0.0,42640.29032258064,36.64494835643103,79.53916972362198,,0.0,20.380579,1023.10785,10.99,0.0,0.0,,6,winter,samcheonpo_coal,1,0.0
2021-01-11,16934.142766608,27881.96917464,3648.544163568,19.14,42.7925,99.115,12,0.29,58.37,36.22,3.1,0.0,0.590887313920047,0.8067541027155374,18.829032258064515,17552.870967741936,0.0,28.741935483870968,1.0,0.0,42640.29032258064,36.64494835643103,79.53916972362198,,0.0,16.704155,1022.2326,6.67,0.0,0.0,,0,winter,samcheonpo_coal,1,0.0
2021-01-12,18499.511827872,31076.349128783997,3800.80997496,20.511666666666667,44.26916666666667,100.3525,12,3.23,66.96,315.88,3.49,0.0,-0.6961634275566148,0.7178833346252204,19.186246418338104,17552.870967741936,0.0,28.741935483870968,1.0,0.0,42640.29032258064,36.64494835643103,79.53916972362198,,0.0,18.0,1015.4383,12.13,0.0,0.0,,1,winter,samcheonpo_coal,1,0.0
2021-01-13,14021.442082224,26821.676678832,3068.6319972,17.923333333333332,46.4,109.8825,12,8.71,63.55,322.99,6.14,0.0,-0.6019544021769103,0.7985304613474921,10.350162866449512,17552.870967741936,0.0,28.741935483870968,1.0,0.0,42640.29032258064,36.64494835643103,79.53916972362198,,0.0,24.162947,1013.50684,12.03,0.0,0.0,,2,winter,samcheonpo_coal,1,0.0
2021-01-14,17262.971158608,30701.721079152,3709.670185584,34.19416666666667,44.619166666666665,136.51166666666668,12,6.6,71.08,47.47,1.94,0.0,0.7369234975563917,0.6759761525004079,36.63917525773196,17552.870967741936,0.0,28.741935483870968,1.0,0.0,42640.29032258064,36.64494835643103,79.53916972362198,,0.0,13.896187,1017.7895,12.91,0.0,0.0,,3,winter,samcheonpo_coal,1,0.0
2021-01-15,17493.75215352,31441.716187344,3880.183699152,35.281666666666666,108.235,145.92916666666667,12,11.53,66.78,243.35,8.73,0.0,-0.893763152903363,-0.4485392140183953,7.649484536082474,17552.870967741936,0.0,28.741935483870968,1.0,0.0,42640.29032258064,36.64494835643103,79.53916972362198,,0.0,17.10284,1013.72577,10.8,0.0,0.0,,4,winter,samcheonpo_coal,1,0.0
2021-01-16,15498.67106736,26774.221660416,3184.615005408,38.855,48.94166666666666,161.8225,12,0.72,45.66,179.37,6.16,0.0,0.0109953527232181,-0.9999395492821014,7.412337662337662,17552.870967741936,0.0,28.741935483870968,1.0,0.0,42640.29032258064,36.64494835643103,79.53916972362198,,0.0,21.707731,1017.7486,13.12,0.0,0.0,,5,winter,samcheonpo_coal,1,0.0
2021-01-17,14395.563229536,26324.62265664,2856.901106448,22.743333333333336,53.92666666666667,132.87249999999997,12,-0.01,59.08,265.46,7.34,0.0,-0.996862316012935,-0.0791550561450589,8.049046321525886,17552.870967741936,0.0,28.741935483870968,1.0,0.0,42640.29032258064,36.64494835643103,79.53916972362198,,0.0,22.086521,1023.5861,13.4,0.0,0.0,,6,winter,samcheonpo_coal,1,0.0
2021-01-18,18124.689265632,32472.605341296,3789.36185976,23.445833333333336,56.931666666666665,158.9075,12,1.65,48.73,219.9,6.53,0.0,-0.6414496315691579,-0.7671651518152995,7.462480857580397,17552.870967741936,0.0,28.741935483870968,1.0,0.0,42640.29032258064,36.64494835643103,79.53916972362198,,0.0,30.718357,1018.2942,9.32,0.0,0.0,,0,winter,samcheonpo_coal,1,0.0
2021-01-19,17591.431287456002,30094.75557216,4410.711531792,35.41833333333333,55.154999999999994,122.325,12,-0.89,36.02,64.03,3.13,0.0,0.8990234536796529,0.4379004792574554,11.507987220447284,17552.870967741936,0.0,28.741935483870968,1.0,0.0,42640.29032258064,36.64494835643103,79.53916972362198,,0.0,19.134262,1026.5219,13.54,0.0,0.0,,1,winter,samcheonpo_coal,1,0.0
2021-01-20,14835.818331936,26233.366666464,2352.732409296,44.19333333333333,78.32833333333333,165.69916666666666,12,3.71,71.06,44.57,2.23,0.0,0.7017801407967015,0.7123935948500392,31.86547085201794,17552.870967741936,0.0,28.741935483870968,1.0,0.0,42640.29032258064,36.64494835643103,79.53916972362198,,0.0,15.072783,1026.7476,12.91,0.0,0.0,,2,winter,samcheonpo_coal,1,0.0
2021-01-21,15433.489376352,27477.211458384,2678.887697184,25.866666666666664,75.83583333333333,141.7325,12,8.01,93.05,211.51,1.16,1.0,-0.5226473705391123,-0.8525489581651906,80.21551724137932,17552.870967741936,0.0,28.741935483870968,1.0,0.0,42640.29032258064,36.64494835643103,79.53916972362198,,0.0,10.703569,1020.8608,8.82,0.0,0.0,,3,winter,samcheonpo_coal,1,0.0
2021-01-22,14484.487394592,27574.411037472,2356.250676192,19.486666666666668,82.83333333333333,138.85083333333333,12,9.64,93.26,76.25,1.59,1.0,0.9713420698132614,0.2376858923261731,58.65408805031446,17552.870967741936,0.0,28.741935483870968,1.0,0.0,42640.29032258064,36.64494835643103,79.53916972362198,,0.0,13.089354,1014.81024,3.4,0.0,0.0,,4,winter,samcheonpo_coal,1,0.0
2021-01-23,13305.142669104,27505.305132768,2752.750437696,15.316666666666665,35.07333333333333,126.47249999999998,12,9.09,74.26,93.54,8.38,0.0,0.9980919352652048,-0.0617453541455419,8.861575178997613,17552.870967741936,0.0,28.741935483870968,1.0,0.0,42640.29032258064,36.64494835643103,79.53916972362198,,0.0,24.122686,1013.71405,2.11,0.0,0.0,,5,winter,samcheonpo_coal,1,0.0
2021-01-24,12334.769791488,26960.432283504,2917.2355020000005,13.775,35.4475,102.85666666666668,12,9.01,61.76,117.12,3.45,0.0,0.8900537352090524,-0.4558556223635002,17.901449275362317,17552.870967741936,0.0,28.741935483870968,1.0,0.0,42640.29032258064,36.64494835643103,79.53916972362198,,0.0,19.201874,1020.25055,13.27,0.0,0.0,,6,winter,samcheonpo_coal,1,0.0
2021-01-25,15005.24186472,30674.771542368,3656.0478024,17.44333333333333,37.43416666666667,101.71916666666668,12,9.29,67.58,28.39,2.55,0.0,0.4754706741883138,0.8797315715528858,26.501960784313727,17552.870967741936,0.0,28.741935483870968,1.0,0.0,42640.29032258064,36.64494835643103,79.53916972362198,,0.0,17.208603,1022.7227,12.0,0.0,0.0,,0,winter,samcheonpo_coal,1,0.0
2021-01-26,15775.107618096,30925.861648704,4086.532716624,20.254166666666663,39.9425,121.4125,12,5.17,89.38,73.7,2.25,5.0,0.9598052919751868,0.2806667089207877,39.72444444444445,17552.870967741936,0.0,28.741935483870968,1.0,0.0,42640.29032258064,36.64494835643103,79.53916972362198,,0.0,19.469975,1015.35004,2.83,0.0,0.0,,1,winter,samcheonpo_coal,1,0.0
2021-01-27,15688.262758896,31354.038948816,4270.074306048,35.406666666666666,44.97416666666667,108.8975,12,4.59,50.72,195.79,1.7,0.0,-0.2721123041732711,-0.962265500741616,29.83529411764706,17552.870967741936,0.0,28.741935483870968,1.0,0.0,42640.29032258064,36.64494835643103,79.53916972362198,,0.0,22.66857,1017.65875,14.29,0.0,0.0,,2,winter,samcheonpo_coal,1,0.0
2021-01-28,16907.216645376,31664.863327104,4258.155270096,33.05166666666667,41.71,126.85083333333333,12,-0.69,45.96,322.54,18.41,0.0,-0.6082074155854578,0.7937781425731363,2.496469310157523,17552.870967741936,0.0,28.741935483870968,1.0,0.0,42640.29032258064,36.64494835643103,79.53916972362198,,0.0,36.73588,1013.2168,11.76,0.0,0.0,,3,winter,samcheonpo_coal,1,0.0
2021-01-29,14020.235502624,31507.69195152,3873.228094656,16.315833333333334,42.46666666666667,103.74083333333331,12,-1.23,50.72,54.14,2.97,0.0,0.810450808141024,0.5858066981381838,17.077441077441076,17552.870967741936,0.0,28.741935483870968,1.0,0.0,42640.29032258064,36.64494835643103,79.53916972362198,,0.0,21.986542,1021.03687,14.62,0.0,0.0,,4,winter,samcheonpo_coal,1,0.0
2021-01-30,9498.32460792,26590.588442928,2869.9785531360003,11.653333333333334,43.25083333333333,115.3,12,5.49,67.86,32.49,1.74,0.0,0.5371524005879043,0.8434852094391766,39.0,17552.870967741936,0.0,28.741935483870968,1.0,0.0,42640.29032258064,36.64494835643103,79.53916972362198,,0.0,24.36325,1023.01544,12.79,0.0,0.0,,5,winter,samcheonpo_coal,1,0.0
2021-01-31,10552.76059032,26776.08939384,2778.7637119680003,14.983333333333334,54.86750000000001,114.27166666666666,12,10.18,85.5,208.31,1.26,0.38,-0.4742418741136394,-0.8803945960972177,67.85714285714286,17552.870967741936,0.0,28.741935483870968,1.0,0.0,42640.29032258064,36.64494835643103,79.53916972362198,,0.0,15.137133,1024.4999,11.37,0.0,0.0,,6,winter,samcheonpo_coal,1,0.0
2021-02-01,14173.705170576,30284.964915552,3753.29062584,13.990833333333333,37.20916666666667,103.78333333333336,12,8.63,68.07,220.54,7.74,9.0,-0.6499787535305773,-0.7599523800599858,8.794573643410851,15526.785714285714,0.0,44.0,1.0,0.0,37307.17857142857,37.2450942608709,70.75424189714542,,0.0,18.218275,1013.78955,4.72,0.0,0.0,,0,winter,samcheonpo_coal,1,0.0
2021-02-02,14491.0899648,30671.673886368,4364.297175024,28.334999999999997,36.35333333333333,86.71750000000002,12,-0.59,52.7,200.01,3.82,0.0,-0.3421841454174654,-0.9396329126977828,13.795811518324609,15526.785714285714,0.0,44.0,1.0,0.0,37307.17857142857,37.2450942608709,70.75424189714542,,0.0,24.842607,1019.6194,15.45,0.0,0.0,,1,winter,samcheonpo_coal,1,0.0
2021-02-03,12825.342401472,30196.422625824,4345.60321224,26.4475,44.6125,100.305,12,2.26,49.96,182.04,1.14,0.0,-0.0355971945588583,-0.9993662190306108,43.824561403508774,15526.785714285714,0.0,44.0,1.0,0.0,37307.17857142857,37.2450942608709,70.75424189714542,,0.0,17.731598,1022.9078,15.34,0.0,0.0,,2,winter,samcheonpo_coal,1,0.0
2021-02-04,15131.39509152,34233.471915696,3400.7620720319997,32.345,55.27166666666667,132.40416666666667,12,1.34,46.28,33.66,2.61,0.0,0.554263478736694,0.8323412738406635,17.731800766283527,15526.785714285714,0.0,44.0,1.0,0.0,37307.17857142857,37.2450942608709,70.75424189714542,,0.0,20.774214,1021.1807,15.58,0.0,0.0,,3,winter,samcheonpo_coal,1,0.0
2021-02-05,12268.776420432,32426.838439632,3940.520327136,20.266666666666666,78.9075,123.4225,12,6.14,38.91,338.93,3.52,0.0,-0.3595082654662632,0.933141900817576,11.053977272727272,15526.785714285714,0.0,44.0,1.0,0.0,37307.17857142857,37.2450942608709,70.75424189714542,,0.0,14.264361,1019.19977,11.51,0.0,0.0,,4,winter,samcheonpo_coal,1,0.0
2021-02-06,11641.616066591998,29448.035270208,3297.735103968,21.173333333333336,94.39416666666666,121.04583333333336,12,7.82,76.28,234.69,2.47,0.0,-0.8160367224686534,-0.5780000584624692,30.88259109311741,15526.785714285714,0.0,44.0,1.0,0.0,37307.17857142857,37.2450942608709,70.75424189714542,,0.0,16.704155,1013.1601,15.12,0.0,0.0,,5,winter,samcheonpo_coal,1,0.0
2021-02-07,11562.708490992,28958.238282528,3036.7717806240003,44.166666666666664,55.76583333333334,135.15666666666667,12,7.48,41.62,288.69,13.25,0.0,-0.9472662208420112,0.3204476663227464,3.141132075471698,15526.785714285714,0.0,44.0,1.0,0.0,37307.17857142857,37.2450942608709,70.75424189714542,,0.0,14.007655,1015.4702,15.17,0.0,0.0,,6,winter,samcheonpo_coal,1,0.0
2021-02-08,11763.663746832,28468.917245952,3229.786281312,46.1025,53.16583333333333,129.16666666666666,12,0.29,29.68,97.97,3.15,0.0,0.990340803859696,-0.1386545787579025,9.422222222222222,15526.785714285714,0.0,44.0,1.0,0.0,37307.17857142857,37.2450942608709,70.75424189714542,,0.0,25.49908,1021.5976,16.16,0.0,0.0,,0,winter,samcheonpo_coal,1,0.0
2021-02-09,11601.26177976,28202.177098224,2763.605373984,35.54666666666666,51.41,107.12416666666664,12,2.48,52.37,56.6,2.51,0.0,0.8348478632634065,0.5504807400849956,20.864541832669325,15526.785714285714,0.0,44.0,1.0,0.0,37307.17857142857,37.2450942608709,70.75424189714542,,0.0,17.651016,1024.3002,16.1,0.0,0.0,,1,winter,samcheonpo_coal,1,0.0
2021-02-10,10616.718540528002,28577.030147856,2362.0482387360003,23.83,67.24833333333333,131.67166666666665,12,6.31,49.34,59.83,1.81,0.0,0.8645380640969078,0.5025673444699436,27.259668508287294,15526.785714285714,0.0,44.0,1.0,0.0,37307.17857142857,37.2450942608709,70.75424189714542,,0.0,15.328561,1021.28156,15.84,0.0,0.0,,2,winter,samcheonpo_coal,1,0.0
2021-02-11,9960.685605792,28554.131604528,2270.573009136,23.08,80.655,128.08,12,6.47,70.79,46.78,2.45,0.0,0.728729630997287,0.6848015222723719,28.89387755102041,15526.785714285714,0.0,44.0,1.0,0.0,37307.17857142857,37.2450942608709,70.75424189714542,,0.0,15.379206,1021.17523,12.28,0.0,0.0,,3,winter,samcheonpo_coal,1,0.0
2021-02-12,5871.556550304,19677.179333376,296165.628230112,36.846666666666664,110.30333333333334,1080.569166666667,12,7.76,59.49,38.0,2.13,0.0,0.6156614753256583,0.7880107536067219,27.929577464788736,15526.785714285714,0.0,44.0,1.0,0.0,37307.17857142857,37.2450942608709,70.75424189714542,,0.0,11.720751,1020.4953,12.25,0.0,0.0,,4,winter,samcheonpo_coal,1,0.0
2021-02-13,5279.399746847999,16488.359502192,29618.56293868801,32.17583333333334,103.92416666666666,324.00666666666666,12,8.42,51.94,60.02,2.47,0.0,0.8661998839448095,0.4996976696503583,21.028340080971656,15526.785714285714,0.0,44.0,1.0,0.0,37307.17857142857,37.2450942608709,70.75424189714542,,0.0,12.10157,1020.0738,14.46,0.0,0.0,,5,winter,samcheonpo_coal,1,0.0
2021-02-14,7151.066970624,20386.303688591997,1755.657307728,16.599166666666665,129.30083333333334,156.17416666666668,12,10.95,95.77,80.38,1.83,2.5,0.9859377637269816,0.1671129140941498,52.33333333333333,15526.785714285714,0.0,44.0,1.0,0.0,37307.17857142857,37.2450942608709,70.75424189714542,,0.0,10.383987,1012.5154,6.47,0.0,0.0,,6,winter,samcheonpo_coal,1,0.0
2021-02-15,7768.443877488,19669.500567647996,2250.90092592,51.134166666666665,53.884166666666665,166.08833333333334,12,-0.37,51.84,79.61,3.11,0.0,0.9836029623670508,0.180347476896024,16.668810289389068,15526.785714285714,0.0,44.0,1.0,0.0,37307.17857142857,37.2450942608709,70.75424189714542,,0.0,33.3559,1005.9866,15.42,0.0,0.0,,0,winter,samcheonpo_coal,1,0.0
2021-02-16,7594.606316592,20606.06306232,2175.912331488,32.45166666666667,78.74833333333333,119.68583333333332,12,-0.86,52.13,317.14,16.91,0.0,-0.6802092916930822,0.7330179530505343,3.0827912477823776,15526.785714285714,0.0,44.0,1.0,0.0,37307.17857142857,37.2450942608709,70.75424189714542,,0.0,34.925568,1011.96606,16.34,0.0,0.0,,1,winter,samcheonpo_coal,1,0.0
2021-02-17,5839.511229071999,20874.891239712,2587.3746940799997,26.394166666666667,77.48583333333333,142.66666666666666,12,-4.17,63.9,315.87,13.68,0.0,-0.6962887112311473,0.7177618202524204,4.671052631578948,15526.785714285714,0.0,44.0,1.0,0.0,37307.17857142857,37.2450942608709,70.75424189714542,,0.0,35.42846,1014.1517,15.27,0.0,0.0,,2,winter,samcheonpo_coal,1,0.0
2021-02-18,6118.8932023200005,20448.833804928,2561.099386176,13.593333333333334,64.08916666666667,139.27166666666668,12,-1.51,57.49,43.65,2.53,0.0,0.6902512402344372,0.7235697791884493,22.72332015810277,15526.785714285714,0.0,44.0,1.0,0.0,37307.17857142857,37.2450942608709,70.75424189714542,,0.0,22.66857,1017.3879,17.34,0.0,0.0,,3,winter,samcheonpo_coal,1,0.0
2021-02-19,6932.165106672,22268.920924511996,2219.6675253599997,21.1925,253.45666666666668,111.79166666666669,12,7.58,62.86,270.36,2.61,0.0,-0.9999802608561372,0.0062831439655592,24.084291187739463,15526.785714285714,0.0,44.0,1.0,0.0,37307.17857142857,37.2450942608709,70.75424189714542,,0.0,21.599998,1015.791,17.6,0.0,0.0,,4,winter,samcheonpo_coal,1,0.0
2021-02-20,3822.728695776,11229.940053648,1332.14396616,19.289166666666667,64.94916666666667,108.44916666666666,12,10.86,68.88,281.47,2.9,0.0,-0.9800289590964564,0.1988548197361992,23.751724137931035,15526.785714285714,0.0,44.0,1.0,0.0,37307.17857142857,37.2450942608709,70.75424189714542,,0.0,20.730501,1009.1292,17.13,0.0,0.0,,5,winter,samcheonpo_coal,1,0.0
2021-02-21,4116.704936688,11312.603597808,1456.955177616,21.254166666666663,84.57666666666667,164.59166666666667,12,13.13,72.96,251.24,3.47,0.0,-0.946874013302666,-0.32160473089198,21.025936599423627,15526.785714285714,0.0,44.0,1.0,0.0,37307.17857142857,37.2450942608709,70.75424189714542,,0.0,18.218275,1009.617,17.27,0.0,0.0,,6,winter,samcheonpo_coal,1,0.0
2021-02-22,4402.606788,11242.399183632,1479.607568928,16.7025,67.67083333333333,113.50083333333332,12,10.74,39.2,298.7,6.59,0.0,-0.877146163705589,0.4802234974431887,5.948406676783005,15526.785714285714,0.0,44.0,1.0,0.0,37307.17857142857,37.2450942608709,70.75424189714542,,0.0,22.505037,1009.53876,16.82,0.0,0.0,,0,winter,samcheonpo_coal,1,0.0
2021-02-23,5188.096137312,11107.41910056,1764.928347408,47.921666666666674,49.346666666666664,98.55166666666666,12,6.8,25.12,53.11,5.34,0.0,0.7997894394049396,0.6002806448789869,4.704119850187266,15526.785714285714,0.0,44.0,1.0,0.0,37307.17857142857,37.2450942608709,70.75424189714542,,0.0,20.945072,1018.98883,16.21,0.0,0.0,,1,winter,samcheonpo_coal,1,0.0
2021-02-24,5238.132794352001,11159.808254496,1535.999894064,28.403333333333336,52.11833333333333,95.25083333333332,12,7.47,69.53,190.87,1.72,0.0,-0.1885812647129343,-0.9820575882295652,40.424418604651166,15526.785714285714,0.0,44.0,1.0,0.0,37307.17857142857,37.2450942608709,70.75424189714542,,0.0,21.166653,1020.98315,12.25,0.0,0.0,,2,winter,samcheonpo_coal,1,0.0
2021-02-25,5605.223814864,11432.872197072,1578.803723856,28.219166666666663,56.205000000000005,135.26583333333335,12,6.68,87.01,30.96,7.84,2.12,0.5144395337815064,0.8575266561936523,11.098214285714286,15526.785714285714,0.0,44.0,1.0,0.0,37307.17857142857,37.2450942608709,70.75424189714542,,0.0,18.391737,1019.70795,6.04,0.0,0.0,,3,winter,samcheonpo_coal,1,0.0
2021-02-26,5144.715348336001,11472.89908896,1530.9850793760002,28.81833333333333,44.7525,122.32583333333332,12,8.37,57.9,59.46,6.63,1.5,0.8612746218759617,0.5081397698590607,8.733031674208144,15526.785714285714,0.0,44.0,1.0,0.0,37307.17857142857,37.2450942608709,70.75424189714542,,0.0,24.149532,1017.4863,14.65,0.0,0.0,,4,winter,samcheonpo_coal,1,0.0
2021-02-27,5722.820384256,11532.76270776,1504.51152408,37.87833333333333,49.8025,121.545,12,6.29,57.84,103.38,6.22,0.0,0.97285671422187,-0.2314083265429887,9.29903536977492,15526.785714285714,0.0,44.0,1.0,0.0,37307.17857142857,37.2450942608709,70.75424189714542,,0.0,24.149532,1023.8842,17.28,0.0,0.0,,5,winter,samcheonpo_coal,1,0.0
2021-02-28,8107.928317728,11515.561197552,1163.888739936,29.641666666666666,55.72083333333333,124.69416666666666,12,10.15,82.13,187.2,1.68,0.0,-0.1253332335643038,-0.992114701314478,48.88690476190476,15526.785714285714,0.0,44.0,1.0,0.0,37307.17857142857,37.2450942608709,70.75424189714542,,0.0,18.472595,1023.2754,6.38,0.0,0.0,,6,winter,samcheonpo_coal,1,0.0
2021-03-01,8943.123456,11714.754120192,1061.3539103039998,16.73,89.9225,132.41333333333333,12,10.0,90.12,280.89,8.14,16.25,-0.9819917011209968,0.1889240559841206,11.071253071253071,10961.645161290322,0.0,4.225806451612903,1.0,0.0,26201.032258064515,35.86461943139398,64.07961369411694,,0.0,23.749088,1011.54517,3.15,0.0,0.0,,0,spring,samcheonpo_coal,1,0.0
2021-03-02,8939.814845328,11531.813628816,1325.144054448,72.36333333333334,39.48333333333333,103.88916666666668,12,4.31,69.6,95.47,3.12,1.5,0.995446246636795,-0.0953245511750098,22.307692307692307,10961.645161290322,0.0,4.225806451612903,1.0,0.0,26201.032258064515,35.86461943139398,64.07961369411694,,0.0,22.79684,1017.1189,17.5,0.0,0.0,,1,spring,samcheonpo_coal,1,0.0
2021-03-03,8913.783108528001,11303.098139376,1376.0735520960002,47.1875,53.19083333333333,108.94583333333333,12,5.57,68.92,60.7,3.62,0.0,0.8720692724321206,0.4893824517488462,19.03867403314917,10961.645161290322,0.0,4.225806451612903,1.0,0.0,26201.032258064515,35.86461943139398,64.07961369411694,,0.0,13.104198,1026.2836,17.81,0.0,0.0,,2,spring,samcheonpo_coal,1,0.0
2021-03-04,18911.773500048,29564.814254256,2499.9241471200003,33.595,51.45916666666667,132.2225,12,8.01,90.95,67.98,3.03,2.0,0.9270530357130772,0.3749302188076712,30.01650165016502,10961.645161290322,0.0,4.225806451612903,1.0,0.0,26201.032258064515,35.86461943139398,64.07961369411694,,0.0,16.800856,1020.7735,6.8,0.0,0.0,,3,spring,samcheonpo_coal,1,0.0
2021-03-05,17628.529334543997,28600.916551056,2428.5925232639997,15.6275,49.86666666666667,123.14666666666668,12,11.67,75.19,20.37,1.58,0.25,0.3480812398606492,0.9374643729001508,47.588607594936704,10961.645161290322,0.0,4.225806451612903,1.0,0.0,26201.032258064515,35.86461943139398,64.07961369411694,,0.0,18.218275,1015.55304,17.95,0.0,0.0,,4,spring,samcheonpo_coal,1,0.0
2021-03-06,16410.791983536,29469.46779792,2467.441606032,38.94583333333333,38.04833333333333,128.48,12,6.37,66.97,134.42,4.83,0.0,0.7142284075306498,-0.6999126958958753,13.865424430641822,10961.645161290322,0.0,4.225806451612903,1.0,0.0,26201.032258064515,35.86461943139398,64.07961369411694,,0.0,20.523157,1021.4383,14.55,0.0,0.0,,5,spring,samcheonpo_coal,1,0.0
2021-03-07,16261.684168032,29383.75761264,2393.427766032,25.886666666666667,43.305,122.88583333333332,12,5.42,76.51,68.49,2.87,0.0,0.93035358728009,0.3666636096411368,26.658536585365855,10961.645161290322,0.0,4.225806451612903,1.0,0.0,26201.032258064515,35.86461943139398,64.07961369411694,,0.0,17.673029,1024.6881,16.92,0.0,0.0,,6,spring,samcheonpo_coal,1,0.0
2021-03-08,16404.528213216,28976.908427424,2826.110160576,33.468333333333334,53.935833333333335,128.42333333333332,12,8.67,66.02,86.58,3.49,0.0,0.9982190652782118,0.0596548213901708,18.916905444126073,10961.645161290322,0.0,4.225806451612903,1.0,0.0,26201.032258064515,35.86461943139398,64.07961369411694,,0.0,11.966954,1023.0904,19.77,0.0,0.0,,0,spring,samcheonpo_coal,1,0.0
2021-03-09,12259.16315856,45752.817757248,77850.06809515202,27.245833333333337,78.73,255.52,12,9.34,66.07,227.74,1.91,0.0,-0.7401007660675525,-0.672495989628356,34.59162303664921,10961.645161290322,0.0,4.225806451612903,1.0,0.0,26201.032258064515,35.86461943139398,64.07961369411694,,0.0,11.269782,1021.31744,17.61,0.0,0.0,,1,spring,samcheonpo_coal,1,0.0
2021-03-10,7820.753287824,16911.333004752,2715.0813056159996,17.24083333333333,87.19416666666666,222.2975,12,8.78,58.32,100.02,2.75,0.0,0.9847470783667128,-0.1739919298364819,21.207272727272727,10961.645161290322,0.0,4.225806451612903,1.0,0.0,26201.032258064515,35.86461943139398,64.07961369411694,,0.0,21.120682,1023.8637,20.37,0.0,0.0,,2,spring,samcheonpo_coal,1,0.0
2021-03-11,9577.09373904,16518.610699056,1907.508049776,19.695833333333333,108.99666666666668,168.00750000000002,12,10.41,85.05,193.68,2.04,0.0,-0.2364989970237248,-0.971631732914674,41.69117647058823,10961.645161290322,0.0,4.225806451612903,1.0,0.0,26201.032258064515,35.86461943139398,64.07961369411694,,0.0,13.513193,1023.2596,15.69,0.0,0.0,,3,spring,samcheonpo_coal,1,0.0
2021-03-12,9200.715374592,16682.567090832,1653.9489001440002,10.97,89.37083333333334,170.27083333333334,12,9.46,75.6,137.91,4.87,11.5,0.6702971095343226,-0.7420928411930223,15.523613963039011,10961.645161290322,0.0,4.225806451612903,1.0,0.0,26201.032258064515,35.86461943139398,64.07961369411694,,0.0,26.420174,1015.26996,2.61,0.0,0.0,,4,spring,samcheonpo_coal,1,0.0
2021-03-13,9079.353585648,16332.213287232,1363.504142304,23.19666666666667,110.49583333333334,157.72666666666666,12,8.02,83.23,69.7,2.9,0.0,0.9378889346118976,0.3469356515732558,28.700000000000003,10961.645161290322,0.0,4.225806451612903,1.0,0.0,26201.032258064515,35.86461943139398,64.07961369411694,,0.0,18.58451,1017.1499,19.83,0.0,0.0,,5,spring,samcheonpo_coal,1,0.0
2021-03-14,9361.183101408,16423.131503376,1397.7902273759998,23.989166666666662,109.45333333333332,166.47833333333332,12,9.7,73.28,180.21,2.24,0.0,-0.0036651832230571,-0.999993283193413,32.71428571428571,10961.645161290322,0.0,4.225806451612903,1.0,0.0,26201.032258064515,35.86461943139398,64.07961369411694,,0.0,11.988594,1015.9265,18.99,0.0,0.0,,6,spring,samcheonpo_coal,1,0.0
2021-03-15,8774.674861248,16316.510233392,1345.697972352,22.411666666666665,112.6575,175.92416666666668,12,13.7,78.2,70.67,1.93,0.0,0.9436277652856028,0.3310085204071027,40.51813471502591,10961.645161290322,0.0,4.225806451612903,1.0,0.0,26201.032258064515,35.86461943139398,64.07961369411694,,0.0,12.538134,1014.5473,19.23,0.0,0.0,,0,spring,samcheonpo_coal,1,0.0
2021-03-16,9328.996944864,16082.822478816,1196.4055944960005,15.4625,106.43166666666669,177.095,12,10.81,58.0,50.09,1.93,1.0,0.7670531860507087,0.6415835173766989,30.05181347150259,10961.645161290322,0.0,4.225806451612903,1.0,0.0,26201.032258064515,35.86461943139398,64.07961369411694,,0.0,20.08916,1009.68555,20.22,0.0,0.0,,1,spring,samcheonpo_coal,1,0.0
2021-03-17,9231.132398976,16567.767345456003,1525.629892896,22.505,123.06416666666668,187.09916666666663,12,10.19,72.92,62.01,1.41,0.0,0.883029517655601,0.4693174522100329,51.71631205673759,10961.645161290322,0.0,4.225806451612903,1.0,0.0,26201.032258064515,35.86461943139398,64.07961369411694,,0.0,21.096123,1014.6484,21.45,0.0,0.0,,2,spring,samcheonpo_coal,1,0.0
2021-03-18,9432.599427792,16425.873012096,1566.420732144,17.88,88.86416666666666,175.715,12,10.98,68.61,111.07,3.38,0.0,0.933141900817576,-0.3595082654662636,20.29881656804734,10961.645161290322,0.0,4.225806451612903,1.0,0.0,26201.032258064515,35.86461943139398,64.07961369411694,,0.0,14.05845,1016.32983,21.33,0.0,0.0,,3,spring,samcheonpo_coal,1,0.0
2021-03-19,9409.616237952,16423.00508304,1852.838416656,12.2,83.66416666666667,198.45166666666668,12,12.04,57.15,63.52,2.34,0.0,0.8950900594954228,0.4458853949082439,24.423076923076923,10961.645161290322,0.0,4.225806451612903,1.0,0.0,26201.032258064515,35.86461943139398,64.07961369411694,,0.0,15.9134655,1015.84644,17.07,0.0,0.0,,4,spring,samcheonpo_coal,1,0.0
2021-03-20,9393.231090528,16320.597163344,1716.9072848639998,12.471666666666666,81.79166666666667,218.5566666666667,12,11.9,86.24,119.15,1.27,5.25,0.8733474826986871,-0.4870977052541577,67.90551181102362,10961.645161290322,0.0,4.225806451612903,1.0,0.0,26201.032258064515,35.86461943139398,64.07961369411694,,0.0,16.563911,1009.29645,2.08,0.0,0.0,,5,spring,samcheonpo_coal,1,0.0
2021-03-21,10007.467152768,16723.4188788,2904.685107696,31.963333333333335,80.88333333333334,427.52666666666664,12,6.11,54.19,326.71,10.5,0.0,-0.5488769337330942,0.8359031711961359,5.160952380952381,10961.645161290322,0.0,4.225806451612903,1.0,0.0,26201.032258064515,35.86461943139398,64.07961369411694,,0.0,30.85307,1009.55316,21.69,0.0,0.0,,6,spring,samcheonpo_coal,1,0.0
2021-03-22,9594.93082536,16640.666717904,1669.849514496,31.855833333333333,93.15166666666666,146.09666666666666,12,7.74,55.49,270.17,8.16,0.0,-0.9999955982815132,0.0029670553750023,6.800245098039216,10961.645161290322,0.0,4.225806451612903,1.0,0.0,26201.032258064515,35.86461943139398,64.07961369411694,,0.0,24.633049,1017.5205,22.67,0.0,0.0,,0,spring,samcheonpo_coal,1,0.0
2021-03-23,9188.000249184,16311.141528624,1312.454737296,19.2175,113.26416666666668,165.20666666666668,12,10.78,56.27,265.54,3.28,0.0,-0.9969718655679232,-0.0777630970706211,17.15548780487805,10961.645161290322,0.0,4.225806451612903,1.0,0.0,26201.032258064515,35.86461943139398,64.07961369411694,,0.0,19.373219,1019.15204,22.56,0.0,0.0,,1,spring,samcheonpo_coal,1,0.0
2021-03-24,9110.021532768,16197.650953056,1445.498027136,23.1375,114.76166666666668,161.4441666666667,12,11.61,74.73,117.2,0.98,0.0,0.8894163732912974,-0.4570979270586943,76.25510204081633,10961.645161290322,0.0,4.225806451612903,1.0,0.0,26201.032258064515,35.86461943139398,64.07961369411694,,0.0,12.522619,1017.9087,18.43,0.0,0.0,,2,spring,samcheonpo_coal,1,0.0
2021-03-25,8584.892854127998,15588.597178944,1170.55848312,15.045833333333334,122.12416666666668,161.2483333333333,12,11.67,66.22,38.59,2.92,0.0,0.6237431861536946,0.7816293480460144,22.67808219178082,10961.645161290322,0.0,4.225806451612903,1.0,0.0,26201.032258064515,35.86461943139398,64.07961369411694,,0.0,11.681987,1017.0345,22.89,0.0,0.0,,3,spring,samcheonpo_coal,1,0.0
2021-03-26,8152.942336128,16067.278574496,1172.6623084319997,16.32,118.65166666666666,141.82416666666666,12,11.31,69.09,81.63,3.06,0.0,0.989348686247074,0.1455650267790615,22.57843137254902,10961.645161290322,0.0,4.225806451612903,1.0,0.0,26201.032258064515,35.86461943139398,64.07961369411694,,0.0,12.181624,1017.70703,22.56,0.0,0.0,,4,spring,samcheonpo_coal,1,0.0
2021-03-27,8723.770825536,16196.226685344,1462.026892608,9.2775,90.74833333333332,177.34083333333334,12,14.49,97.95,241.32,5.54,14.25,-0.8773137398869013,-0.4799172864209606,17.680505415162454,10961.645161290322,0.0,4.225806451612903,1.0,0.0,26201.032258064515,35.86461943139398,64.07961369411694,,0.0,29.515608,1010.0734,6.8,0.0,0.0,,5,spring,samcheonpo_coal,1,0.0
2021-03-28,9601.011161136,16612.973280288,1394.188380864,15.226666666666668,87.47416666666668,128.225,12,14.14,68.89,309.92,2.11,0.75,-0.7669411969203416,0.6417173836404885,32.649289099526065,10961.645161290322,0.0,4.225806451612903,1.0,0.0,26201.032258064515,35.86461943139398,64.07961369411694,,0.0,20.945072,1001.0229,22.08,0.0,0.0,,6,spring,samcheonpo_coal,1,0.0
2021-03-29,9275.520382416,15861.89067336,1681.128297504,14.366666666666667,90.70916666666666,226.36,12,12.91,47.25,113.44,1.65,0.0,0.9174771405229186,-0.3977885073979497,28.636363636363637,10961.645161290322,0.0,4.225806451612903,1.0,0.0,26201.032258064515,35.86461943139398,64.07961369411694,,0.0,16.267857,1004.3431,22.57,0.0,0.0,,0,spring,samcheonpo_coal,1,0.0
2021-03-30,8777.286375696001,15530.466439296,1451.8003170240002,20.515,104.46750000000002,167.1875,12,11.65,45.36,62.82,2.14,0.0,0.8895758763783379,0.4567874343342996,21.19626168224299,10961.645161290322,0.0,4.225806451612903,1.0,0.0,26201.032258064515,35.86461943139398,64.07961369411694,,0.0,14.618837,1007.8259,20.66,0.0,0.0,,1,spring,samcheonpo_coal,1,0.0
2021-03-31,9763.228663632,16320.1981824,1870.837087968,15.300833333333337,103.825,163.99083333333334,12,12.68,59.3,66.84,3.17,0.0,0.9194101385805528,0.3933001361241673,18.706624605678233,10961.645161290322,0.0,4.225806451612903,1.0,0.0,26201.032258064515,35.86461943139398,64.07961369411694,,0.0,13.830749,1011.10004,21.38,0.0,0.0,,2,spring,samcheonpo_coal,1,0.0
2021-04-01,10149.754458528,16066.590058368,1555.233893424,26.505,98.15500000000002,202.8766666666667,12,15.02,36.65,108.82,4.25,0.0,0.9465367104958504,-0.3225961185192634,8.623529411764705,8527.866666666667,0.0,1.2666666666666666,1.0,0.0,20723.9,36.76982313496334,77.10150335281165,,0.0,19.734436,1014.29004,9.17,0.0,0.0,,3,spring,samcheonpo_coal,1,0.0
2021-04-02,9310.302147312,15949.692454896,1425.8941086240002,16.755,98.4875,204.41083333333336,12,17.23,64.88,121.88,2.94,0.0,0.8491560956797762,-0.5281419555099544,22.068027210884352,8527.866666666667,0.0,1.2666666666666666,1.0,0.0,20723.9,36.76982313496334,77.10150335281165,,0.0,18.668005,1015.7763,11.89,0.0,0.0,,4,spring,samcheonpo_coal,1,0.0
2021-04-03,8982.051285888001,16091.608829472,1369.576712016,18.373333333333335,101.80916666666668,191.82499999999996,12,15.75,97.02,196.73,4.04,18.5,-0.2878619951215798,-0.9576719019396066,24.014851485148515,8527.866666666667,0.0,1.2666666666666666,1.0,0.0,20723.9,36.76982313496334,77.10150335281165,,0.0,18.0,1010.4719,3.15,0.0,0.0,,5,spring,samcheonpo_coal,1,0.0
2021-04-04,8978.967822528,16429.945474368,1346.5973547360002,33.39,84.74416666666666,135.66333333333333,12,10.7,70.89,110.78,1.71,2.5,0.9349495751544762,-0.3547806250607048,41.45614035087719,8527.866666666667,0.0,1.2666666666666666,1.0,0.0,20723.9,36.76982313496334,77.10150335281165,,0.0,17.287498,1009.1132,2.31,0.0,0.0,,6,spring,samcheonpo_coal,1,0.0
2021-04-05,8312.260494528,16108.325180208,1404.260428896,30.2975,88.84916666666668,134.95000000000002,12,8.79,61.4,62.82,3.44,0.0,0.8895758763783379,0.4567874343342996,17.848837209302324,8527.866666666667,0.0,1.2666666666666666,1.0,0.0,20723.9,36.76982313496334,77.10150335281165,,0.0,19.64228,1017.6689,24.66,0.0,0.0,,0,spring,samcheonpo_coal,1,0.0
2021-04-06,7879.921597008,16150.61540448,1190.578102272,26.962499999999995,93.89666666666666,125.785,12,13.62,44.78,39.0,2.54,0.0,0.6293203910498374,0.7771459614569709,17.62992125984252,8527.866666666667,0.0,1.2666666666666666,1.0,0.0,20723.9,36.76982313496334,77.10150335281165,,0.0,11.525623,1016.753,22.65,0.0,0.0,,1,spring,samcheonpo_coal,1,0.0
2021-04-07,6934.355352288,16072.777708704,1160.3355366239998,17.233333333333334,93.76166666666666,107.58,12,12.36,64.62,82.46,2.73,0.0,0.9913534952995487,0.1312183194427045,23.67032967032967,8527.866666666667,0.0,1.2666666666666666,1.0,0.0,20723.9,36.76982313496334,77.10150335281165,,0.0,13.527572,1015.5783,24.0,0.0,0.0,,2,spring,samcheonpo_coal,1,0.0
2021-04-08,6319.822632624,15631.200170064,1329.090158736,15.289166666666668,88.89583333333333,134.4425,12,11.05,79.55,72.97,2.9,0.0,0.9561515394152316,0.292872384621498,27.43103448275862,8527.866666666667,0.0,1.2666666666666666,1.0,0.0,20723.9,36.76982313496334,77.10150335281165,,0.0,11.923557,1013.74664,24.38,0.0,0.0,,3,spring,samcheonpo_coal,1,0.0
2021-04-09,6192.35498088,15987.323381616,1303.2627324480002,10.175,76.13000000000001,98.79666666666668,12,9.91,60.0,83.31,3.39,0.0,0.9931909972965598,0.11649739434453,17.699115044247787,8527.866666666667,0.0,1.2666666666666666,1.0,0.0,20723.9,36.76982313496334,77.10150335281165,,0.0,19.386591,1020.0196,20.8,0.0,0.0,,4,spring,samcheonpo_coal,1,0.0
2021-04-10,5985.63202248,15891.931102031998,1349.4011869439998,10.086666666666666,80.47166666666666,93.14833333333333,12,10.25,66.06,78.32,1.21,0.0,0.9792935370823672,0.2024454697658261,54.59504132231405,8527.866666666667,0.0,1.2666666666666666,1.0,0.0,20723.9,36.76982313496334,77.10150335281165,,0.0,13.746156,1027.3215,24.15,0.0,0.0,,5,spring,samcheonpo_coal,1,0.0
2021-04-11,5888.625232752001,15857.649612432,1276.7659895520003,9.099166666666669,86.15249999999999,94.405,12,13.04,48.56,54.65,2.14,0.0,0.8156330034743637,0.5785696186660587,22.69158878504673,8527.866666666667,0.0,1.2666666666666666,1.0,0.0,20723.9,36.76982313496334,77.10150335281165,,0.0,12.074766,1026.861,25.11,0.0,0.0,,6,spring,samcheonpo_coal,1,0.0
2021-04-12,5359.680391248,15812.615140416,1097.943732576,6.585,87.43916666666667,114.28166666666668,12,14.49,98.0,240.77,8.26,14.25,-0.8726665149030237,-0.4883166531739529,11.864406779661016,8527.866666666667,0.0,1.2666666666666666,1.0,0.0,20723.9,36.76982313496334,77.10150335281165,,0.0,18.511143,1017.435,3.89,0.0,0.0,,0,spring,samcheonpo_coal,1,0.0
2021-04-13,4722.87743208,16493.965223904,5939.065992528001,10.668333333333337,87.89,58.08833333333333,12,7.92,57.31,214.95,11.57,0.75,-0.5728613730277088,-0.8196522721818127,4.953327571305099,8527.866666666667,0.0,1.2666666666666666,1.0,0.0,20723.9,36.76982313496334,77.10150335281165,,0.0,21.129883,1008.21826,23.18,0.0,0.0,,1,spring,samcheonpo_coal,1,0.0
2021-04-14,5251.571607312,20065.058868528,5609.636600112,9.31,91.6325,37.98666666666667,12,10.67,48.73,59.21,4.18,0.0,0.8590492521865367,0.5118929402890334,11.657894736842104,8527.866666666667,0.0,1.2666666666666666,1.0,0.0,20723.9,36.76982313496334,77.10150335281165,,0.0,22.553936,1014.17535,25.67,0.0,0.0,,2,spring,samcheonpo_coal,1,0.0
2021-04-15,5441.505040655999,15776.224630992,1067.795848224,17.9075,80.8775,99.63416666666666,12,8.57,77.61,69.4,4.02,0.0,0.9360595357389732,0.3518416484047017,19.305970149253735,8527.866666666667,0.0,1.2666666666666666,1.0,0.0,20723.9,36.76982313496334,77.10150335281165,,0.0,14.081477,1015.81244,22.62,0.0,0.0,,3,spring,samcheonpo_coal,1,0.0
2021-04-16,5669.236663776,15528.746619791998,1015.325076672,12.979166666666666,84.87333333333333,104.785,12,13.88,84.0,73.56,2.44,0.0,0.959116629255609,0.2830111154802202,34.42622950819672,8527.866666666667,0.0,1.2666666666666666,1.0,0.0,20723.9,36.76982313496334,77.10150335281165,,0.0,10.239453,1013.2746,15.65,0.0,0.0,,4,spring,samcheonpo_coal,1,0.0
2021-04-17,7097.375411568,15748.003419264,776.910672864,9.829166666666666,75.30916666666667,9.1425,12,9.96,34.87,324.78,13.75,0.0,-0.5767175184245726,0.8169436357192599,2.536,8527.866666666667,0.0,1.2666666666666666,1.0,0.0,20723.9,36.76982313496334,77.10150335281165,,0.0,27.852928,1010.5822,24.68,0.0,0.0,,5,spring,samcheonpo_coal,1,0.0
2021-04-18,7245.121089744,16204.680775727998,769.398282432,8.191666666666666,67.63250000000001,6.386666666666667,12,12.31,42.41,97.85,4.41,0.0,0.9906290290584258,-0.1365801112415734,9.616780045351472,8527.866666666667,0.0,1.2666666666666666,1.0,0.0,20723.9,36.76982313496334,77.10150335281165,,0.0,17.811815,1012.4908,25.24,0.0,0.0,,6,spring,samcheonpo_coal,1,0.0
2021-04-19,6528.936407040001,16131.869138736,834.35076864,20.448333333333338,86.81916666666666,127.26166666666666,12,13.93,44.65,174.23,3.03,0.0,0.1005353650331609,-0.9949334854037476,14.735973597359736,8527.866666666667,0.0,1.2666666666666666,1.0,0.0,20723.9,36.76982313496334,77.10150335281165,,0.0,9.339208,1013.77045,26.42,0.0,0.0,,0,spring,samcheonpo_coal,1,0.0
2021-04-20,6301.280263968,15989.718112848,936.798352416,11.339999999999998,92.74666666666668,101.565,12,14.01,48.13,68.97,4.16,0.0,0.9333926575129956,0.3588567219668984,11.569711538461538,8527.866666666667,0.0,1.2666666666666666,1.0,0.0,20723.9,36.76982313496334,77.10150335281165,,0.0,10.464797,1016.1394,26.02,0.0,0.0,,1,spring,samcheonpo_coal,1,0.0
2021-04-21,5825.387116368,15892.522625232,1014.932899872,7.0633333333333335,84.38166666666667,103.9625,12,15.79,58.63,115.28,1.18,0.0,0.9042316706138986,-0.4270422530134434,49.686440677966104,8527.866666666667,0.0,1.2666666666666666,1.0,0.0,20723.9,36.76982313496334,77.10150335281165,,0.0,10.195057,1018.2593,19.84,0.0,0.0,,2,spring,samcheonpo_coal,1,0.0
2021-04-22,5073.493082976001,15893.200131696,1231.426030896,8.131666666666668,93.65666666666668,110.4525,12,19.37,41.44,217.63,1.66,0.0,-0.6105599221321137,-0.7919700635036827,24.96385542168675,8527.866666666667,0.0,1.2666666666666666,1.0,0.0,20723.9,36.76982313496334,77.10150335281165,,0.0,12.738099,1015.9761,11.72,0.0,0.0,,3,spring,samcheonpo_coal,1,0.0
2021-04-23,5456.606318352,15879.554582832,970.102559232,11.0025,124.185,14.15375,8,15.35,48.45,31.49,7.82,0.0,0.5223497429765689,0.8527313445700894,6.195652173913044,8527.866666666667,0.0,1.2666666666666666,1.0,0.0,20723.9,36.76982313496334,77.10150335281165,,0.0,28.296091,1014.30536,14.21,0.0,0.0,,4,spring,samcheonpo_coal,1,0.0
2021-04-24,6491.628997919999,16114.425080976,1221.519737088,9.09625,109.2825,14.39375,8,14.99,81.36,116.97,1.77,0.0,0.8912441109100573,-0.4535239076037134,45.96610169491525,8527.866666666667,0.0,1.2666666666666666,1.0,0.0,20723.9,36.76982313496334,77.10150335281165,,0.0,18.440998,1016.29987,23.68,0.0,0.0,,5,spring,samcheonpo_coal,1,0.0
2021-04-25,6599.915632224,15806.605650048,977.541127056,9.081111111111111,100.90222222222222,14.984444444444446,9,13.06,56.58,157.19,3.44,0.0,0.3876764760215667,-0.9217955033192012,16.447674418604652,8527.866666666667,0.0,1.2666666666666666,1.0,0.0,20723.9,36.76982313496334,77.10150335281165,,0.0,14.84318,1015.6528,19.34,0.0,0.0,,6,spring,samcheonpo_coal,1,0.0
2021-04-26,5941.940402736,16191.845258832,1733.439153168,11.971666666666666,90.27083333333331,118.35166666666667,12,11.36,55.67,147.9,1.67,0.0,0.5313985795180828,-0.8471219213821372,33.33532934131737,8527.866666666667,0.0,1.2666666666666666,1.0,0.0,20723.9,36.76982313496334,77.10150335281165,,0.0,12.496718,1018.8985,26.34,0.0,0.0,,0,spring,samcheonpo_coal,1,0.0
2021-04-27,8953.131125376001,19082.08830672,1858.263254352,8.294166666666667,82.72,103.27333333333333,12,13.97,82.0,81.28,1.53,0.0,0.9884410266004132,0.1516058604840888,53.59477124183007,8527.866666666667,0.0,1.2666666666666666,1.0,0.0,20723.9,36.76982313496334,77.10150335281165,,0.0,11.720751,1016.2417,14.95,0.0,0.0,,1,spring,samcheonpo_coal,1,0.0
2021-04-28,8756.695338911999,19497.875717088,1465.711681968,7.813333333333333,91.2125,103.3325,12,15.18,81.7,79.88,1.89,0.0,0.9844419054609416,0.1757103718407947,43.22751322751323,8527.866666666667,0.0,1.2666666666666666,1.0,0.0,20723.9,36.76982313496334,77.10150335281165,,0.0,8.404285,1012.7259,24.71,0.0,0.0,,2,spring,samcheonpo_coal,1,0.0
2021-04-29,9177.610387824,18723.829667616,1633.52275992,14.564166666666663,86.91833333333334,112.38583333333334,12,16.69,64.8,280.23,5.95,0.0,-0.9841027517088662,0.177600039636926,10.890756302521009,8527.866666666667,0.0,1.2666666666666666,1.0,0.0,20723.9,36.76982313496334,77.10150335281165,,0.0,11.841756,1003.7661,24.58,0.0,0.0,,3,spring,samcheonpo_coal,1,0.0
2021-04-30,7359.142419936,16212.503089872002,1521.24332904,18.09,96.45916666666666,129.20833333333334,12,11.48,80.73,233.8,5.74,3.82,-0.8069603121438019,-0.5906056676199253,14.064459930313587,8527.866666666667,0.0,1.2666666666666666,1.0,0.0,20723.9,36.76982313496334,77.10150335281165,,0.0,29.460672,1001.5649,27.18,0.0,0.0,,4,spring,samcheonpo_coal,1,0.0
2021-05-01,6814.289295504,16508.868407712,1461.0684614400002,9.786666666666669,82.9725,108.52916666666664,12,11.21,62.42,278.29,12.37,7.25,-0.9895509689075332,0.1441834939726534,5.046079223928861,7822.741935483871,0.0,0.5806451612903226,1.0,0.0,18567.129032258064,36.52357593457741,70.67817718097018,,0.0,24.798225,1002.17596,19.28,0.0,0.0,,5,spring,samcheonpo_coal,1,0.0
2021-05-02,6899.442832224,16337.146121712,1249.160081184,7.775833333333334,78.9175,104.59,12,10.94,82.69,72.46,3.64,0.0,0.9535067860990044,0.3013715462069164,22.717032967032967,7822.741935483871,0.0,0.5806451612903226,1.0,0.0,18567.129032258064,36.52357593457741,70.67817718097018,,0.0,21.479666,1011.3648,23.58,0.0,0.0,,6,spring,samcheonpo_coal,1,0.0
2021-05-03,7907.27567184,16224.882697728,1195.836636096,8.880833333333333,80.89,98.0275,12,13.2,84.74,73.9,2.04,0.0,0.9607791541575942,0.2773146533023777,41.53921568627451,7822.741935483871,0.0,0.5806451612903226,1.0,0.0,18567.129032258064,36.52357593457741,70.67817718097018,,0.0,17.174677,1015.65326,27.3,0.0,0.0,,0,spring,samcheonpo_coal,1,0.0
2021-05-04,8057.020885056,15884.455996368,1434.5685993600002,7.9175,94.72916666666669,134.78666666666666,12,17.15,97.99,221.73,9.1,15.0,-0.66562120228622,-0.7462897661545729,10.768131868131867,7822.741935483871,0.0,0.5806451612903226,1.0,0.0,18567.129032258064,36.52357593457741,70.67817718097018,,0.0,31.353085,1009.28094,8.19,0.0,0.0,,1,spring,samcheonpo_coal,1,0.0
2021-05-05,8388.302997168,16129.258157088,1530.059877792,13.471666666666666,74.29416666666667,108.54416666666668,12,15.46,33.96,68.08,4.81,0.25,0.9277060000770342,0.3733116357965149,7.060291060291061,7822.741935483871,0.0,0.5806451612903226,1.0,0.0,18567.129032258064,36.52357593457741,70.67817718097018,,0.0,17.782686,1008.3112,27.53,0.0,0.0,,2,spring,samcheonpo_coal,1,0.0
2021-05-06,7292.851157664,16283.273461488,1363.2818484959998,9.026666666666666,103.46666666666664,109.705,12,14.45,64.25,165.12,1.24,0.0,0.2567954486081877,-0.9664657767216176,51.814516129032256,7822.741935483871,0.0,0.5806451612903226,1.0,0.0,18567.129032258064,36.52357593457741,70.67817718097018,,0.0,9.422101,1014.101,25.72,0.0,0.0,,3,spring,samcheonpo_coal,1,0.0
2021-05-07,7237.033288992,16226.8208748,1480.898148912,25.160833333333333,87.105,151.5725,12,14.59,45.84,317.01,6.55,0.0,-0.681870704374819,0.7314727216481749,6.998473282442749,7822.741935483871,0.0,0.5806451612903226,1.0,0.0,18567.129032258064,36.52357593457741,70.67817718097018,,0.0,17.388409,1005.428,19.68,0.0,0.0,,4,spring,samcheonpo_coal,1,0.0
2021-05-08,5752.80003528,16170.317072064,1573.55750448,9.191666666666666,99.61083333333332,181.1575,12,17.88,72.06,279.97,12.5,0.0,-0.9848985399859492,0.1731325097534987,5.7648,7822.741935483871,0.0,0.5806451612903226,1.0,0.0,18567.129032258064,36.52357593457741,70.67817718097018,,0.0,16.071491,1003.3511,27.76,0.0,0.0,,5,spring,samcheonpo_coal,1,0.0
2021-05-09,6965.62719912,16031.329645536,1532.757245328,8.811666666666666,85.37333333333333,150.5641666666667,12,15.16,51.49,72.94,3.5,0.0,0.9559980607330604,0.2933729842276341,14.711428571428572,7822.741935483871,0.0,0.5806451612903226,1.0,0.0,18567.129032258064,36.52357593457741,70.67817718097018,,0.0,10.594036,1005.9692,27.95,0.0,0.0,,6,spring,samcheonpo_coal,1,0.0
2021-05-10,5821.419565872,16009.186060512,1435.535605296,10.840000000000002,91.30666666666669,144.6233333333333,12,17.43,52.25,129.54,1.79,0.0,0.7711803290138053,-0.6366167608083838,29.18994413407821,7822.741935483871,0.0,0.5806451612903226,1.0,0.0,18567.129032258064,36.52357593457741,70.67817718097018,,0.0,24.162945,1009.3413,14.68,0.0,0.0,,0,spring,samcheonpo_coal,1,0.0
2021-05-11,7949.655215568,17553.826565136,1867.884090624,8.5525,87.97833333333334,164.52166666666668,12,17.31,36.41,79.87,7.56,0.0,0.9844112232220046,0.1758821866891491,4.816137566137566,7822.741935483871,0.0,0.5806451612903226,1.0,0.0,18567.129032258064,36.52357593457741,70.67817718097018,,0.0,16.29174,1010.4129,5.87,0.0,0.0,,1,spring,samcheonpo_coal,1,0.0
2021-05-12,9230.446193184,17693.323565471997,1798.809059088,28.93,45.73,227.9575,8,19.2,65.43,178.83,1.85,0.0,0.0204189330948001,-0.9997915118519812,35.36756756756757,7822.741935483871,0.0,0.5806451612903226,1.0,0.0,18567.129032258064,36.52357593457741,70.67817718097018,,0.0,19.734436,1008.2923,18.1,0.0,0.0,,2,spring,samcheonpo_coal,1,0.0
2021-05-13,10028.27965032,18393.909435792,1651.453957728,25.25625,70.40875,196.52625,8,16.96,91.0,76.29,2.03,0.0,0.9715077691458852,0.2370077097673945,44.827586206896555,7822.741935483871,0.0,0.5806451612903226,1.0,0.0,18567.129032258064,36.52357593457741,70.67817718097018,,0.0,13.246826,1008.44165,23.57,0.0,0.0,,3,spring,samcheonpo_coal,1,0.0
2021-05-14,10518.456230784,18465.929343072,1486.5431065919995,18.38625,97.23375,168.57125,8,18.87,86.16,222.36,1.57,0.0,-0.6737866842192909,-0.7389259125032587,54.87898089171974,7822.741935483871,0.0,0.5806451612903226,1.0,0.0,18567.129032258064,36.52357593457741,70.67817718097018,,0.0,8.311245,1009.0651,17.7,0.0,0.0,,4,spring,samcheonpo_coal,1,0.0
2021-05-15,7149.11655384,15202.718495712,1409.4171702720002,11.83,71.225,247.18,8,19.47,97.16,138.06,1.44,5.0,0.6683520201677929,-0.7438451298070251,67.47222222222223,7822.741935483871,0.0,0.5806451612903226,1.0,0.0,18567.129032258064,36.52357593457741,70.67817718097018,,0.0,9.793059,1004.5579,4.47,0.0,0.0,,5,spring,samcheonpo_coal,1,0.0
2021-05-16,6003.6158407679995,15528.754434096,1649.06528688,8.427777777777777,69.23,338.50666666666666,9,18.8,96.42,163.35,2.01,13.25,0.2865245527277985,-0.9580728994623192,47.97014925373135,7822.741935483871,0.0,0.5806451612903226,1.0,0.0,18567.129032258064,36.52357593457741,70.67817718097018,,0.0,15.509274,999.4561,3.02,0.0,0.0,,6,spring,samcheonpo_coal,1,0.0
2021-05-17,7221.422718143999,17354.654423424,1808.599191264,22.516666666666666,324.3925,185.32833333333335,12,16.18,97.0,196.24,1.96,0.0,-0.2796614494603799,-0.9600986791396596,49.48979591836735,7822.741935483871,0.0,0.5806451612903226,1.0,0.0,18567.129032258064,36.52357593457741,70.67817718097018,,0.0,13.53236,1002.3903,6.15,0.0,0.0,,0,spring,samcheonpo_coal,1,0.0
2021-05-18,8943.247056816,17560.308283632,1571.931614448,15.333333333333334,118.06833333333331,140.07416666666668,12,16.3,91.01,229.09,1.97,0.75,-0.7557391838264474,-0.6548727250613933,46.19796954314721,7822.741935483871,0.0,0.5806451612903226,1.0,0.0,18567.129032258064,36.52357593457741,70.67817718097018,,0.0,12.979984,1006.8117,19.06,0.0,0.0,,1,spring,samcheonpo_coal,1,0.0
2021-05-19,7710.908035967999,14800.512326688002,1301.438045952,15.646666666666668,97.08,130.0775,12,16.98,89.07,61.47,3.06,0.0,0.8785671524643954,0.4776188423948574,29.1078431372549,7822.741935483871,0.0,0.5806451612903226,1.0,0.0,18567.129032258064,36.52357593457741,70.67817718097018,,0.0,10.495713,1008.0368,27.91,0.0,0.0,,2,spring,samcheonpo_coal,1,0.0
2021-05-20,9533.696058144,17697.678578352,1590.9676273440002,12.603333333333332,85.42333333333333,130.46166666666667,12,15.91,97.0,264.02,6.0,11.0,-0.9945583220947156,-0.104181303275319,16.166666666666668,7822.741935483871,0.0,0.5806451612903226,1.0,0.0,18567.129032258064,36.52357593457741,70.67817718097018,,0.0,14.654254,1001.7924,2.77,0.0,0.0,,3,spring,samcheonpo_coal,1,0.0
2021-05-21,10173.959817264,19075.711468031997,1714.088670624,14.51,86.27666666666666,116.76333333333332,12,16.86,71.64,296.36,6.42,0.0,-0.8960219558485608,0.444009746106231,11.158878504672897,7822.741935483871,0.0,0.5806451612903226,1.0,0.0,18567.129032258064,36.52357593457741,70.67817718097018,,0.0,24.269983,1002.27496,18.41,0.0,0.0,,4,spring,samcheonpo_coal,1,0.0
2021-05-22,7729.371980064,16065.64901736,1204.036605792,13.564166666666669,92.945,100.02,12,16.71,87.94,68.63,2.09,0.0,0.931246737264206,0.3643892346581757,42.07655502392345,7822.741935483871,0.0,0.5806451612903226,1.0,0.0,18567.129032258064,36.52357593457741,70.67817718097018,,0.0,11.753876,1006.4388,27.55,0.0,0.0,,5,spring,samcheonpo_coal,1,0.0
2021-05-23,5641.303569551999,10716.42964104,72814.544337888,14.3975,99.78916666666667,229.90666666666667,12,20.02,82.02,226.01,2.2,0.0,-0.7194610301392742,-0.6945328113998175,37.281818181818174,7822.741935483871,0.0,0.5806451612903226,1.0,0.0,18567.129032258064,36.52357593457741,70.67817718097018,,0.0,10.296251,1007.28217,24.0,0.0,0.0,,6,spring,samcheonpo_coal,1,0.0
2021-05-24,4111.564444128,7463.454812927999,981.551497536,16.0925,91.69,140.185,12,19.5,64.52,147.47,2.33,0.25,0.5377411334031561,-0.8431100007984065,27.69098712446352,7822.741935483871,0.0,0.5806451612903226,1.0,0.0,18567.129032258064,36.52357593457741,70.67817718097018,,0.0,12.074766,1004.0131,21.89,0.0,0.0,,0,spring,samcheonpo_coal,1,0.0
2021-05-25,4218.417117503999,8061.945505055998,1352.527569648,11.124166666666666,83.9725,128.045,12,15.63,44.84,99.43,3.17,0.0,0.986486509099847,-0.1638425078055063,14.145110410094638,7822.741935483871,0.0,0.5806451612903226,1.0,0.0,18567.129032258064,36.52357593457741,70.67817718097018,,0.0,23.688984,1004.3806,24.79,0.0,0.0,,1,spring,samcheonpo_coal,1,0.0
2021-05-26,4374.4503391200005,8197.241615712,1709.11009584,11.789166666666668,94.2475,137.155,12,14.99,83.93,219.97,2.03,0.13,-0.6423864216604612,-0.7663809009012869,41.344827586206904,7822.741935483871,0.0,0.5806451612903226,1.0,0.0,18567.129032258064,36.52357593457741,70.67817718097018,,0.0,17.447933,1006.84375,16.77,0.0,0.0,,2,spring,samcheonpo_coal,1,0.0
2021-05-27,4521.20897592,7495.266240432001,1654.9281777600002,11.5475,79.73166666666667,200.30083333333337,12,16.7,74.68,18.46,4.29,1.25,0.3166425243273384,0.9485449445269376,17.407925407925408,7822.741935483871,0.0,0.5806451612903226,1.0,0.0,18567.129032258064,36.52357593457741,70.67817718097018,,0.0,18.875126,999.2808,21.86,0.0,0.0,,3,spring,samcheonpo_coal,1,0.0
2021-05-28,4236.86372904,7827.6756132,1800.3221794079998,13.903333333333334,90.735,185.87833333333333,12,17.72,64.99,276.4,8.9,0.0,-0.9937679191605964,0.1114689322063245,7.302247191011235,7822.741935483871,0.0,0.5806451612903226,1.0,0.0,18567.129032258064,36.52357593457741,70.67817718097018,,0.0,25.44566,999.0552,20.33,0.0,0.0,,4,spring,samcheonpo_coal,1,0.0
2021-05-29,4420.078561152,7801.350464592,1365.71782608,12.0725,89.82833333333333,156.47833333333332,12,17.38,81.11,58.56,2.45,0.0,0.8531868559593204,0.5216053956951077,33.10612244897959,7822.741935483871,0.0,0.5806451612903226,1.0,0.0,18567.129032258064,36.52357593457741,70.67817718097018,,0.0,16.394829,1002.52374,26.09,0.0,0.0,,5,spring,samcheonpo_coal,1,0.0
2021-05-30,4003.931306303999,7610.042543760001,1184.108832864,10.0925,87.77666666666666,166.2875,12,16.8,80.86,99.38,1.21,0.0,0.9866291130163012,-0.162981573647658,66.82644628099173,7822.741935483871,0.0,0.5806451612903226,1.0,0.0,18567.129032258064,36.52357593457741,70.67817718097018,,0.0,10.97262,1006.06256,28.21,0.0,0.0,,6,spring,samcheonpo_coal,1,0.0
2021-05-31,4133.386866672001,7479.760197312,1059.624345024,13.1975,89.58999999999999,152.20833333333334,12,17.89,67.59,122.02,1.17,0.0,0.8478630677755262,-0.5302152565725297,57.769230769230774,7822.741935483871,0.0,0.5806451612903226,1.0,0.0,18567.129032258064,36.52357593457741,70.67817718097018,,0.0,8.0899935,1008.081,24.68,0.0,0.0,,0,spring,samcheonpo_coal,1,0.0
2021-06-01,4431.323322719999,7514.112823488,1059.510810096,12.027499999999998,92.48333333333332,150.34333333333333,12,18.95,72.02,114.04,1.05,0.0,0.9132612792957806,-0.4073743189488436,68.59047619047618,7919.466666666666,0.0,9.6,1.0,0.0,18930.366666666665,36.12306935417698,72.44397951439574,,0.0,8.942214,1010.99396,27.71,0.0,0.0,,1,summer,samcheonpo_coal,1,0.0
2021-06-02,4744.301393664001,8110.747049904,1419.700303008,17.629166666666666,86.24083333333334,180.4575,12,18.21,85.66,73.19,2.41,0.0,0.9572690373865173,0.289198876313672,35.543568464730285,7919.466666666666,0.0,9.6,1.0,0.0,18930.366666666665,36.12306935417698,72.44397951439574,,0.0,9.826088,1010.3477,22.03,0.0,0.0,,2,summer,samcheonpo_coal,1,0.0
2021-06-03,5665.086518255999,8857.765359792002,1926.073037376,15.409999999999998,89.72000000000001,196.64916666666667,12,19.67,96.05,216.71,1.4,12.5,-0.5977650741210027,-0.8016713267674678,68.60714285714286,7919.466666666666,0.0,9.6,1.0,0.0,18930.366666666665,36.12306935417698,72.44397951439574,,0.0,12.496718,1001.56,3.19,0.0,0.0,,3,summer,samcheonpo_coal,1,0.0
2021-06-04,4092.377944896,7099.302147696,1469.205649584,11.918333333333331,85.49916666666667,193.75666666666663,12,19.41,57.99,74.78,3.04,0.75,0.964924914393396,0.2625260169638377,19.07565789473684,7919.466666666666,0.0,9.6,1.0,0.0,18930.366666666665,36.12306935417698,72.44397951439574,,0.0,14.044615,998.17755,26.97,0.0,0.0,,4,summer,samcheonpo_coal,1,0.0
2021-06-05,4454.117718192,7643.298442464,1747.6891620479998,15.0675,90.53416666666664,216.81333333333336,12,19.03,90.66,84.94,1.92,0.0,0.9961028826032332,0.0881989074168674,47.21875,7919.466666666666,0.0,9.6,1.0,0.0,18930.366666666665,36.12306935417698,72.44397951439574,,0.0,16.645864,1000.26733,26.16,0.0,0.0,,5,summer,samcheonpo_coal,1,0.0
2021-06-06,4309.804992095999,7646.0480424,1718.967316608,17.787499999999998,93.3175,222.34666666666664,12,18.41,85.92,146.06,1.7,0.0,0.5583244309018015,-0.8296227033165013,50.54117647058824,7919.466666666666,0.0,9.6,1.0,0.0,18930.366666666665,36.12306935417698,72.44397951439574,,0.0,13.755579,1004.46625,25.85,0.0,0.0,,6,summer,samcheonpo_coal,1,0.0
2021-06-07,4925.283713712,8716.708139471999,3514.812832368,14.993333333333332,95.5875,226.28083333333333,12,20.2,93.0,163.01,1.72,0.0,0.2922047936040683,-0.9563557698862928,54.06976744186046,7919.466666666666,0.0,9.6,1.0,0.0,18930.366666666665,36.12306935417698,72.44397951439574,,0.0,9.290511,1010.6586,27.09,0.0,0.0,,0,summer,samcheonpo_coal,1,0.0
2021-06-08,5022.276695856,12795.931882943998,7959.454336512,12.5175,112.6125,179.49666666666667,12,20.29,91.63,79.35,2.27,0.0,0.9827744470593314,0.1848090533692155,40.36563876651982,7919.466666666666,0.0,9.6,1.0,0.0,18930.366666666665,36.12306935417698,72.44397951439574,,0.0,8.891344,1012.09937,25.86,0.0,0.0,,1,summer,samcheonpo_coal,1,0.0
2021-06-09,8762.728476816,18443.425074768,1447.32024,23.473333333333333,24.215833333333332,128.23916666666665,12,20.52,70.29,58.5,1.77,0.0,0.8526401643540922,0.5224985647159489,39.71186440677966,7919.466666666666,0.0,9.6,1.0,0.0,18930.366666666665,36.12306935417698,72.44397951439574,,0.0,8.913181,1012.3816,26.41,0.0,0.0,,2,summer,samcheonpo_coal,1,0.0
2021-06-10,9619.975999728,17397.52611912,1513.299837312,8.957500000000001,14.790833333333332,136.02916666666667,12,22.53,86.75,175.97,2.53,0.0,0.0702787874734896,-0.9975273891133296,34.28853754940712,7919.466666666666,0.0,9.6,1.0,0.0,18930.366666666665,36.12306935417698,72.44397951439574,,0.0,13.854155,1010.54224,17.49,0.0,0.0,,3,summer,samcheonpo_coal,1,0.0
2021-06-11,9406.007002512,17998.842378384,1509.2528328,7.945833333333334,34.1875,148.92,12,21.07,98.0,61.15,1.2,26.5,0.8758859370345622,0.4825182124076633,81.66666666666667,7919.466666666666,0.0,9.6,1.0,0.0,18930.366666666665,36.12306935417698,72.44397951439574,,0.0,18.720001,1007.53394,4.91,0.0,0.0,,4,summer,samcheonpo_coal,1,0.0
2021-06-12,8826.809782752,16240.4376408,1141.167764736,8.540000000000001,25.6525,139.5725,12,21.66,95.0,224.56,1.23,4.0,-0.7016557939706074,-0.7125160677398626,77.23577235772358,7919.466666666666,0.0,9.6,1.0,0.0,18930.366666666665,36.12306935417698,72.44397951439574,,0.0,9.659814,1007.8215,8.36,0.0,0.0,,5,summer,samcheonpo_coal,1,0.0
2021-06-13,8489.363763024001,15922.26997992,989.83699272,16.031666666666666,13.95,155.7275,12,20.87,96.0,238.07,2.12,0.0,-0.8486948816015427,-0.528882782801013,45.283018867924525,7919.466666666666,0.0,9.6,1.0,0.0,18930.366666666665,36.12306935417698,72.44397951439574,,0.0,10.787993,1005.4085,20.77,0.0,0.0,,6,summer,samcheonpo_coal,1,0.0
2021-06-14,8440.877171088001,16461.234135504,1953.735134256,13.28,14.034999999999998,447.31166666666667,12,21.62,83.99,95.44,4.03,0.0,0.995496021999177,-0.0948033236960294,20.841191066997517,7919.466666666666,0.0,9.6,1.0,0.0,18930.366666666665,36.12306935417698,72.44397951439574,,0.0,9.3876505,1003.11395,17.41,0.0,0.0,,0,summer,samcheonpo_coal,1,0.0
2021-06-15,9994.277073456,18042.04527552,4714.626410928,7.728333333333333,13.4925,1113.2283333333332,12,20.12,94.92,76.44,3.72,8.99,0.9721249238675688,0.2344634990685624,25.516129032258064,7919.466666666666,0.0,9.6,1.0,0.0,18930.366666666665,36.12306935417698,72.44397951439574,,0.0,18.971008,1000.67584,3.47,0.0,0.0,,1,summer,samcheonpo_coal,1,0.0
2021-06-16,9408.953746799998,17476.895332656,1856.89123128,16.500833333333333,13.414166666666668,200.7825,12,20.72,78.11,82.65,5.36,1.75,0.9917831801295778,0.1279301513016441,14.57276119402985,7919.466666666666,0.0,9.6,1.0,0.0,18930.366666666665,36.12306935417698,72.44397951439574,,0.0,20.390114,999.7026,15.22,0.0,0.0,,2,summer,samcheonpo_coal,1,0.0
2021-06-17,8465.911402607999,16144.767202608,1592.795606256,11.138333333333334,12.964999999999998,177.14583333333334,12,19.75,90.0,210.64,1.34,0.0,-0.5096422029465177,-0.8603864393258535,67.16417910447761,7919.466666666666,0.0,9.6,1.0,0.0,18930.366666666665,36.12306935417698,72.44397951439574,,0.0,15.1884165,1002.92316,12.72,0.0,0.0,,3,summer,samcheonpo_coal,1,0.0
2021-06-18,8327.240424864,16574.44848264,1470.15797544,6.9366666666666665,13.903333333333334,116.45916666666666,12,19.98,96.0,159.69,0.74,1.5,0.3470993387875629,-0.9378283686332146,129.72972972972974,7919.466666666666,0.0,9.6,1.0,0.0,18930.366666666665,36.12306935417698,72.44397951439574,,0.0,9.826088,999.0578,9.78,0.0,0.0,,4,summer,samcheonpo_coal,1,0.0
2021-06-19,7231.466861568,15836.022898416,925.638760368,12.6625,23.87833333333333,132.15583333333333,12,19.86,87.78,71.82,2.25,0.0,0.9500810191007716,0.3120032966884149,39.013333333333335,7919.466666666666,0.0,9.6,1.0,0.0,18930.366666666665,36.12306935417698,72.44397951439574,,0.0,11.457958,997.1778,27.29,0.0,0.0,,5,summer,samcheonpo_coal,1,0.0
2021-06-20,7519.740357312,15657.330792528,956.9527704,16.413333333333334,16.373333333333335,128.63333333333333,12,20.71,87.99,52.44,1.66,0.0,0.7927154119254235,0.6095918927412881,53.006024096385545,7919.466666666666,0.0,9.6,1.0,0.0,18930.366666666665,36.12306935417698,72.44397951439574,,0.0,8.699793,998.88116,26.18,0.0,0.0,,6,summer,samcheonpo_coal,1,0.0
2021-06-21,9338.097519504,17645.91034392,1377.923163984,14.3025,66.12333333333335,126.7125,12,21.41,77.3,102.46,1.81,0.0,0.9764468725460508,-0.2157579780565168,42.70718232044199,7919.466666666666,0.0,9.6,1.0,0.0,18930.366666666665,36.12306935417698,72.44397951439574,,0.0,13.32,1000.17676,27.06,0.0,0.0,,0,summer,samcheonpo_coal,1,0.0
2021-06-22,9809.026348752,18760.373757359997,1854.60530328,7.055833333333333,14.093333333333334,123.0775,12,20.23,91.62,138.16,1.51,1.75,0.6670527482048245,-0.7450104906055962,60.67549668874173,7919.466666666666,0.0,9.6,1.0,0.0,18930.366666666665,36.12306935417698,72.44397951439574,,0.0,11.304229,1005.7073,22.69,0.0,0.0,,1,summer,samcheonpo_coal,1,0.0
2021-06-23,9348.329379888,17965.422579168,1880.43125832,23.698333333333338,15.604166666666666,186.8625,12,20.54,82.0,139.2,3.03,0.0,0.6534206039901056,-0.7569950556517563,27.062706270627064,7919.466666666666,0.0,9.6,1.0,0.0,18930.366666666665,36.12306935417698,72.44397951439574,,0.0,14.182355,1007.3525,15.24,0.0,0.0,,2,summer,samcheonpo_coal,1,0.0
2021-06-24,7299.073296144,14815.485389232,1553.5954759679998,18.559166666666663,18.4875,299.18666666666667,12,18.48,89.06,74.51,2.96,0.0,0.9636770804269577,0.2670701867670276,30.08783783783784,7919.466666666666,0.0,9.6,1.0,0.0,18930.366666666665,36.12306935417698,72.44397951439574,,0.0,13.493999,1008.5322,17.79,0.0,0.0,,3,summer,samcheonpo_coal,1,0.0
2021-06-25,7985.124888912001,14750.036911152,875.603674512,15.260833333333332,14.126666666666669,107.6075,12,20.61,88.0,132.38,1.32,0.0,0.73869067156818,-0.6740445769666508,66.66666666666666,7919.466666666666,0.0,9.6,1.0,0.0,18930.366666666665,36.12306935417698,72.44397951439574,,0.0,13.1041975,1008.0147,20.7,0.0,0.0,,4,summer,samcheonpo_coal,1,0.0
2021-06-26,8812.875041568,14912.485475328,678.1956916319999,8.715833333333334,13.780833333333334,69.29416666666667,12,19.95,87.1,66.87,2.95,0.0,0.9196159440101086,0.3928186802105989,29.525423728813557,7919.466666666666,0.0,9.6,1.0,0.0,18930.366666666665,36.12306935417698,72.44397951439574,,0.0,9.693296,1007.2309,13.8,0.0,0.0,,5,summer,samcheonpo_coal,1,0.0
2021-06-27,8932.612369968,14917.949082,702.555960816,14.295,13.499166666666667,67.24583333333334,12,22.74,78.62,119.67,1.3,0.0,0.8688908169083602,-0.4950037861393814,60.47692307692308,7919.466666666666,0.0,9.6,1.0,0.0,18930.366666666665,36.12306935417698,72.44397951439574,,0.0,10.948973,1004.33514,19.4,0.0,0.0,,6,summer,samcheonpo_coal,1,0.0
2021-06-28,8676.482998032,15309.052112592,824.238439776,11.0225,19.915,76.34249999999999,12,23.11,79.9,184.97,1.08,0.0,-0.0866341245001925,-0.9962401961736362,73.98148148148148,7919.466666666666,0.0,9.6,1.0,0.0,18930.366666666665,36.12306935417698,72.44397951439574,,0.0,11.525623,1001.65826,19.02,0.0,0.0,,0,summer,samcheonpo_coal,1,0.0
2021-06-29,8759.290837968001,15243.225509088,989.058989808,15.049166666666666,13.281666666666666,78.0325,12,22.46,85.67,129.03,1.24,0.0,0.7768163435563278,-0.6297272174392475,69.08870967741936,7919.466666666666,0.0,9.6,1.0,0.0,18930.366666666665,36.12306935417698,72.44397951439574,,0.0,13.1041975,1002.70844,18.25,0.0,0.0,,1,summer,samcheonpo_coal,1,0.0
2021-06-30,8587.253230848002,15416.969606208,918.288576432,23.934166666666663,24.415833333333335,87.435,12,21.8,79.27,75.43,2.18,0.0,0.9678410210318038,0.251562632376344,36.36238532110091,7919.466666666666,0.0,9.6,1.0,0.0,18930.366666666665,36.12306935417698,72.44397951439574,,0.0,12.496719,1003.9036,14.54,0.0,0.0,,2,summer,samcheonpo_coal,1,0.0
2021-07-01,8645.065924896,15154.181475552,1172.077680816,19.511666666666667,54.3625,110.18083333333334,12,24.34,75.06,216.33,1.68,0.0,-0.5924350806898581,-0.8056181944122175,44.67857142857143,11027.806451612903,0.0,73.29032258064517,1.0,0.0,25875.967741935485,34.83032683209604,71.4869910802775,,0.0,14.007655,1003.17163,22.44,0.0,0.0,,3,summer,samcheonpo_coal,1,0.0
2021-07-02,8704.596949056,14563.31955552,1208.985608592,14.178333333333333,17.736666666666668,149.85416666666666,12,23.86,76.95,160.64,2.21,0.0,0.3315025573531198,-0.9434543202870722,34.81900452488688,11027.806451612903,0.0,73.29032258064517,1.0,0.0,25875.967741935485,34.83032683209604,71.4869910802775,,0.0,14.693999,1004.8423,18.29,0.0,0.0,,4,summer,samcheonpo_coal,1,0.0
2021-07-03,8751.243797856,14694.574451903998,1197.470610288,13.105,34.0875,141.24583333333334,12,23.45,97.4,229.5,8.19,33.67,-0.7604059656000312,-0.6494480483301834,11.892551892551896,11027.806451612903,0.0,73.29032258064517,1.0,0.0,25875.967741935485,34.83032683209604,71.4869910802775,,0.0,22.530937,1004.06396,3.32,0.0,0.0,,5,summer,samcheonpo_coal,1,0.0
2021-07-04,8701.520316336,14458.310385839995,1133.1353915999998,10.760833333333332,18.788333333333338,136.73333333333332,12,22.36,90.0,220.21,2.34,11.5,-0.6455909854475245,-0.7636833633836043,38.46153846153847,11027.806451612903,0.0,73.29032258064517,1.0,0.0,25875.967741935485,34.83032683209604,71.4869910802775,,0.0,27.698952,1002.4687,14.66,0.0,0.0,,6,summer,samcheonpo_coal,1,0.0
2021-07-05,10269.439039296,16266.143127744,1857.154745232,10.204166666666667,23.055833333333336,118.59666666666664,12,24.29,98.0,226.32,2.68,33.42,-0.7232082653153419,-0.690630005849423,36.56716417910447,11027.806451612903,0.0,73.29032258064517,1.0,0.0,25875.967741935485,34.83032683209604,71.4869910802775,,0.0,17.114204,1007.105,3.69,0.0,0.0,,0,summer,samcheonpo_coal,1,0.0
2021-07-06,8470.796632416,15159.978273744,894.53532816,10.878333333333332,195.0875,108.35,12,23.81,99.0,185.84,1.19,101.0,-0.1017508302610664,-0.9948099157835046,83.19327731092437,11027.806451612903,0.0,73.29032258064517,1.0,0.0,25875.967741935485,34.83032683209604,71.4869910802775,,0.0,26.161375,1004.2995,1.96,0.0,0.0,,1,summer,samcheonpo_coal,1,0.0
2021-07-07,8659.423696608,14398.453142784,798.982957872,16.658333333333335,29.709166666666665,114.56333333333332,12,22.86,95.01,194.87,1.03,13.25,-0.2566267645987096,-0.966510581262098,92.24271844660194,11027.806451612903,0.0,73.29032258064517,1.0,0.0,25875.967741935485,34.83032683209604,71.4869910802775,,0.0,15.990646,1004.85254,6.05,0.0,0.0,,2,summer,samcheonpo_coal,1,0.0
2021-07-08,8729.610610896,14543.181263088003,823.2601896,8.4625,20.555833333333332,73.59833333333333,12,24.33,95.0,247.18,3.0,0.25,-0.9217278269704052,-0.3878373537817295,31.666666666666668,11027.806451612903,0.0,73.29032258064517,1.0,0.0,25875.967741935485,34.83032683209604,71.4869910802775,,0.0,11.966954,1002.2663,10.93,0.0,0.0,,3,summer,samcheonpo_coal,1,0.0
2021-07-09,8322.80821632,14252.923978848,668.665295424,16.075,26.9075,105.45125,8,25.06,87.84,134.21,1.3,8.75,0.7167889184671795,-0.6972902167409573,67.56923076923077,11027.806451612903,0.0,73.29032258064517,1.0,0.0,25875.967741935485,34.83032683209604,71.4869910802775,,0.0,14.186923,1002.1778,17.17,0.0,0.0,,4,summer,samcheonpo_coal,1,0.0
2021-07-10,8096.983797456,14002.407762192,672.8566030559999,14.035,25.18875,115.2125,8,24.7,93.51,280.05,3.95,0.0,-0.9846558414224508,0.1745075183269924,23.673417721518987,11027.806451612903,0.0,73.29032258064517,1.0,0.0,25875.967741935485,34.83032683209604,71.4869910802775,,0.0,11.592895,1005.18353,20.71,0.0,0.0,,5,summer,samcheonpo_coal,1,0.0
2021-07-11,8385.657162911999,13881.132045936,664.4668104,13.80875,27.380000000000003,112.66875,8,25.47,92.79,168.6,4.27,0.0,0.1976573403791263,-0.9802711746217218,21.730679156908668,11027.806451612903,0.0,73.29032258064517,1.0,0.0,25875.967741935485,34.83032683209604,71.4869910802775,,0.0,10.587917,1007.4109,22.27,0.0,0.0,,6,summer,samcheonpo_coal,1,0.0
2021-07-12,9087.33898728,16210.298203200002,1583.117273808,17.478749999999998,27.0325,116.40875,8,25.76,94.94,231.43,3.29,0.0,-0.7818470278677155,-0.6234703080455554,28.857142857142858,11027.806451612903,0.0,73.29032258064517,1.0,0.0,25875.967741935485,34.83032683209604,71.4869910802775,,0.0,9.0,1007.3768,19.75,0.0,0.0,,0,summer,samcheonpo_coal,1,0.0
2021-07-13,8682.291685584,16017.062644656,1500.222528864,14.6575,25.92375,127.46625,8,26.27,94.95,227.06,3.32,0.0,-0.7320674874917127,-0.681232114449672,28.59939759036145,11027.806451612903,0.0,73.29032258064517,1.0,0.0,25875.967741935485,34.83032683209604,71.4869910802775,,0.0,11.440978,1007.5706,17.97,0.0,0.0,,1,summer,samcheonpo_coal,1,0.0
2021-07-14,9376.82634744,16063.591925664,1541.884837392,22.26625,37.50375,117.055,8,26.2,88.05,288.97,1.38,0.0,-0.9456889130689352,0.325073037483111,63.80434782608696,11027.806451612903,0.0,73.29032258064517,1.0,0.0,25875.967741935485,34.83032683209604,71.4869910802775,,0.0,10.587918,1009.799,19.14,0.0,0.0,,2,summer,samcheonpo_coal,1,0.0
2021-07-15,8624.043520704,22492.46911536,1751.578965936,11.045,44.675,36.978750000000005,8,24.73,92.5,72.91,1.67,0.0,0.9558443199585988,0.2938735034039028,55.38922155688623,11027.806451612903,0.0,73.29032258064517,1.0,0.0,25875.967741935485,34.83032683209604,71.4869910802775,,0.0,8.759178,1011.63184,17.26,0.0,0.0,,3,summer,samcheonpo_coal,1,0.0
2021-07-16,10206.90105048,20176.348574736,6139.584292464,19.11625,42.14875,52.587500000000006,8,23.18,91.73,77.29,2.04,14.0,0.9754961586866708,0.2200164639011119,44.96568627450981,11027.806451612903,0.0,73.29032258064517,1.0,0.0,25875.967741935485,34.83032683209604,71.4869910802775,,0.0,8.825508,1011.376,20.29,0.0,0.0,,4,summer,samcheonpo_coal,1,0.0
2021-07-17,8214.794413055999,14240.197465056,3827.999522448,23.935,30.21625,85.30625,8,24.59,83.32,68.02,2.95,0.5,0.9273145604459576,0.3742829223794758,28.244067796610164,11027.806451612903,0.0,73.29032258064517,1.0,0.0,25875.967741935485,34.83032683209604,71.4869910802775,,0.0,13.493999,1008.7198,11.11,0.0,0.0,,5,summer,samcheonpo_coal,1,0.0
2021-07-18,7984.75527864,16270.911214848,7828.2755683199985,14.635,34.77125,58.92625,8,25.61,81.97,124.86,3.21,0.0,0.8205511091470282,-0.5715731600395367,25.53582554517134,11027.806451612903,0.0,73.29032258064517,1.0,0.0,25875.967741935485,34.83032683209604,71.4869910802775,,0.0,12.074766,1007.96747,11.47,0.0,0.0,,6,summer,samcheonpo_coal,1,0.0
2021-07-19,9060.086943936,25173.007864128,2235.614597856,12.53875,34.7175,34.7,8,25.8,84.58,63.32,2.43,0.0,0.8935281758157078,0.4490071258047622,34.806584362139915,11027.806451612903,0.0,73.29032258064517,1.0,0.0,25875.967741935485,34.83032683209604,71.4869910802775,,0.0,9.422101,1009.8523,8.81,0.0,0.0,,0,summer,samcheonpo_coal,1,0.0
2021-07-20,9489.707056799998,28939.403830175997,3852.872329824,13.74125,35.025,331.23249999999996,8,25.68,83.51,258.86,2.32,0.0,-0.9811580191801698,-0.1932069910703172,35.99568965517242,11027.806451612903,0.0,73.29032258064517,1.0,0.0,25875.967741935485,34.83032683209604,71.4869910802775,,0.0,11.753877,1010.48,16.87,0.0,0.0,,1,summer,samcheonpo_coal,1,0.0
2021-07-21,10160.53290504,30303.532373328,2173.405672368,20.93375,37.23375,54.36,8,26.98,70.01,109.07,3.63,0.0,0.9451201135094098,-0.3267230800539812,19.28650137741047,11027.806451612903,0.0,73.29032258064517,1.0,0.0,25875.967741935485,34.83032683209604,71.4869910802775,,0.0,14.84318,1008.9167,19.87,0.0,0.0,,2,summer,samcheonpo_coal,1,0.0
2021-07-22,9959.655975264,27640.864972368,2010.746860272,18.67875,33.37125,74.08125,8,27.01,71.16,77.16,2.49,0.0,0.9749944466507005,0.2222292262513965,28.578313253012045,11027.806451612903,0.0,73.29032258064517,1.0,0.0,25875.967741935485,34.83032683209604,71.4869910802775,,0.0,15.021105,1007.35474,24.51,0.0,0.0,,3,summer,samcheonpo_coal,1,0.0
2021-07-23,8388.837979488,22996.015534656,2110.592863296,12.61625,28.7625,77.33125,8,26.92,75.54,90.4,2.28,0.0,0.9999756307053947,-0.0069812602979617,33.131578947368425,11027.806451612903,0.0,73.29032258064517,1.0,0.0,25875.967741935485,34.83032683209604,71.4869910802775,,0.0,14.799459,1005.8095,23.11,0.0,0.0,,4,summer,samcheonpo_coal,1,0.0
2021-07-24,10611.4739724,15872.366778912,61014.404460959995,27.843750000000004,33.4375,290.09375,8,27.14,70.53,95.06,2.54,0.0,0.9961028826032332,-0.0881989074168673,27.76771653543307,11027.806451612903,0.0,73.29032258064517,1.0,0.0,25875.967741935485,34.83032683209604,71.4869910802775,,0.0,14.003028,1004.816,22.76,0.0,0.0,,5,summer,samcheonpo_coal,1,0.0
2021-07-25,4862.768209776,10393.995160224,1748.5491149279997,14.15375,31.25,139.65625,8,26.63,68.93,109.9,2.96,0.0,0.9402881270104188,-0.3403795502130502,23.287162162162165,11027.806451612903,0.0,73.29032258064517,1.0,0.0,25875.967741935485,34.83032683209604,71.4869910802775,,0.0,17.64,1003.29565,20.67,0.0,0.0,,6,summer,samcheonpo_coal,1,0.0
2021-07-26,7969.702708656,27563.125874831996,2513.9606631839997,9.49875,36.5025,131.6775,8,24.17,81.82,69.23,2.94,0.0,0.9350114818143614,0.3546174401736496,27.829931972789115,11027.806451612903,0.0,73.29032258064517,1.0,0.0,25875.967741935485,34.83032683209604,71.4869910802775,,0.0,14.081478,1001.28424,25.67,0.0,0.0,,0,summer,samcheonpo_coal,1,0.0
2021-07-27,10254.757787568,20001.079063584,2230.458685344,15.03,22.0825,88.48124999999999,8,25.62,84.05,62.89,3.01,0.0,0.8901332834675947,0.4557002717392197,27.92358803986711,11027.806451612903,0.0,73.29032258064517,1.0,0.0,25875.967741935485,34.83032683209604,71.4869910802775,,0.0,11.019764,999.7601,21.79,0.0,0.0,,1,summer,samcheonpo_coal,1,0.0
2021-07-28,8153.604565632,19554.872851728,1966.65990768,10.89625,22.63125,87.06625,8,25.95,81.66,63.34,1.07,0.0,0.8936848544298801,0.4486951982834717,76.31775700934578,11027.806451612903,0.0,73.29032258064517,1.0,0.0,25875.967741935485,34.83032683209604,71.4869910802775,,0.0,11.966953,999.7876,20.55,0.0,0.0,,2,summer,samcheonpo_coal,1,0.0
2021-07-29,8875.949510592001,17855.15543064,2010.07503144,10.54125,21.22625,93.0525,8,24.89,88.96,70.39,2.64,0.0,0.9419988910955072,0.3356159846831416,33.696969696969695,11027.806451612903,0.0,73.29032258064517,1.0,0.0,25875.967741935485,34.83032683209604,71.4869910802775,,0.0,11.525623,999.3925,21.75,0.0,0.0,,3,summer,samcheonpo_coal,1,0.0
2021-07-30,9250.546971744,18862.672347216,2001.898030752,13.48875,22.19,96.73875,8,26.78,86.87,137.52,1.21,0.0,0.6753328081210243,-0.737513117358174,71.79338842975207,11027.806451612903,0.0,73.29032258064517,1.0,0.0,25875.967741935485,34.83032683209604,71.4869910802775,,0.0,11.592895,998.4256,25.0,0.0,0.0,,4,summer,samcheonpo_coal,1,0.0
2021-07-31,7212.29681016,14264.935160976,2013.737903712,15.605,35.945,196.435,8,26.92,91.89,103.56,0.96,0.75,0.9721249238675688,-0.2344634990685625,95.71875,11027.806451612903,0.0,73.29032258064517,1.0,0.0,25875.967741935485,34.83032683209604,71.4869910802775,,0.0,8.427383,997.73505,11.15,0.0,0.0,,5,summer,samcheonpo_coal,1,0.0
2021-08-01,4927.486548960001,11870.830386,11887.976939616,13.8775,40.3475,383.6425,8,26.41,89.96,79.72,1.51,0.5,0.9839473917378432,0.1784587635626093,59.57615894039735,11893.387096774191,0.0,45.25806451612903,1.0,0.0,28186.83870967742,35.80277436735516,72.57772318812715,,0.0,11.212135,997.48834,14.17,0.0,0.0,,6,summer,samcheonpo_coal,1,0.0
2021-08-02,6716.359226447999,14356.095429024,2718.204590736,12.505,45.5975,210.9325,8,26.49,88.49,144.41,1.66,0.0,0.5819810484374627,-0.8132023482870864,53.30722891566265,11893.387096774191,0.0,45.25806451612903,1.0,0.0,28186.83870967742,35.80277436735516,72.57772318812715,,0.0,12.783802,1000.02563,13.05,0.0,0.0,,0,summer,samcheonpo_coal,1,0.0
2021-08-03,6550.656482448,22084.432206336,2241.3593934719997,16.77875,172.935,118.6425,8,25.92,89.96,71.8,2.16,0.0,0.9499720515246524,0.3123349185122326,41.648148148148145,11893.387096774191,0.0,45.25806451612903,1.0,0.0,28186.83870967742,35.80277436735516,72.57772318812715,,0.0,13.661038,1004.4358,19.56,0.0,0.0,,1,summer,samcheonpo_coal,1,0.0
2021-08-04,6805.193296176,14537.791488528,2265.2429899679996,24.2625,33.82625,108.17125,8,25.78,85.78,77.11,2.81,0.0,0.9748001438403604,0.2230799846889283,30.526690391459073,11893.387096774191,0.0,45.25806451612903,1.0,0.0,28186.83870967742,35.80277436735516,72.57772318812715,,0.0,7.628263,1005.7466,18.73,0.0,0.0,,2,summer,samcheonpo_coal,1,0.0
2021-08-05,5388.0034802400005,13974.85722384,1570.1282647199998,13.43625,29.695,99.86875,8,25.88,86.78,78.82,2.94,0.0,0.9810228961635948,0.1938919214479875,29.517006802721088,11893.387096774191,0.0,45.25806451612903,1.0,0.0,28186.83870967742,35.80277436735516,72.57772318812715,,0.0,7.754637,1002.9256,20.71,0.0,0.0,,3,summer,samcheonpo_coal,1,0.0
2021-08-06,5827.435143408001,13278.873406464,1426.570662672,13.52625,28.565,90.6375,8,26.91,85.06,69.33,1.68,0.0,0.935628981588175,0.3529849979988874,50.63095238095239,11893.387096774191,0.0,45.25806451612903,1.0,0.0,28186.83870967742,35.80277436735516,72.57772318812715,,0.0,10.44,999.7631,25.23,0.0,0.0,,4,summer,samcheonpo_coal,1,0.0
2021-08-07,6126.184541376,12347.532618912,1351.611530064,15.40125,23.15,101.69625,8,25.58,81.05,40.48,9.99,0.0,0.649182577013906,0.7606326194041273,8.113113113113112,11893.387096774191,0.0,45.25806451612903,1.0,0.0,28186.83870967742,35.80277436735516,72.57772318812715,,0.0,13.049689,998.9577,20.77,0.0,0.0,,5,summer,samcheonpo_coal,1,0.0
2021-08-08,7246.745094815999,16231.7933928,4540.819115808,9.37625,27.62875,96.00625,8,25.41,79.98,146.84,1.82,0.0,0.5469789184088497,-0.8371463807580397,43.94505494505495,11893.387096774191,0.0,45.25806451612903,1.0,0.0,28186.83870967742,35.80277436735516,72.57772318812715,,0.0,19.576189,998.3034,5.43,0.0,0.0,,6,summer,samcheonpo_coal,1,0.0
2021-08-09,14301.093216095998,18974.966959584,3523.5012251519993,23.55,22.0425,80.11125,8,24.2,91.42,90.2,2.95,1.0,0.9999939076577904,-0.0034906514152236,30.989830508474576,11893.387096774191,0.0,45.25806451612903,1.0,0.0,28186.83870967742,35.80277436735516,72.57772318812715,,0.0,17.643673,998.59644,21.54,0.0,0.0,,0,summer,samcheonpo_coal,1,0.0
2021-08-10,13257.223293744,19072.99511136,1918.395996192,18.07125,22.3625,81.81625,8,24.63,92.09,60.91,1.99,3.25,0.8738570912632956,0.4861828709949089,46.27638190954774,11893.387096774191,0.0,45.25806451612903,1.0,0.0,28186.83870967742,35.80277436735516,72.57772318812715,,0.0,15.03835,1004.5184,18.39,0.0,0.0,,1,summer,samcheonpo_coal,1,0.0
2021-08-11,9273.311126207998,15714.939416544,2025.06690816,17.52,28.37875,87.35249999999999,8,24.27,88.83,59.29,2.91,0.0,0.8597631519521238,0.5106929826670317,30.525773195876287,11893.387096774191,0.0,45.25806451612903,1.0,0.0,28186.83870967742,35.80277436735516,72.57772318812715,,0.0,14.986553,1006.8035,14.97,0.0,0.0,,2,summer,samcheonpo_coal,1,0.0
2021-08-12,10158.850989504,15780.87105408,1941.860948112,12.71875,18.7875,88.23875,8,24.99,87.2,82.43,1.79,0.0,0.9912846536587002,0.1317373729081872,48.71508379888268,11893.387096774191,0.0,45.25806451612903,1.0,0.0,28186.83870967742,35.80277436735516,72.57772318812715,,0.0,14.480773,1005.9602,18.63,0.0,0.0,,3,summer,samcheonpo_coal,1,0.0
2021-08-13,8628.790372128002,15651.448275024,1935.547728912,10.29375,17.47625,97.42625,8,24.08,88.46,40.0,3.52,0.5,0.6427876096865393,0.766044443118978,25.130681818181817,11893.387096774191,0.0,45.25806451612903,1.0,0.0,28186.83870967742,35.80277436735516,72.57772318812715,,0.0,13.584932,1002.3132,8.37,0.0,0.0,,4,summer,samcheonpo_coal,1,0.0
2021-08-14,5017.022434224,8870.309993952,25448.98483368,9.39375,14.51625,168.0475,8,22.82,81.59,111.33,4.37,3.5,0.9315009019805124,-0.3637390130429948,18.670480549199084,11893.387096774191,0.0,45.25806451612903,1.0,0.0,28186.83870967742,35.80277436735516,72.57772318812715,,0.0,21.413193,1002.6423,5.69,0.0,0.0,,5,summer,samcheonpo_coal,1,0.0
2021-08-15,4837.569559199999,6920.160684335998,1700.312357952,8.485,13.3525,148.41,8,24.42,78.37,162.39,1.99,0.0,0.3025362492997659,-0.953137879773766,39.381909547738694,11893.387096774191,0.0,45.25806451612903,1.0,0.0,28186.83870967742,35.80277436735516,72.57772318812715,,0.0,16.075521,1009.28827,16.32,0.0,0.0,,6,summer,samcheonpo_coal,1,0.0
2021-08-16,6185.282907168,14786.70714648,2027.024295408,11.87,22.90375,93.04375,8,23.91,71.37,46.56,5.58,0.0,0.7260948163755919,0.6875945881349673,12.790322580645162,11893.387096774191,0.0,45.25806451612903,1.0,0.0,28186.83870967742,35.80277436735516,72.57772318812715,,0.0,16.904673,1010.2156,19.88,0.0,0.0,,0,summer,samcheonpo_coal,1,0.0
2021-08-17,7886.432942784,14053.288687055998,1852.145384976,15.2575,17.41,104.035,8,23.99,73.25,153.92,1.32,1.5,0.4396256723002401,-0.8981810887869784,55.49242424242424,11893.387096774191,0.0,45.25806451612903,1.0,0.0,28186.83870967742,35.80277436735516,72.57772318812715,,0.0,19.694992,1005.2327,11.13,0.0,0.0,,1,summer,samcheonpo_coal,1,0.0
2021-08-18,6733.074753504,13423.079266128,1769.9657649120002,8.625,16.86,101.58625,8,23.46,73.82,143.41,3.14,0.0,0.5960847478029566,-0.8029215238344813,23.509554140127385,11893.387096774191,0.0,45.25806451612903,1.0,0.0,28186.83870967742,35.80277436735516,72.57772318812715,,0.0,19.161337,1005.4502,12.68,0.0,0.0,,2,summer,samcheonpo_coal,1,0.0
2021-08-19,7357.447555488,13013.593412255996,1863.846790128,9.49375,33.98375,96.845,8,23.43,87.21,77.67,1.34,0.0,0.9769338980596488,0.2135419369163348,65.0820895522388,11893.387096774191,0.0,45.25806451612903,1.0,0.0,28186.83870967742,35.80277436735516,72.57772318812715,,0.0,15.893093,1007.6379,20.5,0.0,0.0,,3,summer,samcheonpo_coal,1,0.0
2021-08-20,7477.110974448,13132.421484336,1955.388984336,9.575,16.915,99.63125,8,25.9,83.02,172.29,3.58,0.0,0.1341591425733575,-0.9909597996205404,23.18994413407821,11893.387096774191,0.0,45.25806451612903,1.0,0.0,28186.83870967742,35.80277436735516,72.57772318812715,,0.0,14.84318,1009.5628,21.56,0.0,0.0,,4,summer,samcheonpo_coal,1,0.0
2021-08-21,12543.596367839998,13230.72105768,12976.04467944,19.8125,18.5125,111.34125,8,25.12,91.9,238.98,5.13,86.19,-0.8569874662805391,-0.5153372513588182,17.91423001949318,11893.387096774191,0.0,45.25806451612903,1.0,0.0,28186.83870967742,35.80277436735516,72.57772318812715,,0.0,30.312773,1003.22705,3.12,0.0,0.0,,5,summer,samcheonpo_coal,1,0.0
2021-08-22,4461.929693424,7268.095593216,4601.379707856,15.48875,11.505,535.735,8,24.28,91.18,120.73,1.27,0.5,0.8595848340956906,-0.5109930655035193,71.79527559055119,11893.387096774191,0.0,45.25806451612903,1.0,0.0,28186.83870967742,35.80277436735516,72.57772318812715,,0.0,13.32,1005.5796,19.67,0.0,0.0,,6,summer,samcheonpo_coal,1,0.0
2021-08-23,7422.227159327999,16525.195981488,7832.12299488,11.8725,23.1225,82.81125,8,23.63,96.21,25.38,7.2,79.21,0.4286197837751283,0.9034849644330348,13.3625,11893.387096774191,0.0,45.25806451612903,1.0,0.0,28186.83870967742,35.80277436735516,72.57772318812715,,0.0,26.61323,1005.4476,5.98,0.0,0.0,,0,summer,samcheonpo_coal,1,0.0
2021-08-24,7944.202637712,14474.256472656,2351.301746976,12.35625,16.635,92.01125,8,25.72,87.78,247.04,3.13,13.25,-0.9207774108961272,-0.3900883997037398,28.04472843450479,11893.387096774191,0.0,45.25806451612903,1.0,0.0,28186.83870967742,35.80277436735516,72.57772318812715,,0.0,22.206486,998.3239,4.49,0.0,0.0,,1,summer,samcheonpo_coal,1,0.0
2021-08-25,7392.456853775998,13279.90406544,1848.763561824,9.4275,17.875,86.01124999999999,8,25.29,97.0,118.45,1.24,23.0,0.879233177551447,-0.4763916660614306,78.2258064516129,11893.387096774191,0.0,45.25806451612903,1.0,0.0,28186.83870967742,35.80277436735516,72.57772318812715,,0.0,16.167967,1003.57806,5.19,0.0,0.0,,2,summer,samcheonpo_coal,1,0.0
2021-08-26,7893.117883440001,13542.53733576,3547.033805232,10.83375,18.02625,43.1325,8,22.53,92.22,75.41,3.04,0.0,0.9677531501451416,0.2519004572924687,30.335526315789473,11893.387096774191,0.0,45.25806451612903,1.0,0.0,28186.83870967742,35.80277436735516,72.57772318812715,,0.0,10.948973,1009.0537,22.85,0.0,0.0,,3,summer,samcheonpo_coal,1,0.0
2021-08-27,8514.119266415999,14172.417191376,1809.293518512,12.90625,18.33875,36.695,8,25.72,92.97,309.98,1.64,1.38,-0.7662687716479267,0.6425201705761288,56.68902439024391,11893.387096774191,0.0,45.25806451612903,1.0,0.0,28186.83870967742,35.80277436735516,72.57772318812715,,0.0,16.981165,1009.5122,15.12,0.0,0.0,,4,summer,samcheonpo_coal,1,0.0
2021-08-28,8066.459617776,12288.86142984,37975.26586752,14.04375,24.48625,138.90125,8,24.98,93.51,73.58,1.45,0.5,0.9592153603365744,0.2826763033831734,64.4896551724138,11893.387096774191,0.0,45.25806451612903,1.0,0.0,28186.83870967742,35.80277436735516,72.57772318812715,,0.0,13.896187,1010.2867,15.57,0.0,0.0,,5,summer,samcheonpo_coal,1,0.0
2021-08-29,4580.724768912,6903.29424888,1462.480611984,8.08125,14.305,65.5925,8,24.64,97.0,133.08,0.78,28.0,0.7304007396727444,-0.6830188573425391,124.35897435897436,11893.387096774191,0.0,45.25806451612903,1.0,0.0,28186.83870967742,35.80277436735516,72.57772318812715,,0.0,15.30741,1009.63965,13.71,0.0,0.0,,6,summer,samcheonpo_coal,1,0.0
2021-08-30,6345.454153392,14042.510769312,5998.731818688,8.651250000000001,21.03375,44.93875,8,24.58,93.27,47.89,2.24,3.0,0.7418588181563337,0.670556107960913,41.638392857142854,11893.387096774191,0.0,45.25806451612903,1.0,0.0,28186.83870967742,35.80277436735516,72.57772318812715,,0.0,12.218805,1011.9222,10.83,0.0,0.0,,0,summer,samcheonpo_coal,1,0.0
2021-08-31,8999.312511455999,12426.965326224,2149.3126500480003,11.37,15.74375,45.666250000000005,8,25.56,86.55,135.96,1.7,0.0,0.6951603950524398,-0.7188546620496635,50.911764705882355,11893.387096774191,0.0,45.25806451612903,1.0,0.0,28186.83870967742,35.80277436735516,72.57772318812715,,0.0,10.853866,1011.30536,15.51,0.0,0.0,,1,summer,samcheonpo_coal,1,0.0
2021-09-01,5359.8517539839995,7268.550545376,15199.632831888,18.415,12.98,480.6625,8,23.29,90.08,58.87,7.05,26.75,0.855996511018897,0.5169815984379671,12.777304964539008,7227.5,0.0,11.333333333333334,1.0,0.0,17504.466666666667,36.392288596815284,70.87534099867844,,0.0,21.897945,1006.16486,7.01,0.0,0.0,,2,autumn,samcheonpo_coal,1,0.0
2021-09-02,5239.271406671999,7022.819025216,8087.238999936,12.24,13.1925,155.77,8,20.28,94.0,110.5,2.16,3.25,0.9366721892483976,-0.3502073812594673,43.51851851851852,7227.5,0.0,11.333333333333334,1.0,0.0,17504.466666666667,36.392288596815284,70.87534099867844,,0.0,14.264361,1006.23334,3.36,0.0,0.0,,3,autumn,samcheonpo_coal,1,0.0
2021-09-03,5650.38918288,7327.233679104,2100.324766176,12.6675,11.8325,95.21625,8,20.67,87.23,36.26,5.19,1.0,0.5914503904925009,0.8063413889825254,16.807321772639693,7227.5,0.0,11.333333333333334,1.0,0.0,17504.466666666667,36.392288596815284,70.87534099867844,,0.0,16.981165,1005.08984,9.97,0.0,0.0,,4,autumn,samcheonpo_coal,1,0.0
2021-09-04,5668.972563744,7332.7223772,2042.491275792,19.44625,12.175,98.5025,8,21.97,79.87,67.13,2.75,0.0,0.9213890241061592,0.3886415652715231,29.043636363636367,7227.5,0.0,11.333333333333334,1.0,0.0,17504.466666666667,36.392288596815284,70.87534099867844,,0.0,14.693999,1010.6824,12.6,0.0,0.0,,5,autumn,samcheonpo_coal,1,0.0
2021-09-05,5717.346633792,7176.840704928,2033.17234632,13.5325,12.3725,97.03625,8,20.8,83.75,111.61,5.91,0.47,0.929712221872254,-0.3682868236868603,14.170896785109983,7227.5,0.0,11.333333333333334,1.0,0.0,17504.466666666667,36.392288596815284,70.87534099867844,,0.0,14.264361,1014.09564,5.98,0.0,0.0,,6,autumn,samcheonpo_coal,1,0.0
2021-09-06,6099.797151936002,7058.201821199999,2029.4697744,12.98125,12.8975,97.385,8,20.89,87.98,43.42,6.04,6.0,0.6873410913449087,0.7263347879241292,14.566225165562914,7227.5,0.0,11.333333333333334,1.0,0.0,17504.466666666667,36.392288596815284,70.87534099867844,,0.0,13.202726,1013.30707,3.18,0.0,0.0,,0,autumn,samcheonpo_coal,1,0.0
2021-09-07,5086.295741951999,7253.908049088,2154.0627383039996,11.27,14.775,96.92,8,23.11,82.04,288.81,9.25,1.5,-0.9465929997232092,0.3224309117857907,8.86918918918919,7227.5,0.0,11.333333333333334,1.0,0.0,17504.466666666667,36.392288596815284,70.87534099867844,,0.0,16.704155,1006.72925,9.69,0.0,0.0,,1,autumn,samcheonpo_coal,1,0.0
2021-09-08,5171.439872016,6608.340647136,3443.4556603200003,28.065,11.03125,135.48000000000002,8,21.42,91.28,76.04,3.19,0.0,0.9704643831515374,0.241244442494135,28.614420062695924,7227.5,0.0,11.333333333333334,1.0,0.0,17504.466666666667,36.392288596815284,70.87534099867844,,0.0,15.542662,1006.1082,17.41,0.0,0.0,,2,autumn,samcheonpo_coal,1,0.0
2021-09-09,5394.810260016,8243.904029039999,1924.636882896,16.80375,13.67875,100.225,8,22.38,89.97,80.41,1.97,0.0,0.9860251286899748,0.1665966554043578,45.67005076142132,7227.5,0.0,11.333333333333334,1.0,0.0,17504.466666666667,36.392288596815284,70.87534099867844,,0.0,10.233123,1010.2473,14.9,0.0,0.0,,3,autumn,samcheonpo_coal,1,0.0
2021-09-10,5921.348322527999,7419.468460607998,1969.852177872,17.271250000000002,12.17,93.805,8,20.01,93.01,76.43,2.78,0.75,0.9720839874611222,0.2346331633032395,33.4568345323741,7227.5,0.0,11.333333333333334,1.0,0.0,17504.466666666667,36.392288596815284,70.87534099867844,,0.0,12.313893,1010.5203,4.86,0.0,0.0,,4,autumn,samcheonpo_coal,1,0.0
2021-09-11,3709.9524123360006,6303.7520720640005,1721.461594464,19.2775,12.885,119.985,8,21.03,94.17,46.02,3.63,0.0,0.7195822380238616,0.6944072311839579,25.94214876033058,7227.5,0.0,11.333333333333334,1.0,0.0,17504.466666666667,36.392288596815284,70.87534099867844,,0.0,12.287555,1009.5926,21.81,0.0,0.0,,5,autumn,samcheonpo_coal,1,0.0
2021-09-12,4096.777846752,6296.731579008001,1256.082440112,21.82,13.04875,123.48625,8,23.31,76.32,97.23,3.43,0.0,0.9920489409929042,-0.1258526864030213,22.25072886297376,7227.5,0.0,11.333333333333334,1.0,0.0,17504.466666666667,36.392288596815284,70.87534099867844,,0.0,13.698934,1008.945,19.71,0.0,0.0,,6,autumn,samcheonpo_coal,1,0.0
2021-09-13,4579.892793791999,6349.129829136,1241.727088608,14.35,19.3725,139.3025,8,22.72,73.1,46.33,6.39,0.0,0.7233287919747896,0.6905037716770933,11.439749608763693,7227.5,0.0,11.333333333333334,1.0,0.0,17504.466666666667,36.392288596815284,70.87534099867844,,0.0,17.811815,1012.49445,7.38,0.0,0.0,,0,autumn,samcheonpo_coal,1,0.0
2021-09-14,4367.4845616,6367.689442511999,1284.62685552,16.14125,14.72,134.71625,8,21.51,77.95,46.23,6.38,9.75,0.7221225344628502,0.6917651662384785,12.217868338557995,7227.5,0.0,11.333333333333334,1.0,0.0,17504.466666666667,36.392288596815284,70.87534099867844,,0.0,23.424908,1009.95,3.8,0.0,0.0,,1,autumn,samcheonpo_coal,1,0.0
2021-09-15,4684.7080769760005,6470.103303072,1390.992356304,25.76,20.2875,184.97125,8,20.56,72.02,59.15,5.58,0.25,0.8585127282245488,0.512792253721175,12.906810035842293,7227.5,0.0,11.333333333333334,1.0,0.0,17504.466666666667,36.392288596815284,70.87534099867844,,0.0,21.915691,1010.4567,15.76,0.0,0.0,,2,autumn,samcheonpo_coal,1,0.0
2021-09-16,3836.155653935999,6313.470157728002,1647.3820412159998,13.1725,24.0575,233.375,8,20.96,82.94,19.46,5.27,1.0,0.3331486900331055,0.9428743025076172,15.738140417457306,7227.5,0.0,11.333333333333334,1.0,0.0,17504.466666666667,36.392288596815284,70.87534099867844,,0.0,20.371038,1008.4229,3.75,0.0,0.0,,3,autumn,samcheonpo_coal,1,0.0
2021-09-17,4285.961880047999,7600.294550736,1606.425200496,26.62,26.74125,226.6575,8,20.07,91.0,48.21,10.74,10.87,0.7455923201897958,0.6664023499913524,8.472998137802607,7227.5,0.0,11.333333333333334,1.0,0.0,17504.466666666667,36.392288596815284,70.87534099867844,,0.0,34.177254,1002.8183,7.0,0.0,0.0,,4,autumn,samcheonpo_coal,1,0.0
2021-09-18,4002.226002432,6960.121429104,1758.1608653760002,19.64375,17.75875,239.3025,8,21.65275,77.541664,,2.6038633333333334,0.0,0.54289955,0.8397976,29.77946768839634,7227.5,0.0,11.333333333333334,1.0,0.0,17504.466666666667,36.392288596815284,70.87534099867844,,0.0,4.079215555555556,1010.1248,17.77,0.0,0.0,,5,autumn,samcheonpo_coal,1,0.0
2021-09-19,3258.9000887040006,6996.629218464001,1668.782162016,18.79,31.23625,230.9975,8,22.104834,76.916664,,2.5129872222222223,0.0,0.67642605,0.7365106,30.60766219574446,7227.5,0.0,11.333333333333334,1.0,0.0,17504.466666666667,36.392288596815284,70.87534099867844,,0.0,3.466987083333333,1012.584,19.68,0.0,0.0,,6,autumn,samcheonpo_coal,1,0.0
2021-09-20,3657.816037872,6711.642138384001,1629.110941632,19.12,16.4625,222.9275,8,22.2715,83.166664,,3.479283888888889,0.1,0.9993901,0.034919508,23.90338548274062,7227.5,0.0,11.333333333333334,1.0,0.0,17504.466666666667,36.392288596815284,70.87534099867844,,0.0,4.9739325,1009.3306,15.79,0.0,0.0,,0,autumn,samcheonpo_coal,1,0.0
2021-09-21,3853.739713536,6854.710255632001,1711.765184976,32.88375,22.34125,300.1,8,23.513166,86.958336,,3.9725044444444446,41.7,-0.4063819,-0.9137033,21.89005379757634,7227.5,0.0,11.333333333333334,1.0,0.0,17504.466666666667,36.392288596815284,70.87534099867844,,0.0,5.742821666666666,1004.0513,5.99,0.0,0.0,,1,autumn,samcheonpo_coal,1,0.0
2021-09-22,3799.318481856,6786.495250704,1701.939449808,29.99625,26.55875,234.39875,8,23.2,71.62,244.62,3.65,0.5,-0.9034849644330348,-0.4286197837751285,19.62191780821918,7227.5,0.0,11.333333333333334,1.0,0.0,17504.466666666667,36.392288596815284,70.87534099867844,,0.0,16.418526,1006.20654,19.92,0.0,0.0,,2,autumn,samcheonpo_coal,1,0.0
2021-09-23,5969.326901184,8871.124956912001,6862.5837252,25.34375,45.705,196.9325,8,21.27,65.19,67.66,3.42,0.0,0.9249445825652824,0.3801019852396663,19.061403508771928,7227.5,0.0,11.333333333333334,1.0,0.0,17504.466666666667,36.392288596815284,70.87534099867844,,0.0,14.689588,1012.7601,20.79,0.0,0.0,,3,autumn,samcheonpo_coal,1,0.0
2021-09-24,4172.986213632,7083.980204256,1424.611574496,9.37875,17.4575,161.0475,8,20.42,77.51,43.61,4.69,0.0,0.6897459250648456,0.7240514890920675,16.526652452025587,7227.5,0.0,11.333333333333334,1.0,0.0,17504.466666666667,36.392288596815284,70.87534099867844,,0.0,14.904173,1018.18604,16.68,0.0,0.0,,4,autumn,samcheonpo_coal,1,0.0
2021-09-25,5397.308820432,7035.073856927998,1289.479911984,10.0025,15.07125,163.7825,8,20.82,78.86,54.5,5.66,0.0,0.8141155183563192,0.5807029557109398,13.93286219081272,7227.5,0.0,11.333333333333334,1.0,0.0,17504.466666666667,36.392288596815284,70.87534099867844,,0.0,15.778516,1018.2369,10.93,0.0,0.0,,5,autumn,samcheonpo_coal,1,0.0
2021-09-26,5010.2306616959995,6899.882118912001,1338.318236016,11.3375,13.6675,164.62625,8,19.8,70.15,45.51,5.35,0.0,0.7133727700343325,0.7007847679377337,13.112149532710282,7227.5,0.0,11.333333333333334,1.0,0.0,17504.466666666667,36.392288596815284,70.87534099867844,,0.0,15.629971,1016.6867,11.28,0.0,0.0,,6,autumn,samcheonpo_coal,1,0.0
2021-09-27,5093.636511024,6974.699263056,1427.882504112,9.88625,15.96,161.4075,8,20.87,70.29,72.39,3.33,0.0,0.953137879773766,0.3025362492997658,21.10810810810811,7227.5,0.0,11.333333333333334,1.0,0.0,17504.466666666667,36.392288596815284,70.87534099867844,,0.0,17.0763,1012.46075,13.36,0.0,0.0,,0,autumn,samcheonpo_coal,1,0.0
2021-09-28,5079.377406816,7212.74808024,1750.3887555360004,10.41,16.5675,172.1025,8,21.14,92.55,67.87,2.59,0.0,0.9263315133107688,0.3767093408018723,35.73359073359074,7227.5,0.0,11.333333333333334,1.0,0.0,17504.466666666667,36.392288596815284,70.87534099867844,,0.0,15.277749,1009.9324,9.34,0.0,0.0,,1,autumn,samcheonpo_coal,1,0.0
2021-09-29,5985.36971784,7887.92446944,1721.205820656,11.375,21.0825,153.48749999999998,8,21.86,97.0,60.44,1.77,18.5,0.8698395540619881,0.4933347242889371,54.80225988700565,7227.5,0.0,11.333333333333334,1.0,0.0,17504.466666666667,36.392288596815284,70.87534099867844,,0.0,9.19939,1005.5718,9.74,0.0,0.0,,2,autumn,samcheonpo_coal,1,0.0
2021-09-30,5350.48633944,7428.392008848,1123.216506288,15.47125,16.45625,111.60375,8,19.52,87.07,40.41,4.19,0.75,0.6482528046994913,0.7614251776762069,20.78042959427207,7227.5,0.0,11.333333333333334,1.0,0.0,17504.466666666667,36.392288596815284,70.87534099867844,,0.0,17.477621,1004.27924,10.5,0.0,0.0,,3,autumn,samcheonpo_coal,1,0.0
2021-10-01,5730.333734016001,7815.697287264,1438.8157510560002,15.21,16.0775,85.86875,8,19.6,94.36,77.48,3.27,0.0,0.9762203959642148,0.2167803923408932,28.85626911314985,8573.870967741936,0.0,1.064516129032258,1.0,0.0,20942.93548387097,37.82266247298727,82.52589922539127,,0.0,12.387348,1005.4287,19.95,0.0,0.0,,4,autumn,samcheonpo_coal,1,0.0
2021-10-02,5531.314978368,6708.982908672001,1190.4173897760002,11.64875,14.2825,89.925,8,20.2,92.97,75.83,2.73,0.0,0.969573659646691,0.244799751877576,34.05494505494506,8573.870967741936,0.0,1.064516129032258,1.0,0.0,20942.93548387097,37.82266247298727,82.52589922539127,,0.0,10.195057,1010.16724,19.85,0.0,0.0,,5,autumn,samcheonpo_coal,1,0.0
2021-10-03,5850.41453568,6920.629554816,1094.417488224,16.275000000000002,14.98375,90.65375,8,20.49,94.33,64.82,2.82,0.0,0.9049756223482776,0.4254634214069964,33.45035460992908,8573.870967741936,0.0,1.064516129032258,1.0,0.0,20942.93548387097,37.82266247298727,82.52589922539127,,0.0,12.57426,1016.9007,19.59,0.0,0.0,,6,autumn,samcheonpo_coal,1,0.0
2021-10-04,5369.38121808,7162.293657311999,1374.271334784,7.7875,20.112499999999997,91.46625,8,21.66,94.2,71.74,3.58,0.0,0.9496444543421974,0.313329555479706,26.312849162011172,8573.870967741936,0.0,1.064516129032258,1.0,0.0,20942.93548387097,37.82266247298727,82.52589922539127,,0.0,13.797912,1018.0869,16.4,0.0,0.0,,0,autumn,samcheonpo_coal,1,0.0
2021-10-05,4984.59022344,7556.0671332,1256.231908512,14.39125,16.298750000000002,73.4725,8,21.17,96.0,76.33,2.57,0.0,0.971672994977424,0.2363294116939378,37.35408560311284,8573.870967741936,0.0,1.064516129032258,1.0,0.0,20942.93548387097,37.82266247298727,82.52589922539127,,0.0,10.1887,1017.84375,16.79,0.0,0.0,,1,autumn,samcheonpo_coal,1,0.0
2021-10-06,5343.929310096,7543.650874319999,1396.679394816,16.24,26.33625,95.83,8,20.85,92.53,70.9,2.07,0.0,0.9449489121575309,0.3272178989791038,44.70048309178745,8573.870967741936,0.0,1.064516129032258,1.0,0.0,20942.93548387097,37.82266247298727,82.52589922539127,,0.0,10.703569,1016.10126,16.61,0.0,0.0,,2,autumn,samcheonpo_coal,1,0.0
2021-10-07,5305.051047888,7613.622367776,1481.114624976,11.995,12.78375,109.445,8,21.07,94.75,79.5,2.35,0.0,0.9832549075639546,0.1822355254921474,40.31914893617021,8573.870967741936,0.0,1.064516129032258,1.0,0.0,20942.93548387097,37.82266247298727,82.52589922539127,,0.0,8.913181,1013.54596,16.61,0.0,0.0,,3,autumn,samcheonpo_coal,1,0.0
2021-10-08,4459.908400848,6469.027822656,1234.828951488,15.475,30.49375,119.24625,8,21.98,82.27,54.8,3.23,0.0,0.8171448983351285,0.5764323161697933,25.470588235294116,8573.870967741936,0.0,1.064516129032258,1.0,0.0,20942.93548387097,37.82266247298727,82.52589922539127,,0.0,14.689588,1015.96014,7.12,0.0,0.0,,4,autumn,samcheonpo_coal,1,0.0
2021-10-09,4815.917736480001,6540.766715808,1048.461888816,14.45625,12.01125,111.46125,8,21.62,85.02,65.92,2.85,0.0,0.9129766558365072,0.4080117962725926,29.831578947368417,8573.870967741936,0.0,1.064516129032258,1.0,0.0,20942.93548387097,37.82266247298727,82.52589922539127,,0.0,14.84318,1017.9851,14.33,0.0,0.0,,5,autumn,samcheonpo_coal,1,0.0
2021-10-10,5411.110886208,6326.487646704,1018.814761008,10.34375,12.93125,115.3625,8,22.49,94.76,91.09,1.45,6.11,0.9998190474793416,-0.0190229413472849,65.35172413793104,8573.870967741936,0.0,1.064516129032258,1.0,0.0,20942.93548387097,37.82266247298727,82.52589922539127,,0.0,13.202726,1015.2718,12.05,0.0,0.0,,6,autumn,samcheonpo_coal,1,0.0
2021-10-11,4839.890536512,6444.115284672001,1189.5779813759998,15.2175,10.475,87.4625,8,17.32,92.0,38.09,3.59,6.25,0.6168985196721274,0.7870427030513261,25.62674094707521,8573.870967741936,0.0,1.064516129032258,1.0,0.0,20942.93548387097,37.82266247298727,82.52589922539127,,0.0,20.991426,1015.0578,2.99,0.0,0.0,,0,autumn,samcheonpo_coal,1,0.0
2021-10-12,5037.62161752,6910.202413872002,1568.070937152,13.15875,16.009999999999998,95.32,8,16.88,83.64,34.6,6.6,0.0,0.5678437450531013,0.8231363685344418,12.672727272727274,8573.870967741936,0.0,1.064516129032258,1.0,0.0,20942.93548387097,37.82266247298727,82.52589922539127,,0.0,22.366402,1019.19025,5.82,0.0,0.0,,1,autumn,samcheonpo_coal,1,0.0
2021-10-13,4581.031648032,6658.664232384001,1913.2560828,13.65875,13.02125,132.70375,8,19.11,80.74,63.21,3.45,0.0,0.8926644978329498,0.4507217482090781,23.402898550724636,8573.870967741936,0.0,1.064516129032258,1.0,0.0,20942.93548387097,37.82266247298727,82.52589922539127,,0.0,18.089775,1019.84204,10.17,0.0,0.0,,2,autumn,samcheonpo_coal,1,0.0
2021-10-14,4255.083901584,6675.320416032,1900.441295856,8.88875,13.19,206.3125,8,18.78,91.74,46.27,1.92,0.0,0.7226053016388033,0.691260861067292,47.78125,8573.870967741936,0.0,1.064516129032258,1.0,0.0,20942.93548387097,37.82266247298727,82.52589922539127,,0.0,14.021525,1016.3625,17.02,0.0,0.0,,3,autumn,samcheonpo_coal,1,0.0
2021-10-15,3852.350737056,6683.2615972799995,1776.529349712,11.62125,13.40125,202.53875,8,19.14,85.62,37.18,7.24,0.0,0.6043210366405339,0.7967409143967131,11.82596685082873,8573.870967741936,0.0,1.064516129032258,1.0,0.0,20942.93548387097,37.82266247298727,82.52589922539127,,0.0,16.766108,1013.52057,8.57,0.0,0.0,,4,autumn,samcheonpo_coal,1,0.0
2021-10-16,4182.213956112,7160.15349504,2099.558262672,11.99625,13.85875,188.57375,8,11.19,35.01,55.01,4.75,2.25,0.8192521397853463,0.5734334586132304,7.370526315789474,8573.870967741936,0.0,1.064516129032258,1.0,0.0,20942.93548387097,37.82266247298727,82.52589922539127,,0.0,28.001427,1015.5179,5.83,0.0,0.0,,5,autumn,samcheonpo_coal,1,0.0
2021-10-17,3778.765430687999,6896.09174832,1929.201540912,6.41875,25.26375,126.925,8,7.91,50.76,42.14,4.31,0.0,0.6709444523936379,0.741507614122877,11.777262180974478,8573.870967741936,0.0,1.064516129032258,1.0,0.0,20942.93548387097,37.82266247298727,82.52589922539127,,0.0,31.452133,1021.636,19.03,0.0,0.0,,6,autumn,samcheonpo_coal,1,0.0
2021-10-18,3703.8273876,6629.6462371200005,1774.458771552,6.188750000000001,23.8375,91.195,8,11.21,57.9,45.74,3.53,0.0,0.7161801451052378,0.6979154674866008,16.402266288951843,8573.870967741936,0.0,1.064516129032258,1.0,0.0,20942.93548387097,37.82266247298727,82.52589922539127,,0.0,18.79255,1020.2646,18.09,0.0,0.0,,0,autumn,samcheonpo_coal,1,0.0
2021-10-19,4676.833885967999,7177.729741776,1798.8604463519998,8.67375,33.41375,173.4625,8,11.58,56.87,36.27,4.16,0.0,0.5915911146048104,0.8062381491350047,13.670673076923077,8573.870967741936,0.0,1.064516129032258,1.0,0.0,20942.93548387097,37.82266247298727,82.52589922539127,,0.0,16.965895,1015.4336,13.6,0.0,0.0,,1,autumn,samcheonpo_coal,1,0.0
2021-10-20,4300.496113824,6920.608058928,1856.390652864,7.54875,26.6475,227.10625,8,11.09,64.33,29.85,3.28,0.0,0.4977310399126122,0.8673314314075731,19.61280487804878,8573.870967741936,0.0,1.064516129032258,1.0,0.0,20942.93548387097,37.82266247298727,82.52589922539127,,0.0,14.84318,1017.212,16.98,0.0,0.0,,2,autumn,samcheonpo_coal,1,0.0
2021-10-21,4313.27775888,7175.304740304,1786.614812784,17.89,31.46625,241.5825,8,12.6,66.96,68.45,2.46,0.0,0.930097381089946,0.3673130295669128,27.21951219512195,8573.870967741936,0.0,1.064516129032258,1.0,0.0,20942.93548387097,37.82266247298727,82.52589922539127,,0.0,17.902534,1015.34076,8.19,0.0,0.0,,3,autumn,samcheonpo_coal,1,0.0
2021-10-22,4514.013681840001,7133.965869744,1934.844694272,13.49875,35.6525,218.8025,8,12.73,54.94,127.55,1.68,0.0,0.7928217937073552,-0.6094535285176811,32.70238095238095,8573.870967741936,0.0,1.064516129032258,1.0,0.0,20942.93548387097,37.82266247298727,82.52589922539127,,0.0,20.268991,1016.9968,17.47,0.0,0.0,,4,autumn,samcheonpo_coal,1,0.0
2021-10-23,4828.211842176,7019.037253584,1786.7319838559995,7.55875,31.8025,246.81625,8,11.4,70.18,41.39,3.18,0.0,0.6611809361727538,0.7502264788993527,22.069182389937108,8573.870967741936,0.0,1.064516129032258,1.0,0.0,20942.93548387097,37.82266247298727,82.52589922539127,,0.0,18.03237,1023.8227,17.04,0.0,0.0,,5,autumn,samcheonpo_coal,1,0.0
2021-10-24,4463.629616016,7023.234515040001,1737.6764438880002,9.1825,26.80875,262.63,8,13.26,71.77,46.27,2.66,0.0,0.7226053016388033,0.691260861067292,26.981203007518793,8573.870967741936,0.0,1.064516129032258,1.0,0.0,20942.93548387097,37.82266247298727,82.52589922539127,,0.0,16.075521,1022.514,15.17,0.0,0.0,,6,autumn,samcheonpo_coal,1,0.0
2021-10-25,4431.764475936,6972.456069216,1776.6367544159998,10.28125,23.575,268.4875,8,13.15,61.26,91.3,1.74,0.0,0.9997426093226984,-0.0226873335727812,35.206896551724135,8573.870967741936,0.0,1.064516129032258,1.0,0.0,20942.93548387097,37.82266247298727,82.52589922539127,,0.0,16.485485,1018.5764,15.71,0.0,0.0,,0,autumn,samcheonpo_coal,1,0.0
2021-10-26,5161.443720048001,7253.93170584,1869.766364736,9.94125,179.56375,265.44624999999996,8,12.53,65.85,70.41,3.0,0.0,0.9421159857823752,0.3352871445989294,21.95,8573.870967741936,0.0,1.064516129032258,1.0,0.0,20942.93548387097,37.82266247298727,82.52589922539127,,0.0,17.072504,1016.66656,16.31,0.0,0.0,,1,autumn,samcheonpo_coal,1,0.0
2021-10-27,5465.860227648,7022.967328944,1916.803328832,9.92875,26.27875,299.70375,8,13.26,68.77,35.03,1.55,0.0,0.5740052647142503,0.8188516080953395,44.36774193548387,8573.870967741936,0.0,1.064516129032258,1.0,0.0,20942.93548387097,37.82266247298727,82.52589922539127,,0.0,14.904173,1015.50024,15.79,0.0,0.0,,2,autumn,samcheonpo_coal,1,0.0
2021-10-28,4953.207541679999,7233.991376976,1912.01734224,13.59375,43.838750000000005,283.82375,8,15.13,59.28,63.6,3.38,0.0,0.8957117602394128,0.4446351791849275,17.53846153846154,8573.870967741936,0.0,1.064516129032258,1.0,0.0,20942.93548387097,37.82266247298727,82.52589922539127,,0.0,17.654688,1018.26776,16.48,0.0,0.0,,3,autumn,samcheonpo_coal,1,0.0
2021-10-29,4161.178516176,7435.688985504001,2024.087412096,13.7225,50.25,313.27625,8,13.31,62.83,110.94,2.8,0.0,0.9339551965751,-0.3573901100903132,22.439285714285717,8573.870967741936,0.0,1.064516129032258,1.0,0.0,20942.93548387097,37.82266247298727,82.52589922539127,,0.0,16.418526,1021.3558,15.43,0.0,0.0,,4,autumn,samcheonpo_coal,1,0.0
2021-10-30,4835.611627631999,7236.526525632,1981.714963248,11.9375,49.72625,320.00249999999994,8,13.03,72.6,43.76,3.04,0.0,0.6916391215446401,0.7222432592616967,23.881578947368418,8573.870967741936,0.0,1.064516129032258,1.0,0.0,20942.93548387097,37.82266247298727,82.52589922539127,,0.0,15.580141,1020.4123,9.35,0.0,0.0,,5,autumn,samcheonpo_coal,1,0.0
2021-10-31,4499.416234512,7180.957199951999,1811.81211264,12.31,48.44125,296.87375,8,13.68,77.56,80.77,1.3,0.0,0.9870524161681936,0.1603980290917917,59.66153846153846,8573.870967741936,0.0,1.064516129032258,1.0,0.0,20942.93548387097,37.82266247298727,82.52589922539127,,0.0,13.979872,1020.40546,15.55,0.0,0.0,,6,autumn,samcheonpo_coal,1,0.0
2021-11-01,3610.82652552,7579.944096623998,2017.90237176,12.26125,44.10375,307.13875,8,13.33,64.84,42.88,4.31,0.0,0.6804651217823053,0.7327804705624956,15.044083526682137,10962.366666666669,0.0,22.233333333333334,1.0,0.0,26091.533333333333,37.50790026394258,78.61567698844837,,0.0,11.874544,1019.42535,14.91,0.0,0.0,,0,autumn,samcheonpo_coal,1,0.0
2021-11-02,3574.997367264,8515.168464384,2273.065365456,10.9475,163.405,303.65250000000003,8,12.44,62.03,41.07,4.88,0.0,0.6569805908310037,0.7539074898628779,12.711065573770492,10962.366666666669,0.0,22.233333333333334,1.0,0.0,26091.533333333333,37.50790026394258,78.61567698844837,,0.0,14.973576,1017.7017,15.09,0.0,0.0,,1,autumn,samcheonpo_coal,1,0.0
2021-11-03,3990.731201568,7907.250387887999,2175.234089616,12.1475,51.8,270.4225,8,12.06,67.34,64.85,2.47,0.0,0.9051982704125096,0.4249895189792346,27.26315789473684,10962.366666666669,0.0,22.233333333333334,1.0,0.0,26091.533333333333,37.50790026394258,78.61567698844837,,0.0,15.158522,1015.6027,15.32,0.0,0.0,,2,autumn,samcheonpo_coal,1,0.0
2021-11-04,3761.29160784,7944.600506112,1827.485400672,9.11875,80.395,180.91,8,12.19,82.33,72.12,3.04,0.0,0.9517016336019816,0.3070244299714919,27.082236842105264,10962.366666666669,0.0,22.233333333333334,1.0,0.0,26091.533333333333,37.50790026394258,78.61567698844837,,0.0,10.97262,1016.1003,14.48,0.0,0.0,,3,autumn,samcheonpo_coal,1,0.0
2021-11-05,3813.454336032,8015.56101288,1807.771753008,16.01125,66.3325,193.76625,8,15.14,59.91,66.15,2.97,0.0,0.9146071597986136,0.4043435955287449,20.17171717171717,10962.366666666669,0.0,22.233333333333334,1.0,0.0,26091.533333333333,37.50790026394258,78.61567698844837,,0.0,15.629971,1017.343,12.38,0.0,0.0,,4,autumn,samcheonpo_coal,1,0.0
2021-11-06,3672.44899056,7686.450963072,1514.494409472,10.82,54.07375,194.02125,8,15.21,59.0,39.8,6.17,0.0,0.6401096994849554,0.7682835235935234,9.562398703403566,10962.366666666669,0.0,22.233333333333334,1.0,0.0,26091.533333333333,37.50790026394258,78.61567698844837,,0.0,16.800856,1016.3933,14.28,0.0,0.0,,5,autumn,samcheonpo_coal,1,0.0
2021-11-07,4358.100531312,7747.395255792001,1773.094293936,12.82125,57.45,194.0025,8,15.66,69.93,96.74,3.05,0.0,0.9930889559753232,-0.1173640725258049,22.92786885245902,10962.366666666669,0.0,22.233333333333334,1.0,0.0,26091.533333333333,37.50790026394258,78.61567698844837,,0.0,18.844202,1016.32526,12.55,0.0,0.0,,6,autumn,samcheonpo_coal,1,0.0
2021-11-08,4901.2874151840015,8436.371718096,2064.135241872,19.45,45.61875,207.61125,8,9.57,62.83,309.43,10.87,6.75,-0.7724011234683434,0.6351350285292419,5.780128794848206,10962.366666666669,0.0,22.233333333333334,1.0,0.0,26091.533333333333,37.50790026394258,78.61567698844837,,0.0,24.472057,1009.3414,2.06,0.0,0.0,,0,autumn,samcheonpo_coal,1,0.0
2021-11-09,4511.174260608,8048.333693375998,1572.9560932319998,13.24875,51.0125,194.23625,8,9.77,62.8,293.15,16.68,0.0,-0.9194787684000264,0.3931396627937335,3.764988009592326,10962.366666666669,0.0,22.233333333333334,1.0,0.0,26091.533333333333,37.50790026394258,78.61567698844837,,0.0,24.187069,1009.35645,9.31,0.0,0.0,,1,autumn,samcheonpo_coal,1,0.0
2021-11-10,3431.1601697759997,8230.772670192,1951.461338832,12.2875,60.36875,483.51,8,10.21,72.29,292.99,14.02,0.0,-0.9205730348788252,0.3905704641341804,5.15620542082739,10962.366666666669,0.0,22.233333333333334,1.0,0.0,26091.533333333333,37.50790026394258,78.61567698844837,,0.0,27.551172,1005.32245,8.25,0.0,0.0,,2,autumn,samcheonpo_coal,1,0.0
2021-11-11,4462.270803936,8816.48696016,2507.152579056,11.0475,51.815,462.9175,8,9.23,63.64,322.8,13.35,0.0,-0.6045991148623747,0.7965299180241964,4.767041198501873,10962.366666666669,0.0,22.233333333333334,1.0,0.0,26091.533333333333,37.50790026394258,78.61567698844837,,0.0,22.007162,1008.2671,8.71,0.0,0.0,,3,autumn,samcheonpo_coal,1,0.0
2021-11-12,5088.025423872,9001.831765824,2603.893416912,13.99,54.42875,398.7424999999999,8,5.05,78.06,55.25,3.6,0.0,0.8216469379421636,0.569996762596303,21.683333333333337,10962.366666666669,0.0,22.233333333333334,1.0,0.0,26091.533333333333,37.50790026394258,78.61567698844837,,0.0,17.727943,1013.804,10.22,0.0,0.0,,4,autumn,samcheonpo_coal,1,0.0
2021-11-13,4822.079406335999,8808.800004288,1690.230745728,11.9125,56.975,385.5325,8,10.65,72.98,151.22,2.13,0.0,0.4814477560213355,-0.8764747904087262,34.26291079812207,10962.366666666669,0.0,22.233333333333334,1.0,0.0,26091.533333333333,37.50790026394258,78.61567698844837,,0.0,16.311613,1016.0694,11.76,0.0,0.0,,5,autumn,samcheonpo_coal,1,0.0
2021-11-14,5045.043076848,8654.025812255999,1842.995788848,10.27125,45.4775,410.505,8,10.98,74.86,66.84,2.14,0.0,0.9194101385805528,0.3933001361241673,34.981308411214954,10962.366666666669,0.0,22.233333333333334,1.0,0.0,26091.533333333333,37.50790026394258,78.61567698844837,,0.0,14.168641,1015.6932,13.08,0.0,0.0,,6,autumn,samcheonpo_coal,1,0.0
2021-11-15,4809.523251887999,8468.513365968,2915.150727312,12.465,47.3425,732.1825,8,9.43,75.4,58.86,3.54,0.0,0.855906267671133,0.5171309901381572,21.29943502824859,10962.366666666669,0.0,22.233333333333334,1.0,0.0,26091.533333333333,37.50790026394258,78.61567698844837,,0.0,11.720751,1017.5644,13.37,0.0,0.0,,0,autumn,samcheonpo_coal,1,0.0
2021-11-16,4960.624461552,8976.974964624,2554.6289886719997,11.52125,48.08125,692.52625,8,9.71,65.22,45.56,2.33,0.0,0.7139840484019307,0.7001619659961468,27.991416309012873,10962.366666666669,0.0,22.233333333333334,1.0,0.0,26091.533333333333,37.50790026394258,78.61567698844837,,0.0,13.891522,1019.75714,13.4,0.0,0.0,,1,autumn,samcheonpo_coal,1,0.0
2021-11-17,4258.122761376,8824.851871055998,2949.696821808,8.35375,54.33375,578.65375,8,10.54,56.88,32.61,2.77,0.0,0.5389178124813592,0.8423583509352219,20.534296028880867,10962.366666666669,0.0,22.233333333333334,1.0,0.0,26091.533333333333,37.50790026394258,78.61567698844837,,0.0,14.565548,1020.17773,13.47,0.0,0.0,,2,autumn,samcheonpo_coal,1,0.0
2021-11-18,4881.672731664001,9776.416159584,3789.698385456,9.1725,68.86375,250.25875,8,10.09,79.61,58.44,2.2,0.0,0.8520925377243809,0.5233911607530496,36.18636363636363,10962.366666666669,0.0,22.233333333333334,1.0,0.0,26091.533333333333,37.50790026394258,78.61567698844837,,0.0,11.720751,1016.3638,13.32,0.0,0.0,,3,autumn,samcheonpo_coal,1,0.0
2021-11-19,5494.040347248,17705.921282784002,1998.833744448,6.6475,39.84875,175.12125,8,11.14,74.07,56.5,2.6,0.0,0.8338858220671682,0.5519369853120581,28.488461538461536,10962.366666666669,0.0,22.233333333333334,1.0,0.0,26091.533333333333,37.50790026394258,78.61567698844837,,0.0,10.703569,1014.61646,13.17,0.0,0.0,,4,autumn,samcheonpo_coal,1,0.0
2021-11-20,5613.848390016001,9248.360299344,8325.710301744,12.7075,41.18625,407.82125,8,11.97,78.99,122.22,1.48,0.0,0.8460071056678422,-0.5331716207371887,53.37162162162162,10962.366666666669,0.0,22.233333333333334,1.0,0.0,26091.533333333333,37.50790026394258,78.61567698844837,,0.0,16.563911,1016.5996,12.63,0.0,0.0,,5,autumn,samcheonpo_coal,1,0.0
2021-11-21,5447.105474976,15343.039560096,6039.692900784,8.094999999999999,45.1,208.215,8,13.7,83.52,31.3,1.46,0.0,0.5195191118795094,0.8544588301328074,57.2054794520548,10962.366666666669,0.0,22.233333333333334,1.0,0.0,26091.533333333333,37.50790026394258,78.61567698844837,,0.0,12.979984,1013.85767,6.34,0.0,0.0,,6,autumn,samcheonpo_coal,1,0.0
2021-11-22,6920.585607024,14766.563924352,2382.434253072,10.7975,21.52875,202.39875,8,5.25,58.52,148.34,4.85,0.0,0.5248775448593879,-0.8511777504742363,12.0659793814433,10962.366666666669,0.0,22.233333333333334,1.0,0.0,26091.533333333333,37.50790026394258,78.61567698844837,,0.0,30.684587,1010.2671,10.42,0.0,0.0,,0,autumn,samcheonpo_coal,1,0.0
2021-11-23,7697.746237824,15761.098109088,2127.169983888,12.465,39.22375,178.2575,8,6.83,72.5,287.12,13.07,0.0,-0.955690317133996,0.2943739420130835,5.547054322876817,10962.366666666669,0.0,22.233333333333334,1.0,0.0,26091.533333333333,37.50790026394258,78.61567698844837,,0.0,20.65848,1014.47565,8.56,0.0,0.0,,1,autumn,samcheonpo_coal,1,0.0
2021-11-24,6363.110898575999,16550.071833888,1687.908181536,8.2325,33.07625,201.795,8,10.61,62.98,263.67,6.62,0.0,-0.99390336245686,-0.1102547327643916,9.51359516616314,10962.366666666669,0.0,22.233333333333334,1.0,0.0,26091.533333333333,37.50790026394258,78.61567698844837,,0.0,19.211996,1015.2241,11.39,0.0,0.0,,2,autumn,samcheonpo_coal,1,0.0
2021-11-25,5946.944597712,17171.829106416,2079.794634912,7.3525,30.463749999999997,177.77875,8,8.92,52.66,46.04,2.42,0.0,0.7198245880301588,0.6941560072975038,21.760330578512395,10962.366666666669,0.0,22.233333333333334,1.0,0.0,26091.533333333333,37.50790026394258,78.61567698844837,,0.0,18.59845,1014.7769,12.08,0.0,0.0,,3,autumn,samcheonpo_coal,1,0.0
2021-11-26,6034.021552944,17445.361828607998,2152.258601616,8.2825,34.87625,162.95,8,7.55,51.83,46.67,2.08,0.0,0.7274135642622283,0.686199319824292,24.91826923076923,10962.366666666669,0.0,22.233333333333334,1.0,0.0,26091.533333333333,37.50790026394258,78.61567698844837,,0.0,14.658676,1021.63257,12.84,0.0,0.0,,4,autumn,samcheonpo_coal,1,0.0
2021-11-27,6182.985832128,12894.3067248,152054.573208192,10.55125,42.87625,537.48375,8,5.25,55.62,78.64,2.69,0.0,0.9804089265795956,0.1969729338844425,20.676579925650557,10962.366666666669,0.0,22.233333333333334,1.0,0.0,26091.533333333333,37.50790026394258,78.61567698844837,,0.0,17.25373,1029.1874,12.91,0.0,0.0,,5,autumn,samcheonpo_coal,1,0.0
2021-11-28,5496.3709293599995,13274.130216384,23830.003228896003,11.01,48.88375,211.61,8,7.05,66.19,49.11,3.45,0.0,0.7559677314842183,0.6546088824287407,19.18550724637681,10962.366666666669,0.0,22.233333333333334,1.0,0.0,26091.533333333333,37.50790026394258,78.61567698844837,,0.0,14.689588,1030.4081,11.88,0.0,0.0,,6,autumn,samcheonpo_coal,1,0.0
2021-11-29,6003.186460127999,16816.608475056,1353.09524832,8.3975,41.2825,177.68374999999995,8,9.45,83.36,66.68,3.01,0.0,0.9183082539637148,0.3958660767255935,27.69435215946844,10962.366666666669,0.0,22.233333333333334,1.0,0.0,26091.533333333333,37.50790026394258,78.61567698844837,,0.0,11.304229,1024.0973,12.14,0.0,0.0,,0,autumn,samcheonpo_coal,1,0.0
2021-11-30,6439.378303152,17108.316412992,1744.5312002879998,9.32625,28.4325,165.61,8,6.84,56.36,324.24,17.42,9.0,-0.5843913031191719,0.8114719988013611,3.235361653272101,10962.366666666669,0.0,22.233333333333334,1.0,0.0,26091.533333333333,37.50790026394258,78.61567698844837,,0.0,30.96837,1010.1709,1.6,0.0,0.0,,1,autumn,samcheonpo_coal,1,0.0
2021-12-01,4435.518202128,14230.646775216,3190.062277152,50.04625,62.6125,407.94625,8,1.34,43.17,65.97,3.97,0.0,0.9133323656171922,0.4072149185824402,10.874055415617129,9456.354838709678,0.0,9.096774193548388,1.0,0.0,21602.967741935485,36.250448698804824,74.17515162193963,,0.0,24.985659,1015.98517,9.44,0.0,0.0,,2,winter,samcheonpo_coal,1,0.0
2021-12-02,5535.17695296,14417.656186608,1700.101402416,35.41,63.85375,178.73375,8,4.89,71.86,96.38,1.77,0.0,0.9938067686136166,-0.1111220349784934,40.59887005649718,9456.354838709678,0.0,9.096774193548388,1.0,0.0,21602.967741935485,36.250448698804824,74.17515162193963,,0.0,19.48661,1017.8372,12.01,0.0,0.0,,3,winter,samcheonpo_coal,1,0.0
2021-12-03,5378.79184848,14277.760056288002,1624.555579536,22.955,43.855,223.765,8,5.04,39.77,78.17,8.17,0.0,0.9787601807031951,0.2050085575527239,4.86780905752754,9456.354838709678,0.0,9.096774193548388,1.0,0.0,21602.967741935485,36.250448698804824,74.17515162193963,,0.0,23.675304,1014.7283,9.72,0.0,0.0,,4,winter,samcheonpo_coal,1,0.0
2021-12-04,5904.275831712001,14128.501729968,1423.560303072,26.95375,57.15375,224.88875,8,6.2,61.16,53.09,7.04,0.0,0.7995798532094538,0.6005597874829353,8.6875,9456.354838709678,0.0,9.096774193548388,1.0,0.0,21602.967741935485,36.250448698804824,74.17515162193963,,0.0,18.892282,1021.7836,11.22,0.0,0.0,,5,winter,samcheonpo_coal,1,0.0
2021-12-05,5573.594843856,13889.036475504,1182.93208056,25.57625,55.64,224.11125,8,7.81,71.7,72.93,2.81,0.0,0.9559468429275256,0.2935398328964856,25.51601423487545,9456.354838709678,0.0,9.096774193548388,1.0,0.0,21602.967741935485,36.250448698804824,74.17515162193963,,0.0,17.072504,1025.0898,9.73,0.0,0.0,,6,winter,samcheonpo_coal,1,0.0
2021-12-06,6338.521639152,13377.118927679998,1077.135691392,18.21125,34.995000000000005,219.06875,8,8.25,82.42,94.69,1.73,0.0,0.9966516726059064,-0.0817645613444446,47.641618497109825,9456.354838709678,0.0,9.096774193548388,1.0,0.0,21602.967741935485,36.250448698804824,74.17515162193963,,0.0,16.075521,1022.55664,10.97,0.0,0.0,,0,winter,samcheonpo_coal,1,0.0
2021-12-07,5218.993002240001,11954.3438664,1262.772003168,14.1625,38.52375,222.975,8,9.91,50.52,68.67,4.22,0.0,0.9315009019805124,0.3637390130429949,11.971563981042657,9456.354838709678,0.0,9.096774193548388,1.0,0.0,21602.967741935485,36.250448698804824,74.17515162193963,,0.0,16.610792,1023.33966,11.65,0.0,0.0,,1,winter,samcheonpo_coal,1,0.0
2021-12-08,5221.519144848,11924.520485904,1422.950478048,13.47375,38.07375,228.46375,8,6.8,70.78,64.71,3.26,0.0,0.9041571239084388,0.4272000647069471,21.711656441717793,9456.354838709678,0.0,9.096774193548388,1.0,0.0,21602.967741935485,36.250448698804824,74.17515162193963,,0.0,16.075521,1027.889,11.96,0.0,0.0,,2,winter,samcheonpo_coal,1,0.0
2021-12-09,6188.656138560001,11923.91005176,1307.9460324959998,13.9625,45.9575,177.89375,8,9.92,69.42,37.54,3.51,0.0,0.6093151457290579,0.7929281513385541,19.77777777777778,9456.354838709678,0.0,9.096774193548388,1.0,0.0,21602.967741935485,36.250448698804824,74.17515162193963,,0.0,17.10284,1026.2085,8.84,0.0,0.0,,3,winter,samcheonpo_coal,1,0.0
2021-12-10,6130.360085184,11824.865612208,1361.669554944,19.24,36.72375,175.775,8,9.86,74.69,103.69,0.96,0.0,0.9715904412543288,-0.2366685751493401,77.80208333333333,9456.354838709678,0.0,9.096774193548388,1.0,0.0,21602.967741935485,36.250448698804824,74.17515162193963,,0.0,12.538134,1021.51227,7.76,0.0,0.0,,4,winter,samcheonpo_coal,1,0.0
2021-12-11,5718.209577551999,11805.63665472,1565.127528912,10.78125,32.34125,181.56375,8,10.11,72.58,249.41,2.49,0.0,-0.9361209294337626,-0.3516782698377432,29.148594377510037,9456.354838709678,0.0,9.096774193548388,1.0,0.0,21602.967741935485,36.250448698804824,74.17515162193963,,0.0,14.291592,1021.6812,9.9,0.0,0.0,,5,winter,samcheonpo_coal,1,0.0
2021-12-12,5776.103286576,11815.827096096,1595.734335072,21.51625,36.17375,188.84875,8,2.65,44.6,117.37,5.63,0.0,0.8880562234694231,-0.4597348626732869,7.9218472468916525,9456.354838709678,0.0,9.096774193548388,1.0,0.0,21602.967741935485,36.250448698804824,74.17515162193963,,0.0,21.99538,1019.74457,9.3,0.0,0.0,,6,winter,samcheonpo_coal,1,0.0
2021-12-13,6183.188595648,11925.149660639998,1610.785348848,52.245,75.485,175.92874999999998,8,1.78,34.61,49.03,4.46,0.0,0.7550529884574199,0.6556637740652745,7.760089686098655,9456.354838709678,0.0,9.096774193548388,1.0,0.0,21602.967741935485,36.250448698804824,74.17515162193963,,0.0,22.033648,1022.8777,12.32,0.0,0.0,,0,winter,samcheonpo_coal,1,0.0
2021-12-14,6013.803969647998,11951.260347888,1744.7266532159997,35.92375,64.54125,152.8225,8,7.14,65.15,272.96,4.4,0.0,-0.9986658287817988,0.0516387686100558,14.806818181818182,9456.354838709678,0.0,9.096774193548388,1.0,0.0,21602.967741935485,36.250448698804824,74.17515162193963,,0.0,16.09969,1019.87695,11.17,0.0,0.0,,1,winter,samcheonpo_coal,1,0.0
2021-12-15,5807.732038415999,11900.8620684,1607.961734352,14.86375,47.77,196.88375,8,7.64,84.41,46.97,2.62,0.0,0.7309965078768156,0.6823812024608391,32.217557251908396,9456.354838709678,0.0,9.096774193548388,1.0,0.0,21602.967741935485,36.250448698804824,74.17515162193963,,0.0,13.276144,1018.3723,10.01,0.0,0.0,,2,winter,samcheonpo_coal,1,0.0
2021-12-16,5930.206087104,11913.535228176002,1604.180956752,16.175,36.3575,232.17625,8,8.14,91.14,274.13,3.08,0.75,-0.9974032102313196,0.0720196932807818,29.59090909090909,9456.354838709678,0.0,9.096774193548388,1.0,0.0,21602.967741935485,36.250448698804824,74.17515162193963,,0.0,10.195057,1015.04816,4.98,0.0,0.0,,3,winter,samcheonpo_coal,1,0.0
2021-12-17,6272.21242008,12198.942867456,1911.235134672,84.605,76.215,234.10625,8,-1.05,48.88,83.79,5.29,0.0,0.9941320993871552,0.1081728661360496,9.24007561436673,9456.354838709678,0.0,9.096774193548388,1.0,0.0,21602.967741935485,36.250448698804824,74.17515162193963,,0.0,30.699368,1016.68774,10.45,0.0,0.0,,4,winter,samcheonpo_coal,1,0.0
2021-12-18,6900.659385264001,12105.231456096,1818.087653232,46.7125,111.23,208.68125,8,2.73,67.4,245.93,5.39,0.0,-0.9130478534230356,-0.4078524455726446,12.504638218923937,9456.354838709678,0.0,9.096774193548388,1.0,0.0,21602.967741935485,36.250448698804824,74.17515162193963,,0.0,24.387177,1023.46234,12.12,0.0,0.0,,5,winter,samcheonpo_coal,1,0.0
2021-12-19,5273.697840048,11796.92761824,1527.428911248,28.8025,72.7775,216.975,8,2.19,58.29,68.34,2.41,0.0,0.9293904770216436,0.3690980103190501,24.186721991701244,9456.354838709678,0.0,9.096774193548388,1.0,0.0,21602.967741935485,36.250448698804824,74.17515162193963,,0.0,19.64228,1019.0813,11.26,0.0,0.0,,6,winter,samcheonpo_coal,1,0.0
2021-12-20,5672.790587951999,12831.276364848,1846.644527808,27.87875,64.495,544.4025,8,9.17,65.42,334.88,2.06,0.0,-0.4245155000381863,0.9054206703115014,31.75728155339806,9456.354838709678,0.0,9.096774193548388,1.0,0.0,21602.967741935485,36.250448698804824,74.17515162193963,,0.0,21.924562,1016.6458,10.85,0.0,0.0,,0,winter,samcheonpo_coal,1,0.0
2021-12-21,5702.882520528,12289.656373488,1917.8933267520003,22.2275,169.04999999999998,181.76125,8,8.64,52.8,134.99,1.99,0.0,0.7072301838310178,-0.7069833570023731,26.532663316582912,9456.354838709678,0.0,9.096774193548388,1.0,0.0,21602.967741935485,36.250448698804824,74.17515162193963,,0.0,15.188415,1013.6661,11.43,0.0,0.0,,1,winter,samcheonpo_coal,1,0.0
2021-12-22,7489.24483896,13576.782366432,2107.107252432,51.525,369.68625,301.0575,8,5.17,52.62,64.07,2.57,0.0,0.8993289467746286,0.4372727358219778,20.474708171206228,9456.354838709678,0.0,9.096774193548388,1.0,0.0,21602.967741935485,36.250448698804824,74.17515162193963,,0.0,16.323528,1017.4968,11.86,0.0,0.0,,2,winter,samcheonpo_coal,1,0.0
2021-12-23,4802.862370176002,12819.277958256,2630.7304996320004,52.33,619.5687500000001,750.7624999999999,8,4.86,52.69,75.1,2.1,0.0,0.9663760793213292,0.2571327931546963,25.09047619047619,9456.354838709678,0.0,9.096774193548388,1.0,0.0,21602.967741935485,36.250448698804824,74.17515162193963,,0.0,14.773164,1020.1494,11.8,0.0,0.0,,3,winter,samcheonpo_coal,1,0.0
2021-12-24,6065.754536736,16297.95896064,6058.724420447999,43.7825,190.7725,209.20625,8,4.51,67.32,112.4,5.74,0.0,0.9245460336123132,-0.3810703763502741,11.728222996515678,9456.354838709678,0.0,9.096774193548388,1.0,0.0,21602.967741935485,36.250448698804824,74.17515162193963,,0.0,14.689588,1016.9825,8.73,0.0,0.0,,4,winter,samcheonpo_coal,1,0.0
2021-12-25,6131.013418944,12312.581726879998,1709.6520484799998,119.30125,130.20875,163.315,8,-4.4,33.36,227.9,6.34,0.0,-0.7419758409756165,-0.670426618958799,5.261829652996846,9456.354838709678,0.0,9.096774193548388,1.0,0.0,21602.967741935485,36.250448698804824,74.17515162193963,,0.0,27.288855,1023.26886,12.11,0.0,0.0,,5,winter,samcheonpo_coal,1,0.0
2021-12-26,5577.4859364,12100.346334432,1650.379222944,70.1575,116.345,195.56875,8,-4.3,44.27,41.95,3.33,0.0,0.6684818354539512,0.7437284690450652,13.294294294294296,9456.354838709678,0.0,9.096774193548388,1.0,0.0,21602.967741935485,36.250448698804824,74.17515162193963,,0.0,23.34455,1028.6024,12.23,0.0,0.0,,6,winter,samcheonpo_coal,1,0.0
2021-12-27,7293.572301167999,20099.053846368,19845.668921472,35.0175,91.60125,108.34,8,0.96,71.0,178.87,2.42,0.0,0.0197209420269162,-0.9998055233121944,29.338842975206617,9456.354838709678,0.0,9.096774193548388,1.0,0.0,21602.967741935485,36.250448698804824,74.17515162193963,,0.0,16.800856,1027.2267,11.83,0.0,0.0,,0,winter,samcheonpo_coal,1,0.0
2021-12-28,5337.39381048,25184.318804208,4731.592823424,33.394999999999996,68.78,46.23875,8,4.28,63.7,308.22,2.86,0.0,-0.785640980050227,0.618682673481098,22.272727272727273,9456.354838709678,0.0,9.096774193548388,1.0,0.0,21602.967741935485,36.250448698804824,74.17515162193963,,0.0,13.684735,1024.5662,11.1,0.0,0.0,,1,winter,samcheonpo_coal,1,0.0
2021-12-29,5321.274153264,24901.835637888,4627.837115136001,31.70125,59.165,47.936249999999994,8,5.84,57.87,308.48,13.9,0.0,-0.7828254077698092,0.622241416935607,4.163309352517985,9456.354838709678,0.0,9.096774193548388,1.0,0.0,21602.967741935485,36.250448698804824,74.17515162193963,,0.0,19.245697,1017.61334,10.38,0.0,0.0,,2,winter,samcheonpo_coal,1,0.0
2021-12-30,5638.88828304,25067.099697120004,4090.461769872,55.17625,76.92375,44.502500000000005,8,2.37,52.65,336.43,12.74,0.0,-0.3998691712966373,0.9165722262029002,4.13265306122449,9456.354838709678,0.0,9.096774193548388,1.0,0.0,21602.967741935485,36.250448698804824,74.17515162193963,,0.0,26.64,1019.8221,11.54,0.0,0.0,,3,winter,samcheonpo_coal,1,0.0
2021-12-31,6054.127408511999,19760.480756640005,26301.064667903996,45.895,82.41625,178.84375,8,-0.45,32.76,90.82,5.61,0.0,0.999897589371505,-0.0143112113062917,5.839572192513368,9456.354838709678,0.0,9.096774193548388,1.0,0.0,21602.967741935485,36.250448698804824,74.17515162193963,,0.0,21.626984,1025.4624,12.13,0.0,0.0,,4,winter,samcheonpo_coal,1,0.0
2022-01-01,5970.242471616,12285.690672528,2233.159203312,40.88875,101.8175,170.6775,8,0.95,38.91,50.21,3.52,0.0,0.7683952321096286,0.6399755989654528,11.053977272727272,15826.258064516129,0.0,17.967741935483872,1.0,0.0,36070.645161290326,37.19793733623087,75.03916692154286,20283.0,120.880102,17.193533,1026.3131,11.88,62.786142,0.0,0.0059243683748245,5,winter,samcheonpo_coal,1,58.09396
2022-01-02,5716.977557616,12680.360854848,1781.4061532160003,32.07875,63.66875,54.05375,8,1.85,53.67,70.26,1.91,0.0,0.9412349785144076,0.3377524466543247,28.09947643979058,15826.258064516129,0.0,17.967741935483872,1.0,0.0,36070.645161290326,37.19793733623087,75.03916692154286,20550.0,115.526881,20.12461,1022.63153,11.2,57.556321,0.0,0.0055903186821825,6,winter,samcheonpo_coal,1,57.97056
2022-01-03,5166.4075424640005,15504.460211808,1409.3940571199998,15.3075,36.56875,20.6525,8,2.39,46.32,32.44,3.1,0.0,0.5364161164440411,0.8439536421031033,14.941935483870967,15826.258064516129,0.0,17.967741935483872,1.0,0.0,36070.645161290326,37.19793733623087,75.03916692154286,31117.0,119.484016,13.363711,1021.8406,12.31,61.682536,0.2937599999999999,0.0038251429302605,0,winter,samcheonpo_coal,1,57.50772
2022-01-04,5809.035073392,13146.483439295998,1514.61719064,11.4925,25.2975,19.3125,8,3.59,27.74,43.51,7.39,0.0,0.688481166919709,0.725254219427144,3.753721244925575,15826.258064516129,0.0,17.967741935483872,1.0,0.0,36070.645161290326,37.19793733623087,75.03916692154286,32356.0,108.375077,16.489416,1022.6201,11.93,50.276797,0.50544,0.0033382770111222,1,winter,samcheonpo_coal,1,57.592839999999995
2022-01-05,6673.119104160001,12953.891746079998,1449.298513296,26.415,27.8125,24.82625,8,4.91,56.04,32.11,4.89,0.0,0.5315464220906084,0.8470291619316732,11.460122699386504,15826.258064516129,0.0,17.967741935483872,1.0,0.0,36070.645161290326,37.19793733623087,75.03916692154286,32297.0,72.769054,19.513195,1022.6148,6.04,13.834094,1.64808,0.0022480560141966,2,winter,samcheonpo_coal,1,57.28688
2022-01-06,6632.19912888,12478.956915888,1621.617601248,18.30375,29.9975,34.067499999999995,8,3.74,24.92,34.66,8.9,0.0,0.5687054199298405,0.8225412727288667,2.8000000000000003,15826.258064516129,0.0,17.967741935483872,1.0,0.0,36070.645161290326,37.19793733623087,75.03916692154286,32578.0,123.930091,21.26744,1022.3785,12.43,64.584771,1.30248,0.0037896873565302,3,winter,samcheonpo_coal,1,58.04284
2022-01-07,5879.164891968,13595.97939192,1772.923006656,18.856250000000003,38.1175,65.01,8,1.16,48.9,74.05,2.27,0.0,0.9615018688565148,0.2747983918901806,21.541850220264315,15826.258064516129,0.0,17.967741935483872,1.0,0.0,36070.645161290326,37.19793733623087,75.03916692154286,32583.0,120.634933,16.80857,1024.9846,12.59,61.282533,0.18936,0.003688731642435,4,winter,samcheonpo_coal,1,59.16304
2022-01-08,7254.887859216,13632.537146112,1781.843152464,17.36125,36.2125,75.1725,8,2.91,54.14,104.06,2.78,0.0,0.9700418542815304,-0.2429378540739385,19.474820143884894,15826.258064516129,0.0,17.967741935483872,1.0,0.0,36070.645161290326,37.19793733623087,75.03916692154286,32537.0,124.189399,12.096214,1020.73267,12.54,63.572199,0.6048,0.0038023538421354,5,winter,samcheonpo_coal,1,60.0124
2022-01-09,7219.626907536,14820.954266016,2080.388338272,21.9775,34.573750000000004,162.58,8,2.41,68.45,77.92,1.88,0.0,0.9778563478690788,0.2092772394030152,36.40957446808511,15826.258064516129,0.0,17.967741935483872,1.0,0.0,36070.645161290326,37.19793733623087,75.03916692154286,35542.0,98.683681,14.291592,1018.0671,10.12,39.419561,0.0057599999999999,0.0027688492702121,6,winter,samcheonpo_coal,1,59.25836
2022-01-10,6842.602244448,14900.587906752002,1933.951443984,18.4775,32.15375,140.0725,8,6.66,54.78,341.55,3.9,0.0,-0.3164769671815858,0.9486001946255048,14.046153846153846,15826.258064516129,0.0,17.967741935483872,1.0,0.0,36070.645161290326,37.19793733623087,75.03916692154286,34785.0,108.670536,15.124284,1016.20807,12.15,49.229776,0.126,0.0031143337553979,0,winter,samcheonpo_coal,1,59.31476
2022-01-11,7520.511247344,13410.913087440002,1789.793710272,16.42875,27.9025,59.645,8,-3.26,48.34,40.79,5.92,0.0,0.6532884734771869,0.7571090875308835,8.16554054054054,15826.258064516129,0.0,17.967741935483872,1.0,0.0,36070.645161290326,37.19793733623087,75.03916692154286,30254.0,130.056401,27.059933,1013.8003,12.85,68.222121,1.21536,0.0042804159946108,1,winter,samcheonpo_coal,1,60.61892
2022-01-12,7370.286996096001,13626.197887248,2525.915600208,35.1175,50.2275,232.96375,8,-0.74,38.83,329.52,5.23,0.0,-0.507237566730189,0.861806272254755,7.424474187380496,15826.258064516129,0.0,17.967741935483872,1.0,0.0,36070.645161290326,37.19793733623087,75.03916692154286,30360.0,127.783782,16.78156,1017.9494,12.88,68.302462,0.0,0.0041913109497792,2,winter,samcheonpo_coal,1,59.48132
2022-01-13,6749.952176303999,13405.094097984,2512.787935824,18.455,44.69625,265.61375,8,-4.08,53.74,69.02,3.82,0.0,0.9337054636307536,0.3580420466734035,14.068062827225132,15826.258064516129,0.0,17.967741935483872,1.0,0.0,36070.645161290326,37.19793733623087,75.03916692154286,30175.0,119.126734,26.87491,1016.361,12.21,59.995694,0.0,0.0039323376126997,3,winter,samcheonpo_coal,1,59.13104
2022-01-14,8007.68006712,15849.2742948,4011.746488704,19.04,56.13625,251.5825,8,0.58,64.07,62.94,1.54,0.0,0.890530617986716,0.4549233104911176,41.6038961038961,15826.258064516129,0.0,17.967741935483872,1.0,0.0,36070.645161290326,37.19793733623087,75.03916692154286,28626.0,127.614338,16.394829,1021.1997,13.13,68.52545800000001,0.0,0.0044382016291895,4,winter,samcheonpo_coal,1,59.08888
2022-01-15,7656.538324608,16830.501956064,4148.553808224,27.12125,58.33125,238.98375,8,3.99,64.29,319.57,3.31,0.0,-0.6485185527274353,0.7611988483755823,19.42296072507553,15826.258064516129,0.0,17.967741935483872,1.0,0.0,36070.645161290326,37.19793733623087,75.03916692154286,23217.0,107.13634,10.883676,1019.5322,11.11,48.68574,0.0,0.0045933679360407,5,winter,samcheonpo_coal,1,58.4506
2022-01-16,8573.725705536,14065.168723200002,2442.791734416,18.0275,35.43125,226.28375,8,-0.58,50.14,80.11,3.86,0.0,0.9851393184393472,0.1717571636493174,12.989637305699482,15826.258064516129,0.0,17.967741935483872,1.0,0.0,36070.645161290326,37.19793733623087,75.03916692154286,32577.0,117.688578,23.263912,1019.9322,12.86,58.730298000000005,0.0,0.0035996237651638,6,winter,samcheonpo_coal,1,58.95828
2022-01-17,7678.169921664,14089.592685024,2464.73005248,24.54625,47.8975,276.41625,8,2.16,54.69,337.85,8.38,0.0,-0.3770326685423049,0.9261999605116966,6.526252983293555,15826.258064516129,0.0,17.967741935483872,1.0,0.0,36070.645161290326,37.19793733623087,75.03916692154286,32646.0,118.461628,23.686249,1022.5539,12.56,59.618788,0.0,0.003615552403851,0,winter,samcheonpo_coal,1,58.842839999999995
2022-01-18,8625.706003584,18200.091412224,13865.373593567998,19.01625,51.20625,93.83625,8,-1.0,36.14,83.8,1.82,0.0,0.9941509639723154,0.1079993557060228,19.857142857142858,15826.258064516129,0.0,17.967741935483872,1.0,0.0,36070.645161290326,37.19793733623087,75.03916692154286,35976.0,128.203958,20.008356,1023.3994,13.59,70.006998,0.05112,0.0035509426588975,1,winter,samcheonpo_coal,1,58.14584
2022-01-19,8845.011884591999,15197.320521216,2013.603223968,10.7825,18.6325,2.40125,8,2.0,59.41,314.28,13.19,0.0,-0.7159364830218314,0.6981654189934725,4.504169825625474,15826.258064516129,0.0,17.967741935483872,1.0,0.0,36070.645161290326,37.19793733623087,75.03916692154286,45440.0,118.127934,19.523155,1020.3482,13.36,59.872814,0.56808,0.0025929057965492,2,winter,samcheonpo_coal,1,57.68704
2022-01-20,7297.55494128,16401.908744784,2232.847381968,8.615,19.55375,2.6125,8,0.34,45.85,74.59,2.46,0.0,0.9640490412643432,0.2657243798323758,18.638211382113823,15826.258064516129,0.0,17.967741935483872,1.0,0.0,36070.645161290326,37.19793733623087,75.03916692154286,45212.0,125.687027,20.393293,1022.6136,13.25,68.332067,0.0,0.0027722417097535,3,winter,samcheonpo_coal,1,57.35496
2022-01-21,6907.892485536,15854.4973332,2038.606280064,8.26125,19.175,2.39375,8,2.86,58.38,41.0,1.73,0.0,0.6560590289905073,0.754709580222772,33.7456647398844,15826.258064516129,0.0,17.967741935483872,1.0,0.0,36070.645161290326,37.19793733623087,75.03916692154286,45035.0,115.856253,16.199999,1025.9867,13.48,58.003772999999995,0.0,0.0025659813038939,4,winter,samcheonpo_coal,1,57.85248
2022-01-22,7521.795698976,16132.227327936,1961.5355352,9.17375,19.785,2.35375,8,5.73,69.36,61.68,1.37,0.0,0.8803118118669202,0.4743955247339292,50.62773722627737,15826.258064516129,0.0,17.967741935483872,1.0,0.0,36070.645161290326,37.19793733623087,75.03916692154286,44952.0,93.534226,12.984975,1022.70197,9.8,35.679386,0.0,0.0020764372674708,5,winter,samcheonpo_coal,1,57.85484
2022-01-23,7999.322761439999,16177.203044928,2223.445772304,9.80125,19.77375,2.68625,8,7.95,69.85,48.08,3.16,0.0,0.7440783833509366,0.6680923285219317,22.10443037974683,15826.258064516129,0.0,17.967741935483872,1.0,0.0,36070.645161290326,37.19793733623087,75.03916692154286,44923.0,80.30103199999999,14.84318,1016.7678,7.25,22.813952,0.0,0.0017843364855147,6,winter,samcheonpo_coal,1,57.48708
2022-01-24,7609.265945712,15748.049553552,2145.172807296,9.25,19.24,2.585,8,4.95,59.98,55.72,3.18,0.0,0.8262949518624778,0.5632376519077764,18.861635220125784,15826.258064516129,0.0,17.967741935483872,1.0,0.0,36070.645161290326,37.19793733623087,75.03916692154286,44953.0,77.91356400000001,19.272614,1017.4428,10.76,20.042164,0.0,0.0017302239247104,0,winter,samcheonpo_coal,1,57.8714
2022-01-25,7794.454083408,16399.241739936002,2090.572053408,9.49375,19.93875,2.53125,8,5.82,72.87,316.23,3.48,0.0,-0.6917651662384783,0.7221225344628504,20.939655172413794,15826.258064516129,0.0,17.967741935483872,1.0,0.0,36070.645161290326,37.19793733623087,75.03916692154286,44983.0,69.888065,13.896187,1017.9746,4.78,10.148065,0.216,0.0015512449479191,1,winter,samcheonpo_coal,1,59.524
2022-01-26,8698.331889072,16405.28347968,2124.878744016,10.665,20.00625,2.58125,8,5.11,48.37,44.33,5.15,0.0,0.6987899255156993,0.7153269462265234,9.392233009708736,15826.258064516129,0.0,17.967741935483872,1.0,0.0,36070.645161290326,37.19793733623087,75.03916692154286,44906.0,121.556945,14.904173,1019.5993,13.94,61.229425000000006,0.9,0.0026996122651841,2,winter,samcheonpo_coal,1,59.427519999999994
2022-01-27,9338.727660192,16692.279722496,2204.825927616,11.35125,20.17,2.67125,8,4.74,41.46,73.81,1.81,0.0,0.9603423641844284,0.2788234989247909,22.906077348066297,15826.258064516129,0.0,17.967741935483872,1.0,0.0,36070.645161290326,37.19793733623087,75.03916692154286,44862.0,115.975472,16.485485,1019.35693,12.33,57.252032,0.54,0.0025784947139783,3,winter,samcheonpo_coal,1,58.18344
2022-01-28,1790.94370968,3056.656611744,357.633997632,11.07375,20.25125,2.6025,8,3.66,34.12,46.37,2.92,0.0,0.7238106782373261,0.6899986246867611,11.684931506849315,15826.258064516129,0.0,17.967741935483872,1.0,0.0,36070.645161290326,37.19793733623087,75.03916692154286,44950.0,128.480694,18.720001,1018.86456,14.23,69.159734,1.16856,0.0028501558176316,4,winter,samcheonpo_coal,1,58.1524
2022-01-29,1573.8458761440002,2797.2021539519997,360.777495456,10.3975,19.9725,2.525,8,3.08,24.18,100.59,1.71,0.0,0.9829674397457466,-0.1837797932300828,14.140350877192985,15826.258064516129,0.0,17.967741935483872,1.0,0.0,36070.645161290326,37.19793733623087,75.03916692154286,44886.0,104.527721,18.345877,1016.4798,14.02,46.439241,0.37512,0.0023233272934295,5,winter,samcheonpo_coal,1,57.71336
2022-01-30,1267.060584384,2993.584974768,359.58141,10.12625,20.17875,2.75125,8,2.52,28.51,67.19,4.03,0.0,0.9217955033192012,0.3876764760215667,7.074441687344913,15826.258064516129,0.0,17.967741935483872,1.0,0.0,36070.645161290326,37.19793733623087,75.03916692154286,44753.0,117.436136,20.188908,1016.4368,13.2,60.240416,0.5774400000000001,0.0026172274244016,6,winter,samcheonpo_coal,1,56.61828
2022-01-31,2455.4906118720005,5001.067525392001,135094.05937468802,16.64875,32.20125,1113.9725,8,3.71,49.98,300.51,5.31,0.0,-0.8615405651634747,0.507688737887498,9.412429378531074,15826.258064516129,0.0,17.967741935483872,1.0,0.0,36070.645161290326,37.19793733623087,75.03916692154286,29876.0,127.894755,16.09969,1020.20294,15.04,70.763435,0.5954400000000001,0.0042626051065816,0,winter,samcheonpo_coal,1,56.53588
2022-02-01,982.477150704,1385.981069472,1655.2154453760002,35.92375,51.11125,553.95875,8,-0.92,58.92,50.81,2.68,0.0,0.7750547868235459,0.6318940397107001,21.98507462686567,15815.92857142857,0.0,23.142857142857142,1.0,0.0,37524.07142857143,37.672991041940705,79.86333798114353,16110.0,120.667897,26.925497,1021.23346,13.67,61.033657,2.2298400000000003,0.0074345613973349,1,winter,samcheonpo_coal,1,57.4044
2022-02-02,2425.262815584,14643.207200736002,27176.548321872,15.315,71.64875,277.20375,8,1.36,38.76,50.92,5.81,0.0,0.7762665071696719,0.6304048777147887,6.671256454388985,15815.92857142857,0.0,23.142857142857142,1.0,0.0,37524.07142857143,37.672991041940705,79.86333798114353,25931.0,103.625086,18.64369,1023.47675,13.4,47.146125999999995,0.0,0.0039802795568476,2,winter,samcheonpo_coal,1,56.47896
2022-02-03,990.7190118719998,2662.9257628799996,418.96191312,9.08375,32.4675,55.135,8,2.42,27.88,58.04,4.24,0.0,0.8484178428994289,0.529327085883464,6.575471698113207,15815.92857142857,0.0,23.142857142857142,1.0,0.0,37524.07142857143,37.672991041940705,79.86333798114353,38838.0,130.195496,18.35647,1022.00214,15.22,72.67729599999998,0.70704,0.0033410706947763,3,winter,samcheonpo_coal,1,56.81116
2022-02-04,823.739007888,2532.56199336,435.2817924,7.585,17.92875,2.955,8,-0.45,51.05,325.01,12.77,0.0,-0.5734334586132308,0.8192521397853461,3.997650743931088,15815.92857142857,0.0,23.142857142857142,1.0,0.0,37524.07142857143,37.672991041940705,79.86333798114353,44660.0,128.770179,24.20314,1020.46014,14.79,69.641979,1.09224,0.0028750550302088,4,winter,samcheonpo_coal,1,58.03596
2022-02-05,712.411072416,2652.4586096639996,452.450782224,8.3025,18.10125,2.97375,8,-1.59,54.45,179.65,4.53,0.0,0.0061086143906781,-0.9999813422410572,12.019867549668874,15815.92857142857,0.0,23.142857142857142,1.0,0.0,37524.07142857143,37.672991041940705,79.86333798114353,44334.0,131.24922,27.971327,1021.6394,15.15,72.43414,0.0,0.0029517257251976,5,winter,samcheonpo_coal,1,58.81508
2022-02-06,947.08694088,2523.280650048,434.400100848,30.50625,34.275,79.0775,8,0.64,58.58,89.67,3.54,0.0,0.999983413627344,0.0057595546879964,16.548022598870055,15815.92857142857,0.0,23.142857142857142,1.0,0.0,37524.07142857143,37.672991041940705,79.86333798114353,38646.0,133.436902,22.73707,1024.4617,13.39,74.393582,0.0,0.0034409190194589,6,winter,samcheonpo_coal,1,59.04332
2022-02-07,869.4571694399999,2418.047555328,413.5215769919999,10.12125,17.795,2.76125,8,2.82,33.19,57.03,4.64,0.0,0.8389556253011243,0.5441998334946452,7.1530172413793105,15815.92857142857,0.0,23.142857142857142,1.0,0.0,37524.07142857143,37.672991041940705,79.86333798114353,44937.0,86.02211299999999,18.161278,1023.8096,10.2,26.619393,0.03816,0.0019106250305476,0,winter,samcheonpo_coal,1,59.36456
2022-02-08,705.9187764,2429.179290432,389.498756688,8.345,17.69625,2.35125,8,4.0,36.45,53.93,6.66,0.0,0.8082982756177268,0.5887732140930066,5.472972972972974,15815.92857142857,0.0,23.142857142857142,1.0,0.0,37524.07142857143,37.672991041940705,79.86333798114353,44730.0,130.89221700000002,17.447933,1022.6141,15.66,70.087697,1.30752,0.0029177354825412,1,winter,samcheonpo_coal,1,59.497
2022-02-09,1091.73823056,2197.639539792,387.356007888,9.1175,17.67625,2.475,8,5.18,55.93,63.87,2.73,0.0,0.8977971010607901,0.4404093156676428,20.487179487179485,15815.92857142857,0.0,23.142857142857142,1.0,0.0,37524.07142857143,37.672991041940705,79.86333798114353,44915.0,110.331471,17.610588,1021.5569,12.58,49.910311,0.82152,0.0024504310661446,2,winter,samcheonpo_coal,1,59.59964
2022-02-10,1125.270574848,2284.819889328,327.471193872,9.80625,17.8375,2.57,8,6.12,32.86,65.84,2.63,0.0,0.9124060741357062,0.4092861540295106,12.494296577946768,15815.92857142857,0.0,23.142857142857142,1.0,0.0,37524.07142857143,37.672991041940705,79.86333798114353,44574.0,128.245149,18.228943,1018.1106,16.06,68.085309,0.8064,0.0028688748981743,3,winter,samcheonpo_coal,1,59.35344
2022-02-11,800.136318096,2300.455090512,332.47114272,9.73375,17.751250000000002,2.5825,8,5.4,49.89,43.91,2.6,0.0,0.693527577607338,0.7204300792568963,19.18846153846154,15815.92857142857,0.0,23.142857142857142,1.0,0.0,37524.07142857143,37.672991041940705,79.86333798114353,44566.0,131.25359100000003,18.218275,1021.59064,16.32,71.81747100000001,0.68904,0.0029365023677076,4,winter,samcheonpo_coal,1,58.74708
2022-02-12,1329.897008736,2603.3774276159997,324.6203376,18.59875,34.0575,300.88125,8,8.45,60.71,59.05,3.41,0.0,0.8576164297689877,0.5142898593111621,17.80351906158358,15815.92857142857,0.0,23.142857142857142,1.0,0.0,37524.07142857143,37.672991041940705,79.86333798114353,37815.0,124.6851,17.57744,1020.7492,16.33,65.68146,0.5227200000000001,0.0032864031335884,5,winter,samcheonpo_coal,1,58.48092
2022-02-13,1528.60292352,2819.0904644159996,318.669781968,8.5625,35.35,20.41625,8,9.2,60.85,73.28,2.04,0.0,0.9577221287492368,0.2876948454596128,29.82843137254902,15815.92857142857,0.0,23.142857142857142,1.0,0.0,37524.07142857143,37.672991041940705,79.86333798114353,37315.0,106.365163,16.595179,1017.0503,11.61,47.816003,1.1628,0.0028423645833521,6,winter,samcheonpo_coal,1,57.38636
2022-02-14,1541.87868024,2783.904907536,330.4594836,9.94875,18.2725,2.43375,8,6.67,59.21,300.07,16.48,0.0,-0.8654138923725477,0.5010576762096319,3.592839805825242,15815.92857142857,0.0,23.142857142857142,1.0,0.0,37524.07142857143,37.672991041940705,79.86333798114353,44263.0,92.597338,16.904673,1016.1491,15.01,33.65401799999999,1.5141600000000002,0.0020876133691625,0,winter,samcheonpo_coal,1,57.42916
2022-02-15,1300.991529168,2814.852192768,351.53686670400003,7.495,18.3125,2.505,8,-2.35,52.59,40.99,4.56,0.0,0.6559272973281133,0.7548240726287396,11.532894736842106,15815.92857142857,0.0,23.142857142857142,1.0,0.0,37524.07142857143,37.672991041940705,79.86333798114353,44299.0,133.230686,27.212759,1016.55884,16.48,75.46344599999999,0.0,0.0029985144554531,1,winter,samcheonpo_coal,1,57.76724
2022-02-16,1229.087417328,2781.6601451039996,368.722814832,9.62125,18.335,2.97875,8,-3.0,49.47,329.63,8.79,0.0,-0.5055820836746523,0.8627785096229489,5.627986348122867,15815.92857142857,0.0,23.142857142857142,1.0,0.0,37524.07142857143,37.672991041940705,79.86333798114353,44505.0,135.566296,26.407907,1018.6628,16.25,78.809376,0.0,0.0030368408657967,2,winter,samcheonpo_coal,1,56.75692
2022-02-17,7721.157355776,15631.17099984,2726.125365744,9.10625,18.15,3.16375,8,-1.39,27.45,61.23,6.25,0.0,0.8765588055440142,0.48129477498021,4.3919999999999995,15815.92857142857,0.0,23.142857142857142,1.0,0.0,37524.07142857143,37.672991041940705,79.86333798114353,44249.0,124.321566,21.2522,1022.8923,17.64,68.206526,0.1475999999999999,0.0028017187267598,3,winter,samcheonpo_coal,1,55.96744
2022-02-18,7893.410418432,15858.125502768,2473.865153424,9.32125,18.38625,2.875,8,4.76,60.85,199.36,1.54,0.0,-0.3315025573531195,-0.9434543202870724,39.51298701298701,15815.92857142857,0.0,23.142857142857142,1.0,0.0,37524.07142857143,37.672991041940705,79.86333798114353,44457.0,129.266736,17.57744,1025.8951,16.56,71.552656,1.5494400000000002,0.0028992500485721,4,winter,samcheonpo_coal,1,56.16464
2022-02-19,8753.876099424,15627.3588792,2160.0679046400005,10.36,18.255,2.5187500000000003,8,1.54,61.37,313.24,15.21,0.0,-0.7284905457796674,0.6850558551750668,4.034845496383958,15815.92857142857,0.0,23.142857142857142,1.0,0.0,37524.07142857143,37.672991041940705,79.86333798114353,44067.0,88.349633,20.523157,1018.4417,11.38,29.804953,1.65096,0.0020008817444392,5,winter,samcheonpo_coal,1,56.89372
2022-02-20,6022.229016096,12365.6369868,77186.988568656,9.51875,19.63125,197.06625,8,-1.03,42.79,166.51,3.91,0.0,0.233275649734608,-0.9724106494896568,10.943734015345267,15815.92857142857,0.0,23.142857142857142,1.0,0.0,37524.07142857143,37.672991041940705,79.86333798114353,38169.0,142.735557,28.503725,1020.9959,18.24,84.003637,0.0,0.0037256353679837,6,winter,samcheonpo_coal,1,58.731919999999995
2022-02-21,4209.887806416,9017.948984256,2674.799743968,9.075,25.9775,219.0175,8,2.77,51.65,283.34,12.65,0.0,-0.9730180306180632,0.2307290880928235,4.08300395256917,15815.92857142857,0.0,23.142857142857142,1.0,0.0,37524.07142857143,37.672991041940705,79.86333798114353,33959.0,133.559833,23.03156,1024.89,17.17,76.943753,0.0,0.0039175654058901,0,winter,samcheonpo_coal,1,56.61608
2022-02-22,4734.536542848,11874.696640416,2129.35099392,9.66375,27.25625,40.65,8,0.33,47.81,94.13,4.97,0.0,0.9974032102313196,-0.0720196932807819,9.619718309859156,15815.92857142857,0.0,23.142857142857142,1.0,0.0,37524.07142857143,37.672991041940705,79.86333798114353,30255.0,128.75446399999998,19.353138,1027.1443,18.01,73.779344,0.77832,0.0042376087574217,1,winter,samcheonpo_coal,1,54.1968
2022-02-23,4930.000303823999,8909.820855792,1657.763690688,8.505,21.37625,38.52,8,-0.68,34.21,213.96,5.07,0.0,-0.5586139898352949,-0.8294277607846828,6.747534516765286,15815.92857142857,0.0,23.142857142857142,1.0,0.0,37524.07142857143,37.672991041940705,79.86333798114353,33537.0,113.280779,20.275383,1027.4237,17.04,61.731339,0.0,0.0033664140796915,2,winter,samcheonpo_coal,1,51.54944
2022-02-24,3747.423482495999,8666.407252800002,1720.203699024,10.23,26.24,43.87375,8,1.03,45.04,243.26,2.3,0.0,-0.8930574868074329,-0.4499425799557003,19.582608695652176,15815.92857142857,0.0,23.142857142857142,1.0,0.0,37524.07142857143,37.672991041940705,79.86333798114353,33457.0,130.133154,19.09358,1026.3934,18.36,82.478634,0.0,0.0038744942416885,3,winter,samcheonpo_coal,1,47.65452
2022-02-25,3970.607532624,8711.324919072,1694.33030232,7.6625,20.78125,36.825,8,5.31,52.69,324.97,3.65,0.0,-0.5740052647142498,0.8188516080953399,14.435616438356163,15815.92857142857,0.0,23.142857142857142,1.0,0.0,37524.07142857143,37.672991041940705,79.86333798114353,33490.0,126.078515,14.689589,1024.1134,18.54,78.816555,0.0,0.0037505420194607,4,winter,samcheonpo_coal,1,47.26196
2022-02-26,4296.230335008,8730.82756008,1570.705415568,6.25875,18.07,32.472500000000004,8,8.41,67.22,278.56,11.3,0.0,-0.988860535448249,0.1488450248849524,5.948672566371681,15815.92857142857,0.0,23.142857142857142,1.0,0.0,37524.07142857143,37.672991041940705,79.86333798114353,32717.0,114.108306,25.501621,1017.7232,18.34,67.40762600000001,0.0,0.0034756154113489,5,winter,samcheonpo_coal,1,46.70068
2022-02-27,7520.671138463999,11395.904817312,16234.861727232,20.3075,35.07125,61.19375,8,4.58,42.83,176.7,1.18,0.0,0.0575640269595673,-0.9983418166140284,36.29661016949152,15815.92857142857,0.0,23.142857142857142,1.0,0.0,37524.07142857143,37.672991041940705,79.86333798114353,23760.0,126.383441,24.95452,1018.0744,19.1,80.463841,0.0,0.0052910245417507,6,winter,samcheonpo_coal,1,45.9196
2022-02-28,1140.335270352,2075.626107936,1193.532915312,14.215,38.82,149.70125,8,8.67,52.24,82.35,2.28,0.0,0.9910997473659748,0.1331213385265525,22.91228070175439,15815.92857142857,0.0,23.142857142857142,1.0,0.0,37524.07142857143,37.672991041940705,79.86333798114353,18119.0,98.766104,11.304229,1018.695,15.05,53.896024,0.00864,0.0054214168431064,0,winter,samcheonpo_coal,1,44.86144
2022-03-01,1341.639266112,2050.704662688,1192.62276936,11.5875,44.225,111.215,8,6.48,58.84,312.96,9.57,1.75,-0.7318296480290916,0.6814876127015193,6.148380355276907,8340.806451612903,0.0,6.967741935483871,1.0,0.0,19399.709677419356,37.242456309549546,80.91130919817556,18018.0,91.013989,14.561099,1010.59595,12.93,44.097949,2.3932800000000003,0.0050258942345113,1,spring,samcheonpo_coal,1,44.522760000000005
2022-03-02,1381.0277338560002,1966.426433712,997.1148782880002,29.70875,44.59,69.52625,8,5.52,44.49,272.54,5.06,0.0,-0.999017526045259,0.0443168439130125,8.792490118577076,8340.806451612903,0.0,6.967741935483871,1.0,0.0,19399.709677419356,37.242456309549546,80.91130919817556,17904.0,133.29831199999998,18.057508,1013.96466,19.43,88.445352,3.1507199999999997,0.0073901484409845,2,spring,samcheonpo_coal,1,41.70224
2022-03-03,1351.7392996800002,2475.823116528,1343.701962,37.94125,68.07,104.28,8,6.88,69.34,72.69,2.17,0.0,0.9547088832545688,0.2975415067428647,31.95391705069125,8340.806451612903,0.0,6.967741935483871,1.0,0.0,19399.709677419356,37.242456309549546,80.91130919817556,18145.0,118.168459,16.179987,1015.11426,19.21,82.472739,0.5954400000000001,0.0064703153379591,3,spring,samcheonpo_coal,1,35.10028
2022-03-04,1368.94178376,1819.078848,1419.9638103360005,33.77125,66.2125,126.94875,8,10.61,65.83,330.34,8.27,0.0,-0.4948521285448592,0.868977198132737,7.960096735187425,8340.806451612903,0.0,6.967741935483871,1.0,0.0,19399.709677419356,37.242456309549546,80.91130919817556,19435.0,81.75259,19.829433,1012.0933,14.68,49.05619,1.13328,0.0041888418487145,4,spring,samcheonpo_coal,1,31.56312
2022-03-05,1616.263433568,1976.142932208,1299.3952060800002,67.955,85.59625,93.06,8,2.66,32.02,70.55,4.07,0.0,0.942932433561923,0.3329841223496843,7.867321867321867,8340.806451612903,0.0,6.967741935483871,1.0,0.0,19399.709677419356,37.242456309549546,80.91130919817556,17795.0,115.505889,28.82249,1011.0374,20.04,82.550329,0.47232,0.0064490578722815,5,spring,samcheonpo_coal,1,32.48324
2022-03-06,1156.37451624,1672.698712896,984.526872048,32.09625,74.41375000000001,77.47375,8,5.8,33.55,205.23,1.79,0.0,-0.4262529995153202,-0.9046039909287336,18.743016759776538,8340.806451612903,0.0,6.967741935483871,1.0,0.0,19399.709677419356,37.242456309549546,80.91130919817556,17915.0,115.982223,17.373497,1017.28925,20.43,83.919983,0.0,0.0064323851893134,6,spring,samcheonpo_coal,1,32.06224
2022-03-07,1603.91058048,2340.512534448,1149.29036712,24.04125,71.99375,94.69625,8,4.82,66.7,71.8,2.75,0.0,0.9499720515246524,0.3123349185122326,24.254545454545458,8340.806451612903,0.0,6.967741935483871,1.0,0.0,19399.709677419356,37.242456309549546,80.91130919817556,23870.0,85.955422,19.174856,1016.62604,18.17,53.622902,0.0,0.0035880606924599,0,spring,samcheonpo_coal,1,32.33252
2022-03-08,1363.947449904,1794.7253715840002,1228.931239536,36.25625,69.55125,125.48625,8,7.16,56.53,46.89,2.45,0.0,0.7300430117299178,0.6834012006313064,23.0734693877551,8340.806451612903,0.0,6.967741935483871,1.0,0.0,19399.709677419356,37.242456309549546,80.91130919817556,22687.0,114.126582,10.137692,1015.2966,20.0,81.229982,0.0,0.0050053045225447,1,spring,samcheonpo_coal,1,32.8966
2022-03-09,1681.852603392,1755.2098108799996,1033.406458272,42.9875,65.84124999999999,95.6275,8,7.73,71.94,68.58,1.93,0.0,0.9309283931169356,0.3652017618915879,37.27461139896373,8340.806451612903,0.0,6.967741935483871,1.0,0.0,19399.709677419356,37.242456309549546,80.91130919817556,22994.0,113.537042,12.4811535,1017.72504,20.39,80.541962,0.0,0.0049134203179523,2,spring,samcheonpo_coal,1,32.99508
2022-03-10,1528.737548688,1590.9311921760002,1411.2593115839998,20.90125,30.405,113.53125,8,10.23,80.94,166.95,1.21,0.0,0.2258012668691038,-0.9741733869698492,66.89256198347107,8340.806451612903,0.0,6.967741935483871,1.0,0.0,19399.709677419356,37.242456309549546,80.91130919817556,22455.0,94.271659,9.659814,1018.4948,16.96,60.804699,0.0,0.0041806964067672,3,spring,samcheonpo_coal,1,33.46696
2022-03-11,1307.604285216,1640.4581992320002,1022.08547664,1.7325,5.029999999999999,85.23,8,12.76,85.44,108.44,0.85,0.0,0.9486554158280576,-0.3163114003953939,100.51764705882351,8340.806451612903,0.0,6.967741935483871,1.0,0.0,19399.709677419356,37.242456309549546,80.91130919817556,22925.0,62.379671,8.766573,1015.0975,12.56,28.817271,0.0,0.002713648614709,4,spring,samcheonpo_coal,1,33.562400000000004
2022-03-12,874.094784624,1226.933990352,1056.55661784,1.28875,4.87375,86.62249999999999,8,13.96,93.39,184.74,2.2,0.0,-0.0826342727595425,-0.9965799400778153,42.45,8340.806451612903,0.0,6.967741935483871,1.0,0.0,19399.709677419356,37.242456309549546,80.91130919817556,17899.0,95.400691,13.584932,1014.113,14.41,62.631291,0.0,0.0053016875992827,5,spring,samcheonpo_coal,1,32.769400000000005
2022-03-13,1128.0952042559998,1424.835818784,1223.2677392639998,1.61625,4.3975,88.82125,8,11.72,96.97,215.74,3.18,4.0,-0.5841080103584343,-0.8116759404067064,30.493710691823896,8340.806451612903,0.0,6.967741935483871,1.0,0.0,19399.709677419356,37.242456309549546,80.91130919817556,17986.0,34.805004000000004,17.654688,1009.09766,2.05,2.591644,0.0,0.0019313789806989,6,spring,samcheonpo_coal,1,32.21336
2022-03-14,1866.259532448,2054.668717008,1283.0548085279995,2.24125,4.1575,85.53124999999999,8,10.24,76.16,131.47,1.68,0.25,0.7493025651538527,-0.6622278051047511,45.333333333333336,8340.806451612903,0.0,6.967741935483871,1.0,0.0,19399.709677419356,37.242456309549546,80.91130919817556,22017.0,39.924258,12.324414,1008.76996,3.27,8.315018,0.0,0.0018100555423324,0,spring,samcheonpo_coal,1,31.609240000000003
2022-03-15,1861.599922848,2063.729794608,1397.7006485760005,2.41125,6.70875,94.27875,8,8.93,63.35,79.0,2.13,0.0,0.981627183447664,0.1908089953765449,29.741784037558688,8340.806451612903,0.0,6.967741935483871,1.0,0.0,19399.709677419356,37.242456309549546,80.91130919817556,22743.0,115.644881,13.661038,1010.16406,21.19,83.976881,0.0,0.0050591310903177,1,spring,samcheonpo_coal,1,31.668
2022-03-16,2055.521080224,2098.9301148,1297.74578616,2.33625,5.79375,95.57375,8,10.96,59.09,214.6,0.94,0.0,-0.5678437450531013,-0.8231363685344418,62.86170212765958,8340.806451612903,0.0,6.967741935483871,1.0,0.0,19399.709677419356,37.242456309549546,80.91130919817556,22860.0,113.08235,11.113451,1011.7504,21.3,81.82155,0.0,0.0049223847404177,2,spring,samcheonpo_coal,1,31.2608
2022-03-17,1759.69124856,2137.672269072,1565.8888129920003,3.1875,5.029999999999999,101.195,8,8.13,87.08,26.57,4.59,3.5,0.4472908484187101,0.8943885603700835,18.971677559912855,8340.806451612903,0.0,6.967741935483871,1.0,0.0,19399.709677419356,37.242456309549546,80.91130919817556,22714.0,47.805236,21.817902,1014.84,5.52,16.822396,0.0,0.0021002392167204,3,spring,samcheonpo_coal,1,30.98284
2022-03-18,1939.0746977280005,2172.819226032,1487.4360459839995,5.8025,10.06125,96.07375,8,6.22,72.07,36.44,7.14,4.5,0.5939806638211872,0.8044793167052475,10.093837535014003,8340.806451612903,0.0,6.967741935483871,1.0,0.0,19399.709677419356,37.242456309549546,80.91130919817556,22138.0,48.940095,26.576681,1006.3338,9.55,18.156975,0.0,0.0022058064244302,4,spring,samcheonpo_coal,1,30.78312
2022-03-19,1127.329582752,1257.684205248,1459.564707168,4.21375,11.28125,100.52125,8,4.64,67.96,58.01,2.39,1.0,0.8481405715987514,0.5297712438478924,28.43514644351464,8340.806451612903,0.0,6.967741935483871,1.0,0.0,19399.709677419356,37.242456309549546,80.91130919817556,17283.0,68.579692,25.744402,1006.0191,11.26,37.166892,0.0,0.0039523601434178,5,spring,samcheonpo_coal,1,31.4128
2022-03-20,1019.3094722879998,673.1058860640001,1263.7623384,3.6325,10.85375,103.93875,8,6.96,61.35,39.38,2.47,0.0,0.634460739635787,0.7729550891615956,24.83805668016194,8340.806451612903,0.0,6.967741935483871,1.0,0.0,19399.709677419356,37.242456309549546,80.91130919817556,16410.0,90.42575,13.37825,1014.8264,17.87,59.342189999999995,0.0,0.0054802070788991,6,spring,samcheonpo_coal,1,31.08356
2022-03-21,1159.720452864,1694.449748448,1122.598024848,4.1625,16.08625,78.36375,8,8.94,62.59,222.89,1.81,0.0,-0.6805930057366354,-0.7326616958340133,34.58011049723757,8340.806451612903,0.0,6.967741935483871,1.0,0.0,19399.709677419356,37.242456309549546,80.91130919817556,17089.0,89.67577,17.477621,1019.1202,17.94,57.97505,0.00648,0.0052201794364502,0,spring,samcheonpo_coal,1,31.69424
2022-03-22,1246.6671084,1348.0134727680002,992.3445072,4.175,15.365,82.9775,8,7.84,59.46,77.85,2.65,0.0,0.9775999377647906,0.2104717598213058,22.437735849056605,8340.806451612903,0.0,6.967741935483871,1.0,0.0,19399.709677419356,37.242456309549546,80.91130919817556,17328.0,108.99462,19.829433,1017.44147,21.47,76.20873999999999,0.95976,0.006250768688945,1,spring,samcheonpo_coal,1,31.82612
2022-03-23,1328.2262676,1435.22904528,862.4905977599999,3.785,14.45125,62.245,8,7.79,61.65,93.19,1.65,0.0,0.9984504916653646,-0.0556472433566273,37.36363636363637,8340.806451612903,0.0,6.967741935483871,1.0,0.0,19399.709677419356,37.242456309549546,80.91130919817556,19782.0,85.66969499999999,12.031756,1014.8779,14.78,52.910055,0.66816,0.0043120152647575,2,spring,samcheonpo_coal,1,32.09148
2022-03-24,1089.079135056,1703.3892199200002,796.922291232,5.63125,28.70125,83.74,8,7.96,76.61,87.58,2.55,0.0,0.9991081518684322,0.0422244108312478,30.043137254901964,8340.806451612903,0.0,6.967741935483871,1.0,0.0,19399.709677419356,37.242456309549546,80.91130919817556,17918.0,111.757193,10.182337,1016.96704,22.21,79.38203299999999,0.33192,0.0061984857479605,3,spring,samcheonpo_coal,1,32.043240000000004
2022-03-25,1583.0766267840002,1458.594192528,610.144190496,4.71125,38.41625,99.695,8,13.9,91.1,133.45,8.47,5.24,0.7259747974223264,-0.6877213051139336,10.7556080283353,8340.806451612903,0.0,6.967741935483871,1.0,0.0,19399.709677419356,37.242456309549546,80.91130919817556,21209.0,60.275213,27.943514,1014.9831,12.4,24.724013,3.85056,0.0028339100602337,4,spring,samcheonpo_coal,1,31.70064
2022-03-26,1186.6847724,1180.5568571520002,857.795256576,13.66125,32.5125,108.06375,8,11.24,78.75,306.8,3.87,41.75,-0.8007313709487336,0.5990235985155857,20.348837209302324,8340.806451612903,0.0,6.967741935483871,1.0,0.0,19399.709677419356,37.242456309549546,80.91130919817556,16703.0,81.14854700000001,24.86868,999.55493,15.49,50.251067000000006,0.0,0.0048348325071577,5,spring,samcheonpo_coal,1,30.89748
2022-03-27,1103.902300656,950.523063552,814.6072121760001,8.56125,34.725,93.48,8,9.95,41.25,100.09,4.89,0.0,0.9845337722471278,-0.1751948952020025,8.43558282208589,8340.806451612903,0.0,6.967741935483871,1.0,0.0,19399.709677419356,37.242456309549546,80.91130919817556,16589.0,114.577971,18.175545,1010.8037,22.76,83.51649099999999,0.0,0.006859486703922,6,spring,samcheonpo_coal,1,31.06148
2022-03-28,1251.911094192,1210.143425616,565.931840688,4.97875,32.573750000000004,53.625,8,8.0,59.11,43.63,2.58,0.0,0.6899986246867611,0.7238106782373263,22.910852713178297,8340.806451612903,0.0,6.967741935483871,1.0,0.0,19399.709677419356,37.242456309549546,80.91130919817556,16923.0,98.70348,20.16,1021.3908,20.61,62.12848,0.0,0.005798684022194,0,spring,samcheonpo_coal,1,36.575
2022-03-29,1461.352372272,4281.430536432,2150.542266912,12.12,318.88624999999996,156.99875,8,8.01,76.6,58.88,2.85,0.0,0.8560867282915161,0.5168321909896169,26.877192982456137,8340.806451612903,0.0,6.967741935483871,1.0,0.0,19399.709677419356,37.242456309549546,80.91130919817556,17164.0,133.014694,10.296251,1022.126,23.35,87.83529399999999,0.0,0.0076900376367339,1,spring,samcheonpo_coal,1,45.1794
2022-03-30,1241.21653776,1000.892932992,1442.69157888,9.295,45.175,236.5875,8,13.23,94.85,232.77,1.82,0.0,-0.7962132414957942,-0.6050160940559847,52.11538461538461,8340.806451612903,0.0,6.967741935483871,1.0,0.0,19399.709677419356,37.242456309549546,80.91130919817556,16922.0,98.213288,10.703569,1017.3442,16.05,45.588168,0.0,0.0057703911424685,2,spring,samcheonpo_coal,1,52.62512
2022-03-31,1246.944520656,3537.93404376,3801.192255792,7.02125,53.04,71.56,8,9.3,87.28,116.17,1.68,0.25,0.8974894185934714,-0.4410359889087881,51.95238095238096,8340.806451612903,0.0,6.967741935483871,1.0,0.0,19399.709677419356,37.242456309549546,80.91130919817556,17571.0,83.73724,14.81259,1018.199,14.3,33.1216,0.0,0.0047430465184312,3,spring,samcheonpo_coal,1,50.61564
2022-04-01,3878.127579312,32512.501381248,1781.610396768,5.141249999999999,47.7275,2.49,8,9.32,61.44,49.17,1.91,0.75,0.7566528216719455,0.6538168760867856,32.167539267015705,14369.5,0.0,40.5,1.0,0.0,34377.0,37.693170908844095,71.44906683732341,38138.0,127.43376700000002,16.79314,1024.8823,22.67,69.56148700000001,0.0,0.0033302580019332,4,spring,samcheonpo_coal,1,57.87228
2022-04-02,6515.624884176,13169.460275856,89698.807441872,9.2575,20.10625,212.315,8,7.47,79.56,60.75,2.85,0.0,0.8724960070727971,0.4886212414969549,27.91578947368421,14369.5,0.0,40.5,1.0,0.0,34377.0,37.693170908844095,71.44906683732341,36980.0,147.876555,13.70839,1023.8274,22.72,88.934275,0.0,0.0039828982619283,5,spring,samcheonpo_coal,1,58.94228
2022-04-03,4957.858458144,14923.441394208,9296.993223936,7.0575,31.04625,26.765,8,9.24,74.99,64.57,2.75,0.0,0.903110579135655,0.4294080598373323,27.269090909090902,14369.5,0.0,40.5,1.0,0.0,34377.0,37.693170908844095,71.44906683732341,29435.0,146.393494,15.315873,1023.5921,23.44,87.271534,0.0,0.004948836978545,6,spring,samcheonpo_coal,1,59.12196
2022-04-04,7991.83468512,15854.35013568,10382.592386592,9.19875,18.17375,27.415000000000003,8,9.09,85.71,76.31,2.12,0.0,0.9715904412543288,0.2366685751493402,40.429245283018865,14369.5,0.0,40.5,1.0,0.0,34377.0,37.693170908844095,71.44906683732341,38600.0,149.022842,10.195057,1023.80524,23.9,88.167802,0.0,0.0038458477419583,0,spring,samcheonpo_coal,1,60.85504
2022-04-05,9964.76109336,15885.551141568,2974.3920891360003,14.66,16.44875,86.29875,8,13.82,39.68,276.32,6.7,0.0,-0.9939225903997748,0.1100812622247821,5.922388059701492,14369.5,0.0,40.5,1.0,0.0,34377.0,37.693170908844095,71.44906683732341,36305.0,124.189149,12.819235,1019.07855,21.63,67.262469,0.0,0.0034090560866466,1,spring,samcheonpo_coal,1,56.92668
2022-04-06,6604.95122424,16775.139186864002,2359.189088064,8.7075,21.355,19.839999999999996,8,10.59,70.85,66.29,2.39,0.0,0.9155924262723412,0.4021075838040452,29.644351464435143,14369.5,0.0,40.5,1.0,0.0,34377.0,37.693170908844095,71.44906683732341,36235.0,138.053484,12.261157,1016.63306,23.52,82.262724,0.0,0.0037954878894269,2,spring,samcheonpo_coal,1,55.79076
2022-04-07,6506.679565871999,16223.93557344,2045.432943792,12.71125,17.2325,21.5375,8,12.42,43.23,70.26,2.25,0.0,0.9412349785144076,0.3377524466543247,19.21333333333333,14369.5,0.0,40.5,1.0,0.0,34377.0,37.693170908844095,71.44906683732341,34464.0,129.901187,13.358861,1013.742,19.91,73.828227,0.0,0.003755031451868,3,spring,samcheonpo_coal,1,56.07296
2022-04-08,6371.917705872,14868.415943712002,2102.4396828,9.55125,17.517500000000002,19.14,8,11.85,88.61,152.53,1.24,0.0,0.4612841121745602,-0.8872524825861733,71.45967741935483,14369.5,0.0,40.5,1.0,0.0,34377.0,37.693170908844095,71.44906683732341,33667.0,143.598317,12.599998,1016.4963,24.26,87.523717,0.0,0.0042471391855789,4,spring,samcheonpo_coal,1,56.0746
2022-04-09,6739.1134894080005,10790.427356352,18893.32758144,16.2275,15.63125,67.07375,8,13.83,75.13,70.33,2.46,0.0,0.9416469184137988,0.3366022594127925,30.540650406504064,14369.5,0.0,40.5,1.0,0.0,34377.0,37.693170908844095,71.44906683732341,27692.0,140.158365,14.565548,1013.8621,23.84,83.687045,0.0,0.0050358424654645,5,spring,samcheonpo_coal,1,56.47132
2022-04-10,4674.2155721280005,10788.589448496,8870.46386328,9.8975,19.25625,48.46625,8,16.19,88.18,99.61,2.1,0.0,0.985966915415878,-0.1669408329477802,41.990476190476194,14369.5,0.0,40.5,1.0,0.0,34377.0,37.693170908844095,71.44906683732341,25470.0,139.682086,11.269782,1014.4419,22.41,84.435486,0.0,0.005454268644606,6,spring,samcheonpo_coal,1,55.2466
2022-04-11,6906.7351116,15284.819847888,1912.773952224,10.095,16.29,24.23625,8,15.97,93.0,195.57,0.81,0.0,-0.2684154730346844,-0.9633032408517924,114.8148148148148,14369.5,0.0,40.5,1.0,0.0,34377.0,37.693170908844095,71.44906683732341,33626.0,76.841978,10.495713,1011.82086,12.23,22.972498,0.0,0.002279985113723,0,spring,samcheonpo_coal,1,53.86948
2022-04-12,10574.614500624,16201.939128336,2216.866517712,15.95625,16.40875,27.937500000000004,8,16.01,92.89,132.81,1.03,0.0,0.7336112684497994,-0.6795693539319415,90.18446601941748,14369.5,0.0,40.5,1.0,0.0,34377.0,37.693170908844095,71.44906683732341,35542.0,120.386467,11.246759,1008.3603,20.78,67.980027,0.0,0.0033757266107639,1,spring,samcheonpo_coal,1,52.40644
2022-04-13,10564.83469584,16043.249373984,3183.345838368,16.115,16.3125,19.07375,8,12.05,74.09,27.77,6.49,0.0,0.4659234109142429,0.8848250534213176,11.416024653312787,14369.5,0.0,40.5,1.0,0.0,34377.0,37.693170908844095,71.44906683732341,35336.0,68.661985,16.418526,1010.1052,3.75,18.110585,0.0,0.0019393486945049,2,spring,samcheonpo_coal,1,50.5514
2022-04-14,9321.817679856,15974.639986175998,2774.577736512,10.575,17.43375,11.3325,8,11.21,70.14,32.33,7.92,0.0,0.5347948541826751,0.844981931132099,8.856060606060606,14369.5,0.0,40.5,1.0,0.0,34377.0,37.693170908844095,71.44906683732341,34955.0,83.22477,20.140705,1013.04913,7.84,32.71973,0.0,0.0023752564676523,3,spring,samcheonpo_coal,1,50.50504
2022-04-15,5877.23441472,10356.76175256,49137.218704944,7.9725,14.23125,117.6475,8,11.12,77.25,97.77,2.02,0.0,0.9908187651661832,-0.1351967994982131,38.242574257425744,14369.5,0.0,40.5,1.0,0.0,34377.0,37.693170908844095,71.44906683732341,27477.0,128.675767,17.727943,1012.77826,24.83,75.044367,0.0,0.0046612069230277,4,spring,samcheonpo_coal,1,53.6314
2022-04-16,6291.651290112,8179.817756400001,1210.1012697599997,7.78625,13.205,18.69,8,8.91,78.8,79.84,3.52,0.0,0.9843189965876524,0.1763975990672122,22.386363636363637,14369.5,0.0,40.5,1.0,0.0,34377.0,37.693170908844095,71.44906683732341,23224.0,144.289616,15.542662,1014.2288,25.62,88.554216,0.0,0.0061745903688734,5,spring,samcheonpo_coal,1,55.7354
2022-04-17,6428.112639839999,12394.609514064,5312.315695392,8.213750000000001,21.7825,19.36875,8,11.54,63.79,55.43,2.09,0.0,0.8234335779767454,0.5674126740392877,30.52153110047847,14369.5,0.0,40.5,1.0,0.0,34377.0,37.693170908844095,71.44906683732341,26456.0,143.521049,12.599998,1014.55884,26.25,88.15684900000001,0.0,0.0053956253097796,6,spring,samcheonpo_coal,1,55.3642
2022-04-18,8271.145652399999,17901.456946272,4265.82121464,9.38,22.12875,7.17375,8,13.61,51.35,44.23,2.06,0.0,0.6975403807879085,0.7165454746003631,24.92718446601942,14369.5,0.0,40.5,1.0,0.0,34377.0,37.693170908844095,71.44906683732341,37982.0,118.3075,13.755579,1014.00934,18.55,62.99814,0.0,0.0031051586657141,0,spring,samcheonpo_coal,1,55.30936
2022-04-19,6827.208885072,12905.628862752,84225.89777688,8.90875,17.7825,208.645,8,14.47,37.08,40.83,2.45,0.0,0.6538168760867856,0.7566528216719455,15.13469387755102,14369.5,0.0,40.5,1.0,0.0,34377.0,37.693170908844095,71.44906683732341,39588.0,140.26287100000002,15.546833,1013.6553,23.45,84.269631,0.0,0.0035305563562001,1,spring,samcheonpo_coal,1,55.99324
2022-04-20,6290.010370512,9852.351565104002,1877.834159712,7.94625,18.74875,31.37625,8,14.57,47.28,91.12,1.76,0.0,0.9998089500379678,-0.019546442744821,26.863636363636363,14369.5,0.0,40.5,1.0,0.0,34377.0,37.693170908844095,71.44906683732341,35630.0,143.44843199999997,11.090103,1013.12897,25.91,84.86947199999999,1.2204000000000002,0.0040099134494309,2,spring,samcheonpo_coal,1,57.35856
2022-04-21,6579.205563312,9921.8114136,4130.433615455999,9.42875,17.5625,26.9075,8,11.12,95.99,71.73,2.02,1.5,0.9495897535546935,0.3134952949310981,47.51980198019802,14369.5,0.0,40.5,1.0,0.0,34377.0,37.693170908844095,71.44906683732341,29561.0,76.725612,10.931203,1010.71027,7.71,18.635171999999997,0.1944,0.0025887820477336,3,spring,samcheonpo_coal,1,57.89604
2022-04-22,5522.764779071999,10240.589615615998,3664.964619504,7.89875,18.105,45.89125,8,14.32,86.99,78.14,1.96,0.0,0.978652704312051,0.2055210070593986,44.38265306122449,14369.5,0.0,40.5,1.0,0.0,34377.0,37.693170908844095,71.44906683732341,28512.0,143.234972,14.904173,1009.3912,25.06,82.785052,2.45304,0.0049985621175313,4,spring,samcheonpo_coal,1,57.99688
2022-04-23,5819.314639824001,9577.750777776,3140.690002992,7.76,17.1725,52.355,8,16.18,73.13,69.09,1.68,0.0,0.9341421975660468,0.3569010433250046,43.529761904761905,14369.5,0.0,40.5,1.0,0.0,34377.0,37.693170908844095,71.44906683732341,26537.0,103.04190699999998,15.03835,1009.34064,17.65,45.69006699999999,0.4356,0.0038679333673617,5,spring,samcheonpo_coal,1,56.916239999999995
2022-04-24,5034.733570656,10167.650701488,2992.7859265439997,6.11,21.60375,43.0825,8,15.63,91.75,146.1,0.88,0.0,0.5577451089796903,-0.8300122850953674,104.26136363636364,14369.5,0.0,40.5,1.0,0.0,34377.0,37.693170908844095,71.44906683732341,25456.0,139.302507,11.792404,1007.5134,24.2,81.800027,0.73224,0.0054425028562136,6,spring,samcheonpo_coal,1,56.77024
2022-04-25,6231.679387056,20530.840975056,1981.162162944,7.21375,25.09625,2.27,8,16.79,93.85,139.1,1.91,11.28,0.6547408137173398,-0.7558534691676395,49.13612565445026,14369.5,0.0,40.5,1.0,0.0,34377.0,37.693170908844095,71.44906683732341,43225.0,118.209318,16.039202,1008.3013,21.15,61.582598,0.3203999999999999,0.0027272857700204,0,spring,samcheonpo_coal,1,56.30632
2022-04-26,9027.538281071998,17185.60227168,2209.087997136,9.3525,17.4175,2.25,8,16.84,96.13,68.85,1.94,33.5,0.932639023143094,0.3608108264876419,49.551546391752574,14369.5,0.0,40.5,1.0,0.0,34377.0,37.693170908844095,71.44906683732341,47175.0,60.588444,17.782688,999.3377,3.64,5.416764,0.17208,0.0012826863387513,1,spring,samcheonpo_coal,1,54.9996
2022-04-27,11023.627237344,17376.81288192,2698.775798976,11.2525,17.33625,2.68375,8,14.51,61.87,127.05,2.06,0.0,0.7981100233340114,-0.6025117348681135,30.03398058252427,14369.5,0.0,40.5,1.0,0.0,34377.0,37.693170908844095,71.44906683732341,47697.0,124.18549,23.565567,1009.63403,25.55,69.61321,0.0,0.0025968718409536,2,spring,samcheonpo_coal,1,54.57228
2022-04-28,13198.415091264,17819.531645040002,2729.764577664,13.23625,17.3525,2.6487499999999997,8,15.35,55.57,71.78,4.04,0.0,0.9498629681973204,0.3126665022789878,13.754950495049505,14369.5,0.0,40.5,1.0,0.0,34377.0,37.693170908844095,71.44906683732341,47473.0,128.02065,13.797912,1013.15485,24.69,72.66625,0.0,0.0026894517859461,3,spring,samcheonpo_coal,1,55.3544
2022-04-29,8665.736287968002,11454.126069744,108946.448275104,10.70125,15.06,231.04375,8,11.28,74.41,46.49,3.18,6.0,0.725254219427144,0.688481166919709,23.399371069182383,14369.5,0.0,40.5,1.0,0.0,34377.0,37.693170908844095,71.44906683732341,39949.0,104.88721,23.598541,1010.92365,17.62,49.81901,0.0,0.0026186524531335,4,spring,samcheonpo_coal,1,55.0682
2022-04-30,6138.299367935998,9078.283974816,6367.439722176,7.5275,14.10625,138.6475,8,13.77,75.32,158.24,2.57,0.0,0.3707195397133166,-0.9287448642521512,29.30739299610895,14369.5,0.0,40.5,1.0,0.0,34377.0,37.693170908844095,71.44906683732341,28923.0,112.63869699999998,12.10157,1014.49286,24.67,56.59973699999999,0.0,0.0038793256168888,5,spring,samcheonpo_coal,1,56.03896
2022-05-01,3965.104191888,8885.199622032,2079.224509968,6.512499999999999,18.41625,32.901250000000005,8,14.29,33.39,298.42,6.54,0.0,-0.8794824951097235,0.4759312353644959,5.105504587155964,11586.935483870968,0.0,26.032258064516128,1.0,0.0,26654.870967741936,36.75134874579602,71.73681484108091,20963.0,143.695785,15.876775,1010.29834,27.4,88.344905,0.0,0.0068080663341971,6,spring,samcheonpo_coal,1,55.35088
2022-05-02,4395.137106672,11248.796331216,8527.455902736,7.4175,23.91,186.4525,8,12.7,63.85,33.85,6.29,0.0,0.5570205743376967,0.8304986934152893,10.151033386327503,11586.935483870968,0.0,26.032258064516128,1.0,0.0,26654.870967741936,36.75134874579602,71.73681484108091,25924.0,134.891079,13.891522,1010.06885,25.77,78.277919,1.50696,0.0051763936765791,0,spring,samcheonpo_coal,1,55.106199999999994
2022-05-03,4654.85364792,9191.542768991998,104299.902245808,8.145,17.97375,347.6425,8,11.9,65.35,85.7,2.04,0.0,0.9971851335251156,0.0749787268263277,32.03431372549019,11586.935483870968,0.0,26.032258064516128,1.0,0.0,26654.870967741936,36.75134874579602,71.73681484108091,25797.0,141.059704,15.1884165,1016.3294,27.41,86.12922400000001,1.52784,0.0054383290658493,1,spring,samcheonpo_coal,1,53.40264
2022-05-04,4376.420690688,7131.687695136,1021.987786608,7.9675,16.09875,41.22125,8,12.76,90.9,74.7,2.73,0.0,0.964557418457798,0.2638730499653727,33.2967032967033,11586.935483870968,0.0,26.032258064516128,1.0,0.0,26654.870967741936,36.75134874579602,71.73681484108091,22334.0,141.319515,12.4811535,1016.76276,27.76,87.34439499999999,1.6848,0.0062877644478283,2,spring,samcheonpo_coal,1,52.29032
2022-05-05,4036.543317072,7098.994177199999,987.962760576,9.09375,14.72875,65.36625000000001,8,15.19,82.03,105.42,1.53,0.0,0.9640026489279632,-0.2658926340835155,53.61437908496732,11586.935483870968,0.0,26.032258064516128,1.0,0.0,26654.870967741936,36.75134874579602,71.73681484108091,22507.0,138.751513,9.659814,1016.35626,27.55,86.660273,0.4931999999999999,0.0061270438704738,3,spring,samcheonpo_coal,1,51.59804
2022-05-06,4011.214639968,7138.444289328,928.229279616,9.36625,16.822499999999998,74.20750000000001,8,16.35,80.54,79.96,1.9,0.0,0.984686283732773,0.1743356608056448,42.38947368421053,11586.935483870968,0.0,26.032258064516128,1.0,0.0,26654.870967741936,36.75134874579602,71.73681484108091,22348.0,124.005394,10.30883,1013.4558,25.77,81.557754,0.0007199999999999,0.0055182166355793,4,spring,samcheonpo_coal,1,42.44692
2022-05-07,3040.2071105759996,6587.141267807999,1052.711988624,9.5125,14.42125,58.44625,8,16.13,74.57,127.89,4.45,0.0,0.7891912858085884,-0.6141474695899893,16.757303370786513,11586.935483870968,0.0,26.032258064516128,1.0,0.0,26654.870967741936,36.75134874579602,71.73681484108091,19796.0,119.669171,14.986553,1012.4417,24.2,77.36581100000001,0.0,0.0060087948826873,5,spring,samcheonpo_coal,1,42.30336
2022-05-08,3089.44803744,7066.661499072,1011.79880784,8.12625,17.205,40.5775,8,13.87,72.19,79.62,2.31,0.0,0.9836344239584563,0.1801758030477895,31.25108225108225,11586.935483870968,0.0,26.032258064516128,1.0,0.0,26654.870967741936,36.75134874579602,71.73681484108091,21847.0,117.932195,15.226764,1015.32086,19.99,75.694795,0.0,0.0053691126361339,6,spring,samcheonpo_coal,1,42.2374
2022-05-09,3743.02576872,14692.7952612,3382.575493824,8.125,36.95125,32.78875,8,15.67,43.34,89.6,1.51,0.0,0.9999756307053947,0.0069812602979616,28.70198675496689,11586.935483870968,0.0,26.032258064516128,1.0,0.0,26654.870967741936,36.75134874579602,71.73681484108091,25895.0,106.65609,15.119999,1014.30396,17.77,63.91229,0.0,0.0041018960342691,0,spring,samcheonpo_coal,1,42.7438
2022-05-10,3441.958791696,10986.667137936,7243.189293312,6.57625,38.7425,45.395,8,15.51,67.27,91.61,1.49,0.0,0.9996052265701636,-0.0280961031748491,45.147651006711406,11586.935483870968,0.0,26.032258064516128,1.0,0.0,26654.870967741936,36.75134874579602,71.73681484108091,26298.0,98.98405,15.30741,1013.44037,15.35,60.290409999999994,0.0,0.0037498242152402,1,spring,samcheonpo_coal,1,38.69364
2022-05-11,3469.872226464,8004.169651104,1082.2535136,14.0075,74.28,37.6275,8,18.21,79.23,69.94,1.29,0.0,0.9393339429507316,0.3430039994236679,61.418604651162795,11586.935483870968,0.0,26.032258064516128,1.0,0.0,26654.870967741936,36.75134874579602,71.73681484108091,22360.0,80.046227,8.587338,1011.6889,11.12,50.754147,0.0,0.0035671150669773,2,spring,samcheonpo_coal,1,29.29208
2022-05-12,4802.6135072160005,13314.599437248,7668.654409584001,12.80375,21.46625,39.26,8,17.9,86.98,211.91,2.06,0.0,-0.528586500185072,-0.848879444810685,42.22330097087379,11586.935483870968,0.0,26.032258064516128,1.0,0.0,26654.870967741936,36.75134874579602,71.73681484108091,27647.0,81.569718,11.090103,1007.7469,7.32,42.586198,0.0,0.0029417210779194,3,spring,samcheonpo_coal,1,38.98352
2022-05-13,6994.004490143999,15941.684604816,2264.7442525919996,8.70375,19.19875,29.13,8,16.83,92.0,213.73,2.43,0.0,-0.555279961530923,-0.8316634922384274,37.86008230452675,11586.935483870968,0.0,26.032258064516128,1.0,0.0,26654.870967741936,36.75134874579602,71.73681484108091,33283.0,63.435441,7.5942073,1004.61646,4.17,23.230361,0.0,0.0019023154997251,4,spring,samcheonpo_coal,1,40.20508
2022-05-14,3713.854351392,11031.071893632,6864.63510672,8.022499999999999,23.08,49.035,8,16.48,25.24,38.47,3.19,0.0,0.6221047786506828,0.7829339974608236,7.912225705329154,11586.935483870968,0.0,26.032258064516128,1.0,0.0,26654.870967741936,36.75134874579602,71.73681484108091,25069.0,119.44480199999998,15.042659,1007.86554,27.68,79.055962,0.0,0.0047420475118224,5,spring,samcheonpo_coal,1,40.388839999999995
2022-05-15,3092.4164856959997,9280.443743568,1407.238810992,4.505,32.401250000000005,30.64875,8,13.24,73.53,76.07,2.4,0.0,0.9705905654113182,0.2407362754853072,30.637500000000003,11586.935483870968,0.0,26.032258064516128,1.0,0.0,26654.870967741936,36.75134874579602,71.73681484108091,22160.0,118.364603,17.28,1010.2476,26.01,78.362123,0.0,0.0053129843733709,6,spring,samcheonpo_coal,1,40.002480000000006
2022-05-16,4661.885976336,9546.873836256,2049.3547076160003,7.45875,24.56875,29.36625,8,15.7,59.79,48.74,2.45,0.0,0.7517247184745591,0.6594770258578723,24.40408163265306,11586.935483870968,0.0,26.032258064516128,1.0,0.0,26654.870967741936,36.75134874579602,71.73681484108091,22380.0,118.227351,13.896187,1009.2732,27.5,84.283351,0.0,0.0052549629424357,0,spring,samcheonpo_coal,1,33.944
2022-05-17,4213.600767072,14752.135002096,2549.4744038400004,7.69625,35.46375,11.655,8,15.37,77.19,75.51,2.02,0.0,0.9681913251866732,0.2502110266020935,38.21287128712871,11586.935483870968,0.0,26.032258064516128,1.0,0.0,26654.870967741936,36.75134874579602,71.73681484108091,26370.0,119.791885,12.7279215,1011.07495,26.56,79.276005,0.0,0.0045221904920979,1,spring,samcheonpo_coal,1,40.51588
2022-05-18,6376.660937568,14731.085286,2311.653368448,13.135,22.4325,14.11,8,19.22,48.95,134.16,1.04,0.0,0.7173971459631786,-0.6966644349784807,47.06730769230769,11586.935483870968,0.0,26.032258064516128,1.0,0.0,26654.870967741936,36.75134874579602,71.73681484108091,32552.0,119.336863,14.88242,1014.8638,27.9,78.099303,0.0,0.003652647074113,2,spring,samcheonpo_coal,1,41.237559999999995
2022-05-19,6932.787728112,15176.875988592,2348.625210048,10.0325,22.83625,11.42875,8,16.29,73.91,95.08,1.39,0.0,0.9960720346911794,-0.0885466075362221,53.1726618705036,11586.935483870968,0.0,26.032258064516128,1.0,0.0,26654.870967741936,36.75134874579602,71.73681484108091,32606.0,93.741903,15.072783,1014.863,21.31,51.874743,0.0,0.0028667474892638,3,spring,samcheonpo_coal,1,41.867160000000005
2022-05-20,7559.922036239999,15542.919486144,2303.8356437280004,10.86,21.82625,13.25875,8,17.77,85.42,74.24,2.08,0.0,0.962407846499124,0.2716084258577387,41.06730769230769,11586.935483870968,0.0,26.032258064516128,1.0,0.0,26654.870967741936,36.75134874579602,71.73681484108091,32522.0,83.22651400000001,8.647496,1011.009,20.1,41.611234,0.1404,0.0025525513206989,4,spring,samcheonpo_coal,1,41.47488
2022-05-21,7477.78829184,14980.415767488,2353.971698064,9.6625,19.775,12.755,8,20.68,58.97,297.41,2.08,0.0,-0.887735051599993,0.4603547307900265,28.350961538461537,11586.935483870968,0.0,26.032258064516128,1.0,0.0,26654.870967741936,36.75134874579602,71.73681484108091,31478.0,111.983672,12.979984,1005.5742,26.07,70.353712,0.54216,0.0035449107274866,5,spring,samcheonpo_coal,1,41.0878
2022-05-22,6845.8357889280005,14298.229104336,7929.376106112,12.8675,20.88,383.85875,8,23.26,55.54,257.37,2.72,0.0,-0.9758024086333086,-0.2186542002922274,20.419117647058822,11586.935483870968,0.0,26.032258064516128,1.0,0.0,26654.870967741936,36.75134874579602,71.73681484108091,20324.0,117.40695200000002,18.79255,1004.1402,26.94,75.73559200000001,0.8827200000000001,0.0057435846894341,6,spring,samcheonpo_coal,1,40.78864
2022-05-23,7238.865893184,20991.533855904,53090.546745887994,10.44625,37.9075,168.6375,8,17.54,87.48,74.12,2.05,0.0,0.961836880762286,0.2736234909606185,42.67317073170732,11586.935483870968,0.0,26.032258064516128,1.0,0.0,26654.870967741936,36.75134874579602,71.73681484108091,24428.0,111.155473,9.83268,1008.68365,26.12,70.440633,0.22608,0.0045297187640504,0,spring,samcheonpo_coal,1,40.48876
2022-05-24,7907.505242688001,15341.229132192,2597.3936288640007,9.73625,19.63375,11.7175,8,19.48,70.85,110.73,0.9,0.0,0.9352588236142731,-0.3539645926524937,78.72222222222221,11586.935483870968,0.0,26.032258064516128,1.0,0.0,26654.870967741936,36.75134874579602,71.73681484108091,32696.0,114.28067,15.072783,1010.0035,27.64,73.18439,0.27288,0.0034830750504518,1,spring,samcheonpo_coal,1,40.8234
2022-05-25,7517.67396192,15324.982793423998,2538.568859184,13.945,19.59375,19.815,8,19.69,77.34,182.12,1.23,0.0,-0.0369925378826122,-0.9993155418290078,62.87804878048781,11586.935483870968,0.0,26.032258064516128,1.0,0.0,26654.870967741936,36.75134874579602,71.73681484108091,32545.0,115.528108,10.24578,1005.9803,27.06,73.56782799999999,1.19592,0.0035372394352589,2,spring,samcheonpo_coal,1,40.76436
2022-05-26,6783.158661408,15601.54281048,2671.402360608,13.7325,19.32375,36.17,8,20.8,47.01,273.45,4.23,0.0,-0.9981876932544916,0.060177479469293,11.113475177304965,11586.935483870968,0.0,26.032258064516128,1.0,0.0,26654.870967741936,36.75134874579602,71.73681484108091,32514.0,115.267531,15.5843,1001.2664,26.13,72.88877099999999,2.1866399999999997,0.0035326423092546,3,spring,samcheonpo_coal,1,40.19212
2022-05-27,7091.089061616,15330.472683984,2992.411936368,14.30125,28.41375,110.18875,8,21.53,59.22,321.73,6.89,0.0,-0.6193680389092173,0.7851007784849983,8.595065312046444,11586.935483870968,0.0,26.032258064516128,1.0,0.0,26654.870967741936,36.75134874579602,71.73681484108091,32517.0,120.910448,19.13426,999.1181,27.62,77.832688,3.26808,0.0037046013773657,4,spring,samcheonpo_coal,1,39.80968
2022-05-28,6293.58351408,10581.530105232,6360.397717104001,16.59,24.35125,269.03499999999997,8,18.66,64.14,133.11,0.98,0.0,0.7300430117299177,-0.6834012006313065,65.44897959183673,11586.935483870968,0.0,26.032258064516128,1.0,0.0,26654.870967741936,36.75134874579602,71.73681484108091,24711.0,101.610061,13.363711,1003.30804,25.46,61.306861,0.67392,0.0040950976439076,5,spring,samcheonpo_coal,1,39.62928
2022-05-29,5165.789099903999,9294.667885583998,2228.94387432,18.9375,25.625,224.03625,8,20.3,69.16,291.22,1.25,0.0,-0.932197513629581,0.3619499904445739,55.328,11586.935483870968,0.0,26.032258064516128,1.0,0.0,26654.870967741936,36.75134874579602,71.73681484108091,22314.0,117.188226,10.514218,1003.2343,27.07,77.826826,0.2052,0.0052243432144253,6,spring,samcheonpo_coal,1,39.1562
2022-05-30,7737.5241684,17068.808798064,4620.482224992,14.74,27.34875,232.57375,8,21.06,75.39,335.34,6.71,0.0,-0.4172327136617654,0.90879968235604,11.235469448584205,11586.935483870968,0.0,26.032258064516128,1.0,0.0,26654.870967741936,36.75134874579602,71.73681484108091,29577.0,91.945364,9.290511,998.39496,11.25,51.276724,0.7524,0.003099043894953,0,spring,samcheonpo_coal,1,39.916239999999995
2022-05-31,9819.282430224,15420.806129088,3040.032408048,18.30625,22.52125,317.17125,8,18.32,63.65,83.81,1.68,0.0,0.9941697982739056,0.1078258419861475,37.88690476190476,11586.935483870968,0.0,26.032258064516128,1.0,0.0,26654.870967741936,36.75134874579602,71.73681484108091,32539.0,128.89609099999998,14.759999,1004.0695,28.09,79.55477099999999,2.66904,0.0039456502078048,1,spring,samcheonpo_coal,1,46.67228
2022-06-01,5159.577732768,9007.723579104,12570.5945232,10.9625,21.825,382.66125,8,18.34,82.33,85.7,1.63,0.0,0.9971851335251156,0.0749787268263277,50.50920245398773,12683.433333333332,0.0,34.06666666666667,1.0,0.0,28677.566666666666,36.290780284705704,62.57790273930726,25859.0,121.933787,11.27553,1004.0803,25.04,72.44634699999999,0.41544,0.004693202638506,2,summer,samcheonpo_coal,1,49.072
2022-06-02,4087.915214112,11669.352483024,15664.232823984,13.7175,23.20375,266.76125,8,18.81,90.33,77.58,1.51,0.0,0.9765972620638246,0.2150762370171134,59.82119205298013,12683.433333333332,0.0,34.06666666666667,1.0,0.0,28677.566666666666,36.290780284705704,62.57790273930726,26640.0,128.065718,10.829958,1003.88947,27.91,77.88607800000001,0.82152,0.0047842723994017,3,summer,samcheonpo_coal,1,49.35812
2022-06-03,6050.132792784,9833.460797376,23514.371158464,17.08625,20.43625,139.05124999999998,8,18.98,84.33,124.75,1.14,0.0,0.8216469379421637,-0.569996762596303,73.97368421052632,12683.433333333332,0.0,34.06666666666667,1.0,0.0,28677.566666666666,36.290780284705704,62.57790273930726,26161.0,126.389153,11.966954,1006.3035,27.04,75.212913,0.87624,0.0048079766409809,4,summer,samcheonpo_coal,1,50.3
2022-06-04,4486.951499184,7661.861612208,1597.792223952,11.27875,15.1075,90.855,8,20.76,56.24,127.12,2.45,0.0,0.7973733209287036,-0.6034863603024767,22.955102040816325,12683.433333333332,0.0,34.06666666666667,1.0,0.0,28677.566666666666,36.290780284705704,62.57790273930726,22660.0,108.967206,13.202726,1008.17285,20.1,62.465326,0.53928,0.0047857772824796,5,summer,samcheonpo_coal,1,45.9626
2022-06-05,4817.24909424,7865.339250816,1660.921752672,8.05875,17.0225,101.05875,8,18.11,85.01,123.48,2.36,21.25,0.8340784336131712,-0.5516458706284302,36.02118644067797,12683.433333333332,0.0,34.06666666666667,1.0,0.0,28677.566666666666,36.290780284705704,62.57790273930726,22720.0,54.128379,19.862083,1000.00946,3.31,9.544459000000002,1.1376,0.0023767486552816,6,summer,samcheonpo_coal,1,43.44632
2022-06-06,4464.880231392,7613.716444704,1662.701228208,10.3325,12.685,89.03625,8,17.62,84.34,110.27,2.55,8.25,0.9380704611221872,-0.3464445265406961,33.07450980392157,12683.433333333332,0.0,34.06666666666667,1.0,0.0,28677.566666666666,36.290780284705704,62.57790273930726,22362.0,102.13579,21.980644,995.8227,18.71,58.53491,0.76752,0.0045466155900582,0,summer,samcheonpo_coal,1,42.83336
2022-06-07,5489.508230207999,7513.540046352,1601.87233392,13.00875,13.32625,113.52,8,16.47,83.75,84.98,4.32,0.0,0.9961642143072528,0.0875034749802171,19.386574074074073,12683.433333333332,0.0,34.06666666666667,1.0,0.0,28677.566666666666,36.290780284705704,62.57790273930726,21936.0,73.136582,12.7279215,1004.0384,13.97,40.643542,0.58392,0.0033230100475551,1,summer,samcheonpo_coal,1,31.90912
2022-06-08,6107.238420336,10070.288395776,17956.354741344,16.32875,24.643749999999997,203.32125,8,16.48,84.08,90.08,2.0,0.5,0.9999990252244152,-0.0013962629479141,42.04,12683.433333333332,0.0,34.06666666666667,1.0,0.0,28677.566666666666,36.290780284705704,62.57790273930726,22106.0,87.51444599999999,10.296251,1008.48444,14.03,38.800045999999995,0.1454399999999999,0.0039432441496787,2,summer,samcheonpo_coal,1,48.56896
2022-06-09,3023.6007021120004,8349.747741504001,1151.720237376,14.59,21.633750000000003,87.56375,8,16.93,88.79,85.23,1.72,0.0,0.9965365362667312,0.083156069444783,51.62209302325582,12683.433333333332,0.0,34.06666666666667,1.0,0.0,28677.566666666666,36.290780284705704,62.57790273930726,20455.0,124.400742,9.826088,1010.20905,24.89,73.65270199999999,0.2217599999999999,0.0060449156688082,3,summer,samcheonpo_coal,1,50.52628
2022-06-10,3194.703150048,8288.24350824,1231.351337808,7.84125,24.827499999999997,74.43875,8,18.75,82.02,74.58,2.55,0.0,0.9640026489279632,0.2658926340835154,32.16470588235294,12683.433333333332,0.0,34.06666666666667,1.0,0.0,28677.566666666666,36.290780284705704,62.57790273930726,20883.0,106.296277,8.427383,1010.6412,22.41,57.986117,0.1512,0.005064308759912,4,summer,samcheonpo_coal,1,48.15896
2022-06-11,3088.083627504,8103.1385154240015,1205.120874384,8.328750000000001,19.11125,69.98,8,19.25,88.72,66.55,2.75,0.0,0.9174076993574882,0.3979486313076105,32.26181818181818,12683.433333333332,0.0,34.06666666666667,1.0,0.0,28677.566666666666,36.290780284705704,62.57790273930726,20447.0,86.26342700000001,11.770403,1008.4963,14.72,43.490267,0.35352,0.0042011552282804,5,summer,samcheonpo_coal,1,42.41964
2022-06-12,2895.4620469440006,8213.262289920001,1289.000834208,9.83,23.145,63.95,8,19.37,76.87,107.35,3.16,0.0,0.9545009274565264,-0.2982079467160982,24.325949367088608,12683.433333333332,0.0,34.06666666666667,1.0,0.0,28677.566666666666,36.290780284705704,62.57790273930726,20545.0,107.18014100000002,13.479583,1009.715,22.51,63.762541000000006,0.56016,0.005189773683371,6,summer,samcheonpo_coal,1,42.85744
2022-06-13,2889.7056120959996,16343.6705352,2590.6129858080003,8.105,33.58125,55.3375,8,18.14,84.29,49.99,6.13,0.25,0.765932243850223,0.6429212998731357,13.75040783034258,12683.433333333332,0.0,34.06666666666667,1.0,0.0,28677.566666666666,36.290780284705704,62.57790273930726,24728.0,74.95625899999999,16.29174,1006.4903,8.05,28.359938999999997,0.70272,0.0030220695556321,0,summer,samcheonpo_coal,1,45.8936
2022-06-14,3867.881024016,14858.604680832,1974.274398,8.47875,20.93125,199.97625,8,16.03,92.38,39.0,3.63,1.25,0.6293203910498374,0.7771459614569709,25.449035812672175,12683.433333333332,0.0,34.06666666666667,1.0,0.0,28677.566666666666,36.290780284705704,62.57790273930726,31726.0,62.57579200000001,19.35314,1004.23486,3.47,15.200752,1.95192,0.0019684993882534,1,summer,samcheonpo_coal,1,45.42312
2022-06-15,5122.983405744,13327.965152208,2070.438769872,14.9125,20.96125,417.18500000000006,8,19.43,91.33,81.5,1.86,0.5,0.9890158633619168,0.1478094111296105,49.10215053763441,12683.433333333332,0.0,34.06666666666667,1.0,0.0,28677.566666666666,36.290780284705704,62.57790273930726,29583.0,42.351773,16.92383,1004.0888,17.61,40.660493,1.69128,0.0014295787379847,2,summer,samcheonpo_coal,1,0.0
2022-06-16,3738.61034496,6365.6478393120005,2172.869868528,12.2375,15.25625,339.19625,8,20.04,87.4,87.22,2.79,0.0,0.9988231282767742,0.0485011177128808,31.326164874551974,12683.433333333332,0.0,34.06666666666667,1.0,0.0,28677.566666666666,36.290780284705704,62.57790273930726,20563.0,73.852998,16.870138,1004.8215,26.37,72.905478,0.94752,0.0035786947751751,3,summer,samcheonpo_coal,1,0.0
2022-06-17,3894.31575576,6598.087326,3226.577110416,13.43625,14.39,216.02625,8,21.96,87.2,118.65,1.02,0.0,0.8775649037187093,-0.4794578602559065,85.49019607843137,12683.433333333332,0.0,34.06666666666667,1.0,0.0,28677.566666666666,36.290780284705704,62.57790273930726,21274.0,64.823097,11.620809,1005.52466,21.58,64.15709700000001,0.666,0.0030378009464408,4,summer,samcheonpo_coal,1,0.0
2022-06-18,3827.436536592,6496.902285695999,1286.952640992,9.61875,12.445,150.66125,8,23.1,81.05,135.05,1.85,0.0,0.7064894449438368,-0.7077235789366845,43.81081081081081,12683.433333333332,0.0,34.06666666666667,1.0,0.0,28677.566666666666,36.290780284705704,62.57790273930726,21524.0,71.803876,11.988594,1004.30646,24.22,70.829716,0.97416,0.0033248994301063,5,summer,samcheonpo_coal,1,0.0
2022-06-19,3439.3189263840004,6512.998173552,1277.853611616,7.365,13.21,130.06875,8,23.0,89.01,234.11,1.3,0.0,-0.8101439693903143,-0.5862309688685046,68.46923076923078,12683.433333333332,0.0,34.06666666666667,1.0,0.0,28677.566666666666,36.290780284705704,62.57790273930726,21200.0,72.494528,10.028439,1004.6357,24.26,71.780288,0.71424,0.003407899713152,6,summer,samcheonpo_coal,1,0.0
2022-06-20,5445.637869888,12491.682775344,10956.243757968,13.16625,46.15875,92.4175,8,23.66,84.84,199.44,1.18,0.0,-0.3328195445229867,-0.9429905358928644,71.89830508474577,12683.433333333332,0.0,34.06666666666667,1.0,0.0,28677.566666666666,36.290780284705704,62.57790273930726,28288.0,51.309478,10.703569,1001.81696,20.28,51.135238,0.17424,0.0018105408686768,0,summer,samcheonpo_coal,1,0.0
2022-06-21,8810.904856895999,16048.7746236,2446.6038563519996,12.31375,28.0525,81.67500000000001,8,23.44,87.01,135.14,1.04,0.0,0.7053768842065835,-0.7088324563865653,83.66346153846155,12683.433333333332,0.0,34.06666666666667,1.0,0.0,28677.566666666666,36.290780284705704,62.57790273930726,39237.0,55.872761999999994,11.113451,1000.4097,20.29,55.451562,0.4211999999999999,0.001421956657087,1,summer,samcheonpo_coal,1,0.0
2022-06-22,10279.176958224,17423.21147544,2805.518130192,11.6075,19.19375,3.10125,8,22.87,90.56,234.32,4.01,0.0,-0.8122871717218969,-0.583257705183602,22.58354114713217,12683.433333333332,0.0,34.06666666666667,1.0,0.0,28677.566666666666,36.290780284705704,62.57790273930726,44352.0,73.033639,12.096214,1004.1762,25.97,71.042839,1.9908,0.001643974872219,2,summer,samcheonpo_coal,1,0.0
2022-06-23,9807.062436864002,14922.752276591998,2408.6271972960003,11.4675,17.1125,2.7525,8,22.88,95.0,264.48,6.28,0.0,-0.995362681245744,-0.0961932054943771,15.127388535031846,12683.433333333332,0.0,34.06666666666667,1.0,0.0,28677.566666666666,36.290780284705704,62.57790273930726,45190.0,20.143598,18.86139,1001.6023,5.91,14.577998,5.565600000000001,0.0004455548334266,3,summer,samcheonpo_coal,1,0.0
2022-06-24,8651.847987792,16545.093374448,2380.9355651520004,10.13,18.8875,2.73,8,23.48,90.23,259.56,4.34,9.75,-0.9834452049953296,-0.1812057636271377,20.790322580645164,12683.433333333332,0.0,34.06666666666667,1.0,0.0,28677.566666666666,36.290780284705704,62.57790273930726,42947.0,30.944175,27.748037,996.6578,12.3,27.925935,3.0182399999999996,0.0007200012842401,4,summer,samcheonpo_coal,1,0.0
2022-06-25,5248.4334792479995,11079.353989152,6498.4826975040005,8.526250000000001,17.95375,26.4975,8,22.6,95.01,240.32,5.67,0.0,-0.8688044092160554,-0.4951554286552264,16.756613756613756,12683.433333333332,0.0,34.06666666666667,1.0,0.0,28677.566666666666,36.290780284705704,62.57790273930726,27784.0,37.579952000000006,15.072783,1003.21027,12.4,35.491952000000005,2.088,0.0013507483063447,5,summer,samcheonpo_coal,1,0.0
2022-06-26,4155.89295744,9271.313801712,1745.915804496,8.22625,13.985,26.612499999999997,8,23.49,98.0,224.95,2.84,0.25,-0.7064894449438369,-0.7077235789366844,34.50704225352113,12683.433333333332,0.0,34.06666666666667,1.0,0.0,28677.566666666666,36.290780284705704,62.57790273930726,22720.0,38.551447,15.876775,1007.8836,12.31,36.050167,2.5012800000000004,0.0016939323704225,6,summer,samcheonpo_coal,1,0.0
2022-06-27,6008.655515327998,21518.280443376,6050.073471984,8.18375,32.472500000000004,10.89,8,22.93,100.0,228.3,7.65,5.75,-0.7466381822853915,-0.6652303546543606,13.0718954248366,12683.433333333332,0.0,34.06666666666667,1.0,0.0,28677.566666666666,36.290780284705704,62.57790273930726,35897.0,23.640812,18.888851,1007.9377,5.2,16.212572,7.42824,0.0006581400405335,0,summer,samcheonpo_coal,1,0.0
2022-06-28,10808.037008208,17062.659404064,2672.17134192,11.79875,18.06125,2.85625,8,23.03,99.0,224.49,7.9,2.69,-0.7007847679377337,-0.7133727700343326,12.531645569620252,12683.433333333332,0.0,34.06666666666667,1.0,0.0,28677.566666666666,36.290780284705704,62.57790273930726,45848.0,35.316688,19.493261,1004.72186,10.31,24.641968,10.67472,0.0007697065196953,1,summer,samcheonpo_coal,1,0.0
2022-06-29,9756.062923248002,16293.461906304,2458.311866064,11.17,18.1275,2.765,8,23.16,99.0,242.43,7.89,13.38,-0.8864460389779903,-0.4628319565244292,12.547528517110267,12683.433333333332,0.0,34.06666666666667,1.0,0.0,28677.566666666666,36.290780284705704,62.57790273930726,42912.0,19.621753,18.532133,1004.8754,12.41,12.660073,6.96168,0.0004570466290067,2,summer,samcheonpo_coal,1,0.0
2022-06-30,9411.422605344,16312.740344928,2409.976430208,10.97375,18.59375,2.76,8,24.51,95.07,168.42,1.16,0.75,0.2007359726350106,-0.9796453793543234,81.95689655172414,12683.433333333332,0.0,34.06666666666667,1.0,0.0,28677.566666666666,36.290780284705704,62.57790273930726,41780.0,62.512879,15.745627,1009.1401,19.59,60.244879,2.268,0.0014940039375927,3,summer,samcheonpo_coal,1,0.0
2022-07-01,10130.051647152,16332.873965712,2442.4341768000004,11.61,18.2225,2.73875,8,23.63,92.93,104.74,1.14,0.0,0.9670903606075476,-0.2544331629720541,81.51754385964914,16071.90322580645,0.0,27.806451612903224,1.0,0.0,36910.032258064515,36.73523223426449,73.29221574517287,42415.0,69.977207,8.404285,1011.5757,26.0,69.928967,0.04824,0.0016471047320809,4,summer,samcheonpo_coal,1,0.0
2022-07-02,6015.325876416,10423.313944991998,21051.8941356,9.34375,14.75,102.1425,8,24.61,87.74,64.84,1.27,0.0,0.9051240819620016,0.4251474994074925,69.08661417322834,16071.90322580645,0.0,27.806451612903224,1.0,0.0,36910.032258064515,36.73523223426449,73.29221574517287,26842.0,61.04698199999999,9.659814,1009.7305,23.48,60.926022,0.12096,0.002269147507375,5,summer,samcheonpo_coal,1,0.0
2022-07-03,4785.7489356959995,9395.252046,1878.353489376,8.55875,13.0125,135.14249999999998,8,25.74,81.79,71.08,2.13,0.0,0.9459722326819836,0.3242476445475946,38.399061032863855,16071.90322580645,0.0,27.806451612903224,1.0,0.0,36910.032258064515,36.73523223426449,73.29221574517287,21840.0,62.767324,6.9153743,1006.2874,9.45,62.726284,0.04104,0.0028657257355431,6,summer,samcheonpo_coal,1,0.0
2022-07-04,7534.195252704,22039.781691168,15184.201961808,9.3375,29.85625,24.88125,8,26.15,83.24,241.38,1.77,0.0,-0.8778158269611216,-0.4789983026447612,47.028248587570616,16071.90322580645,0.0,27.806451612903224,1.0,0.0,36910.032258064515,36.73523223426449,73.29221574517287,36300.0,46.108863,7.2359104,1002.5408,16.13,46.039023,0.06984,0.0012686052081613,0,summer,samcheonpo_coal,1,0.0
2022-07-05,9490.002486912,16913.036944800002,2867.526132768,10.47875,18.28375,3.115,8,26.19,86.98,166.92,1.19,0.0,0.226311311886086,-0.9740550241708108,73.09243697478992,16071.90322580645,0.0,27.806451612903224,1.0,0.0,36910.032258064515,36.73523223426449,73.29221574517287,43536.0,62.479389999999995,9.585739,1002.01764,9.79,61.77235,0.70704,0.0014330635121721,1,summer,samcheonpo_coal,1,0.0
2022-07-06,9523.486891728002,16810.998111648,2591.8845481440003,10.6175,18.3,2.8275,8,26.72,91.01,183.59,3.35,0.0,-0.0626163300495036,-0.9980376722404478,27.16716417910448,16071.90322580645,0.0,27.806451612903224,1.0,0.0,36910.032258064515,36.73523223426449,73.29221574517287,43323.0,65.967051,9.511088,1005.3896,11.79,65.589771,0.3772799999999999,0.0015203646337664,2,summer,samcheonpo_coal,1,0.0
2022-07-07,9967.418655696,17478.022641839998,2761.4829042720003,10.7425,18.28625,2.88625,8,25.51,96.0,233.85,4.16,0.0,-0.80747540548474,-0.5899012371043604,23.076923076923077,16071.90322580645,0.0,27.806451612903224,1.0,0.0,36910.032258064515,36.73523223426449,73.29221574517287,45501.0,66.12308,14.561099,1005.0286,16.67,63.28844,2.83464,0.0014511137752521,3,summer,samcheonpo_coal,1,0.0
2022-07-08,8348.902088543999,16104.295472544,2182.088448,9.53875,18.08125,2.44375,8,24.67,97.0,165.97,1.0,20.5,0.2424299080685702,-0.9701689232674198,97.0,16071.90322580645,0.0,27.806451612903224,1.0,0.0,36910.032258064515,36.73523223426449,73.29221574517287,42387.0,10.355856,13.32,1000.2714,12.27,9.715056,0.6407999999999999,0.0002442571191272,4,summer,samcheonpo_coal,1,0.0
2022-07-09,7905.185869536,15810.032384784,2495.238034752,9.355,18.3425,2.86875,8,24.59,86.98,74.17,1.98,0.0,0.9620752960330694,0.2727840258572372,43.929292929292934,16071.90322580645,0.0,27.806451612903224,1.0,0.0,36910.032258064515,36.73523223426449,73.29221574517287,40753.0,65.05814400000001,11.457958,998.46436,19.33,64.84430400000001,0.21384,0.0015938569093729,5,summer,samcheonpo_coal,1,0.0
2022-07-10,5462.3272085280005,9536.244838704,18368.967107663997,9.385,14.80375,99.6975,8,24.88,89.0,220.86,1.89,0.0,-0.6542129689358613,-0.7563103802514717,47.089947089947096,16071.90322580645,0.0,27.806451612903224,1.0,0.0,36910.032258064515,36.73523223426449,73.29221574517287,23647.0,68.602827,13.684735,1002.28094,20.07,67.423467,1.17936,0.0028927296303805,6,summer,samcheonpo_coal,1,0.0
2022-07-11,7295.877795168,19781.180430768,13686.562338768,9.43875,28.2475,22.4925,8,24.77,95.0,221.27,1.33,26.5,-0.6596082165268567,-0.7516096065712966,71.42857142857143,16071.90322580645,0.0,27.806451612903224,1.0,0.0,36910.032258064515,36.73523223426449,73.29221574517287,34794.0,33.077544,11.269782,1002.74347,8.04,33.001224,0.07632,0.0009497651348497,0,summer,samcheonpo_coal,1,0.0
2022-07-12,9779.57011944,17015.5470456,2124.03455352,10.68125,18.16625,2.2575,8,24.22,81.09,111.17,2.18,0.0,0.9325130195880528,-0.3611363569329068,37.19724770642202,16071.90322580645,0.0,27.806451612903224,1.0,0.0,36910.032258064515,36.73523223426449,73.29221574517287,44386.0,47.557315,9.693296,1005.0251,9.68,47.09003499999999,0.46728,0.0010703017690628,1,summer,samcheonpo_coal,1,0.0
2022-07-13,9263.342840112,16363.854760752,2017.34609688,10.5725,18.25125,2.24,8,24.96,87.92,81.72,1.6,0.0,0.9895761186026508,0.1440107825522521,54.95,16071.90322580645,0.0,27.806451612903224,1.0,0.0,36910.032258064515,36.73523223426449,73.29221574517287,42722.0,28.337002999999996,16.1198,1003.02,6.01,28.236922999999997,0.10008,0.0006628486460355,2,summer,samcheonpo_coal,1,0.0
2022-07-14,7981.41754296,15482.306744064,1866.005601552,9.45,17.89875,2.1325000000000003,8,26.62,80.23,106.98,1.81,0.0,0.9564067546772876,-0.2920378735843325,44.32596685082873,16071.90322580645,0.0,27.806451612903224,1.0,0.0,36910.032258064515,36.73523223426449,73.29221574517287,41907.0,39.544547,16.263872,996.6697,19.77,39.340787,0.20376,0.0009427367004138,3,summer,samcheonpo_coal,1,0.0
2022-07-15,8409.242582208,15599.011638528,1987.135447536,10.005,18.0925,2.2875,8,24.24,90.97,75.25,1.45,0.0,0.9670459389139432,0.2546019482055276,62.73793103448276,16071.90322580645,0.0,27.806451612903224,1.0,0.0,36910.032258064515,36.73523223426449,73.29221574517287,40714.0,66.528655,10.538843,996.3051,25.45,66.188095,0.34056,0.001631382848487,4,summer,samcheonpo_coal,1,0.0
2022-07-16,4410.74359584,7214.425812144001,10924.960333104,8.06625,11.55375,211.1325,8,26.19,69.42,323.81,4.92,0.0,-0.5904648174814034,0.8070633799873793,14.109756097560975,16071.90322580645,0.0,27.806451612903224,1.0,0.0,36910.032258064515,36.73523223426449,73.29221574517287,21285.0,68.453686,18.11841,995.24896,23.6,67.861126,0.59256,0.0032057430618298,5,summer,samcheonpo_coal,1,0.0
2022-07-17,3991.841191872,7202.294426159998,2069.540394336,6.109999999999999,9.77375,276.1375,8,24.91,89.22,106.91,1.47,0.0,0.9567628323805502,-0.2908691846434532,60.69387755102041,16071.90322580645,0.0,27.806451612903224,1.0,0.0,36910.032258064515,36.73523223426449,73.29221574517287,20866.0,54.231902,16.454008,997.8488,14.08,53.769662,0.46224,0.0025923183956108,6,summer,samcheonpo_coal,1,0.0
2022-07-18,5455.876508496,15554.01496536,52601.234888592,7.73625,26.18375,130.325,8,23.34,97.88,129.82,1.34,37.25,0.7680600363549533,-0.6403778420233072,73.04477611940298,16071.90322580645,0.0,27.806451612903224,1.0,0.0,36910.032258064515,36.73523223426449,73.29221574517287,31425.0,4.938321,13.910169,996.7845,2.18,4.8720810000000006,0.06624,0.0001571215619185,0,summer,samcheonpo_coal,1,0.0
2022-07-19,9074.334036384,16358.705415072,1924.62497208,10.30875,18.41125,2.18125,8,24.61,85.67,165.79,1.5,0.0,0.2454765822744368,-0.9694025209142288,57.11333333333334,16071.90322580645,0.0,27.806451612903224,1.0,0.0,36910.032258064515,36.73523223426449,73.29221574517287,43067.0,62.101552000000005,10.195057,998.08466,22.57,61.449952,0.6516000000000001,0.0014398990418366,1,summer,samcheonpo_coal,1,0.0
2022-07-20,9763.460731583998,16884.557778528,2045.746480608,10.9025,18.62,2.2625,8,25.56,78.46,192.84,1.41,0.0,-0.2222292262513965,-0.9749944466507005,55.645390070921984,16071.90322580645,0.0,27.806451612903224,1.0,0.0,36910.032258064515,36.73523223426449,73.29221574517287,43738.0,65.72429600000001,9.726664,1003.21747,23.46,65.466536,0.25776,0.0015004271224947,2,summer,samcheonpo_coal,1,0.0
2022-07-21,7763.553674496,16516.743765408002,1896.916884768,8.78625,18.6075,2.14,8,24.6,76.73,330.99,6.98,1.5,-0.4849622627974132,0.8745350785774192,10.992836676217763,16071.90322580645,0.0,27.806451612903224,1.0,0.0,36910.032258064515,36.73523223426449,73.29221574517287,43346.0,51.66580499999999,23.469128,999.22394,14.16,46.929644999999994,4.73616,0.0011905203665135,3,summer,samcheonpo_coal,1,0.0
2022-07-22,9359.354023632,15696.202687632,2035.289438784,10.88125,17.9625,2.32125,8,24.15,85.61,231.64,2.72,0.0,-0.7841269092655714,-0.6206005077065458,31.47426470588235,16071.90322580645,0.0,27.806451612903224,1.0,0.0,36910.032258064515,36.73523223426449,73.29221574517287,42017.0,71.98365999999999,14.154915,1002.2187,19.07,69.86974,2.11392,0.0017102731817307,4,summer,samcheonpo_coal,1,0.0
2022-07-23,5951.95361712,9730.03247064,4549.427597952,10.7175,19.87875,144.68,8,23.19,91.03,122.83,2.41,0.75,0.8402828505299581,-0.5421482556508396,37.77178423236514,16071.90322580645,0.0,27.806451612903224,1.0,0.0,36910.032258064515,36.73523223426449,73.29221574517287,21927.0,39.661674,13.237039,1002.9505,12.73,39.231114,0.43056,0.0018055394392013,5,summer,samcheonpo_coal,1,0.0
2022-07-24,5679.091608479999,9402.362138736,2356.847296272,8.62125,14.1275,131.81375,8,25.15,85.0,231.29,2.32,8.5,-0.7803212700224793,-0.6253788576139306,36.63793103448276,16071.90322580645,0.0,27.806451612903224,1.0,0.0,36910.032258064515,36.73523223426449,73.29221574517287,21434.0,68.307342,23.532547,999.6861,20.41,66.55126200000001,1.75608,0.0031767447517865,6,summer,samcheonpo_coal,1,0.0
2022-07-25,7777.954153152,21873.330550368,8856.004574592,9.6775,29.6775,13.4775,8,28.06,73.41,225.39,5.66,0.0,-0.7119034863205648,-0.7022773142887541,12.969964664310954,16071.90322580645,0.0,27.806451612903224,1.0,0.0,36910.032258064515,36.73523223426449,73.29221574517287,36868.0,71.599965,10.948973,1004.8527,21.82,71.242845,0.35712,0.0019382983320837,0,summer,samcheonpo_coal,1,0.0
2022-07-26,10235.650375008,17117.20866456,2181.625547616,11.19,18.24,2.32375,8,23.97,86.78,71.66,2.53,0.0,0.9492060382031662,0.3146552034189955,34.300395256917,16071.90322580645,0.0,27.806451612903224,1.0,0.0,36910.032258064515,36.73523223426449,73.29221574517287,44966.0,57.645606,10.30883,1006.9886,19.44,57.433206,0.2124,0.0012803407015161,1,summer,samcheonpo_coal,1,0.0
2022-07-27,9117.213244128,15495.77490984,2240.07087312,10.905,18.19625,2.61625,8,25.3,82.0,80.5,1.43,0.0,0.9862856015372314,0.1650476058606776,57.34265734265735,16071.90322580645,0.0,27.806451612903224,1.0,0.0,36910.032258064515,36.73523223426449,73.29221574517287,40943.0,65.45059299999998,11.901798,1007.0948,22.54,65.16475299999999,0.28584,0.0015960269664802,2,summer,samcheonpo_coal,1,0.0
2022-07-28,10940.668397856,17319.509336592,2589.326505504,11.99,18.41,2.76375,8,25.65,91.09,49.53,1.58,0.0,0.7607459115526095,0.6490498116908973,57.651898734177216,16071.90322580645,0.0,27.806451612903224,1.0,0.0,36910.032258064515,36.73523223426449,73.29221574517287,44344.0,41.431514,11.246759,1008.04584,14.23,41.356634,0.07488,0.0009334484894425,3,summer,samcheonpo_coal,1,0.0
2022-07-29,10996.725883824,16959.180541104,2279.03901192,12.1325,18.1975,2.475,8,28.2,71.05,95.35,4.5,0.0,0.9956437105068296,-0.0932394858855001,15.788888888888888,16071.90322580645,0.0,27.806451612903224,1.0,0.0,36910.032258064515,36.73523223426449,73.29221574517287,43704.0,68.586828,12.181624,1008.5581,20.57,68.113068,0.47376,0.0015668899868656,4,summer,samcheonpo_coal,1,0.0
2022-07-30,11400.977136096,16844.592017952,2326.998763152,12.80875,18.44875,2.58,8,27.52,81.96,99.67,5.55,0.0,0.9857915547995658,-0.1679732433629078,14.767567567567568,16071.90322580645,0.0,27.806451612903224,1.0,0.0,36910.032258064515,36.73523223426449,73.29221574517287,41962.0,44.224594,16.65754,1005.60895,6.03,42.959554,1.26504,0.0010528104924315,5,summer,samcheonpo_coal,1,0.0
2022-07-31,6023.315371104,10240.610629536002,2165.112735552,10.13625,19.0525,11.43375,8,28.21,79.69,195.11,8.67,14.5,-0.26067301143655,-0.9654271495605458,9.191464821222606,16071.90322580645,0.0,27.806451612903224,1.0,0.0,36910.032258064515,36.73523223426449,73.29221574517287,31252.0,14.584954,22.218153,1003.0712,3.64,7.187674,7.397279999999999,0.000466470963217,6,summer,samcheonpo_coal,1,0.0
2022-08-01,8110.588964112,18457.047211535995,3219.5291699520003,9.90625,23.1775,4.18375,8,25.62,94.68,212.59,8.62,2.5,-0.5386237411204703,-0.8425464174165056,10.983758700696058,18548.58064516129,0.0,37.225806451612904,1.0,0.0,42640.354838709674,36.383786236118894,84.28919023399763,39737.0,29.846606,29.519999,1003.24677,11.82,20.434046,9.41256,0.000750539923261,0,summer,samcheonpo_coal,1,0.0
2022-08-02,9899.74420632,17106.0789204,2249.777600064,10.99875,18.30875,2.46625,8,25.31,96.98,114.66,1.05,13.0,0.90879968235604,-0.4172327136617651,92.36190476190475,18548.58064516129,0.0,37.225806451612904,1.0,0.0,42640.354838709674,36.383786236118894,84.28919023399763,43175.0,14.896738,17.015474,1007.3538,6.88,14.896738,0.0,0.0003449125634721,1,summer,samcheonpo_coal,1,0.0
2022-08-03,9914.215871088,17297.924068656,2199.653206128,10.8875,18.36,2.38375,8,25.81,96.0,241.48,0.93,6.0,-0.8786504992963227,-0.4774654962259816,103.2258064516129,18548.58064516129,0.0,37.225806451612904,1.0,0.0,42640.354838709674,36.383786236118894,84.28919023399763,43525.0,27.568077,12.413477,1008.25415,13.88,27.568077,0.0,0.0006329839597807,2,summer,samcheonpo_coal,1,0.0
2022-08-04,10543.300884144,17582.03739144,2170.9879755839997,11.275,18.14875,2.2887500000000003,8,27.32,89.72,51.11,1.41,0.0,0.7783527369015123,0.6278272190323746,63.63120567375887,18548.58064516129,0.0,37.225806451612904,1.0,0.0,42640.354838709674,36.383786236118894,84.28919023399763,44381.0,67.351488,12.261157,1006.74005,19.53,67.351488,0.0,0.0015152752744538,3,summer,samcheonpo_coal,1,0.0
2022-08-05,10076.922267696002,17189.662845888,2445.482401488,11.1075,18.34125,2.64,8,27.47,88.04,248.91,1.42,0.0,-0.9330163519114588,-0.3598339715283051,62.00000000000001,18548.58064516129,0.0,37.225806451612904,1.0,0.0,42640.354838709674,36.383786236118894,84.28919023399763,43910.0,53.269304,12.496718,1004.01025,18.68,53.269304,0.0,0.0012116774944931,4,summer,samcheonpo_coal,1,0.0
2022-08-06,12227.92891416,17893.033995888003,3186.420110064,12.855,17.915,3.395,8,27.45,90.75,128.7,1.21,0.0,0.78043040733833,-0.6252426563357049,75.0,18548.58064516129,0.0,37.225806451612904,1.0,0.0,42640.354838709674,36.383786236118894,84.28919023399763,46370.0,68.333795,10.1887,1003.174,21.38,68.333795,0.0,0.0014714954094101,5,summer,samcheonpo_coal,1,0.0
2022-08-07,13046.147651232,17635.907601792,3304.657657872,13.98125,17.9775,3.67375,8,28.1,84.9,236.16,5.48,0.0,-0.8305958991958127,-0.5568756164881878,15.492700729927009,18548.58064516129,0.0,37.225806451612904,1.0,0.0,42640.354838709674,36.383786236118894,84.28919023399763,45270.0,61.855192,13.044722,1004.89844,18.99,61.855192,0.0,0.0013644972555836,6,summer,samcheonpo_coal,1,0.0
2022-08-08,13604.640245136,18270.331980336,3115.085152464,14.15875,17.87,3.24,8,27.5,82.0,232.87,4.8,0.0,-0.7972679805447668,-0.6036255190083247,17.083333333333336,18548.58064516129,0.0,37.225806451612904,1.0,0.0,42640.354838709674,36.383786236118894,84.28919023399763,47060.0,48.859328,16.375053,1005.9837,16.1,48.859328,0.0,0.0010371579506905,0,summer,samcheonpo_coal,1,0.0
2022-08-09,13946.578862544,18881.217439056003,2997.526239648,14.2175,18.05875,2.94875,8,27.7,79.89,236.62,3.77,0.0,-0.8350399664253302,-0.550189289674366,21.190981432360743,18548.58064516129,0.0,37.225806451612904,1.0,0.0,42640.354838709674,36.383786236118894,84.28919023399763,47887.0,55.133104,16.75064,1005.7337,12.82,55.133104,0.0,0.0011499927189389,1,summer,samcheonpo_coal,1,0.0
2022-08-10,13728.446484768,18043.252931808,2741.12726832,14.48125,18.06375,2.81125,8,26.88,89.55,240.46,2.92,0.0,-0.8700117073699006,-0.4930310629557841,30.66780821917808,18548.58064516129,0.0,37.225806451612904,1.0,0.0,42640.354838709674,36.383786236118894,84.28919023399763,47353.0,33.663573,16.135872,1004.595,6.45,33.663573,0.0,0.0007104018401325,2,summer,samcheonpo_coal,1,0.0
2022-08-11,13410.449486064,17382.794585472,2673.6745111200003,14.56625,17.915,2.81625,8,26.2,94.0,129.76,1.14,0.25,0.7687302172043933,-0.6395731804546579,82.4561403508772,18548.58064516129,0.0,37.225806451612904,1.0,0.0,42640.354838709674,36.383786236118894,84.28919023399763,46336.0,15.49935,15.408671,1003.3768,4.48,15.49935,0.0,0.0003343872413482,3,summer,samcheonpo_coal,1,0.0
2022-08-12,13306.2822756,16297.773855984,2282.467024656,15.05125,17.54625,2.505,8,25.98,92.86,45.5,1.62,0.0,0.7132504491541816,0.7009092642998509,57.32098765432098,18548.58064516129,0.0,37.225806451612904,1.0,0.0,42640.354838709674,36.383786236118894,84.28919023399763,44694.0,51.50579700000001,14.982228,1002.2969,19.57,51.50579700000001,0.0,0.0011510831329892,4,summer,samcheonpo_coal,1,0.0
2022-08-13,13818.169754496,16669.374491808,2324.4482638080003,15.1,17.3025,2.4637499999999997,8,26.85,90.0,75.25,1.3,0.0,0.9670459389139432,0.2546019482055276,69.23076923076923,18548.58064516129,0.0,37.225806451612904,1.0,0.0,42640.354838709674,36.383786236118894,84.28919023399763,46135.0,54.27083,10.009036,1003.2646,13.6,54.27083,0.0,0.0011749661560959,5,summer,samcheonpo_coal,1,0.0
2022-08-14,13202.479065888,15975.496510848,10629.101320127998,18.1475,22.71875,20.9875,8,26.68,88.0,236.3,1.45,0.0,-0.8319541221304826,-0.5548444274479992,60.689655172413794,18548.58064516129,0.0,37.225806451612904,1.0,0.0,42640.354838709674,36.383786236118894,84.28919023399763,40709.0,62.409998,13.104198,1003.9255,16.71,62.409998,0.0,0.0015307294499518,6,summer,samcheonpo_coal,1,0.0
2022-08-15,13928.0536764,16926.930463104,2491.6204798559997,15.52875,18.0,2.68375,8,28.33,75.55,245.78,8.18,0.0,-0.9119769704732384,-0.410241398845185,9.2359413202934,18548.58064516129,0.0,37.225806451612904,1.0,0.0,42640.354838709674,36.383786236118894,84.28919023399763,45078.0,56.950484,16.1198,1002.2365,19.98,56.950484,0.0,0.0012617823524629,0,summer,samcheonpo_coal,1,0.0
2022-08-16,13975.626413376,17353.250688384,2247.5868876,15.0975,17.77625,2.35375,8,24.46,98.02,91.75,1.88,23.14,0.9995335908367128,-0.0305385132098226,52.138297872340424,18548.58064516129,0.0,37.225806451612904,1.0,0.0,42640.354838709674,36.383786236118894,84.28919023399763,46403.0,10.951473,17.782686,1001.0988,3.45,10.951473,0.0,0.0002359521793004,1,summer,samcheonpo_coal,1,0.0
2022-08-17,15003.34680024,16173.859762224,2149.45593912,17.01625,17.60375,2.36875,8,23.94,96.01,279.47,1.17,3.5,-0.9863718850597312,0.1645311653265505,82.05982905982907,18548.58064516129,0.0,37.225806451612904,1.0,0.0,42640.354838709674,36.383786236118894,84.28919023399763,44487.0,23.034847999999997,11.885453,1001.987,6.79,23.034847999999997,0.0,0.0005175203317333,2,summer,samcheonpo_coal,1,0.0
2022-08-18,14722.397313552,15415.225374528,2169.659741616,16.95875,16.9225,2.4125,8,22.75,93.18,71.87,1.84,0.0,0.9503529315424152,0.3111740758944056,50.641304347826086,18548.58064516129,0.0,37.225806451612904,1.0,0.0,42640.354838709674,36.383786236118894,84.28919023399763,44282.0,65.053556,10.464798,1004.6128,23.57,64.722356,0.3312,0.0014669194632705,3,summer,samcheonpo_coal,1,0.0
2022-08-19,14696.960068368,16686.423947664,2306.6731450079997,16.4225,17.54625,2.47,8,27.28,87.0,228.62,3.26,0.0,-0.7503418653150404,-0.6610499868811327,26.68711656441718,18548.58064516129,0.0,37.225806451612904,1.0,0.0,42640.354838709674,36.383786236118894,84.28919023399763,45749.0,52.317982,12.538134,1002.02057,14.28,51.862222,0.45576,0.0011422811461574,4,summer,samcheonpo_coal,1,0.0
2022-08-20,13405.202073216,15705.897344064,2065.61856168,15.43,17.28375,2.3025,8,24.41,95.01,237.48,1.17,4.0,-0.843203841489643,-0.5375939747589336,81.20512820512822,18548.58064516129,0.0,37.225806451612904,1.0,0.0,42640.354838709674,36.383786236118894,84.28919023399763,44364.0,19.650918999999995,11.592894,999.3068,5.08,19.511238999999996,0.13968,0.000442751296775,5,summer,samcheonpo_coal,1,0.0
2022-08-21,9849.661737264,11661.064573248,9567.17518176,17.3625,19.9675,32.13125,8,22.34,85.2,51.79,2.22,0.0,0.7857489485804552,0.6185455438403135,38.37837837837838,18548.58064516129,0.0,37.225806451612904,1.0,0.0,42640.354838709674,36.383786236118894,84.28919023399763,28666.0,42.23005,12.074766,1001.56464,18.21,42.127089999999995,0.10296,0.0014710084852479,6,summer,samcheonpo_coal,1,0.0
2022-08-22,11197.059046272,21145.954187952,3474.151662528,14.3925,28.35375,4.70375,8,22.77,86.28,80.18,2.59,0.0,0.9853484241266428,0.1705534610353653,33.312741312741316,18548.58064516129,0.0,37.225806451612904,1.0,0.0,42640.354838709674,36.383786236118894,84.28919023399763,38102.0,70.27806500000001,9.511088,1001.99805,24.06,70.14414500000001,0.1339199999999999,0.0018410759997171,0,summer,samcheonpo_coal,1,0.0
2022-08-23,15835.733835552,16572.102683616,2637.098987904,17.84375,17.7375,2.84125,8,27.32,83.0,142.31,1.13,0.0,0.6113889363147474,-0.7913302525190868,73.45132743362832,18548.58064516129,0.0,37.225806451612904,1.0,0.0,42640.354838709674,36.383786236118894,84.28919023399763,45269.0,32.584475000000005,10.948973,1002.53204,8.36,32.552075,0.0324,0.0007192789253978,1,summer,samcheonpo_coal,1,0.0
2022-08-24,14356.333300896,15073.799090832,1998.553339008,17.2875,17.525,2.33625,8,21.35,84.85,39.86,3.9,23.75,0.6409138929830553,0.7676127811476986,21.756410256410255,18548.58064516129,0.0,37.225806451612904,1.0,0.0,42640.354838709674,36.383786236118894,84.28919023399763,42196.0,22.697772,15.580141,1004.1548,5.65,21.771852,0.92592,0.0005376236880298,2,summer,samcheonpo_coal,1,0.0
2022-08-25,13954.956774911998,16731.438759936,2392.45328304,15.5725,17.8325,2.5725,8,24.33,78.75,62.63,3.91,0.0,0.8880562234694231,0.4597348626732869,20.140664961636823,18548.58064516129,0.0,37.225806451612904,1.0,0.0,42640.354838709674,36.383786236118894,84.28919023399763,45464.0,68.37695000000001,9.659814,1004.10913,19.32,68.09471,0.28224,0.0015017215129156,3,summer,samcheonpo_coal,1,0.0
2022-08-26,14273.423556912,16383.241073952,2360.683315152,16.1525,17.835,2.57875,8,21.14,90.03,71.11,2.07,0.0,0.9461418786720754,0.3237522902202788,43.492753623188406,18548.58064516129,0.0,37.225806451612904,1.0,0.0,42640.354838709674,36.383786236118894,84.28919023399763,45105.0,72.19310300000001,13.441071,1003.6555,20.42,71.813663,0.37944,0.0015979988583045,4,summer,samcheonpo_coal,1,0.0
2022-08-27,8486.267258015998,10971.677830896,22080.059844768,14.3,17.642500000000002,99.7575,8,21.48,56.3,42.56,6.11,0.0,0.6763619120624594,0.7365694562709032,9.214402618657935,18548.58064516129,0.0,37.225806451612904,1.0,0.0,42640.354838709674,36.383786236118894,84.28919023399763,27593.0,56.256727999999995,17.10284,1005.4831,18.04,55.847047999999994,0.40968,0.0020346560688204,5,summer,samcheonpo_coal,1,0.0
2022-08-28,6305.945662511999,9203.821795152,4433.054660639999,10.52625,24.265,118.05875,8,21.68,65.77,77.38,2.7,0.0,0.9758405561279784,0.2184838873140031,24.359259259259257,18548.58064516129,0.0,37.225806451612904,1.0,0.0,42640.354838709674,36.383786236118894,84.28919023399763,21683.0,61.325023,18.0,1010.8857,17.72,60.221983,1.10304,0.0028202771497912,6,summer,samcheonpo_coal,1,0.0
2022-08-29,12391.461858239998,25180.78308264,5818.892746608,14.66625,32.17375,8.81375,8,22.44,81.64,41.06,3.59,0.0,0.6568489991457496,0.7540221431239451,22.740947075208915,18548.58064516129,0.0,37.225806451612904,1.0,0.0,42640.354838709674,36.383786236118894,84.28919023399763,40529.0,49.066809,15.509274,1011.9108,7.21,48.313689,0.75312,0.0012091953328125,0,summer,samcheonpo_coal,1,0.0
2022-08-30,14926.989162815998,17353.481726015998,2685.468039552,16.26375,18.10625,2.82625,8,21.6,97.0,108.34,1.79,9.5,0.9492060382031662,-0.3146552034189954,54.18994413407821,18548.58064516129,0.0,37.225806451612904,1.0,0.0,42640.354838709674,36.383786236118894,84.28919023399763,46579.0,6.720632999999999,13.202726,1007.4467,4.46,6.681753,0.03888,0.0001442637981913,1,summer,samcheonpo_coal,1,0.0
2022-08-31,14216.564581056,15967.506759408,2552.5653160320003,16.51,18.02,2.88875,8,22.27,89.12,74.52,2.76,4.75,0.9637236782900096,0.2669019893203757,32.28985507246377,18548.58064516129,0.0,37.225806451612904,1.0,0.0,42640.354838709674,36.383786236118894,84.28919023399763,43760.0,21.023509,13.32,1003.91144,5.84,20.939269,0.08424,0.0004801968367797,2,summer,samcheonpo_coal,1,0.0
2022-09-01,14643.964073376,16570.760279328,2641.699328688,16.72375,18.2025,2.9,8,21.53,85.0,36.64,5.58,0.25,0.5967852019530927,0.8024010360971665,15.232974910394264,12976.9,0.0,17.7,1.0,0.0,28994.333333333332,36.963903590356736,68.33467366037041,43577.0,18.424191,14.512064,1009.05035,6.79,17.623551,0.80064,0.0004226175416777,3,autumn,samcheonpo_coal,1,0.0
2022-09-02,13554.342174528,15581.260784016,2291.9067288,16.05375,17.88,2.61,8,21.4,84.79,40.44,5.24,6.5,0.648651397110924,0.7610856489423818,16.181297709923665,12976.9,0.0,17.7,1.0,0.0,28994.333333333332,36.963903590356736,68.33467366037041,41825.0,5.494729,20.073025,1011.04767,3.31,4.056169000000001,1.4385599999999998,0.000131357016827,4,autumn,samcheonpo_coal,1,0.0
2022-09-03,8216.930269152,9757.075433904003,21667.284068976,12.23125,16.8225,132.80124999999998,8,22.8,91.01,56.36,2.46,0.5,0.8325346975801549,0.5539729030603573,36.9959349593496,12976.9,0.0,17.7,1.0,0.0,28994.333333333332,36.963903590356736,68.33467366037041,24189.0,16.285362999999997,19.08,1009.9598,4.64,15.635922999999998,0.64944,0.0006728019420458,5,autumn,samcheonpo_coal,1,0.0
2022-09-04,7800.167827008,8985.485496815998,2459.391547824,10.18125,13.739999999999998,158.05875,8,24.32,91.89,45.8,2.48,0.25,0.7169106076504828,0.6971651028545646,37.05241935483871,12976.9,0.0,17.7,1.0,0.0,28994.333333333332,36.963903590356736,68.33467366037041,20800.0,49.062579,16.179987,1006.4793,12.07,49.062579,0.0,0.0023532270966186,6,autumn,samcheonpo_coal,1,0.0
2022-09-05,13121.426188944,22357.699732224,5695.616403071999,15.1925,27.22375,7.869999999999999,8,25.28,90.62,129.47,11.66,24.22,0.7719575273771963,-0.6356741114169157,7.771869639794168,12976.9,0.0,17.7,1.0,0.0,28994.333333333332,36.963903590356736,68.33467366037041,39373.0,6.687831,27.729347,999.9666,2.61,6.687831,0.0,0.0001698294569703,0,autumn,samcheonpo_coal,1,0.0
2022-09-06,13293.745447824,15974.269511472,2363.382040752,15.615,18.18875,2.69,8,17.6,87.84,81.12,3.18,53.75,0.9880138096908953,0.154365513830271,27.62264150943396,12976.9,0.0,17.7,1.0,0.0,28994.333333333332,36.963903590356736,68.33467366037041,41356.0,66.122113,55.818577,993.8979,18.97,64.273873,1.84824,0.0015962995043956,1,autumn,samcheonpo_coal,1,0.0
2022-09-07,13741.178802912002,16562.395498464,2430.161877456,15.978750000000002,18.03125,2.6325,8,19.28,79.77,270.66,2.21,0.0,-0.999933655059592,0.0115189183157523,36.095022624434385,12976.9,0.0,17.7,1.0,0.0,28994.333333333332,36.963903590356736,68.33467366037041,43156.0,76.891152,12.015589,1012.5706,23.18,76.588752,0.3024,0.0017785336569248,2,autumn,samcheonpo_coal,1,0.0
2022-09-08,7983.097282512001,9749.705141088,51435.86118465601,12.84,14.055,174.49249999999998,8,19.4,82.33,53.1,2.08,0.0,0.7996846584870906,0.600420225325884,39.58173076923077,12976.9,0.0,17.7,1.0,0.0,28994.333333333332,36.963903590356736,68.33467366037041,27734.0,66.942514,14.20062,1013.95734,23.04,66.669634,0.27288,0.0024079224640059,3,autumn,samcheonpo_coal,1,0.0
2022-09-09,4758.207808464,8126.853803855999,1023.73434432,8.188749999999999,12.2975,54.5125,8,20.93,71.72,43.27,3.29,0.0,0.6854371980094693,0.7281317515291635,21.799392097264437,12976.9,0.0,17.7,1.0,0.0,28994.333333333332,36.963903590356736,68.33467366037041,21208.0,70.54349099999999,14.386494,1013.5862,22.19,69.78893099999999,0.7545599999999999,0.0033152405863604,4,autumn,samcheonpo_coal,1,0.0
2022-09-10,4856.326427376,7872.833025936,886.5618716160001,7.35125,12.60625,31.78,8,20.26,74.34,42.95,4.68,0.0,0.6813598739533002,0.7319485789086163,15.884615384615389,12976.9,0.0,17.7,1.0,0.0,28994.333333333332,36.963903590356736,68.33467366037041,20687.0,27.693226000000003,17.148247,1013.6072,10.52,26.481466,1.21176,0.0013368880580495,5,autumn,samcheonpo_coal,1,0.0
2022-09-11,5724.050944032,8188.055051184,971.397935568,7.76875,11.63,54.2375,8,21.23,89.0,34.09,1.45,0.0,0.5604944622325121,0.8281581719736195,61.37931034482759,12976.9,0.0,17.7,1.0,0.0,28994.333333333332,36.963903590356736,68.33467366037041,21732.0,51.886021,13.70839,1011.4267,12.9,51.249541,0.63648,0.0023818533089082,6,autumn,samcheonpo_coal,1,0.0
2022-09-12,4824.566022384,8307.975236111999,1375.173252144,6.241249999999999,11.39125,65.4875,8,21.91,83.23,41.86,5.31,0.0,0.6673127652808256,0.7447775998868775,15.674199623352168,12976.9,0.0,17.7,1.0,0.0,28994.333333333332,36.963903590356736,68.33467366037041,21458.0,30.121526999999997,15.1884165,1010.5799,5.81,29.563526999999997,0.558,0.0014017757188385,0,autumn,samcheonpo_coal,1,0.0
2022-09-13,5704.313656896,9001.907289792,3029.814836352,7.8325,12.56375,207.01875,8,22.18,55.54,42.64,5.86,0.0,0.6773896974017373,0.7356243592037873,9.477815699658702,12976.9,0.0,17.7,1.0,0.0,28994.333333333332,36.963903590356736,68.33467366037041,22958.0,43.162596,22.545315,1010.63525,8.03,42.760116,0.40248,0.0018765397540168,1,autumn,samcheonpo_coal,1,0.0
2022-09-14,5456.148999984,9040.560133247998,1457.40261456,9.89125,12.84125,65.355,8,21.5,73.73,32.3,6.74,0.0,0.5343523493898262,0.8452618332218562,10.939169139465877,12976.9,0.0,17.7,1.0,0.0,28994.333333333332,36.963903590356736,68.33467366037041,23127.0,40.92427299999999,22.932877,1010.73145,14.41,40.92427299999999,0.0,0.0017664194909206,2,autumn,samcheonpo_coal,1,0.0
2022-09-15,6887.072506608,9536.720624496,2136.25354824,9.4925,11.7375,84.08375000000001,8,22.53,78.01,115.07,2.81,0.0,0.9057907851659388,-0.4237252099043343,27.761565836298935,12976.9,0.0,17.7,1.0,0.0,28994.333333333332,36.963903590356736,68.33467366037041,23359.0,70.02117600000001,16.595179,1008.24176,15.81,70.02117600000001,0.0,0.0029886513599521,3,autumn,samcheonpo_coal,1,0.0
2022-09-16,6469.18063056,9274.2923952,1768.622275008,7.626250000000001,12.51125,120.80625,8,23.23,86.37,62.13,2.12,0.0,0.8840105164106312,0.4674670115370806,40.740566037735846,12976.9,0.0,17.7,1.0,0.0,28994.333333333332,36.963903590356736,68.33467366037041,23304.0,45.480675,11.480557,1005.63794,13.3,45.480675,0.0,0.0019478238352725,4,autumn,samcheonpo_coal,1,0.0
2022-09-17,5458.417943616,8315.047801008,2071.448320464,7.545,13.665,127.325,8,24.61,82.17,65.81,6.12,0.0,0.912191647345729,0.4097638326068873,13.426470588235292,12976.9,0.0,17.7,1.0,0.0,28994.333333333332,36.963903590356736,68.33467366037041,21539.0,46.964019,13.237038,1004.3984,13.63,46.964019,0.0,0.0021756739221219,5,autumn,samcheonpo_coal,1,0.0
2022-09-18,5604.002425584,8430.474573216,1737.476811648,7.23125,12.12875,58.6075,8,24.81,78.26,30.56,16.28,0.0,0.5084403804536227,0.8610971951668264,4.8071253071253075,12976.9,0.0,17.7,1.0,0.0,28994.333333333332,36.963903590356736,68.33467366037041,21472.0,58.204699,32.569557,996.87354,13.95,58.204699,0.0,0.002703397381201,6,autumn,samcheonpo_coal,1,0.0
2022-09-19,6855.183643968,14558.554647792002,1665.3822802559998,10.38,20.645,50.84125,8,21.46,62.94,41.8,7.05,0.75,0.6665324702494524,0.7454759996828623,8.927659574468086,12976.9,0.0,17.7,1.0,0.0,28994.333333333332,36.963903590356736,68.33467366037041,29327.0,66.39809600000001,34.838253,991.54974,14.41,66.39809600000001,0.0,0.0022589458960526,0,autumn,samcheonpo_coal,1,0.0
2022-09-20,9779.89423968,9905.398113312,1378.322337888,10.97125,11.88375,22.70625,8,17.49,72.45,61.46,1.91,0.0,0.8784837788697822,0.4777721740146318,37.93193717277487,12976.9,0.0,17.7,1.0,0.0,28994.333333333332,36.963903590356736,68.33467366037041,34645.0,61.026993999999995,18.391737,1008.52606,20.4,60.738994,0.288,0.0017583975835249,1,autumn,samcheonpo_coal,1,0.0
2022-09-21,9164.623673376,9318.004075440002,1238.72974776,10.12,15.81375,18.057499999999997,8,16.34,61.84,34.82,6.12,0.0,0.5710001680557428,0.8209499424936416,10.104575163398692,12976.9,0.0,17.7,1.0,0.0,28994.333333333332,36.963903590356736,68.33467366037041,33451.0,68.045611,14.84318,1013.8483,20.56,67.125451,0.92016,0.0020300581284351,2,autumn,samcheonpo_coal,1,0.0
2022-09-22,8338.972746672,9324.871945488,1222.792727184,10.12625,12.3975,18.015,8,17.7,87.2,64.56,2.52,0.25,0.9030356195360872,0.4295656758274282,34.6031746031746,12976.9,0.0,17.7,1.0,0.0,28994.333333333332,36.963903590356736,68.33467366037041,33410.0,60.94655900000001,15.778516,1012.0203,17.57,59.34311900000001,1.60344,0.0018208794571306,3,autumn,samcheonpo_coal,1,0.0
2022-09-23,8271.218865456,9265.126929696,1284.051703968,9.405,13.625,22.445,8,17.6,47.18,95.87,5.87,0.0,0.994756502809408,-0.1022716975433394,8.03747870528109,12976.9,0.0,17.7,1.0,0.0,28994.333333333332,36.963903590356736,68.33467366037041,33047.0,69.00096699999999,17.917007,1009.12524,20.32,66.75312699999999,2.24784,0.0020836141135748,4,autumn,samcheonpo_coal,1,0.0
2022-09-24,5195.4319008,8570.073701088002,1208.572089264,8.355,14.0125,21.906249999999996,8,19.05,52.22,59.04,5.03,0.0,0.8575266561936523,0.5144395337815064,10.381709741550695,12976.9,0.0,17.7,1.0,0.0,28994.333333333332,36.963903590356736,68.33467366037041,21630.0,73.516084,18.35647,1012.54987,20.7,73.06968400000001,0.4463999999999999,0.0033872891247421,5,autumn,samcheonpo_coal,1,0.0
2022-09-25,4510.483026767999,8543.310812784,998.757450432,6.325,12.735,20.16375,8,17.68,70.85,73.86,2.19,0.0,0.9605853178867104,0.2779853360529783,32.35159817351598,12976.9,0.0,17.7,1.0,0.0,28994.333333333332,36.963903590356736,68.33467366037041,21621.0,20.890695,14.277983,1013.0312,9.1,20.218215,0.67248,0.0009652897380553,6,autumn,samcheonpo_coal,1,0.0
2022-09-26,6198.801242256,14760.092565936,1772.963679312,7.239999999999999,20.29875,24.92,8,17.62,76.36,56.97,3.05,0.0,0.838385280663431,0.5450780872195287,25.036065573770493,12976.9,0.0,17.7,1.0,0.0,28994.333333333332,36.963903590356736,68.33467366037041,30864.0,17.231537999999997,11.246759,1013.1714,6.75,17.109137999999998,0.1224,0.0005579938733594,0,autumn,samcheonpo_coal,1,0.0
2022-09-27,8345.960460288,9072.878747328,920.00116872,9.53125,12.76,24.2925,8,18.03,90.93,72.42,3.04,0.0,0.9532961567221576,0.3020371460247291,29.91118421052632,12976.9,0.0,17.7,1.0,0.0,28994.333333333332,36.963903590356736,68.33467366037041,33172.0,59.115126999999994,11.304229,1011.9931,16.49,59.058967,0.0561599999999999,0.0017789089163598,1,autumn,samcheonpo_coal,1,0.0
2022-09-28,8465.29060176,9808.344067248,1353.408233184,9.34625,12.09,25.8575,8,17.8,83.96,64.33,2.27,0.0,0.9013039611597456,0.4331872223389695,36.98678414096916,12976.9,0.0,17.7,1.0,0.0,28994.333333333332,36.963903590356736,68.33467366037041,35004.0,44.649979,12.387348,1010.6219,13.09,44.529739,0.12024,0.0012739429058395,2,autumn,samcheonpo_coal,1,0.0
2022-09-29,7116.329651472,10000.046966256,1398.564469008,7.9875,12.1525,26.935,8,17.59,88.22,82.7,2.85,0.0,0.9918944425900296,0.1270646086013503,30.95438596491228,12976.9,0.0,17.7,1.0,0.0,28994.333333333332,36.963903590356736,68.33467366037041,33621.0,74.46984099999999,11.480557,1010.6928,19.68,74.30568099999999,0.16416,0.0022100846597896,3,autumn,samcheonpo_coal,1,0.0
2022-09-30,6405.929542656,9507.615342336,29124.183784320005,7.755,13.2125,108.42,8,17.67,87.03,74.93,3.42,0.0,0.965608898369857,0.2599989526689505,25.447368421052634,12976.9,0.0,17.7,1.0,0.0,28994.333333333332,36.963903590356736,68.33467366037041,27184.0,74.06203299999999,12.229406,1012.66943,20.33,73.98355299999999,0.07848,0.0027170689137891,4,autumn,samcheonpo_coal,1,0.0
2022-10-01,6309.13235184,8894.047116672,1443.2273068319998,7.648750000000001,11.3275,100.35625,8,18.63,78.44,65.49,2.83,0.0,0.9098888793927068,0.4148520545417178,27.717314487632507,11071.967741935485,0.0,11.67741935483871,1.0,0.0,24436.709677419356,35.60459071360116,69.73300461495,23187.0,69.75816699999999,11.966954,1014.14716,19.35,69.74448699999999,0.01368,0.002999479398594,5,autumn,samcheonpo_coal,1,0.0
2022-10-02,6347.553249311999,8690.942578464,1437.465094848,7.31375,11.6375,118.57375000000002,8,21.71,79.67,58.66,2.55,0.0,0.8540959291746691,0.5201155100237431,31.243137254901963,11071.967741935485,0.0,11.67741935483871,1.0,0.0,24436.709677419356,35.60459071360116,69.73300461495,22563.0,64.99109,12.413477,1014.4375,16.58,64.72685,0.26424,0.0028721546575436,6,autumn,samcheonpo_coal,1,0.0
2022-10-03,6051.838459535999,10638.184593312,18549.036090288,7.29125,18.64375,86.30625,8,23.67,84.13,219.31,4.39,0.0,-0.6335159235753625,-0.7737296521243421,19.16400911161731,11071.967741935485,0.0,11.67741935483871,1.0,0.0,24436.709677419356,35.60459071360116,69.73300461495,25994.0,39.096936,15.484185,1012.24274,7.79,35.267256,3.82968,0.0015018165566746,0,autumn,samcheonpo_coal,1,0.0
2022-10-04,7181.629733376,9373.79183688,1533.357541008,9.16375,20.13,44.896249999999995,8,18.25,88.61,116.39,2.72,2.25,0.8957893500750183,-0.4444788412198901,32.57720588235294,11071.967741935485,0.0,11.67741935483871,1.0,0.0,24436.709677419356,35.60459071360116,69.73300461495,33099.0,24.180555,21.734581,1008.7868,3.34,21.494954999999997,2.6856,0.0007300191163662,1,autumn,samcheonpo_coal,1,0.0
2022-10-05,6415.26439824,8693.427275712,1084.7168464319998,7.8025,11.7875,30.680000000000003,8,16.7,84.74,40.53,2.92,0.25,0.6498461069196042,0.7600658111778442,29.02054794520548,11071.967741935485,0.0,11.67741935483871,1.0,0.0,24436.709677419356,35.60459071360116,69.73300461495,31833.0,36.781872,14.4,1015.2139,12.22,36.545712,0.23616,0.0011541300203348,2,autumn,samcheonpo_coal,1,0.0
2022-10-06,8012.00307888,9201.608670528,1158.016316544,9.31625,12.575,28.18625,8,16.9,74.04,172.66,3.6,2.75,0.127757050534444,-0.9918054930472706,20.566666666666663,11071.967741935485,0.0,11.67741935483871,1.0,0.0,24436.709677419356,35.60459071360116,69.73300461495,32728.0,23.392697999999996,11.631956,1015.17706,9.04,23.184617999999997,0.20808,0.0007142504813674,3,autumn,samcheonpo_coal,1,0.0
2022-10-07,8151.850641168,9443.71242504,1202.356024992,9.28875,12.2925,19.35125,8,14.61,71.88,38.24,6.18,0.0,0.6189568762200346,0.7854249711970819,11.631067961165048,11071.967741935485,0.0,11.67741935483871,1.0,0.0,24436.709677419356,35.60459071360116,69.73300461495,33744.0,50.750933,20.49156,1014.6678,17.17,49.685333,1.0656,0.0015017401104868,4,autumn,samcheonpo_coal,1,0.0
2022-10-08,8218.008835920002,9911.861452944,22030.093571328,9.21625,13.3725,85.78875,8,15.2,61.96,39.95,5.17,0.0,0.642118865128573,0.7666050893687006,11.984526112185687,11071.967741935485,0.0,11.67741935483871,1.0,0.0,24436.709677419356,35.60459071360116,69.73300461495,27625.0,55.897731,17.287498,1020.0981,10.72,54.019251,1.87848,0.0020193612050883,5,autumn,samcheonpo_coal,1,0.0
2022-10-09,6860.898676656,7996.162441103999,2333.272994208,8.21625,12.48,111.20875,8,15.8,69.92,327.06,13.16,0.0,-0.5437604827787925,0.8392404526523817,5.313069908814589,11071.967741935485,0.0,11.67741935483871,1.0,0.0,24436.709677419356,35.60459071360116,69.73300461495,21186.0,16.911762,15.408671,1014.79395,4.2,13.262082,3.64968,0.0007976150723934,6,autumn,samcheonpo_coal,1,0.0
2022-10-10,6341.01689016,9136.923243696005,5207.631349968,8.415000000000001,23.29125,59.616249999999994,8,12.15,72.53,286.32,15.86,0.0,-0.9597072623390668,0.2810017270652509,4.573139974779319,11071.967741935485,0.0,11.67741935483871,1.0,0.0,24436.709677419356,35.60459071360116,69.73300461495,21664.0,76.29674800000001,27.25559,1011.4853,16.54,71.12858800000001,5.168159999999999,0.0035094621239251,0,autumn,samcheonpo_coal,1,0.0
2022-10-11,6103.9648874879995,10736.263703231998,11750.814685728,8.095,26.195,51.49125,8,13.64,60.84,74.13,3.95,0.0,0.9618846224207108,0.2734556145895828,15.40253164556962,11071.967741935485,0.0,11.67741935483871,1.0,0.0,24436.709677419356,35.60459071360116,69.73300461495,25444.0,81.75269999999999,20.991426,1016.7058,18.82,81.3963,0.3564,0.0032027537428896,1,autumn,samcheonpo_coal,1,0.0
2022-10-12,8025.19392456,9170.923965408,1201.3402220640005,9.2975,21.29,23.8125,8,15.3,70.98,48.67,7.01,0.0,0.7509184544724027,0.6603949384518162,10.125534950071328,11071.967741935485,0.0,11.67741935483871,1.0,0.0,24436.709677419356,35.60459071360116,69.73300461495,33833.0,74.05249799999999,17.339897,1021.8513,18.29,72.66649799999999,1.386,0.0021839851164995,2,autumn,samcheonpo_coal,1,0.0
2022-10-13,10008.342525744,9684.4071528,1845.617199984,11.79625,16.02375,67.13,8,15.17,69.58,47.88,4.13,0.0,0.7417417727387392,0.67068557653672,16.847457627118644,11071.967741935485,0.0,11.67741935483871,1.0,0.0,24436.709677419356,35.60459071360116,69.73300461495,33988.0,69.67186099999999,17.25373,1020.59937,17.9,67.16410099999999,2.50776,0.0020457023981073,3,autumn,samcheonpo_coal,1,0.0
2022-10-14,9145.681960176,9237.367770912,1987.894839888,11.04875,20.6,120.93375,8,16.4,80.01,71.6,3.2,0.0,0.9488760116444964,0.3156490369471025,25.003125,11071.967741935485,0.0,11.67741935483871,1.0,0.0,24436.709677419356,35.60459071360116,69.73300461495,33445.0,75.27275500000002,14.618837,1016.3427,16.78,73.94363500000001,1.32912,0.0022455889768609,4,autumn,samcheonpo_coal,1,0.0
2022-10-15,5764.8682954079995,8910.878193792001,3112.7205556800004,8.42375,18.91,154.40125,8,15.88,86.01,55.02,3.28,0.0,0.8193522103258536,0.5732904634076327,26.22256097560976,11071.967741935485,0.0,11.67741935483871,1.0,0.0,24436.709677419356,35.60459071360116,69.73300461495,24619.0,73.68831300000001,12.7279215,1015.43365,15.86,73.423353,0.26496,0.0029842158968655,5,autumn,samcheonpo_coal,1,0.0
2022-10-16,4891.418481168001,8345.135732399998,1762.3956241439998,8.12875,17.52625,133.5225,8,16.36,86.18,61.6,2.67,0.0,0.8796485728666165,0.4756242090702753,32.27715355805244,11071.967741935485,0.0,11.67741935483871,1.0,0.0,24436.709677419356,35.60459071360116,69.73300461495,21075.0,71.988698,13.363711,1014.345,16.55,71.653898,0.3348,0.0034042056307907,6,autumn,samcheonpo_coal,1,0.0
2022-10-17,5290.590207312,8211.917589408,2052.155984544,9.46375,17.18875,118.47499999999998,8,10.23,45.72,49.35,8.07,0.0,0.7587031106589781,0.6514365585967603,5.66542750929368,11071.967741935485,0.0,11.67741935483871,1.0,0.0,24436.709677419356,35.60459071360116,69.73300461495,20497.0,73.21948399999998,25.567604,1013.22003,17.2,70.12924399999999,3.0902399999999997,0.0035594896815248,0,autumn,samcheonpo_coal,1,0.0
2022-10-18,4995.253559664,7893.004073472,1439.571262032,7.5275,19.34875,62.70625,8,9.94,46.54,41.61,3.95,0.0,0.6640567179275978,0.7476822021254932,11.782278481012655,11071.967741935485,0.0,11.67741935483871,1.0,0.0,24436.709677419356,35.60459071360116,69.73300461495,20069.0,83.010181,22.007162,1017.654,18.31,80.214421,2.79576,0.0041192010253282,1,autumn,samcheonpo_coal,1,0.0
2022-10-19,5221.872715824001,8118.409679136001,1369.414332288,9.67,27.65625,73.86375,8,11.05,47.17,56.38,4.2,0.0,0.8327280198778189,0.5536822598841026,11.23095238095238,11071.967741935485,0.0,11.67741935483871,1.0,0.0,24436.709677419356,35.60459071360116,69.73300461495,20574.0,79.54629200000001,19.110542,1021.374,18.06,78.683732,0.86256,0.0038514592542788,2,autumn,samcheonpo_coal,1,0.0
2022-10-20,5167.274703984001,8697.80106648,2729.788000272,9.985,23.63,168.51749999999998,8,11.06,74.67,76.24,3.44,0.0,0.97130057100502,0.2378554198779632,21.70639534883721,11071.967741935485,0.0,11.67741935483871,1.0,0.0,24436.709677419356,35.60459071360116,69.73300461495,20701.0,77.39055100000002,16.075521,1024.1246,17.65,77.17671100000001,0.21384,0.0037245690810386,3,autumn,samcheonpo_coal,1,0.0
2022-10-21,5321.228547887999,8576.651527775999,3224.0062562399994,9.86,24.46875,311.11375,8,16.65,76.67,278.09,3.55,0.0,-0.9900482345416844,0.1407284380674134,21.59718309859155,11071.967741935485,0.0,11.67741935483871,1.0,0.0,24436.709677419356,35.60459071360116,69.73300461495,22103.0,44.87758200000001,10.233123,1021.6801,10.9,44.73142200000001,0.1461599999999999,0.0020262700944524,4,autumn,samcheonpo_coal,1,0.0
2022-10-22,4599.977072256001,7569.09968832,2701.482764112,10.2975,23.145,268.5475,8,13.85,78.28,54.55,3.24,0.0,0.8146219672274692,0.579992284871487,24.160493827160497,11071.967741935485,0.0,11.67741935483871,1.0,0.0,24436.709677419356,35.60459071360116,69.73300461495,19670.0,65.22698,13.276144,1016.8321,14.29,64.88426,0.34272,0.0033051041199628,5,autumn,samcheonpo_coal,1,0.0
2022-10-23,4171.234261248,7324.020129456,3236.9025281759996,12.510000000000002,23.045,246.93125,8,14.27,48.74,161.43,5.03,0.0,0.3184630152194613,-0.9479352867877264,9.68986083499006,11071.967741935485,0.0,11.67741935483871,1.0,0.0,24436.709677419356,35.60459071360116,69.73300461495,19206.0,68.127236,15.716793,1014.1165,16.64,67.479956,0.64728,0.0035346469993594,6,autumn,samcheonpo_coal,1,0.0
2022-10-24,4547.0021355359995,7899.631517087999,2212.092832896,9.96375,22.0375,96.22625,8,10.67,46.58,275.23,3.8,0.0,-0.9958368069964396,0.0911540116019892,12.257894736842106,11071.967741935485,0.0,11.67741935483871,1.0,0.0,24436.709677419356,35.60459071360116,69.73300461495,20485.0,77.10575600000001,21.194187,1016.3181,16.84,75.64415600000001,1.4616,0.0037498958966058,0,autumn,samcheonpo_coal,1,0.0
2022-10-25,4388.871043007999,7801.567132320001,2106.325157328,9.1625,22.18,104.395,8,11.66,57.88,44.29,5.81,0.0,0.6982903628478097,0.7158146192652637,9.96213425129088,11071.967741935485,0.0,11.67741935483871,1.0,0.0,24436.709677419356,35.60459071360116,69.73300461495,20318.0,75.31969000000001,18.919704,1023.0424,16.61,74.53849000000001,0.7812,0.0036933511142344,1,autumn,samcheonpo_coal,1,0.0
2022-10-26,5376.395680992001,8865.076448592,2195.554062816,11.43,26.045,122.105,8,12.24,77.48,46.96,3.16,0.0,0.7308773987563402,0.6825087750257616,24.518987341772153,11071.967741935485,0.0,11.67741935483871,1.0,0.0,24436.709677419356,35.60459071360116,69.73300461495,22575.0,67.71351700000001,16.676977,1024.1566,14.32,65.882557,1.83096,0.0029905212972447,2,autumn,samcheonpo_coal,1,0.0
2022-10-27,5340.123488304,8871.421186799998,4008.592994832,9.88625,20.44125,354.6025,8,12.63,67.23,75.54,3.06,0.0,0.9683222026502856,0.2497040485344585,21.97058823529412,11071.967741935485,0.0,11.67741935483871,1.0,0.0,24436.709677419356,35.60459071360116,69.73300461495,21648.0,75.62612100000001,12.7279215,1021.1528,14.01,75.47780100000001,0.1483199999999999,0.0034812844125913,3,autumn,samcheonpo_coal,1,0.0
2022-10-28,4373.643444767999,8933.433191711998,3938.61510864,7.055,35.13375,393.72375,8,13.9,78.25,62.76,3.24,0.0,0.8890970420186032,0.45771874538167,24.15123456790123,11071.967741935485,0.0,11.67741935483871,1.0,0.0,24436.709677419356,35.60459071360116,69.73300461495,21813.0,60.492740000000005,15.124284,1021.6921,15.23,60.29762,0.19512,0.0027655729571426,4,autumn,samcheonpo_coal,1,0.0
2022-10-29,4170.5290739520005,8481.828854735999,6978.8714270400005,7.8075,22.84875,997.49125,8,14.16,74.17,45.86,4.07,0.0,0.7176402840153454,0.6964139736955128,18.223587223587224,11071.967741935485,0.0,11.67741935483871,1.0,0.0,24436.709677419356,35.60459071360116,69.73300461495,21515.0,52.127607,15.077082,1022.51587,13.39,50.851047,1.27656,0.0024169934888817,5,autumn,samcheonpo_coal,1,0.0
2022-10-30,3082.2286602239997,7127.868429504,7882.744133808,7.86,21.51125,1292.385,8,11.96,75.45,66.82,3.47,0.0,0.9192727949231944,0.3936210468383247,21.743515850144092,11071.967741935485,0.0,11.67741935483871,1.0,0.0,24436.709677419356,35.60459071360116,69.73300461495,19024.0,48.57716500000001,13.779114,1021.8135,12.93,47.331565000000005,1.2455999999999998,0.0025469638727766,6,autumn,samcheonpo_coal,1,0.0
2022-10-31,3555.386540208,8105.109372432,7314.424041744,7.05375,22.4925,1108.52375,8,11.41,73.88,44.75,3.31,0.0,0.7040147244559684,0.7101853756232854,22.3202416918429,11071.967741935485,0.0,11.67741935483871,1.0,0.0,24436.709677419356,35.60459071360116,69.73300461495,21313.0,66.67504000000001,15.1884165,1020.6287,14.56,65.39704,1.278,0.0031186180274141,0,autumn,samcheonpo_coal,1,0.0
2022-11-01,4410.799350048,8547.224532048,6943.169655216,10.15375,26.19,1467.37125,8,14.28,60.93,55.88,3.89,0.0,0.8278645842507447,0.5609280079861779,15.663239074550129,10898.666666666666,0.0,26.633333333333333,1.0,0.0,25215.266666666663,35.60483652760629,65.62434661276633,21823.0,68.418889,13.779114,1017.70807,15.2,67.98688899999999,0.432,0.0031253748031096,1,autumn,samcheonpo_coal,1,0.0
2022-11-02,5249.6082521280005,8696.393540064,8402.90233896,12.49375,25.797500000000003,1694.66875,8,10.91,75.89,79.77,2.96,0.0,0.9841027517088662,0.1776000396369258,25.638513513513512,10898.666666666666,0.0,26.633333333333333,1.0,0.0,25215.266666666663,35.60483652760629,65.62434661276633,21958.0,64.219449,16.575644,1016.63574,15.47,64.026489,0.19296,0.0029161206548105,2,autumn,samcheonpo_coal,1,0.0
2022-11-03,4714.230035232001,9234.038587968,7686.822365856,10.41875,23.53125,1472.15,8,12.67,57.39,62.37,2.16,0.0,0.8859608765267019,0.4637599867000582,26.569444444444443,10898.666666666666,0.0,26.633333333333333,1.0,0.0,25215.266666666663,35.60483652760629,65.62434661276633,22961.0,19.248997000000003,13.104198,1014.6929,14.3,19.092037,0.15696,0.0008376322207175,3,autumn,samcheonpo_coal,1,0.0
2022-11-04,3795.810318,8178.228864144,5689.909525104,6.86625,20.3325,750.76125,8,7.52,29.84,51.63,6.22,0.0,0.7840185821011953,0.6207373542167663,4.797427652733119,10898.666666666666,0.0,26.633333333333333,1.0,0.0,25215.266666666663,35.60483652760629,65.62434661276633,20795.0,73.673456,23.110207,1017.1934,15.53,71.876336,1.7971199999999998,0.0035303372854692,4,autumn,samcheonpo_coal,1,0.0
2022-11-05,4113.31736448,8752.851898703999,2892.5929761119996,6.6925,20.86,325.29375,8,8.16,48.75,74.39,1.5,0.0,0.9631156167651556,0.2690879200987549,32.5,10898.666666666666,0.0,26.633333333333333,1.0,0.0,25215.266666666663,35.60483652760629,65.62434661276633,22760.0,75.72229300000001,18.775301,1020.58765,15.37,74.814373,0.90792,0.0033159578676086,5,autumn,samcheonpo_coal,1,0.0
2022-11-06,3446.32451112,8245.023060672,2527.317734976,6.734999999999999,19.62375,388.59125,8,6.99,73.14,79.7,3.27,0.0,0.9838850379335417,0.1788022151163495,22.36697247706422,10898.666666666666,0.0,26.633333333333333,1.0,0.0,25215.266666666663,35.60483652760629,65.62434661276633,20520.0,70.574733,16.135872,1021.0796,14.99,70.094493,0.48024,0.0034275261334445,6,autumn,samcheonpo_coal,1,0.0
2022-11-07,4223.7500832,12613.240675296,92050.453488528,6.3125,25.25375,252.07625,8,10.93,65.36,64.93,1.82,0.0,0.9057907851659388,0.4237252099043344,35.91208791208791,10898.666666666666,0.0,26.633333333333333,1.0,0.0,25215.266666666663,35.60483652760629,65.62434661276633,25251.0,63.576488999999995,13.281023,1019.7508,13.65,63.490089,0.0864,0.002511457737704,0,autumn,samcheonpo_coal,1,0.0
2022-11-08,5388.8879685599995,7947.102482352,875.062519344,7.28125,12.9525,15.0925,8,9.98,68.82,70.32,3.31,0.0,0.94158815589503,0.3367666026763885,20.791540785498487,10898.666666666666,0.0,26.633333333333333,1.0,0.0,25215.266666666663,35.60483652760629,65.62434661276633,29707.0,63.415151,10.739833,1021.00586,14.2,63.383471,0.03168,0.0021301399620512,1,autumn,samcheonpo_coal,1,0.0
2022-11-09,6372.785248415999,8447.461150320001,905.033143008,8.172500000000001,14.826249999999998,20.07,8,11.8,60.74,53.44,2.78,0.0,0.8032335230015778,0.595664257385378,21.848920863309356,10898.666666666666,0.0,26.633333333333333,1.0,0.0,25215.266666666663,35.60483652760629,65.62434661276633,30773.0,63.815388000000006,10.703569,1021.66504,14.29,63.700908000000005,0.11448,0.002069454552847,2,autumn,samcheonpo_coal,1,0.0
2022-11-10,5896.0844768160005,7740.173572271999,872.591282352,8.3775,14.89375,24.19,8,12.24,58.59,54.33,2.83,0.0,0.8123889570229701,0.5831159254446159,20.703180212014136,10898.666666666666,0.0,26.633333333333333,1.0,0.0,25215.266666666663,35.60483652760629,65.62434661276633,28877.0,99.026407,9.957108,1020.7796,11.74,53.349047,0.01224,0.0034175288774611,3,autumn,samcheonpo_coal,1,45.66512
2022-11-11,5273.6475640319995,7589.434494528,804.24801144,7.73625,18.535,30.4025,8,13.71,81.84,64.19,2.78,0.0,0.9002427955330289,0.4353882280113658,29.43884892086331,10898.666666666666,0.0,26.633333333333333,1.0,0.0,25215.266666666663,35.60483652760629,65.62434661276633,29179.0,95.364889,13.830749,1022.16315,8.65,50.823169,0.16776,0.0032576245244464,4,autumn,samcheonpo_coal,1,44.37396
2022-11-12,4031.441360496,7652.865089808,1987.357502304,6.33,18.1875,36.945,8,18.79,89.04,219.53,5.32,2.57,-0.6364821547541607,-0.7712914278529878,16.736842105263158,10898.666666666666,0.0,26.633333333333333,1.0,0.0,25215.266666666663,35.60483652760629,65.62434661276633,23203.0,79.37743599999999,13.358861,1016.0913,10.35,34.157996,0.34776,0.0034093355035669,5,autumn,samcheonpo_coal,1,44.87168
2022-11-13,3805.0570967040007,7597.001142863999,1192.226349024,8.37875,15.93,65.57375,8,11.81,68.47,47.99,3.79,1.25,0.743028028837176,0.6692602994069952,18.065963060686016,10898.666666666666,0.0,26.633333333333333,1.0,0.0,25215.266666666663,35.60483652760629,65.62434661276633,20182.0,111.470691,20.532627,1009.73096,11.36,62.630731,4.71096,0.0054929337961611,6,autumn,samcheonpo_coal,1,44.129
2022-11-14,5737.707566352,11869.803434879996,1412.9048556,8.26375,60.87875,30.261250000000004,8,10.14,68.01,294.04,6.24,0.0,-0.9132612792957804,0.4073743189488439,10.899038461538462,10898.666666666666,0.0,26.633333333333333,1.0,0.0,25215.266666666663,35.60483652760629,65.62434661276633,29467.0,72.54052,15.141414,1014.44434,6.04,27.75796,0.96336,0.0024557091519716,0,autumn,samcheonpo_coal,1,43.819199999999995
2022-11-15,5816.688379200001,7995.245474159999,945.122258592,7.52125,12.2875,12.63625,8,6.76,70.72,79.85,3.01,0.0,0.984349768784424,0.1762258003075918,23.49501661129568,10898.666666666666,0.0,26.633333333333333,1.0,0.0,25215.266666666663,35.60483652760629,65.62434661276633,31999.0,113.565476,15.315873,1013.9865,13.46,66.784796,1.33272,0.0035364809480848,1,autumn,samcheonpo_coal,1,45.44796
2022-11-16,5443.535403792,9068.343806592,17593.24852872,7.1575,16.20125,68.805,8,8.66,64.97,44.74,3.51,0.0,0.7038907630027988,0.7103082385551626,18.50997150997151,10898.666666666666,0.0,26.633333333333333,1.0,0.0,25215.266666666663,35.60483652760629,65.62434661276633,26455.0,108.12924900000002,13.324863,1016.70905,13.08,62.293809,0.4183199999999999,0.0040706517664544,2,autumn,samcheonpo_coal,1,45.41712
2022-11-17,5120.588098944,8460.601180416,1705.974696288,7.148750000000001,19.91,159.3125,8,8.05,58.08,41.36,3.48,0.0,0.6607880278916777,0.7505725695727412,16.689655172413794,10898.666666666666,0.0,26.633333333333333,1.0,0.0,25215.266666666663,35.60483652760629,65.62434661276633,20897.0,102.046936,15.580141,1019.9204,11.5,56.344816,0.39456,0.004859598452778,3,autumn,samcheonpo_coal,1,45.307559999999995
2022-11-18,4440.72945744,7691.93767944,1314.003477312,7.575,23.5575,447.13875,8,10.66,67.03,227.58,1.89,0.0,-0.7382199197050443,-0.6745601160390954,35.46560846560847,10898.666666666666,0.0,26.633333333333333,1.0,0.0,25215.266666666663,35.60483652760629,65.62434661276633,20972.0,113.096865,14.76439,1022.0349,13.43,65.839585,0.2268,0.0053638295201637,4,autumn,samcheonpo_coal,1,47.03048
2022-11-19,4294.9492244640005,7029.044502192,1270.919264832,6.62875,20.04625,279.69875,8,13.45,74.01,38.44,4.49,0.0,0.6216947501101928,0.7832596234234374,16.483296213808465,10898.666666666666,0.0,26.633333333333333,1.0,0.0,25215.266666666663,35.60483652760629,65.62434661276633,19605.0,100.087167,16.323528,1019.06024,12.07,53.214767,1.66608,0.0050792552274326,5,autumn,samcheonpo_coal,1,45.20632
2022-11-20,5722.216438608,8151.856814304,1929.10744008,8.01875,18.1,211.655,8,10.34,84.29,70.2,1.98,0.0,0.9408807689542256,0.3387379202452912,42.57070707070707,10898.666666666666,0.0,26.633333333333333,1.0,0.0,25215.266666666663,35.60483652760629,65.62434661276633,21841.0,58.403094,14.336861,1016.2637,5.73,12.390854,0.6948,0.0026668806336553,6,autumn,samcheonpo_coal,1,45.317440000000005
2022-11-21,5570.1810264959995,7932.983267952,2496.604736016,9.42875,20.9625,338.31125,8,12.33,71.99,49.15,2.21,0.0,0.7564245504347983,0.6540809579092739,32.574660633484164,10898.666666666666,0.0,26.633333333333333,1.0,0.0,25215.266666666663,35.60483652760629,65.62434661276633,21491.0,67.455869,11.384198,1017.4931,10.07,29.409589,0.04824,0.003128974979001,0,autumn,samcheonpo_coal,1,37.99804
2022-11-22,6412.442540976,9525.665623392,2890.3264598879996,8.21125,91.30875,215.1925,8,11.76,84.81,39.6,3.05,1.5,0.6374239897486897,0.7705132427757891,27.80655737704918,10898.666666666666,0.0,26.633333333333333,1.0,0.0,25215.266666666663,35.60483652760629,65.62434661276633,22763.0,46.873582,17.555307,1016.5391,4.08,8.331422,0.7725599999999999,0.0020549689515591,1,autumn,samcheonpo_coal,1,37.7696
2022-11-23,5400.9871552800005,8021.871492192,3813.230233872,8.05,31.3575,254.6225,8,9.28,70.8,45.59,3.33,0.25,0.7143505544619075,0.6997880288630016,21.26126126126126,10898.666666666666,0.0,26.633333333333333,1.0,0.0,25215.266666666663,35.60483652760629,65.62434661276633,20084.0,104.35958,18.175545,1012.3122,9.84,54.82526,0.9396,0.0051692946911539,2,autumn,samcheonpo_coal,1,48.59472
2022-11-24,6117.683304095999,11800.052431056,2701.348332192,8.66875,54.7525,161.9025,8,8.35,57.22,66.51,2.55,0.0,0.9171296552585672,0.398589005675397,22.439215686274512,10898.666666666666,0.0,26.633333333333333,1.0,0.0,25215.266666666663,35.60483652760629,65.62434661276633,21201.0,102.302285,15.379206,1016.8992,9.71,52.275365,0.19224,0.0048021796635741,3,autumn,samcheonpo_coal,1,49.83468
2022-11-25,4987.237953168001,9604.75116744,5377.921014384001,7.407500000000001,38.49875,191.55375,8,13.57,80.73,59.74,1.28,0.0,0.8637475669020219,0.503924737109459,63.0703125,10898.666666666666,0.0,26.633333333333333,1.0,0.0,25215.266666666663,35.60483652760629,65.62434661276633,21323.0,100.668287,10.44,1016.08124,11.01,50.084287,0.05904,0.0046989285705607,4,autumn,samcheonpo_coal,1,50.52496
2022-11-26,6032.1862674720005,8771.681784384,13693.616654832,11.11875,21.76875,180.36375,8,9.73,42.32,75.1,2.49,0.0,0.9663760793213292,0.2571327931546963,16.99598393574297,10898.666666666666,0.0,26.633333333333333,1.0,0.0,25215.266666666663,35.60483652760629,65.62434661276633,21401.0,109.566859,16.73516,1013.07153,12.0,57.972979,0.82152,0.0050936295504531,5,autumn,samcheonpo_coal,1,50.77236
2022-11-27,6429.806401824,8029.5744168,3439.5001138079997,9.52375,29.90125,643.76625,8,10.65,66.24,72.76,2.62,0.0,0.955071686179662,0.2963748880353008,25.2824427480916,10898.666666666666,0.0,26.633333333333333,1.0,0.0,25215.266666666663,35.60483652760629,65.62434661276633,21048.0,105.151189,16.563911,1017.1888,12.21,51.977949,0.13032,0.0049709467899364,6,autumn,samcheonpo_coal,1,53.042919999999995
2022-11-28,7075.970722368,16620.019582608,64576.437070896005,8.651250000000001,36.645,588.7887499999999,8,17.21,90.07,218.87,8.25,3.87,-0.6275554844284541,-0.778571842519217,10.917575757575756,10898.666666666666,0.0,26.633333333333333,1.0,0.0,25215.266666666663,35.60483652760629,65.62434661276633,31031.0,72.309101,18.331741,1013.5245,5.21,14.277501,2.65968,0.0023248041153818,0,autumn,samcheonpo_coal,1,55.37192
2022-11-29,9926.252214624,16848.682681536,2125.218592224,11.65,19.08,2.42625,8,9.08,21.9,22.87,7.08,3.5,0.3886415652715231,0.9213890241061592,3.0932203389830506,10898.666666666666,0.0,26.633333333333333,1.0,0.0,25215.266666666663,35.60483652760629,65.62434661276633,42989.0,68.031269,28.943642,1008.34766,3.21,9.782469,2.09304,0.0015800269316054,1,autumn,samcheonpo_coal,1,56.15576
2022-11-30,10281.376845216,17201.816254944,2404.612140768,11.69375,19.08875,2.68375,8,-0.92,27.03,30.5,8.25,0.0,0.5075383629607041,0.8616291604415258,3.2763636363636364,10898.666666666666,0.0,26.633333333333333,1.0,0.0,25215.266666666663,35.60483652760629,65.62434661276633,43902.0,89.68238799999999,30.54701,1023.5079,9.88,29.124948,2.27592,0.0020386214650536,2,autumn,samcheonpo_coal,1,58.28151999999999
2022-12-01,9827.556112224,16463.3726952,2485.38751704,11.59375,18.9975,2.99875,8,-0.08,39.91,35.45,3.42,0.0,0.5799922848714869,0.8146219672274693,11.669590643274852,13666.41935483871,0.0,33.645161290322584,1.0,0.0,34782.096774193546,37.584895909556735,73.43648098530483,44326.0,106.851352,23.084955,1026.817,11.72,44.349872000000005,2.22912,0.0024047826945319,3,winter,samcheonpo_coal,1,60.27236
2022-12-02,8775.872432496,14945.251567104,2544.95425968,11.52125,18.96125,3.39625,8,0.26,66.98,36.1,2.6,0.0,0.5891963573533421,0.8079898838980305,25.76153846153846,13666.41935483871,0.0,33.645161290322584,1.0,0.0,34782.096774193546,37.584895909556735,73.43648098530483,43281.0,124.306796,17.0763,1026.399,12.3,63.948436,0.53928,0.0028638617066854,4,winter,samcheonpo_coal,1,59.81908
2022-12-03,5314.486002912,10893.858463296,6506.432273087999,8.64625,17.6175,15.5225,8,6.75,72.5,44.2,3.03,0.0,0.6971651028545646,0.7169106076504828,23.92739273927393,13666.41935483871,0.0,33.645161290322584,1.0,0.0,34782.096774193546,37.584895909556735,73.43648098530483,29704.0,77.145304,11.119281,1022.3897,11.55,17.596464,0.0,0.0025904075619831,5,winter,samcheonpo_coal,1,59.54884
2022-12-04,4139.5073616,8402.323365503999,1498.3139655359998,7.93,18.11125,26.93125,8,4.57,16.55,105.7,2.02,0.0,0.9626917464264788,-0.2706004459758636,8.193069306930694,13666.41935483871,0.0,33.645161290322584,1.0,0.0,34782.096774193546,37.584895909556735,73.43648098530483,22281.0,99.45804,25.509243,1024.119,9.47,40.28916,0.0,0.0044439680288151,6,winter,samcheonpo_coal,1,59.168879999999994
2022-12-05,7520.787402192,23906.982802752,3921.823248768,9.46875,30.01375,4.915,8,2.01,24.88,49.17,6.86,0.0,0.7566528216719455,0.6538168760867856,3.626822157434402,13666.41935483871,0.0,33.645161290322584,1.0,0.0,34782.096774193546,37.584895909556735,73.43648098530483,39374.0,106.49853,24.535526,1023.0976,8.33,47.10649,0.0,0.0026974970926234,0,winter,samcheonpo_coal,1,59.39204
2022-12-06,10112.582658528,18543.616176528,2658.288428064,10.92,19.14625,2.75125,8,5.34,53.46,281.5,12.41,0.0,-0.9799247046208296,0.1993679344171969,4.30781627719581,13666.41935483871,0.0,33.645161290322584,1.0,0.0,34782.096774193546,37.584895909556735,73.43648098530483,46620.0,116.711167,22.218153,1021.072,11.62,57.273526999999994,0.0,0.002497205389206,1,winter,samcheonpo_coal,1,59.43764
2022-12-07,9439.74699624,18283.40770838399,2540.8884431519996,10.3425,18.98375,2.645,8,3.64,58.1,51.65,2.17,0.0,0.784235212544076,0.6204636422917525,26.7741935483871,13666.41935483871,0.0,33.645161290322584,1.0,0.0,34782.096774193546,37.584895909556735,73.43648098530483,46368.0,114.455823,20.447239,1020.9248,11.82,55.661902999999995,0.0,0.0024623445765394,2,winter,samcheonpo_coal,1,58.79392
2022-12-08,8904.659266656,17660.320538256,2503.159652736,10.18625,19.03,2.6824999999999997,8,5.89,60.09,57.01,2.29,0.0,0.8387656126152172,0.5444926510929412,26.240174672489083,13666.41935483871,0.0,33.645161290322584,1.0,0.0,34782.096774193546,37.584895909556735,73.43648098530483,44942.0,107.384933,12.397806,1022.2483,11.12,49.521893000000006,0.0,0.0023837158522743,3,winter,samcheonpo_coal,1,57.86304
2022-12-09,8438.551922592,16821.934681536,2363.178251808,9.88875,18.82375,2.63375,8,5.37,70.31,70.86,2.74,0.0,0.9447202407094316,0.3278775179757127,25.66058394160584,13666.41935483871,0.0,33.645161290322584,1.0,0.0,34782.096774193546,37.584895909556735,73.43648098530483,43408.0,94.189912,14.529915,1019.35626,6.26,36.429152,0.0,0.0021651763322843,4,winter,samcheonpo_coal,1,57.760760000000005
2022-12-10,5216.706842543999,9211.895791488,31494.421497168,8.0275,16.93375,443.6425,8,6.51,55.87,28.75,4.73,0.0,0.4809887689193876,0.8767267557075077,11.811839323467227,13666.41935483871,0.0,33.645161290322584,1.0,0.0,34782.096774193546,37.584895909556735,73.43648098530483,26190.0,81.57783599999999,16.563911,1015.946,7.47,24.070276,0.0,0.003105174592453,5,winter,samcheonpo_coal,1,57.50756
2022-12-11,4484.586672431999,7398.022218912,3856.36381848,6.53875,17.990000000000002,243.3675,8,4.96,36.4,49.77,4.7,0.0,0.7634579630955851,0.6458575218931341,7.744680851063829,13666.41935483871,0.0,33.645161290322584,1.0,0.0,34782.096774193546,37.584895909556735,73.43648098530483,20881.0,113.796986,17.84816,1017.5351,11.76,56.221106,0.0,0.0054202470295799,6,winter,samcheonpo_coal,1,57.57588
2022-12-12,5502.680084304,14307.309441504003,1685.458724976,7.82625,26.82875,67.24374999999999,8,5.97,68.43,283.56,8.04,0.25,-0.9721249238675688,0.2344634990685626,8.511194029850747,13666.41935483871,0.0,33.645161290322584,1.0,0.0,34782.096774193546,37.584895909556735,73.43648098530483,29707.0,76.001077,16.08761,1017.033,3.01,17.847877,0.0,0.002551827359624,0,winter,samcheonpo_coal,1,58.1532
2022-12-13,7781.501792015999,8498.157546960001,1101.992309424,10.12125,15.36,19.8475,8,2.7,73.88,336.07,10.81,0.0,-0.4056202334736041,0.9140416982812212,6.83441258094357,13666.41935483871,0.0,33.645161290322584,1.0,0.0,34782.096774193546,37.584895909556735,73.43648098530483,32382.0,100.861661,28.312117,1015.60406,10.8,41.070421,0.0,0.0031050731321833,1,winter,samcheonpo_coal,1,59.791239999999995
2022-12-14,8471.079555696,9331.1773884,1451.000521008,11.5875,18.32,55.16875,8,-4.27,48.09,63.21,3.98,0.0,0.8926644978329498,0.4507217482090781,12.082914572864322,13666.41935483871,0.0,33.645161290322584,1.0,0.0,34782.096774193546,37.584895909556735,73.43648098530483,34700.0,109.598581,24.36591,1022.2702,11.76,51.843221,0.0,0.0031485160837166,2,winter,samcheonpo_coal,1,57.75536
2022-12-15,7489.358034047999,8765.455112639998,1208.563078176,11.875,17.48875,58.79,8,5.01,63.12,296.15,7.03,0.0,-0.8976433145146884,0.4407226791385761,8.978662873399715,13666.41935483871,0.0,33.645161290322584,1.0,0.0,34782.096774193546,37.584895909556735,73.43648098530483,32475.0,109.588974,13.551501,1022.3388,11.57,54.878694,0.0,0.0033632148647768,3,winter,samcheonpo_coal,1,54.71028
2022-12-16,7757.202670992001,8626.85329824,1153.982217168,10.07125,13.02875,9.68625,8,1.55,21.49,56.84,4.88,0.0,0.8371463807580398,0.5469789184088496,4.403688524590164,13666.41935483871,0.0,33.645161290322584,1.0,0.0,34782.096774193546,37.584895909556735,73.43648098530483,32594.0,103.835144,18.1041,1023.47754,9.32,48.948904,0.0,0.0031755969024467,4,winter,samcheonpo_coal,1,54.88624
2022-12-17,6735.22606368,9011.278646639998,5747.761762127999,10.42625,16.5875,21.82875,8,-4.67,55.65,42.15,4.74,0.0,0.671073859666863,0.7413905009317421,11.740506329113924,13666.41935483871,0.0,33.645161290322584,1.0,0.0,34782.096774193546,37.584895909556735,73.43648098530483,25234.0,94.62908,28.496904,1020.62726,8.42,39.358439999999995,0.0,0.0037360521843134,5,winter,samcheonpo_coal,1,55.27064
2022-12-18,7679.813372928001,10844.63932608,10690.329919536,15.96625,26.82125,57.71375,8,-5.57,52.15,123.64,2.05,0.0,0.832534697580155,-0.5539729030603572,25.439024390243905,13666.41935483871,0.0,33.645161290322584,1.0,0.0,34782.096774193546,37.584895909556735,73.43648098530483,24125.0,115.301977,22.427162,1019.0289,11.46,60.540097,0.0,0.0047566229624285,6,winter,samcheonpo_coal,1,54.76188
2022-12-19,7757.28934848,12734.50627224,1888.93133352,11.71,23.1225,20.16125,8,-1.64,75.2,58.15,3.17,0.0,0.849432513747908,0.5276972660417242,23.722397476340696,13666.41935483871,0.0,33.645161290322584,1.0,0.0,34782.096774193546,37.584895909556735,73.43648098530483,28867.0,111.479511,20.46941,1022.7105,11.35,57.606151,0.0,0.0038469758552267,0,winter,samcheonpo_coal,1,53.87336
2022-12-20,7635.532529663999,7924.869718416,945.0255162239998,10.1375,13.1775,15.781249999999998,8,1.31,57.68,37.48,4.13,0.0,0.6084844593680822,0.7935657897789777,13.966101694915254,13666.41935483871,0.0,33.645161290322584,1.0,0.0,34782.096774193546,37.584895909556735,73.43648098530483,31847.0,110.553032,12.819235,1022.9478,11.7,56.993072,0.0,0.0034593709940589,1,winter,samcheonpo_coal,1,53.55996
2022-12-22,11857.66654896,19454.948742096003,2869.388543664,12.54375,19.27375,2.87125,8,-4.8,72.07,319.89,15.73,0.0,-0.644257123919795,0.764808968487291,4.58169103623649,13666.41935483871,0.0,33.645161290322584,1.0,0.0,34782.096774193546,37.584895909556735,73.43648098530483,39078.0,108.470362,28.357855,1005.5064,10.47,54.913882,0.0,0.0027680564490234,3,winter,samcheonpo_coal,1,53.55648
2022-12-23,12075.287075568,18097.53313392,2533.760420544,13.54625,19.01125,2.66,8,-1.68,58.31,331.31,11.51,0.0,-0.4800703992439652,0.8772299651572214,5.0660295395308435,13666.41935483871,0.0,33.645161290322584,1.0,0.0,34782.096774193546,37.584895909556735,73.43648098530483,43998.0,114.242177,30.10685,1008.4719,11.43,60.454097,0.0,0.0025898066242383,4,winter,samcheonpo_coal,1,53.78808
2022-12-24,8484.321881519998,13876.912357632,26173.954951488,14.70375,25.34875,64.125,8,-0.96,56.27,219.9,5.41,0.0,-0.6414496315691579,-0.7671651518152995,10.401109057301294,13666.41935483871,0.0,33.645161290322584,1.0,0.0,34782.096774193546,37.584895909556735,73.43648098530483,29685.0,114.328993,15.256526,1014.0654,11.67,63.239193,0.0,0.0038366297787059,5,winter,samcheonpo_coal,1,51.0898
2022-12-25,5505.086485440001,7663.30905384,1047.121430256,18.7925,27.43125,36.51875,8,-1.5,56.96,73.23,2.48,0.0,0.9574707029928564,0.2885305060307577,22.967741935483872,13666.41935483871,0.0,33.645161290322584,1.0,0.0,34782.096774193546,37.584895909556735,73.43648098530483,20419.0,115.997402,23.400002,1017.582,11.85,62.247122000000005,0.0,0.0056487663343313,6,winter,samcheonpo_coal,1,53.75028
2022-12-26,9307.6056396,24669.449219376,3573.1112135040003,11.65375,31.83375,4.5024999999999995,8,-0.22,53.26,126.19,2.89,0.0,0.8070633799873794,-0.5904648174814031,18.429065743944633,13666.41935483871,0.0,33.645161290322584,1.0,0.0,34782.096774193546,37.584895909556735,73.43648098530483,39293.0,91.296499,13.392774,1020.61304,9.46,36.049859000000005,0.0,0.0023180939388448,0,winter,samcheonpo_coal,1,55.24664
2022-12-27,11280.870500255998,16379.390501424,1874.156721696,13.6125,18.6825,2.1325,8,0.07,55.03,48.8,2.68,0.0,0.7524149088957244,0.6586894601186806,20.533582089552237,13666.41935483871,0.0,33.645161290322584,1.0,0.0,34782.096774193546,37.584895909556735,73.43648098530483,42580.0,116.837256,15.277749,1023.5722,11.84,61.534856,0.0,0.0027364381886056,1,winter,samcheonpo_coal,1,55.3024
2022-12-28,9401.842472688,17247.611251152,1888.044295968,10.8825,19.215,2.1,8,-1.34,58.9,57.89,4.16,0.0,0.8470291619316732,0.5315464220906084,14.158653846153843,13666.41935483871,0.0,33.645161290322584,1.0,0.0,34782.096774193546,37.584895909556735,73.43648098530483,42710.0,103.05507,18.218275,1025.0626,10.52,48.95751,0.0,0.0024070945143135,2,winter,samcheonpo_coal,1,54.097559999999994
2022-12-29,8776.957636512001,17227.712171807998,2290.6109449439996,10.135000000000002,18.91625,2.50875,8,1.17,55.53,90.8,1.17,0.0,0.9999025240093042,-0.0139621803391452,47.46153846153847,13666.41935483871,0.0,33.645161290322584,1.0,0.0,34782.096774193546,37.584895909556735,73.43648098530483,43835.0,112.207219,18.289274,1028.0907,11.53,59.046899,0.0,0.0025532275223051,3,winter,samcheonpo_coal,1,53.16032
2022-12-30,7868.54084256,15842.243597616,2186.497129824,9.735,18.90375,2.59125,8,-0.83,65.15,56.85,4.11,0.0,0.837241833837739,0.5468328004719724,15.851581508515816,13666.41935483871,0.0,33.645161290322584,1.0,0.0,34782.096774193546,37.584895909556735,73.43648098530483,40558.0,104.962955,14.408997,1027.8251,11.25,48.18163499999999,0.0,0.0025812913612851,4,winter,samcheonpo_coal,1,56.78132
2022-12-31,4951.794292560001,9501.555518208,11131.617423888,12.64125,20.0925,38.965,8,-0.59,57.31,64.28,2.05,0.0,0.90092559085127,0.4339735933778575,27.956097560975618,13666.41935483871,0.0,33.645161290322584,1.0,0.0,34782.096774193546,37.584895909556735,73.43648098530483,24019.0,122.846293,14.685176,1027.0283,11.65,61.909733,0.0,0.0050885210480202,5,winter,samcheonpo_coal,1,60.93656
2023-01-01,6682.712706,16951.15183968,15894.380760768,13.16,38.36125,45.77625,8,2.63,41.55,202.97,2.49,0.0,-0.3902490997365188,-0.9207093136027444,16.686746987951803,16090.516129032258,0.0,36.516129032258064,1.0,0.0,39346.70967741936,36.66195241148172,77.51311778334541,28038.0,112.483642,15.273505,1026.0702,11.73,51.664962,0.0,0.0039957978495323,6,winter,samcheonpo_coal,1,60.81868
2023-01-02,10319.250369888,17096.627375424,2322.206638992,12.0475,18.79,2.55,8,-1.14,35.94,31.66,3.49,0.0,0.524877544859388,0.8511777504742362,10.297994269340974,16090.516129032258,0.0,36.516129032258064,1.0,0.0,39346.70967741936,36.66195241148172,77.51311778334541,43797.0,123.292641,20.898611,1026.2792,11.84,62.989801,0.0,0.0028071907900928,0,winter,samcheonpo_coal,1,60.30284
2023-01-03,12602.174253696,18096.194212272,2430.2190071520004,13.8475,18.975,2.54625,8,-1.2,51.48,34.36,4.54,0.0,0.5643908279027989,0.8255077185461037,11.33920704845815,16090.516129032258,0.0,36.516129032258064,1.0,0.0,39346.70967741936,36.66195241148172,77.51311778334541,45998.0,125.128965,18.359999,1025.2053,12.22,66.84436500000001,0.0,0.0027129331380564,1,winter,samcheonpo_coal,1,58.2846
2023-01-04,12161.06332848,17916.808536144,2303.084161152,13.4075,18.90125,2.4337500000000003,8,-0.51,64.96,73.3,2.85,0.0,0.9578224948453148,0.2873605198497121,22.792982456140347,16090.516129032258,0.0,36.516129032258064,1.0,0.0,39346.70967741936,36.66195241148172,77.51311778334541,45586.0,112.570026,17.377226,1026.3237,11.76,58.233946,0.0,0.0024633161592573,2,winter,samcheonpo_coal,1,54.33608
2023-01-05,11477.044788912,18148.564400832,2292.929366832,12.5525,18.88,2.38375,8,2.11,70.74,43.76,2.09,0.0,0.6916391215446401,0.7222432592616967,33.84688995215311,16090.516129032258,0.0,36.516129032258064,1.0,0.0,39346.70967741936,36.66195241148172,77.51311778334541,47086.0,90.516141,10.00256,1026.8976,10.93,38.263661,0.0,0.0019186694653218,3,winter,samcheonpo_coal,1,52.252480000000006
2023-01-06,8626.487977151999,14071.84192152,1801.686299184,11.34,17.6375,2.25375,8,3.44,83.84,91.46,2.51,0.0,0.9996753563210984,-0.0254790495169003,33.40239043824702,16090.516129032258,0.0,36.516129032258064,1.0,0.0,39346.70967741936,36.66195241148172,77.51311778334541,40213.0,105.048893,10.948973,1020.1706,12.11,54.050133,0.0,0.0026055053725141,4,winter,samcheonpo_coal,1,50.99876
2023-01-07,9244.707218064,14048.665814159998,10519.673448096,20.57,31.74125,30.015,8,1.05,62.56,66.82,2.72,0.25,0.9192727949231944,0.3936210468383247,23.0,16090.516129032258,0.0,36.516129032258064,1.0,0.0,39346.70967741936,36.66195241148172,77.51311778334541,26697.0,104.763789,22.59699,1015.33307,11.86,53.988108999999994,0.0,0.0039088393519458,5,winter,samcheonpo_coal,1,50.77568
2023-01-08,5485.785038352,7408.361106576001,1519.572374784,25.0825,40.35,42.04875,8,4.12,56.33,68.99,1.54,0.0,0.9335178652717444,0.3585308846089626,36.577922077922075,16090.516129032258,0.0,36.516129032258064,1.0,0.0,39346.70967741936,36.66195241148172,77.51311778334541,22123.0,111.710078,10.144082,1021.3594,12.14,60.963558000000006,0.0,0.0050241301824092,6,winter,samcheonpo_coal,1,50.74652
2023-01-09,11141.135363087998,16299.92743632,1938.104185536,12.6225,17.99875,2.13625,8,5.99,62.09,47.88,7.84,0.0,0.7417417727387392,0.67068557653672,7.919642857142858,16090.516129032258,0.0,36.516129032258064,1.0,0.0,39346.70967741936,36.66195241148172,77.51311778334541,41798.0,89.593595,16.92383,1019.53314,11.1,38.532315,0.0,0.0021389052774493,0,winter,samcheonpo_coal,1,51.06128
2023-01-10,12593.129361408,15172.54533144,2198.565983808,14.02125,16.40875,2.365,8,5.31,76.08,32.33,2.79,0.0,0.5347948541826751,0.844981931132099,27.268817204301076,16090.516129032258,0.0,36.516129032258064,1.0,0.0,39346.70967741936,36.66195241148172,77.51311778334541,47463.0,112.950736,16.746773,1024.4149,12.25,62.504056,0.0,0.0023741141112821,1,winter,samcheonpo_coal,1,50.44668
2023-01-11,12981.852025056,15202.932619248,2198.2165439040004,14.35125,16.33375,2.35625,8,4.93,84.85,51.84,2.28,0.0,0.7862884321366189,0.6178596130903342,37.21491228070175,16090.516129032258,0.0,36.516129032258064,1.0,0.0,39346.70967741936,36.66195241148172,77.51311778334541,47492.0,114.005964,10.182337,1022.4424,12.07,58.020084,0.0,0.0023947811140932,2,winter,samcheonpo_coal,1,55.985879999999995
2023-01-12,12098.054563056,15595.813685088,2110.835720304,13.335,16.59375,2.24125,8,11.15,95.7,190.88,3.01,3.19,-0.1887526632233952,-0.9820246596323716,31.79401993355482,16090.516129032258,0.0,36.516129032258064,1.0,0.0,39346.70967741936,36.66195241148172,77.51311778334541,47135.0,106.043686,14.291592,1019.6267,11.41,50.245766,0.0,0.0022447363082163,3,winter,samcheonpo_coal,1,55.79792
2023-01-13,11595.630534624,14391.90549576,1944.99464616,13.66875,16.611250000000002,2.24,8,13.02,91.03,128.88,0.92,23.5,0.7784623015670235,-0.6276913612907005,98.94565217391305,16090.516129032258,0.0,36.516129032258064,1.0,0.0,39346.70967741936,36.66195241148172,77.51311778334541,44605.0,73.264567,23.441502,1008.69336,3.79,15.287807,0.0,0.0016398257118991,4,winter,samcheonpo_coal,1,57.97676
2023-01-14,11175.707719728,15363.603376416,2507.5602432,12.2475,16.26375,2.65375,8,7.73,89.84,54.97,5.64,1.25,0.8188516080953395,0.5740052647142503,15.929078014184398,16090.516129032258,0.0,36.516129032258064,1.0,0.0,39346.70967741936,36.66195241148172,77.51311778334541,47483.0,59.204361,13.708391,1008.40405,1.36,3.021001,0.0,0.001245301133924,5,winter,samcheonpo_coal,1,56.18336
2023-01-15,5394.848530032,11895.330213935998,24035.57030232,11.0725,35.13875,104.6875,8,0.77,58.3,344.51,9.04,0.25,-0.267070186767028,0.9636770804269577,6.449115044247788,16090.516129032258,0.0,36.516129032258064,1.0,0.0,39346.70967741936,36.66195241148172,77.51311778334541,27076.0,61.71213100000001,16.93531,1012.4041,3.81,4.464691000000001,0.0,0.0022740358767939,6,winter,samcheonpo_coal,1,57.247440000000005
2023-01-16,8656.630214976,17772.880823424002,2655.4055068800003,10.48125,22.11,3.2,8,-1.07,52.15,50.14,6.42,0.0,0.7676127811476987,0.6409138929830553,8.123052959501557,16090.516129032258,0.0,36.516129032258064,1.0,0.0,39346.70967741936,36.66195241148172,77.51311778334541,42631.0,126.55383899999998,22.7057,1017.9748,13.32,68.43119899999999,0.0,0.0029598007284637,0,winter,samcheonpo_coal,1,58.12264
2023-01-17,12260.607520032,15716.049425136,2826.7344714240003,13.29625,16.39625,2.9425,8,0.5,52.2,44.91,3.7,0.0,0.7059951885509279,0.708216629106476,14.108108108108109,16090.516129032258,0.0,36.516129032258064,1.0,0.0,39346.70967741936,36.66195241148172,77.51311778334541,48410.0,126.262406,16.704155,1021.55615,12.19,67.821126,0.0,0.0026014035638721,1,winter,samcheonpo_coal,1,58.44128
2023-01-18,11239.07731344,14637.98224656,2633.076967536,12.14375,15.30625,2.74875,8,1.13,62.99,61.08,2.83,0.0,0.8752957762910015,0.4835879485751614,22.257950530035338,16090.516129032258,0.0,36.516129032258064,1.0,0.0,39346.70967741936,36.66195241148172,77.51311778334541,48542.0,111.549523,15.716793,1022.1016,12.26,53.175403,0.0,0.0022927314470091,2,winter,samcheonpo_coal,1,58.374120000000005
2023-01-19,11482.318039392,15491.456977392,2547.8303112,12.47875,16.40875,2.6975,8,3.08,63.9,299.65,1.36,0.0,-0.8690635528865558,0.4947004558762775,46.98529411764705,16090.516129032258,0.0,36.516129032258064,1.0,0.0,39346.70967741936,36.66195241148172,77.51311778334541,45957.0,121.242221,12.959999,1021.2151,13.08,63.671221,0.0,0.0026312249590272,3,winter,samcheonpo_coal,1,57.571
2023-01-20,12154.88252304,14853.890009232,2195.325651168,14.0475,16.67,2.4612499999999997,8,-1.59,42.88,229.18,7.71,0.0,-0.756766922718813,-0.6536848052989287,5.5616083009079125,16090.516129032258,0.0,36.516129032258064,1.0,0.0,39346.70967741936,36.66195241148172,77.51311778334541,45558.0,125.717758,26.61323,1022.1463,13.18,68.350278,0.0,0.0027519160911107,4,winter,samcheonpo_coal,1,57.36748
2023-01-21,7074.946101312,8977.51133208,8271.714819456,14.0425,18.3825,125.025,8,-0.64,37.6,50.76,3.98,0.0,0.7745030601987338,0.6325701619131245,9.447236180904524,16090.516129032258,0.0,36.516129032258064,1.0,0.0,39346.70967741936,36.66195241148172,77.51311778334541,26491.0,129.904411,16.323528,1025.8918,13.65,74.721811,0.0,0.0048797895441269,5,winter,samcheonpo_coal,1,55.1826
2023-01-22,5561.329619808001,7245.47200032,1081.2715256160002,13.13125,20.9625,25.05375,8,3.12,45.69,42.24,5.11,0.0,0.672237604759516,0.7403354663577781,8.9412915851272,16090.516129032258,0.0,36.516129032258064,1.0,0.0,39346.70967741936,36.66195241148172,77.51311778334541,22377.0,69.04326999999999,15.646544,1022.7749,5.17,13.81931,0.0,0.0030759661811878,6,winter,samcheonpo_coal,1,55.22396
2023-01-23,4777.674736464,6531.876930815999,887.2520264640001,10.2175,15.93125,17.6525,8,3.05,54.04,347.08,8.49,0.0,-0.2235903582480533,0.9746832058153598,6.365135453474676,16090.516129032258,0.0,36.516129032258064,1.0,0.0,39346.70967741936,36.66195241148172,77.51311778334541,19887.0,113.623436,15.646544,1017.64545,12.71,58.502275999999995,0.0,0.0056809947131689,0,winter,samcheonpo_coal,1,55.12116
2023-01-24,6598.088562096,10780.335818208,16259.927440752,13.458749999999998,27.7925,86.17875000000001,8,-9.18,40.76,339.48,5.8,0.0,-0.3505343201912592,0.9365498867481924,7.027586206896552,16090.516129032258,0.0,36.516129032258064,1.0,0.0,39346.70967741936,36.66195241148172,77.51311778334541,24272.0,130.51644199999998,33.636406,1020.84174,14.21,75.523282,0.0,0.0053484829038108,1,winter,samcheonpo_coal,1,54.99316
2023-01-25,8726.073381648,18897.944702688,3771.161929296,10.03375,22.38625,4.4887500000000005,8,-6.27,33.49,48.78,3.17,0.0,0.7521849370641114,0.658952062333717,10.56466876971609,16090.516129032258,0.0,36.516129032258064,1.0,0.0,39346.70967741936,36.66195241148172,77.51311778334541,44725.0,129.013125,22.392462,1026.2314,14.39,78.694405,0.0,0.0028762894557609,2,winter,samcheonpo_coal,1,50.31872
2023-01-26,10262.9865096,15113.09398536,2288.2538892959997,11.455,16.73875,2.53,8,2.02,74.51,285.56,7.56,0.0,-0.9633500735172849,0.2682473408148565,9.855820105820108,16090.516129032258,0.0,36.516129032258064,1.0,0.0,39346.70967741936,36.66195241148172,77.51311778334541,46855.0,91.650953,13.217443,1020.8299,10.63,40.058952999999995,0.0,0.0019522362328199,3,winter,samcheonpo_coal,1,51.592
2023-01-27,11382.402874176,15159.195304128,2321.8034605919997,12.505,16.5125,2.5275000000000003,8,-5.4,43.87,65.74,4.39,0.0,0.9116903457277412,0.410877978853615,9.993166287015946,16090.516129032258,0.0,36.516129032258064,1.0,0.0,39346.70967741936,36.66195241148172,77.51311778334541,46121.0,130.409037,30.953718,1017.0706,14.17,75.118437,0.0,0.0028195689540112,4,winter,samcheonpo_coal,1,55.2906
2023-01-28,6966.342297360001,15601.15673856,35423.774174592,10.53125,27.4075,94.9625,8,-0.69,63.72,302.94,11.23,0.0,-0.8392404526523819,0.5437604827787921,5.674087266251113,16090.516129032258,0.0,36.516129032258064,1.0,0.0,39346.70967741936,36.66195241148172,77.51311778334541,33764.0,127.609402,22.79684,1019.19336,13.83,73.653802,0.0,0.0037652210754107,5,winter,samcheonpo_coal,1,53.9556
2023-01-29,4965.004934640001,17534.998072368,22972.056257808,7.50625,38.65875,72.88125,8,3.49,62.06,328.01,8.35,0.0,-0.5297712438478926,0.8481405715987513,7.432335329341318,16090.516129032258,0.0,36.516129032258064,1.0,0.0,39346.70967741936,36.66195241148172,77.51311778334541,29608.0,129.219047,18.35647,1017.32477,13.92,73.126447,0.0,0.0043453641981709,6,winter,samcheonpo_coal,1,56.0926
2023-01-30,10069.341809615998,15045.710729616,2011.066662672,11.15375,16.465,2.2075,8,-0.88,43.52,44.67,3.24,0.0,0.7030224326734701,0.7111676730264644,13.432098765432098,16090.516129032258,0.0,36.516129032258064,1.0,0.0,39346.70967741936,36.66195241148172,77.51311778334541,45815.0,132.37970099999998,17.377226,1019.1741,14.6,77.20902099999999,0.0,0.0028811153511136,0,winter,samcheonpo_coal,1,55.17068
2023-01-31,11519.842532256,15996.142260144,2207.643344208,12.56,17.185,2.37375,8,3.2,77.2,69.76,2.94,0.0,0.9382517304551397,0.3459533065284046,26.258503401360542,16090.516129032258,0.0,36.516129032258064,1.0,0.0,39346.70967741936,36.66195241148172,77.51311778334541,46145.0,129.347259,15.03835,1016.95166,14.41,73.926019,0.0,0.0027952260088302,1,winter,samcheonpo_coal,1,55.42124
2023-02-01,11960.478522143998,16804.190541456,2300.832286848,12.89375,17.94,2.45125,8,2.48,35.61,36.69,5.44,0.0,0.5974852016253366,0.8018799372965575,6.54595588235294,14377.464285714286,0.0,21.678571428571427,1.0,0.0,32847.78571428572,37.17929385324951,81.31555192891888,46958.0,116.468826,25.43802,1013.68024,14.07,60.091026,0.0,0.0024741399936024,2,winter,samcheonpo_coal,1,56.3778
2023-02-02,14976.044863632,17403.967923696,2275.3292333760005,15.87625,17.87,2.34125,8,1.46,42.61,46.58,3.84,0.0,0.7263347879241292,0.6873410913449087,11.096354166666666,14377.464285714286,0.0,21.678571428571427,1.0,0.0,32847.78571428572,37.17929385324951,81.31555192891888,47553.0,114.462542,21.707731,1021.0264,12.66,61.198822,0.0,0.0024012719766475,3,winter,samcheonpo_coal,1,53.26372
2023-02-03,2812.888885392,1113.3402719039998,345.940601904,14.58375,17.88,2.4762500000000003,8,3.37,29.89,72.36,2.96,0.0,0.9529793415172187,0.3030352696327739,10.097972972972974,14377.464285714286,0.0,21.678571428571427,1.0,0.0,32847.78571428572,37.17929385324951,81.31555192891888,46103.0,108.248598,15.778516,1018.2954,12.6,54.674478,0.0,0.0023424729104741,4,winter,samcheonpo_coal,1,53.57412
2023-02-04,2731.5175677119996,1520.311264992,1429.742571552,16.07875,17.76125,25.6225,8,1.13,50.94,62.48,1.04,0.0,0.8868495984693557,0.4620582102882086,48.980769230769226,14377.464285714286,0.0,21.678571428571427,1.0,0.0,32847.78571428572,37.17929385324951,81.31555192891888,27648.0,130.61916499999998,17.698677,1020.29266,15.07,76.27960499999999,0.0,0.0047021475122339,5,winter,samcheonpo_coal,1,54.33956
2023-02-05,5714.931860928,4993.116167664,7690.837822848,23.02375,28.04,44.0425,8,1.04,57.7,57.66,3.64,0.0,0.8448885789524799,0.5349423232047161,15.851648351648352,14377.464285714286,0.0,21.678571428571427,1.0,0.0,32847.78571428572,37.17929385324951,81.31555192891888,25553.0,130.96584199999998,12.4811535,1021.4754,15.31,76.87664199999999,0.0,0.0050991284915134,6,winter,samcheonpo_coal,1,54.0892
2023-02-06,3693.636936,1217.288611008,361.289014848,10.99875,13.11625,14.489999999999998,8,6.16,34.97,84.53,1.62,0.0,0.995446246636795,0.0953245511750099,21.586419753086417,14377.464285714286,0.0,21.678571428571427,1.0,0.0,32847.78571428572,37.17929385324951,81.31555192891888,35048.0,86.67887,15.986593,1018.39777,11.88,36.555150000000005,0.0,0.0024670460293864,0,winter,samcheonpo_coal,1,50.12372
2023-02-07,3837.514690368,1203.046239744,363.119999904,11.61625,13.08625,13.7875,8,5.46,84.31,56.44,3.12,0.0,0.8333073778843497,0.5528099257100124,27.022435897435894,14377.464285714286,0.0,21.678571428571427,1.0,0.0,32847.78571428572,37.17929385324951,81.31555192891888,35280.0,109.678331,14.336861,1016.1028,14.96,60.164931,0.0,0.0030991615683583,1,winter,samcheonpo_coal,1,49.5134
2023-02-08,3824.262159264,1099.237012704,368.799579648,10.8925,12.2725,11.06625,8,10.77,33.77,231.38,2.86,0.0,-0.78130264974832,-0.6241523608032369,11.80769230769231,14377.464285714286,0.0,21.678571428571427,1.0,0.0,32847.78571428572,37.17929385324951,81.31555192891888,32741.0,118.281264,17.294992,1021.14435,15.93,72.05834399999999,0.0,0.0035996302855713,2,winter,samcheonpo_coal,1,46.222919999999995
2023-02-09,3326.3897781600003,1257.902060976,384.247121904,10.98125,14.3325,14.09125,8,2.82,86.63,44.06,9.51,1.67,0.6954112803096729,0.7186119615049986,9.109358569926393,14377.464285714286,0.0,21.678571428571427,1.0,0.0,32847.78571428572,37.17929385324951,81.31555192891888,35319.0,89.596441,19.373219,1023.35254,11.76,44.184041,0.9396,0.0025303584441504,3,winter,samcheonpo_coal,1,44.4728
2023-02-10,4193.362471968,1174.41985464,309.930848784,13.41,15.51125,27.53875,8,4.2,77.15,275.09,2.76,9.75,-0.9960565652217837,0.0887204535526212,27.95289855072464,14377.464285714286,0.0,21.678571428571427,1.0,0.0,32847.78571428572,37.17929385324951,81.31555192891888,35526.0,117.416131,18.581022,1015.69025,13.74,68.931291,2.56248,0.0032941884854263,4,winter,samcheonpo_coal,1,45.92236
2023-02-11,3335.5986454080003,2157.1535805119997,45547.473973536005,11.8775,19.34875,177.48000000000002,8,4.06,84.05,132.02,1.57,0.0,0.7429112095630296,-0.6693899720682978,53.53503184713375,14377.464285714286,0.0,21.678571428571427,1.0,0.0,32847.78571428572,37.17929385324951,81.31555192891888,28198.0,76.29810499999999,15.281989,1019.60297,10.48,29.281105,0.34992,0.0026984968722002,5,winter,samcheonpo_coal,1,46.66708
2023-02-12,2806.412918832,2684.96471088,23719.52790432,12.21375,25.905,171.075,8,6.35,74.13,46.42,7.78,0.0,0.7244125399459924,0.6893667180601308,9.52827763496144,14377.464285714286,0.0,21.678571428571427,1.0,0.0,32847.78571428572,37.17929385324951,81.31555192891888,26055.0,73.552314,18.35647,1017.7481,10.13,26.654874,0.47232,0.0028150168105788,6,winter,samcheonpo_coal,1,46.42512
2023-02-13,3963.999373776,1022.78364984,313.964142624,8.615,13.115,16.6725,8,6.06,72.27,63.32,2.11,0.25,0.8935281758157078,0.4490071258047622,34.25118483412322,14377.464285714286,0.0,21.678571428571427,1.0,0.0,32847.78571428572,37.17929385324951,81.31555192891888,34657.0,65.109886,20.150354,1013.0017,8.99,17.874286,1.29024,0.0018751707835085,0,winter,samcheonpo_coal,1,45.94536
2023-02-14,3931.412778576,1107.968044032,321.95814566399997,11.86125,13.385,17.6325,8,4.31,66.18,94.28,4.62,0.0,0.997211245285634,-0.0746306389887922,14.324675324675326,14377.464285714286,0.0,21.678571428571427,1.0,0.0,32847.78571428572,37.17929385324951,81.31555192891888,34684.0,116.274093,14.618837,1017.1116,16.18,68.773133,0.62064,0.0033411832530189,1,winter,samcheonpo_coal,1,46.88032
2023-02-15,3921.404101776,1185.509361024,341.935360416,12.01375,14.825,41.615,8,3.29,62.24,49.87,4.62,0.0,0.764584033736195,0.6445240533569628,13.471861471861471,14377.464285714286,0.0,21.678571428571427,1.0,0.0,32847.78571428572,37.17929385324951,81.31555192891888,35419.0,72.73565300000001,17.57744,1024.338,8.78,25.644693000000004,0.3772799999999999,0.002049368723782,2,winter,samcheonpo_coal,1,46.71368
2023-02-16,9827.493732144,9889.437352607998,1661.0051754719998,13.5825,23.9575,88.24874999999999,8,8.34,66.65,228.08,2.71,0.0,-0.7440783833509366,-0.6680923285219317,24.594095940959413,14377.464285714286,0.0,21.678571428571427,1.0,0.0,32847.78571428572,37.17929385324951,81.31555192891888,34672.0,82.854886,13.608762,1027.1677,7.7,34.817806000000004,0.1108799999999999,0.0023839802028169,3,winter,samcheonpo_coal,1,47.926199999999994
2023-02-17,9155.3444136,10058.182309728,2059.254442944,11.5475,18.61125,110.79874999999998,8,4.99025,59.75,,1.926681388888889,0.0,0.90100193,0.43381503,31.011873755866628,14377.464285714286,0.0,21.678571428571427,1.0,0.0,32847.78571428572,37.17929385324951,81.31555192891888,35364.0,65.508565,3.182766111111111,1024.1118,9.87,17.941685,0.01296,0.0018489831683613,4,winter,samcheonpo_coal,1,47.55392
2023-02-18,6346.530386208,5827.305523247999,1481.721186384,10.10375,18.08,117.0375,8,9.029834,84.708336,,1.9015627777777775,0.1,0.9471438,0.32080942,44.54669442940646,14377.464285714286,0.0,21.678571428571427,1.0,0.0,32847.78571428572,37.17929385324951,81.31555192891888,35700.0,52.649794,3.0610455555555554,1016.91754,6.67,6.404634,0.06552,0.0014726123602965,5,winter,samcheonpo_coal,1,46.17964
2023-02-19,4522.527095184,8459.161143264002,1626.9164912160002,10.05375,26.88875,57.57,8,7.763167,64.625,,4.248717222222222,0.1,-0.8893017,0.457321,15.210473331100852,14377.464285714286,0.0,21.678571428571427,1.0,0.0,32847.78571428572,37.17929385324951,81.31555192891888,26142.0,116.680033,6.390618333333333,1013.916,16.43,62.993233,7.614,0.0044434843203605,6,winter,samcheonpo_coal,1,46.0728
2023-02-20,5947.23018744,7081.176943728002,1349.580565728,12.14625,18.98875,48.298750000000005,8,2.6465,50.291668,,4.757270277777778,0.0,-0.3875711,0.92183983,10.571538942179318,14377.464285714286,0.0,21.678571428571427,1.0,0.0,32847.78571428572,37.17929385324951,81.31555192891888,33784.0,136.69086900000002,7.9322125,1021.19916,17.06,86.332909,4.88952,0.0040297194867844,0,winter,samcheonpo_coal,1,45.46844
2023-02-21,7553.753324352,9651.806035632002,2512.012969728,12.5,22.1075,119.9025,8,0.6069167,45.083332,,4.032421111111111,0.0,0.32921258,0.9442558,11.180214257825256,14377.464285714286,0.0,21.678571428571427,1.0,0.0,32847.78571428572,37.17929385324951,81.31555192891888,34734.0,132.706544,5.854912777777778,1028.9829,17.94,86.143304,0.8769600000000001,0.0038061106755962,1,winter,samcheonpo_coal,1,45.68628
2023-02-22,6645.615977951999,7184.573305055999,2539.418321808,10.65875,18.85,127.455,8,5.5,71.75,64.57,1.51,0.0,0.903110579135655,0.4294080598373323,47.51655629139073,14377.464285714286,0.0,21.678571428571427,1.0,0.0,32847.78571428572,37.17929385324951,81.31555192891888,33691.0,123.342368,14.05845,1026.9658,15.95,76.141808,0.12888,0.0036476346828712,2,winter,samcheonpo_coal,1,47.07168
2023-02-23,6507.53072496,6945.693149376,1475.930898288,9.09375,13.15,33.90375,8,6.07,72.41,58.08,2.05,0.25,0.8487871761338818,0.5287346495461317,35.321951219512194,14377.464285714286,0.0,21.678571428571427,1.0,0.0,32847.78571428572,37.17929385324951,81.31555192891888,33091.0,124.971069,13.830749,1019.5339,17.67,77.03438899999999,0.41904,0.003762378909242,3,winter,samcheonpo_coal,1,47.51764
2023-02-24,6322.4180326079995,6725.291719104001,1307.81322288,8.591249999999999,11.44875,16.94125,8,4.94,35.38,297.92,6.28,0.0,-0.8836022379313877,0.468238278147615,5.63375796178344,14377.464285714286,0.0,21.678571428571427,1.0,0.0,32847.78571428572,37.17929385324951,81.31555192891888,33146.0,124.401012,18.671474,1018.39624,17.15,73.877972,1.00872,0.0037390896477361,4,winter,samcheonpo_coal,1,49.51432
2023-02-25,5081.786459280001,7487.396696304,4915.273690224,10.06,16.29125,37.0775,8,2.11,39.98,124.76,1.76,0.0,0.8215474422259401,-0.570140158357588,22.71590909090909,14377.464285714286,0.0,21.678571428571427,1.0,0.0,32847.78571428572,37.17929385324951,81.31555192891888,26768.0,141.72673300000002,20.265795,1025.9692,18.71,89.36517300000001,2.3839200000000003,0.0052667473886383,5,winter,samcheonpo_coal,1,49.97764
2023-02-26,4182.991267248,8130.164314031999,4004.3922624,10.2925,26.2925,52.89,8,2.05,54.68,33.33,2.87,0.0,0.5494603704303241,0.8355197791354618,19.05226480836237,14377.464285714286,0.0,21.678571428571427,1.0,0.0,32847.78571428572,37.17929385324951,81.31555192891888,23572.0,137.84147199999998,16.179987,1031.925,18.81,86.526192,0.11952,0.0058136817221145,6,winter,samcheonpo_coal,1,51.19576
2023-02-27,3556.981543824,1671.178389408,12905.273632464,14.99625,15.76,592.92625,8,3.49,64.76,80.85,1.42,0.0,0.9872754118385364,0.1590196880233643,45.60563380281691,14377.464285714286,0.0,21.678571428571427,1.0,0.0,32847.78571428572,37.17929385324951,81.31555192891888,22024.0,136.821586,12.496718,1030.9321,18.79,86.477706,0.0,0.0061740303927376,0,winter,samcheonpo_coal,1,50.34388
2023-02-28,2977.021526256,1160.093093184,970.273011888,6.375,21.10625,116.00249999999998,8,9.73,74.13,268.99,3.03,0.0,-0.9998446339083082,-0.0176269125135717,24.465346534653467,14377.464285714286,0.0,21.678571428571427,1.0,0.0,32847.78571428572,37.17929385324951,81.31555192891888,20308.0,134.533245,17.713316,1024.789,18.4,85.31524499999999,0.0,0.0065810456750953,1,winter,samcheonpo_coal,1,49.218
2023-03-01,2639.6360215199993,633.1759498080002,852.974810208,8.15625,32.545,119.5825,8,5.63,33.76,143.14,6.18,0.0,0.5998617938417413,-0.8001036359678465,5.4627831715210355,11581.516129032258,0.0,44.54838709677419,1.0,0.0,24365.129032258064,36.11078210663309,68.77108058979054,17172.0,65.191143,20.730501,1017.7557,11.16,23.567463,0.0,0.0037820049948494,2,spring,samcheonpo_coal,1,41.62368
2023-03-02,3915.510659135999,1590.789170304,1951.202412432,19.9575,42.87,152.13750000000002,8,3.16,42.47,68.44,4.09,0.0,0.930033258706564,0.3674753565882333,10.383863080684597,11581.516129032258,0.0,44.54838709677419,1.0,0.0,24365.129032258064,36.11078210663309,68.77108058979054,21276.0,129.99225,21.398056,1022.8726,19.56,88.54997,0.0,0.0060727037776069,3,spring,samcheonpo_coal,1,41.44228
2023-03-03,3854.04271992,1523.156836176,612.040342752,21.63875,38.6475,69.54625,8,4.33,59.87,66.77,2.98,0.0,0.9189289457700576,0.3944231137065001,20.090604026845636,11581.516129032258,0.0,44.54838709677419,1.0,0.0,24365.129032258064,36.11078210663309,68.77108058979054,22095.0,129.409711,15.986593,1023.9959,19.21,85.870071,0.0,0.0058228638097842,4,spring,samcheonpo_coal,1,43.53964
2023-03-04,3813.347217744,1402.322288544,575.6528808,10.195,18.14125,63.89,8,6.78,70.48,62.56,3.25,0.0,0.8874938887488247,0.4608194846504309,21.686153846153847,11581.516129032258,0.0,44.54838709677419,1.0,0.0,24365.129032258064,36.11078210663309,68.77108058979054,21703.0,106.237106,15.408671,1024.2362,15.74,59.912226,0.0,0.0048711977169881,5,spring,samcheonpo_coal,1,46.32488
2023-03-05,2633.059649952,6980.169901536,4281.531686207999,13.0,51.9525,56.245,8,6.41,86.1,94.13,1.55,0.0,0.9974032102313196,-0.0720196932807819,55.548387096774185,11581.516129032258,0.0,44.54838709677419,1.0,0.0,24365.129032258064,36.11078210663309,68.77108058979054,15682.0,114.267099,11.384198,1024.0975,18.38,67.63181900000001,0.0,0.007233803928729,6,spring,samcheonpo_coal,1,46.63528
2023-03-06,7677.953712144,13079.593793520002,1558.777404816,13.56875,27.8,31.432499999999997,8,10.26,65.72,347.09,2.55,0.0,-0.2234202405323874,0.974722214849159,25.772549019607844,11581.516129032258,0.0,44.54838709677419,1.0,0.0,24365.129032258064,36.11078210663309,68.77108058979054,30682.0,120.928445,13.830749,1020.7264,19.47,74.68444500000001,0.0,0.0039258749445177,0,spring,samcheonpo_coal,1,46.244
2023-03-07,8160.074178336,8847.550018799999,1608.040299024,11.06,20.94875,25.11875,8,9.72,76.55,72.66,2.17,0.0,0.9545529600236397,0.2980413503360027,35.276497695852534,11581.516129032258,0.0,44.54838709677419,1.0,0.0,24365.129032258064,36.11078210663309,68.77108058979054,32259.0,107.315222,13.004922,1018.8899,18.89,61.680342,0.0,0.0033156453326221,1,spring,samcheonpo_coal,1,45.634879999999995
2023-03-08,6890.430761712,9120.61229256,1578.703425552,11.8525,21.33625,20.28,8,13.56,78.27,177.22,1.56,0.0,0.0485011177128809,-0.9988231282767742,50.17307692307692,11581.516129032258,0.0,44.54838709677419,1.0,0.0,24365.129032258064,36.11078210663309,68.77108058979054,32072.0,111.751547,14.565548,1017.6479,18.39,65.721547,0.91224,0.0034722970949114,2,spring,samcheonpo_coal,1,45.11776
2023-03-09,6024.248137295999,8870.864965056,1449.359644896,8.80875,21.9175,18.68625,8,11.06,92.0,115.08,1.42,0.0,0.9057168173699665,-0.4238832937651814,64.7887323943662,11581.516129032258,0.0,44.54838709677419,1.0,0.0,24365.129032258064,36.11078210663309,68.77108058979054,32003.0,102.044545,13.32,1012.5163,13.06,56.726665,0.87048,0.0031784582904711,3,spring,samcheonpo_coal,1,44.4474
2023-03-10,2563.869498912,2688.561574128,4997.758015152,8.48625,11.02125,29.04625,8,9.92,91.24,71.34,2.24,0.0,0.947433876990871,0.3199516349857384,40.732142857142854,11581.516129032258,0.0,44.54838709677419,1.0,0.0,24365.129032258064,36.11078210663309,68.77108058979054,24313.0,116.558302,12.245293,1016.472,19.65,70.15106200000001,0.3168,0.0047711997310429,4,spring,samcheonpo_coal,1,46.09044
2023-03-11,836.30813112,947.172127248,17218.311757632,5.3425,10.96875,86.52125,8,10.75,98.0,180.64,1.12,0.0,-0.0111698749294218,-0.9999376150010864,87.49999999999999,11581.516129032258,0.0,44.54838709677419,1.0,0.0,24365.129032258064,36.11078210663309,68.77108058979054,14562.0,91.328205,9.107359,1019.4864,16.55,43.253205,0.0756,0.0062325912394999,5,spring,samcheonpo_coal,1,47.9994
2023-03-12,947.846452608,3380.496004656,6429.942715248002,8.09,18.05,73.14750000000001,8,4.23,51.41,325.78,17.17,3.0,-0.5623720491861982,0.8268843197776314,2.9941758881770526,11581.516129032258,0.0,44.54838709677419,1.0,0.0,24365.129032258064,36.11078210663309,68.77108058979054,14749.0,72.501988,25.501621,1016.5339,3.91,18.384508,5.26608,0.0048916761647166,6,spring,samcheonpo_coal,1,48.8514
2023-03-13,1614.893334048,1147.671846,994.223197584,10.70875,12.44,81.735,8,3.08,70.63,67.46,2.78,0.0,0.9236121439536542,0.3833283286444329,25.406474820143885,11581.516129032258,0.0,44.54838709677419,1.0,0.0,24365.129032258064,36.11078210663309,68.77108058979054,19872.0,138.096141,22.862123,1019.4587,21.07,87.237061,1.7424000000000002,0.0069013232133875,0,spring,samcheonpo_coal,1,49.11668
2023-03-14,2205.778313952,1903.580279712,1394.085164976,8.27,15.355,120.0475,8,8.7,73.38,66.95,3.19,0.0,0.9201635257593656,0.3915342716316075,23.003134796238243,11581.516129032258,0.0,44.54838709677419,1.0,0.0,24365.129032258064,36.11078210663309,68.77108058979054,21346.0,132.739428,16.09969,1017.3201,20.6,87.186108,0.93816,0.0061800380997666,1,spring,samcheonpo_coal,1,44.61516
2023-03-15,2516.722370352,2139.4004025599997,1352.043487872,4.79625,14.02625,107.035,8,12.03,88.15,69.86,1.85,0.0,0.9388541035355564,0.3443152222520039,47.64864864864865,11581.516129032258,0.0,44.54838709677419,1.0,0.0,24365.129032258064,36.11078210663309,68.77108058979054,21556.0,112.197907,13.246826,1017.4133,18.42,69.465147,1.34568,0.0051779989956503,2,spring,samcheonpo_coal,1,41.387080000000005
2023-03-16,2485.1291211360003,1698.961221792,1711.153666512,5.7325,15.6775,156.03625,8,9.36,65.73,63.98,2.07,0.0,0.8986409711474661,0.4386848583837137,31.7536231884058,11581.516129032258,0.0,44.54838709677419,1.0,0.0,24365.129032258064,36.11078210663309,68.77108058979054,21369.0,120.299891,21.068459,1021.9489,18.58,77.137251,1.81224,0.0055981298418373,3,spring,samcheonpo_coal,1,41.3504
2023-03-17,2421.0940695840004,1802.677564512,1753.3858203360005,6.2925,26.7775,170.5025,8,10.0,63.42,87.64,2.01,0.0,0.9991518213376788,0.0411781242603347,31.552238805970152,11581.516129032258,0.0,44.54838709677419,1.0,0.0,24365.129032258064,36.11078210663309,68.77108058979054,22129.0,70.200601,19.008545,1019.8487,7.17,31.776121,0.72288,0.0031623031054928,4,spring,samcheonpo_coal,1,37.7016
2023-03-18,1887.425952192,2149.340943312,4848.880440384,6.47,30.65375,298.1875,8,8.61,67.03,58.26,2.88,0.0,0.8504440536988672,0.5260655011766484,23.274305555555557,11581.516129032258,0.0,44.54838709677419,1.0,0.0,24365.129032258064,36.11078210663309,68.77108058979054,14046.0,84.62509,17.377226,1014.63873,18.84,53.64077,0.96336,0.0059887718668502,5,spring,samcheonpo_coal,1,30.02096
2023-03-19,1937.693338704,3271.3051413599997,4502.139580944,5.29875,32.38625,205.50875,8,7.91,78.46,74.08,3.19,0.0,0.9616456211508752,0.2742949130431466,24.595611285266457,11581.516129032258,0.0,44.54838709677419,1.0,0.0,24365.129032258064,36.11078210663309,68.77108058979054,12595.0,108.946758,17.673029,1016.19653,21.56,77.39555800000001,0.76176,0.0085758197885545,6,spring,samcheonpo_coal,1,30.78944
2023-03-20,2565.752076288,1937.246814576,2749.953632543999,6.95875,170.45125,313.3875,8,10.16,69.82,75.47,2.04,0.0,0.9680164090089576,0.2508868906288302,34.225490196078425,11581.516129032258,0.0,44.54838709677419,1.0,0.0,24365.129032258064,36.11078210663309,68.77108058979054,20141.0,105.705449,13.513193,1013.13324,20.09,70.33644899999999,1.11456,0.0052208715766752,0,spring,samcheonpo_coal,1,34.25444
2023-03-21,2507.6162436480004,4275.31833288,2825.28978192,7.79,81.015,264.46999999999997,8,12.53,81.75,66.24,1.56,0.0,0.9152411726209176,0.4029064357136627,52.40384615384615,11581.516129032258,0.0,44.54838709677419,1.0,0.0,24365.129032258064,36.11078210663309,68.77108058979054,20543.0,63.768755,13.551501,1008.9952,10.25,24.083195,0.07992,0.0030945538215217,1,spring,samcheonpo_coal,1,39.60564
2023-03-22,4014.663747264,8706.193903152,3918.721375008,7.3775,42.79125,290.4475,8,14.25,95.94,343.14,1.69,3.18,-0.2900341409153707,0.9570162992883052,56.76923076923077,11581.516129032258,0.0,44.54838709677419,1.0,0.0,24365.129032258064,36.11078210663309,68.77108058979054,24584.0,61.292381000000006,13.281023,1007.1805,7.31,16.461501000000002,0.01368,0.0024869812884529,2,spring,samcheonpo_coal,1,44.8172
2023-03-23,6934.61501208,7020.033100703999,3251.619559152,10.40875,22.7375,337.03499999999997,8,14.11,96.86,153.47,1.12,17.25,0.4466663384605431,-0.8947006103084157,86.48214285714285,11581.516129032258,0.0,44.54838709677419,1.0,0.0,24365.129032258064,36.11078210663309,68.77108058979054,32762.0,57.15702499999999,11.27553,1001.86475,3.76,12.200945,0.23184,0.0017415750488795,3,spring,samcheonpo_coal,1,44.724239999999995
2023-03-24,6243.984540432002,6872.806739952,2656.807851456,11.71625,23.145,308.2875,8,9.2,89.88,83.65,1.42,3.75,0.9938648157435338,0.1106016637626743,63.29577464788732,11581.516129032258,0.0,44.54838709677419,1.0,0.0,24365.129032258064,36.11078210663309,68.77108058979054,32425.0,53.36985800000001,13.202726,1011.1696,2.81,8.196618,0.1512,0.0016432431256045,4,spring,samcheonpo_coal,1,45.02204
2023-03-25,1363.127569344,2323.827671184,59830.513179263995,11.6625,34.894999999999996,271.11749999999995,8,10.38,81.9,68.14,1.28,0.75,0.9280964223647348,0.3723399398315734,63.984375,11581.516129032258,0.0,44.54838709677419,1.0,0.0,24365.129032258064,36.11078210663309,68.77108058979054,14423.0,91.204054,13.089354,1015.2974,15.78,41.886374,0.5198400000000001,0.0062837792317564,5,spring,samcheonpo_coal,1,48.797839999999994
2023-03-26,1038.184603776,3302.334277632,86513.88443256001,5.595,38.135,402.5725,8,9.17,82.64,40.77,3.45,0.0,0.6530241527544608,0.7573370820970796,23.953623188405796,11581.516129032258,0.0,44.54838709677419,1.0,0.0,24365.129032258064,36.11078210663309,68.77108058979054,12380.0,122.094342,16.65754,1012.4922,19.3,66.519542,1.13184,0.0097659111073759,6,spring,samcheonpo_coal,1,54.44296
2023-03-27,5792.130374687999,15662.578154832,6630.304199327999,9.37,36.925,19.01125,8,8.32,60.28,55.32,2.42,0.0,0.8223427069797842,0.5689925063453479,24.90909090909091,11581.516129032258,0.0,44.54838709677419,1.0,0.0,24365.129032258064,36.11078210663309,68.77108058979054,31957.0,148.06129700000002,21.178896,1016.78906,23.47,92.597177,0.83808,0.0046117743127883,0,spring,samcheonpo_coal,1,54.62604
2023-03-28,10900.835680464,14450.080572144,1842.129320256,13.38,17.34625,2.20125,8,6.37,61.52,45.71,2.76,0.0,0.7158146192652636,0.6982903628478097,22.28985507246377,11581.516129032258,0.0,44.54838709677419,1.0,0.0,24365.129032258064,36.11078210663309,68.77108058979054,44507.0,140.46869,14.529915,1020.3371,22.93,85.63521,0.25776,0.0031461736604893,1,spring,samcheonpo_coal,1,54.57572
2023-03-29,10571.659608671998,13955.064966864,1857.787693056,13.2475,17.22875,2.25125,8,11.573585,63.291668,,2.5048080555555554,0.0,0.9937747,0.11140841,25.26807108417822,11581.516129032258,0.0,44.54838709677419,1.0,0.0,24365.129032258064,36.11078210663309,68.77108058979054,43119.0,136.715092,3.9698866666666666,1019.1174,22.77,81.369692,0.43344,0.0031606249419116,2,spring,samcheonpo_coal,1,54.91196
2023-03-30,8187.086865024,11599.673818176,23787.801774575997,12.40875,18.17375,60.9225,8,13.93,63.44,219.96,1.83,0.0,-0.6422526531765844,-0.7664930068093498,34.666666666666664,11581.516129032258,0.0,44.54838709677419,1.0,0.0,24365.129032258064,36.11078210663309,68.77108058979054,35795.0,116.427262,11.988594,1016.1624,20.05,61.650782,0.07056,0.003242067243682,3,spring,samcheonpo_coal,1,54.70592
2023-03-31,6856.990980912,8139.745437407999,1448.4113765279997,10.54125,22.28375,17.642500000000002,8,12.59,50.29,49.92,2.04,0.0,0.7651461958747743,0.6438565825852537,24.65196078431373,11581.516129032258,0.0,44.54838709677419,1.0,0.0,24365.129032258064,36.11078210663309,68.77108058979054,31202.0,140.282545,12.538134,1014.49414,23.36,84.783185,1.05192,0.0044758241458192,4,spring,samcheonpo_coal,1,54.44744
2023-04-01,6221.608195104,9234.329443199998,4728.783868992,8.790000000000001,23.98375,36.16375,8,15.09,41.95,41.27,2.65,0.0,0.6596082165268569,0.7516096065712965,15.830188679245284,13473.366666666669,0.0,56.1,1.0,0.0,30179.8,36.01855108383753,64.61063614293887,25201.0,134.85261200000002,12.738099,1012.92694,22.58,74.84013200000001,0.38088,0.0053226001139637,5,spring,samcheonpo_coal,1,59.6316
2023-04-02,3709.065181248,10318.651016976,8973.428218992,8.775,38.3525,53.848749999999995,8,13.86,42.86,32.43,8.72,0.0,0.5362688105768153,0.8440472515224061,4.9151376146788985,13473.366666666669,0.0,56.1,1.0,0.0,30179.8,36.01855108383753,64.61063614293887,17013.0,150.485403,20.12461,1014.92554,23.41,88.88892299999999,2.61288,0.0087677647905766,6,spring,samcheonpo_coal,1,58.9836
2023-04-03,5006.657973168,6578.5399263360005,1280.16400536,7.76375,22.3025,63.21625,8,12.62,60.49,106.12,2.43,0.0,0.960682294550264,-0.2776500115930839,24.893004115226336,13473.366666666669,0.0,56.1,1.0,0.0,30179.8,36.01855108383753,64.61063614293887,21511.0,148.321674,18.59845,1018.88336,23.7,87.407954,1.2816,0.0068479371714602,0,spring,samcheonpo_coal,1,59.63212
2023-04-04,6772.172279616,18729.118895184,2442.0731116320003,9.685,30.76875,33.22625,8,16.24,77.63,133.07,6.48,0.25,0.7305199378266385,-0.682891367962551,11.979938271604937,13473.366666666669,0.0,56.1,1.0,0.0,30179.8,36.01855108383753,64.61063614293887,31943.0,109.468941,17.0763,1017.5246,12.39,50.582701,1.19376,0.0034153044871988,1,spring,samcheonpo_coal,1,57.69248
2023-04-05,10170.678447648,15957.569539872,1966.203164592,13.28125,18.19625,34.44875,8,12.84,80.04,277.35,10.38,21.75,-0.9917831801295776,0.127930151301645,7.710982658959537,13473.366666666669,0.0,56.1,1.0,0.0,30179.8,36.01855108383753,64.61063614293887,36984.0,66.68212199999999,25.603062,1008.8012,2.09,2.852762,10.41192,0.0017997542334154,2,spring,samcheonpo_coal,1,53.41744
2023-04-06,7733.735401391999,14595.912339696,1918.327652928,9.91375,16.24875,33.87375,8,12.46,79.96,281.29,11.43,0.0,-0.9806488426645604,0.1957749917141066,6.995625546806648,13473.366666666669,0.0,56.1,1.0,0.0,30179.8,36.01855108383753,64.61063614293887,35613.0,94.134104,21.120682,1007.88605,15.48,37.018384000000005,3.51504,0.0026362828146842,3,spring,samcheonpo_coal,1,53.60068
2023-04-07,11926.8321444,14757.049995696,52000.577532144,15.50875,19.85625,78.4575,8,12.033998,62.625,,3.397731388888889,1.3,-0.84684783,0.5318352,18.43141579843348,13473.366666666669,0.0,56.1,1.0,0.0,30179.8,36.01855108383753,64.61063614293887,32593.0,132.678418,6.4404972222222225,1010.01874,22.73,72.48785799999999,6.58368,0.004054260275534,4,spring,samcheonpo_coal,1,53.60688
2023-04-08,2486.7116596799997,2996.3333701439997,2868.719708304,9.6675,28.93125,70.43375,8,9.502749,46.666668,,4.404766666666666,0.0,-0.8677545,0.4969931,10.594583443693576,13473.366666666669,0.0,56.1,1.0,0.0,30179.8,36.01855108383753,64.61063614293887,13432.0,89.532935,6.876772222222222,1016.039,24.76,28.229815,6.5332799999999995,0.0066215077410525,5,spring,samcheonpo_coal,1,54.769839999999995
2023-04-09,1980.200587536,2989.339370208,1800.561576096,6.3462499999999995,33.66875,73.56,8,11.752749,54.0,,2.1616975,0.0,-0.78718686,-0.6167146,24.98036843730448,13473.366666666669,0.0,56.1,1.0,0.0,30179.8,36.01855108383753,64.61063614293887,12647.0,73.426714,3.5383608333333334,1016.6408,25.14,27.139914,0.54504,0.0057723467656306,6,spring,samcheonpo_coal,1,45.74176
2023-04-10,4492.366982496,9792.586476,3425.77529136,6.68375,34.87375,136.49125,8,11.75,84.72,110.2,2.24,0.0,0.938493022759556,-0.3452981989985346,37.82142857142857,13473.366666666669,0.0,56.1,1.0,0.0,30179.8,36.01855108383753,64.61063614293887,24672.0,133.962156,17.673029,1014.52496,24.09,76.62867600000001,2.448,0.0054004015307907,0,spring,samcheonpo_coal,1,54.88548
2023-04-11,6629.946197184,8108.38563336,3160.549183392,8.543750000000001,23.132499999999997,312.68875,8,16.47,83.15,276.07,9.42,0.0,-0.9943934475666106,0.1057434226634937,8.826963906581742,13473.366666666669,0.0,56.1,1.0,0.0,30179.8,36.01855108383753,64.61063614293887,35291.0,111.843167,16.92383,1010.07074,16.11,48.326407,3.186,0.0031591577679911,1,spring,samcheonpo_coal,1,60.330760000000005
2023-04-12,6336.939059856,8312.317103952,4840.662263616001,8.85875,35.69,99.075,8,9.95,47.6,59.67,2.6,0.0,0.8631312622203637,0.5049796274879628,18.307692307692307,13473.366666666669,0.0,56.1,1.0,0.0,30179.8,36.01855108383753,64.61063614293887,33465.0,153.269897,21.485697,1013.0837,26.07,90.811497,2.24712,0.0045591250671016,2,spring,samcheonpo_coal,1,60.21128
2023-04-13,6855.46844976,8045.843427936002,3074.242009536,9.54875,26.30375,250.495,8,11.84,75.0,68.22,2.3,0.0,0.9286154021410172,0.3710437102370509,32.608695652173914,13473.366666666669,0.0,56.1,1.0,0.0,30179.8,36.01855108383753,64.61063614293887,33866.0,145.778109,11.885453,1014.92206,24.47,84.73170900000001,0.5112,0.0042861066696605,3,spring,samcheonpo_coal,1,60.5352
2023-04-14,6396.205369392,8093.722602096,4515.016550544,8.95375,25.31,491.00250000000005,8,12.7,87.98,40.04,3.46,2.75,0.643322252909622,0.7655955060678507,25.427745664739884,13473.366666666669,0.0,56.1,1.0,0.0,30179.8,36.01855108383753,64.61063614293887,34759.0,70.968135,13.1041975,1010.7282,5.16,12.329055,0.12168,0.0020375595729783,4,spring,samcheonpo_coal,1,58.5174
2023-04-15,6649.172152272,7390.470800448001,4081.100846112,9.46125,23.19125,393.99375,8,10.98,88.22,108.01,2.69,0.5,0.9510025681700436,-0.3091829803433258,32.79553903345725,13473.366666666669,0.0,56.1,1.0,0.0,30179.8,36.01855108383753,64.61063614293887,33243.0,66.585294,14.512064,1000.98114,5.54,8.513093999999999,0.70704,0.0019989829777914,5,spring,samcheonpo_coal,1,57.36516
2023-04-16,3799.774282464,9001.274839344,14966.491608432,10.18625,40.8975,381.99,8,9.38,70.34,68.27,2.43,0.0,0.92893884523003,0.3702331992443386,28.94650205761317,13473.366666666669,0.0,56.1,1.0,0.0,30179.8,36.01855108383753,64.61063614293887,18893.0,73.664782,15.111424,1001.233,18.4,16.231302,0.86472,0.0038839080484994,6,spring,samcheonpo_coal,1,56.568760000000005
2023-04-17,6029.677371888,9494.523209808,14707.591760304,10.15375,34.17625,269.09625,8,12.49,80.9,59.02,2.06,0.0,0.8573470306804498,0.5147388357054632,39.271844660194176,13473.366666666669,0.0,56.1,1.0,0.0,30179.8,36.01855108383753,64.61063614293887,26226.0,132.417706,11.753877,1012.71484,24.92,76.518946,1.2448800000000002,0.0050237350161522,0,spring,samcheonpo_coal,1,54.65388
2023-04-18,7233.900764112,19909.499829983997,12239.502551424,9.29875,27.33,17.099999999999998,8,16.48,93.0,125.34,1.11,0.0,0.8157339704990273,-0.5784272550406767,83.78378378378378,13473.366666666669,0.0,56.1,1.0,0.0,30179.8,36.01855108383753,64.61063614293887,42574.0,62.163174999999995,17.771753,1009.0774,8.8,6.997095,1.49256,0.0014579917696827,1,spring,samcheonpo_coal,1,53.67352
2023-04-19,8735.410784016,15253.06519944,1673.651091168,10.2725,17.19,1.86125,8,16.32,96.05,53.37,1.53,0.5,0.8025051825423837,0.5966451474642323,62.77777777777777,13473.366666666669,0.0,56.1,1.0,0.0,30179.8,36.01855108383753,64.61063614293887,45021.0,65.773746,8.854829,1007.3577,3.91,10.526866,0.03816,0.0014588257383538,2,spring,samcheonpo_coal,1,55.20872
2023-04-20,7708.88217456,15622.568628912,1988.504764416,8.665,16.64,2.1175,8,16.29,84.42,55.15,2.02,0.0,0.8206508549844007,0.5714299381493518,41.79207920792079,13473.366666666669,0.0,56.1,1.0,0.0,30179.8,36.01855108383753,64.61063614293887,45984.0,133.730975,9.227524,1005.96674,23.95,78.226695,0.5140800000000001,0.0028997735181831,3,spring,samcheonpo_coal,1,54.990199999999994
2023-04-21,8172.69112008,13681.530669312,1894.528991376,10.05875,16.443749999999998,2.23125,8,13.48,53.74,89.82,3.44,0.0,0.9999950652018582,0.0031415874858796,15.622093023255816,13473.366666666669,0.0,56.1,1.0,0.0,30179.8,36.01855108383753,64.61063614293887,43255.0,97.364557,14.658676,1007.19385,16.29,43.036396999999994,1.06488,0.0022458880385171,4,spring,samcheonpo_coal,1,53.26328
2023-04-22,2116.463363424,2349.6423428159997,13981.655976192002,6.9875,14.94125,181.07375,8,12.91,52.1,53.1,3.15,0.0,0.7996846584870906,0.600420225325884,16.53968253968254,13473.366666666669,0.0,56.1,1.0,0.0,30179.8,36.01855108383753,64.61063614293887,15138.0,77.308635,18.532135,1015.408,25.05,20.368875,2.13048,0.0050809771168338,5,spring,samcheonpo_coal,1,54.80928
2023-04-23,1877.622023808,4736.88130968,18520.84145088,4.578749999999999,32.715,200.3625,8,13.13,53.2,97.83,2.09,0.0,0.9906766441575646,-0.1362343081632015,25.454545454545457,13473.366666666669,0.0,56.1,1.0,0.0,30179.8,36.01855108383753,64.61063614293887,14822.0,67.64564999999999,15.124284,1019.6009,14.85,10.61733,1.14048,0.0045431336373004,6,spring,samcheonpo_coal,1,55.88784
2023-04-24,8921.243465999998,18257.110049519997,2743.38953424,11.07,22.04875,3.23375,8,12.34,60.61,45.98,4.65,0.0,0.7190972750040681,0.6949094250920214,13.034408602150537,13473.366666666669,0.0,56.1,1.0,0.0,30179.8,36.01855108383753,64.61063614293887,43799.0,81.51302700000001,15.596767,1020.215,8.7,23.453667000000003,1.07856,0.0018576133544711,0,spring,samcheonpo_coal,1,56.9808
2023-04-25,11581.28671032,15761.22622704,2183.9926844159995,12.885,16.8725,2.27375,8,10.58,88.96,339.16,4.84,4.5,-0.3557595072571247,0.9345775371771824,18.3801652892562,13473.366666666669,0.0,56.1,1.0,0.0,30179.8,36.01855108383753,64.61063614293887,47258.0,70.16699,17.57744,1012.4025,2.6,11.55103,1.1052,0.0014825630161173,1,spring,samcheonpo_coal,1,57.510760000000005
2023-04-26,7206.668276976,13780.50502248,7918.004896704,9.07125,16.65875,12.25625,8,10.94,57.81,112.05,3.59,0.0,0.9268565956401208,-0.375415571225283,16.10306406685237,13473.366666666669,0.0,56.1,1.0,0.0,30179.8,36.01855108383753,64.61063614293887,40696.0,154.882367,23.34455,1009.6184,25.82,92.126487,4.12992,0.0037914081171748,2,spring,samcheonpo_coal,1,58.62596
2023-04-27,6687.440878896,14727.462771456,47734.271492256,9.6575,28.95,118.51875,8,10.3,90.16,108.56,2.45,0.0,0.9479908546311784,-0.3182975644513294,36.8,13473.366666666669,0.0,56.1,1.0,0.0,30179.8,36.01855108383753,64.61063614293887,29557.0,149.292222,14.512064,1017.0689,26.25,89.76898200000001,0.60768,0.0050256094191868,3,spring,samcheonpo_coal,1,58.91556
2023-04-28,4813.616528208001,6297.345184032,2022.657673248,7.9775,22.92375,86.6075,8,17.39,91.79,246.49,4.22,0.0,-0.9169904655764338,-0.3989091200285036,21.751184834123222,13473.366666666669,0.0,56.1,1.0,0.0,30179.8,36.01855108383753,64.61063614293887,30307.0,96.509348,10.966713,1014.873,24.08,37.090508,0.1850399999999999,0.0031742831689378,4,spring,samcheonpo_coal,1,59.2338
2023-04-29,5958.058733712,6886.651089024,5029.238488176,9.60375,23.7675,184.8575,8,12.78,70.7,295.53,9.9,5.5,-0.9023597455525528,0.43098363032293,7.141414141414142,13473.366666666669,0.0,56.1,1.0,0.0,30179.8,36.01855108383753,64.61063614293887,29317.0,57.92124,17.935081,1004.99725,4.31,0.0,0.0,0.0019717921803694,5,spring,samcheonpo_coal,1,57.92124
2023-04-30,1722.771016992,1321.474967136,4101.07780368,11.86375,30.840000000000003,277.1025,8,15.86,52.22,274.29,6.2,0.0,-0.997198204593572,0.0748046840469009,8.42258064516129,13473.366666666669,0.0,56.1,1.0,0.0,30179.8,36.01855108383753,64.61063614293887,10314.0,49.099239999999995,17.566378,1007.33905,26.99,0.0,0.0,0.0047378915190239,6,spring,samcheonpo_coal,1,49.099239999999995
2023-05-01,1335.7230173280002,636.828974352,3142.009774944,7.29125,35.50375,366.60875,8,12.93,69.21,120.83,0.99,0.0,0.8586916741814512,-0.5124925450106143,69.9090909090909,16840.967741935485,0.0,46.03225806451613,1.0,0.0,37593.67741935484,35.172987830829484,74.81258477746772,8716.0,56.91404,15.509274,1013.0803,27.12,0.0,0.0,0.0064874726619343,0,spring,samcheonpo_coal,1,56.91404
2023-05-02,2331.760716864,15531.473379168,30968.239437072,5.14625,45.12375,124.53375,8,13.12,66.19,75.18,3.09,0.0,0.966734162313297,0.2557832273946203,21.42071197411003,16840.967741935485,0.0,46.03225806451613,1.0,0.0,37593.67741935484,35.172987830829484,74.81258477746772,23114.0,160.46450499999997,10.195057,1019.8665,26.5,103.119465,0.1454399999999999,0.00689444455169,1,spring,samcheonpo_coal,1,57.1996
2023-05-03,9210.025962432,15068.417550768,2782.7813664,10.5475,16.5225,2.97125,8,16.59,85.95,241.46,2.18,0.0,-0.878483778869782,-0.477772174014632,39.42660550458715,16840.967741935485,0.0,46.03225806451613,1.0,0.0,37593.67741935484,35.172987830829484,74.81258477746772,46971.0,92.027157,10.823973,1019.4698,11.98,35.625077,0.02376,0.0019554024158497,2,spring,samcheonpo_coal,1,56.37832
2023-05-04,8624.510308944,15525.447968448,2766.460878288,9.76375,16.3675,2.8674999999999997,8,16.22,97.82,234.98,8.35,12.48,-0.818951778440938,-0.5738623394059108,11.71497005988024,16840.967741935485,0.0,46.03225806451613,1.0,0.0,37593.67741935484,35.172987830829484,74.81258477746772,47807.0,64.352445,17.418196,1013.2229,4.55,5.8630450000000005,2.96424,0.0013442788163115,3,spring,samcheonpo_coal,1,55.52516000000001
2023-05-05,7432.19984232,15905.174065488,2272.943331648,8.4175,16.62,2.3725,8,17.99,99.04,222.01,10.58,62.79,-0.6692602994069952,-0.743028028837176,9.361058601134216,16840.967741935485,0.0,46.03225806451613,1.0,0.0,37593.67741935484,35.172987830829484,74.81258477746772,47927.0,63.583628,30.009838,1002.33527,2.81,0.012108,9.92592,0.0013249188318456,4,spring,samcheonpo_coal,1,53.6456
2023-05-06,6390.65424096,14984.456285376002,2054.539274832,7.44875,16.54375,2.255,8,13.3,87.01,37.85,6.61,3.5,0.6135963605161202,0.7896198492701229,13.16338880484115,16840.967741935485,0.0,46.03225806451613,1.0,0.0,37593.67741935484,35.172987830829484,74.81258477746772,46075.0,53.204007,24.482647,1000.76495,3.9,0.844687,0.0,0.0011533942876233,5,spring,samcheonpo_coal,1,52.35932
2023-05-07,4722.743396016,8855.314910208,5721.043820831999,11.465,21.3325,95.525,8,11.15,76.32,106.74,1.19,2.0,0.9576216459576222,-0.2880291360147691,64.1344537815126,16840.967741935485,0.0,46.03225806451613,1.0,0.0,37593.67741935484,35.172987830829484,74.81258477746772,24581.0,48.72826,24.472057,1006.5098,3.18,1.53634,0.0,0.0019784327088633,6,spring,samcheonpo_coal,1,47.19192
2023-05-08,5707.054454688,18575.307895103997,5459.186997504,8.03875,34.06875,12.39125,8,11.41,81.71,67.67,3.14,0.0,0.925010908788592,0.3799405461675591,26.022292993630572,16840.967741935485,0.0,46.03225806451613,1.0,0.0,37593.67741935484,35.172987830829484,74.81258477746772,34309.0,125.353702,17.418196,1012.31885,26.48,70.00102199999999,0.46872,0.0036403674970882,0,spring,samcheonpo_coal,1,54.88396
2023-05-09,9230.333268528,14985.105079392,2196.497284416,10.94375,16.6825,2.40125,8,14.87,72.8,35.4,1.83,0.0,0.5792811723426788,0.8151277957285542,39.78142076502732,16840.967741935485,0.0,46.03225806451613,1.0,0.0,37593.67741935484,35.172987830829484,74.81258477746772,46667.0,136.933586,10.990322,1013.1697,27.74,79.898266,0.17568,0.0029256854180512,1,spring,samcheonpo_coal,1,56.85964
2023-05-10,10227.366036288,15674.845012992,2354.331217536,11.85875,17.01625,2.53,8,14.14,76.62,71.14,2.53,0.0,0.9463112652720052,0.3232568471344366,30.28458498023716,16840.967741935485,0.0,46.03225806451613,1.0,0.0,37593.67741935484,35.172987830829484,74.81258477746772,47602.0,123.531721,11.090103,1012.63184,26.55,76.480281,0.0,0.0025883780975381,2,spring,samcheonpo_coal,1,47.05144
2023-05-11,9196.460353296,14611.277666016,3827.326649472,11.52375,19.845,6.455,8,13.79,50.24,73.44,4.03,0.0,0.9585217890173758,0.2850192624699761,12.46650124069479,16840.967741935485,0.0,46.03225806451613,1.0,0.0,37593.67741935484,35.172987830829484,74.81258477746772,40758.0,133.61513499999998,9.885262,1015.0969,24.94,76.80485499999999,0.0,0.003267543591978,3,spring,samcheonpo_coal,1,56.81028
2023-05-12,7596.438046271999,9344.695661712,1784.643974352,10.8275,21.9125,18.10375,8,15.88,77.21,217.67,5.88,0.0,-0.6111126727048712,-0.7915436193031367,13.13095238095238,16840.967741935485,0.0,46.03225806451613,1.0,0.0,37593.67741935484,35.172987830829484,74.81258477746772,35001.0,108.054402,12.144331,1014.3918,14.38,50.519042,0.0,0.0030776790728332,4,spring,samcheonpo_coal,1,57.53536
2023-05-13,5403.3941885760005,8006.773554144001,3873.627290304,11.50125,24.51875,43.13875,8,13.24,94.98,77.77,2.67,1.0,0.9773051109044186,0.2118365412295572,35.57303370786517,16840.967741935485,0.0,46.03225806451613,1.0,0.0,37593.67741935484,35.172987830829484,74.81258477746772,25860.0,63.980043,9.360001,1010.038,13.91,6.961323,0.0,0.002467986894523,5,spring,samcheonpo_coal,1,57.01872
2023-05-14,1962.6270828480003,2390.20864992,5710.837279392,13.4375,30.94625,164.6175,8,14.44,91.9,76.86,3.41,0.0,0.9738174974771288,0.2273312156466464,26.95014662756598,16840.967741935485,0.0,46.03225806451613,1.0,0.0,37593.67741935484,35.172987830829484,74.81258477746772,13653.0,76.059732,10.1887,1006.18335,26.28,20.088532,0.0,0.0055400539792771,6,spring,samcheonpo_coal,1,55.9712
2023-05-15,7541.608215888,11027.980659456,1991.733865488,13.91875,26.89375,31.8425,8,17.35,92.3,154.12,1.03,0.0,0.4364877568614986,-0.8997101967356029,89.61165048543688,16840.967741935485,0.0,46.03225806451613,1.0,0.0,37593.67741935484,35.172987830829484,74.81258477746772,34447.0,122.363578,9.83268,1006.2806,27.34,67.072578,0.0,0.0035396537666626,0,spring,samcheonpo_coal,1,55.291
2023-05-16,6711.587316864,13132.311309216,3054.206266848,8.45125,27.45125,8.65,8,16.34,96.0,148.81,1.65,0.0,0.5178777122574487,-0.8554546599013831,58.18181818181819,16840.967741935485,0.0,46.03225806451613,1.0,0.0,37593.67741935484,35.172987830829484,74.81258477746772,37777.0,133.630541,10.966713,1008.88696,27.35,78.593781,0.0,0.0035248831025239,1,spring,samcheonpo_coal,1,55.03676
2023-05-17,10256.380968095998,14267.732466816,2369.0435366879997,12.5525,17.0575,2.78625,8,19.94,95.03,177.89,1.11,0.0,0.0368181238553567,-0.999321983024376,85.61261261261261,16840.967741935485,0.0,46.03225806451613,1.0,0.0,37593.67741935484,35.172987830829484,74.81258477746772,45018.0,126.80931399999996,11.753877,1011.91486,26.77,72.03503399999998,0.0,0.0028089456113988,2,spring,samcheonpo_coal,1,54.77428
2023-05-18,10800.305233344,14146.075726128,2348.4187908,13.05125,16.71625,2.72875,8,16.88,94.04,59.44,3.52,21.0,0.8610971951668264,0.5084403804536226,26.715909090909093,16840.967741935485,0.0,46.03225806451613,1.0,0.0,37593.67741935484,35.172987830829484,74.81258477746772,45224.0,67.405616,14.003028,1007.2766,3.32,13.701776,0.0,0.0014882650490358,3,spring,samcheonpo_coal,1,53.70384
2023-05-19,11131.064766432,14739.790965552,2764.6303537440003,12.94,16.68,3.14,8,15.76,93.97,74.86,1.78,0.25,0.9652905291584984,0.2611784721543992,52.79213483146067,16840.967741935485,0.0,46.03225806451613,1.0,0.0,37593.67741935484,35.172987830829484,74.81258477746772,46209.0,91.098712,17.782686,1004.4145,19.32,37.416472,0.0,0.0019675705783406,4,spring,samcheonpo_coal,1,53.68224
2023-05-20,5349.538657728,7759.514840544,12890.765756304,9.45,14.58,41.72,8,16.06,91.99,71.96,1.85,0.0,0.9508405499861232,0.3096808817187244,49.72432432432432,16840.967741935485,0.0,46.03225806451613,1.0,0.0,37593.67741935484,35.172987830829484,74.81258477746772,28486.0,75.238301,10.990322,1008.0271,27.01,20.619181,0.0,0.0026342800759225,5,spring,samcheonpo_coal,1,54.61912
2023-05-21,1881.698684976,1799.49239208,3468.416529024,12.5,30.25875,69.85375,8,19.4,81.86,39.78,2.92,0.0,0.6398414789511784,0.7685069172190766,28.034246575342465,16840.967741935485,0.0,46.03225806451613,1.0,0.0,37593.67741935484,35.172987830829484,74.81258477746772,12983.0,68.049278,16.641972,1005.41254,26.17,19.310838,0.0,0.0052140848257089,6,spring,samcheonpo_coal,1,48.73844
2023-05-22,9094.980872736,15736.310826336,7413.729502896001,12.48125,25.42875,15.4375,8,15.17,83.08,57.63,3.01,0.25,0.8446083680043347,0.5353846324812231,27.601328903654487,16840.967741935485,0.0,46.03225806451613,1.0,0.0,37593.67741935484,35.172987830829484,74.81258477746772,39208.0,72.218901,13.276144,1004.67847,5.96,19.018741,0.21744,0.0018385564800954,0,spring,samcheonpo_coal,1,52.98272
2023-05-23,10848.23334072,14785.01712648,2460.150253584,12.91,16.88875,2.8075,8,20.72,60.12,243.4,7.45,0.0,-0.8941542368393683,-0.4477590878387694,8.06979865771812,16840.967741935485,0.0,46.03225806451613,1.0,0.0,37593.67741935484,35.172987830829484,74.81258477746772,45448.0,119.83383,14.345898,1006.8559,26.87,63.54907,0.97848,0.0026297899181923,1,spring,samcheonpo_coal,1,55.30628
2023-05-24,10637.537263488,15323.7719376,2240.727475248,12.185,16.478749999999998,2.42875,8,16.99,82.39,155.07,1.18,0.0,0.4215106827664092,-0.9068234361295452,69.8220338983051,16840.967741935485,0.0,46.03225806451613,1.0,0.0,37593.67741935484,35.172987830829484,74.81258477746772,48032.0,109.061945,9.931042,1011.6578,22.28,52.600953,0.162792,0.0022654661237967,2,spring,samcheonpo_coal,1,56.298199999999994
2023-05-25,10422.654468624,15009.831361872,2169.0783036000003,12.3025,16.64,2.3975,8,16.56,83.58,85.31,1.69,0.0,0.9966516726059064,0.0817645613444447,49.455621301775146,16840.967741935485,0.0,46.03225806451613,1.0,0.0,37593.67741935484,35.172987830829484,74.81258477746772,45433.0,136.68384500000002,10.685391,1013.68243,24.04,79.35178900000001,0.5380560000000001,0.0029994468573649,3,spring,samcheonpo_coal,1,56.794
2023-05-26,9671.754993696,14256.790766928,1961.545313376,11.86,16.7025,2.27375,8,19.95,91.01,165.96,1.14,0.0,0.2425992307954074,-0.9701265964901058,79.83333333333334,16840.967741935485,0.0,46.03225806451613,1.0,0.0,37593.67741935484,35.172987830829484,74.81258477746772,45140.0,98.928194,8.473393,1015.50244,11.93,40.769074,0.34524,0.0021867934973119,4,spring,samcheonpo_coal,1,57.81388
2023-05-27,7205.330179728,10416.733578576,33043.93814851201,14.28375,20.71,109.71875,8,21.26,81.95,229.45,3.58,0.0,-0.7598389257926534,-0.6501113803420661,22.891061452513966,16840.967741935485,0.0,46.03225806451613,1.0,0.0,37593.67741935484,35.172987830829484,74.81258477746772,30346.0,77.848014,10.931203,1015.3283,10.25,19.444126,0.5294880000000001,0.002558782635391,5,spring,samcheonpo_coal,1,57.8744
2023-05-28,6054.789930192,15402.74025888,20249.692354512,8.68375,30.77,57.0625,8,21.09,97.98,218.3,2.7,0.5,-0.6197790317951402,-0.7847763705330829,36.28888888888889,16840.967741935485,0.0,46.03225806451613,1.0,0.0,37593.67741935484,35.172987830829484,74.81258477746772,33357.0,60.836215,15.815435,1011.05054,2.66,2.024895,1.33272,0.0018204713976272,6,spring,samcheonpo_coal,1,57.4786
2023-05-29,10800.812175552,15039.464905152,2435.398980192,12.29,16.2575,2.6675,8,19.45,97.01,107.41,0.89,5.0,0.9541881215184042,-0.2992073340564685,109.0,16840.967741935485,0.0,46.03225806451613,1.0,0.0,37593.67741935484,35.172987830829484,74.81258477746772,47725.0,58.03240900000001,12.015589,1007.29083,1.92,0.875937,0.962352,0.0012144982449684,0,spring,samcheonpo_coal,1,56.194120000000005
2023-05-30,9800.276923584,14934.901965696,2610.911672208,11.0325,16.1,2.83,8,18.41,88.02,122.06,3.6,6.5,0.8474927011076551,-0.5308070473997598,24.45,16840.967741935485,0.0,46.03225806451613,1.0,0.0,37593.67741935484,35.172987830829484,74.81258477746772,47716.0,69.293655,11.966954,1007.08057,9.79,13.935079,0.1686959999999999,0.0014501041994276,1,spring,samcheonpo_coal,1,55.189879999999995
2023-05-31,6770.409238944,13585.940280432,2109.060853344,8.17625,16.01625,2.465,8,16.56,63.51,75.05,3.35,0.25,0.9661513206883284,0.2579760173585882,18.95820895522388,16840.967741935485,0.0,46.03225806451613,1.0,0.0,37593.67741935484,35.172987830829484,74.81258477746772,43814.0,137.329842,14.480773,1007.63727,26.69,81.057234,1.137888,0.0031245890054677,2,spring,samcheonpo_coal,1,55.13472
2023-06-01,7958.795223168,13732.793248464,2070.793232928,9.6325,16.12625,2.42875,8,17.8,99.0,231.14,1.37,4.25,-0.7786813597547554,-0.6274195884497752,72.26277372262773,13935.8,0.0,34.7,1.0,0.0,32220.9,36.74856042713477,63.54708901158359,44095.0,68.12597099999999,11.592894,1004.23456,9.7,13.019203,0.093168,0.0015425984801151,3,summer,samcheonpo_coal,1,55.0136
2023-06-02,8274.564592128,12366.038779488,1978.777853568,10.75,15.70625,2.48625,8,20.2,84.74,231.94,1.49,0.25,-0.7873656024600255,-0.6164863405321815,56.87248322147651,13935.8,0.0,34.7,1.0,0.0,32220.9,36.74856042713477,63.54708901158359,41167.0,130.889219,15.256526,997.7683,27.24,76.69690700000001,0.258912,0.0031693924671525,4,summer,samcheonpo_coal,1,53.9334
2023-06-03,3928.859621856,6436.665777888,8335.311348528,11.66625,20.5875,86.37875,8,18.66,87.15,68.22,2.74,0.0,0.9286154021410172,0.3710437102370509,31.806569343065693,13935.8,0.0,34.7,1.0,0.0,32220.9,36.74856042713477,63.54708901158359,21025.0,129.519312,11.435313,1004.0847,26.38,79.844584,0.735768,0.0061225362812441,5,summer,samcheonpo_coal,1,48.93896
2023-06-04,1397.472520464,718.1354363040001,616.3585895519999,11.68125,26.88125,107.5275,8,21.24,57.92,43.08,2.23,0.0,0.6830188573425389,0.7304007396727447,25.973094170403588,13935.8,0.0,34.7,1.0,0.0,32220.9,36.74856042713477,63.54708901158359,10025.0,114.633204,11.885453,1007.5611,24.2,71.78558,0.179784,0.0113054586584826,6,summer,samcheonpo_coal,1,42.66784
2023-06-05,3103.256976912,9274.12574256,3313.70433504,6.48125,36.2225,67.8125,8,20.39,73.83,248.15,2.07,0.0,-0.9281613938075556,-0.3721779507778713,35.66666666666667,13935.8,0.0,34.7,1.0,0.0,32220.9,36.74856042713477,63.54708901158359,18266.0,96.777255,10.739832,1007.84796,13.99,53.553511,0.419904,0.0052702951005762,0,summer,samcheonpo_coal,1,42.803839999999994
2023-06-06,3168.64222704,6297.188084064,3484.4859815040004,6.35875,25.405,257.90625,8,17.52,93.99,79.57,2.27,0.0,0.983476816388431,0.181034117299686,41.40528634361233,13935.8,0.0,34.7,1.0,0.0,32220.9,36.74856042713477,63.54708901158359,22035.0,116.453576,11.631956,1004.15186,23.4,71.764112,0.620784,0.0052571527913712,1,summer,samcheonpo_coal,1,44.06868
2023-06-07,5751.124029792,15076.289124864,2407.660302096,7.90625,21.03125,3.39375,8,18.82,90.99,205.32,2.72,0.0,-0.4276734216886819,-0.9039333185479418,33.452205882352935,13935.8,0.0,34.7,1.0,0.0,32220.9,36.74856042713477,63.54708901158359,39446.0,114.394934,12.72283,1006.0136,21.52,69.473894,0.93492,0.0028916529825055,2,summer,samcheonpo_coal,1,43.98612
2023-06-08,6138.683265888,13013.242979472,2496.1357180799996,7.80625,16.21625,3.0575,8,19.31,91.95,235.74,1.68,0.0,-0.8264915085476581,-0.5629491862491821,54.73214285714286,13935.8,0.0,34.7,1.0,0.0,32220.9,36.74856042713477,63.54708901158359,42447.0,104.854664,10.495713,1003.1448,17.76,61.18292,0.169704,0.0024641620166255,3,summer,samcheonpo_coal,1,43.50204
2023-06-09,5564.605691952,11803.08806784,2073.315558672,7.57,15.62125,2.75625,8,20.0,94.0,256.3,3.83,0.0,-0.9715491199976464,-0.2368381460656182,24.54308093994778,13935.8,0.0,34.7,1.0,0.0,32220.9,36.74856042713477,63.54708901158359,38171.0,120.357359,12.313894,1001.37524,27.35,76.699479,0.00396,0.0031431990741824,4,summer,samcheonpo_coal,1,43.65392
2023-06-10,4857.660630288,7079.136257951998,60373.8209808,13.15875,13.99375,266.83375,8,20.84,93.01,249.87,0.99,1.75,-0.938914183578616,-0.3441513560555893,93.94949494949496,13935.8,0.0,34.7,1.0,0.0,32220.9,36.74856042713477,63.54708901158359,26233.0,94.198363,13.849477,1003.00024,25.32,50.657083,0.0,0.0035779866015817,5,summer,samcheonpo_coal,1,43.54128
2023-06-11,2759.267944512,7891.333942032,12056.647404528,14.875,18.78125,89.015,8,21.57,93.03,122.9,1.16,0.0,0.8396198645344131,-0.5431744499506708,80.19827586206897,13935.8,0.0,34.7,1.0,0.0,32220.9,36.74856042713477,63.54708901158359,21884.0,104.566051,9.021574,1002.32526,21.11,61.011011,0.0,0.0047554738566157,6,summer,samcheonpo_coal,1,43.55504
2023-06-12,5752.73767536,12546.580392576,1964.163419424,11.48375,15.09875,22.2025,8,21.41,92.0,194.37,1.51,0.0,-0.2481827041409239,-0.9687132420718212,60.9271523178808,13935.8,0.0,34.7,1.0,0.0,32220.9,36.74856042713477,63.54708901158359,32291.0,110.226989,12.10157,1002.20306,21.78,68.350269,0.0,0.0034019387302036,0,summer,samcheonpo_coal,1,41.87672
2023-06-13,5309.8898328000005,12968.29467432,2161.631339856,9.83,15.335,45.61375,8,19.82,94.0,67.42,1.62,0.0,0.923344305238683,0.3839730380942049,58.02469135802469,13935.8,0.0,34.7,1.0,0.0,32220.9,36.74856042713477,63.54708901158359,32975.0,91.729478,8.669949,1001.24457,22.08,50.599198,0.0,0.0027740716861953,1,summer,samcheonpo_coal,1,41.13028
2023-06-14,6165.683270928,9731.88266832,159227.516484576,26.38125,15.915,836.43,8,20.56,85.07,39.24,2.19,0.0,0.6325701619131244,0.7745030601987338,38.84474885844749,13935.8,0.0,34.7,1.0,0.0,32220.9,36.74856042713477,63.54708901158359,25789.0,97.694415,11.304229,1001.9409,24.49,56.289935,0.0,0.0037739239098596,2,summer,samcheonpo_coal,1,41.40448000000001
2023-06-15,2588.574199536,7289.019044495999,4849.597323216,8.20625,18.9075,583.54,8,20.59,91.95,191.83,0.82,0.0,-0.2050085575527241,-0.9787601807031951,112.13414634146342,13935.8,0.0,34.7,1.0,0.0,32220.9,36.74856042713477,63.54708901158359,21422.0,100.368213,10.661107,1005.022,24.56,58.988333,0.0,0.0046634372206017,3,summer,samcheonpo_coal,1,41.37988
2023-06-16,2562.400853136001,7449.62865624,1705.481538912,18.26625,16.6275,785.2925,8,19.62,87.62,82.95,1.76,0.0,0.9924394226563016,0.1227354568070148,49.784090909090914,13935.8,0.0,34.7,1.0,0.0,32220.9,36.74856042713477,63.54708901158359,22201.0,112.514415,12.313894,1009.57764,27.39,74.684175,0.0,0.0050424336080542,4,summer,samcheonpo_coal,1,37.83024
2023-06-17,3105.66680496,7120.1714335199995,1601.691722496,10.8975,18.0125,576.2175000000001,8,20.83,81.72,169.35,0.97,0.0,0.1848090533692155,-0.9827744470593314,84.24742268041237,13935.8,0.0,34.7,1.0,0.0,32220.9,36.74856042713477,63.54708901158359,21510.0,104.522036,12.768586,1009.56525,26.22,66.690476,0.0,0.0048357320058206,5,summer,samcheonpo_coal,1,37.83156
2023-06-18,2132.66581416,6556.549440672,1785.225759984,15.34125,20.88625,550.105,8,20.71,88.04,70.48,1.17,0.0,0.942524913090354,0.3341358828441214,75.24786324786326,13935.8,0.0,34.7,1.0,0.0,32220.9,36.74856042713477,63.54708901158359,19374.0,109.254928,8.942214,1004.31586,25.05,69.007208,0.0,0.0056076322156513,6,summer,samcheonpo_coal,1,40.24772
2023-06-19,3615.8132052,16093.086444,2119.352446944,6.75375,37.65,100.64375,8,22.69,72.26,140.18,3.38,0.0,0.6403778420233073,-0.7680600363549532,21.378698224852073,13935.8,0.0,34.7,1.0,0.0,32220.9,36.74856042713477,63.54708901158359,33412.0,110.831973,13.217443,1003.4758,25.4,68.217133,0.0,0.0033061637838135,0,summer,samcheonpo_coal,1,42.614839999999994
2023-06-20,5880.770513568,13012.611401232,2218.317495552,9.94875,15.77125,2.92,8,20.57,94.04,131.88,5.68,4.23,0.7445446184192677,-0.6675727010467902,16.556338028169016,13935.8,0.0,34.7,1.0,0.0,32220.9,36.74856042713477,63.54708901158359,44068.0,94.171931,17.25373,1002.31647,19.31,52.46193100000001,0.0,0.0021324116745692,1,summer,samcheonpo_coal,1,41.71
2023-06-21,6601.148128944,13446.3934224,1790.5962486239998,10.59,16.197499999999998,2.38125,8,21.05,96.01,166.41,1.57,8.5,0.2349724703254213,-0.9720020258153628,61.152866242038215,13935.8,0.0,34.7,1.0,0.0,32220.9,36.74856042713477,63.54708901158359,45116.0,58.153021,20.592503,998.2421,6.99,14.604981,0.0,0.0012873073895368,2,summer,samcheonpo_coal,1,43.54804
2023-06-22,5896.741894848001,12556.679360688,2208.917088,10.67875,15.7825,2.96375,8,23.36,68.94,179.07,4.72,0.0,0.0162308493152907,-0.9998682710889992,14.60593220338983,13935.8,0.0,34.7,1.0,0.0,32220.9,36.74856042713477,63.54708901158359,42340.0,115.547125,10.495713,1000.16266,19.06,72.356165,0.0,0.0027216025425323,3,summer,samcheonpo_coal,1,43.19096
2023-06-23,5514.5915784,12312.164455199998,2044.99978056,10.78375,15.84125,2.8575,8,21.13,88.3,116.88,1.14,0.0,0.8919554047771507,-0.4521233856911508,77.45614035087719,13935.8,0.0,34.7,1.0,0.0,32220.9,36.74856042713477,63.54708901158359,42013.0,113.751578,12.57426,1005.82635,23.85,70.412458,0.0,0.0027002219193042,4,summer,samcheonpo_coal,1,43.33912
2023-06-24,4064.613191424001,7406.958435552,31282.557837984008,10.40875,15.19125,119.27625,8,20.46,93.12,75.15,2.31,0.0,0.9666001020169074,0.2562893731329965,40.311688311688314,13935.8,0.0,34.7,1.0,0.0,32220.9,36.74856042713477,63.54708901158359,28868.0,108.921455,10.587917,1011.1757,22.29,64.793655,0.0,0.0037589036215993,5,summer,samcheonpo_coal,1,44.1278
2023-06-25,2871.455886144,5235.137050175999,2853.68994144,8.5025,12.93625,262.62875,8,20.77,98.0,293.17,0.87,13.25,-0.9193414807542448,0.3934605974739938,112.64367816091954,13935.8,0.0,34.7,1.0,0.0,32220.9,36.74856042713477,63.54708901158359,22017.0,68.511218,14.336861,1010.48126,6.52,23.919498,0.0,0.0031020888456574,6,summer,samcheonpo_coal,1,44.59172
2023-06-26,4963.088123856,15167.038203792,27122.008931712,9.835,29.28375,41.87,8,23.21,99.08,215.91,8.78,3.25,-0.5865137267411501,-0.8099392868259987,11.284738041002278,13935.8,0.0,34.7,1.0,0.0,32220.9,36.74856042713477,63.54708901158359,38065.0,56.926745,19.201874,1006.2165,5.87,12.385065,0.0,0.0014932808979143,0,summer,samcheonpo_coal,1,44.54168
2023-06-27,5694.0386027039995,12598.25613408,1657.637438976,10.40875,16.1375,2.41625,8,19.65,96.27,129.77,6.97,60.01,0.7686185789184651,-0.6397073394462184,13.812051649928264,13935.8,0.0,34.7,1.0,0.0,32220.9,36.74856042713477,63.54708901158359,41877.0,81.651149,20.991426,1007.01953,14.63,37.168949,0.0,0.0019459907972267,1,summer,samcheonpo_coal,1,44.4822
2023-06-28,8934.211737216001,13218.07177656,1930.216321296,11.04125,16.04,2.3375,8,22.46,97.0,155.97,1.02,25.25,0.4072149185824405,-0.913332365617192,95.09803921568628,13935.8,0.0,34.7,1.0,0.0,32220.9,36.74856042713477,63.54708901158359,42665.0,89.369484,15.745627,1006.2696,19.89,42.951524,0.0,0.0020903005956723,2,summer,samcheonpo_coal,1,46.41796
2023-06-29,9516.245204448,13556.247856992,2050.4893183199997,11.5825,16.03375,2.42625,8,23.33,98.0,227.29,5.22,2.25,-0.7347962227662368,-0.6782879263325206,18.773946360153257,13935.8,0.0,34.7,1.0,0.0,32220.9,36.74856042713477,63.54708901158359,44305.0,41.470819,19.376562,1001.52594,5.4,11.157819,0.0,0.0009351548890838,3,summer,samcheonpo_coal,1,30.313
2023-06-30,9303.677287488,13180.242497184,1971.759824208,11.61375,16.06,2.395,8,22.45,99.0,187.84,1.28,16.5,-0.136407211779988,-0.990652851696501,77.34375,13935.8,0.0,34.7,1.0,0.0,32220.9,36.74856042713477,63.54708901158359,41525.0,35.901223,16.78156,998.2488,4.14,9.616503,0.0,0.0008638220525432,4,summer,samcheonpo_coal,1,26.28472
2023-07-01,5427.967769568,7115.002573104,14419.741304591998,10.185,14.60125,68.75874999999999,8,21.62,96.41,104.79,1.39,0.25,0.9668679575740332,-0.2552770115318216,69.35971223021583,14861.32258064516,0.0,45.16129032258065,1.0,0.0,33478.77419354839,35.96438039701612,67.33129390600881,24743.0,61.528777,11.165805,1002.57697,16.19,35.460617,0.0,0.0024805460951571,5,summer,samcheonpo_coal,1,26.06816
2023-07-02,3703.251822624,6930.837590255999,3733.825001184,5.79375,19.1775,197.165,8,23.21,96.87,137.8,1.26,0.0,0.6717205893229903,-0.74080459628675,76.88095238095238,14861.32258064516,0.0,45.16129032258065,1.0,0.0,33478.77419354839,35.96438039701612,67.33129390600881,22950.0,79.138429,9.659814,1005.6954,21.6,52.475109,0.0,0.003436447665812,6,summer,samcheonpo_coal,1,26.66332
2023-07-03,6759.813767184,14146.423397856,4209.536685312,9.56625,19.96625,5.9174999999999995,8,22.56,98.0,222.84,2.93,0.0,-0.6799533787224192,-0.7332553462225601,33.44709897610921,14861.32258064516,0.0,45.16129032258065,1.0,0.0,33478.77419354839,35.96438039701612,67.33129390600881,36695.0,87.37747200000001,11.753877,1003.30255,14.04,52.074752,0.0,0.0023755254011656,0,summer,samcheonpo_coal,1,35.30272
2023-07-04,8873.46944496,14204.329118784,2269.591672176,10.44125,16.335,2.59,8,23.57,99.0,205.24,6.0,7.0,-0.4264108762029985,-0.904529581968324,16.5,14861.32258064516,0.0,45.16129032258065,1.0,0.0,33478.77419354839,35.96438039701612,67.33129390600881,44095.0,61.418716,16.434305,1000.09906,3.45,13.874076,0.0,0.0013909351751333,1,summer,samcheonpo_coal,1,47.54464
2023-07-05,8543.042815248,13214.63205144,2097.798399216,10.555,16.1275,2.53125,8,24.19,83.75,232.27,1.97,10.75,-0.7909032297134245,-0.6119412400131846,42.51269035532995,14861.32258064516,0.0,45.16129032258065,1.0,0.0,33478.77419354839,35.96438039701612,67.33129390600881,40887.0,112.844243,17.555307,993.59625,22.77,68.467643,0.0,0.0027523090656439,2,summer,samcheonpo_coal,1,44.3766
2023-07-06,8792.8179876,13943.819734704,2066.96863368,10.74625,16.5575,2.43875,8,23.11,93.0,248.28,3.05,0.0,-0.9290034489644244,-0.370071063192198,30.49180327868853,14861.32258064516,0.0,45.16129032258065,1.0,0.0,33478.77419354839,35.96438039701612,67.33129390600881,41908.0,114.120716,11.983188,1000.23193,24.17,68.28619599999999,0.0,0.0027157295742227,3,summer,samcheonpo_coal,1,45.83452
2023-07-07,10017.958614912,14400.953491824,2111.483274192,11.66375,16.37,2.37375,8,20.94,97.99,105.42,1.25,25.25,0.9640026489279632,-0.2658926340835155,78.392,14861.32258064516,0.0,45.16129032258065,1.0,0.0,33478.77419354839,35.96438039701612,67.33129390600881,44112.0,57.983045,16.09969,1000.36694,2.5,8.263924999999999,0.0,0.0013127250907234,4,summer,samcheonpo_coal,1,49.71912
2023-07-08,6053.660808047999,8945.515240992001,36370.1213748,10.62125,18.91625,134.58125,8,22.43,100.0,208.32,3.72,2.25,-0.4743955247339291,-0.8803118118669203,26.881720430107524,14861.32258064516,0.0,45.16129032258065,1.0,0.0,33478.77419354839,35.96438039701612,67.33129390600881,26473.0,61.17031299999999,8.287822,1000.08954,8.75,11.494953,0.0,0.0023053410857934,5,summer,samcheonpo_coal,1,49.67536
2023-07-09,5341.012058448,7322.5125288,5431.446278064001,14.01375,29.1125,415.37875,8,22.83,98.24,230.27,2.27,0.5,-0.7690649915474089,-0.6391705866012483,43.27753303964757,14861.32258064516,0.0,45.16129032258065,1.0,0.0,33478.77419354839,35.96438039701612,67.33129390600881,22068.0,67.115951,10.163227,1001.4412,6.54,16.954631000000003,0.0,0.003032102978298,6,summer,samcheonpo_coal,1,50.16132
2023-07-10,7770.391240176,15294.764177280002,2144.761268112,10.19375,20.6975,2.91875,8,23.98,96.0,67.83,1.6,0.75,0.9260682948579684,0.3773559503424518,60.0,14861.32258064516,0.0,45.16129032258065,1.0,0.0,33478.77419354839,35.96438039701612,67.33129390600881,39513.0,88.873981,12.43434,1002.733,10.65,37.748541,0.0,0.0022441862484244,0,summer,samcheonpo_coal,1,51.125440000000005
2023-07-11,10455.379581744,14910.980009616,2124.126923472,12.01625,16.87125,2.38375,8,23.84,97.0,214.53,2.47,1.75,-0.5668376707266759,-0.8238295060539872,39.27125506072874,14861.32258064516,0.0,45.16129032258065,1.0,0.0,33478.77419354839,35.96438039701612,67.33129390600881,44819.0,69.32722000000001,13.854155,1004.37646,4.96,16.24106,0.0,0.0015444375919874,1,summer,samcheonpo_coal,1,53.08616000000001
2023-07-12,9509.702804064,14105.015900352,2123.040802032,11.155,16.27625,2.41625,8,24.12,98.0,194.47,1.45,68.5,-0.2498730488369542,-0.9682786063240916,67.58620689655173,14861.32258064516,0.0,45.16129032258065,1.0,0.0,33478.77419354839,35.96438039701612,67.33129390600881,43578.0,65.513124,15.9134655,1003.3113,13.46,11.864884,0.0,0.0015010964817122,2,summer,samcheonpo_coal,1,53.64824
2023-07-13,10586.338030656,14557.666063824,2474.870629248,12.24625,16.405,2.7937499999999997,8,23.71,98.95,236.48,6.75,0.0,-0.8336931089147072,-0.5522280327438388,14.65925925925926,14861.32258064516,0.0,45.16129032258065,1.0,0.0,33478.77419354839,35.96438039701612,67.33129390600881,45478.0,78.578666,14.081478,1003.50433,5.45,25.242545999999997,0.0,0.001724858808562,3,summer,samcheonpo_coal,1,53.33612
2023-07-14,10608.659687087998,14852.60005176,2255.694403968,12.105,16.49,2.51375,8,24.61,94.0,225.15,1.67,8.75,-0.7089555570807735,-0.7052531588616177,56.2874251497006,14861.32258064516,0.0,45.16129032258065,1.0,0.0,33478.77419354839,35.96438039701612,67.33129390600881,45172.0,61.750981,25.620771,1000.51447,2.92,8.450181,0.0,0.0013651527821766,4,summer,samcheonpo_coal,1,53.3008
2023-07-15,8429.1311808,12759.457335696,1809.260627904,10.7825,15.9725,2.23,8,22.77,90.54,272.95,3.95,5.5,-0.998674826236542,0.0514644677560442,22.921518987341777,14861.32258064516,0.0,45.16129032258065,1.0,0.0,33478.77419354839,35.96438039701612,67.33129390600881,40127.0,76.251846,20.991426,1000.62213,6.59,23.108606,0.0,0.0018966586656244,5,summer,samcheonpo_coal,1,53.14324
2023-07-16,3409.9484027040003,6432.50745864,4197.880192896,7.98,13.76,351.09875,8,23.03,100.0,119.17,1.19,95.82,0.8731774003200576,-0.4874025313540193,84.03361344537815,14861.32258064516,0.0,45.16129032258065,1.0,0.0,33478.77419354839,35.96438039701612,67.33129390600881,18669.0,61.128469,17.533146,1005.1297,7.88,8.261428999999998,0.0,0.00326364387202,6,summer,samcheonpo_coal,1,52.86704
2023-07-17,4797.810501552,15131.66882112,7822.506711024001,7.505,25.00875,13.170000000000002,8,23.72,98.16,216.74,0.98,7.5,-0.598184746286608,-0.8013582278294935,100.16326530612244,14861.32258064516,0.0,45.16129032258065,1.0,0.0,33478.77419354839,35.96438039701612,67.33129390600881,31215.0,87.646198,13.039754,1009.41754,9.88,34.222478,0.0,0.0027999613018531,0,summer,samcheonpo_coal,1,53.42372
2023-07-18,8543.387324016,12422.833259328,1644.8151029760002,11.12875,16.0525,2.09625,8,23.35,100.0,272.58,1.2,33.75,-0.9989863435996542,0.0450142788611962,83.33333333333334,14861.32258064516,0.0,45.16129032258065,1.0,0.0,33478.77419354839,35.96438039701612,67.33129390600881,38915.0,61.497253,20.929594,1007.3296,5.38,8.345613000000002,0.0,0.0015778034798975,1,summer,samcheonpo_coal,1,53.15164
2023-07-19,8582.546743056,11632.164169104,1585.3868753760005,11.68625,15.82625,2.06875,8,22.52,93.02,208.91,0.77,0.0,-0.4834351732782206,-0.875380164978312,120.8051948051948,14861.32258064516,0.0,45.16129032258065,1.0,0.0,33478.77419354839,35.96438039701612,67.33129390600881,37050.0,82.891044,11.435313,1004.0018,18.4,30.454484,0.0,0.0022322809150997,2,summer,samcheonpo_coal,1,52.43656
2023-07-20,6465.419176176,6354.648059040001,2872.1535246719995,11.9925,11.5325,66.285,8,23.07,95.86,95.44,1.66,0.0,0.995496021999177,-0.0948033236960294,57.746987951807235,14861.32258064516,0.0,45.16129032258065,1.0,0.0,33478.77419354839,35.96438039701612,67.33129390600881,31169.0,111.622843,10.195057,1006.0034,22.01,59.164403,0.0,0.0035684341568339,3,summer,samcheonpo_coal,1,52.45844
2023-07-21,4756.736666304,5977.951639632,2029.770877248,9.46875,11.3425,162.72625000000002,8,22.34,91.14,123.94,1.33,0.0,0.8296227033165013,-0.5583244309018014,68.52631578947368,14861.32258064516,0.0,45.16129032258065,1.0,0.0,33478.77419354839,35.96438039701612,67.33129390600881,21170.0,109.142938,8.825508,1008.9771,24.17,56.734458,0.0,0.0051291040394814,4,summer,samcheonpo_coal,1,52.40848
2023-07-22,4691.653936128,6034.540942800001,1998.569884752,8.17,11.1425,162.6575,8,24.6,95.91,198.57,1.65,0.25,-0.3184630152194611,-0.9479352867877264,58.127272727272725,14861.32258064516,0.0,45.16129032258065,1.0,0.0,33478.77419354839,35.96438039701612,67.33129390600881,21195.0,81.824917,14.512064,1010.62177,4.26,28.604877,0.0,0.0038457296762649,5,summer,samcheonpo_coal,1,53.22004
2023-07-23,4295.486451744,5843.321968608,1598.889382704,6.12125,11.85125,68.2475,8,24.88,100.0,229.54,7.04,5.75,-0.7608591805274457,-0.6489170265967013,14.204545454545457,14861.32258064516,0.0,45.16129032258065,1.0,0.0,33478.77419354839,35.96438039701612,67.33129390600881,20777.0,76.884936,18.0036,1007.5054,5.14,23.347376,0.0,0.0036868399454565,6,summer,samcheonpo_coal,1,53.53756
2023-07-24,5413.296713904,14630.82735384,9588.097025712,8.385,26.455,19.192500000000003,8,24.21,97.0,190.22,1.01,3.75,-0.1774282786008418,-0.9841337337744004,96.03960396039604,14861.32258064516,0.0,45.16129032258065,1.0,0.0,33478.77419354839,35.96438039701612,67.33129390600881,31137.0,77.976567,14.24163,1006.9426,6.73,24.540487,0.0,0.0024980498329906,0,summer,samcheonpo_coal,1,53.43608
2023-07-25,8194.172166,12206.322308448,1510.6858898399998,10.815,15.83,1.97125,8,24.74,96.25,66.65,1.32,1.5,0.9181008531004032,0.3963468475165557,72.91666666666666,14861.32258064516,0.0,45.16129032258065,1.0,0.0,33478.77419354839,35.96438039701612,67.33129390600881,39214.0,100.15436,8.891344,1010.54785,6.23,46.70996,0.0,0.0025475394709723,1,summer,samcheonpo_coal,1,53.4444
2023-07-26,10513.384603632,13389.523819632,1715.388408432,12.8375,15.9925,2.0725,8,24.89,96.98,60.72,1.8,2.5,0.8722400460008437,0.4890780123379563,53.87777777777778,14861.32258064516,0.0,45.16129032258065,1.0,0.0,33478.77419354839,35.96438039701612,67.33129390600881,41202.0,102.900052,6.439876,1012.4118,12.55,48.849892,0.0,0.0024912311098793,2,summer,samcheonpo_coal,1,54.050160000000005
2023-07-27,9292.552645248,12833.42921568,1503.818901936,11.785,16.17875,1.89625,8,24.66,91.85,70.13,2.08,0.0,0.9404662204253442,0.3398871698650418,44.15865384615384,14861.32258064516,0.0,45.16129032258065,1.0,0.0,33478.77419354839,35.96438039701612,67.33129390600881,42012.0,123.945771,7.6367526,1011.54297,19.72,69.494731,0.0,0.0029415685048015,3,summer,samcheonpo_coal,1,54.45104
2023-07-28,10232.07428952,13001.70017592,1658.486858688,12.8075,15.96375,2.03,8,24.73,93.0,67.13,2.18,0.0,0.9213890241061592,0.3886415652715231,42.66055045871559,14861.32258064516,0.0,45.16129032258065,1.0,0.0,33478.77419354839,35.96438039701612,67.33129390600881,41859.0,97.366621,8.217153,1011.2281,16.09,43.247461,0.0,0.0023206637953074,4,summer,samcheonpo_coal,1,54.11916
2023-07-29,4682.328926688,5486.883334560001,14211.637880256,8.12375,9.02875,428.41125,8,25.51,90.84,95.2,2.17,0.0,0.9958843986159704,-0.0906325801977802,41.86175115207374,14861.32258064516,0.0,45.16129032258065,1.0,0.0,33478.77419354839,35.96438039701612,67.33129390600881,20732.0,123.623148,9.220499,1011.35986,24.77,69.969388,0.0,0.0059275691319659,5,summer,samcheonpo_coal,1,53.653760000000005
2023-07-30,4042.558662624,4791.848336784,2821.549667472,6.7975,11.63625,353.7175,8,24.65,93.76,63.35,2.13,0.0,0.8937631529033632,0.4485392140183948,44.01877934272301,14861.32258064516,0.0,45.16129032258065,1.0,0.0,33478.77419354839,35.96438039701612,67.33129390600881,18709.0,122.808665,8.669949,1010.58844,20.48,69.64358499999999,0.0,0.0065213420115215,6,summer,samcheonpo_coal,1,53.16508
2023-07-31,4004.010738144,5442.31365696,2441.679792336,6.60125,10.52125,335.65749999999997,8,25.67,84.46,75.59,3.51,0.0,0.968539741803012,0.2488589330286436,24.062678062678064,14861.32258064516,0.0,45.16129032258065,1.0,0.0,33478.77419354839,35.96438039701612,67.33129390600881,20199.0,120.959668,9.021574,1009.3277,21.12,68.408348,0.0,0.0059527513822031,0,summer,samcheonpo_coal,1,52.55132
2023-08-01,5337.652066559999,5677.145054208,2019.885288048,12.755,9.265,401.67,8,25.4,82.29,77.43,2.21,0.0,0.9760308476910712,0.2176322226956505,37.235294117647065,15960.967741935485,0.0,39.193548387096776,1.0,0.0,38659.32258064516,36.258989360326225,76.6462066905366,20833.0,121.169976,10.195057,1007.41534,21.16,68.532736,0.0,0.0057826187407462,1,summer,samcheonpo_coal,1,52.63724
2023-08-02,6189.738310368,10573.808560992,73448.091636336,9.56375,19.68875,189.385,8,25.78,91.77,110.96,0.98,0.0,0.9338303869951268,-0.3577161001751691,93.64285714285714,15960.967741935485,0.0,39.193548387096776,1.0,0.0,38659.32258064516,36.258989360326225,76.6462066905366,29510.0,123.043126,9.885262,1005.1306,24.22,66.41456600000001,0.0,0.0041522271430854,2,summer,samcheonpo_coal,1,56.62856
2023-08-03,10186.955169408,14108.572737216,2209.83259968,11.8575,16.0125,2.4924999999999997,8,26.25,86.19,174.57,1.32,0.0,0.0946295754202303,-0.9955125531382248,65.29545454545455,15960.967741935485,0.0,39.193548387096776,1.0,0.0,38659.32258064516,36.258989360326225,76.6462066905366,44185.0,128.488226,8.913181,1003.22626,23.32,69.62578599999999,0.0,0.0028995285892346,3,summer,samcheonpo_coal,1,58.86244
2023-08-04,10528.734588336,14050.51003008,2132.382848544,12.1475,15.89875,2.39625,8,25.93,86.7,44.35,1.83,0.0,0.6990395791467099,0.7150829789516673,47.377049180327866,15960.967741935485,0.0,39.193548387096776,1.0,0.0,38659.32258064516,36.258989360326225,76.6462066905366,44837.0,115.50804,9.387651,1001.53864,21.44,60.36756,0.0,0.0025695571846006,4,summer,samcheonpo_coal,1,55.14048
2023-08-05,9963.222982992002,13676.265015552,1860.592811328,11.7475,15.95875,2.16,8,27.76,82.69,106.75,1.48,0.0,0.9575713608048144,-0.2881962681340893,55.87162162162162,15960.967741935485,0.0,39.193548387096776,1.0,0.0,38659.32258064516,36.258989360326225,76.6462066905366,43714.0,127.442577,9.983106,997.3291,21.76,68.947057,0.0,0.002906897435598,5,summer,samcheonpo_coal,1,58.49552
2023-08-06,6529.312680624002,6492.716235936,4192.98110424,19.53625,11.0925,50.72625,8,28.56,75.11,271.27,2.84,0.0,-0.9997543513396826,0.0221638664806137,26.44718309859155,15960.967741935485,0.0,39.193548387096776,1.0,0.0,38659.32258064516,36.258989360326225,76.6462066905366,31861.0,107.83181,10.739832,994.5524,21.63,49.53661,0.0,0.0033730294131757,6,summer,samcheonpo_coal,1,58.295199999999994
2023-08-07,9078.707677824,16104.53411568,4113.825441696,11.15,20.89,5.4975,8,27.9,78.42,57.57,2.17,1.25,0.8440472515224061,0.5362688105768152,36.13824884792627,15960.967741935485,0.0,39.193548387096776,1.0,0.0,38659.32258064516,36.258989360326225,76.6462066905366,42012.0,109.16654,16.73516,995.1673,20.69,50.97506,0.0,0.0025917264161316,0,summer,samcheonpo_coal,1,58.191480000000006
2023-08-08,10828.164375504,14463.802690704,2245.9578259679997,12.12625,15.89625,2.4625000000000004,8,27.53,76.92,52.63,5.59,0.0,0.7947325328702571,0.6069598019618974,13.760286225402504,15960.967741935485,0.0,39.193548387096776,1.0,0.0,38659.32258064516,36.258989360326225,76.6462066905366,45659.0,113.092997,17.935081,997.55255,19.99,55.219477,0.0,0.0024707849170762,1,summer,samcheonpo_coal,1,57.87352
2023-08-09,10307.455897968,14171.971369536002,1920.753066528,11.8825,16.0125,2.16,8,25.26,91.34,43.0,11.92,20.96,0.6819983600624985,0.7313537016191705,7.662751677852349,15960.967741935485,0.0,39.193548387096776,1.0,0.0,38659.32258064516,36.258989360326225,76.6462066905366,43921.0,65.034052,32.33193,996.70166,2.75,8.055492000000001,0.0,0.0014785159290132,2,summer,samcheonpo_coal,1,56.978559999999995
2023-08-10,9614.650562639998,12069.170130384,1512.5848596,12.43875,15.6325,1.9325,8,24.16,83.82,215.86,5.6,34.75,-0.5858066981381838,-0.810450808141024,14.967857142857143,15960.967741935485,0.0,39.193548387096776,1.0,0.0,38659.32258064516,36.258989360326225,76.6462066905366,36983.0,87.571261,37.938602,988.1119,5.12,31.911221,0.0,0.0023622851771946,3,summer,samcheonpo_coal,1,55.66004
2023-08-11,10350.285105312,13627.5282792,1891.637589312,12.60875,16.37,2.305,8,26.43,87.88,117.8,1.72,0.0,0.8845809752150839,-0.4663866403398911,51.093023255813954,15960.967741935485,0.0,39.193548387096776,1.0,0.0,38659.32258064516,36.258989360326225,76.6462066905366,41039.0,130.711191,14.007655,998.5075,21.55,74.240591,0.0,0.003174935825845,4,summer,samcheonpo_coal,1,56.4706
2023-08-12,6901.773072768002,9729.566306784,26639.169538464,9.0875,11.55875,577.33125,8,24.45,92.0,81.95,2.5,0.0,0.9901462402487812,0.1400372197710413,36.8,15960.967741935485,0.0,39.193548387096776,1.0,0.0,38659.32258064516,36.258989360326225,76.6462066905366,24510.0,119.165871,10.799999,1000.5408,20.47,62.008790999999995,0.0,0.0048384046631605,5,summer,samcheonpo_coal,1,57.15708
2023-08-13,6062.3378897759985,8565.899532768,7786.6885692,7.825,10.915,551.99125,8,24.88,92.68,58.93,1.83,0.0,0.8565374234312818,0.516084917684775,50.6448087431694,15960.967741935485,0.0,39.193548387096776,1.0,0.0,38659.32258064516,36.258989360326225,76.6462066905366,22122.0,122.797916,10.195057,1001.5844,17.23,65.529556,0.0,0.0055202981148089,6,summer,samcheonpo_coal,1,57.26836
2023-08-14,8136.682744320002,29022.102925344003,24721.57134792,10.0975,44.7375,38.303749999999994,8,25.18,93.29,64.11,3.48,0.0,0.899634001547601,0.4366447792650808,26.80747126436782,15960.967741935485,0.0,39.193548387096776,1.0,0.0,38659.32258064516,36.258989360326225,76.6462066905366,38053.0,119.735294,10.009036,1002.3421,21.94,62.362974,0.0,0.0031366705340295,0,summer,samcheonpo_coal,1,57.37232
2023-08-15,11355.717262464,14278.683995856,1886.05221336,13.17125,16.43375,2.125,8,26.48,87.98,230.84,3.13,0.0,-0.7753855395110956,-0.6314881353731734,28.10862619808307,15960.967741935485,0.0,39.193548387096776,1.0,0.0,38659.32258064516,36.258989360326225,76.6462066905366,43653.0,127.335614,11.525623,1001.2542,20.8,70.245894,0.0,0.0029085116003377,1,summer,samcheonpo_coal,1,57.08972
2023-08-16,12249.335556288,15734.42279208,2004.2336952000005,13.10125,16.5475,2.0975,8,26.05,90.93,190.46,1.93,0.0,-0.181549039717282,-0.983381892337729,47.11398963730571,15960.967741935485,0.0,39.193548387096776,1.0,0.0,38659.32258064516,36.258989360326225,76.6462066905366,47256.0,95.706807,11.298495,1000.7788,19.15,39.291087,0.0,0.0020211902263648,2,summer,samcheonpo_coal,1,56.41572
2023-08-17,12834.804322224,16207.728257232,2675.028916224,13.745,16.84125,2.80375,8,25.3,91.0,100.34,1.61,0.0,0.9837599706823285,-0.1794890528224615,56.52173913043478,15960.967741935485,0.0,39.193548387096776,1.0,0.0,38659.32258064516,36.258989360326225,76.6462066905366,47135.0,98.180521,10.799999,1001.82416,12.01,41.871481,0.0,0.0020786345513266,3,summer,samcheonpo_coal,1,56.30904
2023-08-18,11937.055133664,15069.544525152,2326.05443088,13.55125,16.64375,2.57625,8,25.4,95.0,49.91,2.11,0.0,0.7650338100487342,0.6439901159818505,45.02369668246446,15960.967741935485,0.0,39.193548387096776,1.0,0.0,38659.32258064516,36.258989360326225,76.6462066905366,46089.0,87.587897,11.681987,1003.587,8.13,30.253137,0.0,0.0018968031417862,4,summer,samcheonpo_coal,1,57.33476
2023-08-19,9953.824935888,9484.707318192,24850.449210096,16.0175,15.48125,65.265,8,25.55,98.0,68.95,1.73,11.5,0.9332673360231828,0.359182515599231,56.64739884393064,15960.967741935485,0.0,39.193548387096776,1.0,0.0,38659.32258064516,36.258989360326225,76.6462066905366,38214.0,82.711308,15.815435,1006.0141,10.96,24.667468,0.0,0.0021597496279718,5,summer,samcheonpo_coal,1,58.04384
2023-08-20,6240.342063888001,6113.654793504,6357.096719712,9.64875,16.93,312.55,8,25.83,96.93,144.45,1.09,0.0,0.5814131843198307,-0.8136084495007869,88.92660550458716,15960.967741935485,0.0,39.193548387096776,1.0,0.0,38659.32258064516,36.258989360326225,76.6462066905366,23465.0,128.254491,9.178235,1008.1557,21.28,69.530851,0.0,0.0054360661030857,6,summer,samcheonpo_coal,1,58.72364
2023-08-21,9375.4872792,19224.52986528,5159.740585968,11.9375,25.075,7.021249999999999,8,26.22,94.0,133.96,1.76,0.0,0.7198245880301588,-0.6941560072975039,53.40909090909091,15960.967741935485,0.0,39.193548387096776,1.0,0.0,38659.32258064516,36.258989360326225,76.6462066905366,39270.0,120.901723,11.928989,1006.26776,22.0,61.78288299999999,0.0,0.0030692804102376,0,summer,samcheonpo_coal,1,59.11884
2023-08-22,11903.392646640004,14612.591114784,2196.948197232,13.5275,16.28875,2.45625,8,27.53,89.14,235.71,5.53,0.0,-0.826196635762815,-0.5633818590034705,16.119349005424954,15960.967741935485,0.0,39.193548387096776,1.0,0.0,38659.32258064516,36.258989360326225,76.6462066905366,45376.0,101.90962,15.4800005,1003.19336,18.68,57.4083,0.0,0.002240859811973,1,summer,samcheonpo_coal,1,44.50132
2023-08-23,12563.725711824,14973.04441584,2136.4407089280003,13.965,16.2925,2.3325,8,27.1,86.13,226.54,4.95,9.0,-0.7258547563546036,-0.6878480011437113,17.4,15960.967741935485,0.0,39.193548387096776,1.0,0.0,38659.32258064516,36.258989360326225,76.6462066905366,46346.0,115.650387,15.629971,1002.6377,13.86,55.915587,0.0,0.0024891579622483,2,summer,samcheonpo_coal,1,59.7348
2023-08-24,12218.687969760002,14734.10883672,2367.657188496,13.71,16.19,2.6125,8,25.0,93.76,237.84,6.05,55.0,-0.8465649777061378,-0.5322853919857339,15.497520661157026,15960.967741935485,0.0,39.193548387096776,1.0,0.0,38659.32258064516,36.258989360326225,76.6462066905366,45207.0,79.343339,18.25026,1002.7866,2.21,19.974739000000003,0.0,0.0017520367764308,3,summer,samcheonpo_coal,1,59.3686
2023-08-25,11217.300488064,14319.097431695998,2335.456757232,13.09375,16.3825,2.6575,8,24.32,95.04,51.7,3.11,0.0,0.7847763705330829,0.6197790317951402,30.559485530546628,15960.967741935485,0.0,39.193548387096776,1.0,0.0,38659.32258064516,36.258989360326225,76.6462066905366,44012.0,135.635111,15.778518,1004.54755,21.36,75.605231,0.0,0.0030723075122591,4,summer,samcheonpo_coal,1,60.02988
2023-08-26,5735.165458464,7504.985077919998,17985.268840464,11.81125,18.4,221.61875,8,24.29,93.01,72.37,2.52,0.0,0.9530322166342924,0.3028689387459977,36.90873015873016,15960.967741935485,0.0,39.193548387096776,1.0,0.0,38659.32258064516,36.258989360326225,76.6462066905366,24351.0,131.79409900000002,12.783802,1005.7443,18.97,71.928419,0.0,0.0053831314541579,5,summer,samcheonpo_coal,1,59.86568
2023-08-27,5361.504275808,6411.74628096,4874.862624624,9.3875,14.85125,358.14125,8,26.1,81.01,128.85,4.37,0.0,0.7787908532703041,-0.6272836733588015,18.53775743707094,15960.967741935485,0.0,39.193548387096776,1.0,0.0,38659.32258064516,36.258989360326225,76.6462066905366,23195.0,121.434062,11.91812,1004.98724,16.29,62.294622,0.0,0.0052080889246228,6,summer,samcheonpo_coal,1,59.13944
2023-08-28,9056.879456976,19651.78632528,21963.319427232003,11.6275,26.4775,31.35375,8,27.02,86.3,162.58,4.22,0.0,0.2993738667424738,-0.9541358854542992,20.450236966824644,15960.967741935485,0.0,39.193548387096776,1.0,0.0,38659.32258064516,36.258989360326225,76.6462066905366,38697.0,96.828866,15.629971,1004.1081,9.9,39.092346,0.0,0.0024959863161345,0,summer,samcheonpo_coal,1,57.73652
2023-08-29,13535.15357448,16167.233986272,3089.259705168,14.21,16.45375,3.15625,8,26.2,94.04,223.07,3.56,8.5,-0.682891367962551,-0.7305199378266385,26.415730337078653,15960.967741935485,0.0,39.193548387096776,1.0,0.0,38659.32258064516,36.258989360326225,76.6462066905366,48270.0,80.00577200000001,24.522316,1003.72626,2.72,23.242692,0.0,0.0016547210434115,1,summer,samcheonpo_coal,1,56.76308
2023-08-30,12656.156829408,15846.566917248,2388.627879696,13.63625,16.68125,2.5124999999999997,8,25.31,96.01,150.6,0.88,11.25,0.490903753615141,-0.8712138111201894,109.10227272727272,15960.967741935485,0.0,39.193548387096776,1.0,0.0,38659.32258064516,36.258989360326225,76.6462066905366,46942.0,68.55663000000001,14.830076,1005.40485,2.6,12.28147,0.0,0.0014583241491816,2,summer,samcheonpo_coal,1,56.27516000000001
2023-08-31,11742.551108352,13397.762186784,2030.1032701440004,14.0225,15.70875,2.35875,8,25.54,91.0,66.49,2.24,1.5,0.9169904655764336,0.3989091200285041,40.62499999999999,15960.967741935485,0.0,39.193548387096776,1.0,0.0,38659.32258064516,36.258989360326225,76.6462066905366,41722.0,99.684292,16.299694,1006.4798,11.68,43.767812000000006,0.0,0.0023835551744879,3,summer,samcheonpo_coal,1,55.91648
2023-09-01,6022.104280272,6073.381433232,21429.028491984,10.08875,11.15,78.33125,8,23.66,95.97,86.66,2.06,6.25,0.99830138605541,0.0582609869453576,46.5873786407767,10420.133333333331,0.0,10.6,1.0,0.0,25253.933333333334,36.91863282023394,69.4405911422379,26488.0,75.500221,16.434305,1007.54584,11.39,19.651981,0.0,0.0028422542350165,4,autumn,samcheonpo_coal,1,55.84824
2023-09-02,5859.095304816,6134.777251199999,4026.594123792,8.7025,16.18875,161.685,8,23.91,95.47,68.94,2.31,8.5,0.9332046326338984,0.3593453960058907,41.32900432900433,10420.133333333331,0.0,10.6,1.0,0.0,25253.933333333334,36.91863282023394,69.4405911422379,21808.0,76.495149,18.057508,1008.1989,6.71,20.424829,0.0,0.0034954038683179,5,autumn,samcheonpo_coal,1,56.07032
2023-09-03,5868.211371696,5963.473313712001,5474.44464984,9.4325,11.65125,254.98125,8,23.93,95.0,95.86,1.96,0.0,0.9947743374368468,-0.1020980782242374,48.46938775510204,10420.133333333331,0.0,10.6,1.0,0.0,25253.933333333334,36.91863282023394,69.4405911422379,21851.0,112.415714,10.1887,1009.2753,6.51,57.094674,0.0,0.0051183165434665,6,autumn,samcheonpo_coal,1,55.32104
2023-09-04,7066.824922511998,10571.644355903998,12301.906165919998,11.30375,17.89125,80.04625,8,26.1,85.15,62.02,2.06,0.0,0.883111415553658,0.4691633273379478,41.33495145631069,10420.133333333331,0.0,10.6,1.0,0.0,25253.933333333334,36.91863282023394,69.4405911422379,27102.0,108.880656,10.630672,1008.3462,15.46,57.690976,0.0,0.0040013646517534,0,autumn,samcheonpo_coal,1,51.18968
2023-09-05,11478.128887008,13474.03594248,2902.06477584,14.58125,15.73,48.5225,8,25.23,59.77,58.46,7.54,0.0,0.8522751837888446,0.5230936924659779,7.927055702917772,10420.133333333331,0.0,10.6,1.0,0.0,25253.933333333334,36.91863282023394,69.4405911422379,33014.0,114.746125,16.485485,1007.54987,18.68,67.454685,0.0,0.0034636422570007,1,autumn,samcheonpo_coal,1,47.29144
2023-09-06,9368.758118592,11916.337914288,2693.776582368,26.6325,15.33625,50.9775,8,24.06,75.08,44.37,4.94,0.0,0.6992891476018682,0.7148389245461194,15.198380566801616,10420.133333333331,0.0,10.6,1.0,0.0,25253.933333333334,36.91863282023394,69.4405911422379,29308.0,115.976605,15.617529,1007.8015,20.93,71.369325,0.0,0.003941568012948,2,autumn,samcheonpo_coal,1,44.60728
2023-09-07,10221.49842768,12375.567196992,2019.617789328,18.89375,16.45,15.1625,8,22.54,70.85,47.53,4.33,0.0,0.7376309739350928,0.6752040775140256,16.36258660508083,10420.133333333331,0.0,10.6,1.0,0.0,25253.933333333334,36.91863282023394,69.4405911422379,29919.0,122.768666,17.10284,1010.25977,22.21,78.196698,0.168768,0.0040865991401812,3,autumn,samcheonpo_coal,1,44.4032
2023-09-08,5756.74658712,6008.28983784,1877.041291104,14.92,15.583749999999998,56.20375,8,20.88,90.68,64.82,2.6,0.0,0.9049756223482776,0.4254634214069964,34.87692307692308,10420.133333333331,0.0,10.6,1.0,0.0,25253.933333333334,36.91863282023394,69.4405911422379,21152.0,114.179429,14.512064,1009.5801,22.04,68.807205,0.671904,0.0053690616775431,4,autumn,samcheonpo_coal,1,44.70032
2023-09-09,6416.2952928,6508.342113408,2490.740575776,14.0575,16.005,128.16125,8,21.58,88.26,40.84,1.89,0.0,0.6539489269582416,0.756538697576115,46.6984126984127,10420.133333333331,0.0,10.6,1.0,0.0,25253.933333333334,36.91863282023394,69.4405911422379,23002.0,114.444729,10.990322,1008.23047,22.78,69.495097,0.343872,0.0049507928378115,5,autumn,samcheonpo_coal,1,44.60576
2023-09-10,4900.692989664,5872.149831456,2153.580645024,12.06625,15.425,144.82375000000002,8,23.27,90.87,46.53,1.94,0.0,0.7257346931760809,0.6879746762204404,46.84020618556701,10420.133333333331,0.0,10.6,1.0,0.0,25253.933333333334,36.91863282023394,69.4405911422379,21204.0,118.93983,11.298495,1007.52905,21.28,75.137342,0.056808,0.0055780221183506,6,autumn,samcheonpo_coal,1,43.74568
2023-09-11,6255.002633616,11351.8774368,18549.281239488,15.41,25.75125,69.98125,8,23.71,94.9,81.14,2.25,0.0,0.9880676332259154,0.1540206225521045,42.17777777777778,10420.133333333331,0.0,10.6,1.0,0.0,25253.933333333334,36.91863282023394,69.4405911422379,26316.0,92.609332,9.793059,1006.2469,15.04,49.141524,0.081648,0.0035067856408395,0,autumn,samcheonpo_coal,1,43.38616
2023-09-12,9954.36884376,14166.222280416,2448.051054336,14.3775,16.0,29.78125,8,22.95,91.11,81.67,2.71,0.0,0.9894500687002754,0.1448742956808429,33.61992619926199,10420.133333333331,0.0,10.6,1.0,0.0,25253.933333333334,36.91863282023394,69.4405911422379,34457.0,90.855604,9.007196,1007.5125,14.44,47.284404,0.03384,0.0026298478563016,1,autumn,samcheonpo_coal,1,43.53736
2023-09-13,11096.093980224,14611.785848496,2686.85214048,15.82625,15.75125,29.3625,8,24.95,91.0,63.84,2.64,0.0,0.8975663802247975,0.4408793407386586,34.46969696969697,10420.133333333331,0.0,10.6,1.0,0.0,25253.933333333334,36.91863282023394,69.4405911422379,36122.0,75.24523800000001,11.988594,1007.45953,7.15,32.132174000000006,0.042264,0.0020787559248019,2,autumn,samcheonpo_coal,1,43.070800000000006
2023-09-14,10478.865725568,13611.299739696,2248.682451264,14.225,16.02375,28.44625,8,23.26,93.49,68.15,1.45,6.25,0.9281613938075556,0.3721779507778716,64.47586206896551,10420.133333333331,0.0,10.6,1.0,0.0,25253.933333333334,36.91863282023394,69.4405911422379,33420.0,54.202179,14.145756,1008.4262,4.51,10.588451,0.415728,0.0016192224301615,3,autumn,samcheonpo_coal,1,43.198
2023-09-15,10430.002822176,25181.04828528,2258.761910112,15.09875,1272.105,28.863749999999996,8,23.33,98.0,77.25,2.05,1.5,0.9753423205085128,0.220697435021501,47.804878048780495,10420.133333333331,0.0,10.6,1.0,0.0,25253.933333333334,36.91863282023394,69.4405911422379,32556.0,59.922601,16.1198,1009.9565,10.32,16.255713,0.119448,0.0018372192543209,4,autumn,samcheonpo_coal,1,43.54744
2023-09-16,6952.58790336,8556.130597824,1790.894686464,8.4275,12.00625,43.5025,8,23.85,97.11,136.17,2.77,33.75,0.6925209917473589,-0.7213977238592139,35.057761732851986,10420.133333333331,0.0,10.6,1.0,0.0,25253.933333333334,36.91863282023394,69.4405911422379,22779.0,46.071612,9.9571085,1009.3759,3.31,8.21318,0.2337119999999999,0.0020184651677403,5,autumn,samcheonpo_coal,1,37.62472
2023-09-17,6733.644602255999,7911.455791248,1687.733823168,9.355,12.35,40.7725,8,24.05,94.03,42.02,1.3,18.25,0.6693899720682976,0.7429112095630296,72.33076923076923,10420.133333333331,0.0,10.6,1.0,0.0,25253.933333333334,36.91863282023394,69.4405911422379,21034.0,62.42104500000001,10.829959,1007.68604,8.88,22.697669,1.3426559999999998,0.0029588452404723,6,autumn,samcheonpo_coal,1,38.38072
2023-09-18,8849.490486336,15049.137157056,3203.5797411840003,11.7725,21.55875,31.20375,8,23.03,96.9,72.53,2.94,0.0,0.9538742691960128,0.300206393279311,32.95918367346939,10420.133333333331,0.0,10.6,1.0,0.0,25253.933333333334,36.91863282023394,69.4405911422379,29431.0,106.185434,9.793058,1009.29517,16.78,61.661506,0.356328,0.0035949746883388,0,autumn,samcheonpo_coal,1,44.1676
2023-09-19,11925.396472032,14107.01164704,2548.167678432,16.0075,15.8725,30.18375,8,21.57,95.92,73.39,3.19,0.0,0.9582726978428404,0.2858556218950478,30.06896551724138,10420.133333333331,0.0,10.6,1.0,0.0,25253.933333333334,36.91863282023394,69.4405911422379,34344.0,97.307832,9.19939,1010.79877,20.37,52.03412,0.074592,0.0028253233725808,1,autumn,samcheonpo_coal,1,45.19912
2023-09-20,12045.259019376,14402.589624144,2443.7193995519997,18.20125,15.80875,26.055,8,25.52,96.47,238.2,9.25,20.28,-0.8498926929868638,-0.5269557954966778,10.42918918918919,10420.133333333331,0.0,10.6,1.0,0.0,25253.933333333334,36.91863282023394,69.4405911422379,35320.0,51.620324,25.772078,1006.95,2.09,7.154164,0.0,0.0014593712000514,2,autumn,samcheonpo_coal,1,44.46616
2023-09-21,11176.766891424,13580.755055568,2288.80923696,20.225,15.875,25.86125,8,20.21,96.67,46.07,3.16,2.5,0.7201879485770499,0.693779012888384,30.591772151898738,10420.133333333331,0.0,10.6,1.0,0.0,25253.933333333334,36.91863282023394,69.4405911422379,32051.0,58.396808,24.993437,1005.51776,5.97,13.669528,0.0,0.0018186828095584,3,autumn,samcheonpo_coal,1,44.72728
2023-09-22,4946.192214047999,5719.753949328,4630.911665472,14.4325,11.76,112.66875,8,19.61,91.28,64.69,3.08,0.0,0.9040079478731884,0.427515649049373,29.636363636363637,10420.133333333331,0.0,10.6,1.0,0.0,25253.933333333334,36.91863282023394,69.4405911422379,20324.0,91.920863,13.217443,1011.47894,15.29,46.534399,0.062064,0.0045024108203019,4,autumn,samcheonpo_coal,1,45.3244
2023-09-23,5533.217916047999,6247.216858896,1580.4911375999998,23.9075,12.2275,48.75125,8,20.36,68.17,43.19,5.47,0.0,0.6844198664761635,0.7290880923268124,12.462522851919562,10420.133333333331,0.0,10.6,1.0,0.0,25253.933333333334,36.91863282023394,69.4405911422379,22639.0,94.208269,15.629971,1015.14087,16.76,47.661621,0.8200080000000001,0.0041440815517652,5,autumn,samcheonpo_coal,1,45.72664
2023-09-24,4188.147632352,5282.6444102880005,1292.8668576480002,15.09375,12.77125,41.40875,8,19.91,73.8,44.87,8.62,0.0,0.7055005880645404,0.7087093341000863,8.561484918793504,10420.133333333331,0.0,10.6,1.0,0.0,25253.933333333334,36.91863282023394,69.4405911422379,19695.0,116.610302,20.188908,1015.35156,19.84,69.97558199999999,1.40184,0.0058859577905299,6,autumn,samcheonpo_coal,1,45.232879999999994
2023-09-25,5099.182727904,6449.746362336,1389.864090816,7.885,16.39875,44.19125,8,22.57,85.29,64.02,1.25,0.0,0.8989470119355396,0.4380573817802466,68.232,10420.133333333331,0.0,10.6,1.0,0.0,25253.933333333334,36.91863282023394,69.4405911422379,22713.0,79.722069,19.022177,1012.76385,7.34,32.967989,1.53432,0.003497698465267,0,autumn,samcheonpo_coal,1,45.21976
2023-09-26,6608.602975824,6729.4021883039995,2165.5346064479995,10.72625,15.30875,119.34875,8,23.77,83.03,269.28,5.78,0.0,-0.999921044203816,-0.0125660398833528,14.365051903114187,10420.133333333331,0.0,10.6,1.0,0.0,25253.933333333334,36.91863282023394,69.4405911422379,23956.0,60.113125999999994,11.019764,1010.11017,6.74,22.746502,0.223344,0.0025030330963473,1,autumn,samcheonpo_coal,1,37.14328
2023-09-27,5503.221404928,6551.6460027839985,2091.161047104,18.25625,14.7975,83.99374999999999,8,23.22,82.14,270.65,7.51,0.0,-0.99993565026023,0.0113443967953714,10.937416777629828,10420.133333333331,0.0,10.6,1.0,0.0,25253.933333333334,36.91863282023394,69.4405911422379,22997.0,76.13460599999999,12.605142,1008.51056,11.05,42.639998,0.541728,0.0032997079633992,2,autumn,samcheonpo_coal,1,32.95288
2023-09-28,3523.479971616,5604.370436879999,35351.718700464,14.51375,16.19,394.47375,8,21.92,79.61,112.3,1.19,0.0,0.925209718385782,-0.379456159529005,66.89915966386555,10420.133333333331,0.0,10.6,1.0,0.0,25253.933333333334,36.91863282023394,69.4405911422379,12613.0,33.672712000000004,12.9249525,1009.80493,16.57,1.458072,0.0,0.0026625747947164,3,autumn,samcheonpo_coal,1,32.21464
2023-09-29,2736.47064312,4723.09561152,5626.600484544,12.26375,13.7525,423.1725,8,20.92,94.0,81.32,2.17,0.0,0.988546626571972,0.1509157615796776,43.31797235023041,10420.133333333331,0.0,10.6,1.0,0.0,25253.933333333334,36.91863282023394,69.4405911422379,9591.0,30.358264,13.246826,1010.94727,17.93,1.4820239999999998,0.0,0.0031552991965376,4,autumn,samcheonpo_coal,1,28.876240000000003
2023-09-30,3102.5667456,5144.783977151998,6506.295334272,25.07625,14.79625,495.20875,8,18.46,88.53,86.53,1.72,0.5,0.998166626538801,0.0605259090319994,51.47093023255814,10420.133333333331,0.0,10.6,1.0,0.0,25253.933333333334,36.91863282023394,69.4405911422379,10412.0,31.617112,18.359999,1008.30225,9.63,0.762312,0.0,0.0030274101071429,5,autumn,samcheonpo_coal,1,30.8548
2023-10-01,2913.11282664,4951.282818672,5341.712597999999,18.49625,15.04,389.57625,8,18.03,49.67,59.56,5.23,0.0,0.8621601808342054,0.5066357888897409,9.497131931166347,8035.096774193548,0.0,27.387096774193548,1.0,0.0,19604.06451612903,37.39579346613441,70.82846750015632,10009.0,36.094624,18.289274,1010.00616,20.22,1.615824,0.0,0.0035932587348417,6,autumn,samcheonpo_coal,1,34.4788
2023-10-02,3741.288694128,5858.594473248,4757.747350896,11.11625,18.05,343.09000000000003,8,18.99,64.28,60.03,2.9,0.0,0.8662870844473874,0.4995464816407428,22.165517241379312,8035.096774193548,0.0,27.387096774193548,1.0,0.0,19604.06451612903,37.39579346613441,70.82846750015632,11666.0,36.834712,15.827721,1014.3182,20.07,1.524552,0.0,0.0031475033960985,0,autumn,samcheonpo_coal,1,35.31016
2023-10-03,3917.820801024,9763.797780288,29214.859835376,8.71125,32.19125,216.985,8,16.52,83.03,42.5,3.54,0.0,0.6755902076156602,0.7372773368101241,23.454802259887007,8035.096774193548,0.0,27.387096774193548,1.0,0.0,19604.06451612903,37.39579346613441,70.82846750015632,15202.0,37.79614,15.30741,1014.2972,6.75,0.25014,0.0,0.0024800948551271,1,autumn,samcheonpo_coal,1,37.546
2023-10-04,5378.069055743999,5933.383359408,2385.727156224,11.4225,14.93,125.28125,8,20.6,62.99,220.84,4.04,0.0,-0.6539489269582415,-0.7565386975761151,15.59158415841584,8035.096774193548,0.0,27.387096774193548,1.0,0.0,19604.06451612903,37.39579346613441,70.82846750015632,21464.0,120.375879,13.53236,1010.77954,16.17,81.54835899999999,0.0,0.0055769914161436,2,autumn,samcheonpo_coal,1,38.82752
2023-10-05,6050.054872367999,6217.66961064,3257.253673344,15.43875,23.53625,167.4825,8,15.95,46.1,35.06,8.12,0.0,0.5744339357106555,0.8185509474088748,5.677339901477834,8035.096774193548,0.0,27.387096774193548,1.0,0.0,19604.06451612903,37.39579346613441,70.82846750015632,20382.0,106.256069,26.200977,1011.2847,20.25,67.051749,0.0,0.0051861939172447,3,autumn,samcheonpo_coal,1,39.20432
2023-10-06,5669.375995728,6326.671393728,3763.148325984,12.22875,31.305,371.73625,8,16.07,68.08,60.05,3.71,0.0,0.8664614062840471,0.4992440599749499,18.350404312668463,8035.096774193548,0.0,27.387096774193548,1.0,0.0,19604.06451612903,37.39579346613441,70.82846750015632,22519.0,59.28457,14.336861,1014.8155,14.52,19.76241,0.0,0.0026257340240441,4,autumn,samcheonpo_coal,1,39.52216000000001
2023-10-07,4871.91338208,5830.210103039999,3238.122287664,9.775,29.2575,309.26375,8,16.82,83.79,55.4,2.78,0.5,0.8231363685344418,0.5678437450531013,30.140287769784177,8035.096774193548,0.0,27.387096774193548,1.0,0.0,19604.06451612903,37.39579346613441,70.82846750015632,21035.0,39.857464,16.179987,1017.67084,7.82,0.438984,0.0,0.0018912329095503,5,autumn,samcheonpo_coal,1,39.41848
2023-10-08,3746.523258576,9841.422914784,26159.521892544,15.31125,53.47,684.22375,8,17.21,74.09,43.23,7.13,0.25,0.6849286991557799,0.7286100994858437,10.391304347826088,8035.096774193548,0.0,27.387096774193548,1.0,0.0,19604.06451612903,37.39579346613441,70.82846750015632,14630.0,40.479112,17.208603,1017.91113,9.35,0.6190319999999999,0.0,0.0027592222238256,6,autumn,samcheonpo_coal,1,39.86008
2023-10-09,2892.610541952,8014.145543856,25031.518562592,9.9275,51.8,740.8950000000001,8,17.28,90.0,50.63,2.91,0.0,0.7730658116770671,0.6343258238603229,30.927835051546392,8035.096774193548,0.0,27.387096774193548,1.0,0.0,19604.06451612903,37.39579346613441,70.82846750015632,15527.0,41.359708000000005,15.94601,1015.6399,11.75,0.7076279999999999,0.0,0.0026566516174948,0,autumn,samcheonpo_coal,1,40.652080000000005
2023-10-10,5647.39055568,7058.159224559999,4633.375126319999,18.62875,31.863749999999996,468.13625,8,16.55,78.94,72.89,2.43,0.0,0.9557416805229412,0.2942071381037246,32.48559670781893,8035.096774193548,0.0,27.387096774193548,1.0,0.0,19604.06451612903,37.39579346613441,70.82846750015632,23807.0,111.519068,15.03835,1016.3474,18.45,70.803628,0.0,0.0046624570560975,1,autumn,samcheonpo_coal,1,40.71544
2023-10-11,2745.8900242559994,5577.691580783999,3717.377201952001,12.3425,50.1375,798.6125000000001,4,16.13,63.0,44.62,4.21,0.0,0.7024015541897551,0.7117809049643131,14.96437054631829,8035.096774193548,0.0,27.387096774193548,1.0,0.0,19604.06451612903,37.39579346613441,70.82846750015632,22533.0,109.065737,14.88242,1020.27264,18.09,68.783281,0.212616,0.0048169516980852,2,autumn,samcheonpo_coal,1,40.06984
2023-10-12,3108.24226656,6126.238702512,2586.490040592,14.115,55.43,491.4275,4,15.7,76.92,61.64,2.51,0.0,0.8799804068126484,0.4750099826591497,30.645418326693232,8035.096774193548,0.0,27.387096774193548,1.0,0.0,19604.06451612903,37.39579346613441,70.82846750015632,22935.0,110.338332,13.830749,1020.6811,18.25,69.537356,0.745056,0.0047878807596757,3,autumn,samcheonpo_coal,1,40.05592
2023-10-13,2957.856640848001,6069.175311167999,1980.925288992,11.985,69.065,345.1775,4,17.17,83.13,53.26,2.51,0.0,0.8013582278294934,0.5981847462866081,33.1195219123506,8035.096774193548,0.0,27.387096774193548,1.0,0.0,19604.06451612903,37.39579346613441,70.82846750015632,23921.0,86.35180199999999,12.88981,1015.20807,13.7,45.733058,0.711144,0.0035968899323917,4,autumn,samcheonpo_coal,1,39.907599999999995
2023-10-14,1929.769117056,4748.8916905920005,1793.49536592,8.8275,61.2375,339.635,4,18.14,66.2,278.84,9.67,0.0,-0.988121336367892,0.1536757125069914,6.845915201654602,8035.096774193548,0.0,27.387096774193548,1.0,0.0,19604.06451612903,37.39579346613441,70.82846750015632,19249.0,94.962929,14.24163,1007.6368,14.21,54.815089,0.79272,0.0049091765399133,5,autumn,samcheonpo_coal,1,39.35512
2023-10-15,2833.613775936,5822.078827103999,1593.9749347200002,10.0725,51.7,258.1425,4,14.15,81.85,79.71,3.25,0.0,0.9839162298215935,0.1786304920601776,25.184615384615384,8035.096774193548,0.0,27.387096774193548,1.0,0.0,19604.06451612903,37.39579346613441,70.82846750015632,16084.0,99.867107,20.545246,1007.46405,14.74,58.941883,1.899864,0.0061707814541312,6,autumn,samcheonpo_coal,1,39.02536
2023-10-16,2400.807584736,5722.655098752,1679.473277568,10.655,57.7775,296.78999999999996,4,14.71,63.4,34.87,3.68,0.0,0.5717163645186077,0.8204513383142393,17.228260869565215,8035.096774193548,0.0,27.387096774193548,1.0,0.0,19604.06451612903,37.39579346613441,70.82846750015632,23141.0,114.55247,13.009903,1011.22736,17.44,74.45430999999999,0.95184,0.0049258115947911,0,autumn,samcheonpo_coal,1,39.14632
2023-10-17,2378.9255351039997,5452.508719584001,2161.602379872,8.9075,61.9875,392.03,4,14.05,81.15,68.88,2.81,0.0,0.9328278153972944,0.3603224484001947,28.879003558718864,8035.096774193548,0.0,27.387096774193548,1.0,0.0,19604.06451612903,37.39579346613441,70.82846750015632,22975.0,115.835276,14.081477,1015.18896,18.31,76.060684,0.357552,0.0050165043670116,1,autumn,samcheonpo_coal,1,39.41704
2023-10-18,3310.8245064,6104.210872464,4121.779601664,12.035,48.2975,680.79,4,15.08,88.14,50.81,1.96,0.0,0.7750547868235459,0.6318940397107001,44.96938775510204,8035.096774193548,0.0,27.387096774193548,1.0,0.0,19604.06451612903,37.39579346613441,70.82846750015632,23071.0,115.56946699999996,10.703569,1016.8837,17.57,74.95453899999998,0.243648,0.0049843279819588,2,autumn,samcheonpo_coal,1,40.37128
2023-10-19,2908.2310829280004,5858.9477712,3906.02182824,9.6775,35.365,694.41,4,19.52,80.48,264.12,6.81,0.0,-0.9947386378799532,-0.1024453137470674,11.817914831130691,8035.096774193548,0.0,27.387096774193548,1.0,0.0,19604.06451612903,37.39579346613441,70.82846750015632,23256.0,88.32673,13.217443,1013.64746,10.69,47.416562,0.156888,0.0037836486364153,3,autumn,samcheonpo_coal,1,40.75328
2023-10-20,2767.054968,4999.463878176,2727.171245232,8.715,28.4125,289.875,4,11.16,56.48,315.8,7.75,0.0,-0.6971651028545647,0.7169106076504826,7.28774193548387,8035.096774193548,0.0,27.387096774193548,1.0,0.0,19604.06451612903,37.39579346613441,70.82846750015632,20208.0,122.894195,25.992401,1012.4655,15.5,76.410307,5.5572479999999995,0.0060447019113514,4,autumn,samcheonpo_coal,1,40.92664
2023-10-21,2676.592439999999,4734.992332512001,2267.5196334240004,9.085,28.5475,267.8625,4,10.82,57.59,63.96,3.92,0.0,0.8984877864990889,0.4389985165259306,14.691326530612246,8035.096774193548,0.0,27.387096774193548,1.0,0.0,19604.06451612903,37.39579346613441,70.82846750015632,18917.0,109.758073,22.33161,1017.83496,14.97,64.976073,3.2688,0.005768616628166,5,autumn,samcheonpo_coal,1,41.5132
2023-10-22,3051.9317031839996,5142.4928527679995,1842.093772992,9.4,27.682499999999997,288.72749999999996,4,12.49,72.27,71.36,2.77,0.0,0.9475455034571836,0.3196208986879179,26.090252707581225,8035.096774193548,0.0,27.387096774193548,1.0,0.0,19604.06451612903,37.39579346613441,70.82846750015632,14715.0,95.393338,11.367109,1020.13257,14.17,53.12673,0.089568,0.0064409726212499,6,autumn,samcheonpo_coal,1,42.17704
2023-10-23,3172.853348784,5363.992867680001,1759.2940474559998,10.405,31.6775,311.38,4,13.68,87.98,71.48,2.59,0.0,0.9482128372135448,0.3176356644702225,33.96911196911197,8035.096774193548,0.0,27.387096774193548,1.0,0.0,19604.06451612903,37.39579346613441,70.82846750015632,21982.0,117.281488,9.0,1019.9102,16.62,77.067024,0.154224,0.0053070272019334,0,autumn,samcheonpo_coal,1,40.06024
2023-10-24,3350.2833901440004,5313.162725424,1840.099183056,11.8825,29.37,328.98249999999996,4,13.11,83.13,78.81,2.68,0.0,0.9809890406977108,0.1940631392897302,31.018656716417908,8035.096774193548,0.0,27.387096774193548,1.0,0.0,19604.06451612903,37.39579346613441,70.82846750015632,21121.0,101.385984,9.585739,1017.3266,14.31,64.232392,0.024552,0.004777313167164,1,autumn,samcheonpo_coal,1,37.12904
2023-10-25,4439.185672608,5361.370202016,1950.398453376,7.424285714285714,16.330000000000002,176.78142857142856,7,14.63,92.12,72.24,2.68,0.0,0.9523425762798328,0.3050305188086776,34.37313432835821,8035.096774193548,0.0,27.387096774193548,1.0,0.0,19604.06451612903,37.39579346613441,70.82846750015632,21510.0,110.479259,9.511088,1014.8796,16.2,71.412795,0.086544,0.0051099357084792,2,autumn,samcheonpo_coal,1,38.97992
2023-10-26,6243.749427743998,6530.007367008001,2806.1162099999997,7.932857142857143,20.25428571428571,126.70428571428572,7,18.71,74.9,295.24,6.6,0.0,-0.904529581968324,0.4264108762029984,11.34848484848485,8035.096774193548,0.0,27.387096774193548,1.0,0.0,19604.06451612903,37.39579346613441,70.82846750015632,21411.0,106.94102999999998,11.720751,1012.32635,15.63,62.38414999999999,0.7459199999999999,0.0049698542184358,3,autumn,samcheonpo_coal,1,43.81096
2023-10-27,6071.944401648,7043.42563128,1559.418831072,7.704285714285715,17.464285714285715,98.38714285714286,7,13.72,77.04,67.79,3.75,0.0,0.9258046250507312,0.3780023759643253,20.544,8035.096774193548,0.0,27.387096774193548,1.0,0.0,19604.06451612903,37.39579346613441,70.82846750015632,21722.0,110.553521,16.808569,1010.3287,16.05,69.762545,2.315376,0.005063700903958,4,autumn,samcheonpo_coal,1,38.4756
2023-10-28,2711.4575840640005,5060.190636432,6351.817169808,4.9399999999999995,30.931428571428572,150.60285714285715,7,13.56,88.91,76.28,3.68,0.0,0.9714663887003052,0.237177266249503,24.16032608695652,8035.096774193548,0.0,27.387096774193548,1.0,0.0,19604.06451612903,37.39579346613441,70.82846750015632,15011.0,105.553303,10.948973,1014.8663,15.73,67.840375,0.2270879999999999,0.0069826302917247,5,autumn,samcheonpo_coal,1,37.48584
2023-10-29,5575.481588448,9037.418301792,5919.370058736001,14.525714285714288,32.17285714285715,115.50714285714284,7,13.9,78.9,73.23,3.13,0.0,0.9574707029928564,0.2885305060307577,25.207667731629396,8035.096774193548,0.0,27.387096774193548,1.0,0.0,19604.06451612903,37.39579346613441,70.82846750015632,14169.0,105.051657,11.966954,1018.09546,13.51,68.514489,0.180288,0.0073596242695732,6,autumn,samcheonpo_coal,1,36.35688
2023-10-30,5970.14006688,8485.867139472,1776.74512248,8.458571428571428,19.881428571428568,134.61142857142858,7,13.63,93.69,73.14,2.93,0.0,0.9570162992883052,0.2900341409153701,31.97610921501706,8035.096774193548,0.0,27.387096774193548,1.0,0.0,19604.06451612903,37.39579346613441,70.82846750015632,22296.0,104.651293,10.195057,1018.97754,15.33,67.703637,0.259416,0.0046717968880084,0,autumn,samcheonpo_coal,1,36.68824
2023-10-31,6584.874864192,7397.825032224,1486.970864208,10.685714285714283,16.142857142857142,153.36285714285714,7,15.23,67.06,61.96,2.16,0.0,0.8826196247359815,0.4700878620331683,31.046296296296298,8035.096774193548,0.0,27.387096774193548,1.0,0.0,19604.06451612903,37.39579346613441,70.82846750015632,21258.0,103.367925,10.703569,1019.0569,15.6,69.31330100000001,0.1153439999999999,0.004839012434172,1,autumn,samcheonpo_coal,1,33.93928
2023-11-01,5449.229710848,6814.294537680001,1315.150878816,9.262857142857143,24.00857142857143,164.21571428571428,7,17.39,90.88,260.44,2.04,0.0,-0.986112223328587,-0.1660803510411482,44.549019607843135,10161.2,0.0,36.833333333333336,1.0,0.0,24403.133333333335,36.95476974268332,61.90856780686634,20836.0,98.894993,16.299694,1016.8924,14.83,63.418153,0.62748,0.0047239306924189,2,autumn,samcheonpo_coal,1,34.84936
2023-11-02,6959.1553596,9206.946648288,1421.727492384,10.517142857142858,21.71,206.82285714285717,7,15.74,95.02,68.75,3.35,0.0,0.9320078692827984,0.3624380382837017,28.36417910447761,10161.2,0.0,36.833333333333336,1.0,0.0,24403.133333333335,36.95476974268332,61.90856780686634,22609.0,109.740336,12.738099,1015.645,14.97,68.734016,0.34704,0.0048303882335459,3,autumn,samcheonpo_coal,1,40.659279999999995
2023-11-03,5548.686195888,7136.683189488,1410.308492976,17.038571428571426,25.374285714285715,201.93714285714285,7,17.41,88.15,90.55,1.82,0.0,0.999953926969049,-0.0095991634624001,48.434065934065934,10161.2,0.0,36.833333333333336,1.0,0.0,24403.133333333335,36.95476974268332,61.90856780686634,21317.0,104.608611,10.464797,1013.60913,13.95,61.719859,0.199872,0.0048833219250529,4,autumn,samcheonpo_coal,1,42.68888
2023-11-04,5860.226072016,7370.746722431999,1140.2672267519995,12.172857142857143,20.622857142857143,117.25285714285714,7,19.76,84.58,255.67,2.12,0.0,-0.9688862702015638,-0.2475063542919702,39.89622641509434,10161.2,0.0,36.833333333333336,1.0,0.0,24403.133333333335,36.95476974268332,61.90856780686634,21723.0,68.60626400000001,10.8955765,1016.6296,8.37,26.961824,0.17964,0.0031482885276492,5,autumn,samcheonpo_coal,1,41.4648
2023-11-05,5512.706250192,7155.546503328001,994.349723616,8.925714285714285,19.15571428571429,55.82,7,19.81,97.79,225.86,8.33,3.69,-0.7176402840153456,-0.6964139736955126,11.739495798319329,10161.2,0.0,36.833333333333336,1.0,0.0,24403.133333333335,36.95476974268332,61.90856780686634,19761.0,76.699246,20.08916,1015.9262,6.35,31.355462,3.5861039999999997,0.0038663377768198,6,autumn,samcheonpo_coal,1,41.75768
2023-11-06,5359.9029804,6385.717590192001,1155.926617344,11.081428571428573,15.518571428571429,114.78571428571428,7,13.08,52.11,291.41,18.68,10.25,-0.9309921186695528,0.3650392786744704,2.7896145610278373,10161.2,0.0,36.833333333333336,1.0,0.0,24403.133333333335,36.95476974268332,61.90856780686634,19774.0,66.6506,29.810522,1006.3621,6.04,18.587568,5.850792,0.0033592950827933,0,autumn,samcheonpo_coal,1,42.21224
2023-11-07,5442.095994912001,6798.882419424,1279.150950096,10.295,45.30375,62.03125,8,9.17,61.5,68.67,2.66,0.0,0.9315009019805124,0.3637390130429949,23.120300751879697,10161.2,0.0,36.833333333333336,1.0,0.0,24403.133333333335,36.95476974268332,61.90856780686634,19551.0,113.045657,23.936617,1016.02826,14.39,71.694697,0.0,0.0057488504131782,1,autumn,samcheonpo_coal,1,41.35096
2023-11-08,6360.852018239999,8079.161050656,1457.2653723360002,10.045,23.36,50.39,8,11.61,85.64,48.01,2.44,0.0,0.7432615994801266,0.6690008929278375,35.09836065573771,10161.2,0.0,36.833333333333336,1.0,0.0,24403.133333333335,36.95476974268332,61.90856780686634,23329.0,112.560398,15.30741,1019.1761,14.68,71.816158,0.0,0.0048017451094937,2,autumn,samcheonpo_coal,1,40.74424
2023-11-09,6921.656530992,8304.643372464,1595.778938928,11.55375,26.29875,81.145,8,16.78,88.94,35.35,1.59,0.0,0.5785696186660586,0.8156330034743637,55.93710691823899,10161.2,0.0,36.833333333333336,1.0,0.0,24403.133333333335,36.95476974268332,61.90856780686634,24043.0,87.404743,10.009036,1017.1113,12.02,45.726903,0.0,0.0036221830479389,3,autumn,samcheonpo_coal,1,41.67784
2023-11-10,6895.3414940640005,8074.519047216,1602.789757776,13.23625,19.2075,64.7825,8,7.59,31.78,61.77,6.95,2.0,0.8810559042672345,0.4730121494801648,4.572661870503597,10161.2,0.0,36.833333333333336,1.0,0.0,24403.133333333335,36.95476974268332,61.90856780686634,23839.0,87.88703899999999,28.08,1016.9124,8.34,45.889439,0.0,0.0036731497439155,4,autumn,samcheonpo_coal,1,41.9976
2023-11-11,6346.572653088,7613.760998592,1491.22547568,9.85,28.36625,39.61,8,6.75,43.44,44.64,6.18,0.0,0.7026499697988492,0.7115356772092853,7.0291262135922326,10161.2,0.0,36.833333333333336,1.0,0.0,24403.133333333335,36.95476974268332,61.90856780686634,22655.0,102.779338,20.808498,1022.5479,10.86,61.200778,0.0,0.0045162287793336,5,autumn,samcheonpo_coal,1,41.57856
2023-11-12,5594.54119632,6492.834850032001,1330.936452576,10.53625,25.78375,42.76625,8,4.75,54.6,57.71,3.86,0.0,0.8453550824259349,0.5342048152316121,14.145077720207254,10161.2,0.0,36.833333333333336,1.0,0.0,24403.133333333335,36.95476974268332,61.90856780686634,19781.0,108.825433,25.076267,1021.99414,13.6,67.169753,0.0,0.0054714121733538,6,autumn,samcheonpo_coal,1,41.65568
2023-11-13,6752.563657920001,8499.107850912,1500.7498784640002,11.6125,29.88125,25.995,8,4.16,60.61,46.46,3.55,0.0,0.7248936321313151,0.6888608147481388,17.07323943661972,10161.2,0.0,36.833333333333336,1.0,0.0,24403.133333333335,36.95476974268332,61.90856780686634,23355.0,116.79217,21.077686,1023.23346,14.47,75.12833,0.0,0.0049758522550858,0,autumn,samcheonpo_coal,1,41.66383999999999
2023-11-14,6375.90163392,7900.792528608,1478.263832352,15.06625,21.98625,44.59875,8,8.12,63.93,76.9,2.66,0.0,0.9739759672790516,0.2266513074368548,24.033834586466163,10161.2,0.0,36.833333333333336,1.0,0.0,24403.133333333335,36.95476974268332,61.90856780686634,22675.0,115.464571,12.620554,1022.92694,13.78,72.948171,0.0,0.0050663544238112,1,autumn,samcheonpo_coal,1,42.5164
2023-11-15,6729.726988224001,8765.25895512,2285.70567768,9.1175,35.14625,45.79625,8,7.94,88.37,53.76,3.44,0.0,0.8065477949867325,0.5911688882223419,25.688953488372096,10161.2,0.0,36.833333333333336,1.0,0.0,24403.133333333335,36.95476974268332,61.90856780686634,22925.0,116.491379,11.043261,1024.1246,13.01,67.791139,0.0,0.0050557221789111,2,autumn,samcheonpo_coal,1,48.70024
2023-11-16,9312.389622,18864.745866288,2513.39637816,11.38125,25.65125,29.28,8,7.54,85.64,57.53,3.26,5.0,0.8436726596068167,0.5368579359867566,26.26993865030675,10161.2,0.0,36.833333333333336,1.0,0.0,24403.133333333335,36.95476974268332,61.90856780686634,32838.0,61.188479,17.555307,1017.7571,4.85,11.508079,0.0,0.0018598780647448,3,autumn,samcheonpo_coal,1,49.6804
2023-11-17,6849.675978048001,8882.15483448,23370.864702336,12.4725,29.78125,108.55875,8,4.32,78.28,284.37,14.19,0.0,-0.968713242071821,0.2481827041409243,5.516560958421424,10161.2,0.0,36.833333333333336,1.0,0.0,24403.133333333335,36.95476974268332,61.90856780686634,25328.0,110.25073,26.079508,1010.79175,11.13,60.75233,0.0,0.0043340531222132,4,autumn,samcheonpo_coal,1,49.4984
2023-11-18,6549.657388416,7247.035906128,1549.311534144,9.37625,24.005,46.8175,8,7.04,63.22,346.34,12.15,0.0,-0.2361598191651457,0.9717142274413222,5.203292181069958,10161.2,0.0,36.833333333333336,1.0,0.0,24403.133333333335,36.95476974268332,61.90856780686634,22775.0,121.277789,28.241077,1013.6936,13.38,71.652029,0.0,0.0052968342766292,5,autumn,samcheonpo_coal,1,49.62576
2023-11-19,4921.383715344,5655.26961792,1317.451666608,8.47875,25.20375,90.60125,8,12.82,71.78,288.96,9.69,0.0,-0.9457456346131168,0.3249079786804761,7.407636738906089,10161.2,0.0,36.833333333333336,1.0,0.0,24403.133333333335,36.95476974268332,61.90856780686634,19049.0,117.911871,21.24305,1015.12646,12.79,67.494671,0.0,0.0061518450021363,6,autumn,samcheonpo_coal,1,50.417199999999994
2023-11-20,6059.01149784,6387.5941992,2412.341549136,10.545,21.475,235.48375,8,6.17,83.86,64.82,2.54,0.0,0.9049756223482776,0.4254634214069964,33.01574803149606,10161.2,0.0,36.833333333333336,1.0,0.0,24403.133333333335,36.95476974268332,61.90856780686634,21070.0,119.24109099999998,15.042659,1019.17334,13.53,68.530211,0.0,0.0056274356635947,0,autumn,samcheonpo_coal,1,50.71088
2023-11-21,6824.916702144,7354.476932832,2475.1017774720003,12.8575,29.42125,175.7925,8,9.14,86.55,65.12,2.08,0.0,0.907190928252441,0.4207191696327545,41.61057692307692,10161.2,0.0,36.833333333333336,1.0,0.0,24403.133333333335,36.95476974268332,61.90856780686634,23095.0,119.332908,13.746156,1018.78107,13.04,67.19354799999999,0.0,0.005140484048063,1,autumn,samcheonpo_coal,1,52.13936
2023-11-22,5762.963478528,7070.986367136001,3553.0101675359997,10.49125,32.11375,236.37,8,12.38,87.41,63.23,2.66,0.0,0.8928217750158559,0.4504101220638101,32.8609022556391,10161.2,0.0,36.833333333333336,1.0,0.0,24403.133333333335,36.95476974268332,61.90856780686634,22486.0,115.721004,13.684735,1014.62427,12.69,64.744204,0.0,0.0051200085152595,2,autumn,samcheonpo_coal,1,50.9768
2023-11-23,5697.620226864,6720.057799776,4555.363165632001,12.80375,32.052499999999995,364.43875,8,11.3,52.92,333.29,13.92,0.0,-0.4494749144932793,0.8932929537622354,3.8017241379310343,10161.2,0.0,36.833333333333336,1.0,0.0,24403.133333333335,36.95476974268332,61.90856780686634,21912.0,93.633418,24.312662,1010.3884,11.67,44.095578,0.0,0.0042549749067168,3,autumn,samcheonpo_coal,1,49.53784
2023-11-24,5897.2264128,6798.419414208,2222.0099769599997,10.20375,24.32125,68.6975,8,0.68,48.75,45.46,3.03,0.0,0.7127609484023376,0.7014070362012348,16.089108910891092,10161.2,0.0,36.833333333333336,1.0,0.0,24403.133333333335,36.95476974268332,61.90856780686634,22004.0,116.830712,25.932495,1021.9922,12.82,68.757832,0.0,0.0052814794128243,4,autumn,samcheonpo_coal,1,48.07288
2023-11-25,5657.582576015999,6780.077887968,1648.394824464,13.52875,29.4475,77.78625,8,2.32,39.87,48.9,5.05,0.0,0.7535633923016378,0.6573752457940958,7.895049504950495,10161.2,0.0,36.833333333333336,1.0,0.0,24403.133333333335,36.95476974268332,61.90856780686634,21952.0,119.256419,19.770523,1027.8104,13.11,71.226259,0.0,0.0054032455939997,5,autumn,samcheonpo_coal,1,48.03016
2023-11-26,5489.703038448,10064.211458688,3039.181872768,9.535,32.76,67.89874999999999,8,3.53,62.62,65.29,2.76,0.0,0.9084352321269864,0.4180256320255834,22.68840579710145,10161.2,0.0,36.833333333333336,1.0,0.0,24403.133333333335,36.95476974268332,61.90856780686634,26793.0,79.070216,13.608762,1022.0242,8.72,30.829336,0.0,0.0029424683459229,6,autumn,samcheonpo_coal,1,48.24088
2023-11-27,6439.328755056001,8891.996358672,4310.40896712,12.20125,33.875,40.13125,8,10.81,70.04,283.93,11.33,0.0,-0.9705905654113184,0.2407362754853068,6.1818181818181825,10161.2,0.0,36.833333333333336,1.0,0.0,24403.133333333335,36.95476974268332,61.90856780686634,26311.0,65.92845100000001,14.458382,1012.6546,6.89,17.168291,0.0,0.0024994741568365,0,autumn,samcheonpo_coal,1,48.760160000000006
2023-11-28,6587.162828784,7169.819934816,2200.050507744,9.54875,24.85375,35.261250000000004,8,5.52,58.34,279.63,11.73,0.0,-0.9859085820047032,0.1672849901499687,4.973572037510657,10161.2,0.0,36.833333333333336,1.0,0.0,24403.133333333335,36.95476974268332,61.90856780686634,33548.0,112.409302,23.18579,1016.8789,11.87,63.570262,0.0,0.003339510847639,1,autumn,samcheonpo_coal,1,48.83904
2023-11-29,8291.97403128,15123.920546736,4549.183652592,10.93875,33.91625,12.53375,8,6.2,56.41,321.91,15.98,0.0,-0.6168985196721272,0.7870427030513263,3.530037546933667,10161.2,0.0,36.833333333333336,1.0,0.0,24403.133333333335,36.95476974268332,61.90856780686634,38747.0,75.859847,18.03237,1020.7756,8.07,28.165687,0.0,0.0019539994554487,2,autumn,samcheonpo_coal,1,47.69416
2023-11-30,11953.673493696,14395.5152496,2299.874655312,14.2575,16.4575,2.6275,8,0.22,54.34,63.31,3.71,0.0,0.8934497956797912,0.4491630690514741,14.64690026954178,10161.2,0.0,36.833333333333336,1.0,0.0,24403.133333333335,36.95476974268332,61.90856780686634,46013.0,112.907389,22.682856,1023.1695,12.72,64.852749,0.0,0.0024478085178423,3,autumn,samcheonpo_coal,1,48.05464
2023-12-01,11764.499536512,13574.525826384,2185.237065024,14.6225,16.085,2.59375,8,0.03,58.68,63.8,2.56,0.0,0.8972583696743284,0.4415058527917452,22.921875,13794.548387096776,0.0,49.67741935483871,1.0,0.0,32671.516129032258,37.112117865320194,64.35438620204833,44018.0,107.194158,19.681828,1021.85956,10.23,58.100318,0.0,0.0024293186703307,4,winter,samcheonpo_coal,1,49.09383999999999
2023-12-02,6662.444293728,10281.26723616,50192.382709296,12.245,19.7375,142.105,8,7.42,62.64,278.96,11.7,0.0,-0.9877973117517588,0.1557448904330359,5.353846153846154,13794.548387096776,0.0,49.67741935483871,1.0,0.0,32671.516129032258,37.112117865320194,64.35438620204833,30001.0,109.571396,17.294992,1022.9912,11.46,60.237636,0.0,0.0036389676754708,5,winter,samcheonpo_coal,1,49.333760000000005
2023-12-03,3102.886991808,5062.886195616,6014.090989872,9.5375,30.865,440.45375,8,2.72,68.31,62.29,2.25,0.0,0.8853124820275158,0.4649965689833417,30.36,13794.548387096776,0.0,49.67741935483871,1.0,0.0,32671.516129032258,37.112117865320194,64.35438620204833,18512.0,108.357144,14.773164,1021.99945,12.14,58.846664,0.0,0.0058192838709818,6,winter,samcheonpo_coal,1,49.51048
2023-12-04,5361.7267683360005,22125.11624928,58560.679530576,11.57875,46.82125,206.08375,8,4.93,58.31,74.41,2.69,0.0,0.9632094874905512,0.2687517129400102,21.676579925650557,13794.548387096776,0.0,49.67741935483871,1.0,0.0,32671.516129032258,37.112117865320194,64.35438620204833,26878.0,107.414765,12.218805,1018.6491,12.2,58.101085,0.0,0.0039804748578227,0,winter,samcheonpo_coal,1,49.31368
2023-12-05,7898.70284136,8416.202555520002,1837.246244832,19.79,48.427499999999995,24.76625,8,4.23,55.6,50.71,2.2,0.0,0.7739507437561496,0.633245802385853,25.27272727272727,13794.548387096776,0.0,49.67741935483871,1.0,0.0,32671.516129032258,37.112117865320194,64.35438620204833,33885.0,107.02823,16.595179,1014.07684,10.88,59.09551,0.0,0.003148627356856,1,winter,samcheonpo_coal,1,47.93272
2023-12-06,9161.174357712,15338.201667263998,4889.293555968,13.8125,36.71125,14.79875,8,10.62,56.47,342.78,13.52,0.0,-0.2960414870755525,0.955175082343596,4.1767751479289945,13794.548387096776,0.0,49.67741935483871,1.0,0.0,32671.516129032258,37.112117865320194,64.35438620204833,37032.0,81.176523,24.606731,1009.0547,8.99,29.789243,0.0,0.0021872696062459,2,winter,samcheonpo_coal,1,51.38728
2023-12-07,8547.5692908,16275.236098464,41393.574119088,15.3225,32.49875,112.93625,8,5.1,67.8,70.67,3.83,0.0,0.9436277652856028,0.3310085204071027,17.702349869451695,13794.548387096776,0.0,49.67741935483871,1.0,0.0,32671.516129032258,37.112117865320194,64.35438620204833,31716.0,108.996496,20.833395,1012.79346,11.83,57.679904,0.096912,0.0034248706363156,3,winter,samcheonpo_coal,1,51.21968
2023-12-08,5688.214703712,7846.382753136,3421.8447042240005,12.50125,60.7175,303.205,8,13.81,79.24,316.4,2.51,0.0,-0.6896195437356704,0.7241718614374669,31.56972111553785,13794.548387096776,0.0,49.67741935483871,1.0,0.0,32671.516129032258,37.112117865320194,64.35438620204833,22735.0,95.366876,16.1198,1013.678,10.9,43.924492,0.297504,0.0041771941956943,4,winter,samcheonpo_coal,1,51.14488
2023-12-09,6382.895411952001,8377.699736592001,4391.267823936,14.06,40.48,379.92,8,12.42,91.99,188.13,0.96,0.0,-0.1414195877744544,-0.9899497462971054,95.82291666666669,13794.548387096776,0.0,49.67741935483871,1.0,0.0,32671.516129032258,37.112117865320194,64.35438620204833,24036.0,85.667878,12.849528,1014.9018,10.11,35.266998,0.0734399999999999,0.0035514906528554,5,winter,samcheonpo_coal,1,50.32744
2023-12-10,6219.800230751999,7661.310116256001,6950.338575408,12.775,40.58,589.44875,8,14.83,73.26,40.1,4.48,0.0,0.6441236297613865,0.7649214009184319,16.35267857142857,13794.548387096776,0.0,49.67741935483871,1.0,0.0,32671.516129032258,37.112117865320194,64.35438620204833,23444.0,94.197672,14.003028,1018.7492,10.6,45.084056,0.373536,0.0040019067437798,6,winter,samcheonpo_coal,1,48.74008
2023-12-11,8069.193545040001,22890.451900751996,33413.865583248,10.89375,34.7975,53.025,8,12.85,95.01,42.25,2.61,12.5,0.672366807434668,0.7402181274868321,36.40229885057472,13794.548387096776,0.0,49.67741935483871,1.0,0.0,32671.516129032258,37.112117865320194,64.35438620204833,38882.0,49.66649,15.496736,1012.00977,1.18,2.087602,0.154008,0.0012757350115684,0,winter,samcheonpo_coal,1,47.424879999999995
2023-12-12,5846.424752016001,8073.187430112,35464.441153103995,12.205,17.04125,705.66625,8,9.11,77.18,47.63,3.94,1.0,0.7388083032884133,0.6739156408572929,19.588832487309645,13794.548387096776,0.0,49.67741935483871,1.0,0.0,32671.516129032258,37.112117865320194,64.35438620204833,25155.0,54.791785,20.94507,1014.80804,1.24,7.623881,0.304704,0.0021734326672464,1,winter,samcheonpo_coal,1,46.8632
2023-12-13,6552.616530528,7768.985145408,29297.607966864,8.2175,20.335,1110.41,8,10.6,71.49,34.95,3.11,0.0,0.572861373027709,0.8196522721818125,22.987138263665596,13794.548387096776,0.0,49.67741935483871,1.0,0.0,32671.516129032258,37.112117865320194,64.35438620204833,24219.0,99.5146,15.03835,1024.4147,10.39,50.988384,0.903096,0.0040921331601396,2,winter,samcheonpo_coal,1,47.62312
2023-12-14,6145.365446928,7593.347659248,8137.606982544,8.147499999999999,19.315,1169.675,8,10.16,97.01,40.21,4.19,15.75,0.6455909854475242,0.7636833633836044,23.1527446300716,13794.548387096776,0.0,49.67741935483871,1.0,0.0,32671.516129032258,37.112117865320194,64.35438620204833,24272.0,50.43868,15.141414,1020.2817,2.39,3.113808,0.2038319999999999,0.0020737509368859,3,winter,samcheonpo_coal,1,47.12104
2023-12-15,4795.167753072001,7669.982550672,7397.3385828,6.16625,14.66375,1713.06875,8,15.31,98.62,155.47,2.38,0.25,0.4151696403964893,-0.9097440132768392,41.43697478991597,13794.548387096776,0.0,49.67741935483871,1.0,0.0,32671.516129032258,37.112117865320194,64.35438620204833,24284.0,52.677723,21.638964,1008.65137,1.84,3.240947,2.978136,0.0021645404356164,4,winter,samcheonpo_coal,1,46.45864
2023-12-16,4918.675649184001,7624.105929647998,5703.685705728,6.34375,14.93375,338.50875,8,3.2944164,72.541664,,6.582420555555555,0.0,-0.9198123,0.3923586,11.020514928778733,13794.548387096776,0.0,49.67741935483871,1.0,0.0,32671.516129032258,37.112117865320194,64.35438620204833,24139.0,79.889409,9.08735388888889,1017.0688,7.21,19.270721,12.749328,0.0032986404806123,5,winter,samcheonpo_coal,1,47.86936
2023-12-17,5020.343083440001,8362.014628032,15879.769079184,7.9675,30.9225,814.81875,8,-3.032667,55.958332,,4.043966666666667,0.0,-0.22686853,0.9739254,13.83748596674882,13794.548387096776,0.0,49.67741935483871,1.0,0.0,32671.516129032258,37.112117865320194,64.35438620204833,23515.0,103.76732,5.142956388888889,1028.0309,11.84,56.014199999999995,0.0,0.0043934265744737,6,winter,samcheonpo_coal,1,47.75312
2023-12-18,8686.043212319999,29190.414182544,6421.330330992,11.495,43.02,9.16,8,-1.08,52.11,47.19,3.38,0.0,0.7336112684497994,0.6795693539319415,15.41715976331361,13794.548387096776,0.0,49.67741935483871,1.0,0.0,32671.516129032258,37.112117865320194,64.35438620204833,42696.0,85.86430800000001,15.2947035,1030.3246,10.54,38.279588,0.0,0.0020070258598792,0,winter,samcheonpo_coal,1,47.58472
2023-12-19,12699.268683984,16006.3682904,2446.389841824,14.02625,16.83,2.6125,8,2.87,66.25,289.69,11.17,0.0,-0.9415293646938464,0.3369309356814865,5.931065353625783,13794.548387096776,0.0,49.67741935483871,1.0,0.0,32671.516129032258,37.112117865320194,64.35438620204833,48706.0,83.309347,15.2947035,1024.5391,8.58,34.971027,0.0,0.0017075328205096,1,winter,samcheonpo_coal,1,48.33832
2023-12-20,14336.065295136,15769.992793392,2268.195152112,15.74,16.68,2.4275,8,-3.97,59.25,178.98,5.59,0.0,0.0178014180529138,-0.999841542203216,10.59928443649374,13794.548387096776,0.0,49.67741935483871,1.0,0.0,32671.516129032258,37.112117865320194,64.35438620204833,48577.0,96.134058,26.242987,1021.7617,9.19,47.348378,0.0,0.0019750948826398,2,winter,samcheonpo_coal,1,48.78568
2023-12-21,15083.786897568,15649.985450016002,2136.691543536,16.72875,16.73375,2.30125,8,-7.26,55.6,69.06,3.12,0.0,0.9339551965751,0.3573901100903133,17.82051282051282,13794.548387096776,0.0,49.67741935483871,1.0,0.0,32671.516129032258,37.112117865320194,64.35438620204833,47857.0,103.737725,22.91026,1024.8727,11.66,55.420525000000005,0.0,0.0021629718373978,3,winter,samcheonpo_coal,1,48.3172
2023-12-22,15986.43722952,15703.025983344,2200.98685392,17.57125,16.655,2.34625,8,-5.99,55.59,47.62,6.0,0.0,0.73869067156818,0.6740445769666508,9.265,13794.548387096776,0.0,49.67741935483871,1.0,0.0,32671.516129032258,37.112117865320194,64.35438620204833,48429.0,108.53901,19.469976,1030.4238,11.85,60.17869,0.0,0.0022361869228194,4,winter,samcheonpo_coal,1,48.36032
2023-12-23,14258.880086976,15259.75137936,2221.9047387359997,16.25125,16.77375,2.46,8,-2.83,64.08,84.18,1.92,0.0,0.994845372915592,0.1014035698998649,33.375,13794.548387096776,0.0,49.67741935483871,1.0,0.0,32671.516129032258,37.112117865320194,64.35438620204833,46907.0,99.837908,16.45007,1032.7308,11.16,51.423268,0.0,0.0021239018075497,5,winter,samcheonpo_coal,1,48.41464
2023-12-24,8216.945745264,9931.77531648,3696.579756864,28.31625,53.17375,60.87875,8,-2.73,72.04,76.04,2.71,0.0,0.9704643831515374,0.241244442494135,26.583025830258304,13794.548387096776,0.0,49.67741935483871,1.0,0.0,32671.516129032258,37.112117865320194,64.35438620204833,24249.0,94.597362,19.0392,1027.5131,10.15,46.519202,0.0,0.0038859237027829,6,winter,samcheonpo_coal,1,48.07816
2023-12-25,8559.30263544,8790.822304128,1992.232276416,28.105,42.665,73.78999999999999,8,-1.89,70.11,65.27,2.53,0.0,0.9082892583121792,0.418342710268401,27.711462450592887,13794.548387096776,0.0,49.67741935483871,1.0,0.0,32671.516129032258,37.112117865320194,64.35438620204833,24129.0,104.113284,20.056877,1026.0098,11.17,56.274644,0.0,0.0042963230840315,0,winter,samcheonpo_coal,1,47.83864
2023-12-26,10978.493151456,23929.420816799997,6531.964330895999,14.27,35.70625,11.02875,8,2.44,72.14,68.68,1.74,0.0,0.9315643722265756,0.3635764299265098,41.45977011494253,13794.548387096776,0.0,49.67741935483871,1.0,0.0,32671.516129032258,37.112117865320194,64.35438620204833,38797.0,102.171011,11.570515,1026.1259,11.44,53.357491,0.0,0.0026265601128391,1,winter,samcheonpo_coal,1,48.81352
2023-12-27,12609.274914864,15151.6645848,2046.038562,14.675,16.57625,2.285,8,3.13,76.08,60.71,2.21,0.0,0.8721546725001574,0.4892302394948039,34.425339366515836,13794.548387096776,0.0,49.67741935483871,1.0,0.0,32671.516129032258,37.112117865320194,64.35438620204833,45165.0,106.793396,12.387348,1026.7235,10.5,57.255636,0.0,0.0023589389328109,2,winter,samcheonpo_coal,1,49.53776
2023-12-28,13172.461585776,15027.499410191998,1966.058424576,15.24625,16.6275,2.2125,8,3.52,60.7,58.06,6.73,0.0,0.8486025612164793,0.529030899945203,9.01931649331352,13794.548387096776,0.0,49.67741935483871,1.0,0.0,32671.516129032258,37.112117865320194,64.35438620204833,46857.0,94.81494,16.516901,1024.0052,11.51,46.5563,0.0,0.0020194094758885,3,winter,samcheonpo_coal,1,48.25864
2023-12-29,7949.242968048,10789.871828112,70564.60408968,19.6975,41.76125,644.8362500000001,8,2.93,74.37,69.04,2.32,0.0,0.9338303869951268,0.3577161001751692,32.056034482758626,13794.548387096776,0.0,49.67741935483871,1.0,0.0,32671.516129032258,37.112117865320194,64.35438620204833,25636.0,94.153485,16.75064,1023.188,11.71,54.953885,0.0,0.0036592663566849,4,winter,samcheonpo_coal,1,39.1996
2023-12-30,7182.344972736,7557.343754256,13087.345711392,12.6125,55.62875,1481.015,8,6.01,87.96,73.28,1.48,0.25,0.9577221287492368,0.2876948454596128,59.43243243243243,13794.548387096776,0.0,49.67741935483871,1.0,0.0,32671.516129032258,37.112117865320194,64.35438620204833,23921.0,67.961159,10.383987,1015.61847,7.46,36.615799,0.0,0.0028330180098066,5,winter,samcheonpo_coal,1,31.34536
2023-12-31,6799.69877256,7544.231823312,8371.530130464002,13.95375,28.0875,811.5925,8,4.77,69.35,50.5,1.91,0.25,0.77162458338772,0.636078220277764,36.308900523560204,13794.548387096776,0.0,49.67741935483871,1.0,0.0,32671.516129032258,37.112117865320194,64.35438620204833,24168.0,81.46034800000001,28.337282,1012.906,9.62,50.142348000000005,0.0,0.0033592643642776,6,winter,samcheonpo_coal,1,31.318
2024-01-01,7294.631883839999,7338.945865104,19911.39394464,18.1475,43.9525,1084.94875,8,4.85,73.86,62.0,2.13,0.0,0.8829475928589269,0.4694715627858908,34.67605633802817,16713.0,0.0,162.67741935483872,1.0,0.0,39124.83870967742,37.208880250974964,77.53427500886328,23018.0,82.75248199999999,16.78156,1023.6894,9.86,51.71776199999999,0.0,0.0035822418366882,0,winter,samcheonpo_coal,1,31.03472
2024-01-02,11004.443956368,25846.555498416,5028.025830624,14.42,35.8875,7.01125,8,5.56,66.95,64.5,2.61,0.0,0.9025852843498604,0.4305110968082952,25.651340996168585,16713.0,0.0,162.67741935483872,1.0,0.0,39124.83870967742,37.208880250974964,77.53427500886328,41575.0,82.81636699999999,15.893093,1018.633,10.54,50.340687,0.0,0.0019880150767,1,winter,samcheonpo_coal,1,32.47568
2024-01-03,15531.722313696,15955.352486496,1870.480207584,16.99375,16.708750000000002,1.9775,8,2.94,61.03,35.19,4.11,0.0,0.5762896887015329,0.8172454923071099,14.849148418491485,16713.0,0.0,162.67741935483872,1.0,0.0,39124.83870967742,37.208880250974964,77.53427500886328,48560.0,73.232631,20.466246,1015.39886,10.1,40.595591,0.0,0.0015058145847644,2,winter,samcheonpo_coal,1,32.63704
2024-01-04,13627.711888272,15700.688457984,1736.724266064,15.1875,16.705,1.8775,8,4.71,66.87,292.78,4.21,0.0,-0.9219983638803672,0.3871937719048769,15.883610451306415,16713.0,0.0,162.67741935483872,1.0,0.0,39124.83870967742,37.208880250974964,77.53427500886328,48174.0,96.377958,12.641076,1019.4282,12.1,59.053598,0.0,0.0019966273743258,3,winter,samcheonpo_coal,1,37.32436
2024-01-05,13859.176399632,15819.73043256,1896.313135968,15.25875,16.5325,2.02,8,7.63,70.99,321.35,4.65,0.0,-0.6245613643378697,0.7809757372520728,15.266666666666664,16713.0,0.0,162.67741935483872,1.0,0.0,39124.83870967742,37.208880250974964,77.53427500886328,48625.0,91.398188,17.22742,1017.89056,11.37,41.513148,0.0,0.0018761277803684,4,winter,samcheonpo_coal,1,49.88504
2024-01-06,8776.080932688,10800.329030352,21327.188813424003,21.70375,26.77875,106.6375,8,2.74,47.02,255.59,4.59,0.0,-0.968539741803012,-0.2488589330286433,10.244008714596951,16713.0,0.0,162.67741935483872,1.0,0.0,39124.83870967742,37.208880250974964,77.53427500886328,28298.0,101.361295,15.072783,1017.4656,11.87,52.321214999999995,0.0,0.0035691399516736,5,winter,samcheonpo_coal,1,49.04008
2024-01-07,6552.704234592,15825.283186464,42246.878686272,10.155,40.37875,166.0325,8,-2.68,42.11,41.01,2.59,0.0,0.6561907406682005,0.754595064827036,16.25868725868726,16713.0,0.0,162.67741935483872,1.0,0.0,39124.83870967742,37.208880250974964,77.53427500886328,29049.0,108.167642,25.49908,1021.4595,11.99,58.859082,0.0,0.0037098130836339,6,winter,samcheonpo_coal,1,49.30856
2024-01-08,11928.906373392,15592.818535488,6522.827145263999,13.2325,16.4725,7.20625,8,0.1,55.69,75.73,3.22,0.0,0.9691449269510164,0.2464916034373358,17.29503105590062,16713.0,0.0,162.67741935483872,1.0,0.0,39124.83870967742,37.208880250974964,77.53427500886328,47480.0,108.087532,15.1884165,1023.2823,12.63,59.428772,0.0,0.0022713148942436,0,winter,samcheonpo_coal,1,48.65876
2024-01-09,10811.840303376,15961.055653152,1610.3055852,11.95125,16.73125,1.72125,8,1.63,94.74,46.64,4.21,2.5,0.7270541714426918,0.6865800985957727,22.50356294536817,16713.0,0.0,162.67741935483872,1.0,0.0,39124.83870967742,37.208880250974964,77.53427500886328,48698.0,56.942298,15.124284,1017.29926,8.83,8.382058,0.0,0.0011679287332955,1,winter,samcheonpo_coal,1,48.56024
2024-01-10,13419.233707968,16000.6793004,1802.03253048,14.69375,16.72125,1.9125,8,4.86,66.58,54.47,6.27,0.0,0.8138113514164224,0.5811291459785649,10.618819776714512,16713.0,0.0,162.67741935483872,1.0,0.0,39124.83870967742,37.208880250974964,77.53427500886328,48457.0,75.244694,19.161337,1014.7763,11.44,28.035174,0.0,0.0015504062190905,2,winter,samcheonpo_coal,1,47.20952
2024-01-11,9746.686360368,15934.868842608,2214.30934872,10.805,16.58875,2.33875,8,4.31,68.09,283.36,8.49,0.0,-0.972937431694704,0.2310687213954182,8.02002355712603,16713.0,0.0,162.67741935483872,1.0,0.0,39124.83870967742,37.208880250974964,77.53427500886328,48484.0,103.749187,18.374111,1015.1016,12.69,56.099146999999995,0.0,0.0021352951872847,3,winter,samcheonpo_coal,1,47.65004
2024-01-12,8738.761744224,15834.041193744,2524.34969928,9.90875,16.625,2.69625,8,2.58,50.44,24.93,2.11,0.0,0.4215106827664091,0.9068234361295454,23.90521327014218,16713.0,0.0,162.67741935483872,1.0,0.0,39124.83870967742,37.208880250974964,77.53427500886328,47638.0,95.604107,16.179985,1014.74115,12.18,48.675747,0.0,0.0020028679750578,4,winter,samcheonpo_coal,1,46.92836
2024-01-13,6068.1087108,10790.234694,5927.510516687999,11.3575,22.37875,18.5625,8,1.86,57.09,67.92,3.1,0.0,0.9266599014641722,0.3759008207205868,18.416129032258063,16713.0,0.0,162.67741935483872,1.0,0.0,39124.83870967742,37.208880250974964,77.53427500886328,26733.0,103.274582,17.935081,1020.59937,12.63,56.967742,0.0,0.0038483203651996,5,winter,samcheonpo_coal,1,46.306839999999994
2024-01-14,7513.760121408,11880.175723056,3913.992510048,17.61375,53.11125,61.381249999999994,8,8.25,78.36,275.3,2.64,0.0,-0.995724698184582,0.0923705874465618,29.68181818181818,16713.0,0.0,162.67741935483872,1.0,0.0,39124.83870967742,37.208880250974964,77.53427500886328,26384.0,97.373434,20.497883,1018.4846,11.11,49.956794,0.0,0.0036770537692346,6,winter,samcheonpo_coal,1,47.41664
2024-01-15,10881.67027608,14517.6866172,8753.229736704,15.7875,25.21625,24.07125,8,1.44,32.14,134.6,1.85,0.0,0.7120260459909965,-0.7021530529951624,17.372972972972974,16713.0,0.0,162.67741935483872,1.0,0.0,39124.83870967742,37.208880250974964,77.53427500886328,39617.0,114.555997,20.957443,1020.88477,13.2,66.865517,0.0,0.0028832497022933,0,winter,samcheonpo_coal,1,47.69048
2024-01-16,12185.969562576,16009.89795,2321.993186208,13.33875,16.69,2.445,8,1.41,72.82,69.32,2.5,0.0,0.9355673598337912,0.3531482906848476,29.127999999999997,16713.0,0.0,162.67741935483872,1.0,0.0,39124.83870967742,37.208880250974964,77.53427500886328,48605.0,109.466241,18.998316,1027.6483,11.97,61.072201,0.0,0.0022470992591492,1,winter,samcheonpo_coal,1,48.39404
2024-01-17,12236.27507136,16188.192159696,2411.6825748959996,13.415,16.71125,2.5275000000000003,8,6.65,81.06,78.8,1.28,0.0,0.9809551553491916,0.1942343512199721,63.328125,16713.0,0.0,162.67741935483872,1.0,0.0,39124.83870967742,37.208880250974964,77.53427500886328,48148.0,59.479409,9.957108,1023.50903,4.05,10.248009,0.0,0.0012338211773191,2,winter,samcheonpo_coal,1,49.2314
2024-01-18,12406.992030432,16425.465002496,2913.8823684000004,13.905,16.8575,3.05625,8,6.54,90.05,34.9,6.09,5.0,0.5721458734455162,0.8201518758737721,14.786535303776684,16713.0,0.0,162.67741935483872,1.0,0.0,39124.83870967742,37.208880250974964,77.53427500886328,45960.0,52.330049,18.899143,1017.80176,3.14,3.758569,0.0,0.0011373049124935,3,winter,samcheonpo_coal,1,48.57148
2024-01-19,8375.140503072,15554.544730848,12025.086568848,10.83375,19.845,444.14625,8,5.5,75.0,36.75,7.88,0.0,0.598324600570659,0.8012538126910607,9.51776649746193,16713.0,0.0,162.67741935483872,1.0,0.0,39124.83870967742,37.208880250974964,77.53427500886328,37278.0,58.095944,18.278645,1022.8061,4.41,10.133304,0.0,0.001556026213537,4,winter,samcheonpo_coal,1,47.96264
2024-01-20,7224.6256668,15228.482345712,7012.358798688,7.9525,18.07375,365.41875,8,3.73,87.13,84.19,2.53,5.97,0.9948630560248208,0.1012299350832257,34.43873517786562,16713.0,0.0,162.67741935483872,1.0,0.0,39124.83870967742,37.208880250974964,77.53427500886328,36923.0,44.562678,27.890127,1019.0928,1.99,3.990998,0.0,0.0012054535049593,5,winter,samcheonpo_coal,1,40.57168
2024-01-21,6755.356426032,15981.28209072,78621.32228457599,9.3525,26.9775,403.4625,8,4.14,94.98,314.26,11.16,0.5,-0.7161801451052379,0.6979154674866007,8.510752688172044,16713.0,0.0,162.67741935483872,1.0,0.0,39124.83870967742,37.208880250974964,77.53427500886328,35820.0,68.78633500000001,22.768398,1019.1971,6.34,25.130655,0.0,0.001916652582172,6,winter,samcheonpo_coal,1,43.65568
2024-01-22,6812.0818182719995,14596.753813632,3212.476352352,7.81375,16.04125,3.63875,8,-6.5,60.56,41.87,3.69,0.25,0.6674427433295422,0.74466112049491,16.411924119241192,16713.0,0.0,162.67741935483872,1.0,0.0,39124.83870967742,37.208880250974964,77.53427500886328,39910.0,115.051853,29.268686,1021.47565,13.13,67.241853,0.0,0.0028744960386947,0,winter,samcheonpo_coal,1,47.81
2024-01-23,6883.348887648,15830.96249016,6681.047676048,20.24125,27.20625,148.0025,8,-5.56,49.93,347.33,11.68,0.0,-0.2193353855473716,0.9756495214198516,4.274828767123288,16713.0,0.0,162.67741935483872,1.0,0.0,39124.83870967742,37.208880250974964,77.53427500886328,36431.0,123.165407,30.96837,1021.5837,13.3,75.350967,0.0,0.003369394585505,1,winter,samcheonpo_coal,1,47.814440000000005
2024-01-24,7416.127193616002,16433.75184552,3871.758078864,15.93625,45.24125,34.475,8,-4.47,63.52,61.0,3.68,0.0,0.8746197071393957,0.4848096202463371,17.26086956521739,16713.0,0.0,162.67741935483872,1.0,0.0,39124.83870967742,37.208880250974964,77.53427500886328,36863.0,113.060415,23.933907,1021.27313,,66.196215,0.0,0.0030576652496525,2,winter,samcheonpo_coal,1,46.8642
2024-01-25,6700.302878400001,15843.324550896,5780.045496816,11.80375,47.15625,290.3525,8,-0.49,53.72,51.36,3.15,0.0,0.7810847318784632,0.6244250488460158,17.053968253968254,16713.0,0.0,162.67741935483872,1.0,0.0,39124.83870967742,37.208880250974964,77.53427500886328,34863.0,118.825919,19.881649,1023.937,,69.172519,0.0,0.0033967900725119,3,winter,samcheonpo_coal,1,49.653400000000005
2024-01-26,7309.723448016,16152.634066752002,29261.275615727995,9.78875,51.53625,426.94625,8,1.41,66.4,37.87,5.77,0.0,0.6138719524522723,0.7894056156326955,11.50779896013865,16713.0,0.0,162.67741935483872,1.0,0.0,39124.83870967742,37.208880250974964,77.53427500886328,33050.0,129.154145,16.854767,1024.446,,71.697265,0.0,0.0038926292224198,4,winter,samcheonpo_coal,1,57.45688
2024-01-27,7233.826976351999,12290.689822896,141419.683465056,16.41875,33.8025,864.365,8,3.11,58.78,46.03,2.28,0.0,0.7197034239887201,0.6942816298152448,25.78070175438597,16713.0,0.0,162.67741935483872,1.0,0.0,39124.83870967742,37.208880250974964,77.53427500886328,27493.0,126.162416,13.849477,1022.84106,,68.43853600000001,0.0,0.0045679305584919,5,winter,samcheonpo_coal,1,57.723879999999994
2024-01-28,6663.951112752,10814.110783343998,26747.568667007996,23.26375,43.055,161.35750000000002,8,1.19,62.14,49.54,3.37,0.0,0.760859180527446,0.6489170265967008,18.439169139465875,16713.0,0.0,162.67741935483872,1.0,0.0,39124.83870967742,37.208880250974964,77.53427500886328,26446.0,130.64511700000003,18.0036,1023.69025,,71.72095700000001,0.0,0.0049157866399183,6,winter,samcheonpo_coal,1,58.92416
2024-01-29,8278.818795504,9118.441335744,1532.303941824,31.661250000000003,37.23375,66.16,8,1.03,63.99,72.81,1.48,0.0,0.9553299583633392,0.2955413180140811,43.23648648648649,16713.0,0.0,162.67741935483872,1.0,0.0,39124.83870967742,37.208880250974964,77.53427500886328,35151.0,128.860625,14.88242,1026.488,,71.898625,0.0,0.0036525264759319,0,winter,samcheonpo_coal,1,56.962
2024-01-30,9423.001631952,18251.355681648,9705.215721456,11.27875,25.35625,16.28375,8,5.33,76.71,313.11,2.01,0.0,-0.7300430117299178,0.6834012006313064,38.16417910447761,16713.0,0.0,162.67741935483872,1.0,0.0,39124.83870967742,37.208880250974964,77.53427500886328,42943.0,106.451857,15.281989,1025.4896,,55.696137,0.0,0.0024727807767125,1,winter,samcheonpo_coal,1,50.75572
2024-01-31,9601.231912704,15027.243907248,2018.663144208,10.8725,16.22625,2.2025,8,7.81,91.78,49.01,1.06,1.25,0.7548240726287396,0.6559272973281134,86.58490566037736,16713.0,0.0,162.67741935483872,1.0,0.0,39124.83870967742,37.208880250974964,77.53427500886328,46196.0,92.161529,13.755579,1020.0224,,42.446329,0.0,0.0019910388737789,2,winter,samcheonpo_coal,1,49.7152
2024-02-01,10669.388750496,15243.588285264,2144.587459248,12.0675,16.3975,2.32,8,5.21,79.95,36.37,3.32,1.0,0.5929973638715992,0.8052044004110597,24.08132530120482,12799.48275862069,0.0,48.758620689655174,1.0,0.0,27456.58620689655,35.85311084206918,62.75138662791793,46959.0,62.365222,16.563911,1019.65936,,8.903342,0.0,0.0013263167010476,3,winter,samcheonpo_coal,1,53.46188
2024-02-02,10114.711530768,14623.837164144,2140.370540928,12.2975,16.61625,2.42875,8,4.71,84.81,59.2,1.79,0.0,0.8589598969306644,0.5120428648705715,47.37988826815643,12799.48275862069,0.0,48.758620689655174,1.0,0.0,27456.58620689655,35.85311084206918,62.75138662791793,42170.0,92.496485,15.778516,1022.97003,,32.158605,0.0,0.0021886185789528,4,winter,samcheonpo_coal,1,60.33788
2024-02-03,9510.010130016,15667.270147152,30065.275475136,17.59,32.675,156.93625,8,4.37,86.42,37.61,5.62,1.25,0.6102834352365833,0.7921831408682181,15.377224199288255,12799.48275862069,0.0,48.758620689655174,1.0,0.0,27456.58620689655,35.85311084206918,62.75138662791793,30623.0,73.080214,14.904173,1023.4206,,12.060654,0.0,0.0023807669738453,5,winter,samcheonpo_coal,1,61.01956
2024-02-04,6968.907381888,13372.689028752,9940.073136624002,10.82375,34.32875,189.725,8,5.12,88.01,34.95,6.14,1.72,0.572861373027709,0.8196522721818125,14.333876221498372,12799.48275862069,0.0,48.758620689655174,1.0,0.0,27456.58620689655,35.85311084206918,62.75138662791793,27084.0,86.45601300000001,16.981165,1021.1641,,25.681333,0.0,0.003181986086602,6,winter,samcheonpo_coal,1,60.77468
2024-02-05,8997.503021568002,17312.609277792,21759.261612336,10.1225,28.86625,105.255,8,3.44,84.72,37.63,4.83,4.25,0.6105599221321139,0.7919700635036826,17.540372670807454,12799.48275862069,0.0,48.758620689655174,1.0,0.0,27456.58620689655,35.85311084206918,62.75138662791793,38562.0,66.340196,22.238562,1014.5765,,7.559396,0.0,0.0017173970111941,0,winter,samcheonpo_coal,1,58.780800000000006
2024-02-06,10235.11955904,15934.99260888,2502.65368656,11.10125,16.09625,2.55625,8,6.06,82.59,209.39,2.54,0.0,-0.4907516906440917,-0.8712994767185194,32.51574803149607,12799.48275862069,0.0,48.758620689655174,1.0,0.0,27456.58620689655,35.85311084206918,62.75138662791793,49294.0,72.68717,13.779114,1020.61206,,12.173330000000002,0.0,0.0014723931089338,1,winter,samcheonpo_coal,1,60.513839999999995
2024-02-07,7436.608376112,12866.017339151998,80514.339884784,11.51875,21.925,189.39,8,2.4339998,63.75,,2.9340105555555556,0.0,0.19925569,0.9799475,21.72793819002772,12799.48275862069,0.0,48.758620689655174,1.0,0.0,27456.58620689655,35.85311084206918,62.75138662791793,33455.0,133.212114,5.099019444444445,1018.9213,,74.588314,0.0,0.0039660376547543,2,winter,samcheonpo_coal,1,58.6238
2024-02-08,5254.938702144,7796.993281488,5085.668120688,14.38875,28.9775,129.98125,8,2.8506663,60.125,,2.958568611111111,0.0,0.6024344,0.79816836,20.322327416777277,12799.48275862069,0.0,48.758620689655174,1.0,0.0,27456.58620689655,35.85311084206918,62.75138662791793,23717.0,120.92749,4.080441111111111,1017.3327,,63.64197,0.0,0.0050729028373263,3,winter,samcheonpo_coal,1,57.28552
2024-02-09,6832.2334773600005,10528.54996536,151845.67134014398,27.655,55.84,799.99625,8,3.479833,54.708332,,3.0059752777777775,0.0,0.06770038,0.9977057,18.199860925151768,12799.48275862069,0.0,48.758620689655174,1.0,0.0,27456.58620689655,35.85311084206918,62.75138662791793,13887.0,129.452706,4.2154477777777775,1017.6694,,73.743586,0.0,0.0092357680445484,4,winter,samcheonpo_coal,1,55.709120000000006
2024-02-10,3711.420139536,6799.583442816,11327.663822256,20.225,70.73125,1368.15,8,3.2819166,66.166664,,2.551239722222222,0.0,-0.6809692,0.7323121,25.93510261841112,12799.48275862069,0.0,48.758620689655174,1.0,0.0,27456.58620689655,35.85311084206918,62.75138662791793,12244.0,122.08936,5.069516666666667,1020.2195,,69.35647999999999,0.0,0.0098729158787188,5,winter,samcheonpo_coal,1,52.732879999999994
2024-02-11,4110.485800032,6953.783729328,11343.6912528,18.83,57.1675,1422.17875,8,3.661084,65.166664,,3.871643888888889,0.0,-0.9563426,0.2922479,16.83178150423901,12799.48275862069,0.0,48.758620689655174,1.0,0.0,27456.58620689655,35.85311084206918,62.75138662791793,12643.0,115.602477,6.209669444444445,1020.90576,,64.12495700000001,0.0,0.0090607476178051,6,winter,samcheonpo_coal,1,51.47752
2024-02-12,4976.1498360959995,12564.141306623998,166010.14392839998,20.5925,65.8625,770.77,8,4.011083,69.875,,2.3645906944444444,0.0,0.43047196,-0.902604,29.550568799991403,12799.48275862069,0.0,48.758620689655174,1.0,0.0,27456.58620689655,35.85311084206918,62.75138662791793,13643.0,129.326429,3.4713108333333333,1026.4149,,77.277789,0.0,0.0093903110463371,0,winter,samcheonpo_coal,1,52.04864
2024-02-13,5005.51799904,5188.390672176,2260.437311664,9.235,31.51,196.58625,8,9.211083,85.125,,2.0906333333333333,0.0,-0.21805616,-0.97593623,40.7173264879861,12799.48275862069,0.0,48.758620689655174,1.0,0.0,27456.58620689655,35.85311084206918,62.75138662791793,18623.0,123.514295,3.3600594444444445,1024.3258,,69.620735,0.0,0.006588653925543,1,winter,samcheonpo_coal,1,53.89356
2024-02-14,3401.896804272,6191.186939712,7845.720480143999,10.46625,34.92375,345.55875,8,11.863167,95.666664,,1.6770462222222222,3.2999997,0.27543566,-0.9613195,57.044738977578035,12799.48275862069,0.0,48.758620689655174,1.0,0.0,27456.58620689655,35.85311084206918,62.75138662791793,28908.0,63.629673999999994,2.5,1019.69037,,9.709834,0.0,0.0021962752774347,2,winter,samcheonpo_coal,1,53.91983999999999
2024-02-15,4771.377315936,1131.6745403999998,311.396095872,12.93875,21.5425,238.0075,8,9.744416,83.875,,3.661845,0.0,-0.59589285,0.8030639,22.905120233106537,12799.48275862069,0.0,48.758620689655174,1.0,0.0,27456.58620689655,35.85311084206918,62.75138662791793,34401.0,81.54431,7.256720833333333,1014.3858,7.33,28.41623,0.0,0.0023647996872537,3,winter,samcheonpo_coal,1,53.12808
2024-02-16,3588.259504752,1120.967604864,19715.432725152,13.2275,18.3775,156.25875,8,3.9381666,67.291664,,3.0871055555555555,0.0,0.5868475,0.8096975,21.797655696904148,12799.48275862069,0.0,48.758620689655174,1.0,0.0,27456.58620689655,35.85311084206918,62.75138662791793,27069.0,132.88102,4.648655555555556,1021.17926,16.42,79.31366,0.0,0.0048849937951827,4,winter,samcheonpo_coal,1,53.56736
2024-02-17,1372.54921056,522.0041844959999,3808.853173872,12.7175,23.30625,697.62625,8,6.1360836,76.25,,1.9368000833333332,0.0,0.54498774,-0.83844405,39.369060677016186,12799.48275862069,0.0,48.758620689655174,1.0,0.0,27456.58620689655,35.85311084206918,62.75138662791793,21117.0,137.462958,2.8231186111111106,1019.23706,16.8,82.048958,0.0,0.0064674867707377,5,winter,samcheonpo_coal,1,55.414
2024-02-18,2164.7967219359994,606.79261152,4240.587381696,9.625,31.31875,977.21875,8,9.631917,91.708336,,2.311736944444444,29.5,0.9732156,-0.2298945,39.67074896665603,12799.48275862069,0.0,48.758620689655174,1.0,0.0,27456.58620689655,35.85311084206918,62.75138662791793,23554.0,62.889899,6.400781111111112,1016.9333,7.21,7.623979,0.0,0.0026629204467207,6,winter,samcheonpo_coal,1,55.26592
2024-02-19,2883.8137857119996,3032.6741452799997,33372.187433568,10.30875,90.14375,233.6775,8,14.608998,93.083336,,3.5828580555555556,28.900002,-0.4501911,-0.89293224,25.98019082996202,12799.48275862069,0.0,48.758620689655174,1.0,0.0,27456.58620689655,35.85311084206918,62.75138662791793,28463.0,94.865451,6.706713055555555,1008.1997,9.57,40.521371,0.0,0.0033218677062111,0,winter,samcheonpo_coal,1,54.344080000000005
2024-02-20,3316.166433216,1199.727990432,314.750892384,10.38,13.8925,81.16749999999999,8,7.7798333,92.416664,,4.292384444444444,16.3,0.640769,0.76773375,21.530379022692905,12799.48275862069,0.0,48.758620689655174,1.0,0.0,27456.58620689655,35.85311084206918,62.75138662791793,33984.0,58.206079,5.3823783333333335,1017.1254,1.76,5.289039,0.0,0.0017098210046941,1,winter,samcheonpo_coal,1,52.91704
2024-02-21,4161.404362176,1228.330154592,345.53518142400003,10.37875,14.41875,62.25375,8,6.2444167,92.791664,,5.253278888888889,17.499998,0.6467244,0.7627238,17.66357087880141,12799.48275862069,0.0,48.758620689655174,1.0,0.0,27456.58620689655,35.85311084206918,62.75138662791793,34752.0,58.149826,6.046486388888889,1015.7601,2.29,4.304466,0.0,0.0016704847951147,2,winter,samcheonpo_coal,1,53.84536
2024-02-22,4162.913795664,1165.543624944,334.90291550399996,10.2,15.0375,36.48875,8,3.7985837,85.458336,,5.75165,3.6999998,0.56137824,0.82755935,14.858055688367688,12799.48275862069,0.0,48.758620689655174,1.0,0.0,27456.58620689655,35.85311084206918,62.75138662791793,34923.0,61.909976,6.946221388888889,1020.3186,1.74,8.397255999999999,0.0,0.0017696194171278,3,winter,samcheonpo_coal,1,53.51272
2024-02-23,3913.456249584,1171.7276646239998,345.037460544,10.89875,16.1125,35.68375,8,3.4215,76.708336,,4.77273,0.4,0.5649995,0.82509124,16.072213596830327,12799.48275862069,0.0,48.758620689655174,1.0,0.0,27456.58620689655,35.85311084206918,62.75138662791793,33874.0,75.43571299999999,5.522680277777778,1024.7095,7.62,20.684393,0.0,0.0022220019689786,4,winter,samcheonpo_coal,1,54.75132
2024-02-24,3447.4825549439997,972.005944032,309.84645873600005,7.47875,24.4175,30.59125,8,3.4152498,75.0,,4.476333611111111,1.6,0.6775699,0.7354584,16.75478338205976,12799.48275862069,0.0,48.758620689655174,1.0,0.0,27456.58620689655,35.85311084206918,62.75138662791793,24230.0,85.539128,5.420331944444444,1024.7174,8.6,30.980728000000003,0.0,0.0035178791450895,5,winter,samcheonpo_coal,1,54.5584
2024-02-25,2971.710936144,1137.759224688,273.89261577599996,7.22,36.614999999999995,59.56625,8,3.644416,86.041664,,4.2436051388888885,2.6999996,0.4032026,0.9151107,20.27560557213588,12799.48275862069,0.0,48.758620689655174,1.0,0.0,27456.58620689655,35.85311084206918,62.75138662791793,20882.0,75.948505,5.200000277777778,1018.69727,4.18,21.986265,0.0,0.0036238520665264,6,winter,samcheonpo_coal,1,53.96224
2024-02-26,2760.6488731199997,899.30375136,272.562544512,12.0075,51.885000000000005,63.83875,8,4.9881663,68.333336,,3.684146111111111,0.0,0.5405797,0.8412928,18.54794406603792,12799.48275862069,0.0,48.758620689655174,1.0,0.0,27456.58620689655,35.85311084206918,62.75138662791793,21353.0,128.464401,4.846648055555555,1022.9702,17.66,74.873921,0.0,0.0059802441119433,0,winter,samcheonpo_coal,1,53.59048000000001
2024-02-27,2843.129130768,1245.321220464,298.167816096,12.98375,132.18625,76.45375,8,4.4902496,68.75,,3.770912777777778,0.0,0.73649585,0.6764421,18.231660091728457,12799.48275862069,0.0,48.758620689655174,1.0,0.0,27456.58620689655,35.85311084206918,62.75138662791793,22548.0,102.194081,4.669047222222222,1026.567,15.05,56.072881,0.0,0.0045118412952463,1,winter,samcheonpo_coal,1,46.121199999999995
2024-02-28,2355.009369984,929.143022256,298.474149744,8.18625,180.33375,82.59375,8,5.398583,70.916664,,3.3408758333333335,0.0,0.7996713,0.600438,21.226967878433072,12799.48275862069,0.0,48.758620689655174,1.0,0.0,27456.58620689655,35.85311084206918,62.75138662791793,20812.0,120.775152,4.3011625,1025.3085,16.34,80.389472,0.0,0.0057696674771027,2,winter,samcheonpo_coal,1,40.38568
2024-02-29,3782.891180592,1024.89466104,343.62354844799995,12.95375,125.145,120.93375,8,4.7902493,86.958336,,4.068123333333333,10.500001,0.43070942,0.9024907,21.37554072844399,12799.48275862069,0.0,48.758620689655174,1.0,0.0,27456.58620689655,35.85311084206918,62.75138662791793,22467.0,47.999277000000006,5.661271944444445,1018.58014,2.04,7.244477,0.0,0.0021318800151609,3,winter,samcheonpo_coal,1,40.7548
2024-03-01,2271.481308864,989.691564528,318.87492667199996,27.55,81.485,109.21,8,1.1131669,49.791668,,6.025728055555555,0.0,-0.3387729,0.9408682,8.263178746358037,9015.290322580646,0.0,45.645161290322584,1.0,0.0,20419.225806451617,37.09313322675025,63.24036701653723,20514.0,126.478054,8.237718611111111,1017.9277,19.17,84.11861400000001,0.0,0.0061276707675619,4,spring,samcheonpo_coal,1,42.35944
2024-03-02,2076.019262208,666.8285420160001,274.837303296,24.35,68.35625,116.895,8,-0.4076668,53.375,,3.900555277777778,0.0,-0.8331827,0.5529978,13.683949130034833,9015.290322580646,0.0,45.645161290322584,1.0,0.0,20419.225806451617,37.09313322675025,63.24036701653723,20091.0,130.88787100000002,5.491811944444445,1019.61597,19.36,88.161871,0.0,0.0064725841541088,5,spring,samcheonpo_coal,1,42.726
2024-03-03,1990.47492072,1034.816714784,323.95582512,6.3462499999999995,74.4225,104.02125,8,6.4631667,69.833336,,3.856276111111111,0.0,-0.95718986,-0.28946084,18.1090082732377,9015.290322580646,0.0,45.645161290322584,1.0,0.0,20419.225806451617,37.09313322675025,63.24036701653723,21332.0,95.320125,5.437830277777778,1016.39764,15.43,52.620365,0.0,0.0044485322683347,6,spring,samcheonpo_coal,1,42.699760000000005
2024-03-04,2485.0071493919995,723.550765824,331.750208592,9.75375,108.82625,114.225,8,7.7965007,71.291664,,2.099259555555556,0.6,-0.47409755,-0.8804723,33.96038560897874,9015.290322580646,0.0,45.645161290322584,1.0,0.0,20419.225806451617,37.09313322675025,63.24036701653723,21810.0,92.311615,3.0675725,1017.8437,13.92,50.537055,0.0,0.0042146973626646,0,spring,samcheonpo_coal,1,41.77456
2024-03-05,2396.3234313599996,1100.29483872,358.513439616,9.82125,159.655,43.5525,8,7.1548333,88.25,,5.245973888888889,9.400001,0.60269797,0.7979694,16.822424561989497,9015.290322580646,0.0,45.645161290322584,1.0,0.0,20419.225806451617,37.09313322675025,63.24036701653723,22702.0,45.407372,5.920303611111111,1009.7276,1.67,4.785052,0.0,0.0019961559248238,1,spring,samcheonpo_coal,1,40.62232
2024-03-06,2086.875711936,1055.774477232,321.216711696,4.2725,88.39125,26.66125,8,8.009,72.208336,,4.382030833333333,0.0,0.54361516,0.83933455,16.478281131826815,9015.290322580646,0.0,45.645161290322584,1.0,0.0,20419.225806451617,37.09313322675025,63.24036701653723,21253.0,88.699369,5.3235325,1011.21234,13.91,47.890329,0.0,0.0041561530535305,2,spring,samcheonpo_coal,1,40.80904
2024-03-07,2408.363269488,1169.160890544,341.587128672,4.71625,72.5325,31.34875,8,6.1090007,67.041664,,3.414116388888889,0.0,-0.30770603,0.95148146,19.636607649986544,9015.290322580646,0.0,45.645161290322584,1.0,0.0,20419.225806451617,37.09313322675025,63.24036701653723,21991.0,97.165785,4.753945555555556,1013.82745,15.19,54.515201,1.544904,0.0043989974516573,3,spring,samcheonpo_coal,1,41.10568
2024-03-08,3392.7151155839997,1272.01095,338.93427542399996,8.3125,92.72625,78.3175,8,4.1527495,51.708332,,5.054889166666666,0.0,-0.5373526,0.8433576,10.229370080155071,9015.290322580646,0.0,45.645161290322584,1.0,0.0,20419.225806451617,37.09313322675025,63.24036701653723,22273.0,132.848558,8.645229444444444,1014.3078,20.26,86.64717399999999,5.551704,0.0059291911063357,4,spring,samcheonpo_coal,1,40.64968
2024-03-09,3408.529497408,4893.85423872,133651.67822064,13.67,39.25375,536.3675000000001,8,3.186083,51.875,,2.9737283333333333,0.0,-0.22890583,0.9734486,17.444431429232775,9015.290322580646,0.0,45.645161290322584,1.0,0.0,20419.225806451617,37.09313322675025,63.24036701653723,14614.0,126.370574,4.684015277777778,1019.87787,20.65,88.369614,0.0,0.0085730934216064,5,spring,samcheonpo_coal,1,38.00096
2024-03-10,955.666066464,906.521276736,1027.324044144,13.3025,63.65,109.1525,8,5.300667,50.458332,,3.1009016666666662,0.0,0.53786206,0.84303284,16.272148369748372,9015.290322580646,0.0,45.645161290322584,1.0,0.0,20419.225806451617,37.09313322675025,63.24036701653723,11165.0,122.30174,4.596737777777777,1024.5768,20.64,87.36654,0.0,0.010835338933714,6,spring,samcheonpo_coal,1,34.935199999999995
2024-03-11,8799.285300479998,33400.869640272,2807.214050016,25.53125,84.13250000000001,69.91125,8,7.344417,73.125,,1.7246541666666666,2.5000002,0.9425486,-0.33406913,42.39980479178193,9015.290322580646,0.0,45.645161290322584,1.0,0.0,20419.225806451617,37.09313322675025,63.24036701653723,23210.0,81.773721,3.059411666666666,1018.48096,9.7,40.808681,0.0,0.0035108412944211,0,spring,samcheonpo_coal,1,40.96504
2024-03-12,7263.477790704,27772.09692048,2471.232953664,29.54125,88.07875,26.3125,8,6.19,74.34,281.19,1.35,0.5,-0.9809890406977106,0.1940631392897304,55.06666666666666,9015.290322580646,0.0,45.645161290322584,1.0,0.0,20419.225806451617,37.09313322675025,63.24036701653723,27883.0,97.037292,14.799459,1011.02124,16.1,51.30233199999999,0.0,0.0034680901596848,1,spring,samcheonpo_coal,1,45.73496
2024-03-13,5106.045494880001,7059.2398198559995,991.02826728,22.88875,29.62,29.7775,8,6.53,44.15,184.23,3.48,0.0,-0.0737603797035987,-0.9972759930861572,12.686781609195402,9015.290322580646,0.0,45.645161290322584,1.0,0.0,20419.225806451617,37.09313322675025,63.24036701653723,21723.0,130.82480800000002,15.986595,1017.3284,20.87,85.35016800000001,0.0,0.0059863574980297,2,spring,samcheonpo_coal,1,45.47464
2024-03-14,6098.846967791999,7589.216932128,978.173823456,22.67375,46.3375,24.085,8,7.19,60.66,60.07,2.79,0.0,0.8666356225450128,0.4989415774777824,21.741935483870968,9015.290322580646,0.0,45.645161290322584,1.0,0.0,20419.225806451617,37.09313322675025,63.24036701653723,23393.0,112.241948,14.05845,1018.313,19.41,76.159788,0.0,0.0047751879452383,3,spring,samcheonpo_coal,1,36.08216
2024-03-15,5832.838930608,6828.790889232,968.53262544,17.915,31.79125,28.145,8,9.5,57.37,175.7,1.29,0.0,0.074978726826328,-0.9971851335251156,44.47286821705426,9015.290322580646,0.0,45.645161290322584,1.0,0.0,20419.225806451617,37.09313322675025,63.24036701653723,21900.0,125.755544,12.387348,1020.09955,21.45,86.885304,0.0,0.0057094769688505,4,spring,samcheonpo_coal,1,38.870239999999995
2024-03-16,1840.63854168,622.24912584,404.4882398399999,10.31125,39.29375,73.98625,8,13.31,55.12,334.54,5.16,0.0,-0.4298808685468634,0.902885617815122,10.682170542635658,9015.290322580646,0.0,45.645161290322584,1.0,0.0,20419.225806451617,37.09313322675025,63.24036701653723,10819.0,116.09044500000002,13.18308,1018.4519,20.37,77.58644500000001,0.0,0.0106163223417216,5,spring,samcheonpo_coal,1,38.504
2024-03-17,1782.6270863040002,998.380300176,1447.1723111040003,11.645,50.8625,96.94375,8,10.98,36.51,76.65,4.7,0.0,0.972977745975682,0.2308989082609123,7.768085106382978,9015.290322580646,0.0,45.645161290322584,1.0,0.0,20419.225806451617,37.09313322675025,63.24036701653723,9966.0,105.934395,20.519999,1011.844,17.26,67.205355,0.0,0.0105177804824253,6,spring,samcheonpo_coal,1,38.72904
2024-03-18,6062.6448216,9389.031913872,1090.38258576,14.9,48.86125,40.925,8,10.47,65.12,233.92,0.96,0.0,-0.808195502995827,-0.5889142797872388,67.83333333333334,9015.290322580646,0.0,45.645161290322584,1.0,0.0,20419.225806451617,37.09313322675025,63.24036701653723,22163.0,111.208253,17.462782,1018.07587,21.48,73.14865300000001,0.0,0.0049926916250781,0,spring,samcheonpo_coal,1,38.0596
2024-03-19,6396.4426829760005,8004.81032712,993.127436064,19.03625,78.16624999999999,50.64625,8,6.48,47.99,332.57,13.46,0.0,-0.4606645807280358,0.8875743034037561,3.565378900445765,9015.290322580646,0.0,45.645161290322584,1.0,0.0,20419.225806451617,37.09313322675025,63.24036701653723,23926.0,94.614595,32.68871,1013.94946,17.67,56.003235,0.0,0.003938891514445,1,spring,samcheonpo_coal,1,38.61136
2024-03-20,6244.568381808,8091.79726752,1038.7841724,25.848750000000003,46.5075,21.64375,8,3.34,42.82,331.95,5.87,0.0,-0.4702419010574822,0.8825375654836711,7.294718909710392,9015.290322580646,0.0,45.645161290322584,1.0,0.0,20419.225806451617,37.09313322675025,63.24036701653723,24107.0,125.216261,26.932714,1016.27155,22.28,86.841061,0.0,0.0051673466286088,2,spring,samcheonpo_coal,1,38.3752
2024-03-21,6242.289679007999,7244.060815296,1067.4561964319998,19.33375,63.83125,38.1025,8,4.94,72.4,69.6,2.17,0.0,0.9372819894918916,0.3485720473218153,33.364055299539174,9015.290322580646,0.0,45.645161290322584,1.0,0.0,20419.225806451617,37.09313322675025,63.24036701653723,22631.0,128.091277,12.879752,1015.6993,22.19,90.379677,0.0,0.005628136705504,3,spring,samcheonpo_coal,1,37.7116
2024-03-22,5312.192418864,5822.392150080001,845.3586355200001,18.66125,46.10875,39.33,8,13.39,95.51,217.02,2.17,1.75,-0.6020937628651929,-0.7984253883230623,44.01382488479263,9015.290322580646,0.0,45.645161290322584,1.0,0.0,20419.225806451617,37.09313322675025,63.24036701653723,18642.0,86.620014,22.530937,1013.14453,18.77,49.21849400000001,0.0,0.0046250078187955,4,spring,samcheonpo_coal,1,37.40152
2024-03-23,1625.9493084479998,764.0105656320001,1440.872647632,18.23125,55.11125,244.0725,8,14.44,84.56,134.92,2.0,0.25,0.7080933989149113,-0.7061187849173313,42.28,9015.290322580646,0.0,45.645161290322584,1.0,0.0,20419.225806451617,37.09313322675025,63.24036701653723,11001.0,108.642351,11.885453,1010.3383,21.17,72.01843099999999,0.0,0.0097791042742452,5,spring,samcheonpo_coal,1,36.62392
2024-03-24,1676.249674416,2118.749652144,1645.528371408,6.25375,70.76375,80.64750000000001,8,10.53,82.81,52.61,7.12,1.5,0.7945206155172557,0.6072371789655843,11.63061797752809,9015.290322580646,0.0,45.645161290322584,1.0,0.0,20419.225806451617,37.09313322675025,63.24036701653723,11189.0,45.120391999999995,16.279802,1013.8875,2.45,8.564791999999999,0.0,0.0040163707015398,6,spring,samcheonpo_coal,1,36.5556
2024-03-25,6073.432651296,19040.657343984,6050.118268368,16.1475,41.23,35.265,8,8.64,88.98,36.68,6.85,5.5,0.597345238074712,0.8019842059227013,12.989781021897812,9015.290322580646,0.0,45.645161290322584,1.0,0.0,20419.225806451617,37.09313322675025,63.24036701653723,28037.0,52.609198,21.638964,1011.6728,3.14,11.245438,0.0,0.0018729060140767,0,spring,samcheonpo_coal,1,41.36376
2024-03-26,10392.773253552,15225.896092032,1285.5093336,15.86875,30.9075,23.87375,8,7.26,84.77,81.81,2.86,6.0,0.9898011092775262,0.1424561829931526,29.63986013986014,9015.290322580646,0.0,45.645161290322584,1.0,0.0,20419.225806451617,37.09313322675025,63.24036701653723,37190.0,79.20861300000001,26.00486,1012.97003,11.58,35.596133,0.0,0.002125309765026,1,spring,samcheonpo_coal,1,43.612480000000005
2024-03-27,9662.408328384,15808.515124752,25967.757143232,20.735,43.00625,85.995,8,10.93,76.97,289.98,2.05,0.0,-0.9398119510863197,0.3416921078914836,37.546341463414635,9015.290322580646,0.0,45.645161290322584,1.0,0.0,20419.225806451617,37.09313322675025,63.24036701653723,28263.0,111.527015,11.792404,1020.51904,20.21,66.752935,0.0,0.0039305330073358,2,spring,samcheonpo_coal,1,44.774080000000005
2024-03-28,6922.894740048,8376.594578784,979.739928576,27.005000000000003,57.10625,53.5875,8,11.61,90.11,324.14,3.54,26.5,-0.5858066981381841,0.8104508081410238,25.454802259887007,9015.290322580646,0.0,45.645161290322584,1.0,0.0,20419.225806451617,37.09313322675025,63.24036701653723,24377.0,46.397412,20.018072,1006.915,1.57,2.7873319999999997,0.0,0.0018997116255907,3,spring,samcheonpo_coal,1,43.61008
2024-03-29,5438.710758671999,7321.681785888,1236.879285984,17.1625,62.74875,55.71,8,12.41,75.19,308.67,8.61,0.0,-0.7807576766329688,0.6248339382417448,8.732868757259002,9015.290322580646,0.0,45.645161290322584,1.0,0.0,20419.225806451617,37.09313322675025,63.24036701653723,23048.0,102.906104,20.466246,1005.251,20.64,58.937704,0.0,0.0044450140974058,4,spring,samcheonpo_coal,1,43.9684
2024-03-30,1851.382553328,870.4454548320001,4099.540750128001,14.66375,62.18875,392.51875,8,12.91,87.78,84.06,2.92,0.0,0.9946308119914324,0.1034869452504225,30.06164383561644,9015.290322580646,0.0,45.645161290322584,1.0,0.0,20419.225806451617,37.09313322675025,63.24036701653723,11013.0,92.92264,16.45007,1008.82355,18.89,48.69552,0.0,0.0083669446485537,5,spring,samcheonpo_coal,1,44.22712
2024-03-31,1851.5555817119991,1354.54938192,1903.198437648,10.93125,48.41125,133.20125,8,9.93,92.08,60.03,3.05,0.0,0.8662870844473874,0.4995464816407428,30.19016393442623,9015.290322580646,0.0,45.645161290322584,1.0,0.0,20419.225806451617,37.09313322675025,63.24036701653723,10770.0,94.581231,19.008545,1008.25,18.49,55.439471,0.0,0.008705464940529,6,spring,samcheonpo_coal,1,39.141760000000005
2024-04-01,4353.467103936,11559.983465952,1367.842637088,16.236250000000002,43.20375,171.1625,8,10.92,68.18,112.31,1.36,0.0,0.9251434767008612,-0.3796176333073102,50.13235294117647,8909.5,0.0,33.43333333333333,1.0,0.0,20830.366666666665,36.50162183094873,59.00327374618145,20304.0,124.764008,12.096214,1010.5373,23.46,86.746728,0.0,0.0061072714899022,0,spring,samcheonpo_coal,1,38.01728
2024-04-02,5078.314664928,7360.399190304,2845.9722879359997,11.30625,67.47875,449.73875,8,13.69,92.97,150.0,4.62,8.38,0.4999999999999999,-0.8660254037844387,20.123376623376625,8909.5,0.0,33.43333333333333,1.0,0.0,20830.366666666665,36.50162183094873,59.00327374618145,23357.0,77.97566400000001,13.37825,1010.9616,12.36,39.054936000000005,0.280008,0.003327320033013,1,spring,samcheonpo_coal,1,38.64072
2024-04-03,7461.572612544,17267.773128336,41349.3448464,18.74375,31.8225,101.625,8,13.37,87.28,61.54,5.79,22.5,0.8791500181293639,0.4765451139432018,15.07426597582038,8909.5,0.0,33.43333333333333,1.0,0.0,20830.366666666665,36.50162183094873,59.00327374618145,32139.0,48.82573,17.015474,1002.6067,2.53,4.91125,0.2088,0.0015169005328152,2,spring,samcheonpo_coal,1,43.70568
2024-04-04,10476.97186176,14443.413953904,1170.494296416,20.00875,19.84125,30.15,8,12.51,53.72,115.17,3.41,0.0,0.9050498659398374,-0.4253054668850171,15.75366568914956,8909.5,0.0,33.43333333333333,1.0,0.0,20830.366666666665,36.50162183094873,59.00327374618145,36802.0,54.600781,11.609651,1011.2338,7.49,10.841781,0.01548,0.0014814383270024,3,spring,samcheonpo_coal,1,43.74352
2024-04-05,7544.672641583999,9613.403221968,4620.76460424,18.70125,23.11,19.81625,8,10.42,90.06,81.41,1.74,0.0,0.9887824648281645,0.1493627706235384,51.758620689655174,8909.5,0.0,33.43333333333333,1.0,0.0,20830.366666666665,36.50162183094873,59.00327374618145,24660.0,114.510014,11.983188,1015.9339,19.16,69.48019000000001,0.468864,0.0046220899600149,4,spring,samcheonpo_coal,1,44.56096
2024-04-06,2863.202225472,2259.1226246399997,3336.7325001120003,12.70375,31.1375,39.83125,8,11.31,87.84,93.14,1.67,0.0,0.998498672858271,-0.0547759098534337,52.59880239520959,8909.5,0.0,33.43333333333333,1.0,0.0,20830.366666666665,36.50162183094873,59.00327374618145,12519.0,87.220164,9.178235,1015.285,18.97,46.706244,0.0,0.0069188196672209,5,spring,samcheonpo_coal,1,40.51392
2024-04-07,2367.4013210880003,4378.975085808,5418.709342415999,11.71125,42.21375,47.73625,8,13.92,63.68,111.62,2.31,0.0,0.9296479295356032,-0.3684490834703843,27.567099567099568,8909.5,0.0,33.43333333333333,1.0,0.0,20830.366666666665,36.50162183094873,59.00327374618145,13186.0,108.660763,11.709688,1013.659,21.24,71.44884300000001,0.0,0.0081732633075084,6,spring,samcheonpo_coal,1,37.21192
2024-04-08,7199.9080247520005,7463.883345264,755.1285917759999,15.585,37.776250000000005,26.37375,8,15.04,68.28,135.92,3.59,0.0,0.695662080833151,-0.7183691733996459,19.01949860724234,8909.5,0.0,33.43333333333333,1.0,0.0,20830.366666666665,36.50162183094873,59.00327374618145,23686.0,63.555004,15.03835,1012.2137,6.13,27.050204,0.0,0.0026760503087024,0,spring,samcheonpo_coal,1,36.5048
2024-04-09,6862.994809632,7415.10368496,797.0373554399999,44.54375,40.723749999999995,32.82,8,9.82,68.74,108.51,2.24,0.0,0.9482682606528234,-0.3174701652730045,30.687499999999996,8909.5,0.0,33.43333333333333,1.0,0.0,20830.366666666665,36.50162183094873,59.00327374618145,23425.0,71.02343199999999,18.079027,1016.68463,22.82,33.754231999999995,0.78696,0.0030227852047198,1,spring,samcheonpo_coal,1,36.48224
2024-04-10,5080.091423616,7753.475594736,34530.136908768,17.53,62.12125,140.87125,8,11.21,81.45,72.78,1.63,0.0,0.955175082343596,0.2960414870755524,49.96932515337424,8909.5,0.0,33.43333333333333,1.0,0.0,20830.366666666665,36.50162183094873,59.00327374618145,15001.0,122.66776299999998,13.910169,1022.37915,23.14,79.65635499999999,0.315648,0.0081109797518896,2,spring,samcheonpo_coal,1,42.69576
2024-04-11,7758.020360879999,12448.884380256002,2096.40320928,14.70375,39.10875,104.52125,8,11.85,92.28,63.28,2.23,0.25,0.8932144919853736,0.4496308166788738,41.38116591928251,8909.5,0.0,33.43333333333333,1.0,0.0,20830.366666666665,36.50162183094873,59.00327374618145,20165.0,71.77502,8.287822,1019.1119,7.84,26.10902,0.0,0.0035467617705422,3,spring,samcheonpo_coal,1,45.666
2024-04-12,8225.260511471999,11615.269387392002,2042.627643072,17.56375,28.21625,196.66625,8,13.42,85.66,66.44,3.38,0.0,0.9166420025785162,0.3997091931752976,25.34319526627219,8909.5,0.0,33.43333333333333,1.0,0.0,20830.366666666665,36.50162183094873,59.00327374618145,20917.0,112.70197,12.181624,1015.1601,23.14,67.04445,0.0,0.0053591805609406,4,spring,samcheonpo_coal,1,45.65752
2024-04-13,6059.110326624,9246.438000576,3696.92639064,22.76,30.09,129.1975,8,14.01,75.87,141.7,1.06,0.0,0.6197790317951404,-0.7847763705330828,71.5754716981132,8909.5,0.0,33.43333333333333,1.0,0.0,20830.366666666665,36.50162183094873,59.00327374618145,15638.0,125.722947,9.931042,1014.19775,24.7,80.38537099999999,0.110376,0.0079754603289273,5,spring,samcheonpo_coal,1,45.2272
2024-04-14,4883.665957776,9697.197689568002,8815.481921952001,19.25375,47.37875,76.40875,8,15.6,81.05,245.04,1.95,0.0,-0.9066026093568376,-0.4219854366057833,41.56410256410256,8909.5,0.0,33.43333333333333,1.0,0.0,20830.366666666665,36.50162183094873,59.00327374618145,14573.0,109.342175,11.592895,1014.8526,23.17,64.515855,0.0,0.0074471888542537,6,spring,samcheonpo_coal,1,44.82632
2024-04-15,7380.452806272,17898.746658911998,12504.925827216,19.3425,47.8,74.47375,8,14.52,98.0,300.52,2.38,16.25,-0.8614519436413971,0.5078390973492088,41.1764705882353,8909.5,0.0,33.43333333333333,1.0,0.0,20830.366666666665,36.50162183094873,59.00327374618145,22469.0,48.595187,23.0653,1009.1729,2.63,3.798275,0.512352,0.0021580984379741,0,spring,samcheonpo_coal,1,44.28456
2024-04-16,6852.858146928,8978.724452592,8479.287023184,25.7875,18.09375,442.60125,8,14.33,58.17,66.19,2.52,0.0,0.9148892219735268,0.4037049807925023,23.083333333333332,8909.5,0.0,33.43333333333333,1.0,0.0,20830.366666666665,36.50162183094873,59.00327374618145,17197.0,112.64822400000004,14.480773,1008.47064,22.42,70.22816800000001,0.016056,0.0065078286133979,1,spring,samcheonpo_coal,1,42.404
2024-04-17,6395.67350424,10856.632214016,2757.3979963680003,18.09125,23.52375,41.77875,8,13.28,72.25,79.37,2.83,0.0,0.9828388977133544,0.1844659891188576,25.53003533568905,8909.5,0.0,33.43333333333333,1.0,0.0,20830.366666666665,36.50162183094873,59.00327374618145,17015.0,97.036557,16.704155,1008.1092,21.7,58.803197,0.0,0.0056706609220224,2,spring,samcheonpo_coal,1,38.23336
2024-04-18,7353.125322768001,13376.82663144,1508.191560432,17.09375,20.87,43.1325,8,13.18,81.79,84.44,2.89,0.0,0.9952952831612024,0.0968880762377992,28.301038062283737,8909.5,0.0,33.43333333333333,1.0,0.0,20830.366666666665,36.50162183094873,59.00327374618145,24578.0,113.28710900000002,14.182355,1006.29584,25.17,74.63287700000001,0.517032,0.0045881410920335,3,spring,samcheonpo_coal,1,38.1372
2024-04-19,7206.413643648,13146.404851872,1371.372394896,22.205,18.8625,30.145000000000003,8,14.67,80.64,132.85,1.21,0.0,0.7331366608028573,-0.6800813455659817,66.64462809917356,8909.5,0.0,33.43333333333333,1.0,0.0,20830.366666666665,36.50162183094873,59.00327374618145,23895.0,112.402417,10.799999,1009.38403,24.74,73.623793,0.396144,0.0046819899565813,4,spring,samcheonpo_coal,1,38.38248
2024-04-20,9244.565252928,13496.574720672,1729.688861088,27.12875,21.3125,36.35625,8,14.22,97.0,48.72,3.65,11.5,0.751494471772696,0.6597393871030262,26.575342465753423,8909.5,0.0,33.43333333333333,1.0,0.0,20830.366666666665,36.50162183094873,59.00327374618145,24486.0,44.935531000000005,20.991426,1006.5144,2.16,6.879291,0.66744,0.0018317903507273,5,spring,samcheonpo_coal,1,37.3888
2024-04-21,7900.30781568,12680.320379184,1607.471380512,22.025,16.0675,33.74375,8,15.25,87.06,48.63,4.98,1.25,0.750457228874008,0.6609190174527775,17.481927710843372,8909.5,0.0,33.43333333333333,1.0,0.0,20830.366666666665,36.50162183094873,59.00327374618145,22651.0,37.0853,14.021525,1006.02277,2.89,3.9901,0.0,0.001634571604859,6,spring,samcheonpo_coal,1,33.0952
2024-04-22,7885.550518272,13531.844891232002,1647.300220992,17.98625,15.50375,32.62,8,13.94,78.97,75.21,3.06,0.0,0.9668679575740332,0.2552770115318217,25.80718954248366,8909.5,0.0,33.43333333333333,1.0,0.0,20830.366666666665,36.50162183094873,59.00327374618145,24720.0,52.257378,14.277983,1009.50195,8.97,18.196178,0.0,0.002109512153156,0,spring,samcheonpo_coal,1,34.0612
2024-04-23,7412.616578016,12853.106991504,1449.059746752,13.38,53.614999999999995,33.519999999999996,8,13.18,94.02,62.47,2.59,1.5,0.8867689405912194,0.4622129877045066,36.3011583011583,8909.5,0.0,33.43333333333333,1.0,0.0,20830.366666666665,36.50162183094873,59.00327374618145,22904.0,77.70606900000001,14.84318,1008.2246,15.97,40.26550900000001,0.0,0.0033812141172938,1,spring,samcheonpo_coal,1,37.44056
2024-04-24,8079.132194207999,13278.780734256,1577.953391904,31.80125,16.655,29.49,8,13.31,76.01,81.37,1.83,0.0,0.9886779489912628,0.1500530345525539,41.53551912568306,8909.5,0.0,33.43333333333333,1.0,0.0,20830.366666666665,36.50162183094873,59.00327374618145,23890.0,103.82946,16.75064,1004.64874,20.17,66.00322,0.0,0.0043273400843785,2,spring,samcheonpo_coal,1,37.82624
2024-04-25,7625.083201488,11588.701708512,1397.4435931680002,24.75625,19.0425,21.61,8,13.38,83.07,149.93,1.57,0.0,0.5010576762096318,-0.8654138923725478,52.9108280254777,8909.5,0.0,33.43333333333333,1.0,0.0,20830.366666666665,36.50162183094873,59.00327374618145,21297.0,120.79459,10.514218,1007.3333,26.34,83.07443,0.0,0.0056399172889817,3,spring,samcheonpo_coal,1,37.72016000000001
2024-04-26,4670.308463184,7440.506330832,4282.420773024,20.60875,18.15375,172.70875,8,12.95,91.75,124.45,1.36,0.0,0.8246201574422164,-0.5656868355724519,67.46323529411764,8909.5,0.0,33.43333333333333,1.0,0.0,20830.366666666665,36.50162183094873,59.00327374618145,12908.0,73.324397,8.534353,1006.9543,15.15,35.561557,0.0,0.0056484527123399,4,spring,samcheonpo_coal,1,37.76284
2024-04-27,4248.09269928,6530.555941632,1183.37521536,20.87875,16.3325,51.370000000000005,8,15.87,88.9,215.87,1.18,0.0,-0.5859481395653945,-0.8103485532410439,75.33898305084746,8909.5,0.0,33.43333333333333,1.0,0.0,20830.366666666665,36.50162183094873,59.00327374618145,11624.0,115.771455,10.636766,1007.1138,26.51,77.634095,0.0,0.0098614743433265,5,spring,samcheonpo_coal,1,38.13736
2024-04-28,4086.906337152001,6896.434031424,2257.1851708800004,23.5375,18.80625,46.618750000000006,8,17.5,75.27,124.03,2.89,0.0,0.8287446662061635,-0.5596269098558742,26.044982698961935,8909.5,0.0,33.43333333333333,1.0,0.0,20830.366666666665,36.50162183094873,59.00327374618145,11509.0,106.217367,11.384198,1009.9639,24.44,68.852487,0.0,0.0091446732027395,6,spring,samcheonpo_coal,1,37.36488
2024-04-29,8930.080224144,13195.77616224,1608.742503792,24.84875,16.08125,31.97875,8,14.55,92.19,41.52,4.21,31.0,0.6628814427068952,0.7487243771340861,21.897862232779097,8909.5,0.0,33.43333333333333,1.0,0.0,20830.366666666665,36.50162183094873,59.00327374618145,23307.0,45.636724,19.881649,1005.36255,2.83,7.993044,0.0,0.0019542428779829,0,spring,samcheonpo_coal,1,37.64368
2024-04-30,9079.440804863998,13285.924332624,1656.422237808,20.5025,14.545,34.083749999999995,8,15.28,95.27,132.77,4.63,0.5,0.7340855185435213,-0.6790570310840537,20.57667386609071,8909.5,0.0,33.43333333333333,1.0,0.0,20830.366666666665,36.50162183094873,59.00327374618145,24089.0,85.82851600000001,16.08761,1002.96796,20.9,44.484356,0.0,0.0035503257424636,1,spring,samcheonpo_coal,1,41.34416
2024-05-01,8746.834697424,13149.883643615998,1836.689800752,31.74375,17.12875,29.185,8,12.01,79.69,53.78,4.85,0.5,0.8067541027155374,0.5908873139200471,16.43092783505155,9448.967741935485,0.0,37.29032258064516,1.0,0.0,22071.290322580644,36.46237364259511,72.93054163195511,24021.0,68.234532,18.58451,1008.2199,7.52,25.408052,0.0,0.0028325736921759,2,spring,samcheonpo_coal,1,42.82648
2024-05-02,8078.796448416,14486.356021968,1592.11962072,23.805,246.1725,19.8875,8,11.54,91.0,70.81,3.08,0.0,0.9444337539113709,0.3287018169601079,29.545454545454543,9448.967741935485,0.0,37.29032258064516,1.0,0.0,22071.290322580644,36.46237364259511,72.93054163195511,24834.0,123.487399,16.1198,1014.97235,26.79,78.94731900000001,0.0,0.0049479099007758,3,spring,samcheonpo_coal,1,44.54008
2024-05-03,7476.00004008,15449.148263664,1514.789910432,26.56375,567.355,22.26875,8,13.13,70.92,78.9,2.08,0.0,0.9812926639922452,0.1925219665259074,34.09615384615385,9448.967741935485,0.0,37.29032258064516,1.0,0.0,22071.290322580644,36.46237364259511,72.93054163195511,23066.0,126.477167,10.703569,1014.9688,27.24,81.750447,0.0,0.0054533703359622,4,spring,samcheonpo_coal,1,44.72672
2024-05-04,5506.742683296,11602.117197504002,9882.06226632,16.8675,107.42375,43.85,8,19.18,75.2,173.58,1.71,0.0,0.1118158158520059,-0.9937289486199696,43.9766081871345,9448.967741935485,0.0,37.29032258064516,1.0,0.0,22071.290322580644,36.46237364259511,72.93054163195511,16988.0,119.867854,9.19939,1014.07513,22.45,76.389614,0.0,0.0070065922313033,5,spring,samcheonpo_coal,1,43.47824
2024-05-05,7050.814581312,11230.423388784,1122.866033616,26.54,15.4875,49.88625,8,17.29,98.0,298.52,4.14,43.2,-0.8786504992963229,0.4774654962259813,23.671497584541065,9448.967741935485,0.0,37.29032258064516,1.0,0.0,22071.290322580644,36.46237364259511,72.93054163195511,20511.0,43.144945,30.472675,1009.7026,2.89,1.496945,0.0,0.0020990873186624,6,spring,samcheonpo_coal,1,41.648
2024-05-06,6395.571445968,11205.332027136,1103.228487216,26.02625,15.05875,33.3475,8,15.71,89.93,287.89,7.71,9.75,-0.9516480332351384,0.3071905285644287,11.66407263294423,9448.967741935485,0.0,37.29032258064516,1.0,0.0,22071.290322580644,36.46237364259511,72.93054163195511,19977.0,90.202344,24.29133,1005.3071,18.95,48.890984,0.0,0.0044950134280661,0,spring,samcheonpo_coal,1,41.31136
2024-05-07,8128.440469295999,13254.23628072,1388.854783152,34.11125,18.5025,34.72,8,12.04,93.91,46.86,3.74,1.99,0.7296850836416588,0.6837833565617587,25.10962566844919,9448.967741935485,0.0,37.29032258064516,1.0,0.0,22071.290322580644,36.46237364259511,72.93054163195511,24158.0,82.215218,17.76081,1007.38916,9.96,39.597298,0.0,0.003391686800658,1,spring,samcheonpo_coal,1,42.61792
2024-05-08,7417.58622912,12146.633791776,1268.455141152,30.93875,20.3975,23.115,8,10.65,90.11,72.86,2.87,0.75,0.9555875030216956,0.2947075229252914,31.397212543554005,9448.967741935485,0.0,37.29032258064516,1.0,0.0,22071.290322580644,36.46237364259511,72.93054163195511,21961.0,101.12761799999998,18.971008,1013.188,20.91,56.479778,0.0,0.004583765435093,2,spring,samcheonpo_coal,1,44.647839999999995
2024-05-09,8582.718123504,12964.697671968,1622.464279344,18.11625,17.50875,19.57875,8,17.13,59.76,327.4,3.69,0.0,-0.5387707850068634,0.8424523970071474,16.195121951219512,9448.967741935485,0.0,37.29032258064516,1.0,0.0,22071.290322580644,36.46237364259511,72.93054163195511,23220.0,126.68270700000002,11.753876,1015.3745,27.42,79.61390700000001,0.0,0.0054261544815536,3,spring,samcheonpo_coal,1,47.0688
2024-05-10,9406.855693296,13707.989317872,1854.926390448,22.770000000000003,21.74875,17.6575,8,14.84,88.97,96.33,1.46,0.0,0.99390336245686,-0.110254732764392,60.93835616438356,9448.967741935485,0.0,37.29032258064516,1.0,0.0,22071.290322580644,36.46237364259511,72.93054163195511,25026.0,126.240543,14.84318,1015.7334,27.49,78.230143,0.0,0.0050190575580803,4,spring,samcheonpo_coal,1,48.0104
2024-05-11,5883.052080095999,9487.215086688,2503.49840496,18.4475,26.66375,30.011249999999997,8,17.3,87.95,223.28,8.73,1.5,-0.6855642705335434,-0.7280121090804812,10.074455899198169,9448.967741935485,0.0,37.29032258064516,1.0,0.0,22071.290322580644,36.46237364259511,72.93054163195511,16991.0,87.746913,15.629972,1011.896,14.41,39.91411300000001,0.0,0.0051377840216842,5,spring,samcheonpo_coal,1,47.832800000000006
2024-05-12,3938.832547344,10030.038330528,9539.755810272,39.098749999999995,24.93125,57.0025,8,17.81,51.66,106.58,5.82,3.75,0.958422240131676,-0.2853538323222242,8.876288659793813,9448.967741935485,0.0,37.29032258064516,1.0,0.0,22071.290322580644,36.46237364259511,72.93054163195511,14004.0,83.036333,16.167967,1005.5964,18.37,41.983532999999994,0.0,0.0058945211070039,6,spring,samcheonpo_coal,1,41.052800000000005
2024-05-13,8748.368591184,13550.693496624,1409.375865744,30.61125,20.81625,17.10125,8,13.19,86.27,81.53,3.62,0.0,0.989093120612916,0.1472915433967746,23.83149171270718,9448.967741935485,0.0,37.29032258064516,1.0,0.0,22071.290322580644,36.46237364259511,72.93054163195511,24861.0,127.756357,18.214718,1010.2153,28.11,80.18659699999999,0.0,0.0051125536291129,0,spring,samcheonpo_coal,1,47.56976
2024-05-14,8971.589711952,13503.043490112,1442.289017952,25.94625,17.252499999999998,23.09375,8,15.13,90.99,80.09,2.92,0.0,0.9850793038620546,0.1721010316722417,31.160958904109588,9448.967741935485,0.0,37.29032258064516,1.0,0.0,22071.290322580644,36.46237364259511,72.93054163195511,24883.0,128.27534,10.086427,1012.3604,28.14,79.65022,0.0,0.0051287004863303,1,spring,samcheonpo_coal,1,48.62512
2024-05-15,9392.038144704002,13565.461524624,1564.07517936,22.0525,16.56375,23.3,8,12.87,66.78,310.57,19.65,0.0,-0.759611947823395,0.6503765745504276,3.3984732824427484,9448.967741935485,0.0,37.29032258064516,1.0,0.0,22071.290322580644,36.46237364259511,72.93054163195511,24197.0,125.535988,24.967499,1008.2507,27.78,76.979028,0.0,0.0051613034126842,2,spring,samcheonpo_coal,1,48.55696
2024-05-16,8501.853306384,13053.965892336,1390.19693256,19.47875,20.73875,18.1475,8,16.66,66.54,280.54,10.07,0.0,-0.983127443563683,0.1829219224476315,6.607745779543198,9448.967741935485,0.0,37.29032258064516,1.0,0.0,22071.290322580644,36.46237364259511,72.93054163195511,24215.0,130.103088,28.119204,1006.607,28.16,81.401168,0.0,0.0053441173582103,3,spring,samcheonpo_coal,1,48.70192
2024-05-17,5826.222465408,9778.134265056,17267.848394544,12.28625,35.6325,70.87625,8,14.75,90.91,78.35,2.82,0.0,0.97939940303818,0.2019326851415006,32.23758865248227,9448.967741935485,0.0,37.29032258064516,1.0,0.0,22071.290322580644,36.46237364259511,72.93054163195511,17716.0,120.874459,16.485485,1012.0883,26.58,73.39349899999999,0.0,0.0067766614200174,4,spring,samcheonpo_coal,1,47.48096
2024-05-18,4763.5298199359995,6656.418686591999,3603.419909136,21.70375,54.78,373.92125,8,15.19,74.12,75.99,3.21,0.0,0.970253488161653,0.2420912404655424,23.09034267912773,9448.967741935485,0.0,37.29032258064516,1.0,0.0,22071.290322580644,36.46237364259511,72.93054163195511,11664.0,124.407697,9.693296,1014.066,27.85,78.397937,0.0,0.0105533928073814,5,spring,samcheonpo_coal,1,46.00976
2024-05-19,5257.602323280001,9826.476156288,52215.578435952,27.74375,24.92125,213.59,8,18.5,66.22,167.27,1.8,0.0,0.2203569628862203,-0.9754192990235332,36.78888888888888,9448.967741935485,0.0,37.29032258064516,1.0,0.0,22071.290322580644,36.46237364259511,72.93054163195511,15128.0,118.450573,12.599998,1011.6059,28.3,77.742413,0.0,0.0077690589316417,6,spring,samcheonpo_coal,1,40.70816000000001
2024-05-20,10843.58421072,14209.801861536,1604.675719152,23.10875,17.875,44.521249999999995,8,18.6,77.53,58.93,2.03,0.0,0.8565374234312818,0.516084917684775,38.19211822660099,9448.967741935485,0.0,37.29032258064516,1.0,0.0,22071.290322580644,36.46237364259511,72.93054163195511,25939.0,95.747777,9.904906,1010.90656,25.95,67.137537,0.0,0.0036776917456671,0,spring,samcheonpo_coal,1,28.61024
2024-05-21,9602.600834592002,13161.997260432,1432.447728912,27.985,15.675,52.2225,8,16.35,87.62,73.94,1.85,0.0,0.9609725221563896,0.2766438353919842,47.36216216216216,9448.967741935485,0.0,37.29032258064516,1.0,0.0,22071.290322580644,36.46237364259511,72.93054163195511,24230.0,121.789605,11.212135,1015.23004,26.05,75.147205,0.0,0.0050012589208225,1,spring,samcheonpo_coal,1,46.6424
2024-05-22,8822.911877856,12143.168574912,1541.3448144959998,19.485,15.68125,47.68375,8,16.72,86.65,81.77,2.44,0.0,0.9897014148997646,0.1431471597531857,35.51229508196722,9448.967741935485,0.0,37.29032258064516,1.0,0.0,22071.290322580644,36.46237364259511,72.93054163195511,22293.0,108.90867,10.182337,1013.1971,23.27,61.69667,0.0,0.0048615799485803,2,spring,samcheonpo_coal,1,47.212
2024-05-23,8426.589879168,12272.176871856,2334.516072768,20.40125,22.89875,40.29375,8,19.05,87.95,55.18,1.98,0.0,0.8209499424936416,0.5710001680557428,44.41919191919192,9448.967741935485,0.0,37.29032258064516,1.0,0.0,22071.290322580644,36.46237364259511,72.93054163195511,22366.0,123.877031,10.44,1007.1209,26.92,74.049511,0.0,0.0055081239808135,3,spring,samcheonpo_coal,1,49.82752
2024-05-24,9278.58913488,13244.384157696,1618.4934568800004,24.30625,20.98,197.9425,8,18.38,69.55,152.88,1.71,0.0,0.4558556223634999,-0.8900537352090525,40.67251461988304,9448.967741935485,0.0,37.29032258064516,1.0,0.0,22071.290322580644,36.46237364259511,72.93054163195511,23525.0,124.34875800000002,11.966954,1008.36334,27.32,74.71107800000001,0.0,0.0052580203908547,4,spring,samcheonpo_coal,1,49.63768
2024-05-25,4530.594429071999,7604.12680272,3607.22781504,21.95875,20.225,103.40749999999998,8,17.77,58.26,120.17,1.6,0.0,0.8645380640969079,-0.5025673444699434,36.412499999999994,9448.967741935485,0.0,37.29032258064516,1.0,0.0,22071.290322580644,36.46237364259511,72.93054163195511,13379.0,117.383497,12.849528,1013.06525,20.66,67.29365700000001,0.0,0.0086974037916225,5,spring,samcheonpo_coal,1,50.089839999999995
2024-05-26,3963.6784008,6513.051725568,1414.814411952,8.71625,29.72125,79.25750000000001,8,20.06,99.75,149.89,1.01,4.0,0.5016617269284182,-0.8650638772571637,98.76237623762376,9448.967741935485,0.0,37.29032258064516,1.0,0.0,22071.290322580644,36.46237364259511,72.93054163195511,11155.0,79.561095,22.751316,1006.00323,16.98,27.886855,0.0,0.0070818160431215,6,spring,samcheonpo_coal,1,51.67424
2024-05-27,5707.235062224,12617.878616928,12933.134362368,17.583750000000002,32.925,58.1,8,19.29,54.46,38.93,6.55,0.0,0.6283704587105878,0.7779142411730521,8.314503816793893,9448.967741935485,0.0,37.29032258064516,1.0,0.0,22071.290322580644,36.46237364259511,72.93054163195511,20908.0,114.84905899999998,15.273505,999.5196,23.34,61.166498999999995,0.0,0.0054630587261355,0,spring,samcheonpo_coal,1,53.682559999999995
2024-05-28,11787.683434128,17029.341666432,14177.321291088,20.47,27.595,49.31125,8,16.21,88.87,67.03,1.87,0.0,0.9207093136027442,0.390249099736519,47.524064171122994,9448.967741935485,0.0,37.29032258064516,1.0,0.0,22071.290322580644,36.46237364259511,72.93054163195511,29053.0,110.089161,19.255793,1001.18964,25.62,61.495081,0.0,0.0037749485451363,1,spring,samcheonpo_coal,1,48.594080000000005
2024-05-29,10973.770928496,12848.093530704002,1354.317329808,20.3875,15.59375,13.0225,8,16.45,82.31,72.41,3.04,0.0,0.95324342677628,0.3022035229904097,27.07565789473684,9448.967741935485,0.0,37.29032258064516,1.0,0.0,22071.290322580644,36.46237364259511,72.93054163195511,34202.0,127.40277,10.30883,1009.4604,28.17,76.65877,0.0,0.0037111851567466,2,spring,samcheonpo_coal,1,50.744
2024-05-30,10710.030247056,12705.652927728,1318.803627312,19.7,15.275,12.2625,8,16.28,88.0,68.92,3.69,0.22,0.9330791405761252,0.3596711239753887,23.848238482384826,9448.967741935485,0.0,37.29032258064516,1.0,0.0,22071.290322580644,36.46237364259511,72.93054163195511,33843.0,88.897908,11.709688,1008.54083,12.32,38.227508,0.0,0.0026198920037137,3,spring,samcheonpo_coal,1,50.6704
2024-05-31,7663.378566096,10720.627747776,50754.931350912,15.67875,21.6325,197.47,8,20.79,67.21,333.31,4.55,0.75,-0.4491630690514739,0.8934497956797913,14.77142857142857,9448.967741935485,0.0,37.29032258064516,1.0,0.0,22071.290322580644,36.46237364259511,72.93054163195511,25896.0,123.126843,10.296251,1006.44775,23.49,73.022843,0.0,0.0047321665997075,4,spring,samcheonpo_coal,1,50.104
2024-06-01,2370.040096176,2595.9517257599996,4430.005235999999,21.01875,18.8725,41.60875,8,18.75,76.71,73.55,1.8,0.0,0.9590672198898296,0.2831785085997761,42.61666666666666,8382.9,0.0,43.233333333333334,1.0,0.0,19218.2,36.708309744582394,73.5870296212271,13829.0,121.766336,12.074766,1006.16846,24.53,72.645136,0.0,0.0087282901216531,5,summer,samcheonpo_coal,1,49.121199999999995
2024-06-02,1740.4668740159998,129.357158688,399.35383704,14.41,18.47375,66.49374999999999,8,17.54,81.9,53.83,2.28,0.0,0.807269441917726,0.59018306324889,35.92105263157895,8382.9,0.0,43.233333333333334,1.0,0.0,19218.2,36.708309744582394,73.5870296212271,8963.0,117.915622,14.081478,1006.73004,26.34,68.99266200000001,0.0,0.0129849925831631,6,summer,samcheonpo_coal,1,48.92296
2024-06-03,2759.3425907999995,4040.803837584,6489.346446,20.16375,22.54875,74.91125,8,17.8,79.58,143.68,1.39,0.0,0.5922944647672048,-0.8057215815690494,57.25179856115109,8382.9,0.0,43.233333333333334,1.0,0.0,19218.2,36.708309744582394,73.5870296212271,14157.0,108.28578,15.379206,1007.92194,23.53,63.30418,0.0,0.0075908594941586,0,summer,samcheonpo_coal,1,44.9816
2024-06-04,3553.689622608,5867.137963151999,766.777202064,24.8175,22.40125,62.4425,8,16.42,91.99,74.32,1.86,0.0,0.9627861451488188,0.2702643866836279,49.456989247311824,8382.9,0.0,43.233333333333334,1.0,0.0,19218.2,36.708309744582394,73.5870296212271,19555.0,121.472961,15.725037,1012.53326,25.76,78.677761,0.0,0.0061735129685471,1,summer,samcheonpo_coal,1,42.795199999999994
2024-06-05,3531.031220592,7435.370443392,917.2354654080002,15.69,14.89625,56.16875,8,18.05,71.21,72.99,2.95,0.0,0.9562537129090696,0.292538606935254,24.138983050847457,8382.9,0.0,43.233333333333334,1.0,0.0,19218.2,36.708309744582394,73.5870296212271,23229.0,107.64561700000002,14.241629,1015.3171,24.41,64.633457,0.0,0.0046127287857336,2,summer,samcheonpo_coal,1,43.01216
2024-06-06,6014.648300832,7342.154966448,934.139898288,13.55875,19.1925,52.416250000000005,8,17.65,90.11,87.42,2.17,0.0,0.9989863435996542,0.0450142788611964,41.525345622119815,8382.9,0.0,43.233333333333334,1.0,0.0,19218.2,36.708309744582394,73.5870296212271,23336.0,77.12145799999999,9.793058,1014.07733,15.83,33.961458,0.0,0.0032939417385394,3,summer,samcheonpo_coal,1,43.16
2024-06-07,5744.713156415999,6927.310976112,819.081980064,15.60875,15.80625,53.82875,8,20.34,77.03,225.73,4.77,0.0,-0.7160583249697263,-0.6980404538718009,16.148846960167717,8382.9,0.0,43.233333333333334,1.0,0.0,19218.2,36.708309744582394,73.5870296212271,22209.0,97.275593,9.107359,1011.08344,16.84,57.04999299999999,0.0,0.004360906983079,4,summer,samcheonpo_coal,1,40.2256
2024-06-08,5196.206519136001,6339.892676544,805.1136334559999,11.01,16.09375,52.74625,8,19.0,96.91,137.06,1.28,20.75,0.681232114449672,-0.7320674874917128,75.7109375,8382.9,0.0,43.233333333333334,1.0,0.0,19218.2,36.708309744582394,73.5870296212271,20518.0,47.559282,10.883676,1007.4628,3.37,10.080722,0.0,0.002312569347026,5,summer,samcheonpo_coal,1,37.478559999999995
2024-06-09,4995.298487231999,5605.131567456001,739.548494928,19.86125,14.78875,53.67625,8,20.01,93.99,178.22,2.36,0.0,0.0310618635640873,-0.9995174638954168,39.82627118644068,8382.9,0.0,43.233333333333334,1.0,0.0,19218.2,36.708309744582394,73.5870296212271,18521.0,85.157965,13.684735,1004.27905,17.24,47.924525,0.0,0.004576869935222,6,summer,samcheonpo_coal,1,37.23344
2024-06-10,6185.0738626560005,6820.020933551999,872.140645584,23.1675,14.86875,61.27375,8,20.51,91.5,87.08,1.07,0.0,0.9987016360714308,0.0509415558090607,85.51401869158877,8382.9,0.0,43.233333333333334,1.0,0.0,19218.2,36.708309744582394,73.5870296212271,21020.0,104.626115,12.7279215,1004.94965,25.19,67.053715,0.0,0.004952803161127,0,summer,samcheonpo_coal,1,37.5724
2024-06-11,5112.533474496,5855.771783520001,697.195466064,13.5625,10.49875,42.17375,8,20.02,86.8,77.08,1.21,0.0,0.97468320581536,0.2235903582480529,71.73553719008264,8382.9,0.0,43.233333333333334,1.0,0.0,19218.2,36.708309744582394,73.5870296212271,20474.0,104.345192,11.246759,1004.4109,23.06,66.985992,0.0,0.0050706308513361,1,summer,samcheonpo_coal,1,37.359199999999994
2024-06-12,5545.442742768,6382.702275984,840.9049930079999,13.48125,11.06125,19.13125,8,20.73,90.95,82.02,2.57,0.0,0.9903165889868428,0.138827423722637,35.389105058365764,8382.9,0.0,43.233333333333334,1.0,0.0,19218.2,36.708309744582394,73.5870296212271,21266.0,107.947094,11.246759,1002.263,27.36,70.565814,0.0,0.0050504052211443,2,summer,samcheonpo_coal,1,37.38128
2024-06-13,5909.944576608001,6813.295195824,887.917455936,21.01875,10.19625,28.41,8,20.24,88.66,74.4,1.78,0.0,0.9631625667976582,0.2689198206152657,49.80898876404494,8382.9,0.0,43.233333333333334,1.0,0.0,19218.2,36.708309744582394,73.5870296212271,21726.0,107.181808,10.086427,1001.0538,27.26,69.81060799999999,0.0,0.0049091245125218,3,summer,samcheonpo_coal,1,37.371199999999995
2024-06-14,5953.287443472001,6783.921530496,861.05089656,16.50375,11.42125,17.005,8,21.92,88.78,98.98,1.59,0.0,0.9877428863501856,-0.1560896872461609,55.83647798742138,8382.9,0.0,43.233333333333334,1.0,0.0,19218.2,36.708309744582394,73.5870296212271,21518.0,109.071541,8.714677,1002.55414,26.13,71.572181,0.0,0.0050432875663829,4,summer,samcheonpo_coal,1,37.49936
2024-06-15,5297.900876496,6490.945823328,825.5356616160001,18.22,10.8375,17.318749999999998,8,23.63,87.6,191.35,1.7,0.0,-0.1968018172473943,-0.9804432899092752,51.52941176470588,8382.9,0.0,43.233333333333334,1.0,0.0,19218.2,36.708309744582394,73.5870296212271,20433.0,104.88636,11.480557,1000.2251,22.42,67.38380000000001,0.0,0.0051069695372489,5,summer,samcheonpo_coal,1,37.502559999999995
2024-06-16,3399.2751463199997,4446.452207808,3398.728290192,20.56625,9.60875,33.87375,8,21.24,75.29,74.8,3.14,0.0,0.9650164944723114,0.2621891786408647,23.977707006369428,8382.9,0.0,43.233333333333334,1.0,0.0,19218.2,36.708309744582394,73.5870296212271,10344.0,102.56484,11.435313,1002.32623,23.79,65.105,0.0,0.0098180446463394,6,summer,samcheonpo_coal,1,37.45984
2024-06-17,4183.030446911999,7639.494566976,4291.384078368,12.32,14.765,34.85875,8,19.11,93.97,65.33,2.23,0.0,0.9087268476685948,0.4173913227731244,42.1390134529148,8382.9,0.0,43.233333333333334,1.0,0.0,19218.2,36.708309744582394,73.5870296212271,14236.0,65.002884,12.599998,1005.04297,11.95,27.150404,0.0,0.0045453374513143,0,summer,samcheonpo_coal,1,37.85248
2024-06-18,5024.530157472001,5917.258784303999,917.48942064,15.33125,10.8975,27.67625,8,21.75,75.72,78.04,3.06,0.0,0.9782925120957124,0.2072287643582825,24.745098039215687,8382.9,0.0,43.233333333333334,1.0,0.0,19218.2,36.708309744582394,73.5870296212271,19617.0,108.016079,14.471821,1002.7217,27.45,70.148079,0.0,0.0054760958656453,1,summer,samcheonpo_coal,1,37.868
2024-06-19,3348.076225824,6123.869737055999,782.950651056,9.8975,22.9475,48.05875,8,22.12,93.0,253.26,2.11,0.0,-0.957621645957622,-0.2880291360147698,44.07582938388626,8382.9,0.0,43.233333333333334,1.0,0.0,19218.2,36.708309744582394,73.5870296212271,21908.0,103.177386,10.805998,1005.634,24.26,62.473066,0.0,0.0046874996366902,2,summer,samcheonpo_coal,1,40.70432
2024-06-20,3515.860671984,6337.133241984,826.105758624,13.275,26.615,26.49875,8,21.87,85.01,66.38,3.32,0.25,0.9162229255615622,0.4006688790952101,25.60542168674699,8382.9,0.0,43.233333333333334,1.0,0.0,19218.2,36.708309744582394,73.5870296212271,21780.0,54.268528,13.044722,1002.74316,8.98,12.539888,0.0,0.0024854749739111,3,summer,samcheonpo_coal,1,41.72864
2024-06-21,2754.5649235200003,4940.593780032,719.6520551039999,72.6125,72.37625,28.0425,8,22.54,90.88,234.79,2.63,0.0,-0.8170442794714902,-0.5765749260789212,34.555133079847906,8382.9,0.0,43.233333333333334,1.0,0.0,19218.2,36.708309744582394,73.5870296212271,17813.0,102.923826,12.371645,1000.2985,15.21,61.834546,0.0,0.0057448238226283,4,summer,samcheonpo_coal,1,41.08928
2024-06-22,2426.375946672,6104.49126192,9899.536095072,59.58125,24.32125,49.22125,8,23.38,94.79,260.7,4.21,15.0,-0.9868557164068074,-0.161603821103361,22.515439429928744,8382.9,0.0,43.233333333333334,1.0,0.0,19218.2,36.708309744582394,73.5870296212271,17884.0,46.248732,22.89611,996.8198,2.08,5.797532,0.0,0.0025793692374975,5,summer,samcheonpo_coal,1,40.4512
2024-06-23,3374.575694352,5444.860076928,641.6977478400001,31.7675,12.605,30.065,8,24.08,85.03,196.76,2.08,0.25,-0.288363391474449,-0.957521046482715,40.87980769230769,8382.9,0.0,43.233333333333334,1.0,0.0,19218.2,36.708309744582394,73.5870296212271,18723.0,67.42010099999999,20.018072,996.0777,12.47,27.462821,0.0,0.0035880039210199,6,summer,samcheonpo_coal,1,39.95728
2024-06-24,3545.100447119999,5481.959979312,626.2993573919999,20.01,19.11125,46.63375,8,23.71,81.77,267.68,5.33,0.0,-0.999180325602039,-0.0404805747217528,15.341463414634145,8382.9,0.0,43.233333333333334,1.0,0.0,19218.2,36.708309744582394,73.5870296212271,19625.0,83.03869700000001,19.67195,1000.92334,18.65,42.780937,0.0,0.0042134429649075,0,summer,samcheonpo_coal,1,40.257760000000005
2024-06-25,3355.448544,5254.143222816001,687.781384848,17.98875,28.78875,42.38625,8,19.92,87.4,75.8,1.94,0.0,0.9694453498951388,0.2453073858788027,45.05154639175258,8382.9,0.0,43.233333333333334,1.0,0.0,19218.2,36.708309744582394,73.5870296212271,18486.0,82.220135,13.392774,1007.0649,18.17,41.168455,0.0,0.0044280030289505,1,summer,samcheonpo_coal,1,41.05168
2024-06-26,6223.426274447999,7434.85204872,1616.439691872,15.015,20.2025,24.43125,8,18.8,78.8,71.24,2.83,0.0,0.946874013302666,0.3216047308919799,27.84452296819788,8382.9,0.0,43.233333333333334,1.0,0.0,19218.2,36.708309744582394,73.5870296212271,22019.0,103.606422,14.241629,1011.7014,25.07,61.375622,0.0,0.0046832827933406,2,summer,samcheonpo_coal,1,42.2308
2024-06-27,7894.788048288,6408.741827952001,7627.379523119999,16.21375,10.87625,38.54875,8,18.79,96.0,72.62,2.61,2.25,0.9543446553069652,0.2987076813324857,36.781609195402304,8382.9,0.0,43.233333333333334,1.0,0.0,19218.2,36.708309744582394,73.5870296212271,22673.0,61.295008,12.783802,1009.55475,9.17,18.105728,0.0,0.0026961472954596,3,summer,samcheonpo_coal,1,43.18928
2024-06-28,5931.079602912,9122.512842432005,1143.144496368,12.775,19.58375,20.35,8,21.43,93.66,155.19,1.12,0.0,0.4196105131155109,-0.9077042565081084,83.62499999999999,8382.9,0.0,43.233333333333334,1.0,0.0,19218.2,36.708309744582394,73.5870296212271,24418.0,114.81028899999998,10.495713,1004.76904,22.98,71.93444899999999,0.0,0.0046798669882299,4,summer,samcheonpo_coal,1,42.87584
2024-06-29,6746.1005275200005,6521.926316544001,3412.6352661600004,14.40125,12.4975,29.61625,8,23.19,98.01,221.65,5.83,25.25,-0.664578536706034,-0.7472184209116278,16.81132075471698,8382.9,0.0,43.233333333333334,1.0,0.0,19218.2,36.708309744582394,73.5870296212271,18839.0,52.469257000000006,21.566973,1003.1706,5.25,9.728777,0.0,0.0027774047791734,5,summer,samcheonpo_coal,1,42.740480000000005
2024-06-30,5385.938526432,5685.111552815999,1791.4877979839998,14.94,12.495,26.036250000000003,8,22.28,99.0,144.51,1.5,16.13,0.5805608569041806,-0.8142168577416483,66.0,8382.9,0.0,43.233333333333334,1.0,0.0,19218.2,36.708309744582394,73.5870296212271,17427.0,51.352312999999995,25.744402,997.4355,4.27,8.893593,0.0,0.0029380522877894,6,summer,samcheonpo_coal,1,42.45872
2024-07-01,5213.632075200001,5946.05791152,983.224299168,11.50375,16.285,23.1375,8,22.93,96.0,170.06,2.18,0.19,0.1726167943748065,-0.9849890569441702,44.03669724770642,13325.548387096776,0.0,48.225806451612904,1.0,0.0,30991.0,35.7964551831385,62.67115623578541,17997.0,100.585542,11.304229,1000.5103,25.12,59.557222,0.0,0.0055579536710334,0,summer,samcheonpo_coal,1,41.02832
2024-07-02,7848.799951392,10209.737158704,937.133681184,12.02,17.145,16.98375,8,23.36,99.01,234.73,7.66,15.5,-0.816440043736558,-0.5774302165486729,12.925587467362924,13325.548387096776,0.0,48.225806451612904,1.0,0.0,30991.0,35.7964551831385,62.67115623578541,29726.0,51.267599999999995,19.829433,1003.2239,7.16,10.38968,0.0,0.0017217026319768,1,summer,samcheonpo_coal,1,40.87792
2024-07-03,7663.383231264,6991.626165408,869.2014270239999,12.6025,10.5775,12.815,8,23.52,96.0,221.16,1.46,0.0,-0.6581640149426766,-0.7528745774925171,65.75342465753425,13325.548387096776,0.0,48.225806451612904,1.0,0.0,30991.0,35.7964551831385,62.67115623578541,30810.0,87.292177,23.051247,1006.50024,15.49,45.292337,0.0,0.0028252371275752,2,summer,samcheonpo_coal,1,41.99984
2024-07-04,7830.786225168001,7014.889006704,887.4011249280001,12.5925,13.27,13.6875,8,23.55,99.0,240.04,5.87,0.0,-0.8663742585613516,-0.4993952784140718,16.86541737649063,13325.548387096776,0.0,48.225806451612904,1.0,0.0,30991.0,35.7964551831385,62.67115623578541,31444.0,106.369841,12.864649,1006.1054,21.37,64.461681,0.0,0.0033714292902446,3,summer,samcheonpo_coal,1,41.90816
2024-07-05,7485.410322432,6768.513323279999,822.7539151199999,12.32625,14.975,41.575,8,23.01,97.0,159.22,1.82,4.5,0.354780625060705,-0.9349495751544762,53.29670329670329,13325.548387096776,0.0,48.225806451612904,1.0,0.0,30991.0,35.7964551831385,62.67115623578541,28398.0,104.553123,17.0763,1002.61957,22.48,59.988163,0.0,0.0036682020220718,4,summer,samcheonpo_coal,1,44.56496
2024-07-06,4962.029428944,4213.150986096,15841.80046152,9.79125,23.1275,90.87625,8,23.84,96.99,237.47,4.1,0.0,-0.8431100007984063,-0.5377411334031565,23.65609756097561,13325.548387096776,0.0,48.225806451612904,1.0,0.0,30991.0,35.7964551831385,62.67115623578541,23958.0,103.463156,14.587776,1003.5696,20.85,56.791956,0.0,0.0042999528054136,5,summer,samcheonpo_coal,1,46.6712
2024-07-07,7247.640797856,6208.251306624001,682.25544576,11.41375,30.79625,23.5825,8,25.05,95.06,193.91,2.82,0.0,-0.2403974608045902,-0.9706745390905775,33.70921985815603,13325.548387096776,0.0,48.225806451612904,1.0,0.0,30991.0,35.7964551831385,62.67115623578541,27928.0,69.452653,18.057508,1003.3323,16.41,22.132973,0.0,0.0024806775766636,6,summer,samcheonpo_coal,1,47.31968
2024-07-08,8394.948265536,7314.62644224,778.3509432960001,11.8725,28.07375,23.1125,8,24.97,97.01,184.21,1.56,0.0,-0.0734122602243203,-0.9973016795577738,62.18589743589744,13325.548387096776,0.0,48.225806451612904,1.0,0.0,30991.0,35.7964551831385,62.67115623578541,32612.0,59.705147,14.471821,1002.23975,5.53,12.397947,0.0,0.0018274267208083,0,summer,samcheonpo_coal,1,47.307199999999995
2024-07-09,7963.010975376001,7165.380212352,912.109894704,13.0625,22.065,15.929999999999998,8,24.06,100.0,230.81,7.08,0.75,-0.7750547868235458,-0.6318940397107002,14.124293785310734,13325.548387096776,0.0,48.225806451612904,1.0,0.0,30991.0,35.7964551831385,62.67115623578541,32214.0,65.87029700000001,17.0763,1002.478,8.89,14.810137,0.0,0.0020405998039627,1,summer,samcheonpo_coal,1,51.06016
2024-07-10,7228.547120736,6182.001359999999,848.9039182560001,10.69375,24.52375,9.22375,8,22.77,97.99,171.38,0.78,10.75,0.149880475413474,-0.9887041231277592,125.62820512820512,13325.548387096776,0.0,48.225806451612904,1.0,0.0,30991.0,35.7964551831385,62.67115623578541,27724.0,82.471082,26.250393,998.0317,9.99,28.970122,0.0,0.0029658953038951,2,summer,samcheonpo_coal,1,53.50096
2024-07-11,8435.957894208,16364.0624832,1385.7902586720002,12.2025,30.11875,2.30125,8,21.51,99.0,245.39,0.94,0.0,-0.909163440494602,-0.4164394775570855,105.31914893617022,13325.548387096776,0.0,48.225806451612904,1.0,0.0,30991.0,35.7964551831385,62.67115623578541,35209.0,69.538345,9.3876505,998.9946,10.51,16.539225,0.0,0.001971123188834,3,summer,samcheonpo_coal,1,52.999120000000005
2024-07-12,9425.288931984,12257.1012888,1209.135119904,12.75125,15.16375,19.32125,8,21.37,94.39,67.2,1.86,0.0,0.9218631515885004,0.3875155864521029,50.747311827956985,13325.548387096776,0.0,48.225806451612904,1.0,0.0,30991.0,35.7964551831385,62.67115623578541,30919.0,120.712644,9.422101,999.4301,18.94,67.43368400000001,0.0,0.0038889742757761,4,summer,samcheonpo_coal,1,53.27896
2024-07-13,9399.671463600002,12525.858465264,1217.514945168,15.5125,15.28875,21.38375,8,23.59,95.0,82.25,1.19,0.0,0.9908658973868822,0.134850930273723,79.83193277310924,13325.548387096776,0.0,48.225806451612904,1.0,0.0,30991.0,35.7964551831385,62.67115623578541,31890.0,91.530793,11.681987,1003.0074,7.67,34.961913,0.0,0.0028619891146684,5,summer,samcheonpo_coal,1,56.56888
2024-07-14,7763.696755776001,10864.115983152,1065.786614496,13.005,14.925,13.4375,8,23.11,96.0,129.47,1.04,29.0,0.7719575273771963,-0.6356741114169157,92.3076923076923,13325.548387096776,0.0,48.225806451612904,1.0,0.0,30991.0,35.7964551831385,62.67115623578541,29176.0,70.542117,12.783802,1006.16595,5.01,13.429397,0.0,0.0024119814478511,6,summer,samcheonpo_coal,1,57.11272
2024-07-15,8179.005465936,13807.024588656,5423.258384352,12.36625,21.42625,9.9,8,22.98,97.77,47.58,1.36,0.0,0.7382199197050442,0.6745601160390956,71.88970588235293,13325.548387096776,0.0,48.225806451612904,1.0,0.0,30991.0,35.7964551831385,62.67115623578541,34642.0,76.760026,13.044722,1008.69507,12.13,19.587386,0.0,0.0022109092013227,0,summer,samcheonpo_coal,1,57.17264
2024-07-16,7963.145117568,6996.48356376,1486.638749808,11.08625,12.71375,99.22375,8,22.75,100.0,118.53,0.84,76.5,0.8785671524643954,-0.4776188423948576,119.04761904761904,13325.548387096776,0.0,48.225806451612904,1.0,0.0,30991.0,35.7964551831385,62.67115623578541,31994.0,60.363873000000005,11.609651,1008.9487,3.77,2.395393,0.0,0.001883171765291,1,summer,samcheonpo_coal,1,57.96848000000001
2024-07-17,5492.147919984,5876.022674592,1276.212610224,8.87875,12.42625,156.8775,8,24.87,100.0,228.97,5.82,0.25,-0.7543659650802124,-0.6564541040534363,17.18213058419244,13325.548387096776,0.0,48.225806451612904,1.0,0.0,30991.0,35.7964551831385,62.67115623578541,20233.0,91.010294,12.57426,1007.998,11.62,33.077254,0.0,0.0044779692926483,2,summer,samcheonpo_coal,1,57.93304
2024-07-18,7543.348896095999,10928.730626784,4934.611873008001,9.34875,19.90875,275.81625,8,24.62,96.35,262.14,3.05,2.0,-0.9906051762440647,-0.1367530065426913,31.59016393442623,13325.548387096776,0.0,48.225806451612904,1.0,0.0,30991.0,35.7964551831385,62.67115623578541,30163.0,69.167215,18.532133,1003.4349,5.89,12.176895,0.0,0.0022878682334649,3,summer,samcheonpo_coal,1,56.99032
2024-07-19,8208.539442,7348.663290816,5498.568393695999,9.88375,12.425,434.87499999999994,8,23.22,97.0,107.85,0.88,8.75,0.9518622607530478,-0.3065260780979276,110.22727272727272,13325.548387096776,0.0,48.225806451612904,1.0,0.0,30991.0,35.7964551831385,62.67115623578541,33192.0,79.18158700000001,10.630672,1003.5645,9.35,23.415187,0.0,0.0023798850303212,4,summer,samcheonpo_coal,1,55.7664
2024-07-20,6511.5328248,6322.4378507520005,2013.786979488,9.005,12.90125,344.175,8,26.48,92.37,221.23,6.36,0.0,-0.6590833333339933,-0.7520699167772583,14.523584905660377,13325.548387096776,0.0,48.225806451612904,1.0,0.0,30991.0,35.7964551831385,62.67115623578541,28978.0,103.000008,13.779114,1006.0899,10.27,47.593608,0.0,0.0035418317104523,5,summer,samcheonpo_coal,1,55.406400000000005
2024-07-21,3255.5647403999997,4913.051397264,2346.801973488,5.445,11.605,486.97125,8,25.55,97.14,56.18,1.38,1.75,0.8307902348497055,0.556585649903383,70.3913043478261,13325.548387096776,0.0,48.225806451612904,1.0,0.0,30991.0,35.7964551831385,62.67115623578541,16894.0,116.240072,17.25373,1006.0391,14.32,60.855832,0.0,0.0068335350652304,6,summer,samcheonpo_coal,1,55.38424
2024-07-22,5550.1771137119995,10246.97750832,15386.006600928,7.95875,18.78125,483.65875,8,25.69,97.82,197.85,2.35,0.0,-0.3065260780979277,-0.9518622607530478,41.625531914893614,13325.548387096776,0.0,48.225806451612904,1.0,0.0,30991.0,35.7964551831385,62.67115623578541,28512.0,106.668533,15.463244,1005.6917,16.83,55.127733,0.0,0.0037272360479314,0,summer,samcheonpo_coal,1,51.5408
2024-07-23,9271.462884336,17026.301781648,4024.569314736,11.3875,24.89,6.17875,8,26.03,100.0,101.43,1.25,0.91,0.980167547111589,-0.1981705820480195,80.0,13325.548387096776,0.0,48.225806451612904,1.0,0.0,30991.0,35.7964551831385,62.67115623578541,41292.0,91.761702,13.905509,1003.59814,11.01,42.349222,0.0,0.0022173359362729,1,summer,samcheonpo_coal,1,49.41248
2024-07-24,9593.10312624,12395.389794911998,1450.35755496,11.87375,15.23375,1.7875,8,25.69,98.13,214.12,1.4,0.25,-0.560928007986178,-0.8278645842507446,70.09285714285714,13325.548387096776,0.0,48.225806451612904,1.0,0.0,30991.0,35.7964551831385,62.67115623578541,42237.0,90.463874,10.446206,1002.76605,12.65,43.32659400000001,0.0,0.0021372382306979,2,summer,samcheonpo_coal,1,47.13728
2024-07-25,9404.797483152,13189.804862688,1455.399318096,12.0375,16.56625,1.8375,8,25.78,93.5,79.41,1.89,1.25,0.9829674397457466,0.1837797932300829,49.470899470899475,13325.548387096776,0.0,48.225806451612904,1.0,0.0,30991.0,35.7964551831385,62.67115623578541,41260.0,103.878489,13.493999,1004.01294,19.49,57.970489,0.0,0.0025113333854228,3,summer,samcheonpo_coal,1,45.908
2024-07-26,8881.655616864002,13254.423893136,1676.58547032,11.63625,17.3425,2.2025,8,25.04,97.01,240.15,5.14,2.25,-0.8673314314075732,-0.4977310399126119,18.87354085603113,13325.548387096776,0.0,48.225806451612904,1.0,0.0,30991.0,35.7964551831385,62.67115623578541,40453.0,83.663538,19.134262,1007.7176,11.4,34.598978,0.0,0.0020638979801969,4,summer,samcheonpo_coal,1,49.06456
2024-07-27,8045.329850928,11089.077143616,1296.9794975039997,12.06,16.5425,1.94375,8,26.41,98.01,271.28,4.16,9.0,-0.9997504677881222,0.022338356193573,23.560096153846153,13325.548387096776,0.0,48.225806451612904,1.0,0.0,30991.0,35.7964551831385,62.67115623578541,35669.0,96.634611,14.973577,1012.65967,14.85,35.331011,0.0,0.0027018844220445,5,summer,samcheonpo_coal,1,61.3036
2024-07-28,4542.758031744001,5944.949908704,9219.134684592,12.58625,14.71875,89.44749999999999,8,26.07,94.05,99.28,1.58,0.0,0.9869120666582152,-0.1612593336350205,59.5253164556962,13325.548387096776,0.0,48.225806451612904,1.0,0.0,30991.0,35.7964551831385,62.67115623578541,19902.0,128.843636,14.264361,1011.7585,23.81,66.45091599999999,0.0,0.0064322620824835,6,summer,samcheonpo_coal,1,62.39272
2024-07-29,5707.634109984001,11304.555575904,8433.70615512,9.70625,20.38625,16.81125,8,27.61,82.88,269.46,5.01,0.0,-0.9999555871089498,-0.0094246384331444,16.542914171656687,13325.548387096776,0.0,48.225806451612904,1.0,0.0,30991.0,35.7964551831385,62.67115623578541,29924.0,128.05691,16.263872,1007.4777,23.76,65.91002999999999,0.0,0.0042611695559976,0,summer,samcheonpo_coal,1,62.14688
2024-07-30,8939.633084784,11060.6027688,1485.329546448,12.84375,16.055,2.1525,8,27.98,84.17,253.4,1.0,0.0,-0.9583225744651332,-0.2856883674049735,84.17,13325.548387096776,0.0,48.225806451612904,1.0,0.0,30991.0,35.7964551831385,62.67115623578541,36558.0,127.268425,13.979872,1004.6893,25.34,66.041913,0.040032,0.0034691970500417,1,summer,samcheonpo_coal,1,61.18648
2024-07-31,10153.579849632,11902.25659248,1566.306437904,13.865,16.155,2.13625,8,25.96,91.74,82.89,1.0,0.0,0.992310350244224,0.1237746694529433,91.74,13325.548387096776,0.0,48.225806451612904,1.0,0.0,30991.0,35.7964551831385,62.67115623578541,38813.0,126.157881,12.783802,1004.3266,24.92,66.321505,0.040536,0.0032398718376382,2,summer,samcheonpo_coal,1,59.79584
2024-08-01,13079.023964208,13402.33833672,1824.975511488,15.30875,15.4025,2.11375,8,26.44,95.0,112.32,0.89,0.0,0.925077206834458,-0.379779095521801,106.74157303370788,16426.451612903227,0.0,48.193548387096776,1.0,0.0,37415.032258064515,35.963773435896904,73.67536239531118,45049.0,104.76899,11.480557,1002.8391,20.7,44.290254,0.434736,0.0023202712053384,3,summer,samcheonpo_coal,1,60.044
2024-08-02,11957.210559504,14543.789734511998,1770.635098944,13.78875,16.56625,2.03125,8,27.18,91.02,187.82,1.01,0.0,-0.1360614003964806,-0.990700406440892,90.11881188118812,16426.451612903227,0.0,48.193548387096776,1.0,0.0,37415.032258064515,35.963773435896904,73.67536239531118,45837.0,113.894384,11.304229,1001.98944,22.53,54.100072,0.388152,0.0024786108198071,4,summer,samcheonpo_coal,1,59.40616000000001
2024-08-03,9861.90352128,11435.426079264,1517.459527584,13.3225,15.7125,2.0825,8,27.39,90.56,167.62,0.77,0.0,0.2143943911521647,-0.9767471755999568,117.61038961038962,16426.451612903227,0.0,48.193548387096776,1.0,0.0,37415.032258064515,35.963773435896904,73.67536239531118,39055.0,120.163465,9.19939,1003.68536,19.57,62.579721000000006,0.158544,0.0030673379348463,5,summer,samcheonpo_coal,1,57.4252
2024-08-04,7719.69160872,13740.008629824,40733.438294736,12.50125,28.3375,107.65375,8,26.81,92.63,152.17,0.77,0.0,0.4668497419029969,-0.884336654495959,120.29870129870127,16426.451612903227,0.0,48.193548387096776,1.0,0.0,37415.032258064515,35.963773435896904,73.67536239531118,28901.0,110.81204300000002,9.028754,1004.71436,19.89,51.12308300000001,0.1843199999999999,0.003819549183476,6,summer,samcheonpo_coal,1,59.50464
2024-08-05,11313.034546608,12863.6470116,1845.213908544,14.6825,16.46625,2.37625,8,26.22,86.64,269.81,2.25,0.0,-0.9999945016606114,-0.003316119501059,38.50666666666667,16426.451612903227,0.0,48.193548387096776,1.0,0.0,37415.032258064515,35.963773435896904,73.67536239531118,40911.0,117.66528499999998,7.491114,1005.05865,17.65,57.533269,0.1157759999999999,0.0028678799123162,0,summer,samcheonpo_coal,1,60.01624
2024-08-06,13377.789538848,14861.73179808,2284.248353328,14.7575,16.0225,2.495,8,26.64,91.56,188.24,1.07,0.0,-0.1433198930550695,-0.9896764159333512,85.57009345794393,16426.451612903227,0.0,48.193548387096776,1.0,0.0,37415.032258064515,35.963773435896904,73.67536239531118,47799.0,119.744596,9.0,1004.5127,13.99,59.166708,0.205488,0.002498909289247,1,summer,samcheonpo_coal,1,60.3724
2024-08-07,12585.998490912,14379.537246768,2308.664576448,14.6225,15.97375,2.6,8,27.03,91.47,51.33,1.68,0.0,0.780757676632969,0.6248339382417445,54.44642857142857,16426.451612903227,0.0,48.193548387096776,1.0,0.0,37415.032258064515,35.963773435896904,73.67536239531118,42223.0,122.060274,9.511088,1003.1157,22.06,63.14285,0.211104,0.0028825150610293,2,summer,samcheonpo_coal,1,58.70632
2024-08-08,10640.951637552,14235.694593696,2211.359976144,12.325,16.1275,2.5225,8,27.09,85.92,47.14,2.48,0.0,0.7330179530505349,0.6802092916930816,34.645161290322584,16426.451612903227,0.0,48.193548387096776,1.0,0.0,37415.032258064515,35.963773435896904,73.67536239531118,44281.0,116.612072,9.686609,1001.31964,17.73,56.32948,0.166032,0.0026265392789794,3,summer,samcheonpo_coal,1,60.11656
2024-08-09,8193.427692048,11192.486637168002,1552.865917104,12.12875,16.49375,2.295,8,26.11,91.32,69.56,2.01,0.0,0.937038411905484,0.3492263085932222,45.43283582089553,16426.451612903227,0.0,48.193548387096776,1.0,0.0,37415.032258064515,35.963773435896904,73.67536239531118,35501.0,122.98103,11.681987,1001.0466,22.83,63.351510000000005,0.22536,0.003452197829783,4,summer,samcheonpo_coal,1,59.404160000000005
2024-08-10,8625.633905808,11885.494364064,1660.642119936,12.63125,17.189999999999998,2.42125,8,25.53,93.9,68.5,2.83,0.0,0.9304175679820246,0.3665012267242973,33.18021201413428,16426.451612903227,0.0,48.193548387096776,1.0,0.0,37415.032258064515,35.963773435896904,73.67536239531118,35787.0,118.863157,10.594036,1000.8745,18.95,58.94560499999999,0.2934719999999999,0.0033104107950354,5,summer,samcheonpo_coal,1,59.62408
2024-08-11,5262.256821168,6274.463890752,2316.124093824,14.14125,15.06875,28.95625,8,25.01,91.96,79.35,2.18,0.0,0.9827744470593314,0.1848090533692155,42.183486238532105,16426.451612903227,0.0,48.193548387096776,1.0,0.0,37415.032258064515,35.963773435896904,73.67536239531118,19406.0,118.629554,8.587338,1000.4732,19.65,58.63652200000001,0.2427119999999999,0.0060758926909164,6,summer,samcheonpo_coal,1,59.75032
2024-08-12,7560.313610832,17747.977711392,13702.530492144,10.53,26.13625,23.55875,8,25.74,87.6,53.66,1.76,0.0,0.805514782714852,0.5925756785659066,49.772727272727266,16426.451612903227,0.0,48.193548387096776,1.0,0.0,37415.032258064515,35.963773435896904,73.67536239531118,34931.0,121.243355,12.313893,1001.778,24.06,61.266571,0.167904,0.003458932821277,0,summer,samcheonpo_coal,1,59.808879999999995
2024-08-13,10380.678635952,13774.843165104005,2021.888291472,13.13625,17.025,2.50875,8,25.59,87.91,79.89,2.99,0.0,0.9844725577120635,0.1755385516399958,29.40133779264214,16426.451612903227,0.0,48.193548387096776,1.0,0.0,37415.032258064515,35.963773435896904,73.67536239531118,40177.0,118.056224,11.966953,1004.73224,22.77,57.701368,0.196056,0.0029297942492926,1,summer,samcheonpo_coal,1,60.1588
2024-08-14,10041.881588784,12849.918828192,1967.615382816,13.395,16.8275,2.58625,8,27.57,84.65,110.0,1.58,0.0,0.9396926207859084,-0.3420201433256687,53.57594936708861,16426.451612903227,0.0,48.193548387096776,1.0,0.0,37415.032258064515,35.963773435896904,73.67536239531118,38899.0,121.984788,13.392774,1004.90936,20.04,61.182044000000005,0.349704,0.0031261329938939,2,summer,samcheonpo_coal,1,60.45304
2024-08-15,11957.757407712,13634.647655184,2055.257087904,14.70625,16.15375,2.44875,8,28.01,77.28,70.24,1.93,0.0,0.9411170233284728,0.3380809790587974,40.04145077720207,16426.451612903227,0.0,48.193548387096776,1.0,0.0,37415.032258064515,35.963773435896904,73.67536239531118,41210.0,116.091478,14.186923,1004.63385,18.93,56.491638,0.44136,0.0028091569719774,3,summer,samcheonpo_coal,1,59.15848
2024-08-16,10292.947124256,11613.220357824,1701.467067024,14.4825,16.28375,2.39875,8,26.83,87.77,62.05,2.47,0.0,0.8833569478311816,0.4687008669912818,35.534412955465584,16426.451612903227,0.0,48.193548387096776,1.0,0.0,37415.032258064515,35.963773435896904,73.67536239531118,36493.0,101.861437,12.387348,1005.56616,13.6,43.473749000000005,0.294408,0.0027834901677482,4,summer,samcheonpo_coal,1,58.09328
2024-08-17,8638.378128144,10040.246804880002,1642.328277408,13.43,15.6625,2.5775,8,26.49,87.0,67.98,2.73,0.0,0.9270530357130772,0.3749302188076712,31.86813186813187,16426.451612903227,0.0,48.193548387096776,1.0,0.0,37415.032258064515,35.963773435896904,73.67536239531118,33285.0,113.676333,10.587918,1007.2801,17.13,55.566133,0.41292,0.0034036179118775,5,summer,samcheonpo_coal,1,57.69728
2024-08-18,6547.12809768,8175.69807408,26232.98621904,15.08875,19.86875,136.27,8,26.17,86.13,65.25,2.72,0.0,0.9081431738250813,0.4186597375374281,31.665441176470583,16426.451612903227,0.0,48.193548387096776,1.0,0.0,37415.032258064515,35.963773435896904,73.67536239531118,23274.0,112.122103,10.739832,1006.8472,15.29,54.630935,0.632448,0.0047943862820085,6,summer,samcheonpo_coal,1,56.85872
2024-08-19,10300.729332528,13141.299094416,9521.314004592,13.79125,18.81875,16.53125,8,28.36,85.28,97.16,3.26,0.0,0.9922019586385584,-0.1246405763538043,26.15950920245399,16426.451612903227,0.0,48.193548387096776,1.0,0.0,37415.032258064515,35.963773435896904,73.67536239531118,39121.0,94.319618,10.44,1005.3874,18.28,37.373458,0.16272,0.0024051727467422,0,summer,samcheonpo_coal,1,56.78344
2024-08-20,9677.614143168,12022.673342256,1912.724865936,12.2975,15.7675,2.65625,8,28.59,90.99,225.93,7.5,2.5,-0.7184905783955597,-0.6955366911650412,12.132,16426.451612903227,0.0,48.193548387096776,1.0,0.0,37415.032258064515,35.963773435896904,73.67536239531118,42240.0,97.747973,21.30093,1006.00806,14.62,35.898133,5.41152,0.0023087664715264,1,summer,samcheonpo_coal,1,56.43832
2024-08-21,7964.676702144,11607.230419631998,1755.25926264,10.8325,15.70625,2.4275,8,28.57,92.66,216.02,5.57,41.25,-0.5880676166819421,-0.8088117693320371,16.635547576301615,16426.451612903227,0.0,48.193548387096776,1.0,0.0,37415.032258064515,35.963773435896904,73.67536239531118,38553.0,98.178652,21.2522,1006.6416,11.54,36.798748,4.097664,0.0025401205195826,2,summer,samcheonpo_coal,1,57.282239999999994
2024-08-22,10215.885690144,12027.699352224,1764.503983728,13.845,16.12625,2.40375,8,26.54,95.99,238.62,2.44,2.25,-0.8537326119405508,-0.5207116546699957,39.34016393442623,16426.451612903227,0.0,48.193548387096776,1.0,0.0,37415.032258064515,35.963773435896904,73.67536239531118,38654.0,85.307612,21.03152,1003.95215,16.49,23.770636000000003,3.944736,0.0022020943909068,3,summer,samcheonpo_coal,1,57.59224
2024-08-23,10692.3159396,11584.390257648,1912.074237648,14.83125,15.74125,2.59875,8,26.47,96.0,76.41,2.4,0.0,0.9720020258153628,0.2349724703254215,40.0,16426.451612903227,0.0,48.193548387096776,1.0,0.0,37415.032258064515,35.963773435896904,73.67536239531118,37145.0,120.595471,14.336861,1005.58026,22.49,61.98986300000001,0.192168,0.0032361074464474,4,summer,samcheonpo_coal,1,58.41344
2024-08-24,7133.138643168,7268.848981200001,15626.184196608,14.61125,11.81375,149.74,8,25.63,90.74,78.46,1.99,0.0,0.979785280755298,0.2000520022775617,45.597989949748744,16426.451612903227,0.0,48.193548387096776,1.0,0.0,37415.032258064515,35.963773435896904,73.67536239531118,24710.0,121.457911,9.9571085,1007.12573,22.32,62.06536700000001,0.372384,0.0048912919827472,5,summer,samcheonpo_coal,1,59.02016
2024-08-25,7254.879296256,12300.913139328,66650.91747120001,10.43,24.48,179.58875,8,26.01,92.03,82.58,2.81,0.0,0.9916261438234948,0.1291417472614699,32.7508896797153,16426.451612903227,0.0,48.193548387096776,1.0,0.0,37415.032258064515,35.963773435896904,73.67536239531118,29630.0,120.558176,9.227524,1005.8389,20.1,60.675695999999995,0.21096,0.0040522996337344,6,summer,samcheonpo_coal,1,59.671519999999994
2024-08-26,13043.511856656,13378.022793503998,2344.3941035519997,15.87375,16.2675,2.8775,8,26.1,92.13,67.3,2.98,0.0,0.9225380894562464,0.3859060423243187,30.916107382550333,16426.451612903227,0.0,48.193548387096776,1.0,0.0,37415.032258064515,35.963773435896904,73.67536239531118,42862.0,79.016581,10.805998,1003.76733,19.26,18.687669000000003,0.171072,0.0018401190118764,0,summer,samcheonpo_coal,1,60.15783999999999
2024-08-27,14090.078389968,13668.434454816,2408.016671712,16.68,16.14875,2.85875,8,25.17,79.38,72.59,8.28,0.0,0.9541881215184042,0.2992073340564686,9.58695652173913,16426.451612903227,0.0,48.193548387096776,1.0,0.0,37415.032258064515,35.963773435896904,73.67536239531118,44431.0,67.35446,17.974781,1002.1433,10.11,7.152532,0.249048,0.0015136393427884,1,summer,samcheonpo_coal,1,59.95288
2024-08-28,11668.74937416,11838.560379264,2133.66473064,15.25875,15.4425,2.78375,8,25.89,80.01,45.67,7.43,0.0,0.7153269462265234,0.6987899255156993,10.768506056527592,16426.451612903227,0.0,48.193548387096776,1.0,0.0,37415.032258064515,35.963773435896904,73.67536239531118,40003.0,71.078352,23.904108,1003.4412,14.56,11.763352,0.4518,0.001773674028774,2,summer,samcheonpo_coal,1,58.8632
2024-08-29,12591.150327792002,13888.882766448,2557.324647936,14.9075,16.2175,2.9975,8,27.63,71.01,36.32,8.64,0.0,0.592294464767205,0.8057215815690493,8.21875,16426.451612903227,0.0,48.193548387096776,1.0,0.0,37415.032258064515,35.963773435896904,73.67536239531118,43788.0,75.892308,25.872454,999.6201,16.62,13.359956,3.5140320000000003,0.0017301772370565,3,summer,samcheonpo_coal,1,59.01832
2024-08-30,11812.474848384,12869.271206784,2234.3157072000004,15.09875,16.23,2.8275,8,25.54,89.73,79.27,2.27,0.0,0.9825154470411362,0.1861810847684484,39.52863436123348,16426.451612903227,0.0,48.193548387096776,1.0,0.0,37415.032258064515,35.963773435896904,73.67536239531118,40642.0,77.613676,21.611998,999.7437,22.06,16.56118,1.270656,0.0019060513839242,4,summer,samcheonpo_coal,1,59.781839999999995
2024-08-31,8129.375736336,7369.681108895999,21930.196747392,19.9025,21.12625,109.7225,8,24.19,85.67,70.8,2.79,0.0,0.944376370237481,0.3288666467385833,30.706093189964157,16426.451612903227,0.0,48.193548387096776,1.0,0.0,37415.032258064515,35.963773435896904,73.67536239531118,25068.0,69.436384,14.021525,1003.19336,23.61,17.968272,0.486432,0.0027622699045076,5,summer,samcheonpo_coal,1,50.98168
2024-09-01,5509.558494,5546.46935232,2699.2029634560004,16.9025,20.19125,214.85375,8,24.26,91.46,71.27,2.21,0.0,0.9470422753428528,0.3211089047557419,41.38461538461538,10772.233333333334,0.0,56.1,1.0,0.0,23625.8,35.14452819939783,62.599383964423076,18908.0,67.146288,12.096214,1004.76587,20.16,17.094928,0.0,0.0035386440231274,6,autumn,samcheonpo_coal,1,50.05136
2024-09-02,7450.372028016,12656.22510456,30262.50209376,12.32,28.735,112.14375,8,26.06,83.88,66.54,2.07,0.0,0.9173382302462214,0.3981087430950625,40.52173913043478,10772.233333333334,0.0,56.1,1.0,0.0,23625.8,35.14452819939783,62.599383964423076,28825.0,57.728976,10.086427,1005.9454,11.16,10.250512,0.1160639999999999,0.0019987368938707,0,autumn,samcheonpo_coal,1,47.3624
2024-09-03,6933.493881792002,6579.295416432001,1663.624311408,11.6525,21.81875,108.4325,8,23.48,77.44,56.11,1.95,0.0,0.8301096173384491,0.5576002360134127,39.712820512820514,10772.233333333334,0.0,56.1,1.0,0.0,23625.8,35.14452819939783,62.599383964423076,28429.0,54.254452,14.565548,1008.5339,12.98,9.379628,0.257544,0.0019047841633205,1,autumn,samcheonpo_coal,1,44.61728
2024-09-04,8040.239628768,6567.0886709279985,1026.8219846879997,11.37875,17.4275,5.39875,8,21.61,84.08,81.43,3.65,0.0,0.9888345420295792,0.1490176113389025,23.035616438356165,10772.233333333334,0.0,56.1,1.0,0.0,23625.8,35.14452819939783,62.599383964423076,28976.0,61.792972,12.979984,1007.2172,20.78,16.80398,0.5411520000000001,0.0021280188910908,2,autumn,samcheonpo_coal,1,44.44784
2024-09-05,8454.16443816,7452.9610776,4172.711800176,10.91875,23.1775,67.33625,8,26.6,89.2,229.46,1.37,0.0,-0.7599523800599859,-0.6499787535305772,65.10948905109488,10772.233333333334,0.0,56.1,1.0,0.0,23625.8,35.14452819939783,62.599383964423076,31823.0,58.696684000000005,11.525623,1005.5977,21.01,17.420540000000003,0.0548639999999999,0.0018410778002745,3,autumn,samcheonpo_coal,1,41.22128
2024-09-06,8615.899392048,9075.105987552,35252.947217951994,11.87375,17.599999999999998,49.135,8,27.27,86.99,252.07,3.38,0.0,-0.951433341895538,-0.3078548293099982,25.736686390532544,10772.233333333334,0.0,56.1,1.0,0.0,23625.8,35.14452819939783,62.599383964423076,34290.0,53.663528,10.966713,1007.7937,7.44,9.47076,0.147168,0.0015625452408782,4,autumn,samcheonpo_coal,1,44.0456
2024-09-07,3530.810454624,327.394299744,1958.463904032,6.80625,23.23625,323.6975,8,25.54,94.99,88.24,2.1,9.25,0.9995282456369312,0.0307129642652527,45.23333333333333,10772.233333333334,0.0,56.1,1.0,0.0,23625.8,35.14452819939783,62.599383964423076,16653.0,48.816751999999994,10.594036,1010.31055,12.49,5.153975999999999,0.211536,0.0029228408337167,5,autumn,samcheonpo_coal,1,43.45124
2024-09-08,2991.67445736,4823.77239216,11697.321098304,13.89,27.69125,238.82625,8,26.2,89.73,116.01,2.73,0.0,0.8987175224115671,-0.4385280092655592,32.86813186813187,10772.233333333334,0.0,56.1,1.0,0.0,23625.8,35.14452819939783,62.599383964423076,13127.0,58.6698,9.021574,1010.27637,15.87,12.926047999999998,0.047952,0.0044495123031216,6,autumn,samcheonpo_coal,1,45.695800000000006
2024-09-09,7591.685148432,11639.55578904,10091.207785968,9.91375,30.12625,48.18625,8,26.43,82.27,73.25,2.57,0.0,0.9575713608048144,0.2881962681340894,32.011673151750976,10772.233333333334,0.0,56.1,1.0,0.0,23625.8,35.14452819939783,62.599383964423076,28478.0,58.46735699999999,13.281023,1009.8327,15.27,19.748389,0.244728,0.0020488645727782,0,autumn,samcheonpo_coal,1,38.474239999999995
2024-09-10,7701.938293536,6275.8919123999995,950.469410304,12.785,15.9825,32.2225,8,26.84,87.99,125.78,1.25,0.0,0.8112679583206136,-0.5846745246736026,70.392,10772.233333333334,0.0,56.1,1.0,0.0,23625.8,35.14452819939783,62.599383964423076,28813.0,64.11178699999999,14.20062,1010.18085,17.74,24.345291,0.122976,0.0022201592552916,1,autumn,samcheonpo_coal,1,39.643519999999995
2024-09-11,8389.22666544,7658.847796032,1013.685610608,10.17,20.70375,184.535,8,26.11,97.03,49.35,1.7,2.5,0.7587031106589781,0.6514365585967603,57.076470588235296,10772.233333333334,0.0,56.1,1.0,0.0,23625.8,35.14452819939783,62.599383964423076,31225.0,46.341043,8.435069,1012.64795,3.79,16.346171000000002,0.007992,0.0014819013657354,2,autumn,samcheonpo_coal,1,29.98688
2024-09-12,8604.950227056,7878.996847008,2364.33297024,10.215,21.25,211.525,8,26.59,95.82,60.65,2.14,0.0,0.8716418736727571,0.4901432893147118,44.77570093457943,10772.233333333334,0.0,56.1,1.0,0.0,23625.8,35.14452819939783,62.599383964423076,33642.0,88.24485,7.9932966,1012.08466,11.44,50.825242,0.1655279999999999,0.002616193579158,3,autumn,samcheonpo_coal,1,37.25408
2024-09-13,8713.411579008,7443.90210744,1493.4375576,11.13,18.50875,159.645,8,25.79,94.73,78.38,2.36,0.0,0.9795050004860918,0.2014198451561844,40.13983050847458,10772.233333333334,0.0,56.1,1.0,0.0,23625.8,35.14452819939783,62.599383964423076,32351.0,109.830783,8.587338,1007.04877,17.37,69.352807,0.204696,0.0033834865082232,4,autumn,samcheonpo_coal,1,40.27328
2024-09-14,5741.76635136,5690.047335264,3999.1916196,10.215,16.9525,190.70125,8,26.85,86.96,68.96,2.39,0.0,0.933330010983518,0.3590196242512463,36.38493723849372,10772.233333333334,0.0,56.1,1.0,0.0,23625.8,35.14452819939783,62.599383964423076,21386.0,106.842774,9.1641035,1003.05853,18.97,67.423862,0.029232,0.0049710861947609,5,autumn,samcheonpo_coal,1,39.38968
2024-09-15,5527.391014080001,5650.094615327999,1217.04897096,10.445,19.27375,88.06125,8,27.52,81.0,42.04,5.69,0.0,0.6696492562145995,0.7426775031271876,14.23550087873462,10772.233333333334,0.0,56.1,1.0,0.0,23625.8,35.14452819939783,62.599383964423076,18056.0,88.946898,17.935081,1005.64777,11.78,50.46587400000001,0.664704,0.0049020202979929,6,autumn,samcheonpo_coal,1,37.81632
2024-09-16,5416.5700176479995,5891.740183584,1574.435146464,7.69,17.36,111.0775,8,28.02,84.02,101.1,2.54,0.0,0.9812926639922452,-0.1925219665259073,33.07874015748031,10772.233333333334,0.0,56.1,1.0,0.0,23625.8,35.14452819939783,62.599383964423076,19301.0,63.275671,19.914215,1011.3632,7.14,27.520695,0.368136,0.0032676497729663,0,autumn,samcheonpo_coal,1,35.38684
2024-09-17,5754.841736688,6188.935264559999,1622.712715056,8.67625,21.85,105.9825,8,27.51,92.64,88.64,1.43,0.0,0.9997183030367048,0.0237342489540219,64.78321678321679,10772.233333333334,0.0,56.1,1.0,0.0,23625.8,35.14452819939783,62.599383964423076,21223.0,87.008235,11.525623,1011.8249,14.66,56.822619,0.096336,0.0040829751936508,1,autumn,samcheonpo_coal,1,30.08928
2024-09-18,5490.65995272,5443.157107152,1549.897352208,14.5775,20.88875,77.17500000000001,8,26.51,90.03,74.03,2.82,0.0,0.9614058875460664,0.2751340026092019,31.925531914893615,10772.233333333334,0.0,56.1,1.0,0.0,23625.8,35.14452819939783,62.599383964423076,18486.0,93.85762599999998,10.028439,1010.73926,14.3,63.898954,0.191952,0.0050515793979313,2,autumn,samcheonpo_coal,1,29.76672
2024-09-19,6374.347641648,10593.651226608,6681.911679072001,12.515,29.9825,26.29125,8,27.17,89.59,81.9,2.09,0.0,0.9900236577165576,0.1409012319375825,42.866028708133975,10772.233333333334,0.0,56.1,1.0,0.0,23625.8,35.14452819939783,62.599383964423076,26046.0,91.498791,11.246759,1011.01196,15.42,61.63642299999999,0.0542879999999999,0.0035006712666594,3,autumn,samcheonpo_coal,1,29.80808
2024-09-20,8953.485846047999,8557.479492912002,1261.418400288,10.40125,19.48625,14.77375,8,26.04,99.13,244.82,7.4,46.19,-0.9049756223482776,-0.4254634214069965,13.395945945945943,10772.233333333334,0.0,56.1,1.0,0.0,23625.8,35.14452819939783,62.599383964423076,33805.0,35.166739,20.275385,1008.26483,1.14,4.148003,3.024576,0.0010392011147944,4,autumn,samcheonpo_coal,1,27.99416
2024-09-21,8053.679182608,6430.558230000001,52765.753871088,11.7025,17.455,92.8725,8,21.96,90.65,61.61,3.32,75.25,0.8797315715528858,0.4754706741883139,27.304216867469883,10772.233333333334,0.0,56.1,1.0,0.0,23625.8,35.14452819939783,62.599383964423076,26014.0,37.859388,25.671307,1002.3813,1.48,7.861116,2.995632,0.0014532317035857,5,autumn,samcheonpo_coal,1,27.00264
2024-09-22,5274.564380064,5322.151931328,1288.2979598400002,8.92125,16.143749999999997,68.52875,8,21.09,79.49,34.91,7.5,0.5,0.5722890082365135,0.8200520050897185,10.598666666666666,10772.233333333334,0.0,56.1,1.0,0.0,23625.8,35.14452819939783,62.599383964423076,17926.0,48.114245,18.581022,1006.72003,7.03,18.527605,0.7034400000000001,0.0026768632013888,6,autumn,samcheonpo_coal,1,28.8832
2024-09-23,5064.722840304001,5043.88055088,2061.622310544,15.59125,14.20875,132.88375,8,18.19,69.81,51.27,8.79,0.0,0.7801029240842681,0.6256512030158455,7.941979522184301,10772.233333333334,0.0,56.1,1.0,0.0,23625.8,35.14452819939783,62.599383964423076,17045.0,90.809761,19.008545,1013.574,17.35,55.437745,0.411696,0.0052994146332481,0,autumn,samcheonpo_coal,1,34.96032
2024-09-24,5854.769207856001,6145.992477215998,6102.760286303999,13.80625,52.28000000000001,381.77375,8,21.52,80.44,52.15,6.36,0.0,0.7896198492701227,0.6135963605161202,12.647798742138365,10772.233333333334,0.0,56.1,1.0,0.0,23625.8,35.14452819939783,62.599383964423076,20630.0,94.995609,18.079027,1013.009,13.77,51.153481,0.068688,0.0045836250483328,1,autumn,samcheonpo_coal,1,43.77344
2024-09-25,6435.3127736159995,6683.833769039999,1135.89464904,11.915,128.38625000000002,42.92,8,20.6,89.16,65.84,3.74,0.0,0.9124060741357062,0.4092861540295106,23.83957219251337,10772.233333333334,0.0,56.1,1.0,0.0,23625.8,35.14452819939783,62.599383964423076,22170.0,98.567267,16.610792,1011.0251,16.47,54.523835000000005,0.5717519999999999,0.0044262958554171,2,autumn,samcheonpo_coal,1,43.47168
2024-09-26,6266.445439536,10735.063824384,6622.4857078079995,10.4375,34.73375,21.495,8,21.96,90.94,58.48,3.08,1.0,0.8524577260061624,0.5227961604415265,29.525974025974023,10772.233333333334,0.0,56.1,1.0,0.0,23625.8,35.14452819939783,62.599383964423076,24168.0,102.025976,11.966954,1009.89606,16.42,58.342232,0.023904,0.0042037851999371,3,autumn,samcheonpo_coal,1,43.65984
2024-09-27,5176.292418864,6237.5967005759985,2353.4030453759997,9.47125,49.90375,81.0125,8,23.55,79.67,32.21,4.69,0.5,0.5330239565223784,0.8461001487845453,16.987206823027716,10772.233333333334,0.0,56.1,1.0,0.0,23625.8,35.14452819939783,62.599383964423076,20844.0,100.118891,14.658676,1009.21796,14.84,57.250179,0.193032,0.0047802866055646,4,autumn,samcheonpo_coal,1,42.67568
2024-09-28,4446.3131773919995,1514.3915748959998,23134.049495424,12.80875,17.12625,106.89375,8,21.93,78.37,37.06,6.09,0.0,0.6026510221676312,0.798004853043081,12.86863711001642,10772.233333333334,0.0,56.1,1.0,0.0,23625.8,35.14452819939783,62.599383964423076,13102.0,90.564798,18.374111,1013.4477,14.97,50.47144599999999,1.075752,0.0068648363215718,5,autumn,samcheonpo_coal,1,39.0176
2024-09-29,2225.088943632,3323.685585888,30430.569942575992,8.9025,21.595,142.17125,8,20.95,64.98,33.16,7.18,0.0,0.5469789184088496,0.8371463807580398,9.050139275766018,10772.233333333334,0.0,56.1,1.0,0.0,23625.8,35.14452819939783,62.599383964423076,12819.0,89.281006,17.072504,1015.89746,17.88,48.754286,1.3176,0.0069165682059834,6,autumn,samcheonpo_coal,1,39.209120000000006
2024-09-30,5150.499967295999,6206.324666688,985.162562496,12.06,25.25625,34.18875,8,19.61,77.45,17.63,5.87,0.0,0.3028689387459977,0.9530322166342924,13.19420783645656,10772.233333333334,0.0,56.1,1.0,0.0,23625.8,35.14452819939783,62.599383964423076,20213.0,110.655913,15.986593,1012.89716,18.04,70.238345,0.924768,0.0054446854184939,0,autumn,samcheonpo_coal,1,39.4928
2024-10-01,5529.3577224480005,6534.355410288,939.533105232,14.82375,21.72875,31.64625,8,21.156914,79.541664,,2.4185894444444447,1.8,-0.55856127,0.8294633,32.887625546662754,8868.612903225807,0.0,38.38709677419355,1.0,0.0,21049.83870967742,36.41159582864017,58.58630174164233,22038.0,89.774675,4.7801675,1008.1092,10.21,49.879619000000005,0.564696,0.0040571036319087,1,autumn,samcheonpo_coal,1,39.33036
2024-10-02,3148.2495779039996,4461.933573792,4526.609209056,14.745,23.90875,31.49375,8,16.917334,53.375,,4.972536944444445,0.1,0.2849288,0.95854867,10.733957453977911,8868.612903225807,0.0,38.38709677419355,1.0,0.0,21049.83870967742,36.41159582864017,58.58630174164233,14749.0,106.46636999999998,6.438167222222222,1012.8371,18.64,67.220338,1.077192,0.0071668143798571,2,autumn,samcheonpo_coal,1,38.16884
2024-10-03,5065.555740768,7386.625567152,970.121519856,8.754999999999999,28.245,23.03875,8,15.519417,77.291664,,5.9022375,10.5,0.29904884,0.9542378,13.095315801846333,8868.612903225807,0.0,38.38709677419355,1.0,0.0,21049.83870967742,36.41159582864017,58.58630174164233,18615.0,65.20944300000001,6.9584480555555555,1016.08716,5.91,28.143747,1.535616,0.0034908303998933,3,autumn,samcheonpo_coal,1,35.530080000000005
2024-10-04,4705.257885696,5386.015933776,67251.055657536,15.1,36.098749999999995,256.295,8,17.42775,72.875,,3.761075555555556,0.3,0.61897945,0.7854072,19.37610636200992,8868.612903225807,0.0,38.38709677419355,1.0,0.0,21049.83870967742,36.41159582864017,58.58630174164233,13423.0,113.383143,5.197114444444444,1019.46124,19.67,72.841095,0.592128,0.0083761771369949,4,autumn,samcheonpo_coal,1,39.94992
2024-10-05,3997.831269024,7289.284714992,21108.299717808004,16.2125,25.1325,119.865,8,18.569416,76.583336,,3.492004722222222,0.0,0.6590168,0.75212824,21.93105167144915,8868.612903225807,0.0,38.38709677419355,1.0,0.0,21049.83870967742,36.41159582864017,58.58630174164233,12110.0,103.622403,4.825971388888889,1019.0184,17.08,63.445075,1.468368,0.008484166251492,5,autumn,samcheonpo_coal,1,38.70896
2024-10-06,4302.629898336,5238.936431712,2046.752101728,12.40375,15.0275,221.9875,8,17.367334,88.375,,3.8226597222222223,13.4,0.48284394,0.87570643,23.118720059295537,8868.612903225807,0.0,38.38709677419355,1.0,0.0,21049.83870967742,36.41159582864017,58.58630174164233,18386.0,52.775217999999995,4.6957425,1016.4881,4.35,13.117682,0.8962559999999999,0.0028621867437529,6,autumn,samcheonpo_coal,1,38.76128
2024-10-07,5092.294068288,6428.720566224,5072.582479392,14.475,14.95875,633.23,8,16.79,86.6,31.54,3.13,0.5,0.5230936924659779,0.8522751837888447,27.66773162939297,8868.612903225807,0.0,38.38709677419355,1.0,0.0,21049.83870967742,36.41159582864017,58.58630174164233,21995.0,57.83609999999999,19.35314,1013.8919,5.7,18.924075999999996,0.053784,0.0026226150567545,0,autumn,samcheonpo_coal,1,38.858239999999995
2024-10-08,5666.647224816001,6796.455325056,2952.900454608,15.11625,15.70875,343.98,8,19.52,72.03,86.23,2.22,0.0,0.9978360324471022,0.0657514437121013,32.445945945945944,8868.612903225807,0.0,38.38709677419355,1.0,0.0,21049.83870967742,36.41159582864017,58.58630174164233,23192.0,108.80880100000002,14.8257065,1012.41254,17.13,69.96640100000002,0.21888,0.0046697435238956,1,autumn,samcheonpo_coal,1,38.62352
2024-10-09,5525.690851872,5986.354477248,2650.877573472,10.64625,17.10625,204.825,8,18.513165,74.541664,,3.687305555555555,0.0,0.63033044,0.77632695,20.215754533195724,8868.612903225807,0.0,38.38709677419355,1.0,0.0,21049.83870967742,36.41159582864017,58.58630174164233,21005.0,89.12173200000001,4.614108888888889,1012.7029,11.96,50.240796,0.408456,0.0042249558020138,2,autumn,samcheonpo_coal,1,38.47248
2024-10-10,6811.391937599999,8428.953871152,13742.874988127998,9.12375,22.10625,85.42499999999998,8,18.129835,75.25,,2.1517741666666668,3.6,0.56126994,0.8276328,34.97114203047175,8868.612903225807,0.0,38.38709677419355,1.0,0.0,21049.83870967742,36.41159582864017,58.58630174164233,25936.0,104.079959,3.661966666666667,1011.8967,10.13,64.531135,0.540144,0.0039969139558662,3,autumn,samcheonpo_coal,1,39.00868
2024-10-11,6750.87707592,5965.944166368001,6006.860036208001,13.82625,13.785,20.86625,8,16.9,89.27,62.63,3.05,0.0,0.8880562234694231,0.4597348626732869,29.268852459016394,8868.612903225807,0.0,38.38709677419355,1.0,0.0,21049.83870967742,36.41159582864017,58.58630174164233,22590.0,110.21364899999998,13.18308,1014.315,15.67,70.65788099999999,0.007488,0.0048551811319562,4,autumn,samcheonpo_coal,1,39.54828
2024-10-12,3804.71054832,2300.239477872,24097.006803168,13.98375,17.34625,97.68125,8,18.35,76.57,29.42,2.73,0.0,0.4912078346912563,0.8710424003100695,28.047619047619044,8868.612903225807,0.0,38.38709677419355,1.0,0.0,21049.83870967742,36.41159582864017,58.58630174164233,13430.0,110.464849,13.004922,1018.9697,17.76,70.58667299999999,0.0477359999999999,0.0081581282645667,5,autumn,samcheonpo_coal,1,39.83044
2024-10-13,2022.654946464,6637.500229679999,18626.206830624,4.45125,31.59875,89.7525,8,18.825666,78.583336,,3.1869449999999997,0.0,0.82432336,0.56611925,24.65788898145403,8868.612903225807,0.0,38.38709677419355,1.0,0.0,21049.83870967742,36.41159582864017,58.58630174164233,12631.0,95.005233,3.9204588888888887,1019.7649,13.98,54.67972100000001,0.496872,0.0074654403530842,6,autumn,samcheonpo_coal,1,39.82864
2024-10-14,6577.724762208,11709.590990832,6274.676102687999,8.4925,151.9675,15.11625,8,19.08,93.15,19.54,4.6,4.41,0.3344648657410282,0.942408220244728,20.250000000000004,8868.612903225807,0.0,38.38709677419355,1.0,0.0,21049.83870967742,36.41159582864017,58.58630174164233,30165.0,52.631152,16.641972,1016.29956,3.1,12.957368,0.386424,0.0017417365290897,0,autumn,samcheonpo_coal,1,39.28736
2024-10-15,6237.83681208,6684.865457616001,859.625536464,9.81,20.81125,4.2875,8,21.26,86.77,17.58,5.7,0.25,0.302037146024729,0.9532961567221576,15.22280701754386,8868.612903225807,0.0,38.38709677419355,1.0,0.0,21049.83870967742,36.41159582864017,58.58630174164233,32850.0,60.477631,11.165805,1013.96136,4.98,21.040367,0.040464,0.0018376406346358,1,autumn,samcheonpo_coal,1,39.396800000000006
2024-10-16,6910.425632736,7577.780822064,1097.743801104,9.43,12.93,3.70125,8,18.97,82.71,28.31,4.86,0.0,0.4742418741136395,0.8803945960972176,17.018518518518515,8868.612903225807,0.0,38.38709677419355,1.0,0.0,21049.83870967742,36.41159582864017,58.58630174164233,33485.0,84.530448,17.595861,1017.8028,14.65,46.250824,0.387144,0.0025180706096243,2,autumn,samcheonpo_coal,1,37.892480000000006
2024-10-17,6514.374921408,6676.374540527998,970.224820272,8.55125,13.99625,3.98375,8,22.76,66.95,39.75,4.75,0.0,0.6394390019805848,0.7688418320734595,14.094736842105265,8868.612903225807,0.0,38.38709677419355,1.0,0.0,21049.83870967742,36.41159582864017,58.58630174164233,31468.0,66.72158,17.87718,1018.6192,7.8,27.554884,0.457416,0.0021158131943779,3,autumn,samcheonpo_coal,1,38.70928
2024-10-18,6528.7421411039995,7276.16724552,858.9741956639999,8.23875,15.12125,2.75875,8,21.154833,91.5,,3.339230277777778,24.999998,0.9939825,-0.10953877,27.401524419840932,8868.612903225807,0.0,38.38709677419355,1.0,0.0,21049.83870967742,36.41159582864017,58.58630174164233,31419.0,46.239135,5.554277222222223,1012.12427,4.29,8.045391,0.890424,0.0014695307034411,4,autumn,samcheonpo_coal,1,37.30332
2024-10-19,4312.381771728,4971.294883152001,4706.24178312,10.40125,10.095,24.78125,8,20.834,86.416664,,4.4902875,5.7,0.12903076,0.99164057,19.245240755742255,8868.612903225807,0.0,38.38709677419355,1.0,0.0,21049.83870967742,36.41159582864017,58.58630174164233,19386.0,83.410231,7.683749166666667,1012.18634,10.75,45.244783,1.093608,0.0042841683446163,5,autumn,samcheonpo_coal,1,37.071839999999995
2024-10-20,2641.7025231840003,5848.819788384,10367.469532368,7.855,22.50375,39.7575,8,14.563167,69.583336,,5.798822222222222,0.0,0.69178116,0.7221072,11.999563589541172,8868.612903225807,0.0,38.38709677419355,1.0,0.0,21049.83870967742,36.41159582864017,58.58630174164233,14388.0,79.102017,6.594695,1024.902,13.68,40.537145,1.462752,0.0054677168175802,6,autumn,samcheonpo_coal,1,37.10212
2024-10-21,5539.577546736001,4879.6596701280005,600.937998768,8.60125,12.345,4.858750000000001,8,15.734001,85.25,,3.9723655555555553,3.5,0.57233125,0.8200225,21.46076407312855,8868.612903225807,0.0,38.38709677419355,1.0,0.0,21049.83870967742,36.41159582864017,58.58630174164233,25607.0,67.320274,4.827007222222222,1020.416,8.49,24.178922,2.3904720000000004,0.0026220859318396,0,autumn,samcheonpo_coal,1,40.750879999999995
2024-10-22,5617.911029472,5008.143377375999,586.9239719039999,8.91,13.0225,3.145,8,19.033998,95.208336,,3.729603611111111,99.100006,0.46233892,0.88670325,25.527735901037445,8868.612903225807,0.0,38.38709677419355,1.0,0.0,21049.83870967742,36.41159582864017,58.58630174164233,26741.0,45.010600999999994,5.954829444444444,1011.7874,3.76,6.6813210000000005,1.1664,0.0016803771815993,1,autumn,samcheonpo_coal,1,37.162879999999994
2024-10-23,6895.458293616,5164.120531008,9598.349710799996,20.35875,10.20125,52.045,8,17.125668,65.666664,,5.024834722222222,0.0,-0.8081196,0.58901846,13.06842267061852,8868.612903225807,0.0,38.38709677419355,1.0,0.0,21049.83870967742,36.41159582864017,58.58630174164233,20502.0,116.088524,6.536818611111111,1012.19165,16.56,66.942196,8.771688,0.0056304212616445,2,autumn,samcheonpo_coal,1,40.37464
2024-10-24,4568.0212824479995,5268.378956544,943.248732624,12.545,12.60625,38.5025,8,14.234,56.166668,,3.982135,0.0,0.5876665,0.80910325,14.10466194641819,8868.612903225807,0.0,38.38709677419355,1.0,0.0,21049.83870967742,36.41159582864017,58.58630174164233,18334.0,112.723809,5.060631944444444,1017.22064,17.05,71.806097,1.144512,0.0061107766434386,3,autumn,samcheonpo_coal,1,39.7732
2024-10-25,5908.622027472,6996.986627615999,2381.1899327999995,8.39125,15.49125,68.61625,8,16.573584,75.708336,,3.99653,0.0,0.6840117,0.729471,18.943517501432495,8868.612903225807,0.0,38.38709677419355,1.0,0.0,21049.83870967742,36.41159582864017,58.58630174164233,23276.0,80.95630599999998,4.9406475,1020.6255,15.13,39.916394,2.923992,0.0034660469000921,4,autumn,samcheonpo_coal,1,38.11592
2024-10-26,3172.0482324,3951.57949344,34198.908142032,14.73875,11.78375,134.08625,8,17.621498,80.916664,,3.297669722222222,0.0,0.7156044,0.6985058,24.537528259643953,8868.612903225807,0.0,38.38709677419355,1.0,0.0,21049.83870967742,36.41159582864017,58.58630174164233,16564.0,93.615846,4.390899722222222,1017.50385,15.57,60.267422,0.728424,0.005620002698194,5,autumn,samcheonpo_coal,1,32.62
2024-10-27,4683.806525808,7460.893789487999,1157.085867744,20.2425,13.34625,57.92125,8,14.998585,88.25,,2.244558611111111,8.2,0.62469554,0.7808684,39.317307003319506,8868.612903225807,0.0,38.38709677419355,1.0,0.0,21049.83870967742,36.41159582864017,58.58630174164233,19154.0,45.573195,3.5383608333333334,1011.95386,5.36,13.735739,0.449136,0.0023736566712778,6,autumn,samcheonpo_coal,1,31.38832
2024-10-28,4874.621472,5685.718863023999,1100.852291088,24.0025,17.5675,59.78874999999999,8,16.01525,79.916664,,3.3420475,0.0,0.5390898,0.8422483,23.912485983517588,8868.612903225807,0.0,38.38709677419355,1.0,0.0,21049.83870967742,36.41159582864017,58.58630174164233,20118.0,60.034966,4.382921666666666,1010.7292,11.61,30.123150000000003,0.326016,0.0029752632553744,0,autumn,samcheonpo_coal,1,29.5858
2024-10-29,3960.03212208,5101.103211696,891.3334635360001,16.05,14.74,43.55375,8,16.031914,74.916664,,3.820168333333333,0.0,0.57968646,0.8148396,19.61082796962263,8868.612903225807,0.0,38.38709677419355,1.0,0.0,21049.83870967742,36.41159582864017,58.58630174164233,18330.0,74.557434,4.604345555555556,1014.69867,10.79,42.049026,0.676728,0.0040510310702861,1,autumn,samcheonpo_coal,1,31.83168
2024-10-30,4261.695677424,6315.9843808800015,1918.498681872,8.72875,15.933749999999998,27.66625,8,16.259,71.458336,,3.116770555555555,0.0,0.61403704,0.78927726,22.927044107442413,8868.612903225807,0.0,38.38709677419355,1.0,0.0,21049.83870967742,36.41159582864017,58.58630174164233,15269.0,47.091108000000006,4.237923888888888,1018.0351,15.42,16.562724000000003,0.165744,0.0030746166021043,2,autumn,samcheonpo_coal,1,30.36264
2024-10-31,3224.942995536,8519.344064784,2157.51442464,8.51,26.1425,33.52125,8,16.498583,75.75,,3.3100344444444443,0.0,0.79345673,0.60862666,22.88495822970624,8868.612903225807,0.0,38.38709677419355,1.0,0.0,21049.83870967742,36.41159582864017,58.58630174164233,15389.0,56.935377,4.604345555555556,1019.325,13.24,31.537057,0.6587999999999999,0.0036861074198705,3,autumn,samcheonpo_coal,1,24.73952
2024-11-01,5908.00609512,13054.960450367998,27079.333963776,7.3675,24.37625,45.68,8,14.70275,93.833336,,3.438492222222222,47.499996,0.683859,0.7296142,27.28909357234421,8558.866666666667,0.0,45.6,1.0,0.0,20034.233333333337,35.63762925792019,60.48416909722858,30987.0,46.387461,5.3907324999999995,1015.9443,1.16,3.733445,0.369936,0.0014947598311107,4,autumn,samcheonpo_coal,1,42.28408
2024-11-02,4185.783281664,5312.315273040001,17961.484783968004,12.295,26.272499999999997,65.55125,8,17.431917,81.75,,5.155781666666667,15.300001,0.43477154,0.90054077,15.855985626492458,8558.866666666667,0.0,45.6,1.0,0.0,20034.233333333337,35.63762925792019,60.48416909722858,16163.0,74.28202499999999,6.992137777777778,1011.9048,12.35,30.942185,2.11032,0.0045747819669345,5,autumn,samcheonpo_coal,1,41.229519999999994
2024-11-03,2762.745120432,5283.473600016001,12954.161624544002,10.2925,30.8975,66.90625,8,16.127748,75.916664,,2.446734722222222,0.0,0.7818587,0.6234557,31.02774620824012,8558.866666666667,0.0,45.6,1.0,0.0,20034.233333333337,35.63762925792019,60.48416909722858,11430.0,104.489811,3.7483330555555554,1019.3829,14.76,62.868891,0.60012,0.0090589018423989,6,autumn,samcheonpo_coal,1,41.0208
2024-11-04,5207.5787734079995,6523.284543696001,741.767146848,8.615,14.5825,16.14,8,12.6,93.0,43.0,2.9,0.0,0.6819983600624985,0.7313537016191705,32.06896551724138,8558.866666666667,0.0,45.6,1.0,0.0,20034.233333333337,35.63762925792019,60.48416909722858,20328.0,84.54941099999999,15.937878,1016.86273,12.91,44.439331,0.25848,0.0041420309289949,0,autumn,samcheonpo_coal,1,39.8516
2024-11-05,3588.2431813440003,3795.797532816,6504.677198064001,12.21625,20.08375,28.82625,8,12.811085,57.5,,4.4898541666666665,0.0,0.09390192,0.99558145,12.806652034912048,8558.866666666667,0.0,45.6,1.0,0.0,20034.233333333337,35.63762925792019,60.48416909722858,13393.0,92.193727,5.903388888888888,1016.67145,12.92,49.633367,1.58436,0.0068366631482208,1,autumn,samcheonpo_coal,1,40.976
2024-11-06,2114.460386784,402.154507872,483.45796152,6.8375,16.46125,62.39375,8,10.529833,48.583332,,5.075480555555556,0.0,0.08508642,0.9963736,9.5721639494454,8558.866666666667,0.0,45.6,1.0,0.0,20034.233333333337,35.63762925792019,60.48416909722858,10364.0,111.849898,6.500769444444444,1021.0513,15.12,70.501538,1.1451600000000002,0.0106769282768507,2,autumn,samcheonpo_coal,1,40.203199999999995
2024-11-07,2262.2298572160003,721.8288912959999,782.772503904,6.74125,27.495,91.2525,8,11.200667,62.208332,,3.351178611111111,0.0,0.63001186,0.7765855,18.56312038807574,8558.866666666667,0.0,45.6,1.0,0.0,20034.233333333337,35.63762925792019,60.48416909722858,10879.0,101.693657,4.604345555555556,1025.3939,13.98,62.634393,1.380384,0.0092611323270249,3,autumn,samcheonpo_coal,1,37.67888
2024-11-08,2156.877705312,661.0695351840001,1324.1869110720002,9.8575,31.161250000000003,203.01625,8,14.029834,74.041664,,2.8456981944444446,0.0,0.8085283,0.5884573,26.018804153071784,8558.866666666667,0.0,45.6,1.0,0.0,20034.233333333337,35.63762925792019,60.48416909722858,10388.0,70.999867,4.244996944444444,1024.4923,11.67,35.106091,0.057456,0.0067883992640651,4,autumn,samcheonpo_coal,1,35.83632
2024-11-09,2525.941443024,6833.826300959999,3318.570965232,5.30875,26.53125,54.02,8,14.573583,75.666664,,3.3314541666666666,0.0,0.75079256,0.6605381,22.712803542997364,8558.866666666667,0.0,45.6,1.0,0.0,20034.233333333337,35.63762925792019,60.48416909722858,13056.0,83.27386100000001,4.477722222222223,1022.5684,12.99,51.825221,0.14256,0.0063377825807538,5,autumn,samcheonpo_coal,1,31.30608
2024-11-10,4250.127265776,5074.3591414560005,817.864785504,7.109999999999999,14.81125,48.7675,8,13.963166,86.0,,2.9658358333333332,1.0,0.6767735,0.7361913,28.996884801726775,8558.866666666667,0.0,45.6,1.0,0.0,20034.233333333337,35.63762925792019,60.48416909722858,17800.0,47.342663,4.060788055555555,1018.64185,4.5,14.759543,0.4373999999999999,0.0026526449283762,6,autumn,samcheonpo_coal,1,32.145720000000004
2024-11-11,4481.407163232,7991.502424560001,13097.089290096,13.09875,25.18625,53.49625,8,15.002749,73.708336,,2.8263044444444447,0.0,0.7233171,0.69051605,26.07940420038102,8558.866666666667,0.0,45.6,1.0,0.0,20034.233333333337,35.63762925792019,60.48416909722858,19009.0,80.189953,4.477722222222223,1016.47906,13.57,55.139977,0.011736,0.0042008043922994,0,autumn,samcheonpo_coal,1,25.03824
2024-11-12,4583.279754288,712.956441168,4074.792477552001,20.00375,28.54875,190.0775,8,14.804832,70.625,,2.6575558333333333,0.0,0.5092602,0.86061263,26.575170731753204,8558.866666666667,0.0,45.6,1.0,0.0,20034.233333333337,35.63762925792019,60.48416909722858,14358.0,93.801104,4.499999722222221,1015.54266,13.3,57.433831999999995,0.149832,0.0064906168667127,1,autumn,samcheonpo_coal,1,36.21744
2024-11-13,3126.695442048,7046.246029968,20466.943767792,11.36625,25.47875,67.5025,8,14.356917,73.458336,,3.5720630555555557,0.0,0.76954895,0.6385878,20.56468065023426,8558.866666666667,0.0,45.6,1.0,0.0,20034.233333333337,35.63762925792019,60.48416909722858,15800.0,72.919856,4.89183,1018.7669,12.74,36.419536,0.4518,0.004593978717308,2,autumn,samcheonpo_coal,1,36.04852
2024-11-14,5188.0840453440005,9447.181185888,1543.5886392,7.62625,24.00125,33.33,8,13.848582,80.291664,,2.792492222222222,0.0,0.7375961,0.6752422,28.7526902890011,8558.866666666667,0.0,45.6,1.0,0.0,20034.233333333337,35.63762925792019,60.48416909722858,25948.0,77.71728100000001,4.140048055555556,1017.78076,6.72,38.765705,0.183096,0.0029861724908822,3,autumn,samcheonpo_coal,1,38.76848
2024-11-15,4572.076758048001,5192.7705583199995,688.746864384,7.0600000000000005,14.51125,22.3625,8,15.090251,81.833336,,2.815246944444444,0.0,0.6601895,0.7510991,29.06790687100767,8558.866666666667,0.0,45.6,1.0,0.0,20034.233333333337,35.63762925792019,60.48416909722858,26782.0,51.715124,4.252058333333333,1015.3802,6.34,15.764124,0.13068,0.0019272442806007,4,autumn,samcheonpo_coal,1,35.82032
2024-11-16,3976.326039312,5093.141729616001,3572.310587616,6.5600000000000005,14.76,17.4125,8,16.354834,85.041664,,2.6867941666666666,0.0,0.47243994,0.88136286,31.651722731520497,8558.866666666667,0.0,45.6,1.0,0.0,20034.233333333337,35.63762925792019,60.48416909722858,21301.0,88.757221,3.689173055555555,1013.5979,10.95,53.060573,0.153288,0.0041495197950568,5,autumn,samcheonpo_coal,1,35.54336
2024-11-17,3153.57521688,4456.711274400001,4383.486649728,11.415,20.35375,25.59125,8,12.663166,63.583332,,4.668179722222223,0.0,0.09350908,0.9956184,13.620583564364576,8558.866666666667,0.0,45.6,1.0,0.0,20034.233333333337,35.63762925792019,60.48416909722858,14014.0,53.441814,6.6068138888888885,1015.68976,3.32,17.597414,0.0,0.003798971746719,6,autumn,samcheonpo_coal,1,35.8444
2024-11-18,5931.33560064,12399.711303888,1659.581692848,8.7275,27.745,36.03125,8,5.7444167,40.291668,,6.071320555555555,0.0,0.2699157,0.96288395,6.63639279647838,8558.866666666667,0.0,45.6,1.0,0.0,20034.233333333337,35.63762925792019,60.48416909722858,29233.0,105.265896,7.831347222222222,1025.5006,13.85,67.589656,0.0,0.0035880067476773,0,autumn,samcheonpo_coal,1,37.67624
2024-11-19,6815.218689792,6879.911574672,811.1983694400002,8.1175,28.15625,14.486249999999998,8,7.6923337,69.875,,3.760795833333333,0.0,0.6480069,0.7616344,18.579844026807272,8558.866666666667,0.0,45.6,1.0,0.0,20034.233333333337,35.63762925792019,60.48416909722858,34130.0,78.21604099999999,5.243090555555556,1026.203,10.29,38.567401,0.0,0.0022864694524337,1,autumn,samcheonpo_coal,1,39.64864
2024-11-20,5497.454744207999,7213.525479072,9630.301362048,10.8825,32.926249999999996,41.17125,8,9.786084,65.75,,3.461001111111111,0.0,0.5444712,0.83877957,18.997393496615143,8558.866666666667,0.0,45.6,1.0,0.0,20034.233333333337,35.63762925792019,60.48416909722858,25158.0,66.31174299999999,4.518849166666667,1020.2653,9.46,25.481862999999997,0.0,0.0026288821544715,2,autumn,samcheonpo_coal,1,40.82988
2024-11-21,4882.831893359999,8545.659329088001,2094.0752916,7.57625,37.66375,19.8175,8,10.65275,70.416664,,2.687787222222222,0.0,-0.2628955,0.9648243,26.198749446312405,8558.866666666667,0.0,45.6,1.0,0.0,20034.233333333337,35.63762925792019,60.48416909722858,23546.0,91.158084,4.080441388888889,1017.6028,12.33,50.82796400000001,0.0,0.0038565585454921,3,autumn,samcheonpo_coal,1,40.33012
2024-11-22,4399.895470752001,4673.961113328,12029.599256688,12.1325,31.82,54.8525,8,9.706917,62.166668,,3.5334406944444443,0.0,-0.13407107,0.99097174,17.59380540834982,8558.866666666667,0.0,45.6,1.0,0.0,20034.233333333337,35.63762925792019,60.48416909722858,14519.0,97.141382,4.664761111111111,1018.21747,13.03,57.31498199999999,0.0,0.0066461714799523,4,autumn,samcheonpo_coal,1,39.8264
2024-11-23,2046.706053264,464.783360976,739.4974884000001,9.25375,40.9975,161.78125,8,8.011084,62.0,,3.6785366666666666,0.0,0.5776341,0.8162958,16.8545282046031,8558.866666666667,0.0,45.6,1.0,0.0,20034.233333333337,35.63762925792019,60.48416909722858,10299.0,75.8348,4.992994722222222,1022.7784,10.96,38.0628,0.0,0.0073094947015445,5,autumn,samcheonpo_coal,1,37.772
2024-11-24,2878.302071088,43890.953023152,13446.906833952,30.856250000000003,155.7975,55.517500000000005,8,9.371499,76.291664,,3.1678524999999995,0.0,0.65918005,0.7519852,24.08308593913385,8558.866666666667,0.0,45.6,1.0,0.0,20034.233333333337,35.63762925792019,60.48416909722858,12596.0,84.333751,4.580393333333332,1025.4535,8.78,43.304871,0.0,0.0066507516802031,6,autumn,samcheonpo_coal,1,41.02888
2024-11-25,5826.101613984001,6612.3619128,750.717980064,7.635000000000001,23.78875,15.645,8,11.075665,77.083336,,3.5415172222222218,0.6,0.95450366,0.29819915,21.765625059316232,8558.866666666667,0.0,45.6,1.0,0.0,20034.233333333337,35.63762925792019,60.48416909722858,20905.0,80.473057,4.3680658333333335,1022.7561,10.54,40.097936999999995,0.0,0.0038347030243932,0,autumn,samcheonpo_coal,1,40.37512
2024-11-26,6366.0371796,10404.859162607998,3917.553235776,8.89875,22.40625,15.81125,8,11.008999,75.416664,,5.858226944444445,34.1,-0.99663603,0.08195498,12.87363304890743,8558.866666666667,0.0,45.6,1.0,0.0,20034.233333333337,35.63762925792019,60.48416909722858,27656.0,76.915231,8.352245277777778,1010.4831,8.4,37.596351000000006,0.0,0.0027734275448267,1,autumn,samcheonpo_coal,1,39.31888
2024-11-27,6271.760803824,5504.00066568,969.446234592,13.9825,20.755,14.25125,8,5.398583,73.125,,5.785209444444445,0.1,-0.99994093,-0.0108688,12.6399918105337,8558.866666666667,0.0,45.6,1.0,0.0,20034.233333333337,35.63762925792019,60.48416909722858,27811.0,76.110276,7.206246666666667,1011.0909,8.61,33.714276,0.0,0.0027292277775191,2,autumn,samcheonpo_coal,1,42.396
2024-11-28,6680.98039752,6460.37525808,721.6729343999999,8.9725,22.68375,9.8025,8,6.388167,72.875,,5.836736944444445,0.1,-0.99627054,-0.08628449,12.48557210880718,8558.866666666667,0.0,45.6,1.0,0.0,20034.233333333337,35.63762925792019,60.48416909722858,30863.0,89.951291,7.368174722222221,1009.95404,10.7,39.531011,0.0,0.002906065084209,3,autumn,samcheonpo_coal,1,50.42028
2024-11-29,6566.974517376,5738.603992704,712.052156016,10.29375,29.53875,12.495,8,6.1464996,75.916664,,3.824736805555556,0.0,-0.96222913,0.27224085,19.84885963649278,8558.866666666667,0.0,45.6,1.0,0.0,20034.233333333337,35.63762925792019,60.48416909722858,29378.0,88.150477,5.922837222222221,1009.59796,9.71,37.758597,0.0,0.0029915844307116,4,autumn,samcheonpo_coal,1,50.39188
2024-11-30,5708.00611368,6841.356928991999,2066.070378096,11.755,50.59375,9.5675,8,7.436083,72.5,,2.4634030555555557,0.0,-0.81422085,0.5805553,29.430831400689943,8558.866666666667,0.0,45.6,1.0,0.0,20034.233333333337,35.63762925792019,60.48416909722858,22933.0,105.862949,4.808325833333333,1012.84467,11.53,55.300669,0.0,0.0045949728176405,5,autumn,samcheonpo_coal,1,50.56228
2024-12-01,4597.562567088,5713.22263896,725.031742176,8.815,87.425,11.51125,8,9.606915,74.541664,,1.243649861111111,0.0,-0.55935735,-0.8289266,59.93782199549511,13151.32258064516,0.0,51.806451612903224,1.0,0.0,30646.870967741936,35.84222839146869,67.06113852595593,18166.0,90.455894,2.801785277777778,1013.49164,10.67,40.472614,0.0,0.0049547346169049,6,winter,samcheonpo_coal,1,49.98328
2024-12-02,5524.79941008,7120.038332448001,568.63399824,8.504999999999999,53.6175,6.9487499999999995,8,11.742333,77.0,,2.4201533333333334,0.0,-0.98945165,-0.14486372,31.81616591786195,13151.32258064516,0.0,51.806451612903224,1.0,0.0,30646.870967741936,35.84222839146869,67.06113852595593,26412.0,99.767462,4.687216666666666,1013.4278,11.73,51.999542,0.0,0.0037631388455333,0,winter,samcheonpo_coal,1,47.76792
2024-12-03,6831.741952943999,7340.28765552,1495.771860672,9.4325,133.30875,109.87375,8,7.1194158,47.166668,,3.719602777777778,0.0,0.12618533,0.99200666,12.68056586090062,13151.32258064516,0.0,51.806451612903224,1.0,0.0,30646.870967741936,35.84222839146869,67.06113852595593,31114.0,94.749435,5.092150277777778,1017.57733,10.66,47.607515,0.0,0.0030359894810056,1,winter,samcheonpo_coal,1,47.14192
2024-12-04,6336.119528352,6769.469389248,881.1751344479999,13.7275,34.385,18.41375,8,4.8610826,62.708332,,2.5778674999999995,0.0,-0.06374071,0.99796647,24.325661423637953,13151.32258064516,0.0,51.806451612903224,1.0,0.0,30646.870967741936,35.84222839146869,67.06113852595593,32049.0,102.223545,5.069516666666667,1018.5102,10.44,53.457865,0.0,0.0031794604910424,2,winter,samcheonpo_coal,1,48.76568
2024-12-05,7196.112223200001,7116.204460320002,1105.408904688,9.08375,43.73625,43.5975,8,6.9985843,68.0,,3.744456944444445,0.0,-0.9579568,0.2869125,18.160176764988545,13151.32258064516,0.0,51.806451612903224,1.0,0.0,30646.870967741936,35.84222839146869,67.06113852595593,34129.0,103.989329,5.993329722222223,1014.8318,9.21,53.320969,0.0,0.003037693495026,3,winter,samcheonpo_coal,1,50.66836
2024-12-06,6312.22872912,6602.347224144,1114.689846384,8.59125,65.3,50.2825,8,7.2131667,66.166664,,3.850133611111111,0.0,-0.89045787,0.45506567,17.18555008300217,13151.32258064516,0.0,51.806451612903224,1.0,0.0,30646.870967741936,35.84222839146869,67.06113852595593,30900.0,88.200199,5.651548055555556,1016.4122,8.36,37.314799,0.0,0.0028462511031165,4,winter,samcheonpo_coal,1,50.8854
2024-12-07,6845.983444368,6427.4795893440005,985.744927008,15.635,40.9875,22.1175,8,4.888167,64.291664,,3.2790905555555554,0.0,-0.4518411,0.8920984,19.60655337531765,13151.32258064516,0.0,51.806451612903224,1.0,0.0,30646.870967741936,35.84222839146869,67.06113852595593,31188.0,89.062034,4.652955555555556,1019.9388,8.93,38.415873999999995,0.0,0.0028475191788533,5,winter,samcheonpo_coal,1,50.64616
2024-12-08,7345.668832272,9153.87058368,34412.404217184005,21.96,43.82,140.5725,8,2.9735832,55.583332,,4.817105,0.0,-0.107004255,0.9942586,11.53874204527408,13151.32258064516,0.0,51.806451612903224,1.0,0.0,30646.870967741936,35.84222839146869,67.06113852595593,21723.0,111.654014,6.6483075000000005,1021.24945,12.07,60.932974,0.0,0.0051136149869106,6,winter,samcheonpo_coal,1,50.72104
2024-12-09,5739.342365952,9089.203067712,11282.489815968,9.405,45.77,28.99125,8,3.7089996,68.708336,,2.4401005555555555,0.0,0.27308273,0.96199054,28.157993671025853,13151.32258064516,0.0,51.806451612903224,1.0,0.0,30646.870967741936,35.84222839146869,67.06113852595593,28347.0,109.891733,3.848376388888889,1021.07635,11.64,56.810373,0.0,0.0038616913621864,0,winter,samcheonpo_coal,1,53.08136
2024-12-10,6774.631682832,7495.607285424,1178.76734424,9.13125,36.245,9.41,8,4.8735833,64.916664,,2.886194166666667,0.0,0.49648225,0.8680469,22.49213332551835,13151.32258064516,0.0,51.806451612903224,1.0,0.0,30646.870967741936,35.84222839146869,67.06113852595593,31720.0,107.640738,4.148493611111111,1019.3489,11.83,54.615938,0.0,0.0033819892239604,1,winter,samcheonpo_coal,1,53.024800000000006
2024-12-11,6974.228250144,10828.846365552,2266.5148884,9.0675,31.91625,9.6325,8,5.042333,52.416668,,3.2532049999999995,0.0,0.5537938,0.8326538,16.11231631575631,13151.32258064516,0.0,51.806451612903224,1.0,0.0,30646.870967741936,35.84222839146869,67.06113852595593,35263.0,93.151608,4.244996944444444,1017.6865,9.5,42.839208,0.0,0.0026346647970284,2,winter,samcheonpo_coal,1,50.3124
2024-12-12,7149.823326287999,15938.016642,3840.576043824,9.48,27.90625,7.6,8,4.084,44.583332,,4.098413888888889,0.0,0.29857492,0.9543862,10.878191712376536,13151.32258064516,0.0,51.806451612903224,1.0,0.0,30646.870967741936,35.84222839146869,67.06113852595593,39162.0,100.2751,5.0,1019.46265,11.97,55.23046,0.0,0.0025539808822744,3,winter,samcheonpo_coal,1,45.04464
2024-12-13,9389.176875792002,14248.789545024,1305.481342608,10.7125,16.00125,1.47375,8,3.5965002,46.625,,3.6019780555555556,0.0,0.060628243,0.9981604,12.944276528305704,13151.32258064516,0.0,51.806451612903224,1.0,0.0,30646.870967741936,35.84222839146869,67.06113852595593,46791.0,58.842703,5.522680277777778,1017.35156,8.38,26.253583,0.0,0.0012559850707082,4,winter,samcheonpo_coal,1,32.58912
2024-12-14,8377.201601568,13747.810415472,4731.937030656,13.76375,20.00875,15.80375,8,2.7444165,59.333332,,4.350390694444444,0.0,-0.44842747,0.8938192,13.638621486518469,13151.32258064516,0.0,51.806451612903224,1.0,0.0,30646.870967741936,35.84222839146869,67.06113852595593,35458.0,84.562572,6.2128894444444445,1020.9639,11.5,56.637572,0.0,0.0023791917599834,5,winter,samcheonpo_coal,1,27.925
2024-12-15,7171.691540832,11626.334309952004,1750.191813792,12.38,26.08875,23.2175,8,4.4152503,70.083336,,4.438707777777777,0.0,-0.9568512,0.29057842,15.789130420089734,13151.32258064516,0.0,51.806451612903224,1.0,0.0,30646.870967741936,35.84222839146869,67.06113852595593,29284.0,55.656159,6.673080000000001,1018.49176,10.62,27.941319000000004,0.0,0.0018969601653946,6,winter,samcheonpo_coal,1,27.71484
2024-12-16,9165.934516464002,14960.36127672,1374.6165066719998,11.7425,18.71125,1.71875,8,3.8194168,65.875,,2.8793719444444443,0.0,-0.6057719,0.7956384,22.87825306039444,13151.32258064516,0.0,51.806451612903224,1.0,0.0,30646.870967741936,35.84222839146869,67.06113852595593,41075.0,88.79187999999999,5.316013333333333,1019.0274,10.67,53.04116,0.0,0.0021570384054716,0,winter,samcheonpo_coal,1,35.75072
2024-12-17,7265.564949312,9381.344992992,6503.640314976,11.20625,16.95625,15.62,8,4.4340005,67.083336,,2.981709166666666,0.0,-0.27001968,0.9628548,22.498282780206324,13151.32258064516,0.0,51.806451612903224,1.0,0.0,30646.870967741936,35.84222839146869,67.06113852595593,33804.0,96.470967,4.219004166666667,1020.6591,9.32,52.709047,0.0,0.0028457117039438,1,winter,samcheonpo_coal,1,43.76192
2024-12-18,10662.457059936,12337.360650576,18552.477279888,28.7025,55.1525,86.13374999999999,8,1.4694166,60.583332,,4.222338194444444,0.0,-0.010213499,0.99994785,14.348289788750868,13151.32258064516,0.0,51.806451612903224,1.0,0.0,30646.870967741936,35.84222839146869,67.06113852595593,22612.0,97.89081,5.9774575,1020.8176,11.32,58.76281,0.0,0.0043104923233226,2,winter,samcheonpo_coal,1,39.128
2024-12-19,7870.104218591999,16575.499839744,23721.417092448,11.06375,29.3775,43.0775,8,0.6590002,49.958332,,3.68368625,0.0,0.48753086,0.87310576,13.562048613667898,13151.32258064516,0.0,51.806451612903224,1.0,0.0,30646.870967741936,35.84222839146869,67.06113852595593,34817.0,96.064946,5.333853888888889,1024.5712,11.94,58.856786,0.0,0.0027515471972622,3,winter,samcheonpo_coal,1,37.20816000000001
2024-12-20,11288.408400432,13439.6046576,1517.311310832,13.005,15.31375,1.73625,8,3.8131669,59.583332,,2.1931290555555556,0.0,-0.9377143,0.34740752,27.168183217064065,13151.32258064516,0.0,51.806451612903224,1.0,0.0,30646.870967741936,35.84222839146869,67.06113852595593,46832.0,57.531447,4.804164444444445,1020.03613,8.55,27.949287,0.0,0.0012269571741195,4,winter,samcheonpo_coal,1,29.58216
2024-12-21,10348.989267312,13187.701508688002,1371.651257952,12.7175,15.9975,1.67125,8,3.6569166,71.208336,,5.209003611111111,0.0,-0.8650764,0.5016401,13.670241243086958,13151.32258064516,0.0,51.806451612903224,1.0,0.0,30646.870967741936,35.84222839146869,67.06113852595593,43660.0,76.633464,8.045495833333334,1015.3889,9.51,45.832263999999995,0.0,0.0017521573548425,5,winter,samcheonpo_coal,1,30.8012
2024-12-22,13136.613964847998,17158.162881887998,25768.358506368,29.14,40.43125,72.97875,8,-0.005583264,48.708332,,5.857261666666666,0.0,-0.14530326,0.98938715,8.31588799885726,13151.32258064516,0.0,51.806451612903224,1.0,0.0,30646.870967741936,35.84222839146869,67.06113852595593,28319.0,98.429285,7.283542499999999,1021.8472,11.96,63.147324999999995,0.0,0.0034636942002334,6,winter,samcheonpo_coal,1,35.28196
2024-12-23,8771.612459472,11604.285895536,1122.4793789280002,11.96625,15.79625,1.52625,8,2.7673333,62.291668,,3.3964938888888887,0.0,-0.23022248,0.97313803,18.339991190261724,13151.32258064516,0.0,51.806451612903224,1.0,0.0,30646.870967741936,35.84222839146869,67.06113852595593,39013.0,96.123085,5.162363611111111,1022.7241,11.18,58.967621,0.009144,0.0024578174455889,0,winter,samcheonpo_coal,1,37.14632
2024-12-24,9796.3258248,14602.174186608,72356.13660888001,16.97,29.8275,208.3375,8,3.3694165,58.958332,,2.4469744444444443,0.0,0.3544089,0.93509054,24.094379953112167,13151.32258064516,0.0,51.806451612903224,1.0,0.0,30646.870967741936,35.84222839146869,67.06113852595593,30886.0,93.442573,4.429447222222222,1023.5214,11.92,58.799213,0.0,0.0030162767706298,1,winter,samcheonpo_coal,1,34.64336
2024-12-25,4837.56947136,6025.84059096,833.5762925759999,17.55375,41.42625,38.8375,8,4.0694165,61.166668,,2.6607819444444445,0.0,-0.72214586,0.6917409,22.988230256038975,13151.32258064516,0.0,51.806451612903224,1.0,0.0,30646.870967741936,35.84222839146869,67.06113852595593,20521.0,74.131309,4.701063333333333,1022.6215,10.71,39.552349,0.0,0.0035994579441018,2,winter,samcheonpo_coal,1,34.57896
2024-12-26,5307.7913307359995,9624.703014288,1568.216736864,9.205,31.68125,7.38875,8,5.3298335,64.541664,,4.184498888888889,0.0,-0.93838096,0.34560266,15.423988800995415,13151.32258064516,0.0,51.806451612903224,1.0,0.0,30646.870967741936,35.84222839146869,67.06113852595593,24949.0,75.889919,5.966573333333333,1019.7994,11.26,46.689759,0.0,0.003032577535631,3,winter,samcheonpo_coal,1,29.20016
2024-12-27,8584.442638992,16803.1571112,4644.311924016,16.245,29.2275,9.925,8,1.434,64.25,,3.9552366666666665,0.0,-0.5154354,0.85692847,16.244287109663055,13151.32258064516,0.0,51.806451612903224,1.0,0.0,30646.870967741936,35.84222839146869,67.06113852595593,30631.0,76.482977,5.234500555555555,1021.7885,10.93,53.544177000000005,0.0,0.0024906950874901,4,winter,samcheonpo_coal,1,22.9388
2024-12-28,6016.628565792,9449.455567968,3065.371258608,30.06875,32.65125,22.65625,8,0.7256666,66.791664,,3.707922777777778,0.0,-0.60335886,0.7974698,18.01322950960413,13151.32258064516,0.0,51.806451612903224,1.0,0.0,30646.870967741936,35.84222839146869,67.06113852595593,23063.0,76.35372699999999,6.5069188888888885,1020.0603,11.01,53.385727,0.0,0.0032997346382629,5,winter,samcheonpo_coal,1,22.968
2024-12-29,5026.0218127200005,6152.284036800001,535.473311328,14.6825,52.275,26.63125,8,2.7819166,72.0,,2.289521388888889,0.0,-0.9033664,0.42886963,31.447620602898933,13151.32258064516,0.0,51.806451612903224,1.0,0.0,30646.870967741936,35.84222839146869,67.06113852595593,20345.0,79.728487,4.459820277777777,1022.5745,10.52,57.192487,0.0,0.0039035273859697,6,winter,samcheonpo_coal,1,22.536
2024-12-30,5539.511627568,7518.803773535999,1435.598471088,14.09625,35.205,13.40375,8,6.4381676,73.25,,2.7470080555555554,0.0,-0.963704,-0.26697314,26.665375025697152,13151.32258064516,0.0,51.806451612903224,1.0,0.0,30646.870967741936,35.84222839146869,67.06113852595593,22777.0,62.10805,5.594640277777778,1017.9583,10.53,39.85425,0.0,0.0027193728347022,0,winter,samcheonpo_coal,1,22.2538
2024-12-31,6276.056654016001,10450.925525375998,11244.414116016,23.2875,36.20125,68.50874999999999,8,4.7860837,54.958332,,4.424387222222222,0.0,-0.249389,0.9684034,12.421682199054056,13151.32258064516,0.0,51.806451612903224,1.0,0.0,30646.870967741936,35.84222839146869,67.06113852595593,15043.0,80.369388,7.2180325,1015.79034,12.11,58.381508,0.0,0.0053142514698987,1,winter,samcheonpo_coal,1,21.98788
2025-01-01,11353.939585632,15958.559348351995,12593.821745664,40.1275,68.16874999999999,53.94125,8,3.0527499,60.541668,,2.1235048888888888,0.0,0.751338,0.6599176,28.51025600024781,13937.741935483871,0.0,30.93548387096774,1.0,0.0,32685.83870967742,36.252886906729856,68.06183237092911,15974.0,80.585914,3.1144819444444445,1019.3986,11.79,58.885434,0.0,0.0050194950172914,2,winter,samcheonpo_coal,1,21.70048
2025-01-02,6635.377244592,11330.794442016,8069.882967216,19.7525,31.33875,32.43875,8,4.0152497,59.208332,,2.3645691666666666,0.0,0.4213622,0.9068924,25.039797031383095,13937.741935483871,0.0,30.93548387096774,1.0,0.0,32685.83870967742,36.252886906729856,68.06183237092911,25569.0,75.4889,4.24852875,1019.7649,11.81,53.731939999999994,0.0,0.0029436695070963,3,winter,samcheonpo_coal,1,21.75696
2025-01-03,6372.247931135999,7482.860968751999,1501.9020986399998,18.4075,38.90125,11.12,8,1.7923332,50.125,,4.364056944444444,0.0,-0.25192556,0.9677466,11.48587212268401,13937.741935483871,0.0,30.93548387096774,1.0,0.0,32685.83870967742,36.252886906729856,68.06183237092911,20887.0,84.213064,5.966573888888889,1022.16724,12.18,61.929944000000006,0.0,0.0040156505845893,4,winter,samcheonpo_coal,1,22.28312
2025-01-04,6453.164596895999,5989.115066832001,866.3258498400002,13.355,31.365,6.907500000000001,8,1.8673334,62.291668,,2.336055,0.0,0.1399949,0.99015224,26.665325944808664,13937.741935483871,0.0,30.93548387096774,1.0,0.0,32685.83870967742,36.252886906729856,68.06183237092911,28522.0,82.349853,3.5468294444444446,1023.24335,12.01,59.683773,0.0,0.0028789276254556,5,winter,samcheonpo_coal,1,22.66608
2025-01-05,6558.145587360001,5950.245670992,997.310292192,9.9575,31.97125,9.58125,8,3.5110834,72.333336,,1.4892020555555556,0.1,0.98354745,-0.18064983,48.571874938096045,13937.741935483871,0.0,30.93548387096774,1.0,0.0,32685.83870967742,36.252886906729856,68.06183237092911,28585.0,36.014903,2.6907247222222224,1019.07294,6.87,13.176023,0.0,0.0012583377326785,6,winter,samcheonpo_coal,1,22.83888
2025-01-06,7613.848009584,14481.260506944,1897.894322352,10.5925,22.60875,2.9075,8,4.2381673,77.25,,3.6323041666666662,0.0,-0.8477168,0.53044903,21.26749205336833,13937.741935483871,0.0,30.93548387096774,1.0,0.0,32685.83870967742,36.252886906729856,68.06183237092911,37183.0,57.47759599999999,7.220110277777778,1013.2546,10.76,34.729316,0.0,0.0015434172628917,0,winter,samcheonpo_coal,1,22.74828
2025-01-07,8906.533375248,12417.95580624,1380.60518616,11.43,16.00375,1.78375,8,0.47774997,68.083336,,3.7825966666666666,0.0,-0.8789606,0.47689435,17.999100089092238,13937.741935483871,0.0,30.93548387096774,1.0,0.0,32685.83870967742,36.252886906729856,68.06183237092911,41084.0,73.57571,7.527283333333333,1015.76855,10.47,50.78911,0.0,0.0017876589845432,1,winter,samcheonpo_coal,1,22.7866
2025-01-08,10273.605869664,13396.446644112,1493.675802144,12.51,16.2075,1.81625,8,1.77775,69.916664,,3.446075555555556,0.0,-0.9389761,0.34398237,20.288778604196462,13937.741935483871,0.0,30.93548387096774,1.0,0.0,32685.83870967742,36.252886906729856,68.06183237092911,43860.0,76.35390100000001,6.4070277777777775,1016.7744,10.75,53.645021,0.0,0.0017378297063986,2,winter,samcheonpo_coal,1,22.70888
2025-01-09,11863.756189728,15023.385400896,1753.606377072,13.14,16.3425,1.915,8,-3.5909998,56.208332,,5.060512777777778,0.0,-0.5883804,0.8085843,11.10724040591846,13937.741935483871,0.0,30.93548387096774,1.0,0.0,32685.83870967742,36.252886906729856,68.06183237092911,48436.0,80.374313,7.338937222222222,1020.3018,11.25,57.241513,0.0,0.001656643022858,3,winter,samcheonpo_coal,1,23.1328
2025-01-10,11271.011674752,13045.815039456,1593.298633536,13.885,16.24625,1.9775,8,-4.313917,53.916668,,4.6644644444444445,0.0,0.07718753,0.9970166,11.559026473921742,13937.741935483871,0.0,30.93548387096774,1.0,0.0,32685.83870967742,36.252886906729856,68.06183237092911,43865.0,86.742751,6.067124444444444,1026.9656,12.55,64.075551,0.0,0.0019735907058662,4,winter,samcheonpo_coal,1,22.6672
2025-01-11,10597.846793616,12016.736351136,1387.298144448,14.02375,16.48625,1.8875,8,-1.3305835,67.541664,,2.6063280555555552,0.0,-0.2068692,0.9783686,25.91449063982203,13937.741935483871,0.0,30.93548387096774,1.0,0.0,32685.83870967742,36.252886906729856,68.06183237092911,40835.0,73.216048,5.0289166666666665,1025.336,11.67,50.669408,0.0,0.0017897638927615,5,winter,samcheonpo_coal,1,22.54664
2025-01-12,9091.226111184,11489.307787296,10003.007290464,13.6075,23.27625,26.78125,8,-0.13475008,66.583336,,3.1295488888888885,0.0,-0.4622421,0.88675374,21.275697668886608,13937.741935483871,0.0,30.93548387096774,1.0,0.0,32685.83870967742,36.252886906729856,68.06183237092911,35058.0,81.889744,6.381222222222222,1020.74097,11.26,59.432784,0.0,0.0023303927415988,6,winter,samcheonpo_coal,1,22.45696
2025-01-13,12724.797955968,14808.501259056,1816.743383856,14.26125,16.34625,2.015,8,1.4319166,68.0,,2.3075686111111113,0.0,-0.76399595,0.645221,29.46824621923484,13937.741935483871,0.0,30.93548387096774,1.0,0.0,32685.83870967742,36.252886906729856,68.06183237092911,47957.0,80.25088400000001,3.667423888888889,1022.9008,12.6,57.94512400000001,0.0,0.0016705969330715,0,winter,samcheonpo_coal,1,22.30576
2025-01-14,12149.655960672,13819.47730344,1830.684958704,14.3925,16.353749999999998,2.15375,8,4.979833,68.666664,,2.524719722222222,0.0,-0.9970052,0.077334374,27.19773739461289,13937.741935483871,0.0,30.93548387096774,1.0,0.0,32685.83870967742,36.252886906729856,68.06183237092911,45178.0,72.383162,4.903059999999999,1021.4216,12.03,50.017482,0.0,0.0015996143444987,1,winter,samcheonpo_coal,1,22.36568
2025-01-15,11315.722681296,13112.088299712,1653.33502872,14.06875,16.47375,2.03875,8,0.59233326,51.708332,,4.962506944444444,0.0,-0.19595253,0.98061335,10.41980043128963,13937.741935483871,0.0,30.93548387096774,1.0,0.0,32685.83870967742,36.252886906729856,68.06183237092911,42646.0,86.584293,6.453681388888889,1023.5246,13.05,64.115933,0.0,0.0020261890178774,2,winter,samcheonpo_coal,1,22.46836
2025-01-16,11829.99597624,14237.832416975998,1808.5248972,13.79125,16.5025,2.0825,8,0.8485834,63.875,,3.348545,0.0,-0.74464214,0.6674639,19.07544918763224,13937.741935483871,0.0,30.93548387096774,1.0,0.0,32685.83870967742,36.252886906729856,68.06183237092911,45656.0,84.516817,5.8694125,1021.9043,12.73,61.875657,0.0,0.0018477451257959,3,winter,samcheonpo_coal,1,22.64116
2025-01-17,9985.489069392,13442.733519408,11791.404032256,14.21125,22.5075,25.1125,8,2.2777498,68.5,,2.3730566666666664,0.0,0.41524857,0.90970796,28.865724515638764,13937.741935483871,0.0,30.93548387096774,1.0,0.0,32685.83870967742,36.252886906729856,68.06183237092911,39188.0,80.09806,3.44093,1022.52246,12.93,57.6555,0.0,0.0020397743704727,4,winter,samcheonpo_coal,1,22.44256
2025-01-18,10680.088591151998,12265.350705648,15735.334012704,27.165,51.265,69.87,8,3.994417,51.875,,2.432092777777778,0.0,0.671814,0.7407199,21.32936723219851,13937.741935483871,0.0,30.93548387096774,1.0,0.0,32685.83870967742,36.252886906729856,68.06183237092911,26774.0,71.232812,3.0610455555555554,1020.7316,12.6,48.548332,0.0,0.0026534622552484,5,winter,samcheonpo_coal,1,22.68448
2025-01-19,11564.477319744,16912.67104296,14987.212742159998,28.92875,46.9125,54.4875,8,4.638166,52.041668,,1.6448994444444442,0.0,-0.5225612,0.85260177,31.638206320616025,13937.741935483871,0.0,30.93548387096774,1.0,0.0,32685.83870967742,36.252886906729856,68.06183237092911,27806.0,73.75732,3.014962777777778,1014.2976,12.91,50.96068,0.0,0.0026455510051046,6,winter,samcheonpo_coal,1,22.79664
2025-01-20,10541.738865312002,13002.509250288002,1387.4617213919998,13.35625,16.1825,1.74125,8,4.109,74.958336,,2.09135625,0.0,0.6253698,0.7803285,35.84197383874699,13937.741935483871,0.0,30.93548387096774,1.0,0.0,32685.83870967742,36.252886906729856,68.06183237092911,41917.0,79.513726,2.879236388888889,1012.81274,12.95,56.754526000000006,0.0,0.001893341112045,0,winter,samcheonpo_coal,1,22.7592
2025-01-21,11804.86309032,14344.545111264002,1937.881715184,13.57375,16.115000000000002,2.1999999999999997,8,4.359,61.416668,,2.7292508333333334,0.0,0.5269681,0.84988505,22.503123292991575,13937.741935483871,0.0,30.93548387096774,1.0,0.0,32685.83870967742,36.252886906729856,68.06183237092911,46582.0,79.907234,4.0,1017.7312,13.29,56.977114,0.0,0.0017124725228071,1,winter,samcheonpo_coal,1,22.93012
2025-01-22,13323.729682224,14917.885172496,2049.534782064,14.8475,16.2075,2.24875,8,5.344417,60.5,,2.236339722222222,0.0,0.2680775,0.9633973,27.05313481615482,13937.741935483871,0.0,30.93548387096774,1.0,0.0,32685.83870967742,36.252886906729856,68.06183237092911,48336.0,65.97502499999999,3.2756677777777776,1020.55084,10.78,42.80014499999999,0.0,0.0013630647296091,2,winter,samcheonpo_coal,1,23.17488
2025-01-23,10515.06213048,10581.027495552,9625.423287888,15.005,17.29875,20.514999999999997,8,5.8673325,54.083332,,2.4767138888888884,0.0,0.6945218,0.71947163,21.836729806632224,13937.741935483871,0.0,30.93548387096774,1.0,0.0,32685.83870967742,36.252886906729856,68.06183237092911,38715.0,80.789181,4.045985555555555,1019.98486,13.22,52.752301,0.0,0.0020824213840084,3,winter,samcheonpo_coal,1,28.03688
2025-01-24,8243.098706016,8564.482550736,115500.367075536,17.6,31.37125,326.1875,8,5.2256665,50.125,,3.5356319444444444,0.0,0.634739,0.7727266,14.177097839259444,13937.741935483871,0.0,30.93548387096774,1.0,0.0,32685.83870967742,36.252886906729856,68.06183237092911,24792.0,90.202894,4.701063888888888,1021.1885,13.46,57.362494,0.0,0.0036251972698828,4,winter,samcheonpo_coal,1,32.8404
2025-01-25,5767.8720348960005,5855.39721216,1358.5728643200002,32.53875,37.3825,63.373749999999994,8,4.5860834,75.25,,4.440601666666667,0.0,0.63822615,0.76984894,16.94590185038739,13937.741935483871,0.0,30.93548387096774,1.0,0.0,32685.83870967742,36.252886906729856,68.06183237092911,19303.0,63.558928,5.800861666666667,1023.8118,11.33,33.705568,0.0,0.0032818906154829,5,winter,samcheonpo_coal,1,29.85336
2025-01-26,5875.800890256,6665.855155056,1340.0004684960002,29.3725,39.95875,48.90875,8,3.7902496,73.375,,3.695912361111111,0.0,0.6422005,0.76653665,19.85301404115034,13937.741935483871,0.0,30.93548387096774,1.0,0.0,32685.83870967742,36.252886906729856,68.06183237092911,21601.0,60.32419900000001,5.590169444444444,1022.0533,8.06,30.187159,0.0,0.0027848804831047,6,winter,samcheonpo_coal,1,30.13704
2025-01-27,6109.084193328,6257.828239344,1207.224931824,45.4,52.325,48.69,8,2.1381671,76.208336,,4.519951666666667,2.1,-0.88496906,0.46564987,16.86043161965965,13937.741935483871,0.0,30.93548387096774,1.0,0.0,32685.83870967742,36.252886906729856,68.06183237092911,20351.0,78.358909,7.589465833333334,1013.1431,11.77,48.580909,0.0,0.0038356029354146,0,winter,samcheonpo_coal,1,29.778
2025-01-28,5741.516713248,6373.445150592,1185.076810368,52.178749999999994,93.055,53.73,8,0.31316668,68.375,,6.582265555555555,0.0,-0.9976769,0.068123005,10.38776078280376,13937.741935483871,0.0,30.93548387096774,1.0,0.0,32685.83870967742,36.252886906729856,68.06183237092911,19184.0,63.954280999999995,8.338464722222222,1014.6706,11.07,34.359640999999996,0.0,0.0033226534137776,1,winter,samcheonpo_coal,1,29.59464
2025-01-29,5817.439168848,7238.188819584,18024.96214368,39.41,96.96625,123.0625,8,-0.016000032,65.541664,,5.760484722222222,0.0,-0.9095307,0.41563672,11.377803632940804,13937.741935483871,0.0,30.93548387096774,1.0,0.0,32685.83870967742,36.252886906729856,68.06183237092911,14112.0,101.465155,7.940402777777778,1020.68097,13.17,72.079875,0.0,0.0071386642098536,2,winter,samcheonpo_coal,1,29.38528
2025-01-30,4917.829489631999,8183.480501952,20670.205709376,36.77,101.25125,142.16,8,1.3006666,67.125,,2.863579722222222,0.0,-0.9747694,0.22321412,23.440939841517324,13937.741935483871,0.0,30.93548387096774,1.0,0.0,32685.83870967742,36.252886906729856,68.06183237092911,12441.0,93.098108,3.811823611111111,1024.439,13.45,63.389428,0.0,0.0074275873060686,3,winter,samcheonpo_coal,1,29.70868
2025-01-31,6269.720975712,6366.94733088,1121.331406896,29.86625,61.53874999999999,53.425,8,3.6569169,66.625,,2.2146193055555554,0.0,0.9414664,0.3371068,30.08417737209537,13937.741935483871,0.0,30.93548387096774,1.0,0.0,32685.83870967742,36.252886906729856,68.06183237092911,20864.0,56.97351400000001,3.041381388888889,1023.32587,11.37,27.036634000000003,0.0,0.002723272603059,4,winter,samcheonpo_coal,1,29.93688
2025-02-01,6464.5707847680005,7111.300518720001,1355.834007792,20.8975,61.55,57.645,8,3.6319163,91.75,,4.570182222222223,14.7,0.56356543,0.82607144,20.07578593997224,9817.67857142857,0.0,43.5,1.0,0.0,21921.071428571428,34.582373890092704,48.922176705387834,22034.0,34.628668000000005,5.575840277777778,1016.9661,2.2,4.607788,0.0,0.0015691354692198,5,winter,samcheonpo_coal,1,30.02088
2025-02-02,6804.966305231998,7918.459313328,1537.035820992,27.973750000000003,51.7475,54.977500000000006,8,5.279834,68.625,,2.9176225,0.0,0.47733,0.8787241,23.52086330565383,9817.67857142857,0.0,43.5,1.0,0.0,21921.071428571428,34.582373890092704,48.922176705387834,22564.0,69.910647,4.428317777777777,1013.9575,13.8,40.502727,0.0,0.0030887568697398,6,winter,samcheonpo_coal,1,29.407919999999997
2025-02-03,7614.418923936,15893.166956256,5012.392317696,59.80625,58.71375,91.05125,8,0.92358345,56.666668,,5.176748611111111,0.0,-0.59143716,0.80635107,10.946382035699694,9817.67857142857,0.0,43.5,1.0,0.0,21921.071428571428,34.582373890092704,48.922176705387834,25739.0,102.52152800000002,8.156591944444445,1014.3178,15.03,71.996672,0.023976,0.0039673177869544,0,winter,samcheonpo_coal,1,30.50088
2025-02-04,9051.5842488,17304.547806864,6644.310201216,13.925,28.285,13.365,8,-3.4139173,57.833332,,5.2017175,0.0,-0.72099066,0.69294477,11.11812242783273,9817.67857142857,0.0,43.5,1.0,0.0,21921.071428571428,34.582373890092704,48.922176705387834,34379.0,111.34351,8.20975,1015.0579,15.06,80.33287000000001,0.0,0.0032282516979779,1,winter,samcheonpo_coal,1,31.01064
2025-02-05,10327.278800736,11006.924313456,1044.763373088,14.69625,15.715,1.48375,8,-3.2118337,64.416664,,3.952476666666666,0.0,-0.83503467,0.55019736,16.297797414785496,9817.67857142857,0.0,43.5,1.0,0.0,21921.071428571428,34.582373890092704,48.922176705387834,37255.0,96.246643,7.20694111111111,1014.5086,14.26,64.638883,0.0,0.0025767986787674,2,winter,samcheonpo_coal,1,31.60776
2025-02-06,10551.944583504,11110.471149024,1101.2544252,14.73625,15.64625,1.54125,8,-2.4951665,61.291668,,2.8096252777777777,0.0,-0.6725794,0.740025,21.814890578033783,9817.67857142857,0.0,43.5,1.0,0.0,21921.071428571428,34.582373890092704,48.922176705387834,38298.0,82.92553,5.255473333333333,1018.70685,14.28,51.60409,0.0,0.0021605922435398,3,winter,samcheonpo_coal,1,31.32144
2025-02-07,11953.591886448,13513.821424704,1498.788012528,14.3725,15.9075,1.7775,8,-1.841,65.125,,6.1823575,0.2,-0.86201334,0.50688565,10.534007455893644,9817.67857142857,0.0,43.5,1.0,0.0,21921.071428571428,34.582373890092704,48.922176705387834,44409.0,93.053187,10.1789,1016.4041,14.22,61.971187,0.0,0.0020909863778416,4,winter,samcheonpo_coal,1,31.082
2025-02-08,8968.29337872,12129.385982976,7670.682552096,16.6525,21.2,372.5475,8,-3.4826667,51.666668,,4.909868888888889,0.0,-0.32301316,0.94639444,10.52302396850606,9817.67857142857,0.0,43.5,1.0,0.0,21921.071428571428,34.582373890092704,48.922176705387834,32506.0,113.460094,6.229767222222222,1022.93506,15.97,82.84497400000001,0.0,0.0034782946643825,5,winter,samcheonpo_coal,1,30.615119999999997
2025-02-09,7522.570610496,12616.660218384,46167.851081808,20.1225,40.2975,208.605,8,-1.707667,59.041668,,3.1673291666666668,0.0,-0.1569684,0.9876036,18.64083740375369,9817.67857142857,0.0,43.5,1.0,0.0,21921.071428571428,34.582373890092704,48.922176705387834,23590.0,111.546697,4.90408,1022.87714,15.92,81.07509700000001,0.0,0.0047063045473787,6,winter,samcheonpo_coal,1,30.4716
2025-02-10,9200.25730728,9737.284511664,1188.430673904,13.7225,16.19375,2.0975,8,-0.27641654,61.041668,,2.787436666666667,0.0,-0.028451243,0.99959517,21.89885378561665,9817.67857142857,0.0,43.5,1.0,0.0,21921.071428571428,34.582373890092704,48.922176705387834,36686.0,107.89289,4.743416666666667,1023.1755,15.73,77.56000999999999,0.0,0.0029323586477397,0,winter,samcheonpo_coal,1,30.33288
2025-02-11,13656.440897856,9213.047985456,11914.102447920002,38.08,38.525,351.25624999999997,8,1.5444168,54.583332,,2.700148611111111,0.0,0.9059207,0.4234474,20.21493623550555,9817.67857142857,0.0,43.5,1.0,0.0,21921.071428571428,34.582373890092704,48.922176705387834,27373.0,104.948655,3.8183766666666665,1025.177,16.37,74.843775,0.0,0.0038193773602857,1,winter,samcheonpo_coal,1,30.10488
2025-02-12,6155.818423488,7071.359333616,5585.611291344,21.071250000000003,49.465,529.3525,8,3.925667,86.458336,,3.4165219444444443,8.500001,-0.3366001,0.9416477,25.30595073173425,9817.67857142857,0.0,43.5,1.0,0.0,21921.071428571428,34.582373890092704,48.922176705387834,22897.0,42.426766,7.017833888888889,1013.707,3.57,12.431326,0.0,0.0018495129121048,2,winter,samcheonpo_coal,1,29.99544
2025-02-13,7101.816230448,13248.869141951998,26765.963960687997,32.93625,55.12375,220.37125,8,1.5548333,46.833332,,4.542277222222222,0.0,-0.42503878,0.90517515,10.31054022217686,9817.67857142857,0.0,43.5,1.0,0.0,21921.071428571428,34.582373890092704,48.922176705387834,14966.0,111.636364,7.209021666666667,1019.897,16.79,81.860804,0.0,0.0074041024272576,3,winter,samcheonpo_coal,1,29.77556
2025-02-14,4089.251060208,6622.424068032001,2239.260771456,68.14875,80.45,208.3675,8,3.8652496,59.0,,1.6337455555555556,0.0,-0.5673054,-0.8235075,36.11333466179624,9817.67857142857,0.0,43.5,1.0,0.0,21921.071428571428,34.582373890092704,48.922176705387834,11222.0,105.775035,2.8635641666666665,1019.0442,16.61,78.73027499999999,0.0,0.0093376708729809,4,winter,samcheonpo_coal,1,27.04476
2025-02-15,4582.140488064,7582.546995984,4837.6931472,54.08125,69.7675,243.615,8,4.3923326,58.666668,,2.3847750000000003,0.0,0.23599927,0.97175324,24.600504450105355,9817.67857142857,0.0,43.5,1.0,0.0,21921.071428571428,34.582373890092704,48.922176705387834,12662.0,39.765356,3.1144819444444445,1015.1538,5.68,13.114196,0.0,0.0031306952132615,5,winter,samcheonpo_coal,1,26.65116
2025-02-16,8535.981104784,12680.31466152,9965.717348832,34.24625,50.7125,95.325,8,6.086084,68.041664,,2.6925986111111113,0.0,-0.897236,0.44155127,25.26988750540963,9817.67857142857,0.0,43.5,1.0,0.0,21921.071428571428,34.582373890092704,48.922176705387834,14518.0,99.509603,4.5891174999999995,1012.789,16.69,69.604403,0.0,0.0068075620062925,6,winter,samcheonpo_coal,1,29.9052
2025-02-17,5863.88151432,6912.2431167839995,1058.5437298559998,18.71,19.43625,20.60125,8,2.6527503,45.958332,,5.972573611111111,0.0,-0.48222163,0.8760493,7.694895867754758,9817.67857142857,0.0,43.5,1.0,0.0,21921.071428571428,34.582373890092704,48.922176705387834,20660.0,109.866256,7.6537572222222225,1018.72925,17.29,79.621048,0.000648,0.0052896949188713,0,winter,samcheonpo_coal,1,30.24456
2025-02-18,2212.8420682080005,95.543204976,165.436193664,20.17125,35.75375,36.84,8,0.12774998,46.125,,5.329469166666667,0.0,-0.37605807,0.9265961,8.654708106482776,9817.67857142857,0.0,43.5,1.0,0.0,21921.071428571428,34.582373890092704,48.922176705387834,26364.0,112.926712,6.830811944444444,1021.83685,17.62,82.441672,0.0,0.0042650989379677,1,winter,samcheonpo_coal,1,30.48504
2025-02-19,2056.718855376,74.29777531200001,104.585394384,16.6125,22.03375,7.95125,8,-0.051416725,45.5,,4.118111944444444,0.0,-0.28475648,0.95859987,11.048752587064069,9817.67857142857,0.0,43.5,1.0,0.0,21921.071428571428,34.582373890092704,48.922176705387834,32167.0,113.521973,6.041522499999999,1023.71454,17.61,82.856453,0.0,0.0035167328798137,2,winter,samcheonpo_coal,1,30.66552
2025-02-20,2005.255928592,96.956893728,98.776038672,19.67125,28.56125,35.9875,8,0.06524993,47.291668,,4.0885002777777775,0.0,-0.12870683,0.9916827,11.566996401356352,9817.67857142857,0.0,43.5,1.0,0.0,21921.071428571428,34.582373890092704,48.922176705387834,26329.0,109.063127,5.481787777777777,1025.3595,17.65,78.33712700000001,0.0,0.0041252313558711,3,winter,samcheonpo_coal,1,30.726
2025-02-21,2048.334676992,104.77544112,100.566547488,25.13125,32.3375,73.47375,8,-0.059749823,46.916668,,4.473398611111111,0.0,-0.121559426,0.99258417,10.487924747744929,9817.67857142857,0.0,43.5,1.0,0.0,21921.071428571428,34.582373890092704,48.922176705387834,21584.0,109.583279,5.738466666666667,1026.0597,17.28,78.588959,0.0,0.0050514144016991,4,winter,samcheonpo_coal,1,30.99432
2025-02-22,1929.51102384,94.158989568,106.632536544,29.72625,38.013749999999995,386.1875,8,0.40483323,52.583332,,2.908438888888889,0.0,-0.25163484,0.96782225,18.079572584758147,9817.67857142857,0.0,43.5,1.0,0.0,21921.071428571428,34.582373890092704,48.922176705387834,14044.0,115.243603,5.197114444444444,1027.6727,17.99,83.407523,0.0,0.0081391073020018,5,winter,samcheonpo_coal,1,31.836080000000003
2025-02-23,2049.845361552,84.624236352,118.907514288,50.8925,64.23625,294.60625,8,-0.85975,52.041668,,5.341082222222222,0.0,-0.44255754,0.89674014,9.743656029760094,9817.67857142857,0.0,43.5,1.0,0.0,21921.071428571428,34.582373890092704,48.922176705387834,8570.0,116.53938,8.386894999999999,1026.8414,17.78,84.09746000000001,0.0,0.0134160883755758,6,winter,samcheonpo_coal,1,32.441919999999996
2025-02-24,2016.658121184,301.505740128,375.397660224,28.89125,71.03750000000001,118.62,8,0.58816665,51.958332,,3.764984166666667,0.0,-0.21976136,0.9755537,13.80041182112098,9817.67857142857,0.0,43.5,1.0,0.0,21921.071428571428,34.582373890092704,48.922176705387834,8655.0,117.498939,5.3,1027.2972,18.4,87.346539,0.0,0.0133940100554054,0,winter,samcheonpo_coal,1,30.1524
2025-02-25,2290.590691632,906.559353216,735.1368819840001,39.00875,104.605,81.155,8,2.7798336,57.916668,,3.296204722222222,0.0,-0.9905806,-0.1369309,17.570713253803596,9817.67857142857,0.0,43.5,1.0,0.0,21921.071428571428,34.582373890092704,48.922176705387834,8669.0,88.645161,5.345090833333333,1024.5421,15.68,62.916441,0.0,0.0101220315930084,1,winter,samcheonpo_coal,1,25.728720000000003
2025-02-26,1885.729481568,358.2390310560001,233.691546672,8.9475,96.56125,60.43125,8,6.067333,59.583332,,3.0505569444444443,0.0,-0.99357337,0.1131898,19.531952061577098,9817.67857142857,0.0,43.5,1.0,0.0,21921.071428571428,34.582373890092704,48.922176705387834,8554.0,104.23250500000002,5.192301666666666,1020.8261,18.44,75.95546500000002,0.0,0.0120385430790646,2,winter,samcheonpo_coal,1,28.27704
2025-02-27,1986.127952544,321.07285872,163.45053835199997,17.138749999999998,85.36375,37.41,8,5.821501,49.791668,,2.271496111111111,0.0,0.80804604,-0.5891194,21.920208340415876,9817.67857142857,0.0,43.5,1.0,0.0,21921.071428571428,34.582373890092704,48.922176705387834,8622.0,81.521726,3.49285,1019.9965,16.3,49.112766,0.0,0.0093665218019127,3,winter,samcheonpo_coal,1,32.40896
2025-02-28,1570.9530888000002,641.64648456,161.565595776,11.9225,211.08375000000004,54.41,8,9.97775,83.208336,,1.7213738888888888,0.0,-0.4496407,-0.8932095,48.338328202311274,9817.67857142857,0.0,43.5,1.0,0.0,21921.071428571428,34.582373890092704,48.922176705387834,8474.0,98.175002,2.5806975,1016.7719,17.15,65.393882,0.0,0.0114527528867638,4,winter,samcheonpo_coal,1,32.78112
2025-03-01,1708.2610626239998,196.031929104,150.173667504,9.3825,93.08625,50.00125,8,8.769417,96.375,,1.1716275833333332,3.1,0.7021453,0.7120337,82.2573669064779,5465.193548387097,0.0,26.258064516129032,1.0,0.0,11008.16129032258,33.54065007487113,68.79649157663083,8620.0,41.148752,2.343074722222222,1015.27423,3.96,10.645512,0.0,0.0047509577745675,5,spring,samcheonpo_coal,1,30.50324
2025-03-02,1651.275770544,156.734055216,136.577748528,11.73125,102.9575,48.12875,8,11.508999,96.083336,,2.344046666666667,6.7999997,0.6978118,0.7162812,40.990368223613295,5465.193548387097,0.0,26.258064516129032,1.0,0.0,11008.16129032258,33.54065007487113,68.79649157663083,8198.0,44.723278,5.5865913888888885,1011.3365,5.0,13.549958,0.0,0.0054257890859162,6,spring,samcheonpo_coal,1,31.17332
2025-03-03,1867.512745008,437.511756528,321.21806817600003,37.22875,83.96499999999999,63.69625,8,4.1569166,82.5,,6.9102175,18.5,0.6988705,0.7152482,11.938842735413177,5465.193548387097,0.0,26.258064516129032,1.0,0.0,11008.16129032258,33.54065007487113,68.79649157663083,8528.0,40.445741,8.521150555555556,1014.84357,2.87,9.347860999999998,0.0,0.0047203124373498,0,spring,samcheonpo_coal,1,31.09788
2025-03-04,3368.720332656,4826.6897014080005,375.669784512,14.47625,195.28375,42.85375,8,3.0048335,86.375,,6.303775,6.5000005,0.5784621,0.81570923,13.702107070763152,5465.193548387097,0.0,26.258064516129032,1.0,0.0,11008.16129032258,33.54065007487113,68.79649157663083,18519.0,45.457158,7.424284166666667,1015.2722,4.11,15.833718,0.0,0.0024486122924639,1,spring,samcheonpo_coal,1,29.62344
2025-03-05,4448.947014431999,553.3624476,294.14863396799996,8.96375,53.97625,41.7025,8,5.356917,77.75,,3.0109488888888887,0.0,0.32983002,0.94404036,25.822424381534947,5465.193548387097,0.0,26.258064516129032,1.0,0.0,11008.16129032258,33.54065007487113,68.79649157663083,22577.0,66.128226,4.554119166666667,1017.45,6.62,34.882866,0.0,0.0029204545122907,2,spring,samcheonpo_coal,1,31.24536
2025-03-06,4380.640578576,1593.19882224,250.206205536,22.65375,940.23625,43.27875,8,6.0694165,70.166664,,2.775691944444444,0.0,0.43304902,0.90137035,25.278981026853067,5465.193548387097,0.0,26.258064516129032,1.0,0.0,11008.16129032258,33.54065007487113,68.79649157663083,20938.0,72.561195,3.8013152777777774,1021.0464,16.97,41.273595,0.0,0.0034535581570885,3,spring,samcheonpo_coal,1,31.2876
2025-03-07,3767.266598976,2744.4333360960004,1770.471788832,27.50875,350.71125,65.765,8,5.0319166,66.708336,,2.9806916666666665,0.0,0.98047256,0.196656,22.380153152372355,5465.193548387097,0.0,26.258064516129032,1.0,0.0,11008.16129032258,33.54065007487113,68.79649157663083,13204.0,106.669503,4.0311288888888885,1024.6022,17.74,70.807423,0.0,0.0080138345389733,4,spring,samcheonpo_coal,1,35.86208
2025-03-08,2373.481685664,829.166068656,262.77614064,15.46125,200.76625,58.1175,8,6.729833,72.666664,,2.2021752777777777,0.0,-0.7949491,-0.6066761,32.997674950437265,5465.193548387097,0.0,26.258064516129032,1.0,0.0,11008.16129032258,33.54065007487113,68.79649157663083,11211.0,118.291332,3.2280024999999997,1022.6661,13.23,76.047652,0.0,0.0104411942930518,5,spring,samcheonpo_coal,1,42.24368
2025-03-09,2225.7338339519997,4249.357821648,815.2253747999999,20.87125,150.70875,46.49,8,6.4902496,61.208332,,2.794507083333333,0.0,0.90459436,0.42627338,21.90308708288895,5465.193548387097,0.0,26.258064516129032,1.0,0.0,11008.16129032258,33.54065007487113,68.79649157663083,10281.0,114.617995,3.88973,1025.9215,20.14,80.752715,0.0,0.011025606659953,6,spring,samcheonpo_coal,1,33.86528
2025-03-10,2272.584448944,164.75475672,824.342630976,22.55875,42.42,118.43125,8,7.419416,74.333336,,2.3274552777777777,0.0,0.9995332,0.030552715,31.937600137680175,5465.193548387097,0.0,26.258064516129032,1.0,0.0,11008.16129032258,33.54065007487113,68.79649157663083,10504.0,86.12905799999999,3.124099722222222,1023.5718,17.18,46.56657799999999,0.0,0.0081329564095289,0,spring,samcheonpo_coal,1,39.56248
2025-03-11,2089.009061568,151.380641232,730.8362475360001,27.15125,32.68125,121.55375,8,8.742333,70.0,,2.436198611111111,0.0,0.9563512,0.2922197,28.73328951126613,5465.193548387097,0.0,26.258064516129032,1.0,0.0,11008.16129032258,33.54065007487113,68.79649157663083,9810.0,121.110938,3.2649655555555555,1017.4571,19.9,82.118218,0.0,0.012195104732602,1,spring,samcheonpo_coal,1,38.99272
2025-03-12,1624.04371296,147.68718695999996,586.7392963679999,14.78,36.93375,119.3675,8,10.542333,68.833336,,1.7817066666666668,0.0,-0.80665743,-0.5910193,38.633371748435955,5465.193548387097,0.0,26.258064516129032,1.0,0.0,11008.16129032258,33.54065007487113,68.79649157663083,8436.0,89.640636,4.1617299999999995,1012.8309,15.56,50.789596,0.0,0.0105142404925545,2,spring,samcheonpo_coal,1,38.85104
2025-03-13,1842.819324768,147.14509276799998,392.571515808,10.59375,37.3075,81.16875,8,10.113168,55.166668,,3.330477777777778,0.0,0.6000013,0.79999906,16.564190389767234,5465.193548387097,0.0,26.258064516129032,1.0,0.0,11008.16129032258,33.54065007487113,68.79649157663083,9280.0,96.318234,5.3225936111111105,1017.31757,18.07,59.683834,0.0,0.0102725005269909,3,spring,samcheonpo_coal,1,36.6344
2025-03-14,1902.654733248,135.76129646399997,349.38322992,12.52,33.78,82.0025,8,10.636083,54.75,,3.520538611111111,0.0,0.7931709,0.60899913,15.551597652474104,5465.193548387097,0.0,26.258064516129032,1.0,0.0,11008.16129032258,33.54065007487113,68.79649157663083,9533.0,114.733125,5.507267777777777,1020.9899,20.66,82.829125,0.0,0.0118922366024713,4,spring,samcheonpo_coal,1,31.904
2025-03-15,1835.480251728,364.782868704,850.376725488,7.547499999999999,52.785,105.3875,8,7.017332,78.291664,,5.149892777777778,7.5000005,0.64762384,0.7619602,15.202581369817084,5465.193548387097,0.0,26.258064516129032,1.0,0.0,11008.16129032258,33.54065007487113,68.79649157663083,8766.0,49.704717,6.363961111111111,1018.2448,5.42,11.836716999999998,0.0,0.0056382012097286,5,spring,samcheonpo_coal,1,37.868
2025-03-16,1934.385583824,1863.4575911039997,753.5921146559999,41.795,57.06125,27.7375,8,5.67775,68.375,,5.244335555555556,0.2,-0.64180386,0.7668688,13.037876633879264,5465.193548387097,0.0,26.258064516129032,1.0,0.0,11008.16129032258,33.54065007487113,68.79649157663083,8187.0,89.54397399999999,8.786352777777777,1010.44244,13.38,48.415814,0.0,0.0108190054062775,6,spring,samcheonpo_coal,1,41.12816
2025-03-17,5293.354275936,7269.472185408,18987.087921984003,27.505,37.835,76.31750000000001,8,3.9152498,43.083332,,4.7920486111111105,0.0,-0.7239345,0.68986875,8.990587428538307,5465.193548387097,0.0,26.258064516129032,1.0,0.0,11008.16129032258,33.54065007487113,68.79649157663083,14476.0,130.87634100000002,7.720103888888889,1013.48676,21.63,90.410581,0.0,0.0089599129851358,0,spring,samcheonpo_coal,1,40.46576
2025-03-18,2374.9827354719996,532.027133856,1143.659630736,48.05375,69.24374999999999,137.09875,8,3.244417,64.791664,,5.74288,1.0,-0.9490017,0.31527093,11.282085643440224,5465.193548387097,0.0,26.258064516129032,1.0,0.0,11008.16129032258,33.54065007487113,68.79649157663083,11313.0,104.671251,9.57548888888889,1012.6103,18.65,64.110451,0.0,0.0091674780871653,1,spring,samcheonpo_coal,1,40.5608
2025-03-19,1984.0945436639995,273.173858064,1230.20444448,32.625,49.335,164.90375,8,3.504833,51.416668,,2.8048249999999997,0.0,-0.5459987,0.837786,18.331506600233528,5465.193548387097,0.0,26.258064516129032,1.0,0.0,11008.16129032258,33.54065007487113,68.79649157663083,9914.0,129.235635,5.142956388888889,1020.3929,21.31,89.149075,0.0,0.012867928195334,2,spring,samcheonpo_coal,1,40.08656
2025-03-20,1677.82327992,214.776639072,980.67469104,30.0,61.4425,161.10750000000002,8,7.550667,67.541664,,3.7907019444444447,0.0,-0.93384,-0.35769105,17.817719512078053,5465.193548387097,0.0,26.258064516129032,1.0,0.0,11008.16129032258,33.54065007487113,68.79649157663083,8534.0,123.22367,5.491811944444445,1017.7564,21.11,82.22223000000001,0.0,0.014233624392426,3,spring,samcheonpo_coal,1,41.00144
2025-03-21,1439.163065808,152.602922448,369.239094288,15.59125,50.79875,103.48125,8,11.936084,73.541664,,3.8998963888888887,0.0,-0.8330421,-0.55320954,18.85733790505973,5465.193548387097,0.0,26.258064516129032,1.0,0.0,11008.16129032258,33.54065007487113,68.79649157663083,8131.0,122.595079,4.664761111111111,1011.74,21.62,82.10867900000001,0.0,0.014853536892296,4,spring,samcheonpo_coal,1,40.4864
2025-03-22,1403.0119860480002,115.037932464,147.374043552,9.6825,49.775,40.3375,8,13.304832,67.25,,3.3375377777777775,0.0,-0.73261255,-0.6806459,20.14958465721903,5465.193548387097,0.0,26.258064516129032,1.0,0.0,11008.16129032258,33.54065007487113,68.79649157663083,8170.0,116.368576,4.992994722222222,1009.09204,21.71,81.22361599999999,0.0,0.0140433743602765,5,spring,samcheonpo_coal,1,35.14496
2025-03-23,1434.013555392,116.357827968,163.439836704,11.30625,45.28875,42.8725,8,13.344417,71.666664,,2.8219783333333335,0.0,-0.49747616,-0.86747766,25.395894487732303,5465.193548387097,0.0,26.258064516129032,1.0,0.0,11008.16129032258,33.54065007487113,68.79649157663083,8021.0,103.843138,3.4828149999999996,1008.478,22.09,76.439618,0.0,0.0127809406577124,6,spring,samcheonpo_coal,1,27.40352
2025-03-24,1500.668934048,80.849769552,167.508731232,13.80125,28.34625,43.835,8,14.244416,82.333336,,3.3432447222222224,0.2,-0.51053774,-0.85985535,24.626775136363285,5465.193548387097,0.0,26.258064516129032,1.0,0.0,11008.16129032258,33.54065007487113,68.79649157663083,8418.0,103.45346800000002,4.738142777777778,1003.3664,20.88,70.667708,0.0,0.0121403547397743,0,spring,samcheonpo_coal,1,32.78576
2025-03-25,1766.778971184,69.784425216,207.188753904,13.1125,22.90875,43.88375,8,13.456918,80.0,,3.763365555555555,0.0,-0.65962756,-0.75159264,21.257568210960105,5465.193548387097,0.0,26.258064516129032,1.0,0.0,11008.16129032258,33.54065007487113,68.79649157663083,9255.0,109.767152,6.726811666666666,999.92285,22.13,73.91275200000001,0.0,0.0117212900458029,1,spring,samcheonpo_coal,1,35.8544
2025-03-26,1452.485213712,66.80070878400001,125.306575776,7.5625,23.59375,27.11,8,13.348583,68.875,,2.2970194444444445,0.0,0.31915173,-0.94770366,29.984508910701912,5465.193548387097,0.0,26.258064516129032,1.0,0.0,11008.16129032258,33.54065007487113,68.79649157663083,8112.0,112.28294,4.123105555555555,1003.2928,22.06,80.19054,0.0,0.0136526115187374,2,spring,samcheonpo_coal,1,32.092400000000005
2025-03-27,2883.0960753120003,4057.858017215998,2388.907866816,8.54125,44.41625,45.95625,8,15.731917,92.791664,,3.3288036111111112,2.5,0.39252564,-0.9197411,27.875379517816416,5465.193548387097,0.0,26.258064516129032,1.0,0.0,11008.16129032258,33.54065007487113,68.79649157663083,16988.0,54.478293,6.152234722222222,997.4893,6.52,19.967333000000004,0.0,0.0031966180072751,3,spring,samcheonpo_coal,1,34.51096
2025-03-28,3928.304094479999,1808.816852736,1812.5756547839997,13.66875,39.2775,45.31875,8,9.956916,52.208332,,3.664398055555555,0.9,-0.08231121,0.99660665,14.247451070673804,5465.193548387097,0.0,26.258064516129032,1.0,0.0,11008.16129032258,33.54065007487113,68.79649157663083,14032.0,95.786592,6.865856944444444,1008.261,18.98,62.43203200000001,0.0,0.0067800140790801,4,spring,samcheonpo_coal,1,33.35456
2025-03-29,1489.887020304,333.197738928,235.130361984,15.52875,58.3475,28.95125,8,5.950665,45.041668,,4.515075,0.0,-0.5371121,0.84351087,9.975840489914342,5465.193548387097,0.0,26.258064516129032,1.0,0.0,11008.16129032258,33.54065007487113,68.79649157663083,9894.0,84.57804900000001,7.6059183333333324,1018.0391,19.9,53.537569000000005,0.0,0.0084759620644021,5,spring,samcheonpo_coal,1,31.04048
2025-03-30,1313.023539888,366.919902288,232.597038816,20.17,75.64,37.005,8,4.3194165,45.833332,,3.7480302777777776,0.0,-0.38063395,0.9247258,12.228645075720884,5465.193548387097,0.0,26.258064516129032,1.0,0.0,11008.16129032258,33.54065007487113,68.79649157663083,9137.0,102.116312,5.500908888888889,1025.045,23.55,72.92191199999999,0.0,0.0110526059583608,6,spring,samcheonpo_coal,1,29.1944
2025-03-31,1405.7064980639998,2304.28575504,752.019644448,11.13,72.95875,27.17,8,5.9444175,65.125,,1.8665130555555551,0.0,-0.063820206,-0.9979614,34.89126411741919,5465.193548387097,0.0,26.258064516129032,1.0,0.0,11008.16129032258,33.54065007487113,68.79649157663083,10266.0,119.74864,3.6221538888888887,1023.24445,22.15,84.48608,0.0,0.0115300922591941,0,spring,samcheonpo_coal,1,35.26256
2025-04-01,4498.2687132,13728.78624024,8436.618828,17.5725,40.0325,37.03125,8,9.006917,64.791664,,2.3967377777777776,0.0,0.6791194,0.7340278,27.03327189179366,6422.9,0.0,32.56666666666667,1.0,0.0,14496.933333333332,34.97565816218602,73.15254440019498,14093.0,118.386543,3.883297777777778,1019.06305,23.09,82.639663,0.0,0.0083304006010808,1,spring,samcheonpo_coal,1,35.74688
2025-04-02,4306.970166768,5807.8765969920005,563.4592097760001,9.0575,23.1,13.84375,8,9.254832,64.208336,,2.763999166666667,0.0,0.6613264,0.7500983,23.23022986922029,6422.9,0.0,32.56666666666667,1.0,0.0,14496.933333333332,34.97565816218602,73.15254440019498,19559.0,124.891432,4.099999722222222,1015.57904,23.16,86.12727199999999,0.0,0.0063448547474187,2,spring,samcheonpo_coal,1,38.76416
2025-04-03,6119.239718304,9201.237800976,5868.58798224,13.215,29.235,29.073749999999997,8,8.244416,76.833336,,2.762738333333333,0.0,0.94334966,0.33180034,27.810572964142462,6422.9,0.0,32.56666666666667,1.0,0.0,14496.933333333332,34.97565816218602,73.15254440019498,17347.0,115.34905899999998,3.758988888888889,1016.7575,20.96,74.75313899999999,0.0,0.0066055866029404,3,spring,samcheonpo_coal,1,40.59592
2025-04-04,3402.971998272,6097.8376499040005,617.272386912,19.13875,38.41375,41.16,8,9.89025,72.625,,2.2119540555555557,0.0,-0.3194944,-0.94758815,32.83296043947868,6422.9,0.0,32.56666666666667,1.0,0.0,14496.933333333332,34.97565816218602,73.15254440019498,10884.0,125.435905,3.1048347222222223,1017.26483,23.82,85.748705,0.0,0.011393490645877,4,spring,samcheonpo_coal,1,39.6872
2025-04-05,3536.026539696001,6554.945883024002,1247.6835930240002,11.64125,40.0625,56.5175,8,10.529833,82.166664,,2.9589480555555556,0.8,-0.40707475,-0.91339487,27.768876795835755,6422.9,0.0,32.56666666666667,1.0,0.0,14496.933333333332,34.97565816218602,73.15254440019498,11174.0,63.514311000000006,5.5,1011.2454,11.1,22.422151000000003,0.0,0.0056519893316467,5,spring,samcheonpo_coal,1,41.09216000000001
2025-04-06,3295.3896692639996,6052.74761448,651.5693393759999,17.6575,36.4475,51.3625,8,11.419415,58.291668,,2.5022041666666666,0.0,-0.993779,0.111370325,23.296127780673373,6422.9,0.0,32.56666666666667,1.0,0.0,14496.933333333332,34.97565816218602,73.15254440019498,10669.0,126.458215,3.889730277777778,1011.9079,24.45,89.236775,0.0,0.0117140201445353,6,spring,samcheonpo_coal,1,37.22144
2025-04-07,3801.497670288,6691.253078304,628.3627984800002,8.42,43.1775,43.61375,8,12.561084,51.166668,,2.419965,0.0,-0.5620203,-0.8271234,21.14355703491579,6422.9,0.0,32.56666666666667,1.0,0.0,14496.933333333332,34.97565816218602,73.15254440019498,12012.0,129.953809,3.753664722222222,1014.9783,24.65,87.886769,0.0,0.010702874598623,0,spring,samcheonpo_coal,1,42.06704
2025-04-08,4089.21115968,7291.565703935999,859.994919936,18.095,51.67625,116.94,8,15.073582,62.583332,,3.55019,0.0,-0.9080972,-0.4187595,17.628164126427034,6422.9,0.0,32.56666666666667,1.0,0.0,14496.933333333332,34.97565816218602,73.15254440019498,12197.0,104.996402,5.147815277777778,1010.8164,24.17,79.40440199999999,0.0,0.0085349075523164,1,spring,samcheonpo_coal,1,25.592
2025-04-09,4145.768591616,7476.248154672,2708.868280464,20.8425,50.533750000000005,396.2675,8,12.2715,76.291664,,2.2267727777777777,0.7,0.8186568,-0.57428306,34.26109065161815,6422.9,0.0,32.56666666666667,1.0,0.0,14496.933333333332,34.97565816218602,73.15254440019498,12910.0,111.541128,3.0083219444444445,1009.3863,21.63,70.79168800000001,0.0,0.0085658930001883,2,spring,samcheonpo_coal,1,40.74944
2025-04-10,4167.586139760001,7248.913891200001,2761.9267415040003,12.535,26.045,388.75125,8,15.084,78.958336,,2.4321047222222223,0.3,-0.7665656,-0.64216596,32.4650231047023,6422.9,0.0,32.56666666666667,1.0,0.0,14496.933333333332,34.97565816218602,73.15254440019498,12690.0,119.00502500000002,3.982461388888889,1002.71234,23.01,79.049985,0.0,0.0092907313852818,3,spring,samcheonpo_coal,1,39.95504
2025-04-11,3489.7502164320003,6187.005468000001,2611.687360608,14.415,31.31,328.32125,8,14.236084,66.208336,,2.4440458333333335,0.0,0.9445739,0.328299,27.089645822926805,6422.9,0.0,32.56666666666667,1.0,0.0,14496.933333333332,34.97565816218602,73.15254440019498,10972.0,126.00283,3.182766111111111,1007.38086,24.84,84.81939,0.0,0.0113536491141803,4,spring,samcheonpo_coal,1,41.18344
2025-04-12,2958.719950512,5640.3236499839995,2453.188995792,17.655,40.0625,290.895,8,12.523582,86.291664,,3.352847361111111,18.9,0.81017184,-0.58619237,25.736830432806677,6422.9,0.0,32.56666666666667,1.0,0.0,14496.933333333332,34.97565816218602,73.15254440019498,9626.0,65.55282299999999,7.360027222222222,1005.3047,8.23,25.453223,0.0,0.0067639132961675,5,spring,samcheonpo_coal,1,40.099599999999995
2025-04-13,7603.171124832001,8740.509921648,28925.729923824,50.88875,36.0275,134.50125,8,9.084,59.75,,6.7746538888888885,7.4999995,-0.9986082,-0.052742306,8.819638756453077,6422.9,0.0,32.56666666666667,1.0,0.0,14496.933333333332,34.97565816218602,73.15254440019498,12086.0,92.945105,9.202716666666666,998.888,24.44,55.995985,0.0,0.0076316219671473,6,spring,samcheonpo_coal,1,36.94912
2025-04-14,5443.897336992,6824.792874528001,917.837734896,19.52875,23.42,11.5225,8,8.806916,71.666664,,4.511329999999999,3.8,-0.9449469,-0.3272237,15.88592809659236,6422.9,0.0,32.56666666666667,1.0,0.0,14496.933333333332,34.97565816218602,73.15254440019498,23172.0,86.743523,7.021395277777778,996.09033,17.43,46.770723,0.0,0.0037295016781203,0,spring,samcheonpo_coal,1,39.9728
2025-04-15,4884.066844415999,6102.611528400001,815.8209632639999,14.355,25.51375,12.7225,8,9.892333,60.625,,4.508343888888889,0.0,-0.91321486,0.40747836,13.44728829347165,6422.9,0.0,32.56666666666667,1.0,0.0,14496.933333333332,34.97565816218602,73.15254440019498,20950.0,116.917138,5.980802777777778,1002.7548,25.04,77.95377799999999,0.0,0.0055497981614551,1,spring,samcheonpo_coal,1,38.96336
2025-04-16,3937.216482144,9438.406731792,4436.96166648,9.60375,33.82875,29.35375,8,13.688167,71.166664,,2.854126944444445,0.0,-0.41833475,-0.90829295,24.93465265745304,6422.9,0.0,32.56666666666667,1.0,0.0,14496.933333333332,34.97565816218602,73.15254440019498,15181.0,111.910115,4.123105555555555,1006.7261,22.61,72.38755499999999,0.0,0.007317777594876,2,spring,samcheonpo_coal,1,39.52256
2025-04-17,3441.6082964160005,6378.848542944001,754.5332635199999,10.78875,25.865,28.6975,8,15.971499,91.25,,3.619578333333333,0.0,-0.06613249,-0.99781084,25.21011885822796,6422.9,0.0,32.56666666666667,1.0,0.0,14496.933333333332,34.97565816218602,73.15254440019498,22481.0,57.936394,4.0024991666666665,1006.3774,13.36,18.389834,0.0,0.0025705025732901,3,spring,samcheonpo_coal,1,39.54656
2025-04-18,7755.778507104,6686.913919536,14378.393928095998,25.66375,29.78,69.82249999999999,8,17.225664,91.0,,3.106585,0.0,-0.33204144,-0.9432648,29.292615524764333,6422.9,0.0,32.56666666666667,1.0,0.0,14496.933333333332,34.97565816218602,73.15254440019498,16234.0,111.534229,3.7696152777777776,1007.63403,22.94,70.613909,0.0,0.006823529132631,4,spring,samcheonpo_coal,1,40.92032
2025-04-19,3627.85048776,6535.8398504159995,812.3655607200001,25.175,37.42875,64.31875,8,16.209002,97.083336,,2.7945602777777774,1.2,-0.060861945,-0.9981462,34.74011162757966,6422.9,0.0,32.56666666666667,1.0,0.0,14496.933333333332,34.97565816218602,73.15254440019498,11811.0,65.691319,3.7483330555555554,1008.16583,10.76,25.007639,0.0,0.005531112768327,5,spring,samcheonpo_coal,1,40.68368
2025-04-20,4101.599578032,6932.587672656,896.3021223359999,16.585,24.06625,54.0475,8,15.892333,91.416664,,1.5730575,0.0,0.80610746,-0.5917692,58.114000282888576,6422.9,0.0,32.56666666666667,1.0,0.0,14496.933333333332,34.97565816218602,73.15254440019498,12770.0,50.566520999999995,2.6683327777777777,1008.92993,6.86,11.075961,0.0,0.0039441721172907,6,spring,samcheonpo_coal,1,39.490559999999995
2025-04-21,5469.74208648,9066.563630928,9835.591911119998,18.70875,28.94375,68.38875,8,15.99025,77.916664,,1.5328569444444442,0.0,0.9384812,0.34533024,50.831008257094375,6422.9,0.0,32.56666666666667,1.0,0.0,14496.933333333332,34.97565816218602,73.15254440019498,15120.0,104.049374,2.842534166666667,1012.7338,18.63,63.472734,0.0,0.0068345399731623,0,spring,samcheonpo_coal,1,40.57664
2025-04-22,4810.01421024,7179.430303296,852.2080493760001,21.9025,35.59625,34.27625,8,15.123582,95.5,,2.5893180555555557,26.0,0.7505878,-0.6607707,36.882297945244055,6422.9,0.0,32.56666666666667,1.0,0.0,14496.933333333332,34.97565816218602,73.15254440019498,21475.0,46.016888,5.685068333333334,1003.00385,2.36,5.3346480000000005,0.0,0.0021382301886328,1,spring,samcheonpo_coal,1,40.68224
2025-04-23,5235.319109376,7257.50767008,732.479634432,20.54125,33.11,31.465,8,15.192333,86.625,,2.3925063888888887,0.0,0.15170887,-0.9884252,36.2067998657382,6422.9,0.0,32.56666666666667,1.0,0.0,14496.933333333332,34.97565816218602,73.15254440019498,21601.0,64.739584,3.649656944444444,1002.94244,15.59,24.563264,0.0,0.0029881086564803,2,spring,samcheonpo_coal,1,40.17632
2025-04-24,5830.413995232,7616.595908448,20072.275226207996,19.795,30.96,78.345,8,16.377747,69.958336,,2.4642194444444443,0.0,-0.88987017,-0.45621386,28.38965342868319,6422.9,0.0,32.56666666666667,1.0,0.0,14496.933333333332,34.97565816218602,73.15254440019498,16964.0,110.160686,3.6235343055555553,1005.1735,24.79,72.17172599999999,0.0,0.0064518946509813,3,spring,samcheonpo_coal,1,37.98896
2025-04-25,3138.262962768,5960.296245744,855.3830182559999,17.0225,25.465,40.455,8,14.1965,39.958332,,3.7138377777777776,0.0,-0.32317787,0.94633824,10.7593100159344,6422.9,0.0,32.56666666666667,1.0,0.0,14496.933333333332,34.97565816218602,73.15254440019498,10932.0,117.37963399999998,6.403124166666666,1011.15454,26.2,78.13163399999999,0.0,0.0106231877162416,4,spring,samcheonpo_coal,1,39.248
2025-04-26,2780.4747510720003,5307.809862384001,480.84467256,8.21125,31.63625,26.92375,8,13.779832,47.458332,,2.4061727777777775,0.0,-0.5526401,-0.83342004,19.72357614478133,6422.9,0.0,32.56666666666667,1.0,0.0,14496.933333333332,34.97565816218602,73.15254440019498,9511.0,122.261704,4.525483333333334,1015.8115,26.71,87.39466399999999,0.0,0.0126916207362282,5,spring,samcheonpo_coal,1,34.86704
2025-04-27,3083.548612176,5735.7425687039995,679.359021696,12.13375,31.2225,62.13125,8,15.911084,53.208332,,2.5022788888888887,0.0,-0.5778276,-0.8161589,21.26394952867409,6422.9,0.0,32.56666666666667,1.0,0.0,14496.933333333332,34.97565816218602,73.15254440019498,10386.0,105.301782,3.753664722222222,1013.05255,21.26,71.883142,0.0,0.0100370558571355,6,spring,samcheonpo_coal,1,33.418639999999996
2025-04-28,4214.08026864,9181.529991072,1391.8552668,19.90125,51.0275,56.379999999999995,8,16.688166,57.125,,2.29027,0.0,-0.8439981,0.53634626,24.942474031446075,6422.9,0.0,32.56666666666667,1.0,0.0,14496.933333333332,34.97565816218602,73.15254440019498,14150.0,118.685258,4.579301388888889,1005.89154,25.99,82.99869799999999,0.0,0.0083178832424982,0,spring,samcheonpo_coal,1,35.68656
2025-04-29,4022.0553132,6626.350103184,2733.6767839199997,32.223749999999995,45.02625,99.17875,8,13.431918,60.375,,2.891238333333334,0.0,-0.29355875,-0.955941,20.88205572813956,6422.9,0.0,32.56666666666667,1.0,0.0,14496.933333333332,34.97565816218602,73.15254440019498,12091.0,122.505672,4.123105555555555,1010.23145,26.73,87.96983200000001,0.0,0.0100303447093695,1,spring,samcheonpo_coal,1,34.53583999999999
2025-04-30,4280.576187456,8888.408388288,8378.521728624,20.985,47.3025,76.4125,8,15.348582,70.25,,2.3976608333333336,0.0,-0.13676049,-0.99060416,29.299390065247614,6422.9,0.0,32.56666666666667,1.0,0.0,14496.933333333332,34.97565816218602,73.15254440019498,13860.0,124.553073,2.9427877777777773,1012.5057,26.74,87.193393,0.0,0.0089064750478493,2,spring,samcheonpo_coal,1,37.35968
2025-05-01,5088.968095535999,7222.784033232,801.8510672159999,13.52,39.9025,37.85375,8,15.604833,91.041664,,4.0108588888888885,42.0,0.05512247,-0.9984796,22.69879507658792,9168.806451612903,0.0,76.80645161290323,1.0,0.0,21274.0,35.73114093532313,58.75186365607572,24277.0,61.681327,7.061161388888888,1006.9417,9.88,23.868526999999997,0.0,0.0025342920666607,3,spring,samcheonpo_coal,1,37.8128
2025-05-02,3669.893278704,4014.208743264,31989.582553536,17.2375,32.74375,103.52875,8,15.492333,57.291668,,2.765115833333333,0.0,-0.82763374,0.5612685,20.71944593038447,9168.806451612903,0.0,76.80645161290323,1.0,0.0,21274.0,35.73114093532313,58.75186365607572,15547.0,123.906775,4.924428611111111,1006.4414,26.88,86.632535,0.0,0.0079068031466864,4,spring,samcheonpo_coal,1,37.27424
2025-05-03,1531.14883992,249.31856088,1234.1748480479998,10.58125,36.408750000000005,105.3,8,14.086083,74.708336,,2.6710748611111113,3.8999999,-0.96594757,0.25873792,27.969390557972943,9168.806451612903,0.0,76.80645161290323,1.0,0.0,21274.0,35.73114093532313,58.75186365607572,11073.0,47.86626999999999,4.738142777777778,1004.51447,7.77,14.14131,0.0,0.0043041853788967,5,spring,samcheonpo_coal,1,33.724959999999996
2025-05-04,1235.568414384,112.631344704,174.188877552,11.66125,37.175,32.402499999999996,8,14.740249,57.833332,,2.2421555555555552,0.0,-0.9975395,0.070106186,25.793630534109045,9168.806451612903,0.0,76.80645161290323,1.0,0.0,21274.0,35.73114093532313,58.75186365607572,8770.0,104.180823,3.4999997222222223,1009.6743,27.57,83.987063,0.0,0.011739767881446,6,spring,samcheonpo_coal,1,20.193759999999997
2025-05-05,1415.660532768,152.776672848,185.820028272,5.95875,37.83125,23.87,8,13.667331,56.083332,,1.9999661111111111,2.4,0.9348981,0.3549163,28.042141158502965,9168.806451612903,0.0,76.80645161290323,1.0,0.0,21274.0,35.73114093532313,58.75186365607572,9996.0,62.325787,4.252058333333333,1008.92676,12.99,33.454507,0.0,0.006196437490676,0,spring,samcheonpo_coal,1,28.87128
2025-05-06,1207.5814465919998,119.807214624,222.701380272,11.60875,30.36625,33.5325,8,12.998582,83.583336,,2.400839722222222,0.4,0.49882093,0.86670506,34.81420905625266,9168.806451612903,0.0,76.80645161290323,1.0,0.0,21274.0,35.73114093532313,58.75186365607572,11010.0,46.47216,4.1340055555555555,1003.6084,8.23,17.78664,0.0,0.0042031634799503,1,spring,samcheonpo_coal,1,28.68552
2025-05-07,1009.735709904,164.998388592,242.166387312,11.8375,38.84125,42.7275,8,14.373582,78.625,,1.8531873611111112,0.0,-0.35166743,-0.936125,42.42690277838879,9168.806451612903,0.0,76.80645161290323,1.0,0.0,21274.0,35.73114093532313,58.75186365607572,10660.0,107.563652,3.231098888888889,1009.99,27.0,79.356212,0.0,0.0099895998274429,2,spring,samcheonpo_coal,1,28.20744
2025-05-08,2309.557245984,8559.554627952,1711.6107753600002,12.00375,70.04,80.56,8,16.400665,70.166664,,1.7784709444444444,0.0,0.94487435,-0.32743323,39.453365386252365,9168.806451612903,0.0,76.80645161290323,1.0,0.0,21274.0,35.73114093532313,58.75186365607572,14239.0,110.208508,2.692582222222222,1014.1921,26.62,79.775788,0.0,0.0076804590259146,3,spring,samcheonpo_coal,1,30.43272
2025-05-09,6408.268300944,7966.565664192,1229.626058832,10.335,43.97875,23.757499999999997,8,15.288167,89.958336,,3.978216111111111,27.4,0.8385835,-0.544773,22.612732312039917,9168.806451612903,0.0,76.80645161290323,1.0,0.0,21274.0,35.73114093532313,58.75186365607572,24223.0,42.734526,5.936328611111111,1003.9981,2.02,7.147966,0.0,0.0017611058076239,4,spring,samcheonpo_coal,1,35.58656
2025-05-10,5798.90754648,6589.760528592,745.773690528,11.6225,23.78375,18.32375,8,15.279834,78.333336,,5.945697777777778,0.0,-0.96347636,-0.2677933,13.174792753976355,9168.806451612903,0.0,76.80645161290323,1.0,0.0,21274.0,35.73114093532313,58.75186365607572,22660.0,66.495138,7.787810555555555,999.84625,16.36,29.396098,0.0,0.002925886178059,5,spring,samcheonpo_coal,1,37.09904
2025-05-11,2528.428124592,5567.504122368001,11991.049595711998,11.6175,42.46125,57.9175,8,15.075668,75.083336,,2.668403333333333,0.0,-0.8902807,-0.45541212,28.13792617557816,9168.806451612903,0.0,76.80645161290323,1.0,0.0,21274.0,35.73114093532313,58.75186365607572,13708.0,77.10907999999999,4.3680658333333335,1003.7254,17.57,50.70356,0.0,0.0055936503333058,6,spring,samcheonpo_coal,1,26.40552
2025-05-12,1718.869734144,5559.484446576,1919.867318496,16.028750000000002,57.21125,27.83125,8,16.394417,64.666664,,2.6645922222222223,0.0,-0.6593215,-0.75186116,24.268878164805702,9168.806451612903,0.0,76.80645161290323,1.0,0.0,21274.0,35.73114093532313,58.75186365607572,11672.0,112.447375,4.4045427777777775,1007.5903,27.76,84.305295,0.0,0.0095420151171916,0,spring,samcheonpo_coal,1,28.14208
2025-05-13,2602.04329224,8413.492625568,10123.8743916,26.61625,56.14875,94.28875,8,17.029833,83.583336,,2.2516683333333334,0.0,-0.1950014,-0.98080295,37.12062507725753,9168.806451612903,0.0,76.80645161290323,1.0,0.0,21274.0,35.73114093532313,58.75186365607572,14343.0,97.496159,2.879236388888889,1012.9502,24.55,69.937679,0.0,0.006751579580542,1,spring,samcheonpo_coal,1,27.55848
2025-05-14,8249.638870656001,12083.907431952,7968.23174736,20.095,27.85,32.46,8,17.092333,84.291664,,2.1701566666666667,0.0,-0.05847582,-0.9982888,38.84128058342946,9168.806451612903,0.0,76.80645161290323,1.0,0.0,21274.0,35.73114093532313,58.75186365607572,27561.0,110.104081,3.0805841666666662,1014.47485,27.12,76.910617,0.112824,0.0039790273881988,2,spring,samcheonpo_coal,1,33.08064
2025-05-15,10520.343044496,13464.491252688,1321.648211952,22.03125,79.35000000000001,9.10625,8,17.384,97.791664,,2.632361388888889,16.6,0.13417369,-0.99095786,37.1497866564885,9168.806451612903,0.0,76.80645161290323,1.0,0.0,21274.0,35.73114093532313,58.75186365607572,34823.0,45.733535,3.4205258333333335,1013.3203,3.77,8.399799000000002,0.383976,0.0013115915137581,3,spring,samcheonpo_coal,1,36.949760000000005
2025-05-16,8760.126784032,12244.342788576,1147.011137712,23.2975,39.48375,8.73875,8,17.940248,97.25,,2.648031666666667,52.100002,0.6806719,-0.7325884,36.72539162736599,9168.806451612903,0.0,76.80645161290323,1.0,0.0,21274.0,35.73114093532313,58.75186365607572,31592.0,51.39538,5.032891666666667,1010.0637,3.17,5.832828,0.648072,0.001624205600657,4,spring,samcheonpo_coal,1,44.914480000000005
2025-05-17,6845.673029472,8778.074303088,11060.455566096,25.1275,36.325,56.3575,8,20.142334,84.708336,,2.7461319444444445,2.4,-0.7796345,-0.6262349,30.84641878601973,9168.806451612903,0.0,76.80645161290323,1.0,0.0,21274.0,35.73114093532313,58.75186365607572,16199.0,114.17548,3.88973,1002.18427,25.12,66.890208,0.4781519999999999,0.0069989733231264,5,spring,samcheonpo_coal,1,46.807120000000005
2025-05-18,1329.682451904,322.013110464,286.61450616,28.99625,47.938750000000006,53.325,8,18.0715,66.541664,,2.725089166666667,0.0,0.98328173,-0.18209061,24.41816026203424,9168.806451612903,0.0,76.80645161290323,1.0,0.0,21274.0,35.73114093532313,58.75186365607572,9989.0,114.253345,4.401136111111111,1006.37787,25.45,80.31196100000001,1.367784,0.0113085697347719,6,spring,samcheonpo_coal,1,32.5736
2025-05-19,2230.304649984,6351.874302672,7263.070653744001,13.59375,38.15,46.4125,8,17.604834,80.375,,3.3402844444444444,0.0,-0.32677338,-0.94510275,24.06232203777722,9168.806451612903,0.0,76.80645161290323,1.0,0.0,21274.0,35.73114093532313,58.75186365607572,15028.0,109.83387399999998,5.3235325,1005.9362,23.95,69.86215399999999,1.22868,0.0072555872203516,0,spring,samcheonpo_coal,1,38.74304
2025-05-20,7530.756642288,10367.97893136,4319.3099293919995,27.34714285714286,31.52428571428571,31.08,7,20.069414,94.5,,2.7042252777777778,0.0,-0.32733348,-0.94490886,34.94531346059166,9168.806451612903,0.0,76.80645161290323,1.0,0.0,21274.0,35.73114093532313,58.75186365607572,27548.0,108.586261,4.604345555555556,1006.74664,19.25,58.740933000000005,0.438048,0.0039262351461331,1,spring,samcheonpo_coal,1,49.40728
2025-05-21,9964.021465008002,14366.87142048,1803.563046,19.195,15.5825,8.18375,8,21.161081,96.416664,,0.8918960277777778,0.5,-0.3310893,-0.9435994,108.10303106767832,9168.806451612903,0.0,76.80645161290323,1.0,0.0,21274.0,35.73114093532313,58.75186365607572,33638.0,80.072561,1.8027755555555556,1003.9367,6.78,27.271737,0.041544,0.0023747668510748,2,spring,samcheonpo_coal,1,52.75928
2025-05-22,8158.707133056,12147.095704176,1108.936612512,12.32375,15.45,5.129999999999999,8,19.359,88.958336,,2.0122886944444445,0.6,0.8743845,-0.48523363,44.20754151509048,9168.806451612903,0.0,76.80645161290323,1.0,0.0,21274.0,35.73114093532313,58.75186365607572,32415.0,67.529775,3.3241538888888886,1004.3675,12.85,15.890383,0.454032,0.0020789567643827,3,spring,samcheonpo_coal,1,51.18536
2025-05-23,9053.365663872,12612.15400032,1368.3639339360002,14.27625,16.69,5.25,8,17.359001,68.166664,,2.4920038888888887,1.1,0.8246374,0.5656617,27.354156349408232,9168.806451612903,0.0,76.80645161290323,1.0,0.0,21274.0,35.73114093532313,58.75186365607572,33878.0,86.43778499999999,3.6069375,1008.0344,13.38,35.270921,0.561024,0.0025449496778708,4,spring,samcheonpo_coal,1,50.60583999999999
2025-05-24,7301.787278544,10614.311136,968.547936384,11.6625,16.8325,3.555,8,14.419415,82.583336,,4.560675,4.7,0.47470406,0.8801455,18.10770028559369,9168.806451612903,0.0,76.80645161290323,1.0,0.0,21274.0,35.73114093532313,58.75186365607572,28366.0,61.026124,5.905929166666666,1004.81366,5.27,11.950956,0.980208,0.002146764270515,5,spring,samcheonpo_coal,1,48.09496
2025-05-25,4260.198749616,5467.443619968,9536.166275039996,12.49375,19.202499999999997,116.9525,8,16.463167,74.666664,,2.5671036111111114,0.0,0.939794,0.34174144,29.085956514112908,9168.806451612903,0.0,76.80645161290323,1.0,0.0,21274.0,35.73114093532313,58.75186365607572,17978.0,115.3166,3.2557641666666663,1010.5433,26.94,81.445008,1.339272,0.0063734362554624,6,spring,samcheonpo_coal,1,32.53232
2025-05-26,5067.2559168,9355.776439824,6609.883280112,10.3675,23.0775,47.1975,8,17.511084,80.666664,,1.8744319444444444,0.0,0.41825402,-0.9083301,43.035258889545055,9168.806451612903,0.0,76.80645161290323,1.0,0.0,21274.0,35.73114093532313,58.75186365607572,22927.0,121.473187,3.2202486111111113,1014.3594,25.41,77.805531,0.534456,0.005270335523505,0,spring,samcheonpo_coal,1,43.133199999999995
2025-05-27,6754.0461400799995,10631.844944352,5161.639395312,16.085,21.5875,71.3775,8,18.584002,73.0,,1.8877238888888888,0.0,0.20475195,-0.9788139,38.67090967576179,9168.806451612903,0.0,76.80645161290323,1.0,0.0,21274.0,35.73114093532313,58.75186365607572,26405.0,123.71016799999998,2.7313,1015.1989,25.9,78.236128,0.44676,0.0046632560428521,1,spring,samcheonpo_coal,1,45.02728
2025-05-28,5516.21265048,11721.801878208,10934.688836448002,10.335,27.585,55.65,8,19.334,71.5,,1.5359555555555555,0.0,0.60745114,-0.79435706,46.55082612344107,9168.806451612903,0.0,76.80645161290323,1.0,0.0,21274.0,35.73114093532313,58.75186365607572,26327.0,121.893516,2.5632011111111113,1014.47736,25.91,74.162052,0.136584,0.0046086433039726,2,spring,samcheonpo_coal,1,47.59488
2025-05-29,5730.946621776,9519.466742928,4768.537538016,9.5425,20.33625,13.35375,8,18.57775,75.25,,1.743475722222222,3.1999998,0.7898517,-0.6132979,43.16091072612521,9168.806451612903,0.0,76.80645161290323,1.0,0.0,21274.0,35.73114093532313,58.75186365607572,33673.0,129.431869,2.927456388888889,1011.8564,25.84,80.067325,0.221184,0.0038290697397633,3,spring,samcheonpo_coal,1,49.14336
2025-05-30,7033.587726672,8767.094411088,36779.962179312,12.06875,19.4325,119.03,8,18.098585,78.416664,,2.0419070555555554,0.0,0.9763411,-0.21623605,38.40364025710497,9168.806451612903,0.0,76.80645161290323,1.0,0.0,21274.0,35.73114093532313,58.75186365607572,33298.0,124.541878,3.847076944444445,1009.6541,28.09,74.757822,0.700776,0.0037262838492238,4,spring,samcheonpo_coal,1,49.08328
2025-05-31,5781.247633872,6080.152594896001,19548.826141824004,23.5,39.73375,288.59125,8,18.97775,79.291664,,1.8434451666666667,0.0,-0.71860147,-0.6954222,43.01275971412584,9168.806451612903,0.0,76.80645161290323,1.0,0.0,21274.0,35.73114093532313,58.75186365607572,15671.0,111.331473,3.264965833333333,1008.095,25.86,65.131721,0.320472,0.0070541841799776,5,spring,samcheonpo_coal,1,45.87928
2025-06-01,1887.90898896,445.470616512,3075.095869056,13.2175,49.24,181.9725,8,20.240252,78.041664,,1.5456655555555556,0.0,0.23530771,-0.9719209,50.49065350489073,9936.0,0.0,62.13333333333333,1.0,0.0,23634.3,36.08199829626151,58.779806044604655,8849.0,112.11245,2.262741666666667,1006.6989,27.44,72.195162,0.140328,0.0125109968907933,6,summer,samcheonpo_coal,1,39.77696
2025-06-02,6584.591660256,17026.068706848,7425.96662592,10.21,30.045,15.635,8,17.384,84.958336,,1.7176063888888888,7.3999996,0.99902827,0.04407356,49.46321610678168,9936.0,0.0,62.13333333333333,1.0,0.0,23634.3,36.08199829626151,58.779806044604655,32316.0,70.111435,3.1400636111111107,1001.6159,3.43,21.075987,0.003528,0.0021648611671307,0,summer,samcheonpo_coal,1,49.03192
2025-06-03,8539.864438608,8632.06982424,11267.181057456,23.0675,21.363750000000003,41.1625,8,20.806915,72.541664,,2.867838611111111,0.7,-0.64960074,0.7602755,25.294890625625047,9936.0,0.0,62.13333333333333,1.0,0.0,23634.3,36.08199829626151,58.779806044604655,26769.0,122.904111,4.440720833333333,996.29175,25.41,71.084447,2.755584,0.004570301548477,1,summer,samcheonpo_coal,1,49.06408
2025-06-04,6469.971771456,8694.886119408,9786.518462736,14.13125,28.07625,37.1175,8,21.006916,55.875,,2.771522777777778,0.0,-0.9666449,-0.25612032,20.160397182375274,9936.0,0.0,62.13333333333333,1.0,0.0,23634.3,36.08199829626151,58.779806044604655,25270.0,135.349464,4.123105555555555,1001.85376,28.3,84.45381599999999,1.682208,0.0053275970162029,2,summer,samcheonpo_coal,1,49.213440000000006
2025-06-05,4951.948841856,6634.613344320001,6329.3902107839995,9.0325,22.38375,28.09125,8,19.867332,65.708336,,1.9108320555555556,0.0,-0.20236628,-0.9793099,34.38728998132489,9936.0,0.0,62.13333333333333,1.0,0.0,23634.3,36.08199829626151,58.779806044604655,24733.0,129.980275,2.8284269444444443,1007.77386,27.34,80.793235,0.0,0.0052278638185099,3,summer,samcheonpo_coal,1,49.18704
2025-06-06,5298.373203120001,7168.63666392,2017.701601056,24.008750000000003,47.8825,45.355,8,19.763166,68.583336,,2.381411388888889,0.0,-0.25089756,-0.96801364,28.79944906621085,9936.0,0.0,62.13333333333333,1.0,0.0,23634.3,36.08199829626151,58.779806044604655,16125.0,82.544285,2.954657222222222,1007.2746,13.58,32.80428499999999,0.0,0.0050929544629653,4,summer,samcheonpo_coal,1,49.74
2025-06-07,2745.9573985439997,5361.999754607999,671.330371824,17.77875,34.49125,51.32375,8,21.075666,73.25,,2.3701616666666667,0.0,-0.19494294,-0.9808146,30.90506484438122,9936.0,0.0,62.13333333333333,1.0,0.0,23634.3,36.08199829626151,58.779806044604655,9656.0,127.21558,2.973213611111111,1006.27704,26.55,80.4011,0.0,0.0130034525928334,5,summer,samcheonpo_coal,1,46.81448
2025-06-08,3166.711166016,6258.452713199999,5893.828831151999,12.63625,31.942500000000003,56.7575,8,21.161081,91.708336,,1.681931388888889,0.0,0.04967567,-0.9987654,54.52561061993379,9936.0,0.0,62.13333333333333,1.0,0.0,23634.3,36.08199829626151,58.779806044604655,12117.0,103.441708,2.5317975,1005.6888,13.77,58.016988,0.0,0.008464645589061,6,summer,samcheonpo_coal,1,45.42472
2025-06-09,5303.391772175999,6362.347315823999,732.9928824,16.26,25.47875,35.71875,8,21.802748,87.875,,1.6928376111111112,0.0,0.2343165,-0.97216034,51.90988162315365,9936.0,0.0,62.13333333333333,1.0,0.0,23634.3,36.08199829626151,58.779806044604655,21435.0,92.508616,3.605551111111111,1004.438,14.93,47.607576,0.0,0.0042972281488831,0,summer,samcheonpo_coal,1,44.90104
2025-06-10,4921.067251584001,6342.946596288,813.470344272,24.1075,35.41,40.4425,8,22.627752,82.291664,,1.5993875833333333,0.0,-0.62789893,-0.77829486,51.451983782751014,9936.0,0.0,62.13333333333333,1.0,0.0,23634.3,36.08199829626151,58.779806044604655,21284.0,101.397531,2.687005833333333,1003.2476,21.46,57.976331,0.0,0.0047414377428811,1,summer,samcheonpo_coal,1,43.4212
2025-06-11,4335.581111472,5694.671671775999,691.374441168,12.39125,33.528749999999995,21.65,8,22.20275,64.666664,,2.2467891666666664,0.0,0.44722354,-0.89442223,28.781812267654548,9936.0,0.0,62.13333333333333,1.0,0.0,23634.3,36.08199829626151,58.779806044604655,18036.0,123.882243,3.190611111111111,1007.44464,24.87,78.07112299999999,0.0,0.0068217536513901,2,summer,samcheonpo_coal,1,45.81112
2025-06-12,4405.412076336,5723.032731552001,842.514649632,12.825,25.745,24.10875,8,21.738167,74.375,,1.6299675,0.0,-0.23580536,-0.9718003,45.62974415134044,9936.0,0.0,62.13333333333333,1.0,0.0,23634.3,36.08199829626151,58.779806044604655,19431.0,89.269081,2.408319166666667,1011.45044,21.27,43.398360999999994,0.0,0.0045731480764724,3,summer,samcheonpo_coal,1,45.87072
2025-06-13,3975.745023216,6126.618944592,830.265749856,15.03375,48.94,32.49375,8,19.540253,91.916664,,1.4555254166666665,24.1,0.99853516,-0.054106787,63.15016072374782,9936.0,0.0,62.13333333333333,1.0,0.0,23634.3,36.08199829626151,58.779806044604655,20723.0,75.170442,2.884440833333333,1010.9134,5.99,27.675482,0.0,0.0036142814681526,4,summer,samcheonpo_coal,1,47.49496
2025-06-14,3683.009419056,5461.50060216,781.981967376,8.87375,33.94625,46.7475,8,22.188166,96.666664,,1.6167277777777778,73.00001,0.507535,0.86163116,59.79155262172221,9936.0,0.0,62.13333333333333,1.0,0.0,23634.3,36.08199829626151,58.779806044604655,19102.0,61.816707,3.4999997222222223,999.26495,3.91,14.341347,0.0,0.0032256991363009,5,summer,samcheonpo_coal,1,47.47536
2025-06-15,4469.13568944,5994.939289104,977.5581819839998,15.57,44.65625,52.435,8,23.258997,90.541664,,2.1404320555555554,4.3,-0.13453959,-0.9909082,42.30064849056825,9936.0,0.0,62.13333333333333,1.0,0.0,23634.3,36.08199829626151,58.779806044604655,19181.0,91.434948,2.973213611111111,997.882,20.28,45.835428,0.0,0.0047443381309474,6,summer,samcheonpo_coal,1,45.59952
2025-06-16,4906.745256384001,5775.447944016,935.88493752,14.87625,17.5,53.83125,8,23.09025,90.291664,,3.4629366666666663,15.299999,-0.5449005,-0.83850074,26.073726634715623,9936.0,0.0,62.13333333333333,1.0,0.0,23634.3,36.08199829626151,58.779806044604655,20803.0,74.915009,4.939635,997.64777,13.04,29.616049,0.0,0.0035882418798862,0,summer,samcheonpo_coal,1,45.29896
2025-06-17,4323.790096416,5794.590111984,686.9194428960001,16.35625,13.99625,41.50875,8,22.813166,89.958336,,2.9071955555555555,0.0,-0.07885662,-0.99688596,30.943338444533794,9936.0,0.0,62.13333333333333,1.0,0.0,23634.3,36.08199829626151,58.779806044604655,18026.0,93.614971,3.5341194444444444,1003.4493,21.21,46.982571,0.0,0.0051664989101494,1,summer,samcheonpo_coal,1,46.6324
2025-06-18,2981.6669740320003,5644.6450215840005,658.7933990399998,19.55875,30.1125,52.60375,8,23.331917,79.875,,2.3449988888888886,0.0,-0.5201798,-0.8540568,34.061849827931695,9936.0,0.0,62.13333333333333,1.0,0.0,23634.3,36.08199829626151,58.779806044604655,19280.0,123.182976,3.3241538888888886,1008.1514,27.3,75.832496,0.0,0.0063485963180559,2,summer,samcheonpo_coal,1,47.350480000000005
2025-06-19,4320.8189314559995,8155.721897856,1531.644476976,16.596249999999998,30.045,14.035,8,22.43608,93.25,,2.0146994444444446,0.0,-0.14333051,-0.98967487,46.284819434053986,9936.0,0.0,62.13333333333333,1.0,0.0,23634.3,36.08199829626151,58.779806044604655,23088.0,93.4672,2.745906111111111,1010.9605,14.73,47.06128,0.0,0.004031979477123,3,summer,samcheonpo_coal,1,46.405919999999995
2025-06-20,4128.783341184,13077.850533408,1951.833189168,10.56,34.1025,6.03,8,23.281916,98.416664,,3.371041388888889,3.3999999,0.056512903,-0.9984019,29.194736179860012,9936.0,0.0,62.13333333333333,1.0,0.0,23634.3,36.08199829626151,58.779806044604655,34272.0,70.202223,4.5398241666666665,1006.83905,4.16,20.948943,0.0,0.0020441968905821,4,summer,samcheonpo_coal,1,49.25328
2025-06-21,6943.238377632,11280.236651712,1348.924025088,13.1275,14.65125,1.94375,8,23.054832,97.958336,,3.819235,62.5,-0.16195776,-0.9867977,25.648679905792655,9936.0,0.0,62.13333333333333,1.0,0.0,23634.3,36.08199829626151,58.779806044604655,40725.0,58.862956,5.333853888888889,1002.28973,2.47,6.3034360000000005,0.0,0.0014432903539202,5,summer,samcheonpo_coal,1,52.55952
2025-06-22,3509.767717488,5605.299763776,1076.930608464,21.7775,26.75875,128.17625,8,21.619415,81.375,,2.07750625,21.7,0.14353365,0.9896454,39.16955725163282,9936.0,0.0,62.13333333333333,1.0,0.0,23634.3,36.08199829626151,58.779806044604655,14000.0,102.810037,4.827007222222222,1003.16925,18.31,51.149077000000005,0.0,0.0072900391291004,6,summer,samcheonpo_coal,1,51.66096
2025-06-23,3755.038581072,5815.030053024,600.934037904,48.22875,47.04,29.335,8,23.238165,72.25,,1.9347446388888887,0.0,0.908132,0.41868392,37.34342948818957,9936.0,0.0,62.13333333333333,1.0,0.0,23634.3,36.08199829626151,58.779806044604655,19385.0,127.713231,2.507987222222222,1003.95233,27.3,79.61491099999999,0.0,0.0065451292953509,0,summer,samcheonpo_coal,1,48.09832
2025-06-24,6380.486692416,13744.514328048,8432.811528191998,13.98,27.6725,18.935,8,20.704832,89.083336,,2.574286388888889,12.900001,0.8175714,0.5758272,34.605060409945324,9936.0,0.0,62.13333333333333,1.0,0.0,23634.3,36.08199829626151,58.779806044604655,33277.0,56.452152,3.858756111111111,1004.3505,2.81,10.707832,0.0,0.001693558523209,1,summer,samcheonpo_coal,1,45.74432
2025-06-25,5393.9315376,10705.018673376,1152.570400416,11.29,15.26,1.9025,8,23.519419,85.458336,,3.534098055555556,0.2,-0.45390534,-0.8910499,24.181087976792444,9936.0,0.0,62.13333333333333,1.0,0.0,23634.3,36.08199829626151,58.779806044604655,37277.0,93.99558100000002,4.669047222222222,1004.7366,24.18,50.91286100000001,0.0,0.0025152014159287,2,summer,samcheonpo_coal,1,43.08272
2025-06-26,5601.390324192001,11000.65756176,1216.713179664,10.205,15.49125,1.98375,8,23.919413,78.666664,,2.781059166666666,0.0,-0.82534426,-0.5646298,28.28658409820479,9936.0,0.0,62.13333333333333,1.0,0.0,23634.3,36.08199829626151,58.779806044604655,37748.0,121.808788,3.612478333333333,1005.85815,21.47,72.021908,0.0,0.0032165144715121,3,summer,samcheonpo_coal,1,49.78688
2025-06-27,7782.755428944,12033.017220384,1767.216624768,9.94375,15.595,2.2825,8,24.808998,77.083336,,1.7865984999999998,0.0,-0.564777,-0.82524353,43.14530433110742,9936.0,0.0,62.13333333333333,1.0,0.0,23634.3,36.08199829626151,58.779806044604655,40343.0,121.842151,2.8319602777777777,1005.4324,23.38,71.88479099999999,0.0,0.0030110620608707,4,summer,samcheonpo_coal,1,49.95736
2025-06-28,8341.464816144,11223.175670496,10354.669695504,16.90375,23.14625,27.67375,8,25.669418,90.791664,,2.0543062777777776,0.0,-0.39912042,-0.9168985,44.19577790426306,9936.0,0.0,62.13333333333333,1.0,0.0,23634.3,36.08199829626151,58.779806044604655,28913.0,125.97308900000002,2.8301944444444445,1004.8444,22.35,73.012769,0.0,0.004338069690478,5,summer,samcheonpo_coal,1,52.96032
2025-06-29,4300.009213536001,8157.643441776001,51549.32202609601,24.20125,39.3125,161.635,8,26.052748,88.208336,,2.2748355555555557,0.0,-0.55817693,-0.8297219,38.775697779375506,9936.0,0.0,62.13333333333333,1.0,0.0,23634.3,36.08199829626151,58.779806044604655,15231.0,125.551517,2.9410883333333335,1005.3845,25.66,75.47567699999999,0.0,0.0081757624334481,6,summer,samcheonpo_coal,1,50.07584
2025-06-30,8070.507296208,15222.617716032,6942.183152832,13.24625,26.3525,13.09375,8,25.834,88.916664,,1.9758060277777776,0.0,-0.5374403,-0.8433018,45.00272939242222,9936.0,0.0,62.13333333333333,1.0,0.0,23634.3,36.08199829626151,58.779806044604655,31634.0,58.707148,3.1400636111111107,1008.3094,24.47,16.196188,0.0,0.0018523866618855,0,summer,samcheonpo_coal,1,42.51096
2025-07-01,11237.484838176,13659.59315448,2018.889578448,12.585,15.6975,2.29,8,25.819414,92.25,,2.3953325,0.0,-0.5361881,-0.8440985,38.51239859184477,17197.09677419355,0.0,9.290322580645162,1.0,0.0,40436.16129032258,36.84383747859031,79.51565168832433,46244.0,49.188888,3.0232433333333333,1010.40643,21.82,5.471688,0.0,0.0010625512992636,1,summer,samcheonpo_coal,1,43.7172
2025-07-02,9351.4994856,10471.023676368,1435.733540784,12.64875,15.30625,2.03875,8,27.188164,87.666664,,2.311190555555555,0.0,-0.498248,-0.86703455,37.93138726240901,17197.09677419355,0.0,9.290322580645162,1.0,0.0,40436.16129032258,36.84383747859031,79.51565168832433,38188.0,50.50292,3.0805841666666662,1009.8531,25.07,6.36804,0.0,0.0013207347606065,2,summer,samcheonpo_coal,1,44.134879999999995
2025-07-03,11629.73725848,13818.892056192,2042.271022752,12.96625,15.8225,2.3,8,27.361082,84.25,,2.712756944444444,0.0,-0.6660143,-0.74593896,31.056965930006633,17197.09677419355,0.0,9.290322580645162,1.0,0.0,40436.16129032258,36.84383747859031,79.51565168832433,46339.0,115.75426699999998,3.764305833333333,1007.7332,25.88,68.32362699999999,0.0,0.0024917636273501,3,summer,samcheonpo_coal,1,47.43064
2025-07-04,10109.734976592,11389.790951856,1450.4114672639998,12.64375,14.83,1.87,8,26.71942,85.458336,,3.2570455555555555,0.0,-0.73994064,-0.67267215,26.237992236317783,17197.09677419355,0.0,9.290322580645162,1.0,0.0,40436.16129032258,36.84383747859031,79.51565168832433,41511.0,120.889829,4.060788055555555,1005.26337,22.96,66.826069,0.0,0.0029037795184543,4,summer,samcheonpo_coal,1,54.06376
2025-07-05,9106.540741872,10987.083997488,1161.603911376,12.235,15.325,1.61125,8,27.296501,84.75,,3.1544594444444445,0.0,-0.78190684,-0.6233953,26.866726769703632,17197.09677419355,0.0,9.290322580645162,1.0,0.0,40436.16129032258,36.84383747859031,79.51565168832433,38156.0,129.313461,4.220189444444444,1003.5342,25.67,76.60282099999999,0.0,0.0033776257606386,5,summer,samcheonpo_coal,1,52.71064
2025-07-06,8037.488235312,10168.788494448,25481.175401808,14.875,18.6425,71.25625,8,28.127748,84.625,,3.347501666666666,0.0,-0.81661755,-0.57717913,25.280047159548342,17197.09677419355,0.0,9.290322580645162,1.0,0.0,40436.16129032258,36.84383747859031,79.51565168832433,29452.0,123.489859,4.560701666666667,1002.0903,24.83,70.30633900000001,0.0,0.0041754121263496,6,summer,samcheonpo_coal,1,53.183519999999994
2025-07-07,9833.888450304,14702.830843536,8867.680330176001,11.42125,17.3725,12.07375,8,28.379831,81.458336,,1.6679644444444444,0.0,-0.496137,-0.86824423,48.836973876341624,17197.09677419355,0.0,9.290322580645162,1.0,0.0,40436.16129032258,36.84383747859031,79.51565168832433,42931.0,129.195139,2.418676944444444,1002.27155,25.39,76.06777900000002,0.0,0.0030003379822816,0,summer,samcheonpo_coal,1,53.12736
2025-07-08,10843.732490688,13550.454926064,1913.757396624,11.80625,15.13375,2.09,8,28.894417,79.291664,,1.50392625,0.0,0.816721,0.57703274,52.72310660180311,17197.09677419355,0.0,9.290322580645162,1.0,0.0,40436.16129032258,36.84383747859031,79.51565168832433,47332.0,114.215936,2.418676944444444,1004.3247,19.14,60.503456,0.0,0.0024072717654462,1,summer,samcheonpo_coal,1,53.712480000000006
2025-07-09,9651.433185648,11327.885964144,1454.741744976,11.61375,14.18625,1.7975,8,27.52983,74.333336,,2.6309402777777775,0.0,0.7692744,0.6389185,28.253524653469377,17197.09677419355,0.0,9.290322580645162,1.0,0.0,40436.16129032258,36.84383747859031,79.51565168832433,41704.0,128.934466,3.623533888888889,1005.88727,23.65,76.136386,0.0,0.0030821281759421,2,summer,samcheonpo_coal,1,52.79808
2025-07-10,9794.415230784,12523.254710832,1929.70816416,11.70875,15.53875,2.3075,8,26.813164,78.958336,,3.472433888888889,0.0,0.6055727,0.79578996,22.73861462205264,17197.09677419355,0.0,9.290322580645162,1.0,0.0,40436.16129032258,36.84383747859031,79.51565168832433,42477.0,124.486837,4.720169166666667,1006.91705,20.32,73.821957,0.0,0.0029221242318679,3,summer,samcheonpo_coal,1,50.66488
2025-07-11,9576.248366736,11394.419627808,1393.277714928,12.455,15.46125,1.84375,8,26.311075,73.458336,,4.305529166666666,0.0,0.6394179,0.7688594,17.061395511778947,17197.09677419355,0.0,9.290322580645162,1.0,0.0,40436.16129032258,36.84383747859031,79.51565168832433,39465.0,126.975677,5.280151388888889,1007.81665,18.86,76.92759699999999,0.0,0.0032071063600335,4,summer,samcheonpo_coal,1,50.04808
2025-07-12,8537.846149728,10436.649777504,1225.538458848,11.9025,15.20875,1.76,8,25.721498,78.5,,2.96575,0.0,0.7628718,0.64654976,26.46885273539577,17197.09677419355,0.0,9.290322580645162,1.0,0.0,40436.16129032258,36.84383747859031,79.51565168832433,36423.0,115.883724,4.4407202777777774,1006.3066,18.37,65.105084,0.0,0.0031715179061117,5,summer,samcheonpo_coal,1,50.77864
2025-07-13,9611.59011336,11578.95420048,1118.712485088,11.81125,15.02125,1.43,8,23.6465,89.458336,,3.0153816666666664,79.5,0.47230002,0.88143784,29.667334317546317,17197.09677419355,0.0,9.290322580645162,1.0,0.0,40436.16129032258,36.84383747859031,79.51565168832433,41400.0,62.688349,6.378871111111111,999.21136,5.73,12.728669,0.0,0.001511921959144,6,summer,samcheonpo_coal,1,49.95968
2025-07-14,8142.314484528,10884.465070128,1257.3244510559998,10.89125,15.1625,1.735,8,25.219414,78.458336,,3.00470611111111,35.899998,-0.3598736,0.93300104,26.11181696268687,17197.09677419355,0.0,9.290322580645162,1.0,0.0,40436.16129032258,36.84383747859031,79.51565168832433,36985.0,110.538513,6.378871111111111,990.67523,20.82,70.62955299999999,0.0,0.0029798330858915,0,summer,samcheonpo_coal,1,39.90896
2025-07-15,8835.095501856,11604.724694352,1384.780701024,11.55,15.6325,1.835,8,24.24025,84.041664,,2.796373333333333,0.1,-0.91110784,-0.41216803,30.053806835520295,17197.09677419355,0.0,9.290322580645162,1.0,0.0,40436.16129032258,36.84383747859031,79.51565168832433,38796.0,86.07536200000001,3.805259444444444,993.1558,10.72,48.007682,0.0,0.0022137543122022,1,summer,samcheonpo_coal,1,38.06768
2025-07-16,9488.279911536,12407.615082,1645.529812704,11.4475,15.36375,2.0124999999999997,8,24.16525,90.416664,,3.636467777777778,12.900001,0.045743387,-0.9989532,24.863870526374647,17197.09677419355,0.0,9.290322580645162,1.0,0.0,40436.16129032258,36.84383747859031,79.51565168832433,42343.0,49.872577,5.470831111111111,1001.0528,3.31,10.600097,0.0,0.0011764377823044,2,summer,samcheonpo_coal,1,39.27248
2025-07-17,10017.444336192,11211.257371104,1471.872989376,13.16875,15.3625,1.985,8,25.46108,93.375,,3.866973194444444,67.2,0.22795075,-0.9736727,24.146792673440004,17197.09677419355,0.0,9.290322580645162,1.0,0.0,40436.16129032258,36.84383747859031,79.51565168832433,38384.0,50.839554,5.0249375,1003.21454,2.88,9.346673999999998,0.0,0.0013227466171303,3,summer,samcheonpo_coal,1,41.49288
2025-07-18,10457.032072896,10860.869865312,1439.149244256,14.13375,15.28375,2.00875,8,25.888166,95.125,,2.372665833333333,20.199999,0.2988253,-0.95430785,40.09203431161644,17197.09677419355,0.0,9.290322580645162,1.0,0.0,40436.16129032258,36.84383747859031,79.51565168832433,37044.0,67.12858,4.949747222222222,1004.5566,10.73,24.53402,0.0,0.001808853100635,4,summer,samcheonpo_coal,1,42.594559999999994
2025-07-19,10820.899879056,10845.939494016,1561.4954316,14.5975,15.31625,2.185,8,25.436079,94.958336,,4.311410277777778,147.7,0.32295436,-0.94641453,22.02488974186521,17197.09677419355,0.0,9.290322580645162,1.0,0.0,40436.16129032258,36.84383747859031,79.51565168832433,37325.0,50.39117,5.852349722222223,1007.5577,3.04,8.31117,0.0,0.0013482446182515,5,summer,samcheonpo_coal,1,42.08
2025-07-20,9795.658498128,10437.620853168,1666.062467136,13.8225,15.33375,2.43875,8,26.733995,85.25,,1.558208722222222,0.0,0.27020687,-0.9628023,54.710257223064225,17197.09677419355,0.0,9.290322580645162,1.0,0.0,40436.16129032258,36.84383747859031,79.51565168832433,35492.0,93.56796,2.594224444444444,1010.1469,16.71,53.26108,0.0,0.0026293794187906,6,summer,samcheonpo_coal,1,40.30688
2025-07-21,10469.854670832,11066.876358768,1720.043973792,13.91375,15.42,2.355,8,26.573584,93.25,,2.0299959166666666,8.2,0.15859933,-0.987343,45.9360529912396,17197.09677419355,0.0,9.290322580645162,1.0,0.0,40436.16129032258,36.84383747859031,79.51565168832433,38170.0,84.798058,3.1016125,1011.6193,18.44,42.392138,0.0,0.0022166646356735,0,summer,samcheonpo_coal,1,42.405919999999995
2025-07-22,11795.454591552,12339.305325072,2069.094325968,14.44,15.65375,2.5675,8,27.454832,84.375,,1.5326186111111109,0.0,-0.5926411,-0.80546665,55.05283531617184,17197.09677419355,0.0,9.290322580645162,1.0,0.0,40436.16129032258,36.84383747859031,79.51565168832433,41326.0,114.683926,2.418676944444444,1011.45483,23.3,72.313046,0.0,0.0027674235831819,1,summer,samcheonpo_coal,1,42.37088
2025-07-23,13131.050181696,13623.501283632,2438.869921344,14.38375,15.56875,2.69125,8,28.238165,79.5,,1.5429014722222223,0.0,-0.33005872,-0.94396037,51.52629732441509,17197.09677419355,0.0,9.290322580645162,1.0,0.0,40436.16129032258,36.84383747859031,79.51565168832433,46679.0,115.360235,2.370653611111111,1009.591,24.29,72.445035,0.0,0.0024652593693057,2,summer,samcheonpo_coal,1,42.9152
2025-07-24,10685.3889096,11763.443193696,2083.63618224,13.18625,15.15,2.59625,8,28.138166,75.958336,,1.481449861111111,0.0,0.9998406,0.017854057,51.272971157478146,17197.09677419355,0.0,9.290322580645162,1.0,0.0,40436.16129032258,36.84383747859031,79.51565168832433,41525.0,118.178663,2.4698177777777777,1007.4055,26.13,75.659543,0.0,0.0028378876635803,3,summer,samcheonpo_coal,1,42.51912
2025-07-25,10750.219432128002,11321.874177552,1687.614672528,14.035,15.33625,2.2275,8,28.171501,79.916664,,2.0857293055555557,0.0,0.75359184,0.6573427,38.31593284283521,17197.09677419355,0.0,9.290322580645162,1.0,0.0,40436.16129032258,36.84383747859031,79.51565168832433,38822.0,120.80579799999998,2.9410883333333335,1005.78217,25.21,75.38227799999999,0.0,0.0031021338993043,4,summer,samcheonpo_coal,1,45.42352
2025-07-26,12032.894463696,13329.464082912,2392.14788352,13.8825,15.7875,2.775,8,28.200666,81.208336,,2.3001905555555555,0.0,0.8033888,0.5954549,35.30504714222952,17197.09677419355,0.0,9.290322580645162,1.0,0.0,40436.16129032258,36.84383747859031,79.51565168832433,43708.0,122.60722900000002,2.84605,1004.4788,22.94,73.46202900000002,0.0,0.0027972970659388,5,summer,samcheonpo_coal,1,49.1452
2025-07-27,10213.843939920002,11633.276597472,1783.620038448,12.9375,15.44,2.30625,8,28.67775,77.375,,2.0083379722222223,0.0,0.8755786,0.48307565,38.52688196418688,17197.09677419355,0.0,9.290322580645162,1.0,0.0,40436.16129032258,36.84383747859031,79.51565168832433,39568.0,125.771921,3.026549027777778,1002.92285,23.48,77.31888099999999,0.0,0.0031685555419201,6,summer,samcheonpo_coal,1,48.45304
2025-07-28,11218.787592048,12331.435513968,1834.440614352,13.3825,15.465,2.21875,8,28.100664,79.208336,,1.772478166666667,0.0,0.98397565,0.17830297,44.68790504142552,17197.09677419355,0.0,9.290322580645162,1.0,0.0,40436.16129032258,36.84383747859031,79.51565168832433,42284.0,127.366712,2.7856775000000003,1000.5493,25.47,77.99927199999999,0.0,0.0030031268000604,0,summer,samcheonpo_coal,1,49.36744
2025-07-29,11173.601049407998,12464.634517776,2015.063160336,13.1725,15.73125,2.4075,8,28.159002,77.708336,,1.6613588888888888,0.0,0.9979613,-0.06382206,46.77396107470257,17197.09677419355,0.0,9.290322580645162,1.0,0.0,40436.16129032258,36.84383747859031,79.51565168832433,42512.0,129.31201900000002,2.9068880555555556,998.2161,26.02,79.312899,0.0,0.0030325525383079,1,summer,samcheonpo_coal,1,49.999120000000005
2025-07-30,10717.84404072,11832.794723088,1827.421755984,13.41625,15.5975,2.32875,8,28.044413,78.083336,,1.6174830555555555,0.0,0.9148492,0.40379557,48.274592881704585,17197.09677419355,0.0,9.290322580645162,1.0,0.0,40436.16129032258,36.84383747859031,79.51565168832433,40292.0,128.314044,2.3323805555555555,998.14404,25.96,76.39820399999999,0.0,0.0031744939898369,2,summer,samcheonpo_coal,1,51.91584
2025-07-31,9838.160494128,11410.461010224,1825.700532336,12.27625,14.9525,2.325,8,27.529833,81.208336,,1.8227458333333333,0.0,0.89348024,0.4491025,44.552748120395286,17197.09677419355,0.0,9.290322580645162,1.0,0.0,40436.16129032258,36.84383747859031,79.51565168832433,40644.0,127.039498,2.692582222222222,999.7954,25.01,75.38525800000001,0.0,0.0031159249203403,3,summer,samcheonpo_coal,1,51.65424
2025-08-01,9130.345834176,11315.90043216,1623.63012192,11.955,15.36125,2.16625,8,27.99025,83.25,,1.8107798333333336,0.0,0.49526307,-0.86874306,45.974667084043624,17676.709677419356,0.0,17.548387096774192,1.0,0.0,41987.87096774193,36.91451156401541,82.85029999446844,38479.0,126.114376,2.376972777777778,999.92096,24.33,74.434136,0.0,0.0032667789757515,4,summer,samcheonpo_coal,1,51.68024
2025-08-02,9338.547322512,11136.652777728,1548.886382928,12.35375,15.2625,2.085,8,28.704834,86.833336,,1.3765960277777776,0.0,-0.5299979,-0.847999,63.07829911450058,17676.709677419356,0.0,17.548387096774192,1.0,0.0,41987.87096774193,36.91451156401541,82.85029999446844,38084.0,115.541415,2.0615527777777776,999.73834,20.8,62.334855000000005,0.0,0.0030246806825442,5,summer,samcheonpo_coal,1,53.20656
2025-08-03,10769.151212352,12675.833917776,2143.45371384,12.89625,15.79875,2.59625,8,26.94233,92.375,,2.7933480555555557,45.7,0.1688778,-0.985637,33.06963477618903,17676.709677419356,0.0,17.548387096774192,1.0,0.0,41987.87096774193,36.91451156401541,82.85029999446844,42157.0,93.418432,5.842088888888889,999.108,4.94,39.686831999999995,0.0,0.0022110652501667,6,summer,samcheonpo_coal,1,53.7316
2025-08-04,9045.734542704002,10601.967046752,2070.543230496,12.18875,14.7025,2.8512500000000003,8,28.996496,86.208336,,4.375241111111111,10.700001,-0.48753607,-0.87310284,19.703676622774054,17676.709677419356,0.0,17.548387096774192,1.0,0.0,41987.87096774193,36.91451156401541,82.85029999446844,37074.0,92.313728,5.6142674999999995,998.33795,17.83,37.222767999999995,0.0,0.0024838010214193,0,summer,samcheonpo_coal,1,55.09096
2025-08-05,8527.637366208,10436.567205888,1639.461500352,11.2875,14.44125,2.2350000000000003,8,28.158998,88.583336,,3.000548888888889,4.5,-0.6713961,-0.74109876,29.522377165066835,17676.709677419356,0.0,17.548387096774192,1.0,0.0,41987.87096774193,36.91451156401541,82.85029999446844,38233.0,91.90353,5.099019444444445,1002.3399,14.23,36.81593,0.0,0.00239801073284,1,summer,samcheonpo_coal,1,55.0876
2025-08-06,11948.840754048,12361.769903952,2243.8341368640004,13.6475,14.55,2.595,8,28.438164,88.25,,4.572383333333334,3.3000002,-0.64404815,-0.76498497,19.300656477475275,17676.709677419356,0.0,17.548387096774192,1.0,0.0,41987.87096774193,36.91451156401541,82.85029999446844,44412.0,82.68182300000001,5.990825833333333,1000.7986,12.24,28.875743,0.0,0.0018582405719611,2,summer,samcheonpo_coal,1,53.80608
2025-08-07,10601.06247504,15409.993576752,8463.069551088,14.87625,22.86375,16.765,8,29.252752,76.666664,,2.954301666666667,2.7,-0.9999954,0.0030202938,25.950858324668943,17676.709677419356,0.0,17.548387096774192,1.0,0.0,41987.87096774193,36.91451156401541,82.85029999446844,38014.0,108.763139,4.123105555555555,999.3582,22.64,57.28985900000001,0.0,0.0028529710347447,3,summer,samcheonpo_coal,1,51.473279999999995
2025-08-08,8487.500362847999,11337.889451184,1864.01706552,12.92375,14.37125,8.195,8,26.123583,77.5,,1.9968455555555555,0.0,-0.076695226,0.9970546,38.811213909048774,17676.709677419356,0.0,17.548387096774192,1.0,0.0,41987.87096774193,36.91451156401541,82.85029999446844,31990.0,97.805233,2.9832866666666664,1001.43646,18.97,48.869713,0.0,0.0030480499457599,4,summer,samcheonpo_coal,1,48.93552
2025-08-09,9937.473010992,13350.433821264,2885.6982372479997,12.1825,15.22625,8.6875,8,24.350668,92.5,,1.661206222222222,32.600002,0.8992727,0.4373884,55.68243049093644,17676.709677419356,0.0,17.548387096774192,1.0,0.0,41987.87096774193,36.91451156401541,82.85029999446844,35209.0,59.278561,2.9832866666666664,1001.00507,2.7,10.905121,0.0,0.0016807897470093,5,summer,samcheonpo_coal,1,48.37344
2025-08-10,7036.265340576,10601.707246992,1937.652828624,12.5575,15.41375,8.18125,8,23.265251,92.666664,,2.5966786111111113,17.3,0.59319985,0.80505526,35.6866127380886,17676.709677419356,0.0,17.548387096774192,1.0,0.0,41987.87096774193,36.91451156401541,82.85029999446844,27156.0,69.388326,4.114608333333333,998.5717,6.02,23.254966,0.0,0.0025486624899206,6,summer,samcheonpo_coal,1,46.13336
2025-08-11,8542.354515408,13054.473949824,3424.18979808,11.39375,19.8,13.72,8,24.31317,91.125,,2.1029625,12.9,0.78831536,0.6152714,43.331728454501686,17676.709677419356,0.0,17.548387096774192,1.0,0.0,41987.87096774193,36.91451156401541,82.85029999446844,32191.0,61.305533,3.661966666666667,1001.8974,5.14,12.589453,0.0,0.00190081087187,0,summer,samcheonpo_coal,1,48.716080000000005
2025-08-12,9070.98547392,13946.779276992,2874.687698736,10.3,16.02625,3.2775,8,22.844416,94.583336,,1.9497575,56.399994,0.7300922,0.6833486,48.51030756388936,17676.709677419356,0.0,17.548387096774192,1.0,0.0,41987.87096774193,36.91451156401541,82.85029999446844,43965.0,54.110364999999994,2.9832866666666664,1007.3157,2.43,2.753805,0.0,0.0012292471281524,1,summer,samcheonpo_coal,1,51.356559999999995
2025-08-13,8659.449400176,12877.601790672,2413.317153024,10.12125,15.15125,2.8425,8,27.440252,88.541664,,2.2047054722222224,1.9000001,-0.3369427,-0.94152516,40.16031398096674,17676.709677419356,0.0,17.548387096774192,1.0,0.0,41987.87096774193,36.91451156401541,82.85029999446844,43325.0,110.188871,3.342154444444444,1011.14746,19.98,59.450551,0.0,0.0025368571857084,2,summer,samcheonpo_coal,1,50.73832
2025-08-14,10335.870852192,13700.947464864,2559.312664128,11.63625,15.935,2.9275,8,28.454832,84.791664,,2.4731863888888888,0.0,-0.6448383,-0.764319,34.28438082181657,17676.709677419356,0.0,17.548387096774192,1.0,0.0,41987.87096774193,36.91451156401541,82.85029999446844,46277.0,121.064435,3.2015619444444443,1012.44635,23.22,68.601475,0.0,0.0026092561505362,3,summer,samcheonpo_coal,1,52.46296
2025-08-15,10454.42493864,13195.191224879998,2601.163041408,12.11875,15.78125,3.08625,8,28.369415,81.875,,1.706048888888889,0.0,-0.79456913,-0.6071737,47.9910045563368,17676.709677419356,0.0,17.548387096774192,1.0,0.0,41987.87096774193,36.91451156401541,82.85029999446844,44333.0,123.86027,2.4020822222222225,1011.7684,23.13,72.08555,0.0,0.0027860777672502,4,summer,samcheonpo_coal,1,51.77472
2025-08-16,7904.178762191999,11148.250476096,1840.4330688,10.69875,15.6725,2.55625,8,28.808996,82.791664,,1.7530606944444445,0.0,-0.9407235,-0.33917454,47.2269238950892,17676.709677419356,0.0,17.548387096774192,1.0,0.0,41987.87096774193,36.91451156401541,82.85029999446844,37496.0,126.82101999999998,2.7202941666666667,1010.154,23.0,72.32565999999998,0.0,0.0033708535554147,5,summer,samcheonpo_coal,1,54.49536
2025-08-17,8396.137184256,11500.189751232,2137.687622208,10.96875,15.50625,2.8475,8,27.800661,79.166664,,1.9159999166666664,0.0,-0.7353333,-0.67770565,41.31871995993041,17676.709677419356,0.0,17.548387096774192,1.0,0.0,41987.87096774193,36.91451156401541,82.85029999446844,39200.0,126.636556,2.7313,1011.18463,24.98,72.263116,0.0,0.0032201217060521,6,summer,samcheonpo_coal,1,54.37344
2025-08-18,10607.403248496,13297.31375256,2614.083632928,12.305,15.8275,3.085,8,27.744413,84.083336,,1.99448625,0.0,-0.7699915,-0.63805413,42.15789203861395,17676.709677419356,0.0,17.548387096774192,1.0,0.0,41987.87096774193,36.91451156401541,82.85029999446844,44473.0,108.520947,3.2015619444444443,1011.84033,17.04,55.679187,0.0,0.0024342136538816,0,summer,samcheonpo_coal,1,52.84176
2025-08-19,11735.19817272,14036.079674304,3066.320004336,12.9525,15.885,3.44125,8,28.352747,81.375,,2.552913611111111,0.0,-0.7112386,-0.70295066,31.8753441737431,17676.709677419356,0.0,17.548387096774192,1.0,0.0,41987.87096774193,36.91451156401541,82.85029999446844,47033.0,124.653563,3.612478333333333,1009.55096,21.36,72.036523,0.0,0.0026433368410383,1,summer,samcheonpo_coal,1,52.61704
2025-08-20,11010.353874768,13902.144955776,3061.5364712159994,11.97875,15.62125,3.4075,8,27.8965,83.916664,,1.7567976388888886,0.0,-0.4704543,-0.88242435,47.766835600413415,17676.709677419356,0.0,17.548387096774192,1.0,0.0,41987.87096774193,36.91451156401541,82.85029999446844,47368.0,123.455272,3.014962777777778,1007.6065,22.5,71.348952,0.0,0.0025995259840518,2,summer,samcheonpo_coal,1,52.10632
2025-08-21,11188.628703936,14078.732470848,3875.621462352,11.9525,15.38125,4.215,8,28.061083,80.916664,,1.640986472222222,0.0,-0.54187346,-0.8404601,49.30976907470952,17676.709677419356,0.0,17.548387096774192,1.0,0.0,41987.87096774193,36.91451156401541,82.85029999446844,47840.0,123.569967,2.3600845833333337,1007.1971,20.73,71.987807,0.0,0.0025763296411217,3,summer,samcheonpo_coal,1,51.58216
2025-08-22,10503.284748624,13895.228398607998,3528.857490624,11.24625,15.33875,3.8625,8,28.911085,80.583336,,1.9840811111111112,0.0,-0.87681264,-0.48083222,40.614940361421155,17676.709677419356,0.0,17.548387096774192,1.0,0.0,41987.87096774193,36.91451156401541,82.85029999446844,47484.0,121.118796,3.001666111111111,1005.98175,21.91,69.086876,0.0,0.0025442389193276,4,summer,samcheonpo_coal,1,52.03192
2025-08-23,9854.023379903998,12342.447822671998,2703.4945551359997,11.75,15.21,3.295,8,28.292334,80.166664,,1.8793619444444445,0.0,-0.7667867,-0.641902,42.6563197349928,17676.709677419356,0.0,17.548387096774192,1.0,0.0,41987.87096774193,36.91451156401541,82.85029999446844,42962.0,123.796118,3.3241538888888886,1007.341,24.18,73.27091800000001,0.0,0.0028732466184669,5,summer,samcheonpo_coal,1,50.5252
2025-08-24,9128.043330624,12024.155618208,2444.901977376,11.24125,15.2575,3.07125,8,28.661081,82.625,,1.9957872222222224,0.0,-0.8377862,-0.54599845,41.39970387624822,17676.709677419356,0.0,17.548387096774192,1.0,0.0,41987.87096774193,36.91451156401541,82.85029999446844,41598.0,121.843186,3.4481880555555557,1008.7735,23.01,71.047186,0.0,0.0029205092036608,6,summer,samcheonpo_coal,1,50.796
2025-08-25,10812.700779408002,13706.384936256,3546.914836608,11.63875,15.14375,3.8725,8,28.561083,83.833336,,2.708040277777778,0.0,-0.71640813,-0.6976814,30.95719686591728,17676.709677419356,0.0,17.548387096774192,1.0,0.0,41987.87096774193,36.91451156401541,82.85029999446844,47610.0,121.204782,3.9115213888888887,1008.4903,21.27,69.122862,0.0,0.002539319561565,0,summer,samcheonpo_coal,1,52.08192
2025-08-26,11597.909809968,14088.986268192,3309.188494176,12.45,15.505,3.61,8,28.677748,86.041664,,3.111537777777778,1.3000001,-0.7896428,-0.61356676,27.652456805923755,17676.709677419356,0.0,17.548387096774192,1.0,0.0,41987.87096774193,36.91451156401541,82.85029999446844,47651.0,106.539523,4.750788888888889,1006.6851,17.21,53.720883,0.0,0.0022308419584449,1,summer,samcheonpo_coal,1,52.81864
2025-08-27,10678.152343104,13714.961049504,3038.742933984,11.6725,15.435,3.40375,8,27.348585,81.583336,,1.9270675833333333,0.0,0.99913317,-0.04162877,42.3354825256734,17676.709677419356,0.0,17.548387096774192,1.0,0.0,41987.87096774193,36.91451156401541,82.85029999446844,47038.0,120.820553,2.9154758333333333,1007.8825,21.0,68.507833,0.0,0.0025619926788502,2,summer,samcheonpo_coal,1,52.31272
2025-08-28,10784.971040112,13742.961287328,2915.358911856,11.8525,15.5725,3.2737499999999997,8,27.065247,85.75,,1.7686685,0.0,-0.06982704,-0.99755913,48.48279934877565,17676.709677419356,0.0,17.548387096774192,1.0,0.0,41987.87096774193,36.91451156401541,82.85029999446844,47319.0,121.898453,2.3259405555555555,1010.1218,18.15,67.093573,0.0,0.002569480279147,3,summer,samcheonpo_coal,1,54.80488
2025-08-29,10751.811622128,13948.194063888,2839.969869408,11.60375,15.4175,3.12,8,28.246498,83.833336,,2.2612430555555556,0.0,-0.75199074,-0.6591737,37.07400484615456,17676.709677419356,0.0,17.548387096774192,1.0,0.0,41987.87096774193,36.91451156401541,82.85029999446844,47977.0,128.005155,3.465544722222222,1011.136,22.18,72.73083500000001,0.0,0.0026609529421637,4,summer,samcheonpo_coal,1,55.27432
2025-08-30,9660.273891696,13080.364773264,2646.249742368,10.82875,15.19625,3.04125,8,28.07358,81.333336,,1.8290791666666668,0.0,-0.7248705,-0.68888515,44.46682105522132,17676.709677419356,0.0,17.548387096774192,1.0,0.0,41987.87096774193,36.91451156401541,82.85029999446844,46335.0,128.94104800000002,2.8231186111111106,1011.3372,22.79,74.45152800000001,0.0,0.0027750777289166,5,summer,samcheonpo_coal,1,54.48952
2025-08-31,7734.817160496,11704.58250768,2009.0564566559997,9.56625,15.215,2.57375,8,26.386084,92.458336,,1.9455147222222224,24.400002,0.30850634,-0.9512223,47.523842890477574,17676.709677419356,0.0,17.548387096774192,1.0,0.0,41987.87096774193,36.91451156401541,82.85029999446844,41341.0,91.264482,3.4234483333333334,1008.3658,4.31,39.176322,0.0,0.0022027394143433,6,summer,samcheonpo_coal,1,52.08816
2025-09-01,9461.267610048,12730.330962,2175.164007552,11.02125,15.34625,2.5975,8,27.69858,89.583336,,2.8594894444444443,3.2999997,-0.28625977,-0.95815206,31.328437380332662,16955.3,0.0,23.566666666666663,1.0,0.0,39845.23333333333,36.43421661478538,78.89197996079832,43982.0,78.243832,3.7,1004.8804,12.26,21.231831999999997,0.0,0.0017758374714933,0,autumn,samcheonpo_coal,1,57.012
2025-09-02,10218.641769792,13561.716387168,2576.943490032,11.18875,15.325,2.88875,8,26.56108,88.541664,,1.839460916666667,9.2,-0.76597434,-0.64287114,48.1345720356204,16955.3,0.0,23.566666666666663,1.0,0.0,39845.23333333333,36.43421661478538,78.89197996079832,46697.0,95.222136,2.624881111111111,1006.0301,9.2,37.587656,0.0,0.002034999229642,1,autumn,samcheonpo_coal,1,57.63448
2025-09-03,9740.849131872,13113.941340672,2242.8296592479996,11.34625,15.8075,2.665,8,26.496498,86.041664,,1.805953972222222,0.0,0.857898,0.51382005,47.64333162606904,16955.3,0.0,23.566666666666663,1.0,0.0,39845.23333333333,36.43421661478538,78.89197996079832,43526.0,121.403219,2.561249722222222,1007.9558,18.69,67.75121899999999,0.0,0.0027814534209712,2,autumn,samcheonpo_coal,1,53.652
2025-09-04,9229.143593376,13595.113808064,2715.801137856,10.1075,15.2675,3.02125,8,27.044418,87.5,,2.783810277777778,8.9,0.5861635,0.81019276,31.43173969091324,16955.3,0.0,23.566666666666663,1.0,0.0,39845.23333333333,36.43421661478538,78.89197996079832,46197.0,115.486263,4.024922222222222,1005.9688,16.17,63.255143,0.0,0.0024936312497708,3,autumn,samcheonpo_coal,1,52.23112
2025-09-05,5723.279020944,7101.588354048,6796.839891312,6.75,12.88875,129.32375,8,26.740248,85.291664,,2.761636388888889,0.0,0.9215546,0.38824874,30.884465581044893,16955.3,0.0,23.566666666666663,1.0,0.0,39845.23333333333,36.43421661478538,78.89197996079832,34419.0,127.627373,3.807886388888889,1007.21124,18.43,74.932093,0.0,0.0036943511626187,4,autumn,samcheonpo_coal,1,52.69528
2025-09-06,6659.732899296,12401.042921712002,1470.296689632,8.915000000000001,17.90625,2.0075,8,27.352747,86.083336,,2.515746111111111,0.1,-0.39134616,-0.92024356,34.2178153907511,16955.3,0.0,23.566666666666663,1.0,0.0,39845.23333333333,36.43421661478538,78.89197996079832,38577.0,104.700109,4.669047222222222,1007.14777,17.03,52.273149,0.0,0.0027067090822008,5,autumn,samcheonpo_coal,1,52.42696
2025-09-07,8229.179050272001,13235.019752736,1829.107437408,9.72,15.7275,2.1625,8,27.854834,87.166664,,3.180471111111111,0.1,-0.8980405,-0.4399128,27.406840356285443,16955.3,0.0,23.566666666666663,1.0,0.0,39845.23333333333,36.43421661478538,78.89197996079832,42266.0,82.084895,4.742362222222222,1005.1187,10.84,31.224575,0.0,0.0019383378304715,6,autumn,samcheonpo_coal,1,50.86032
2025-09-08,9453.313626912,13443.48278568,1845.146206656,10.94,15.47125,2.13,8,23.58608,76.083336,,2.000930444444444,1.7000002,0.6457459,0.7635524,38.0239784002709,16955.3,0.0,23.566666666666663,1.0,0.0,39845.23333333333,36.43421661478538,78.89197996079832,42150.0,85.318027,2.8284269444444443,1007.44464,10.03,35.832187000000005,0.0,0.0020200635625724,0,autumn,samcheonpo_coal,1,49.48584
2025-09-09,10549.341353232,13694.093884656,1744.810591104,11.98875,15.93,2.01375,8,19.917334,92.0,,4.248514444444444,69.8,0.46194947,0.88690627,21.654628035995852,16955.3,0.0,23.566666666666663,1.0,0.0,39845.23333333333,36.43421661478538,78.89197996079832,44965.0,65.078038,6.016643888888889,1009.087,4.46,13.985638,0.0,0.0014452126408726,1,autumn,samcheonpo_coal,1,51.092400000000005
2025-09-10,10881.31607064,12817.52875368,1724.043128832,12.84,15.4225,2.05375,8,22.934,86.458336,,3.9109761111111103,7.5,0.51480925,0.85730475,22.10658759954357,16955.3,0.0,23.566666666666663,1.0,0.0,39845.23333333333,36.43421661478538,78.89197996079832,43041.0,92.332847,5.247856111111111,1008.8111,14.45,39.914527,0.0,0.0021406378989427,2,autumn,samcheonpo_coal,1,52.41832
2025-09-11,10359.590287536,12029.872180608,1343.418236496,12.80375,15.3025,1.7,8,24.43608,79.75,,3.860156388888889,0.0,0.6427782,0.7660523,20.659784725187084,16955.3,0.0,23.566666666666663,1.0,0.0,39845.23333333333,36.43421661478538,78.89197996079832,40877.0,104.977764,4.4407202777777774,1011.5485,19.13,52.473043999999994,0.0,0.0025615592445178,3,autumn,samcheonpo_coal,1,52.50472
2025-09-12,11992.596583248,13312.281724272,1740.467308608,13.51625,15.31,1.985,8,23.809,89.208336,,3.3539713888888887,2.2,0.57673323,0.8169325,26.597822597870504,16955.3,0.0,23.566666666666663,1.0,0.0,39845.23333333333,36.43421661478538,78.89197996079832,44858.0,78.797562,4.743416666666667,1009.8765,5.28,25.811402,0.0,0.0017535197494054,4,autumn,samcheonpo_coal,1,52.986160000000005
2025-09-13,9329.0709492,10778.33244456,1476.3121132320002,12.23375,14.76,1.9975,8,26.127747,94.333336,,3.0083208333333333,23.8,-0.32644865,-0.9452149,31.357471900852776,16955.3,0.0,23.566666666666663,1.0,0.0,39845.23333333333,36.43421661478538,78.89197996079832,38065.0,84.926897,4.742362222222222,1004.4554,3.96,30.974977,0.0,0.0022261352486806,5,autumn,samcheonpo_coal,1,53.95192
2025-09-14,6720.700176288,7707.282240528,8725.670617392001,10.58125,16.80625,26.4125,8,25.142332,86.208336,,1.47125325,0.4,-0.5432517,-0.83956987,58.5951711576508,16955.3,0.0,23.566666666666663,1.0,0.0,39845.23333333333,36.43421661478538,78.89197996079832,29337.0,105.241308,2.14009325,1008.3804,13.33,56.496428,0.0,0.003574500558536,6,autumn,samcheonpo_coal,1,48.744879999999995
2025-09-15,10925.745143184,13572.757801584,1654.060879152,12.25625,15.01875,1.84875,8,24.027748,90.166664,,1.3420019444444444,6.9,0.66927636,0.74301356,67.18817686760265,16955.3,0.0,23.566666666666663,1.0,0.0,39845.23333333333,36.43421661478538,78.89197996079832,44408.0,79.394963,2.2671566666666667,1012.1171,5.75,24.052643,0.0,0.001784661993943,0,autumn,samcheonpo_coal,1,55.34232
2025-09-16,11339.614926288,13968.362268575998,1493.308804896,12.5925,15.4525,1.65375,8,26.629831,85.458336,,1.7276801111111109,0.0,-0.43445164,-0.90069515,49.46421241432233,16955.3,0.0,23.566666666666663,1.0,0.0,39845.23333333333,36.43421661478538,78.89197996079832,45124.0,78.572876,3.0610455555555554,1010.4904,17.58,21.887036,0.0,0.0017382390204987,1,autumn,samcheonpo_coal,1,56.68584
2025-09-17,11995.405701264002,15123.658340736,1979.03774016,12.52875,15.73125,2.055,8,27.165247,87.083336,,2.44237,0.0,-0.7839386,-0.6208384,35.655259440625294,16955.3,0.0,23.566666666666663,1.0,0.0,39845.23333333333,36.43421661478538,78.89197996079832,48239.0,107.317905,3.7802116666666663,1007.81415,16.77,51.45894500000001,0.0,0.0022197741141502,2,autumn,samcheonpo_coal,1,55.85896
2025-09-18,10404.911352672,12606.944660064,1361.677542768,12.4825,15.47875,1.6425,8,23.113167,83.875,,2.5138375,6.5,0.61694825,0.7870037,33.36532293754071,16955.3,0.0,23.566666666666663,1.0,0.0,39845.23333333333,36.43421661478538,78.89197996079832,42408.0,81.274125,3.6069375,1011.30493,7.02,26.814365,0.0,0.0019128150968382,3,autumn,samcheonpo_coal,1,54.45976
2025-09-19,8491.376364192,10646.077250736002,1163.194481664,11.5175,14.99875,1.62,8,21.20275,80.458336,,3.0303022222222222,0.0,0.67142326,0.7410741,26.551257960335455,16955.3,0.0,23.566666666666663,1.0,0.0,39845.23333333333,36.43421661478538,78.89197996079832,37072.0,94.339603,4.1617299999999995,1013.41644,6.59,39.910563,0.0,0.0025383076194133,4,autumn,samcheonpo_coal,1,54.42904
2025-09-20,6108.015511872,5258.972694960001,2837.1519406079997,8.7225,15.025,101.34625,8,24.07358,81.75,,3.1005744444444443,43.8,-0.9999601,0.008927239,26.36608198409112,16955.3,0.0,23.566666666666663,1.0,0.0,39845.23333333333,36.43421661478538,78.89197996079832,26840.0,85.51769200000001,5.798274999999999,1005.7934,10.5,32.622252,0.0,0.0031760834825251,5,autumn,samcheonpo_coal,1,52.89544
2025-09-21,8183.984851728001,10759.58215992,48889.09807632,18.8225,33.00875,143.72375,8,21.7465,76.958336,,3.4740188888888888,0.0,0.6088908,0.7932541,22.152538158655187,16955.3,0.0,23.566666666666663,1.0,0.0,39845.23333333333,36.43421661478538,78.89197996079832,19363.0,89.34723199999999,4.494440833333333,1012.4636,18.14,40.570672,0.0,0.0045931337197713,6,autumn,samcheonpo_coal,1,48.77656
2025-09-22,7477.762588272,5309.976642048,904.623801264,10.58,12.26,13.36625,8,20.911083,75.666664,,3.933903333333333,0.0,0.64837235,0.7613234,19.23450008515715,16955.3,0.0,23.566666666666663,1.0,0.0,39845.23333333333,36.43421661478538,78.89197996079832,29157.0,93.310565,4.716990277777778,1016.50616,13.77,44.403445000000005,0.0,0.003190070915406,0,autumn,samcheonpo_coal,1,48.907120000000006
2025-09-23,5606.61185952,7469.58339576,1885.99310136,8.62625,17.8325,5.495,8,21.075665,74.041664,,3.562165,0.0,0.6472301,0.7622947,20.78557955625301,16955.3,0.0,23.566666666666663,1.0,0.0,39845.23333333333,36.43421661478538,78.89197996079832,28991.0,111.855121,4.205948333333333,1015.4948,13.63,60.292641,0.0,0.0038434414951709,1,autumn,samcheonpo_coal,1,51.56248
2025-09-24,11794.924802592,13622.841630144,1592.772211728,13.605,15.6675,1.84,8,22.956917,89.916664,,2.09723,0.6,0.76429266,0.64486957,42.8740119109492,16955.3,0.0,23.566666666666663,1.0,0.0,39845.23333333333,36.43421661478538,78.89197996079832,44177.0,50.758961,3.4828149999999996,1011.94653,9.01,21.616081,0.0,0.0011476720094445,2,autumn,samcheonpo_coal,1,29.14288
2025-09-25,12490.14657816,13794.103839024,1870.255546704,13.97125,15.60625,2.10875,8,24.481918,96.541664,,1.2685840555555554,9.0,0.045976315,-0.99894255,76.10190556724376,16955.3,0.0,23.566666666666663,1.0,0.0,39845.23333333333,36.43421661478538,78.89197996079832,45985.0,52.324444,2.3409397222222226,1014.0283,4.73,9.470924,0.0,0.0011365657025452,3,autumn,samcheonpo_coal,1,42.85352
2025-09-26,9804.578778576,11614.075387919998,1547.022335328,12.53875,15.035,1.99,8,23.658998,74.833336,,1.9075031944444445,0.0,0.8722811,0.48900482,39.23104098485928,16955.3,0.0,23.566666666666663,1.0,0.0,39845.23333333333,36.43421661478538,78.89197996079832,40313.0,96.773269,3.189043611111111,1015.1313,16.12,52.657989,0.0,0.0023947986135878,4,autumn,samcheonpo_coal,1,44.11528
2025-09-27,10234.861114176,11674.23160968,1487.5901712,13.205,15.17875,1.93875,8,22.852753,80.208336,,2.1283547222222223,2.6000001,0.9595374,0.28158122,37.68560529997284,16955.3,0.0,23.566666666666663,1.0,0.0,39845.23333333333,36.43421661478538,78.89197996079832,39325.0,103.305743,2.9,1014.3702,10.23,58.53582299999999,0.0,0.0026200908472548,5,autumn,samcheonpo_coal,1,44.76992
2025-09-28,11183.051762208,11866.581426816,1662.749995392,13.86375,15.105,2.0925,8,22.829834,86.083336,,2.677366944444445,3.0,-0.95515656,-0.29610115,32.15223680064607,16955.3,0.0,23.566666666666663,1.0,0.0,39845.23333333333,36.43421661478538,78.89197996079832,40953.0,64.025147,4.976946388888889,1008.5444,6.12,19.196187,0.0,0.0015609407744842,6,autumn,samcheonpo_coal,1,44.82896
2025-09-29,11137.910301504,12534.399591408,1665.215984448,13.26875,14.8875,1.98625,8,21.431913,76.333336,,1.9995641666666664,0.0,0.3984754,0.917179,38.17498696590966,16955.3,0.0,23.566666666666663,1.0,0.0,39845.23333333333,36.43421661478538,78.89197996079832,41683.0,91.420073,3.324153611111111,1008.94727,12.16,48.008073,0.0,0.0021884223129907,0,autumn,samcheonpo_coal,1,43.412
2025-09-30,11845.38275496,12692.614382928,1889.18163864,13.8075,15.3525,2.245,8,20.788166,83.208336,,2.1198240833333335,0.0,0.83614373,0.5485104,39.25247224720573,16955.3,0.0,23.566666666666663,1.0,0.0,39845.23333333333,36.43421661478538,78.89197996079832,42362.0,85.711907,2.801785277777778,1009.59955,15.15,42.426147,0.0,0.0020192350341,1,autumn,samcheonpo_coal,1,43.28576
2025-10-01,11815.623624384,13308.608294495998,2178.586400112,13.41375,15.24125,2.475,8,21.190248,70.583336,,2.500656111111111,0.0,0.5061685,0.8624346,28.22592666235817,10411.548387096776,0.0,31.193548387096776,1.0,0.0,22987.83870967742,34.865373219781006,53.06970880816365,44136.0,118.706504,3.4539833333333334,1010.13153,19.75,71.78562400000001,0.0,0.0026823475597848,2,autumn,samcheonpo_coal,1,46.92088
2025-10-02,13180.05079488,14342.534797824,2658.552149376,14.08625,15.28625,2.82625,8,20.65275,76.291664,,2.3277730555555554,1.1,0.7042838,0.70991856,32.77452834928186,10411.548387096776,0.0,31.193548387096776,1.0,0.0,22987.83870967742,34.865373219781006,53.06970880816365,47210.0,74.97423400000001,3.2449963888888886,1014.07837,7.92,19.237834000000003,0.0,0.0015855826341148,3,autumn,samcheonpo_coal,1,55.7364
2025-10-03,13858.520477472,14978.662174368,2848.098296592,14.43,15.53625,2.9575,8,19.161085,94.458336,,2.7034627777777778,28.0,0.8077903,0.58946997,34.939758289420176,10411.548387096776,0.0,31.193548387096776,1.0,0.0,22987.83870967742,34.865373219781006,53.06970880816365,48444.0,60.929595000000006,3.757658888888888,1013.0098,2.71,4.131435000000001,0.0,0.0012561526325002,4,autumn,samcheonpo_coal,1,56.79816
2025-10-04,8884.141766064002,10352.884093056,110730.536599104,13.015,14.31125,203.495,8,21.663164,91.333336,,2.0081734722222224,3.3999996,0.39685574,0.917881,45.48079997239061,10411.548387096776,0.0,31.193548387096776,1.0,0.0,22987.83870967742,34.865373219781006,53.06970880816365,32374.0,93.398147,3.807886388888889,1010.1208,10.9,42.560547,0.0,0.002876674828612,5,autumn,samcheonpo_coal,1,50.8376
2025-10-05,5313.603426048,6239.280104208,2765.324030112,10.5775,18.17,129.28875,8,22.575666,90.333336,,1.7087081944444444,0.0,0.37789845,0.92584705,52.86644980910287,10411.548387096776,0.0,31.193548387096776,1.0,0.0,22987.83870967742,34.865373219781006,53.06970880816365,21189.0,86.45073400000001,3.3541016666666668,1010.7962,9.39,44.239614,0.0,0.0040634031720815,6,autumn,samcheonpo_coal,1,42.21112
2025-10-06,3282.973839648,4645.621556640001,5507.6224759199995,18.1475,23.63625,111.835,8,22.088165,89.583336,,2.351095,0.2,0.66119957,0.75021005,38.10281422060785,10411.548387096776,0.0,31.193548387096776,1.0,0.0,22987.83870967742,34.865373219781006,53.06970880816365,13256.0,46.921724,3.1384708333333333,1012.007,5.71,6.921564,0.0,0.0035271743285798,0,autumn,samcheonpo_coal,1,40.00016
2025-10-07,2207.660683104,149.595245568,1628.712105408,7.55375,34.41125,130.76,8,21.569418,93.666664,,2.4338979166666665,1.8000002,0.45284194,0.89159083,38.48422045912292,10411.548387096776,0.0,31.193548387096776,1.0,0.0,22987.83870967742,34.865373219781006,53.06970880816365,9664.0,48.304295,3.4481880555555557,1011.44025,7.22,8.762535,0.0,0.0049735154019903,1,autumn,samcheonpo_coal,1,39.54176
2025-10-08,2155.53715992,105.27048288,1551.2303653919998,8.17,33.64,122.33,8,21.523582,89.75,,3.3396963888888886,0.0,0.4701313,0.8825965,26.87370034551544,10411.548387096776,0.0,31.193548387096776,1.0,0.0,22987.83870967742,34.865373219781006,53.06970880816365,9928.0,58.658445,3.9962483333333334,1012.15796,6.23,19.095084999999997,0.0,0.0058736809036828,2,autumn,samcheonpo_coal,1,39.56336
2025-10-09,2252.475934128,58.03219137600001,5116.76201376,10.86875,18.67,362.67,8,20.856915,81.541664,,3.585894722222222,0.0,0.6694864,0.7428243,22.73955883162896,10411.548387096776,0.0,31.193548387096776,1.0,0.0,22987.83870967742,34.865373219781006,53.06970880816365,10159.0,74.541894,4.604345555555556,1015.2102,12.84,35.992774,0.0,0.0072840757161217,3,autumn,samcheonpo_coal,1,38.54912
2025-10-10,2220.9641837279996,111.680709696,1314.440773776,10.04125,23.26875,95.72,8,20.45275,77.583336,,2.607556388888889,0.0,0.7572075,0.6531744,29.75327257757183,10411.548387096776,0.0,31.193548387096776,1.0,0.0,22987.83870967742,34.865373219781006,53.06970880816365,10322.0,106.730841,3.7013508333333336,1014.76904,15.91,67.471961,0.0,0.0102343077625892,4,autumn,samcheonpo_coal,1,39.25888
2025-10-11,2089.877790672,107.85963096,1185.30864648,9.38375,23.55,91.1225,8,21.884003,81.0,,2.0370830555555552,0.0,0.8195001,0.57307905,39.76273808723504,10411.548387096776,0.0,31.193548387096776,1.0,0.0,22987.83870967742,34.865373219781006,53.06970880816365,9953.0,111.107479,2.999999722222222,1010.11896,17.38,68.617719,0.0,0.0110399734136225,5,autumn,samcheonpo_coal,1,42.48976
2025-10-12,3259.894628736,5724.977694624,15873.646666752004,7.03,41.64125,56.68,8,22.27775,86.291664,,1.7929070555555555,2.3999999,0.987265,0.15908451,48.129468693100435,10411.548387096776,0.0,31.193548387096776,1.0,0.0,22987.83870967742,34.865373219781006,53.06970880816365,17369.0,91.500239,4.016217222222222,1009.1231,11.67,49.134159,0.0,0.0052404133757647,6,autumn,samcheonpo_coal,1,42.36608
2025-10-13,10235.767287024,12551.47427736,3487.6361774879997,12.485,26.6975,8.662500000000001,8,21.86525,89.125,,2.3611447222222224,0.0,0.8331682,-0.55301964,37.74652149069407,10411.548387096776,0.0,31.193548387096776,1.0,0.0,22987.83870967742,34.865373219781006,53.06970880816365,37378.0,48.837748,3.49285,1011.47687,11.05,22.825428,0.0,0.0013048857701746,0,autumn,samcheonpo_coal,1,26.01232
2025-10-14,11099.674890864,12397.383413424,1550.811846096,13.0325,14.90875,1.84,8,20.32775,92.416664,,3.338404722222222,31.700003,0.629745,0.77680194,27.68288200194088,10411.548387096776,0.0,31.193548387096776,1.0,0.0,22987.83870967742,34.865373219781006,53.06970880816365,42070.0,27.426663,4.701063333333333,1012.2225,4.32,9.513383,0.0,0.0006515045021529,1,autumn,samcheonpo_coal,1,17.91328
2025-10-15,10212.122649888,10803.567011328,1278.224917056,13.145,14.19625,1.66,8,19.829834,86.458336,,2.8956966666666664,0.1,0.67363375,0.73906535,29.857525132121346,10411.548387096776,0.0,31.193548387096776,1.0,0.0,22987.83870967742,34.865373219781006,53.06970880816365,39445.0,66.851158,4.5221672222222224,1015.6253,6.92,18.032358,0.0,0.0016919267521199,2,autumn,samcheonpo_coal,1,48.8188
2025-10-16,11411.317633392002,11747.86027848,1470.636349632,14.075,14.62125,1.82,8,20.854836,85.083336,,3.0610438888888885,16.6,0.599558,0.80033135,27.795529593299605,10411.548387096776,0.0,31.193548387096776,1.0,0.0,22987.83870967742,34.865373219781006,53.06970880816365,40970.0,78.651391,4.172529166666667,1013.32495,10.94,28.819311000000003,0.0,0.0019160529843191,3,autumn,samcheonpo_coal,1,49.832080000000005
2025-10-17,10979.47698264,11338.8417972,1478.303546256,13.735,14.4,1.855,8,19.984001,81.375,,3.025188333333333,0.1,0.8228301,0.5682875,26.899151733252975,10411.548387096776,0.0,31.193548387096776,1.0,0.0,22987.83870967742,34.865373219781006,53.06970880816365,40599.0,104.408053,3.828838055555556,1017.80707,11.94,53.652612999999995,0.0,0.0025650936369762,4,autumn,samcheonpo_coal,1,50.75544
2025-10-18,11126.973938832,11370.658214303998,1570.7731330079998,13.90875,14.55625,1.985,8,19.45275,90.083336,,2.938778611111111,3.5000002,0.23290996,0.9724983,30.653325044427472,10411.548387096776,0.0,31.193548387096776,1.0,0.0,22987.83870967742,34.865373219781006,53.06970880816365,40941.0,62.63031000000001,5.100980555555556,1014.126,3.51,10.79919,0.0,0.0015274332913084,5,autumn,samcheonpo_coal,1,51.831120000000006
2025-10-19,7056.2477412,13141.718715888,46161.755901936,13.70625,33.927499999999995,154.46,8,17.729836,82.625,,3.0188036111111107,0.0,0.572985,0.81956583,27.370114337974034,10411.548387096776,0.0,31.193548387096776,1.0,0.0,22987.83870967742,34.865373219781006,53.06970880816365,26232.0,68.428406,4.701063888888888,1018.85504,7.39,18.027206,0.0,0.0026017981511049,6,autumn,samcheonpo_coal,1,50.4012
2025-10-20,5487.9938064,5928.5450780639985,1189.549448064,12.6225,48.685,52.65625,8,15.859001,71.083336,,4.411829722222222,0.0,0.50792956,0.8613986,16.11198538374133,10411.548387096776,0.0,31.193548387096776,1.0,0.0,22987.83870967742,34.865373219781006,53.06970880816365,20431.0,112.405609,5.6859472222222225,1020.69165,16.62,63.259129,0.0,0.0054716151323398,0,autumn,samcheonpo_coal,1,49.14648
2025-10-21,6075.892801872,6808.619094623999,866.0405407679999,14.14375,50.23625,38.06,8,14.888167,80.375,,4.6755844444444445,0.0,0.4140716,0.9102443,17.19036431809119,10411.548387096776,0.0,31.193548387096776,1.0,0.0,22987.83870967742,34.865373219781006,53.06970880816365,22976.0,58.51033,5.281098055555555,1022.66846,7.35,13.32417,0.0,0.0025401160763463,1,autumn,samcheonpo_coal,1,45.18616
2025-10-22,2951.588330496,2386.6325483039996,5283.1719522719995,22.067500000000003,40.82,102.54625,8,15.690249,81.208336,,4.894829722222222,0.0,0.44481578,0.8956221,16.590635549857684,10411.548387096776,0.0,31.193548387096776,1.0,0.0,22987.83870967742,34.865373219781006,53.06970880816365,14741.0,98.440183,6.276941666666667,1022.61597,11.6,53.360102999999995,0.0,0.0066336857580902,2,autumn,samcheonpo_coal,1,45.08008
2025-10-23,3845.150601551999,3142.141963776,663.72099768,11.1925,38.55625,114.09499999999998,8,16.613165,80.5,,3.5655147222222223,0.0,0.57449645,0.8185071,22.577385390748866,10411.548387096776,0.0,31.193548387096776,1.0,0.0,22987.83870967742,34.865373219781006,53.06970880816365,18904.0,101.084369,4.632493611111111,1022.3369,14.12,57.100129,0.0,0.0053188066433887,3,autumn,samcheonpo_coal,1,43.98424
2025-10-24,3002.2782654240004,2739.032325648,63621.718679663994,8.1175,38.36,270.6175,8,16.317333,81.75,,3.8347147222222224,0.1,0.540261,0.84149754,21.31840460680365,10411.548387096776,0.0,31.193548387096776,1.0,0.0,22987.83870967742,34.865373219781006,53.06970880816365,14100.0,100.951843,5.235455833333333,1021.2247,14.77,56.460723,0.0,0.0071088082063852,4,autumn,samcheonpo_coal,1,44.49112
2025-10-25,2159.86026384,178.38156456000004,1156.922208,18.21875,32.1975,126.69875,8,17.044416,78.583336,,2.9258841666666666,0.3,0.46340853,0.88614476,26.857979169259664,10411.548387096776,0.0,31.193548387096776,1.0,0.0,22987.83870967742,34.865373219781006,53.06970880816365,9481.0,103.768975,3.807886388888889,1017.07733,13.38,63.469695,0.0,0.0108264450891472,5,autumn,samcheonpo_coal,1,40.29928
2025-10-26,2283.3429729120007,292.25282673600003,1176.497927712,15.115000000000002,47.9075,127.73875,8,14.990251,71.375,,3.606258611111111,2.2,0.12972203,0.9915504,19.79198046975586,10411.548387096776,0.0,31.193548387096776,1.0,0.0,22987.83870967742,34.865373219781006,53.06970880816365,9968.0,92.498926,5.239274166666667,1013.909,10.62,49.370206,0.0,0.0091942682644644,6,autumn,samcheonpo_coal,1,43.12872
2025-10-27,2322.6416700479995,447.747627312,9241.567475616,16.545,50.93,702.5274999999999,8,11.954834,60.75,,3.3866908333333337,0.0,-0.16335413,0.9865675,17.937864124493206,10411.548387096776,0.0,31.193548387096776,1.0,0.0,22987.83870967742,34.865373219781006,53.06970880816365,9873.0,116.363439,6.576473055555555,1016.8807,16.68,72.173919,0.0,0.0116487341471328,0,autumn,samcheonpo_coal,1,44.189519999999995
2025-10-28,3430.739193408,8042.415917904,6207.3181049760005,46.9825,99.87125,282.64,8,10.036084,53.125,,3.1755075,0.0,0.473522,0.880782,16.729609361653214,10411.548387096776,0.0,31.193548387096776,1.0,0.0,22987.83870967742,34.865373219781006,53.06970880816365,13597.0,121.525756,4.123105555555555,1023.28253,16.5,75.289116,0.0,0.0088585142573974,1,autumn,samcheonpo_coal,1,46.23664
2025-10-29,4904.148157631999,7153.5059611199995,1577.317080816,25.28875,51.6,84.76125,8,11.100666,56.0,,3.295857222222222,0.0,0.6424421,0.76633424,16.99102728796066,10411.548387096776,0.0,31.193548387096776,1.0,0.0,22987.83870967742,34.865373219781006,53.06970880816365,12362.0,106.05677500000002,4.661544444444444,1025.534,16.07,69.96725500000001,0.0,0.0085062794398447,2,autumn,samcheonpo_coal,1,36.08952
2025-10-30,5599.891245744,7285.881362256,2214.9301838399997,16.2825,58.415000000000006,144.67625,8,13.11525,68.25,,2.9541738888888887,0.0,0.6276679,0.77848125,23.10290543718464,10411.548387096776,0.0,31.193548387096776,1.0,0.0,22987.83870967742,34.865373219781006,53.06970880816365,12562.0,79.715489,4.049691666666666,1022.02686,12.69,48.76572900000001,0.0,0.0063057493319924,3,autumn,samcheonpo_coal,1,30.94976
2025-10-31,3461.289794064,7133.539740048,2483.065484208,19.8825,72.1625,164.76000000000002,8,14.473582,65.125,,2.9047852777777776,0.0,0.4819789,0.8761828,22.419901566639034,10411.548387096776,0.0,31.193548387096776,1.0,0.0,22987.83870967742,34.865373219781006,53.06970880816365,11989.0,89.840978,4.494440833333333,1013.6574,14.24,58.230258,0.0,0.0074378806843829,4,autumn,samcheonpo_coal,1,31.61072
2025-11-01,4237.62214536,6947.788293360001,2212.586388576,22.2625,47.66375,126.6775,8,14.633999,67.583336,,3.64553,0.7,-0.94103086,0.3383208,18.538686007247232,6867.633333333333,0.0,45.36666666666667,1.0,0.0,16045.833333333334,36.24606805505064,40.9995426226954,12041.0,99.591135,6.191122777777778,1010.0559,15.08,67.618495,0.0,0.0082031536926476,5,autumn,samcheonpo_coal,1,31.97264
2025-11-02,4722.0299282880005,7975.828953936,4510.893943584,32.49625,57.033750000000005,113.03375,8,12.931918,64.5,,4.077922777777777,0.0,-0.92159265,0.38815844,15.816876266388894,6867.633333333333,0.0,45.36666666666667,1.0,0.0,16045.833333333334,36.24606805505064,40.9995426226954,11848.0,101.637366,7.026378888888889,1014.61383,14.59,67.61384600000001,0.0,0.0085054770188412,6,autumn,samcheonpo_coal,1,34.02352
2025-11-03,6671.245454784,16765.53483096,3199.6599544799997,12.075,47.92875,47.0125,8,9.479833,58.583332,,3.730534444444445,0.0,0.41046172,0.9118778,15.703737057633386,6867.633333333333,0.0,45.36666666666667,1.0,0.0,16045.833333333334,36.24606805505064,40.9995426226954,27004.0,104.78952900000002,5.600892222222223,1023.53253,14.55,68.04536900000001,0.0,0.0038655185576582,0,autumn,samcheonpo_coal,1,36.74416
2025-11-04,15647.33652624,15572.860992864,4635.763783632001,27.51125,27.86375,25.47875,8,13.073582,74.125,,2.470243611111111,0.0,0.60926205,0.7929689,30.007161911718786,6867.633333333333,0.0,45.36666666666667,1.0,0.0,16045.833333333334,36.24606805505064,40.9995426226954,29155.0,91.038429,3.9204588888888887,1022.47064,10.66,53.622749,0.0,0.0031128465217951,1,autumn,samcheonpo_coal,1,37.41568
2025-11-05,7185.298117968,10551.29121072,3172.02809904,22.955,32.64625,36.6175,8,13.881915,71.416664,,2.990647222222222,0.0,0.64453065,0.76457846,23.88000278646484,6867.633333333333,0.0,45.36666666666667,1.0,0.0,16045.833333333334,36.24606805505064,40.9995426226954,17410.0,94.116404,3.944616666666666,1019.85284,14.43,56.286724,0.0,0.0053768154774435,2,autumn,samcheonpo_coal,1,37.82968
2025-11-06,4695.7370255999995,6458.581456128,1485.7579484639998,24.75625,40.825,58.8775,8,14.202751,73.0,,2.9208144444444444,0.0,0.596001,0.8029837,24.993028961100272,6867.633333333333,0.0,45.36666666666667,1.0,0.0,16045.833333333334,36.24606805505064,40.9995426226954,12267.0,87.359614,3.9115213888888887,1019.5662,14.36,58.260894,0.0,0.0070711568004709,3,autumn,samcheonpo_coal,1,29.09872
2025-11-07,3263.319308304,6098.314278816,1659.7893015359998,22.975,31.5975,120.83375,8,14.781917,75.041664,,2.6903427777777775,0.0,0.8017448,0.5976665,27.89297505873374,6867.633333333333,0.0,45.36666666666667,1.0,0.0,16045.833333333334,36.24606805505064,40.9995426226954,11572.0,73.196873,3.712141944444444,1020.8193,13.32,44.209833,0.0,0.0062855848465482,4,autumn,samcheonpo_coal,1,28.98704
2025-11-08,5010.715264608,6443.9661756959995,1680.805016352,25.0525,39.795,103.8325,8,13.892333,81.416664,,3.0239055555555554,14.099999,0.72777456,0.68581647,26.924340891011074,6867.633333333333,0.0,45.36666666666667,1.0,0.0,16045.833333333334,36.24606805505064,40.9995426226954,12278.0,36.005557,4.4384677777777775,1019.0642,6.06,7.052677,0.0,0.0029239516608413,5,autumn,samcheonpo_coal,1,28.95288
2025-11-09,4868.583206112,6151.144310928,1423.06940448,12.20875,21.525,87.73125,8,15.102749,73.75,,3.429845972222222,12.299999,-0.03642546,0.99933636,21.50242331500876,6867.633333333333,0.0,45.36666666666667,1.0,0.0,16045.833333333334,36.24606805505064,40.9995426226954,11918.0,85.550481,5.015974444444444,1012.38654,13.28,56.617761,0.0,0.0071270980311546,6,autumn,samcheonpo_coal,1,28.93272
2025-11-10,12073.572886320002,33787.8719712,2772.7231232159997,79.0975,205.92375,45.275000000000006,8,10.419415,52.583332,,3.7259427777777776,0.0,-0.030441651,0.9995366,14.112758873704896,6867.633333333333,0.0,45.36666666666667,1.0,0.0,16045.833333333334,36.24606805505064,40.9995426226954,10696.0,99.646666,6.603029444444444,1015.6445,14.58,68.234266,0.0,0.0092302637426833,0,autumn,samcheonpo_coal,1,31.4124
2025-11-11,6120.298646928,9223.93935864,4685.222447568,18.36875,58.442499999999995,58.3825,8,9.706917,47.625,,3.476753333333333,0.0,0.6058239,0.7955988,13.698124495458408,6867.633333333333,0.0,45.36666666666667,1.0,0.0,16045.833333333334,36.24606805505064,40.9995426226954,15037.0,97.820226,5.200000277777778,1017.63605,11.84,65.574946,0.0,0.0064632565527243,1,autumn,samcheonpo_coal,1,32.24528
2025-11-12,5258.970124704,8350.489380816,3596.8659922079996,14.2375,65.8075,92.21625,8,11.394418,67.625,,3.072829722222222,0.0,0.57863015,0.8155901,22.00740233373383,6867.633333333333,0.0,45.36666666666667,1.0,0.0,16045.833333333334,36.24606805505064,40.9995426226954,16782.0,55.321803,4.4654225,1019.0032,10.77,16.862603,0.0,0.0032856652410208,2,autumn,samcheonpo_coal,1,38.4592
2025-11-13,6601.029941807999,9063.957940128,4238.161937424,20.68,67.95,198.05625,8,12.819415,55.083332,,2.458583611111111,0.0,0.6061087,0.79538184,22.4044981635203,6867.633333333333,0.0,45.36666666666667,1.0,0.0,16045.833333333334,36.24606805505064,40.9995426226954,15814.0,74.325215,3.330165,1015.06903,13.29,34.545055,0.0,0.0046779766900686,3,autumn,samcheonpo_coal,1,39.78016
2025-11-14,4462.798903488,6550.02022392,1319.586082848,26.4575,79.43875,119.36875,8,11.534001,54.875,,3.300731388888889,0.0,0.44662327,0.8947221,16.6251032073447,6867.633333333333,0.0,45.36666666666667,1.0,0.0,16045.833333333334,36.24606805505064,40.9995426226954,12485.0,99.93779,4.327816944444444,1016.11115,14.05,63.80691,0.0,0.0079410634893571,4,autumn,samcheonpo_coal,1,36.13088
2025-11-15,4453.29054216,7500.40198992,3354.2047383840004,21.494999999999997,101.23875,123.365,8,11.238167,54.791668,,2.7466033333333333,0.0,0.6546025,0.7559732,19.948882801909267,6867.633333333333,0.0,45.36666666666667,1.0,0.0,16045.833333333334,36.24606805505064,40.9995426226954,11627.0,100.581497,4.482186666666666,1022.2767,13.79,63.608697,0.0,0.0085764909862898,5,autumn,samcheonpo_coal,1,36.9728
2025-11-16,5121.024831072,14871.879824544,6191.131710384,10.44875,70.91125,52.93875,8,12.41525,67.083336,,2.45742,0.0,-0.6800436,0.7331717,27.298278682520696,6867.633333333333,0.0,45.36666666666667,1.0,0.0,16045.833333333334,36.24606805505064,40.9995426226954,16995.0,99.120532,3.4205261111111107,1022.68646,12.53,58.992692000000005,0.0,0.005798516034472,6,autumn,samcheonpo_coal,1,40.12784
2025-11-17,6283.190072736,8021.115664704001,1382.9351417280002,18.2625,38.0175,46.415,8,8.8215,61.166668,,4.440840555555556,0.0,0.17143154,0.98519605,13.77366902386973,6867.633333333333,0.0,45.36666666666667,1.0,0.0,16045.833333333334,36.24606805505064,40.9995426226954,25008.0,74.868448,6.6068138888888885,1021.62256,10.5,35.848928,0.0,0.0029848439445915,0,autumn,samcheonpo_coal,1,39.01952
2025-11-18,6821.01567288,11818.638150048,2249.918477712,18.77375,57.71,34.80375,8,4.8423333,62.0,,4.2583174999999995,0.0,-0.07504394,0.9971802,14.559741024477391,6867.633333333333,0.0,45.36666666666667,1.0,0.0,16045.833333333334,36.24606805505064,40.9995426226954,26885.0,95.802212,6.264982222222222,1022.33325,13.2,57.207172,0.0,0.0035507547643409,1,autumn,samcheonpo_coal,1,38.59504
2025-11-19,6941.886750144,8603.000316576,3164.9278573440006,17.2025,53.27,48.0225,8,5.8006663,65.833336,,2.2333727777777774,0.0,0.39197117,0.9199775,29.47709251901273,6867.633333333333,0.0,45.36666666666667,1.0,0.0,16045.833333333334,36.24606805505064,40.9995426226954,22687.0,92.99958,3.162277222222222,1021.81915,12.46,55.16101999999999,0.0,0.0040825101718461,2,autumn,samcheonpo_coal,1,37.83856
2025-11-20,5122.847841983999,5176.490471568,1651.73804856,27.26375,84.2475,326.925,8,9.061083,71.333336,,2.918093611111111,0.0,-0.99835104,0.057403952,24.4451842560454,6867.633333333333,0.0,45.36666666666667,1.0,0.0,16045.833333333334,36.24606805505064,40.9995426226954,19550.0,94.260206,5.5081758333333335,1020.7825,12.75,58.057486,0.0,0.004798358655991,3,autumn,samcheonpo_coal,1,36.20272
2025-11-21,4280.368236767999,6067.207108799999,17494.777296864002,24.417499999999997,62.31,307.38875,8,9.017333,63.416668,,2.379436111111111,0.0,-0.3745509,0.92720634,26.651973425076203,6867.633333333333,0.0,45.36666666666667,1.0,0.0,16045.833333333334,36.24606805505064,40.9995426226954,14390.0,100.693942,3.901281944444445,1021.3554,13.01,62.285142,0.0,0.0069488695574576,4,autumn,samcheonpo_coal,1,38.4088
2025-11-22,2268.446316912,303.4591668,794.885787504,12.90875,89.1025,296.5475,8,8.813167,70.875,,1.7870053888888888,0.0,-0.011494208,0.99993396,39.66132415754389,6867.633333333333,0.0,45.36666666666667,1.0,0.0,16045.833333333334,36.24606805505064,40.9995426226954,9754.0,103.62754,3.0364452777777777,1022.3281,12.8,61.43514,0.0,0.0105124219371753,5,autumn,samcheonpo_coal,1,42.1924
2025-11-23,2198.7139111200004,111.690539856,514.989902736,8.33625,73.64375,282.705,8,9.934,71.666664,,2.095628722222222,0.0,-0.6479786,-0.76165855,34.1981684255616,6867.633333333333,0.0,45.36666666666667,1.0,0.0,16045.833333333334,36.24606805505064,40.9995426226954,8522.0,98.77123,3.328663333333333,1019.62775,12.54,56.48467,0.0,0.0114573542627229,6,autumn,samcheonpo_coal,1,42.286559999999994
2025-11-24,2429.775990864,189.899164512,1074.369920256,9.8825,70.95,327.61625000000004,8,12.833999,78.333336,,2.049579611111111,0.0,-0.85016227,-0.5265208,38.219220944305846,6867.633333333333,0.0,45.36666666666667,1.0,0.0,16045.833333333334,36.24606805505064,40.9995426226954,10214.0,89.518407,3.982461388888889,1014.87823,10.88,48.309127,0.0,0.0086881396687934,0,autumn,samcheonpo_coal,1,41.20928
2025-11-25,3149.597067264,4668.430175856,5465.462879376,12.76375,76.54625,340.2425,8,9.504833,78.125,,4.362766944444444,0.0,-0.95941395,0.28200147,17.907213700581583,6867.633333333333,0.0,45.36666666666667,1.0,0.0,16045.833333333334,36.24606805505064,40.9995426226954,12642.0,79.985533,7.879086111111111,1012.06635,10.73,38.347613,0.0,0.0062871894322252,1,autumn,samcheonpo_coal,1,41.63792
2025-11-26,4452.474217968001,976.433623344,1348.035779232,10.46625,73.7675,205.68875,8,7.7590003,69.875,,2.698097222222222,0.0,0.40572476,0.9139953,25.8978807081122,6867.633333333333,0.0,45.36666666666667,1.0,0.0,16045.833333333334,36.24606805505064,40.9995426226954,21129.0,93.998371,4.1182518055555555,1020.16797,12.07,52.036451,0.0,0.0044290806302112,2,autumn,samcheonpo_coal,1,41.96192
2025-11-27,4710.9669264,373.039805952,1331.73728064,13.9625,53.443749999999994,220.40125,8,9.04025,75.416664,,4.340928333333333,0.3,-0.98746294,-0.15785103,17.373395322121958,6867.633333333333,0.0,45.36666666666667,1.0,0.0,16045.833333333334,36.24606805505064,40.9995426226954,21668.0,75.92143300000001,7.624302777777777,1013.7541,9.32,33.612632999999995,0.0,0.003491616414911,3,autumn,samcheonpo_coal,1,42.308800000000005
2025-11-28,4870.1118633119995,486.5211838080001,734.5102674240001,12.8375,53.66375,107.88625,8,6.367333,57.0,,2.7856206944444444,0.0,-0.07907739,0.9968685,20.462225928203015,6867.633333333333,0.0,45.36666666666667,1.0,0.0,16045.833333333334,36.24606805505064,40.9995426226954,21436.0,101.159235,5.470831111111111,1016.8161,12.42,60.540035,0.0,0.0046969627654331,4,autumn,samcheonpo_coal,1,40.6192
2025-11-29,3485.757687984,2792.470061519999,8460.715494671998,13.2675,92.8575,123.89375,8,8.167333,62.708332,,2.7980911111111113,0.0,0.058720086,-0.9982745,22.411111543504656,6867.633333333333,0.0,45.36666666666667,1.0,0.0,16045.833333333334,36.24606805505064,40.9995426226954,13430.0,98.025949,4.3011625,1015.5481,12.18,57.332589,0.0,0.0072461384513566,5,autumn,samcheonpo_coal,1,40.69336
2025-11-30,1964.278827936,245.72574,515.037703536,12.42875,81.1375,149.72375,8,13.384,88.583336,,2.6445761111111112,0.0,-0.7317215,-0.68160367,33.49623239347117,6867.633333333333,0.0,45.36666666666667,1.0,0.0,16045.833333333334,36.24606805505064,40.9995426226954,9131.0,86.58156,4.0,1013.1663,11.17,45.91124,0.0,0.0093930885706206,6,autumn,samcheonpo_coal,1,40.67032
2025-12-01,2227.80830328,491.680945584,527.398086816,10.24,55.533750000000005,72.77125,8,11.356915,66.5,,2.7611570833333334,0.0,0.20586,0.9785814,24.084106044310833,13536.193548387097,0.0,92.3225806451613,1.0,0.0,31053.290322580644,35.73748035634892,63.611987841920026,10138.0,72.593523,4.172529166666667,1014.04987,11.97,32.454643,0.0,0.0071096281363545,0,winter,samcheonpo_coal,1,40.13888
2025-12-02,3586.396930992,8934.64416864,7189.77630672,6.203749999999999,63.105,30.85,8,6.411083,47.208332,,5.0423583333333335,0.0,0.33453518,0.9423832,9.362351677373184,13536.193548387097,0.0,92.3225806451613,1.0,0.0,31053.290322580644,35.73748035634892,63.611987841920026,19798.0,87.46113700000001,6.1611683333333325,1016.65894,11.43,45.247217000000006,0.0,0.0043982453510854,1,winter,samcheonpo_coal,1,42.21392
2025-12-03,8257.15547856,6383.65428864,1495.99255464,10.6675,31.5,23.53125,8,1.31525,55.25,,4.721049166666667,0.0,-0.4468212,0.8946233,11.70290713981479,13536.193548387097,0.0,92.3225806451613,1.0,0.0,31053.290322580644,35.73748035634892,63.611987841920026,32388.0,102.604599,6.887669999999999,1020.12646,12.05,59.964919,0.0,0.0031579775220051,2,winter,samcheonpo_coal,1,42.63968
2025-12-04,8631.61798032,13105.264374864,4141.472052096,10.51625,38.7,14.39375,8,1.6610833,64.583336,,2.8822980555555553,0.0,-0.34386757,0.93901813,22.40689018108911,13536.193548387097,0.0,92.3225806451613,1.0,0.0,31053.290322580644,35.73748035634892,63.611987841920026,36183.0,78.686633,4.1976177777777774,1022.44293,11.93,55.250873,0.0,0.0021699661628091,3,winter,samcheonpo_coal,1,23.43576
2025-12-05,9279.438655968,10498.551613344,1431.5582589119997,12.27,13.51125,1.86125,8,2.6465,55.708332,,3.832540277777778,0.0,0.0075850603,0.9999712,14.535615534953063,13536.193548387097,0.0,92.3225806451613,1.0,0.0,31053.290322580644,35.73748035634892,63.611987841920026,40371.0,89.719033,5.203844166666666,1022.7351,12.37,60.595273,0.0,0.0022174354570126,4,winter,samcheonpo_coal,1,29.123759999999997
2025-12-06,5793.3435229920005,11028.111864912,11941.255587744,10.965,25.385,34.4,8,4.2985835,62.416668,,2.580126388888889,0.0,-0.5821143,-0.813107,24.191321893684147,13536.193548387097,0.0,92.3225806451613,1.0,0.0,31053.290322580644,35.73748035634892,63.611987841920026,27125.0,88.261351,4.3566038888888885,1019.3653,12.01,57.884711,0.0,0.0032433213300528,5,winter,samcheonpo_coal,1,30.37664
2025-12-07,5453.1253774080005,16063.5296556,11458.401856848002,13.97125,52.7175,60.815,8,10.221499,81.958336,,3.229355,0.0,-0.84219974,-0.5391656,25.379165808652193,13536.193548387097,0.0,92.3225806451613,1.0,0.0,31053.290322580644,35.73748035634892,63.611987841920026,19517.0,71.592981,4.263801111111111,1017.63043,11.47,41.436741,0.0,0.003654830189664,6,winter,samcheonpo_coal,1,30.15624
2025-12-08,10168.476109344,13054.890957696,8867.727776736,18.17375,20.27,27.781249999999996,8,7.698583,54.875,,3.92656,0.0,0.011262501,0.9999366,13.975337190823518,13536.193548387097,0.0,92.3225806451613,1.0,0.0,31053.290322580644,35.73748035634892,63.611987841920026,34809.0,78.395502,5.800862222222222,1021.11395,11.76,47.626222,0.0,0.002247101019493,0,winter,samcheonpo_coal,1,30.76928
2025-12-09,13834.341589392,9478.086507072,3709.489008672,14.24,11.7225,9.02125,8,4.134,50.875,,3.14912875,0.0,0.4876541,0.8730369,16.15526199111421,13536.193548387097,0.0,92.3225806451613,1.0,0.0,31053.290322580644,35.73748035634892,63.611987841920026,34569.0,89.712518,4.140048055555556,1023.49005,11.97,58.648118,0.0,0.0025884550083448,1,winter,samcheonpo_coal,1,31.064400000000003
2025-12-10,18310.328523792,17112.020786928,1654.4764555200002,15.0475,11.89,1.25875,8,6.5673327,62.208332,,2.2358944444444444,0.0,0.86132205,0.5080594,27.822571031727296,13536.193548387097,0.0,92.3225806451613,1.0,0.0,31053.290322580644,35.73748035634892,63.611987841920026,42120.0,78.84659099999999,3.2802438888888887,1022.17377,10.56,46.373391,0.0,0.0018684536988462,2,winter,samcheonpo_coal,1,32.4732
2025-12-11,9165.802118112,8496.928845216002,1398.615478272,13.1825,12.985,2.095,8,10.600667,71.625,,2.895956111111111,0.3,-0.4441112,0.89597166,24.732764327881736,13536.193548387097,0.0,92.3225806451613,1.0,0.0,31053.290322580644,35.73748035634892,63.611987841920026,38519.0,76.363699,5.522680277777778,1016.0328,9.64,38.957939,0.0,0.0019785718200649,3,winter,samcheonpo_coal,1,37.40576
2025-12-12,7416.876544704,6359.279051088,1922.671840176,11.52375,13.1,5.02375,8,4.781916,64.166664,,4.309268055555555,0.0,0.6261436,0.7797078,14.890385831829525,13536.193548387097,0.0,92.3225806451613,1.0,0.0,31053.290322580644,35.73748035634892,63.611987841920026,32970.0,97.243996,5.522680277777778,1025.5912,10.44,55.607036,0.0,0.0029407953082441,4,winter,samcheonpo_coal,1,41.63696
2025-12-13,8674.741040256,7620.867494495999,4736.175543216,15.67375,19.1625,14.39375,8,5.781916,86.458336,,3.329146388888889,8.5,0.43312466,0.90133405,25.970121436701284,13536.193548387097,0.0,92.3225806451613,1.0,0.0,31053.290322580644,35.73748035634892,63.611987841920026,25718.0,65.766497,5.44518111111111,1019.0041,3.75,22.938337,0.0,0.0025506939417734,5,winter,samcheonpo_coal,1,42.82816
2025-12-14,5624.436458591999,8254.851819696,1453.606478352,28.8975,27.65875,18.61375,8,4.5215,68.708336,,3.891935555555555,0.0,-0.83454555,0.55093896,17.654027159294063,13536.193548387097,0.0,92.3225806451613,1.0,0.0,31053.290322580644,35.73748035634892,63.611987841920026,21808.0,87.642932,6.58559,1015.21387,9.92,44.318132,0.0,0.004002756725262,6,winter,samcheonpo_coal,1,43.3248
2025-12-15,9352.11387888,10304.443229616,6912.753786432,14.96875,17.552500000000002,12.725,8,4.0215,70.25,,1.9781173611111111,0.0,0.9298066,0.36804852,35.51356526214425,13536.193548387097,0.0,92.3225806451613,1.0,0.0,31053.290322580644,35.73748035634892,63.611987841920026,32641.0,93.155589,2.6305888888888886,1021.1722,11.56,51.20606900000001,0.0,0.0028458222710746,0,winter,samcheonpo_coal,1,41.94952
2025-12-16,9828.920470176,13284.73454904,2727.890104752,12.33625,17.60625,3.6925,8,6.7548337,77.208336,,1.7131388888888888,0.0,0.61630946,-0.7875041,45.068345888800614,13536.193548387097,0.0,92.3225806451613,1.0,0.0,31053.290322580644,35.73748035634892,63.611987841920026,42278.0,71.811992,2.8160254166666667,1019.6811,10.87,29.309512,0.0,0.0016956862054916,1,winter,samcheonpo_coal,1,42.502480000000006
2025-12-17,10482.534874223998,9871.335715248,1271.97452016,13.8725,13.06625,1.68375,8,8.296499,71.166664,,2.9258183333333334,0.0,0.17223269,0.9850563,24.32367833272856,13536.193548387097,0.0,92.3225806451613,1.0,0.0,31053.290322580644,35.73748035634892,63.611987841920026,40007.0,88.396381,4.809365833333334,1017.9749,11.16,46.042781000000005,0.0,0.0022046516303275,2,winter,samcheonpo_coal,1,42.3536
2025-12-18,8213.89645008,8994.794253408,4023.017058384,11.4975,16.68875,10.76125,8,5.6652493,51.041668,,2.7001869444444444,0.0,0.5196668,0.854369,18.90301266177764,13536.193548387097,0.0,92.3225806451613,1.0,0.0,31053.290322580644,35.73748035634892,63.611987841920026,36057.0,95.793799,4.360045833333333,1022.2818,11.8,55.086119,0.0,0.0026496928434518,3,winter,samcheonpo_coal,1,40.70768
2025-12-19,8901.605037744,13366.712038752,3786.6572316,11.76,20.5875,6.19875,8,9.656917,74.583336,,1.2326987500000002,0.0,0.4261117,0.90467054,60.504106132986664,13536.193548387097,0.0,92.3225806451613,1.0,0.0,31053.290322580644,35.73748035634892,63.611987841920026,38955.0,70.74131,2.9068880555555556,1018.532,8.2,30.44307,0.0,0.0018126833117164,4,winter,samcheonpo_coal,1,40.29824
2025-12-20,7120.46255688,5644.9611540000005,982.595161872,10.25125,19.30125,6.95875,8,11.384,92.583336,,1.4446586944444446,0.0,-0.98200655,0.1888468,64.08664991671523,13536.193548387097,0.0,92.3225806451613,1.0,0.0,31053.290322580644,35.73748035634892,63.611987841920026,31536.0,57.769268999999994,2.8231186111111106,1015.217,5.88,17.970069,0.0,0.0018285019589822,5,winter,samcheonpo_coal,1,39.7992
2025-12-21,3609.474235488,4717.709513135999,30256.557621696,13.52125,43.3,119.96125,8,4.217333,45.5,,5.276602222222222,0.0,0.12157151,0.9925827,8.6229732854181,13536.193548387097,0.0,92.3225806451613,1.0,0.0,31053.290322580644,35.73748035634892,63.611987841920026,15362.0,65.201233,7.317103333333333,1021.12494,9.14,25.020913,0.0,0.0042263811831616,6,winter,samcheonpo_coal,1,40.18032
2025-12-22,5726.071151280001,11561.217513696,2216.992772448,9.34375,29.14375,5.74875,8,2.0256665,51.625,,4.144879166666667,0.0,0.59237283,0.805664,12.455127863598758,13536.193548387097,0.0,92.3225806451613,1.0,0.0,31053.290322580644,35.73748035634892,63.611987841920026,29080.0,93.49230500000002,5.560575555555555,1026.0178,11.58,52.113825000000006,0.0,0.0032047004870917,0,winter,samcheonpo_coal,1,41.37848
2025-12-23,11083.32479952,9788.513292144,1075.715983296,14.82125,13.2225,1.46125,8,6.2902493,80.166664,,2.8125497222222218,1.4000001,0.5586668,0.8293922,28.50319884715125,13536.193548387097,0.0,92.3225806451613,1.0,0.0,31053.290322580644,35.73748035634892,63.611987841920026,39600.0,59.082882,4.601086388888889,1019.9489,7.35,16.740162,0.0,0.0014897692459453,1,winter,samcheonpo_coal,1,42.34272
2025-12-24,11219.653108512,10351.340079984,1283.3530895520005,14.255,13.1175,1.63375,8,7.9673343,81.333336,,3.5505455555555554,4.2,0.49831292,0.86699724,22.907278537163773,13536.193548387097,0.0,92.3225806451613,1.0,0.0,31053.290322580644,35.73748035634892,63.611987841920026,41164.0,47.444426,4.565084722222221,1011.7102,3.72,5.304826,0.0,0.0011512439483938,2,winter,samcheonpo_coal,1,42.1396
2025-12-25,8813.33664912,12443.548188383998,16708.638458448,16.705,28.84,50.05875,8,2.1548333,46.666668,,6.496361111111111,0.0,-0.23411569,0.97220874,7.183508921661272,13536.193548387097,0.0,92.3225806451613,1.0,0.0,31053.290322580644,35.73748035634892,63.611987841920026,27899.0,96.700727,8.504116666666667,1013.6621,11.65,54.344247,0.0,0.0034541277585075,3,winter,samcheonpo_coal,1,42.356480000000005
2025-12-26,10557.505506096,12223.582042032,11913.961128624002,14.64625,18.06875,22.043750000000003,8,-3.7535,43.791668,,5.325196666666667,0.0,-0.14579248,0.9893152,8.223483702323357,13536.193548387097,0.0,92.3225806451613,1.0,0.0,31053.290322580644,35.73748035634892,63.611987841920026,34887.0,58.34294800000001,6.484597222222223,1021.64886,12.14,58.34294800000001,0.0,0.0016695485886865,4,winter,samcheonpo_coal,1,0.0
2025-12-27,8411.609993471999,13098.184917264,13012.226831376,18.4225,34.41375,40.536249999999995,8,0.19024988,58.291668,,2.2725469444444446,0.0,-0.16561882,0.98618984,25.650369134288752,13536.193548387097,0.0,92.3225806451613,1.0,0.0,31053.290322580644,35.73748035634892,63.611987841920026,25703.0,52.248502,4.527692777777777,1022.33105,11.33,52.248502,0.0,0.0020286545476718,5,winter,samcheonpo_coal,1,0.0
2025-12-28,3695.742349056,4416.165289584,6352.939100448,18.22,48.6775,42.5925,8,5.231917,72.833336,,2.0539177777777775,0.0,-0.79806256,-0.6025746,35.46068727191287,13536.193548387097,0.0,92.3225806451613,1.0,0.0,31053.290322580644,35.73748035634892,63.611987841920026,14611.0,46.859887,3.9204588888888887,1019.5779,10.87,46.859887,0.0,0.0031969119203793,6,winter,samcheonpo_coal,1,0.0
2025-12-29,8968.883327856,16050.5233956,6910.244278847999,13.0375,24.8225,11.815,8,8.494416,78.0,,2.4218402777777777,0.0,-0.95256126,-0.30434692,32.20691336076503,13536.193548387097,0.0,92.3225806451613,1.0,0.0,31053.290322580644,35.73748035634892,63.611987841920026,34104.0,42.968712,4.294181666666667,1015.2205,10.87,42.968712,0.0,0.0012583463077617,0,winter,samcheonpo_coal,1,0.0
2025-12-30,6347.777806368,9071.379227232002,4626.1244296800005,10.46625,19.19,11.71625,8,4.1027503,50.791668,,4.082531944444445,0.0,0.48986536,0.8717981,12.44121753146791,13536.193548387097,0.0,92.3225806451613,1.0,0.0,31053.290322580644,35.73748035634892,63.611987841920026,29944.0,32.707093,5.7008769444444445,1018.9318,11.71,32.707093,0.0,0.0010910835836147,1,winter,samcheonpo_coal,1,0.0
2025-12-31,10009.96234848,9795.336889104,3252.42415296,16.0275,14.94375,6.03875,8,0.46316662,41.416668,,4.914558333333333,0.0,0.16736533,0.9858949,8.427342843626166,13536.193548387097,0.0,92.3225806451613,1.0,0.0,31053.290322580644,35.73748035634892,63.611987841920026,32791.0,45.323238,6.207253611111111,1021.6756,9.66,35.159798,0.0,0.0013802774954885,2,winter,samcheonpo_coal,1,10.16344
2026-01-01,8648.703191376002,10311.3708624,2127.83418144,12.78,21.81375,9.2025,8,-2.6951668,40.416668,,5.277464722222222,0.0,0.08958053,0.9959796,7.658349250505544,17673.483870967742,0.0,29.29032258064516,1.0,0.0,39233.3870967742,35.336436527480295,78.2868944324082,34461.0,62.473188,6.726811666666666,1020.5018,10.54,27.324868,0.0,0.0018095858333777,3,winter,samcheonpo_coal,1,35.14832
2026-01-02,12895.387091424,12334.868804016,2513.149389792,14.63625,13.55,2.78375,8,-2.9014168,53.625,,3.812046944444445,0.0,-0.14539479,0.98937374,14.067245440970073,17673.483870967742,0.0,29.29032258064516,1.0,0.0,39233.3870967742,35.336436527480295,78.2868944324082,46397.0,94.456649,5.295280555555555,1019.93414,12.2,58.979609,0.0,0.0020316990649083,4,winter,samcheonpo_coal,1,35.47704
2026-01-03,11915.103824064,12161.958280128,2445.7224435840003,13.67,13.59875,2.755,8,0.1569166,60.583332,,3.024049861111111,0.0,-0.17035328,0.98538303,20.033840307692603,17673.483870967742,0.0,29.29032258064516,1.0,0.0,39233.3870967742,35.336436527480295,78.2868944324082,46097.0,87.492296,4.601086388888889,1022.4387,11.99,57.248776,0.0,0.0018944085265516,5,winter,samcheonpo_coal,1,30.24352
2026-01-04,9744.784347743998,11673.55501848,2006.0779543200003,12.315,14.4175,2.4962500000000003,8,3.0923336,72.791664,,1.8779193055555556,0.0,-0.9994511,0.03312936,38.76187000402854,17673.483870967742,0.0,29.29032258064516,1.0,0.0,39233.3870967742,35.336436527480295,78.2868944324082,43104.0,74.064851,3.337663611111111,1020.0344,11.78,46.80069100000001,0.0,0.0017153351187827,6,winter,samcheonpo_coal,1,27.26416
2026-01-05,12393.115497648,14085.031963392,2610.134885664,13.6975,15.155,2.83625,8,3.134,52.625,,3.738578333333333,0.0,0.15788478,0.9874575,14.076206329767958,17673.483870967742,0.0,29.29032258064516,1.0,0.0,39233.3870967742,35.336436527480295,78.2868944324082,47805.0,65.923131,5.400925833333333,1016.6479,11.25,40.281291,0.0,0.0013771017287383,0,winter,samcheonpo_coal,1,25.64184
2026-01-06,10533.847859424,13454.70940296,1933.557598656,12.38375,15.6625,2.26125,8,2.0569167,39.208332,,2.5587283333333333,0.0,0.5150933,0.8571341,15.323366489994704,17673.483870967742,0.0,29.29032258064516,1.0,0.0,39233.3870967742,35.336436527480295,78.2868944324082,45440.0,83.273737,3.894868055555555,1018.6004,12.38,57.455257,0.0,0.0018292563377821,1,winter,samcheonpo_coal,1,25.81848
2026-01-07,9435.37483656,11814.803653968,1724.4099756,12.34375,15.5825,2.28125,8,3.6360834,63.541668,,3.818493333333333,0.0,-0.96989036,0.2435419,16.64050777444507,17673.483870967742,0.0,29.29032258064516,1.0,0.0,39233.3870967742,35.336436527480295,78.2868944324082,41629.0,75.858408,6.907966666666667,1016.2561,11.41,45.33544800000001,0.0,0.0018189345533288,2,winter,samcheonpo_coal,1,30.52296
2026-01-08,10987.396718832,13235.215790016002,2120.43344544,12.99375,15.48,2.5,8,-1.1285,42.291668,,4.627128055555556,0.0,0.13791955,0.9904434,9.139938962619064,17673.483870967742,0.0,29.29032258064516,1.0,0.0,39233.3870967742,35.336436527480295,78.2868944324082,44623.0,95.365632,6.1,1021.6157,12.72,63.072832000000005,0.0,0.0021325831266909,3,winter,samcheonpo_coal,1,32.2928
2026-01-09,10071.556636752,11762.321966352,1713.002933232,13.01125,15.36125,2.24,8,1.459,60.25,,2.8673430555555557,0.0,-0.4980107,-0.8671709,21.012483973016057,17673.483870967742,0.0,29.29032258064516,1.0,0.0,39233.3870967742,35.336436527480295,78.2868944324082,42449.0,93.236535,4.7801675,1019.26807,12.31,59.619015,0.0,0.0021916227869988,4,winter,samcheonpo_coal,1,33.61752
2026-01-10,11554.434748656,14231.890272528,2099.434309488,12.57625,15.0725,2.2575,8,7.0173335,65.666664,,7.448594444444444,0.0,-0.9835234,-0.18078084,8.815980583958048,17673.483870967742,0.0,29.29032258064516,1.0,0.0,39233.3870967742,35.336436527480295,78.2868944324082,47581.0,83.99378999999999,10.0,1010.8172,11.79,49.360589999999995,0.0,0.0017621693264045,5,winter,samcheonpo_coal,1,34.633199999999995
2026-01-11,10409.269262688,13484.23576272,2200.5032345279997,12.25375,15.43375,2.55375,8,-1.2118334,52.333332,,4.554056666666667,0.0,-0.79006076,0.6130286,11.491585597309944,17673.483870967742,0.0,29.29032258064516,1.0,0.0,39233.3870967742,35.336436527480295,78.2868944324082,44456.0,97.561971,6.389053055555555,1019.3855,12.39,63.439971,0.0,0.0021897681506027,6,winter,samcheonpo_coal,1,34.122
2026-01-12,11050.838557488,13316.493415536,2216.1398057280003,12.4375,14.605,2.46,8,0.6152498,74.666664,,2.6121605555555556,0.0,-0.83100057,-0.5562716,28.584255221677925,17673.483870967742,0.0,29.29032258064516,1.0,0.0,39233.3870967742,35.336436527480295,78.2868944324082,46386.0,79.715521,5.60803,1017.5462,12.12,45.348241,0.0,0.0017155771756914,0,winter,samcheonpo_coal,1,34.36728
2026-01-13,10514.382843744,14406.391472544,2269.109732976,11.6525,15.41375,2.465,8,4.854833,64.041664,,5.077721944444445,0.0,-0.9740836,0.2261883,12.612282574879517,17673.483870967742,0.0,29.29032258064516,1.0,0.0,39233.3870967742,35.336436527480295,78.2868944324082,47671.0,89.252664,7.473285555555556,1012.3952,12.44,60.440344,0.0,0.001868764485563,1,winter,samcheonpo_coal,1,28.81232
2026-01-14,11665.981861343998,14644.10300688,2520.4050756,12.85,15.4925,2.6975,8,2.0048335,53.0,,2.562898333333333,0.0,0.9990994,-0.04243165,20.67971222684734,17673.483870967742,0.0,29.29032258064516,1.0,0.0,39233.3870967742,35.336436527480295,78.2868944324082,48445.0,80.50036800000001,3.5171011111111112,1019.4422,12.59,51.177808000000006,0.0,0.0016589291689836,2,winter,samcheonpo_coal,1,29.322560000000003
2026-01-15,9967.439632608,10909.17335736,465605.668417536,12.41375,14.16875,824.9425,8,10.525667,81.375,,2.8290908333333333,0.0,-0.70910686,-0.705101,28.76365758257438,17673.483870967742,0.0,29.29032258064516,1.0,0.0,39233.3870967742,35.336436527480295,78.2868944324082,40824.0,78.14319900000001,4.527692777777777,1011.8635,10.26,40.243999,0.0,0.0019104915510126,3,winter,samcheonpo_coal,1,37.8992
2026-01-16,8123.439272400001,12439.50807888,23516.880997536,12.60625,19.845,44.195,8,7.421501,58.041668,,2.428101388888889,0.0,0.7824246,0.6227453,23.904136897084083,17673.483870967742,0.0,29.29032258064516,1.0,0.0,39233.3870967742,35.336436527480295,78.2868944324082,34221.0,96.377134,4.263801111111111,1014.51324,12.91,59.328413999999995,0.0,0.0028084061792856,4,winter,samcheonpo_coal,1,37.04872
2026-01-17,9245.439566928,11284.023233376,1379.949547248,12.76625,15.1975,1.88125,8,6.6965003,60.708332,,2.4342744444444446,0.0,0.6623193,0.7492217,24.93898423760308,17673.483870967742,0.0,29.29032258064516,1.0,0.0,39233.3870967742,35.336436527480295,78.2868944324082,38758.0,89.69995399999999,3.6069375,1015.35474,12.81,52.85179399999999,0.0,0.0023090158260647,5,winter,samcheonpo_coal,1,36.84816
2026-01-18,6858.9033147360005,10907.138430575998,8457.247396368,10.15,20.47125,20.58625,8,6.573583,63.25,,2.5751505555555556,0.0,0.7852687,0.61915505,24.561670720007523,17673.483870967742,0.0,29.29032258064516,1.0,0.0,39233.3870967742,35.336436527480295,78.2868944324082,34811.0,88.31328500000001,4.186884166666666,1016.6646,12.54,51.800245,0.0,0.0025305164109907,6,winter,samcheonpo_coal,1,36.51304
2026-01-19,11090.431683504,14391.707619456,2042.752729968,12.43,15.61375,2.24375,8,4.5819163,62.791668,,3.912256111111111,0.0,0.25628793,0.9666005,16.049989115402436,17673.483870967742,0.0,29.29032258064516,1.0,0.0,39233.3870967742,35.336436527480295,78.2868944324082,47668.0,59.06621,6.7911705555555555,1016.0861,5.13,22.19277,0.0,0.0012375830883907,0,winter,samcheonpo_coal,1,36.87344
2026-01-20,11143.75810032,13353.39660096,1856.146499856,13.2275,15.09625,2.14,8,-0.9264167,37.458332,,5.129479722222222,0.0,0.27752432,0.96071863,7.302559719209122,17673.483870967742,0.0,29.29032258064516,1.0,0.0,39233.3870967742,35.336436527480295,78.2868944324082,44099.0,97.225945,6.7911705555555555,1019.821,12.7,60.688025,0.0,0.0021998698513532,1,winter,samcheonpo_coal,1,36.53792
2026-01-21,11727.175274064,14552.185234608,5052.149710992,15.86,21.73375,154.5325,8,-3.6493337,43.083332,,5.427526944444445,0.0,-0.027016515,0.999635,7.937930560455276,17673.483870967742,0.0,29.29032258064516,1.0,0.0,39233.3870967742,35.336436527480295,78.2868944324082,36820.0,103.177543,6.649060277777777,1021.17285,13.81,66.365543,0.0,0.0027943841745429,2,winter,samcheonpo_coal,1,36.812
2026-01-22,8832.943777392,13547.084038128,1791.773579808,10.66,16.0325,2.1075,8,-4.538917,48.166668,,4.0732225,0.0,-0.17303981,0.98491484,11.825199335415633,17673.483870967742,0.0,29.29032258064516,1.0,0.0,39233.3870967742,35.336436527480295,78.2868944324082,43350.0,101.903672,5.756735277777778,1023.2229,13.9,63.902232000000005,0.0,0.0023452061564259,3,winter,samcheonpo_coal,1,38.00144
2026-01-23,9109.236419856,13567.530342672,1753.311730464,10.6875,15.00125,1.9825,8,-0.67433316,66.333336,,2.7485033333333333,0.0,-0.89220023,0.45164,24.13434802698681,17673.483870967742,0.0,29.29032258064516,1.0,0.0,39233.3870967742,35.336436527480295,78.2868944324082,45924.0,89.748752,5.948108333333333,1022.6841,12.81,51.561072,0.0,0.0019504768560309,4,winter,samcheonpo_coal,1,38.18768
2026-01-24,11200.369502592,10247.272167456,14304.85731144,23.69375,25.19,77.3725,8,1.1131667,56.708332,,3.464327222222222,0.0,-0.6747688,0.7380291,16.369219292057508,17673.483870967742,0.0,29.29032258064516,1.0,0.0,39233.3870967742,35.336436527480295,78.2868944324082,24236.0,102.047673,5.093132222222223,1020.5347,13.8,65.323833,0.0,0.0041929276485561,5,winter,samcheonpo_coal,1,36.72384
2026-01-25,2156.877869328,3253.1463874079996,3537.275698944,15.86375,42.195,114.68375,8,-0.61183316,45.5,,2.837274722222222,0.0,0.3654869,0.9308165,16.036515478615094,17673.483870967742,0.0,29.29032258064516,1.0,0.0,39233.3870967742,35.336436527480295,78.2868944324082,15919.0,100.848019,4.254409166666666,1024.8649,14.13,60.712899,0.0,0.0062951919943554,6,winter,samcheonpo_coal,1,40.13512
2026-01-26,8494.044955632,8706.002763168,1907.916107904,11.64625,23.65875,27.24125,8,-0.38891676,40.625,,2.8150166666666667,0.0,0.3111449,0.9503625,14.431530896797533,17673.483870967742,0.0,29.29032258064516,1.0,0.0,39233.3870967742,35.336436527480295,78.2868944324082,32356.0,66.56394999999999,4.810405555555556,1021.8455,8.67,26.00075,0.0,0.0020530131454949,0,winter,samcheonpo_coal,1,40.563199999999995
2026-01-27,8201.379021552,6022.507513535999,1452.707898624,12.2875,43.91375,17.306250000000002,8,1.2006668,49.791668,,4.123853611111111,0.0,0.12836449,0.99172705,12.074062926444274,17673.483870967742,0.0,29.29032258064516,1.0,0.0,39233.3870967742,35.336436527480295,78.2868944324082,31523.0,108.520019,5.999999444444444,1019.8591,14.19,64.09657899999999,0.0,0.0034307557441063,1,winter,samcheonpo_coal,1,44.42344
2026-01-28,9328.997410704002,6733.497413376001,1674.840411504,14.54,33.63125,21.22125,8,-0.22016667,37.875,,5.156546111111111,0.0,0.10464105,0.99451005,7.345032737783247,17673.483870967742,0.0,29.29032258064516,1.0,0.0,39233.3870967742,35.336436527480295,78.2868944324082,33742.0,107.268503,6.511528333333333,1023.05615,14.13,60.319303,0.0,0.0031690050551755,2,winter,samcheonpo_coal,1,46.9492
2026-01-29,7543.840064976,5997.337811424,1651.517306352,13.5175,26.17,36.14125,8,0.029833337,53.5,,3.7608405555555553,0.0,-0.34641272,0.9380822,14.225543255474951,17673.483870967742,0.0,29.29032258064516,1.0,0.0,39233.3870967742,35.336436527480295,78.2868944324082,32316.0,104.510038,5.560575555555555,1025.2931,12.79,57.262277999999995,0.0,0.0032235778486366,3,winter,samcheonpo_coal,1,47.24776
2026-01-30,6957.466592832,5902.798977648,1938.2606208,11.28375,25.2075,24.15375,8,-1.2264167,40.208332,,3.1999538888888885,0.0,0.08818751,0.9961039,12.565284812263789,17673.483870967742,0.0,29.29032258064516,1.0,0.0,39233.3870967742,35.336436527480295,78.2868944324082,28188.0,87.565629,4.9477263888888885,1025.2794,11.29,36.141869,0.0,0.0030968656878146,4,winter,samcheonpo_coal,1,51.42376
2026-01-31,5977.101802464001,5617.610469935999,15220.953386208,13.36125,24.83375,64.67375,8,0.09024999,41.375,,2.9255269444444445,0.0,0.14912027,0.98881906,14.142751301118876,17673.483870967742,0.0,29.29032258064516,1.0,0.0,39233.3870967742,35.336436527480295,78.2868944324082,24936.0,116.54164500000002,4.440720833333333,1022.7864,14.17,64.547165,0.0,0.0046518890838071,5,winter,samcheonpo_coal,1,51.99448
2026-02-01,4484.2800659039995,9423.001584863998,5532.188859072,15.37625,59.12125,107.98375,8,0.9610834,56.791668,,2.568616111111111,0.0,-0.6888503,0.72490364,22.10983095307049,11399.57142857143,0.0,53.92857142857143,1.0,0.0,26598.071428571428,36.99548467531212,54.68426976445661,20876.0,113.226354,3.956008055555555,1022.38776,14.59,62.251394,0.0,0.0053944986866284,6,winter,samcheonpo_coal,1,50.97496
2026-02-02,12184.437366144,16743.235283568,2610.961942896,13.98125,18.67875,2.93875,8,0.5423333,61.458332,,3.515416111111111,0.4,-0.49687126,0.86782426,17.482519866069275,11399.57142857143,0.0,53.92857142857143,1.0,0.0,26598.071428571428,36.99548467531212,54.68426976445661,46407.0,103.09885,6.5069188888888885,1022.37384,13.44,51.86949,0.0,0.002216698148342,0,winter,samcheonpo_coal,1,51.22936
2026-02-03,11420.898375744,13007.605940928,2226.7204704000005,14.0275,15.54125,2.67625,8,1.0381666,57.625,,2.344770833333333,0.0,0.21937409,0.97564083,24.575962469679876,11399.57142857143,0.0,53.92857142857143,1.0,0.0,26598.071428571428,36.99548467531212,54.68426976445661,43607.0,121.165121,3.1400636111111107,1025.0038,15.04,69.837361,0.0,0.0027708713746557,1,winter,samcheonpo_coal,1,51.327760000000005
2026-02-04,10600.089230736,13236.900447168,2371.634623728,12.98875,15.61375,2.82875,8,4.0923333,60.541668,,2.266181111111111,0.0,-0.73078775,-0.6826048,26.715282244284683,11399.57142857143,0.0,53.92857142857143,1.0,0.0,26598.071428571428,36.99548467531212,54.68426976445661,43628.0,115.110505,4.62277,1019.2009,14.22,63.691065,0.0,0.0026315116522599,2,winter,samcheonpo_coal,1,51.41944
2026-02-05,11514.288049631998,13504.779129312,2614.1784264,13.4425,15.37875,2.98625,8,11.3,68.5,216.0,5.4,0.0,-0.587785252292473,-0.8090169943749475,12.685185185185183,11399.57142857143,0.0,53.92857142857143,1.0,0.0,26598.071428571428,36.99548467531212,54.68426976445661,44987.0,101.791203,13.896187,1014.5136,14.07,50.492723,0.0,0.0022575722321255,3,winter,samcheonpo_coal,1,51.298480000000005
2026-02-06,6266.441916,7554.881785248,4956.957369647999,10.435,14.38125,13.916250000000002,8,3.8048332,41.375,,3.915619722222222,0.0,0.318551,0.9479057,10.566654306388708,11399.57142857143,0.0,53.92857142857143,1.0,0.0,26598.071428571428,36.99548467531212,54.68426976445661,31835.0,107.071505,5.885575555555555,1016.0839,14.24,55.437025,0.0,0.003352052636387,4,winter,samcheonpo_coal,1,51.63448
2026-02-07,5377.154198256,7557.09065424,4566.3095293920005,10.18375,21.435,17.46875,8,-1.8493334,37.041668,,4.923583333333334,0.0,-0.17578937,0.9844278,7.523314929844455,11399.57142857143,0.0,53.92857142857143,1.0,0.0,26598.071428571428,36.99548467531212,54.68426976445661,22503.0,123.979556,6.4498058333333335,1018.0479,15.6,70.889716,0.0,0.0054792799760639,5,winter,samcheonpo_coal,1,53.089839999999995
2026-02-08,7187.847190848,12131.632829520002,104807.29443480002,13.02125,29.865,356.2775,8,-4.3805833,46.583332,,4.9183611111111105,0.0,-0.4661016,0.88473123,9.471311875568308,11399.57142857143,0.0,53.92857142857143,1.0,0.0,26598.071428571428,36.99548467531212,54.68426976445661,26508.0,129.439619,7.300684166666667,1023.134,16.2,75.148339,0.0,0.0048593115874272,6,winter,samcheonpo_coal,1,54.29128
2026-02-09,10914.466604832,12655.465073856,2343.1971448800005,13.39875,15.16875,2.83375,8,-0.08266645,60.333332,,2.0763123055555557,0.0,-0.06237824,0.9980526,29.057927287030505,11399.57142857143,0.0,53.92857142857143,1.0,0.0,26598.071428571428,36.99548467531212,54.68426976445661,42816.0,125.66421,3.2649655555555555,1024.0369,15.84,71.09357000000001,0.0,0.002926393569319,0,winter,samcheonpo_coal,1,54.57064
2026-02-10,11961.372146832,13571.443514736,2831.1460272,13.6375,14.99,3.15625,8,3.2694166,76.291664,,1.288525138888889,0.7,-0.9985636,0.053579897,59.20851809363008,11399.57142857143,0.0,53.92857142857143,1.0,0.0,26598.071428571428,36.99548467531212,54.68426976445661,45959.0,66.61005,2.2803508333333333,1018.0112,3.43,12.62981,0.0,0.001447238829157,1,winter,samcheonpo_coal,1,53.980239999999995
2026-02-11,11914.803409968,14267.712853295998,2856.499004304,13.49875,15.7025,3.135,8,5.034,73.541664,,2.3215105555555557,0.0,-0.46527746,0.88516486,31.678367269969577,11399.57142857143,0.0,53.92857142857143,1.0,0.0,26598.071428571428,36.99548467531212,54.68426976445661,46260.0,113.995421,4.280186388888889,1016.56964,13.05,60.264301,0.0,0.0024581755349114,2,winter,samcheonpo_coal,1,53.73112
2026-02-12,12438.5452812,14170.48856784,2628.955430928,13.955,15.4325,2.87375,8,4.136083,52.708332,,1.6870265555555557,0.0,0.66203344,0.7494743,31.243332730256043,11399.57142857143,0.0,53.92857142857143,1.0,0.0,26598.071428571428,36.99548467531212,54.68426976445661,46068.0,124.000931,2.408319166666667,1018.44183,16.46,70.595731,0.0,0.0026844676242804,3,winter,samcheonpo_coal,1,53.405199999999994
2026-02-13,12823.505461584,13233.698075376002,2188.79906688,15.10125,15.03,2.50375,8,5.6110835,59.041668,,2.156826388888889,0.0,-0.45405236,-0.890975,27.374325677838133,11399.57142857143,0.0,53.92857142857143,1.0,0.0,26598.071428571428,36.99548467531212,54.68426976445661,44532.0,118.478835,3.753664722222222,1016.4566,16.15,65.596355,0.0,0.0026534728874425,4,winter,samcheonpo_coal,1,52.88248
2026-02-14,8179.41189744,8125.360398000001,6762.256886736,12.60125,15.38375,22.3875,8,8.038167,74.166664,,1.2538613888888888,0.0,-0.36786428,-0.9298795,59.15060839836762,11399.57142857143,0.0,53.92857142857143,1.0,0.0,26598.071428571428,36.99548467531212,54.68426976445661,33049.0,95.081562,2.1931711944444445,1013.63715,10.54,43.55076199999999,0.0,0.0028687342511554,5,winter,samcheonpo_coal,1,51.530800000000006
2026-02-15,4194.611438688,10468.009931328,136589.53288478398,13.8425,51.24625,852.695,8,9.373584,69.333336,,2.5204758333333332,0.0,0.5390536,0.84227145,27.50803442868427,11399.57142857143,0.0,53.92857142857143,1.0,0.0,26598.071428571428,36.99548467531212,54.68426976445661,17731.0,114.99636900000002,3.858756111111111,1013.8992,16.27,67.603649,0.0,0.0064438189172647,6,winter,samcheonpo_coal,1,47.39272
2026-02-16,3375.121401504,3053.206610208,7213.746114576,17.02625,48.05625,332.17125,8,5.929833,50.708332,,4.058238333333333,0.0,0.49332678,0.869844,12.495158695706635,11399.57142857143,0.0,53.92857142857143,1.0,0.0,26598.071428571428,36.99548467531212,54.68426976445661,14202.0,93.170388,5.27731,1017.3538,14.5,51.264548,0.0,0.0065176129749535,0,winter,samcheonpo_coal,1,41.90584
2026-02-17,2522.127777984,5288.796651312001,9037.979464752,17.286250000000003,59.18125,178.83499999999998,8,5.000666,67.75,,3.0501597222222223,0.0,-0.12519734,0.9921319,22.211951559913757,11399.57142857143,0.0,53.92857142857143,1.0,0.0,26598.071428571428,36.99548467531212,54.68426976445661,13730.0,108.518025,4.1593269444444445,1017.9349,16.55,75.029065,0.0,0.0078417374464488,1,winter,samcheonpo_coal,1,33.48896
2026-02-18,4125.886757712,3649.46177304,11035.482600096,20.286250000000003,52.24,167.03125,8,4.1298327,55.791668,,3.8818841666666666,0.0,-0.8196769,0.57282615,14.372316536149436,11399.57142857143,0.0,53.92857142857143,1.0,0.0,26598.071428571428,36.99548467531212,54.68426976445661,16005.0,103.663275,6.397655555555555,1017.5784,16.88,70.271355,0.0,0.0064352499788657,2,winter,samcheonpo_coal,1,33.39192
2026-02-19,3384.5505012,4830.003270432,2267.387868816,34.24,67.5625,169.13875,8,3.9694169,47.208332,,2.787164444444445,0.0,0.11900913,0.99289316,16.93776342981796,11399.57142857143,0.0,53.92857142857143,1.0,0.0,26598.071428571428,36.99548467531212,54.68426976445661,12423.0,109.539288,4.1593269444444445,1019.7722,17.56,74.933368,0.0,0.0087403905531646,3,winter,samcheonpo_coal,1,34.60592
2026-02-20,5930.112527135999,7055.387748576,1036.6507464479998,18.07625,58.260000000000005,166.07999999999998,8,6.8214993,60.791668,,2.3570622222222224,0.0,-0.6876781,-0.72601575,25.79128689385469,11399.57142857143,0.0,53.92857142857143,1.0,0.0,26598.071428571428,36.99548467531212,54.68426976445661,21020.0,105.714146,4.90408,1015.59296,17.47,70.02534599999998,0.0,0.005004050763416,4,winter,samcheonpo_coal,1,35.6888
2026-02-21,2587.975562592,5682.490010352,6418.14896736,15.18,80.71125,175.41625000000002,8,9.738166,78.791664,,2.4206652777777777,0.0,-0.23538272,-0.9719028,32.54959069447735,11399.57142857143,0.0,53.92857142857143,1.0,0.0,26598.071428571428,36.99548467531212,54.68426976445661,13539.0,105.699691,4.104875,1011.4462,17.04,69.752171,0.0,0.0077465751092872,5,winter,samcheonpo_coal,1,35.94752
2026-02-22,3161.1768552,3711.657709296,45115.952012496,18.15625,93.71375,303.1025,8,12.467335,71.333336,,4.024995277777778,0.0,-0.60745084,-0.79435724,17.722588742857738,11399.57142857143,0.0,53.92857142857143,1.0,0.0,26598.071428571428,36.99548467531212,54.68426976445661,14465.0,96.581617,6.010823333333334,1007.27124,14.38,64.719377,0.0,0.0066326323293923,6,winter,samcheonpo_coal,1,31.86224
2026-02-23,2725.9123085280003,10926.835036272,2935.518873552,15.70375,44.95375,46.71625,8,5.0527496,51.541668,,2.7661819444444444,0.0,0.3708057,0.92871046,18.632783032770305,11399.57142857143,0.0,53.92857142857143,1.0,0.0,26598.071428571428,36.99548467531212,54.68426976445661,13777.0,103.237867,4.272001666666666,1020.0943,16.87,71.270027,0.0,0.0074377592076751,0,winter,samcheonpo_coal,1,31.96784
2026-02-24,6733.87213176,7127.610949872,1185.483223008,12.95,37.24,24.795,8,2.5881667,71.666664,,5.281434999999999,22.2,0.5187067,0.8549523,13.569543883433198,11399.57142857143,0.0,53.92857142857143,1.0,0.0,26598.071428571428,36.99548467531212,54.68426976445661,22098.0,31.701408,6.083584444444444,1019.1562,1.63,2.943888,0.0,0.0014325275978888,1,winter,samcheonpo_coal,1,28.75752
2026-02-25,4017.307865184,6048.032099328,5556.1660403040005,28.9975,47.47375,472.04,8,6.1839995,80.5,,5.284615,0.0,0.48355615,0.87531334,15.23289776076403,11399.57142857143,0.0,53.92857142857143,1.0,0.0,26598.071428571428,36.99548467531212,54.68426976445661,11527.0,73.730906,6.352951666666667,1017.6394,14.66,51.605146,0.0,0.0063557121182653,2,winter,samcheonpo_coal,1,22.12576
2026-02-26,4228.665315552,5829.738195600001,1618.22695248,16.18,34.6325,184.97,8,7.658999,82.583336,,3.644455833333333,0.0,0.59685606,0.8023483,22.659990894845528,11399.57142857143,0.0,53.92857142857143,1.0,0.0,26598.071428571428,36.99548467531212,54.68426976445661,11135.0,36.39338,4.3566038888888885,1015.878,10.26,16.45114,0.0,0.0032577296996052,3,winter,samcheonpo_coal,1,19.94224
2026-02-27,4570.911345456,6281.943886655999,1793.447408304,33.04875,42.5775,177.05374999999998,8,7.2652507,86.458336,,3.879672777777778,3.5,0.5033321,0.86409307,22.28495570431126,11399.57142857143,0.0,53.92857142857143,1.0,0.0,26598.071428571428,36.99548467531212,54.68426976445661,12219.0,40.633656,4.887739166666666,1011.7009,5.08,21.309656,0.0,0.0033144266085074,4,winter,samcheonpo_coal,1,19.324
2026-02-28,3651.816627216,5957.536354847999,1642.424303808,44.34875,36.05375,164.565,8,7.1985836,69.083336,,2.949898888888889,0.0,0.7268422,0.6868045,23.418882681101312,11399.57142857143,0.0,53.92857142857143,1.0,0.0,26598.071428571428,36.99548467531212,54.68426976445661,11840.0,88.249447,3.982461388888889,1017.5158,18.33,68.352807,0.0,0.0073983569334388,5,winter,samcheonpo_coal,1,19.89664
2026-03-01,3741.401061792,9034.33741776,13787.712022608002,9.66,30.63,64.35,8,7.533999,78.041664,,4.1019958333333335,0.0,0.74980897,0.66165435,19.025290900059822,7610.1612903225805,0.0,43.32258064516129,1.0,0.0,17293.90322580645,35.63960961442686,60.3345680092369,14344.0,53.36701,5.162363611111111,1019.7539,13.74,29.62845,0.0,0.0037067201220148,6,spring,samcheonpo_coal,1,23.73856
2026-03-02,5226.815142864,6276.823383024001,1420.342481664,18.91375,23.0025,18.71375,8,5.6610827,90.833336,,6.074048611111111,38.7,0.64120615,0.7673687,14.954331421358855,7610.1612903225805,0.0,43.32258064516129,1.0,0.0,17293.90322580645,35.63960961442686,60.3345680092369,21671.0,30.870626,7.523961666666667,1014.77264,2.97,5.800546000000001,0.0,0.0014224868690819,0,spring,samcheonpo_coal,1,25.07008
2026-03-03,4356.465895008,4837.61159928,1120.9806512639998,18.395,22.102500000000003,19.35625,8,7.448583,77.083336,,4.744799444444444,0.70000005,0.42166293,0.90675265,16.24585757576219,7610.1612903225805,0.0,43.32258064516129,1.0,0.0,17293.90322580645,35.63960961442686,60.3345680092369,18950.0,69.349123,7.473285555555556,1015.71783,14.9,43.885443,0.0,0.0036462406022157,1,spring,samcheonpo_coal,1,25.46368
2026-03-04,4578.009161904,5284.745367120001,962.041767408,18.725,26.09375,20.61375,8,7.1256676,72.833336,,2.420291111111111,0.0,0.7703396,0.6376338,30.092799856032013,7610.1612903225805,0.0,43.32258064516129,1.0,0.0,17293.90322580645,35.63960961442686,60.3345680092369,19521.0,98.984476,3.1320916666666667,1020.2549,18.8,73.53087599999999,0.0,0.0050450843180371,2,spring,samcheonpo_coal,1,25.4536
2026-03-05,4933.0429273439995,5582.914584192,1093.956126048,17.98375,17.74875,18.80625,8,11.8,58.0,137.38,1.73,0.0,0.6771328747954924,-0.7358607679929621,33.52601156069364,7610.1612903225805,0.0,43.32258064516129,1.0,0.0,17293.90322580645,35.63960961442686,60.3345680092369,20126.0,81.534832,14.404499,1019.69086,14.66,56.559312,0.0,0.0040348727678986,3,spring,samcheonpo_coal,1,24.97552
2026-03-06,5985.881254655999,8943.184466495999,17041.49085384,17.175,29.3375,45.075,8,6.856917,67.458336,,3.9820002777777774,2.9,-0.7369602,0.67593616,16.940816497794486,7610.1612903225805,0.0,43.32258064516129,1.0,0.0,17293.90322580645,35.63960961442686,60.3345680092369,18994.0,86.010579,6.356099444444444,1016.02106,17.44,60.676979,0.0,0.0045078894817105,4,spring,samcheonpo_coal,1,25.333599999999997
2026-03-07,2036.119684032,603.0994533119999,290.30822423999996,22.02125,46.95,76.3725,8,2.7840002,51.041668,,3.428663333333333,0.0,-0.12634873,0.99198586,14.88675411895209,7610.1612903225805,0.0,43.32258064516129,1.0,0.0,17293.90322580645,35.63960961442686,60.3345680092369,9663.0,97.832879,5.44518111111111,1021.6989,19.71,72.376879,0.0,0.010023005230474,5,spring,samcheonpo_coal,1,25.456
2026-03-08,2010.898487952,597.3535359359998,232.320655728,28.4125,61.59375,74.07625,8,3.2798336,51.541668,,3.175237777777778,0.0,0.43974409,0.89812315,16.232380567124633,7610.1612903225805,0.0,43.32258064516129,1.0,0.0,17293.90322580645,35.63960961442686,60.3345680092369,9491.0,99.688798,4.468780555555556,1023.37836,19.77,74.438238,0.0,0.0103943314291241,6,spring,samcheonpo_coal,1,25.25056
2026-03-09,3828.334000608,8399.69128368,1799.665603056,7.69125,25.90125,13.47625,8,5.0798335,52.75,,13.27017,0.0,-0.04130839,0.99914646,3.975080952241003,7610.1612903225805,0.0,43.32258064516129,1.0,0.0,17293.90322580645,35.63960961442686,60.3345680092369,18184.0,89.945589,19.592731,1021.84644,18.31,64.619669,0.0,0.0049220672438765,0,spring,samcheonpo_coal,1,25.32592
2026-03-10,4621.670007552,5647.775201136,1275.925180752,11.86875,15.04375,10.86125,8,4.642333,60.166668,,2.8806524999999996,0.0,0.83844316,0.54498905,20.8864720753371,7610.1612903225805,0.0,43.32258064516129,1.0,0.0,17293.90322580645,35.63960961442686,60.3345680092369,20324.0,102.689984,3.764305833333333,1022.92816,20.51,77.302144,0.0,0.0050272454362618,1,spring,samcheonpo_coal,1,25.38784
2026-03-11,4443.69269592,5336.735763168001,1364.783726448,12.45875,15.1,10.5275,8,5.77,59.22,36.86,2.82,0.0,0.5998617938417409,0.8001036359678468,21.0,7610.1612903225805,0.0,43.32258064516129,1.0,0.0,17293.90322580645,35.63960961442686,60.3345680092369,19701.0,96.995385,12.031756,1020.8226,18.78,71.602265,0.0,0.0048992528341272,2,spring,samcheonpo_coal,1,25.39312
2026-03-12,4513.9617551520005,5621.51956176,1203.737999472,13.4825,16.75375,15.63625,8,7.27,56.49,42.77,6.39,0.0,0.6790570310840537,0.7340855185435213,8.84037558685446,7610.1612903225805,0.0,43.32258064516129,1.0,0.0,17293.90322580645,35.63960961442686,60.3345680092369,19295.0,82.417539,16.09969,1021.1608,18.65,57.239939,0.0,0.0042532777566526,3,spring,samcheonpo_coal,1,25.1776
2026-03-13,4132.067261904,5426.8230555360005,11240.498344896,9.3925,15.26,47.61125,8,5.11,53.67,73.59,1.14,0.0,0.9592646820487524,0.2825088844158813,47.078947368421055,7610.1612903225805,0.0,43.32258064516129,1.0,0.0,17293.90322580645,35.63960961442686,60.3345680092369,18072.0,105.962443,20.447239,1025.1448,20.11,81.331083,0.0,0.0058291705317503,4,spring,samcheonpo_coal,1,24.63136
2026-03-14,1912.970220192,863.867632032,241.515522432,11.74,21.99125,54.50375,8,6.12,67.95,52.39,2.93,0.0,0.7921831408682181,0.6102834352365832,23.19112627986348,7610.1612903225805,0.0,43.32258064516129,1.0,0.0,17293.90322580645,35.63960961442686,60.3345680092369,9287.0,90.64817,11.304229,1025.0413,18.37,66.11473,0.0,0.0096664076489873,5,spring,samcheonpo_coal,1,24.53344
2026-03-15,2070.162130176,1098.288315072,856.3680525599999,12.75375,28.9125,76.62,8,8.66,60.65,49.98,3.17,0.0,0.7658200212498376,0.6430549704752295,19.13249211356467,7610.1612903225805,0.0,43.32258064516129,1.0,0.0,17293.90322580645,35.63960961442686,60.3345680092369,10141.0,67.420661,11.792404,1020.9897,14.6,43.067221,0.0,0.0066044164164954,6,spring,samcheonpo_coal,1,24.35344
2026-03-16,5424.9355756800005,9261.541337184,1534.8115422719998,15.03625,20.40125,19.99625,8,8.0,99.96,44.4,2.31,0.0,0.6996633405133654,0.7144726796328034,43.272727272727266,7610.1612903225805,0.0,43.32258064516129,1.0,0.0,17293.90322580645,35.63960961442686,60.3345680092369,21461.0,88.935923,16.641972,1019.27655,16.09,64.935763,0.0,0.0041269692549331,0,spring,samcheonpo_coal,1,24.00016
2026-03-17,5805.565269984,7193.830487472001,1601.785605888,16.95625,18.8675,37.70625,8,9.23,93.2,62.07,1.24,0.0,0.8835205014773958,0.4683924886984536,75.16129032258065,7610.1612903225805,0.0,43.32258064516129,1.0,0.0,17293.90322580645,35.63960961442686,60.3345680092369,23340.0,97.839365,13.009903,1017.7124,17.6,72.126965,0.0,0.0041744191295254,1,spring,samcheonpo_coal,1,25.7124
2026-03-18,5402.028806208001,6743.758718592,1572.214260096,14.8475,22.0475,39.78875,8,10.24,65.92,328.82,4.97,3.25,-0.5177283993663102,0.8555450335836206,13.263581488933603,7610.1612903225805,0.0,43.32258064516129,1.0,0.0,17293.90322580645,35.63960961442686,60.3345680092369,22654.0,37.076935,13.363711,1010.57227,2.45,7.372855,0.0,0.0016339874526982,2,spring,samcheonpo_coal,1,29.70408
2026-03-19,4533.476407776,5676.777256896,1491.360682608,21.655,22.01,37.22375,8,6.67,70.6,30.57,2.3,0.0,0.5085906625212233,0.8610084424651265,30.695652173913043,7610.1612903225805,0.0,43.32258064516129,1.0,0.0,17293.90322580645,35.63960961442686,60.3345680092369,19238.0,111.683213,17.727943,1012.8086,21.86,82.501373,0.0,0.0057718367670725,3,spring,samcheonpo_coal,1,29.18184
2026-03-20,3896.475602112,5322.259126944,10720.442393712,23.78125,35.775,53.35125,8,9.83,37.0,136.79,1.18,0.0,0.6846743245287168,-0.7288491403103563,31.35593220338983,7610.1612903225805,0.0,43.32258064516129,1.0,0.0,17293.90322580645,35.63960961442686,60.3345680092369,13629.0,110.941243,14.291592,1016.22754,21.78,84.207403,0.0,0.0080743608024175,4,spring,samcheonpo_coal,1,26.73384
2026-03-21,1943.093379744,623.63597184,782.167198464,10.89625,34.22125,108.05375,8,8.78,100.0,50.29,3.08,0.0,0.7692880573131214,0.6389020933409152,32.467532467532465,7610.1612903225805,0.0,43.32258064516129,1.0,0.0,17293.90322580645,35.63960961442686,60.3345680092369,9418.0,102.511552,15.077082,1019.6152,21.52,81.36019200000001,0.0,0.010767441585475,5,spring,samcheonpo_coal,1,21.15136
2026-03-22,2042.709962112,984.618466416,1560.702933072,12.785,34.121249999999996,107.73625,8,8.77,56.45,29.39,2.08,0.0,0.4907516906440922,0.8712994767185192,27.139423076923077,7610.1612903225805,0.0,43.32258064516129,1.0,0.0,17293.90322580645,35.63960961442686,60.3345680092369,9626.0,67.15173300000001,11.720751,1015.9292,12.88,44.036213,0.0,0.0069277501115952,6,spring,samcheonpo_coal,1,23.11552
2026-03-23,3229.838916912,15547.950515088,19069.138893887997,14.795000000000002,79.52624999999999,77.90875,8,9.6,63.7,36.91,1.72,0.0,0.6005597874829353,0.7995798532094538,37.03488372093023,7610.1612903225805,0.0,43.32258064516129,1.0,0.0,17293.90322580645,35.63960961442686,60.3345680092369,14244.0,48.77342,13.397612,1015.3581,22.14,22.56086,0.0,0.0034124531724368,0,spring,samcheonpo_coal,1,26.21256
2026-03-24,6387.527672208,10178.5873932,24469.172282592,17.68,37.00875,86.58749999999999,8,11.79,59.1,49.8,2.04,0.0,0.7637960286346421,0.6454576877239505,28.97058823529412,7610.1612903225805,0.0,43.32258064516129,1.0,0.0,17293.90322580645,35.63960961442686,60.3345680092369,16046.0,37.30554,11.246759,1015.22723,17.57,5.6109,0.0,0.0023195194487364,1,spring,samcheonpo_coal,1,31.69464
2026-03-25,2727.86736888,9552.455640144,2041.314260832,16.42125,51.37625,99.37375,8,9.46,100.0,52.83,2.77,0.5,0.7968463761794039,0.6041819699144886,36.101083032490976,7610.1612903225805,0.0,43.32258064516129,1.0,0.0,17293.90322580645,35.63960961442686,60.3345680092369,15858.0,35.596776000000006,9.504273,1010.6169,11.99,3.161016,0.0,0.0022396929091439,2,spring,samcheonpo_coal,1,32.43576
2026-03-26,4346.236592208,7114.7746131839995,924.239529504,20.25,142.62875,93.01875,8,11.5,60.56,48.66,2.37,0.0,0.7508031823754509,0.6605259883872061,25.55274261603375,7610.1612903225805,0.0,43.32258064516129,1.0,0.0,17293.90322580645,35.63960961442686,60.3345680092369,22063.0,64.996294,11.304229,1011.0425,22.18,32.524534,0.0,0.0029372878202091,3,spring,samcheonpo_coal,1,32.471759999999996
2026-03-27,5181.701331312,6973.785925200001,750.33345888,18.01625,46.15375,82.06750000000001,8,15.38,40.03,317.95,3.21,0.0,-0.6697788676917005,0.742560615972611,12.470404984423675,7610.1612903225805,0.0,43.32258064516129,1.0,0.0,17293.90322580645,35.63960961442686,60.3345680092369,21702.0,92.266588,12.218805,1009.9797,21.84,61.970668,0.0,0.0042335257131709,4,spring,samcheonpo_coal,1,30.29592
2026-03-28,2744.180546256,3079.0835637120003,3896.741919312,13.2425,39.23625,93.3425,8,11.35,99.99,65.64,1.27,0.0,0.9109718401528738,0.4124685520721391,78.73228346456692,7610.1612903225805,0.0,43.32258064516129,1.0,0.0,17293.90322580645,35.63960961442686,60.3345680092369,14417.0,103.032887,12.313894,1011.0253,22.84,77.095367,0.0,0.0070959127848978,5,spring,samcheonpo_coal,1,25.93752
2026-03-29,2200.5735495839995,3888.77968008,2722.287186,15.0875,46.8,104.895,8,11.37,100.0,53.71,2.62,0.0,0.806031595764854,0.5918725087624556,38.167938931297705,7610.1612903225805,0.0,43.32258064516129,1.0,0.0,17293.90322580645,35.63960961442686,60.3345680092369,13098.0,79.884377,8.891344,1013.18036,18.04,55.717097,0.0,0.0060620031800723,6,spring,samcheonpo_coal,1,24.16728
2026-03-30,5597.809861536001,11645.093383632,4890.520770912,16.4025,40.24,49.835,8,11.96,100.0,232.04,2.41,11.53,-0.7884403743312584,-0.615111190049722,41.49377593360995,7610.1612903225805,0.0,43.32258064516129,1.0,0.0,17293.90322580645,35.63960961442686,60.3345680092369,23435.0,45.706997,17.377226,1009.89435,4.99,14.759717,0.0,0.0019465766940424,0,spring,samcheonpo_coal,1,30.94728
2026-03-31,6283.223607024001,10256.25273912,1745.119519344,13.06125,19.99,24.04125,8,13.61,81.85,78.02,1.64,1.25,0.9782201160113358,0.2075702402339231,49.90853658536585,7610.1612903225805,0.0,43.32258064516129,1.0,0.0,17293.90322580645,35.63960961442686,60.3345680092369,28118.0,75.846707,24.569832,1004.3166,15.49,45.579107,0.0,0.0026901865427667,1,spring,samcheonpo_coal,1,30.2676
2026-04-01,6712.951286592,11577.086171136,1337.55574824,13.41875,19.42125,28.5625,8,-19.21,66.02,164.37,1.71,0.25,0.2694240944699528,-0.9630216286870436,38.60818713450292,12329.933333333332,0.0,108.8,1.0,0.0,29496.433333333334,36.86719864435587,62.35643284555308,30638.0,46.312404,8.435069,1009.7548,5.11,16.001604,0.0,0.0015093186182644,2,spring,samcheonpo_coal,1,30.3108
2026-04-02,6655.0687577280005,14033.884152528,8573.731499520001,27.73875,29.6575,39.365,8,13.38,46.47,318.74,1.78,0.0,-0.6594770258578722,0.7517247184745592,26.106741573033705,12329.933333333332,0.0,108.8,1.0,0.0,29496.433333333334,36.86719864435587,62.35643284555308,27346.0,110.483759,14.044615,1011.2095,23.68,82.93391899999999,0.0,0.0040239587840079,3,spring,samcheonpo_coal,1,27.54984
2026-04-03,7181.269565616,15128.110993104,2365.02512064,12.89875,27.22875,14.14375,8,13.2,100.0,109.87,2.38,1.11,0.9404662204253442,-0.3398871698650418,42.01680672268907,12329.933333333332,0.0,108.8,1.0,0.0,29496.433333333334,36.86719864435587,62.35643284555308,31967.0,96.512152,14.186923,1011.5218,19.01,64.31303199999999,0.0,0.0030100305775136,4,spring,samcheonpo_coal,1,32.19912
2026-04-04,4752.065894112,11156.062608288,50678.042466384,16.88625,26.47125,182.7175,8,12.75,77.0,306.27,8.55,44.75,-0.806238149135005,0.59159111460481,9.005847953216373,12329.933333333332,0.0,108.8,1.0,0.0,29496.433333333334,36.86719864435587,62.35643284555308,24653.0,72.935681,20.833395,996.5915,11.9,40.705361,0.0,0.0029497642451624,5,spring,samcheonpo_coal,1,32.23032
2026-04-05,2279.3975147520005,4446.631044288,12696.79992048,13.42125,36.65875,98.10375,8,10.26,99.97,57.56,3.03,0.0,0.8439536421031033,0.5364161164440411,32.993399339933994,12329.933333333332,0.0,108.8,1.0,0.0,29496.433333333334,36.86719864435587,62.35643284555308,13586.0,100.197639,13.53236,1005.3245,23.1,73.74939900000001,0.0,0.0073210720495865,6,spring,samcheonpo_coal,1,26.44824
2026-04-06,5657.536673568,17115.675222528,7605.769412736001,11.54875,25.925,22.63,8,13.82,59.58,31.62,6.08,0.0,0.524283182827569,0.8515439766707259,9.799342105263158,12329.933333333332,0.0,108.8,1.0,0.0,29496.433333333334,36.86719864435587,62.35643284555308,31124.0,59.832466999999994,18.59845,1006.3015,10.63,26.898947,0.0,0.0019187015278932,0,spring,samcheonpo_coal,1,32.933519999999994
2026-04-07,8064.298685232002,12240.06668424,1837.9712141279997,15.46625,20.94125,8.2925,8,9.1,54.64,314.57,4.42,0.0,-0.7123935948500396,0.701780140796701,12.361990950226245,12329.933333333332,0.0,108.8,1.0,0.0,29496.433333333334,36.86719864435587,62.35643284555308,31388.0,122.66049,20.431387,1011.14594,25.06,88.56249000000001,0.0,0.0038926664212235,1,spring,samcheonpo_coal,1,34.098
2026-04-08,7322.765375376,12653.402004144002,9745.555464144,13.955,22.32375,29.21125,8,8.88,70.02,52.72,2.14,0.0,0.7956849622438553,0.6057106907253614,32.719626168224295,12329.933333333332,0.0,108.8,1.0,0.0,29496.433333333334,36.86719864435587,62.35643284555308,27447.0,116.764848,15.03835,1015.8946,24.79,86.23660799999999,0.0,0.004236171968666,2,spring,samcheonpo_coal,1,30.52824
2026-04-09,11307.088192464,15170.479131744,3368.8918952640006,16.29125,18.99,9.055,8,16.4,100.0,220.27,6.49,26.25,-0.6463903586645467,-0.7630068834719111,15.408320493066256,12329.933333333332,0.0,108.8,1.0,0.0,29496.433333333334,36.86719864435587,62.35643284555308,37301.0,34.568531,23.042812,1005.0235,2.58,1.879811,0.0,0.0009258873605017,3,spring,samcheonpo_coal,1,32.68872
2026-04-10,6411.0563049600005,9409.833210240002,4141.237609008001,25.6225,22.5475,42.52375,8,12.59,73.76,291.74,5.21,0.0,-0.9288742131985404,0.370395324018531,14.1573896353167,12329.933333333332,0.0,108.8,1.0,0.0,29496.433333333334,36.86719864435587,62.35643284555308,24597.0,103.51936,16.981165,998.66504,21.83,74.31927999999999,0.0,0.0041909790839312,4,spring,samcheonpo_coal,1,29.200080000000003
2026-04-11,3043.859281056,3705.468428304,9466.188515135998,18.90375,44.6725,70.49875,8,15.88,64.34,107.19,2.31,0.0,0.9553299583633394,-0.295541318014081,27.852813852813853,12329.933333333332,0.0,108.8,1.0,0.0,29496.433333333334,36.86719864435587,62.35643284555308,12682.0,103.373627,13.783817,1008.0367,23.86,76.503467,0.0,0.0080853035676405,5,spring,samcheonpo_coal,1,26.87016
2026-04-12,3727.328434416,8684.49001464,13299.855828912,14.7075,52.1925,70.49000000000001,8,14.31,49.79,56.13,1.83,0.0,0.8303042059618936,0.5573104391288479,27.207650273224044,12329.933333333332,0.0,108.8,1.0,0.0,29496.433333333334,36.86719864435587,62.35643284555308,15679.0,83.68696600000001,15.782622,1011.79205,20.4,50.319526,0.0,0.0053091814980854,6,spring,samcheonpo_coal,1,33.36744
2026-04-13,9829.238096304,12601.24339896,11327.240697120002,13.71125,20.04,25.64875,8,16.83,58.96,128.62,0.84,0.0,0.7813026497483199,-0.6241523608032371,70.19047619047619,12329.933333333332,0.0,108.8,1.0,0.0,29496.433333333334,36.86719864435587,62.35643284555308,37996.0,81.36350200000001,18.218275,1011.35425,13.65,48.471742,0.0,0.0021367945287421,0,spring,samcheonpo_coal,1,32.891760000000005
2026-04-14,9427.597878816,14906.890263456,9063.808855487998,11.86125,25.96,20.97,8,15.8,99.22,270.83,1.09,0.0,-0.999895076364634,0.0144857261386062,91.0275229357798,12329.933333333332,0.0,108.8,1.0,0.0,29496.433333333334,36.86719864435587,62.35643284555308,38303.0,52.599720000000005,13.392774,1009.6728,4.79,21.028920000000003,0.0,0.0013713700315986,1,spring,samcheonpo_coal,1,31.5708
2026-04-15,12943.532548943998,14762.711545344,8743.014041184,21.33375,25.3225,18.11125,8,12.44,99.97,60.72,2.58,0.0,0.8722400460008437,0.4890780123379563,38.74806201550387,12329.933333333332,0.0,108.8,1.0,0.0,29496.433333333334,36.86719864435587,62.35643284555308,33132.0,105.029581,13.276144,1008.6055,23.18,73.601341,0.0,0.0031600170750529,2,spring,samcheonpo_coal,1,31.42824
2026-04-16,10276.029290304,14388.132826368,1637.514348336,13.18125,18.03875,2.07,8,15.34,29.21,98.41,4.79,0.0,0.9892468215973416,-0.146255686930654,6.09812108559499,12329.933333333332,0.0,108.8,1.0,0.0,29496.433333333334,36.86719864435587,62.35643284555308,39441.0,108.33356,16.375053,1014.4235,25.65,77.45636,0.0,0.002739200645079,3,spring,samcheonpo_coal,1,30.8772
2026-04-17,13176.305193744,15151.514905728,1878.683457168,14.16875,15.5025,1.95,8,12.213168,0.01,49.35,2.93,8.97,0.7587031106589781,0.6514365585967603,0.0034129692832764,12329.933333333332,0.0,108.8,1.0,0.0,29496.433333333334,36.86719864435587,62.35643284555308,48549.0,51.967516,11.113451,1012.60785,4.48,20.641516,0.0,0.0010692691659459,4,spring,samcheonpo_coal,1,31.326
2026-04-18,7210.408602384,18118.686989232003,163647.27175449597,14.4825,39.14375,492.84875,8,15.54,100.0,57.69,2.67,5.0,0.8451685582696294,0.5344998672707374,37.453183520599254,12329.933333333332,0.0,108.8,1.0,0.0,29496.433333333334,36.86719864435587,62.35643284555308,24304.0,77.777639,13.397612,1011.5495,13.38,47.395799,0.0,0.0031899904982969,5,spring,samcheonpo_coal,1,30.38184
2026-04-19,7939.885558464,18091.536332832,66646.43099035202,14.71375,36.265,189.32,8,15.98,100.0,45.03,2.6,0.0,0.7074769244858096,0.706736444029951,38.46153846153846,12329.933333333332,0.0,108.8,1.0,0.0,29496.433333333334,36.86719864435587,62.35643284555308,25701.0,80.797304,8.891343,1009.96356,8.73,51.389864,0.0,0.0031338895053474,6,spring,samcheonpo_coal,1,29.40744
2026-04-20,12559.612173984,14736.348183168,1741.529063808,13.74375,15.3075,1.8425,8,13.19,50.28,302.01,3.76,0.0,-0.8479555948810784,0.5300672684762533,13.372340425531917,12329.933333333332,0.0,108.8,1.0,0.0,29496.433333333334,36.86719864435587,62.35643284555308,47942.0,76.141439,17.811815,1008.052,12.13,46.022159,0.0,0.0015856806764736,0,spring,samcheonpo_coal,1,30.11928
2026-04-21,7421.43307176,18959.006324736,47228.651248752,13.95625,38.93125,120.005,8,12.91,50.22,60.07,2.46,0.0,0.8666356225450128,0.4989415774777824,20.414634146341463,12329.933333333332,0.0,108.8,1.0,0.0,29496.433333333334,36.86719864435587,62.35643284555308,25224.0,85.46665700000001,21.603,1014.3589,26.43,72.94937700000001,0.0,0.0033768651927069,1,spring,samcheonpo_coal,1,12.51728
2026-04-22,11757.522408768002,16359.168395376,1739.2263942240002,12.73875,17.5325,1.84125,8,11.8,100.0,53.57,1.68,0.5,0.8045829736345691,0.5938402466466502,59.523809523809526,12329.933333333332,0.0,108.8,1.0,0.0,29496.433333333334,36.86719864435587,62.35643284555308,47442.0,35.067516,13.513193,1010.81476,3.75,15.111356,0.0,0.0007386200924937,2,spring,samcheonpo_coal,1,19.95616
2026-04-23,11210.758768656,19481.491232208,112104.667484208,19.36625,36.685,260.42,8,14.67,33.12,32.94,6.3,0.0,0.5437604827787924,0.8392404526523817,5.257142857142857,12329.933333333332,0.0,108.8,1.0,0.0,29496.433333333334,36.86719864435587,62.35643284555308,33238.0,70.69907799999999,17.566378,1005.65283,17.32,40.859157999999994,0.0,0.0021225409564763,3,spring,samcheonpo_coal,1,29.83992
2026-04-24,5984.903439936,13093.391731392,11781.102533616,15.53625,43.81125,83.64,8,13.12,40.94,45.87,4.65,0.0,0.7177618202524205,0.6962887112311472,8.804301075268816,12329.933333333332,0.0,108.8,1.0,0.0,29496.433333333334,36.86719864435587,62.35643284555308,19895.0,104.46841399999998,16.179987,1012.09894,25.49,77.88049399999998,0.0,0.005223559538556,4,spring,samcheonpo_coal,1,26.587919999999997
2026-04-25,5023.829857248,12805.183014624,22837.382428032,13.16125,44.43125,140.58374999999998,8,13.21,70.92,67.8,1.75,0.0,0.9258705848099948,0.3778407868184673,40.52571428571429,12329.933333333332,0.0,108.8,1.0,0.0,29496.433333333334,36.86719864435587,62.35643284555308,19491.0,99.023669,16.92383,1015.0911,26.17,76.887269,0.0,0.0050548008860601,5,spring,samcheonpo_coal,1,22.1364
2026-04-26,5353.303770864,11516.71492296,12146.54315112,13.6225,33.78,94.52125,8,16.95,75.86,291.48,2.78,0.0,-0.9305454443575258,0.3661764274027682,27.287769784172664,12329.933333333332,0.0,108.8,1.0,0.0,29496.433333333334,36.86719864435587,62.35643284555308,19269.0,86.280968,9.114471,1009.9838,16.34,65.311448,0.0,0.0044577481537285,6,spring,samcheonpo_coal,1,20.96952
2026-04-27,5849.646209568,9450.17348256,9235.395495792,11.2925,23.78125,146.3175,8,13.66,85.27,61.56,3.03,0.0,0.8793163101905562,0.4762382036679391,28.141914191419144,12329.933333333332,0.0,108.8,1.0,0.0,29496.433333333334,36.86719864435587,62.35643284555308,27976.0,96.25539999999998,11.269782,1008.2117,21.64,70.95147999999999,0.0,0.0034288445523333,0,spring,samcheonpo_coal,1,25.30392
2026-04-28,5553.664969248,9479.630623104,22361.718525983997,12.62625,24.89,219.0625,8,15.23,39.56,309.09,5.41,0.0,-0.7761564689396485,0.6305403521767156,7.312384473197782,12329.933333333332,0.0,108.8,1.0,0.0,29496.433333333334,36.86719864435587,62.35643284555308,27812.0,71.52133599999999,15.496736,1009.28876,20.17,41.075095999999995,0.0,0.0025650037216662,1,spring,samcheonpo_coal,1,30.446240000000003
2026-04-29,6707.870245296,9612.191162448,1277.6528007359998,11.9625,18.315,187.86375,8,13.54,70.42,55.17,1.91,0.0,0.8208502716607448,0.5711434421530912,36.869109947643985,12329.933333333332,0.0,108.8,1.0,0.0,29496.433333333334,36.86719864435587,62.35643284555308,33434.0,79.991994,12.4811535,1014.55273,11.99,44.11395400000001,0.0,0.0023868238082267,2,spring,samcheonpo_coal,1,35.87804
2026-04-30,5719.349672351999,10026.733949279998,73053.68784393602,13.23375,36.2075,384.69625,8,14.37,100.0,210.23,0.83,0.25,-0.5034724108847554,-0.8640113028646628,120.48192771084338,12329.933333333332,0.0,108.8,1.0,0.0,29496.433333333334,36.86719864435587,62.35643284555308,27336.0,74.39102600000001,9.686609,1011.1792,10.8,36.89166600000001,0.0,0.0027139717171286,3,spring,samcheonpo_coal,1,37.49936
2026-05-01,7243.012462464,19886.187665375997,57007.91326204801,16.125,47.4975,162.37625,8,17.09,37.83,321.04,5.22,0.25,-0.6287776875005124,0.7775851205504822,7.247126436781609,,,,,,,36.86719864435587,62.35643284555308,,0.0,,,,0.0,0.0,,4,spring,samcheonpo_coal,1,0.0
2026-05-02,7530.309348336,18086.746664304,32931.755109072,15.86625,40.03,89.96000000000001,8,,1.57,195.03,1.56,0.0,-0.2593247671810205,-0.9657901765531216,1.0064102564102564,,,,,,,36.86719864435587,62.35643284555308,,0.0,,,,0.0,0.0,,5,spring,samcheonpo_coal,1,0.0
2026-05-03,10960.562639952,15120.177518736,1906.407733536,12.1425,16.32125,2.11375,8,14.11,80.59,253.69,15.54,11.75,-0.959756291775051,-0.2808342222703694,5.185971685971687,,,,,,,36.86719864435587,62.35643284555308,,0.0,,,,0.0,0.0,,6,spring,samcheonpo_coal,1,0.0
2026-05-04,7543.120758624001,15977.662612416,80677.069740144,18.19375,35.17375,221.11375,8,13.77,30.3,203.65,3.03,0.0,-0.4011485573524659,-0.9160130102427778,10.0,,,,,,,36.86719864435587,62.35643284555308,,0.0,,,,0.0,0.0,,0,spring,samcheonpo_coal,1,0.0
2026-05-05,6135.365422656,18153.977057136,26030.87597088,12.30125,41.21875,76.1,8,11.19,76.59,55.98,2.51,0.0,0.8288423269047619,0.559482258102167,30.513944223107572,,,,,,,36.86719864435587,62.35643284555308,,0.0,,,,0.0,0.0,,1,spring,samcheonpo_coal,1,0.0
2026-05-06,6781.980017520001,22041.761826096,44853.34311216,12.7675,46.3125,120.6625,8,,9.47,48.82,3.14,0.0,0.752644789047863,0.6584267776443313,3.015923566878981,,,,,,,36.86719864435587,62.35643284555308,,0.0,,,,0.0,0.0,,2,spring,samcheonpo_coal,1,0.0
2026-05-07,10891.78187328,15248.71686888,1410.256247472,12.80125,17.98625,1.6575,8,18.71,77.34,253.45,10.04,0.0,-0.9585715196636188,-0.2848519645180292,7.703187250996017,,,,,,,36.86719864435587,62.35643284555308,,0.0,,,,0.0,0.0,,3,spring,samcheonpo_coal,1,0.0
2026-05-08,7118.681056272,10830.743785296,8721.986045904,12.08875,21.32125,28.643749999999997,8,14.93,33.69,43.52,3.12,0.0,0.6886077371733285,0.7251340457494933,10.798076923076922,,,,,,,36.86719864435587,62.35643284555308,,0.0,,,,0.0,0.0,,4,spring,samcheonpo_coal,1,0.0
2026-05-09,3073.945399776,3341.054978784,31086.96355296,7.795,42.059999999999995,305.73625,8,12.9,73.33,54.92,2.59,0.0,0.8183503822737049,0.5747196288908888,28.312741312741313,,,,,,,36.86719864435587,62.35643284555308,,0.0,,,,0.0,0.0,,5,spring,samcheonpo_coal,1,0.0
