date,SOx,NOx,먼지,SOx_conc,NOx_conc,dust_conc,n_units,temp_mean,humidity_mean,wind_dir,wind_speed_mean,precipitation,wind_sin,wind_cos,stagnation_idx,유연탄,LNG,oil_ton,coal_ratio,lng_ratio,gen_mwh,heat_efficiency,utilization,api_gen_mwh,renewable_mwh,wind_speed_max,pressure_mean,solar_radiation,solar_mwh,wind_mwh,renewable_ratio,dayofweek,season,plant_type,is_coal,hydro_mwh,gen_mwh_combined
2020-07-16,21234.457222704,21996.268971696,2561.33723256,13.046666666666669,29.08,13.978333333333332,6,21.583333333333332,95.51833333333332,251.98,0.89,0.0,-0.950948591075739,-0.309348956893452,107.32397003745317,35034.1935483871,0.0,150.51612903225808,1.0,0.0,90448.73548387096,38.983333333333334,85.70447928814284,90448.73548387096,0.0,17.873554,1004.38525,24.23,0.0,0.0,0.0,3,summer,yeongheung_coal,1,0.0,90448.73548387096
2020-07-17,20187.820435968,21301.82379936,2471.5248344639995,12.8,28.94666666666667,8.266666666666667,6,21.583333333333332,95.21166666666666,208.53166666666667,0.5933333333333334,0.0,-0.4776443986753004,-0.8785532587237445,160.4691011235955,35034.1935483871,0.0,150.51612903225808,1.0,0.0,90448.73548387096,38.983333333333334,85.70447928814284,90448.73548387096,0.0,19.829433,1005.90845,23.08,0.0,0.0,0.0,4,summer,yeongheung_coal,1,0.0,90448.73548387096
2020-07-18,14910.36875568,15543.98298864,2260.199205504,9.055,25.338333333333335,35.526666666666664,6,22.105,95.20666666666666,158.57500000000002,0.5916666666666667,0.0,0.3652829993287003,-0.930896519706368,160.91267605633803,35034.1935483871,0.0,150.51612903225808,1.0,0.0,90448.73548387096,38.983333333333334,85.70447928814284,90448.73548387096,0.0,14.345898,1005.6824,18.05,0.0,0.0,0.0,5,summer,yeongheung_coal,1,0.0,90448.73548387096
2020-07-19,14310.554678352,15468.368296896,2265.321137184,8.631666666666666,25.005,32.82666666666667,6,25.996666666666663,94.76833333333332,172.33,3.546666666666667,0.02,0.1334672894854552,-0.9910532188724306,26.7203947368421,35034.1935483871,0.0,150.51612903225808,1.0,0.0,90448.73548387096,38.983333333333334,85.70447928814284,90448.73548387096,0.0,38.64093,1001.26996,2.73,0.0,0.0,0.0,6,summer,yeongheung_coal,1,0.0,90448.73548387096
2020-07-20,14820.292083743998,15558.600067775998,2042.945299872,8.743333333333334,25.595,31.788333333333338,6,21.886666666666667,97.035,242.66,1.9866666666666664,0.005,-0.8882968183367946,-0.4592698145238021,48.84312080536913,35034.1935483871,0.0,150.51612903225808,1.0,0.0,90448.73548387096,38.983333333333334,85.70447928814284,90448.73548387096,0.0,44.693676,1001.7778,12.81,0.0,0.0,0.0,0,summer,yeongheung_coal,1,0.0,90448.73548387096
2020-07-21,14658.278811264,15309.430568784,1868.93666712,9.036666666666669,25.641666666666666,30.831666666666667,6,21.511666666666667,98.32666666666668,214.39166666666665,0.4083333333333334,0.0,-0.5648469895559782,-0.8251956606705761,240.8,35034.1935483871,0.0,150.51612903225808,1.0,0.0,90448.73548387096,38.983333333333334,85.70447928814284,90448.73548387096,0.0,15.459054,1009.0452,21.33,0.0,0.0,0.0,1,summer,yeongheung_coal,1,0.0,90448.73548387096
2020-07-22,16498.113403392,15386.837351328,1633.483470384,10.3,24.921666666666667,28.661666666666665,6,20.945,98.50833333333333,140.83,0.8116666666666666,0.26,0.6316234560607398,-0.775275312230363,121.36550308008214,35034.1935483871,0.0,150.51612903225808,1.0,0.0,90448.73548387096,38.983333333333334,85.70447928814284,90448.73548387096,0.0,12.313894,1007.40106,4.68,0.0,0.0,0.0,2,summer,yeongheung_coal,1,0.0,90448.73548387096
2020-07-23,16217.745931296,16116.987097152,1694.899432512,10.003333333333334,24.096666666666668,25.61666666666667,6,17.131666666666664,76.53166666666667,112.83,2.84,0.01,0.9216601225441744,-0.3879982197276908,26.947769953051644,35034.1935483871,0.0,150.51612903225808,1.0,0.0,90448.73548387096,38.983333333333334,85.70447928814284,90448.73548387096,0.0,57.479496,1002.2483,2.77,0.0,0.0,0.0,3,summer,yeongheung_coal,1,0.0,90448.73548387096
2020-07-24,16362.365257728,18539.948840687997,2770.143652512,10.04,24.755,20.405,6,23.011666666666667,79.87166666666667,142.05666666666667,1.6166666666666665,0.01,0.614881816020719,-0.7886192695636233,49.405154639175265,35034.1935483871,0.0,150.51612903225808,1.0,0.0,90448.73548387096,38.983333333333334,85.70447928814284,90448.73548387096,0.0,53.183826,995.2828,10.44,0.0,0.0,0.0,4,summer,yeongheung_coal,1,0.0,90448.73548387096
2020-07-25,16207.476342336,23303.112539904,4074.461963712,10.153333333333334,22.876666666666665,17.955,6,19.418333333333333,70.40833333333333,80.63666666666667,0.995,0.0,0.9866764806913568,0.1626945679809824,70.76214405360133,35034.1935483871,0.0,150.51612903225808,1.0,0.0,90448.73548387096,38.983333333333334,85.70447928814284,90448.73548387096,0.0,29.215502,999.68524,13.53,0.0,0.0,0.0,5,summer,yeongheung_coal,1,0.0,90448.73548387096
2020-07-26,16146.14732064,23498.48893464,4346.288919072001,11.14,29.248333333333335,4.641666666666667,6,21.753333333333337,96.96999999999998,257.96999999999997,0.51,0.0,-0.9780386043496788,-0.208423819180372,190.13725490196072,35034.1935483871,0.0,150.51612903225808,1.0,0.0,90448.73548387096,38.983333333333334,85.70447928814284,90448.73548387096,0.0,17.58481,1004.24603,15.97,0.0,0.0,0.0,6,summer,yeongheung_coal,1,0.0,90448.73548387096
2020-07-27,20486.0667636,29657.010930912,3013.495484544,12.508333333333333,23.108333333333334,2.12,6,23.58666666666667,97.01,99.79666666666668,0.67,0.01,0.985417799203122,-0.170152170170337,144.7910447761194,35034.1935483871,0.0,150.51612903225808,1.0,0.0,90448.73548387096,38.983333333333334,85.70447928814284,90448.73548387096,0.0,14.654254,1005.45087,5.99,0.0,0.0,0.0,0,summer,yeongheung_coal,1,0.0,90448.73548387096
2020-07-28,22239.970174368,23895.503129664,2616.71051592,13.963333333333331,14.825,1.6716666666666666,6,24.013333333333335,97.74666666666668,129.1833333333333,0.975,0.01,0.7751283057869318,-0.6318038537140153,100.25299145299148,35034.1935483871,0.0,150.51612903225808,1.0,0.0,90448.73548387096,38.983333333333334,85.70447928814284,90448.73548387096,0.0,12.10157,1007.0876,9.35,0.0,0.0,0.0,1,summer,yeongheung_coal,1,0.0,90448.73548387096
2020-07-29,24854.210640288,26078.342514336,2888.31111912,14.595,15.0,1.755,6,23.366666666666664,99.48,242.16166666666663,0.2599999999999999,0.01,-0.884268744600006,-0.4669783585173184,382.6153846153848,35034.1935483871,0.0,150.51612903225808,1.0,0.0,90448.73548387096,38.983333333333334,85.70447928814284,90448.73548387096,0.0,18.278645,1008.5081,5.77,0.0,0.0,0.0,2,summer,yeongheung_coal,1,0.0,90448.73548387096
2020-07-30,24179.191211952,26030.966375664,2882.882855376,14.301666666666668,14.908333333333331,1.7666666666666668,6,21.631666666666664,98.74,175.74333333333334,0.3666666666666667,0.005,0.0742245250214507,-0.9972415554344596,269.29090909090905,35034.1935483871,0.0,150.51612903225808,1.0,0.0,90448.73548387096,38.983333333333334,85.70447928814284,90448.73548387096,0.0,11.659777,1010.445,11.37,0.0,0.0,0.0,3,summer,yeongheung_coal,1,0.0,90448.73548387096
2020-07-31,29539.243673712004,28162.613263392,3159.589049712,15.801666666666668,15.085,1.7033333333333334,6,24.39833333333333,99.51166666666666,213.085,1.0466666666666666,0.005,-0.5458826280551561,-0.8378616570697075,95.0748407643312,35034.1935483871,0.0,150.51612903225808,1.0,0.0,90448.73548387096,38.983333333333334,85.70447928814284,90448.73548387096,0.0,14.113652,1011.05426,6.26,0.0,0.0,0.0,4,summer,yeongheung_coal,1,0.0,90448.73548387096
2020-08-01,22002.137973072,21201.725677392,3713.653385712,11.963333333333331,14.741666666666667,19.965,6,23.228333333333335,98.84333333333332,249.1916666666667,1.9933333333333336,0.505,-0.9347740182944616,-0.355242923534904,49.58695652173912,42188.48387096774,0.0,21.419354838709676,1.0,0.0,109614.58483870968,39.57333333333333,90.36661110219636,109614.58483870968,0.0,29.070974,1007.29156,3.46,0.0,0.0,0.0,5,summer,yeongheung_coal,1,0.0,109614.58483870968
2020-08-02,23319.666044063997,21113.475121728003,2988.7437636000004,12.586666666666666,14.23,22.24,6,25.326666666666668,94.94,213.455,3.36,0.135,-0.5512818827550241,-0.8343190551258409,28.25595238095238,42188.48387096774,0.0,21.419354838709676,1.0,0.0,109614.58483870968,39.57333333333333,90.36661110219636,109614.58483870968,0.0,42.694542,1004.51483,5.82,0.0,0.0,0.0,6,summer,yeongheung_coal,1,0.0,109614.58483870968
2020-08-03,24773.193738144,26981.691679583997,2787.473852928,14.091666666666669,16.22,1.6683333333333332,6,21.151666666666667,80.53833333333334,200.3083333333333,1.8733333333333333,0.01,-0.3470720583192965,-0.937838464946926,42.991992882562286,42188.48387096774,0.0,21.419354838709676,1.0,0.0,109614.58483870968,39.57333333333333,90.36661110219636,109614.58483870968,0.0,38.93995,1004.62933,3.61,0.0,0.0,0.0,0,summer,yeongheung_coal,1,0.0,109614.58483870968
2020-08-04,29248.056493776,27556.330374288,3745.191669984,15.955,15.03,2.0733333333333333,6,21.395,78.82000000000001,157.13333333333333,0.5499999999999999,0.0,0.3885879603733068,-0.9214116327966092,143.30909090909094,42188.48387096774,0.0,21.419354838709676,1.0,0.0,109614.58483870968,39.57333333333333,90.36661110219636,109614.58483870968,0.0,33.27031,1007.53125,6.95,0.0,0.0,0.0,1,summer,yeongheung_coal,1,0.0,109614.58483870968
2020-08-05,31270.357472688,28130.028675264,3040.271560512,16.925,15.225,1.653333333333333,6,25.981666666666666,96.63833333333334,117.83,3.9133333333333336,0.27,0.8843366544959591,-0.4668497419029968,24.694633730834752,42188.48387096774,0.0,21.419354838709676,1.0,0.0,109614.58483870968,39.57333333333333,90.36661110219636,109614.58483870968,0.0,32.58348,1007.9607,3.93,0.0,0.0,0.0,2,summer,yeongheung_coal,1,0.0,109614.58483870968
2020-08-06,27814.409639424,28213.687115856,3305.5951553280006,14.973333333333334,15.191666666666668,1.7866666666666668,6,19.028333333333332,81.07166666666667,177.66833333333332,1.0083333333333333,0.01,0.0406840287236817,-0.9991720621628742,80.401652892562,42188.48387096774,0.0,21.419354838709676,1.0,0.0,109614.58483870968,39.57333333333333,90.36661110219636,109614.58483870968,0.0,55.640675,1001.79663,12.6,0.0,0.0,0.0,3,summer,yeongheung_coal,1,0.0,109614.58483870968
2020-08-07,29678.414625504,27992.335439376,2953.443885984,16.044999999999998,15.13,1.6016666666666666,6,23.825,95.04666666666668,142.86166666666665,1.0883333333333334,0.0,0.6037414705507167,-0.7971801783394128,87.33231240428792,42188.48387096774,0.0,21.419354838709676,1.0,0.0,109614.58483870968,39.57333333333333,90.36661110219636,109614.58483870968,0.0,24.693481,1003.85815,4.34,0.0,0.0,0.0,4,summer,yeongheung_coal,1,0.0,109614.58483870968
2020-08-08,23573.039298623997,24621.768111168003,4025.62364112,12.758333333333333,13.278333333333334,34.23833333333334,6,24.838333333333335,97.79333333333334,173.335,2.3316666666666666,0.01,0.1160640219434515,-0.9932417343277063,41.94138670478914,42188.48387096774,0.0,21.419354838709676,1.0,0.0,109614.58483870968,39.57333333333333,90.36661110219636,109614.58483870968,0.0,41.998287,998.70685,3.95,0.0,0.0,0.0,5,summer,yeongheung_coal,1,0.0,109614.58483870968
2020-08-09,21771.222140447997,24104.929267872,3253.950413856,12.098333333333334,14.328333333333331,16.366666666666667,6,25.738333333333333,94.22833333333334,180.09333333333333,2.305,0.26,-0.0016289732480992,-0.9999986732221984,40.87997107736804,42188.48387096774,0.0,21.419354838709676,1.0,0.0,109614.58483870968,39.57333333333333,90.36661110219636,109614.58483870968,0.0,43.057262,998.3365,2.39,0.0,0.0,0.0,6,summer,yeongheung_coal,1,0.0,109614.58483870968
2020-08-10,26561.842406352,29118.857366303997,3481.75376136,14.641666666666666,16.53833333333333,1.975,6,21.146666666666665,80.595,178.6,0.8283333333333333,0.75,0.024432178152653,-0.9997014897811832,97.29778672032194,42188.48387096774,0.0,21.419354838709676,1.0,0.0,109614.58483870968,39.57333333333333,90.36661110219636,109614.58483870968,0.0,38.82162,1000.43854,7.35,0.0,0.0,0.0,0,summer,yeongheung_coal,1,0.0,109614.58483870968
2020-08-11,28629.6286896,28492.999737408,3312.5560364159996,15.298333333333334,15.231666666666667,1.775,6,23.933333333333337,97.68833333333332,166.715,0.6216666666666667,0.01,0.2297949516742224,-0.9732390663064456,157.13941018766752,42188.48387096774,0.0,21.419354838709676,1.0,0.0,109614.58483870968,39.57333333333333,90.36661110219636,109614.58483870968,0.0,29.973106,1004.7614,6.44,0.0,0.0,0.0,1,summer,yeongheung_coal,1,0.0,109614.58483870968
2020-08-12,30334.810007088,28887.412192703996,3391.3363406400003,16.156666666666666,15.40333333333333,1.8083333333333331,6,25.991666666666664,97.13666666666666,132.775,1.2466666666666668,0.0,0.7340262568434,-0.6791210895447638,77.91711229946522,42188.48387096774,0.0,21.419354838709676,1.0,0.0,109614.58483870968,39.57333333333333,90.36661110219636,109614.58483870968,0.0,12.261158,1009.36694,15.04,0.0,0.0,0.0,2,summer,yeongheung_coal,1,0.0,109614.58483870968
2020-08-13,29652.66761112,28622.222124624004,3124.6670561760006,15.848333333333334,15.321666666666667,1.6733333333333336,6,26.125,95.35666666666668,238.15333333333336,2.475,0.0,-0.8494632124928673,-0.5276478471682585,38.52794612794613,42188.48387096774,0.0,21.419354838709676,1.0,0.0,109614.58483870968,39.57333333333333,90.36661110219636,109614.58483870968,0.0,28.227306,1006.2614,9.84,0.0,0.0,0.0,3,summer,yeongheung_coal,1,0.0,109614.58483870968
2020-08-14,30370.054911408,28545.309518832,2883.0669780959997,16.14,15.191666666666668,1.5416666666666667,6,26.078333333333333,96.45666666666666,240.49333333333337,1.4883333333333333,0.0,-0.8702983939654299,-0.492524827253605,64.80851063829788,42188.48387096774,0.0,21.419354838709676,1.0,0.0,109614.58483870968,39.57333333333333,90.36661110219636,109614.58483870968,0.0,34.32671,1002.61597,8.88,0.0,0.0,0.0,4,summer,yeongheung_coal,1,0.0,109614.58483870968
2020-08-15,30907.221735744,28696.543226928,2899.355541984,16.551666666666666,15.391666666666666,1.5599999999999998,6,25.66,97.94,189.46833333333333,1.535,0.01,-0.1645024728618724,-0.9863766706600116,63.80456026058632,42188.48387096774,0.0,21.419354838709676,1.0,0.0,109614.58483870968,39.57333333333333,90.36661110219636,109614.58483870968,0.0,25.959969,1005.2739,5.01,0.0,0.0,0.0,5,summer,yeongheung_coal,1,0.0,109614.58483870968
2020-08-16,28602.039084768,28202.278234608,2887.183320336,15.521666666666668,15.356666666666667,1.5766666666666669,6,26.231666666666666,96.15333333333332,209.55,0.91,0.0,-0.4931829011339654,-0.8699256439656697,105.66300366300364,42188.48387096774,0.0,21.419354838709676,1.0,0.0,109614.58483870968,39.57333333333333,90.36661110219636,109614.58483870968,0.0,31.722921,1007.3413,18.83,0.0,0.0,0.0,6,summer,yeongheung_coal,1,0.0,109614.58483870968
2020-08-17,29152.909851696,28511.885695391997,3360.767147424,15.663333333333334,15.343333333333334,1.8133333333333332,6,24.406666666666663,98.59499999999998,235.05333333333337,0.295,0.0,-0.8196855985184038,-0.5728136866220344,334.2203389830508,42188.48387096774,0.0,21.419354838709676,1.0,0.0,109614.58483870968,39.57333333333333,90.36661110219636,109614.58483870968,0.0,17.992796,1010.35156,21.69,0.0,0.0,0.0,0,summer,yeongheung_coal,1,0.0,109614.58483870968
2020-08-18,28539.491312592003,28612.286114256,2790.5852445119995,15.318333333333332,15.383333333333333,1.508333333333333,6,23.44,98.23833333333334,180.08666666666667,0.4583333333333333,0.0,-0.0015126181082459,-0.9999988559925748,214.33818181818185,42188.48387096774,0.0,21.419354838709676,1.0,0.0,109614.58483870968,39.57333333333333,90.36661110219636,109614.58483870968,0.0,11.177405,1010.62225,14.28,0.0,0.0,0.0,1,summer,yeongheung_coal,1,0.0,109614.58483870968
2020-08-19,29224.590722496,28780.434560016,2899.8006383519996,15.615,15.403333333333334,1.5583333333333331,6,24.701666666666668,98.51833333333332,169.81666666666666,0.6366666666666667,0.0,0.1767984419341452,-0.9842470781920862,154.74083769633503,42188.48387096774,0.0,21.419354838709676,1.0,0.0,109614.58483870968,39.57333333333333,90.36661110219636,109614.58483870968,0.0,14.759999,1008.83594,19.08,0.0,0.0,0.0,2,summer,yeongheung_coal,1,0.0,109614.58483870968
2020-08-20,32376.545237952003,29122.542654768,3008.762391168,17.065,15.355,1.5916666666666668,6,24.425,97.66166666666668,199.37833333333333,0.7883333333333334,0.0,-0.3318044240883787,-0.943348198787372,123.88372093023256,42188.48387096774,0.0,21.419354838709676,1.0,0.0,109614.58483870968,39.57333333333333,90.36661110219636,109614.58483870968,0.0,15.509274,1009.3051,19.18,0.0,0.0,0.0,3,summer,yeongheung_coal,1,0.0,109614.58483870968
2020-08-21,30879.316325376,28820.057139792,3050.043285744,16.423333333333332,15.336666666666666,1.6283333333333332,6,24.554999999999996,96.365,167.85666666666663,0.6333333333333334,0.005,0.2103580094789457,-0.9776244206483672,152.15526315789472,42188.48387096774,0.0,21.419354838709676,1.0,0.0,109614.58483870968,39.57333333333333,90.36661110219636,109614.58483870968,0.0,18.671474,1010.7751,14.41,0.0,0.0,0.0,4,summer,yeongheung_coal,1,0.0,109614.58483870968
2020-08-22,30651.339322656,28628.391812544003,2959.7211699839995,16.383333333333333,15.326666666666666,1.5916666666666668,6,23.588333333333335,97.115,139.87833333333333,0.9916666666666668,0.0,0.6444128423002542,-0.7646777678725254,97.93109243697477,42188.48387096774,0.0,21.419354838709676,1.0,0.0,109614.58483870968,39.57333333333333,90.36661110219636,109614.58483870968,0.0,16.92383,1009.6816,8.76,0.0,0.0,0.0,5,summer,yeongheung_coal,1,0.0,109614.58483870968
2020-08-23,29634.078602447997,27838.446206976,2855.9100071519997,16.224999999999998,15.32,1.5766666666666664,6,23.635,96.46666666666664,222.155,0.3566666666666667,0.0,-0.6711385556379422,-0.7413319358669346,270.4672897196261,42188.48387096774,0.0,21.419354838709676,1.0,0.0,109614.58483870968,39.57333333333333,90.36661110219636,109614.58483870968,0.0,8.4042845,1006.14044,16.39,0.0,0.0,0.0,6,summer,yeongheung_coal,1,0.0,109614.58483870968
2020-08-24,30725.5965984,28742.543943264,3054.495023136,16.388333333333332,15.358333333333334,1.6366666666666667,6,26.32166666666667,93.46166666666666,183.415,1.4933333333333334,0.0,-0.0595677101164058,-0.9982242673425084,62.58593749999999,42188.48387096774,0.0,21.419354838709676,1.0,0.0,109614.58483870968,39.57333333333333,90.36661110219636,109614.58483870968,0.0,15.192682,1002.492,20.42,0.0,0.0,0.0,0,summer,yeongheung_coal,1,0.0,109614.58483870968
2020-08-25,31056.461021232,28681.306848576,3086.288020368,16.585,15.333333333333334,1.6566666666666665,6,27.618333333333336,92.59666666666664,132.51166666666666,0.6133333333333333,0.005,0.7371397566689467,-0.6757403193076805,150.97282608695647,42188.48387096774,0.0,21.419354838709676,1.0,0.0,109614.58483870968,39.57333333333333,90.36661110219636,109614.58483870968,0.0,17.713316,1001.61664,21.41,0.0,0.0,0.0,1,summer,yeongheung_coal,1,0.0,109614.58483870968
2020-08-26,30677.37368328,29174.502875616003,3273.76538064,16.208333333333332,15.4,1.7333333333333334,6,26.88,91.27666666666666,117.72666666666667,3.795,0.01,0.8851771825546578,-0.4652540762686534,24.0518225735617,42188.48387096774,0.0,21.419354838709676,1.0,0.0,109614.58483870968,39.57333333333333,90.36661110219636,109614.58483870968,0.0,48.0111,999.0673,11.67,0.0,0.0,0.0,2,summer,yeongheung_coal,1,0.0,109614.58483870968
2020-08-27,33470.770211136,29152.412457551996,3293.8706276639996,17.566666666666666,15.303333333333333,1.7333333333333334,6,15.203333333333331,80.82,129.05833333333334,0.7166666666666667,0.01,0.7765048422098612,-0.6301112838417026,112.7720930232558,42188.48387096774,0.0,21.419354838709676,1.0,0.0,109614.58483870968,39.57333333333333,90.36661110219636,109614.58483870968,0.0,79.83888,995.4599,10.87,0.0,0.0,0.0,3,summer,yeongheung_coal,1,0.0,109614.58483870968
2020-08-28,32738.681683584,29688.997139424,3224.88619848,17.08666666666667,15.493333333333332,1.6883333333333332,6,19.536666666666665,89.41666666666667,149.53333333333333,0.645,0.01,0.5070370015712725,-0.861924288460195,138.63049095607235,42188.48387096774,0.0,21.419354838709676,1.0,0.0,109614.58483870968,39.57333333333333,90.36661110219636,109614.58483870968,0.0,20.46941,1003.6818,18.75,0.0,0.0,0.0,4,summer,yeongheung_coal,1,0.0,109614.58483870968
2020-08-29,32353.476605712003,29057.237189712,2940.557458176,17.215,15.461666666666666,1.5733333333333333,6,24.71666666666667,99.25166666666668,232.63833333333332,1.2016666666666669,0.01,-0.7948208031888269,-0.6068442063810678,82.59500693481276,42188.48387096774,0.0,21.419354838709676,1.0,0.0,109614.58483870968,39.57333333333333,90.36661110219636,109614.58483870968,0.0,14.480773,1006.0262,9.28,0.0,0.0,0.0,5,summer,yeongheung_coal,1,0.0,109614.58483870968
2020-08-30,31258.766528928,28365.899592096,2912.02340616,16.93,15.38,1.5883333333333332,6,24.659999999999997,98.32,80.81,0.87,0.51,0.9871641545692734,0.1597088974776662,113.01149425287356,42188.48387096774,0.0,21.419354838709676,1.0,0.0,109614.58483870968,39.57333333333333,90.36661110219636,109614.58483870968,0.0,10.009036,1008.3301,7.05,0.0,0.0,0.0,6,summer,yeongheung_coal,1,0.0,109614.58483870968
2020-08-31,31068.090724896,28609.743430799997,2935.7126167680003,16.785,15.478333333333332,1.596666666666667,6,26.126666666666665,92.74,109.225,1.835,0.005,0.9442327851994295,-0.3292786773456915,50.53950953678474,42188.48387096774,0.0,21.419354838709676,1.0,0.0,109614.58483870968,39.57333333333333,90.36661110219636,109614.58483870968,0.0,26.009844,1009.27515,12.37,0.0,0.0,0.0,0,summer,yeongheung_coal,1,0.0,109614.58483870968
2020-09-01,29000.79810216,28335.182420016,2973.325716432,15.698333333333332,15.378333333333332,1.6266666666666667,6,25.525,95.81833333333331,200.87,0.7533333333333334,0.0,-0.3562488021221897,-0.9343911338334204,127.19247787610615,40337.066666666666,0.0,43.733333333333334,1.0,0.0,105094.941,39.526666666666664,87.17328469099827,105094.941,0.0,28.510544,1006.49945,13.4,0.0,0.0,0.0,1,autumn,yeongheung_coal,1,0.0,105094.941
2020-09-02,30171.066356016,28712.217989663997,3054.987541584,16.141666666666666,15.4,1.65,6,22.371666666666663,99.42666666666666,240.09166666666667,2.395,0.605,-0.8668242376638673,-0.4986138195020824,41.5142658315936,40337.066666666666,0.0,43.733333333333334,1.0,0.0,105094.941,39.526666666666664,87.17328469099827,105094.941,0.0,41.0621,1001.20966,3.06,0.0,0.0,0.0,2,autumn,yeongheung_coal,1,0.0,105094.941
2020-09-03,31817.690359344,28815.695723808003,3277.594155024,16.959999999999997,15.403333333333334,1.7633333333333334,6,20.763333333333332,91.84333333333332,203.59,1.405,0.01,-0.4001890909923082,-0.9164325896926352,65.36892052194543,40337.066666666666,0.0,43.733333333333334,1.0,0.0,105094.941,39.526666666666664,87.17328469099827,105094.941,0.0,74.03144,994.35516,17.27,0.0,0.0,0.0,3,autumn,yeongheung_coal,1,0.0,105094.941
2020-09-04,32131.983753216,28293.114648384,3063.426600672,17.411666666666665,15.365,1.675,6,21.438333333333333,89.50666666666666,174.64,1.0,0.0,0.0934132570737506,-0.9956274219821756,89.50666666666666,40337.066666666666,0.0,43.733333333333334,1.0,0.0,105094.941,39.526666666666664,87.17328469099827,105094.941,0.0,35.129066,1008.51636,22.19,0.0,0.0,0.0,4,autumn,yeongheung_coal,1,0.0,105094.941
2020-09-05,29783.311235424,27889.042254768003,2832.590386944,16.511666666666667,15.525,1.586666666666667,6,21.816666666666663,84.59333333333333,109.315,0.55,0.0,0.9437143907749984,-0.3307614678951795,153.80606060606058,40337.066666666666,0.0,43.733333333333334,1.0,0.0,105094.941,39.526666666666664,87.17328469099827,105094.941,0.0,29.546328,1010.51337,17.86,0.0,0.0,0.0,5,autumn,yeongheung_coal,1,0.0,105094.941
2020-09-06,29873.40003504,26944.666437744,2776.995455472,16.976666666666667,15.366666666666667,1.596666666666667,6,19.845,95.90666666666668,75.58666666666667,2.5700000000000003,0.995,0.968525262138094,0.2489152799655659,37.317769130998705,40337.066666666666,0.0,43.733333333333334,1.0,0.0,105094.941,39.526666666666664,87.17328469099827,105094.941,0.0,41.835964,1007.22974,7.44,0.0,0.0,0.0,6,autumn,yeongheung_coal,1,0.0,105094.941
2020-09-07,31240.21281912,28140.6464352,2955.5961014880004,16.94333333333333,15.303333333333333,1.6216666666666668,6,23.615,89.19333333333333,244.2483333333333,4.678333333333334,0.01,-0.9006856014412535,-0.4344714574703468,19.06519415746348,40337.066666666666,0.0,43.733333333333334,1.0,0.0,105094.941,39.526666666666664,87.17328469099827,105094.941,0.0,64.09315,991.67554,3.63,0.0,0.0,0.0,0,autumn,yeongheung_coal,1,0.0,105094.941
2020-09-08,31544.415294192,28326.685082976,3095.2155372479997,16.785,15.098333333333334,1.665,6,22.801666666666662,94.81666666666666,237.65166666666664,1.285,0.0,-0.8448107658093046,-0.5350652016088284,73.78728923476005,40337.066666666666,0.0,43.733333333333334,1.0,0.0,105094.941,39.526666666666664,87.17328469099827,105094.941,0.0,55.80116,1005.2867,17.69,0.0,0.0,0.0,1,autumn,yeongheung_coal,1,0.0,105094.941
2020-09-09,29275.454209824,28072.713412799996,3209.7200873760003,16.046666666666667,15.425,1.7733333333333334,6,21.176666666666662,95.37666666666668,174.26833333333332,1.92,0.01,0.0998696894176688,-0.9950005251936396,49.67534722222223,40337.066666666666,0.0,43.733333333333334,1.0,0.0,105094.941,39.526666666666664,87.17328469099827,105094.941,0.0,24.442913,1007.2378,18.45,0.0,0.0,0.0,2,autumn,yeongheung_coal,1,0.0,105094.941
2020-09-10,30031.139695248,28687.689565056,3161.0704694399997,16.028333333333332,15.335,1.7016666666666669,6,21.558333333333337,98.02166666666666,202.38166666666663,0.2383333333333333,0.005,-0.3807745233538187,-0.924667920047339,411.27972027972027,40337.066666666666,0.0,43.733333333333334,1.0,0.0,105094.941,39.526666666666664,87.17328469099827,105094.941,0.0,19.469976,1005.90204,19.48,0.0,0.0,0.0,3,autumn,yeongheung_coal,1,0.0,105094.941
2020-09-11,28409.8869792,28143.295936128,3288.216501216,15.47,15.348333333333334,1.7966666666666669,6,20.326666666666668,89.44833333333334,93.79833333333332,2.025,0.01,0.997803395699517,-0.0662448755037934,44.172016460905354,40337.066666666666,0.0,43.733333333333334,1.0,0.0,105094.941,39.526666666666664,87.17328469099827,105094.941,0.0,32.83705,1010.98676,6.72,0.0,0.0,0.0,4,autumn,yeongheung_coal,1,0.0,105094.941
2020-09-12,27147.432939408,26354.668983264,2810.5346448,15.656666666666666,15.308333333333335,1.64,6,21.266666666666666,76.31833333333333,75.20833333333333,2.27,0.01,0.966860531457712,0.2553051364726346,33.62041116005874,40337.066666666666,0.0,43.733333333333334,1.0,0.0,105094.941,39.526666666666664,87.17328469099827,105094.941,0.0,33.35784,1012.7773,5.98,0.0,0.0,0.0,5,autumn,yeongheung_coal,1,0.0,105094.941
2020-09-13,22326.279814367997,20151.549458495996,4846.469756832,12.733333333333333,12.336666666666666,24.088333333333335,6,21.331666666666667,91.805,267.81333333333333,1.155,0.0,-0.9992718226022108,-0.0381552690103956,79.48484848484848,40337.066666666666,0.0,43.733333333333334,1.0,0.0,105094.941,39.526666666666664,87.17328469099827,105094.941,0.0,28.296091,1013.2068,15.94,0.0,0.0,0.0,6,autumn,yeongheung_coal,1,0.0,105094.941
2020-09-14,25198.805181168,26907.027561504,2849.9802524639995,14.618333333333334,16.375,1.74,6,19.786666666666665,97.72833333333334,215.665,0.4783333333333333,0.0,-0.5830450289138304,-0.8124398403936569,204.31010452961675,40337.066666666666,0.0,43.733333333333334,1.0,0.0,105094.941,39.526666666666664,87.17328469099827,105094.941,0.0,19.483284,1011.6252,16.8,0.0,0.0,0.0,0,autumn,yeongheung_coal,1,0.0,105094.941
2020-09-15,28647.352442016,28396.150797888,3131.672334336,15.605,15.491666666666667,1.7166666666666668,6,21.43166666666667,94.67666666666666,169.995,0.6766666666666666,0.0,0.1737341176945641,-0.9847925956001554,139.91625615763547,40337.066666666666,0.0,43.733333333333334,1.0,0.0,105094.941,39.526666666666664,87.17328469099827,105094.941,0.0,14.291592,1010.13654,18.24,0.0,0.0,0.0,1,autumn,yeongheung_coal,1,0.0,105094.941
2020-09-16,28215.863502192,28714.402509696003,3050.41130136,15.1,15.406666666666666,1.6416666666666666,6,10.678333333333336,82.53666666666668,204.6833333333333,0.4633333333333333,0.01,-0.4176027818093748,-0.9086296916924252,178.13669064748203,40337.066666666666,0.0,43.733333333333334,1.0,0.0,105094.941,39.526666666666664,87.17328469099827,105094.941,0.0,26.807312,1006.73334,13.16,0.0,0.0,0.0,2,autumn,yeongheung_coal,1,0.0,105094.941
2020-09-17,27993.956066064,28389.980678832,3190.404565584,15.153333333333334,15.38,1.7333333333333334,6,21.793333333333333,79.78666666666668,262.1333333333333,1.8716666666666668,0.0,-0.9905892576035796,-0.1368682677627971,42.6286731967943,40337.066666666666,0.0,43.733333333333334,1.0,0.0,105094.941,39.526666666666664,87.17328469099827,105094.941,0.0,24.503809,1007.42035,13.55,0.0,0.0,0.0,3,autumn,yeongheung_coal,1,0.0,105094.941
2020-09-18,28356.025730976,27615.53661768,3021.306306624,15.725,15.358333333333334,1.6883333333333332,6,21.506666666666664,79.85833333333333,243.73666666666668,2.04,0.0,-0.8967697919970524,-0.4424973900053687,39.14624183006536,40337.066666666666,0.0,43.733333333333334,1.0,0.0,105094.941,39.526666666666664,87.17328469099827,105094.941,0.0,32.744175,1009.7847,20.93,0.0,0.0,0.0,4,autumn,yeongheung_coal,1,0.0,105094.941
2020-09-19,24776.361200592,26813.615253552,2955.84516432,14.011666666666663,15.25,1.6900000000000002,6,21.011666666666667,59.54833333333334,285.1666666666667,1.655,0.005,-0.9651688666331496,0.2616277104629435,35.98086606243706,40337.066666666666,0.0,43.733333333333334,1.0,0.0,105094.941,39.526666666666664,87.17328469099827,105094.941,0.0,27.77838,1012.3924,17.7,0.0,0.0,0.0,5,autumn,yeongheung_coal,1,0.0,105094.941
2020-09-20,21102.076865376,20224.919964816,4718.408814719999,12.04,12.433333333333332,24.281666666666663,6,18.466666666666665,78.155,228.41666666666663,0.8850000000000001,0.0,-0.7479911871646701,-0.6637086589189473,88.31073446327683,40337.066666666666,0.0,43.733333333333334,1.0,0.0,105094.941,39.526666666666664,87.17328469099827,105094.941,0.0,30.886656,1014.368,20.17,0.0,0.0,0.0,6,autumn,yeongheung_coal,1,0.0,105094.941
2020-09-21,22462.396465824,26651.565239184,3001.558408704,13.083333333333334,16.68,1.903333333333333,6,18.791666666666668,75.92999999999999,156.0533333333333,0.95,0.0,0.405886100261143,-0.9139236694685182,79.92631578947368,40337.066666666666,0.0,43.733333333333334,1.0,0.0,105094.941,39.526666666666664,87.17328469099827,105094.941,0.0,18.59845,1015.5817,19.79,0.0,0.0,0.0,0,autumn,yeongheung_coal,1,0.0,105094.941
2020-09-22,28436.451913152,27178.876330560004,3030.089632128,15.885,15.201666666666668,1.71,6,19.75,65.74166666666666,105.29333333333334,1.64,0.0,0.9645881149519012,-0.2637608168275525,40.08638211382114,40337.066666666666,0.0,43.733333333333334,1.0,0.0,105094.941,39.526666666666664,87.17328469099827,105094.941,0.0,31.170673,1015.78973,20.37,0.0,0.0,0.0,1,autumn,yeongheung_coal,1,0.0,105094.941
2020-09-23,27129.768919776,27472.952290751997,2862.1432291680003,15.111666666666666,15.406666666666666,1.6216666666666668,6,20.084999999999997,65.825,101.17833333333331,1.735,0.0,0.9810285358359137,-0.193863384566667,37.93948126801153,40337.066666666666,0.0,43.733333333333334,1.0,0.0,105094.941,39.526666666666664,87.17328469099827,105094.941,0.0,31.367552,1015.34424,14.85,0.0,0.0,0.0,2,autumn,yeongheung_coal,1,0.0,105094.941
2020-09-24,27840.609600336003,27706.162486608,3030.623326656,15.323333333333332,15.291666666666666,1.6850000000000005,6,20.511666666666667,65.27833333333332,76.335,2.0533333333333332,0.0,0.9716936149093082,0.2362446163290944,31.7913961038961,40337.066666666666,0.0,43.733333333333334,1.0,0.0,105094.941,39.526666666666664,87.17328469099827,105094.941,0.0,35.42846,1012.9235,13.74,0.0,0.0,0.0,3,autumn,yeongheung_coal,1,0.0,105094.941
2020-09-25,28559.871345312,28303.813273824,3198.102956496,15.545,15.438333333333333,1.7533333333333332,6,20.363333333333333,62.065,77.38,2.1,0.0,0.9758405561279784,0.2184838873140031,29.554761904761904,40337.066666666666,0.0,43.733333333333334,1.0,0.0,105094.941,39.526666666666664,87.17328469099827,105094.941,0.0,28.337282,1010.8025,14.5,0.0,0.0,0.0,4,autumn,yeongheung_coal,1,0.0,105094.941
2020-09-26,25830.60720192,26896.434439104,3021.74992224,14.671666666666669,15.408333333333331,1.7433333333333332,6,19.811666666666667,69.13833333333334,75.07000000000001,2.1750000000000003,0.0,0.9662413124430778,0.2576387512162692,31.78773946360153,40337.066666666666,0.0,43.733333333333334,1.0,0.0,105094.941,39.526666666666664,87.17328469099827,105094.941,0.0,27.558228,1013.8455,17.89,0.0,0.0,0.0,5,autumn,yeongheung_coal,1,0.0,105094.941
2020-09-27,17068.905839664,18240.623358336,5329.389814416,10.318333333333332,11.89,34.03,6,18.94,91.88666666666666,200.05000000000004,1.0533333333333337,0.0,-0.3428400494994489,-0.939393794134928,87.23417721518983,40337.066666666666,0.0,43.733333333333334,1.0,0.0,105094.941,39.526666666666664,87.17328469099827,105094.941,0.0,26.178707,1016.21063,19.34,0.0,0.0,0.0,6,autumn,yeongheung_coal,1,0.0,105094.941
2020-09-28,17979.1500636,22115.785794624,3546.177493392,10.521666666666668,13.721666666666666,43.09833333333333,6,19.811666666666667,89.57666666666667,260.88666666666666,0.9433333333333334,0.0,-0.9873769749614416,-0.1583878445967136,94.95759717314488,40337.066666666666,0.0,43.733333333333334,1.0,0.0,105094.941,39.526666666666664,87.17328469099827,105094.941,0.0,15.696165,1014.5291,18.78,0.0,0.0,0.0,0,autumn,yeongheung_coal,1,0.0,105094.941
2020-09-29,20073.213138528,20344.624860239997,2157.22905696,11.263333333333334,11.468333333333334,41.065,6,20.028333333333332,84.125,243.24,0.4733333333333333,0.0,-0.892900372813147,-0.4502542884083871,177.72887323943664,40337.066666666666,0.0,43.733333333333334,1.0,0.0,105094.941,39.526666666666664,87.17328469099827,105094.941,0.0,19.083395,1009.73627,14.73,0.0,0.0,0.0,1,autumn,yeongheung_coal,1,0.0,105094.941
2020-09-30,13796.697019392,13895.679480912,6377.678368704,9.056666666666668,9.061666666666666,184.98,6,17.69666666666667,96.94333333333331,200.635,0.5383333333333333,0.0,-0.3524133889544373,-0.9358444332717102,180.08049535603712,40337.066666666666,0.0,43.733333333333334,1.0,0.0,105094.941,39.526666666666664,87.17328469099827,105094.941,0.0,25.600533,1007.64386,13.23,0.0,0.0,0.0,2,autumn,yeongheung_coal,1,0.0,105094.941
2020-10-01,14259.048724944,13656.874686624,1443.945026592,9.415,7.778333333333333,161.595,6,18.018333333333334,87.045,233.68666666666664,0.73,0.0,-0.8057904927050854,-0.5922007107949936,119.23972602739728,32376.8064516129,0.0,90.2258064516129,1.0,0.0,83356.11870967741,32.885,83.55762677754235,83356.11870967741,0.0,28.58545,1010.25616,13.0,0.0,0.0,0.0,3,autumn,yeongheung_coal,1,0.0,83356.11870967741
2020-10-02,15341.443211664,13942.351439856,1373.675888016,9.898333333333332,7.718333333333334,110.17666666666668,6,20.66,94.51666666666668,199.86,0.8983333333333334,0.0,-0.3397230223685955,-0.9405255276029176,105.21335807050092,32376.8064516129,0.0,90.2258064516129,1.0,0.0,83356.11870967741,32.885,83.55762677754235,83356.11870967741,0.0,35.455887,1011.4035,8.72,0.0,0.0,0.0,4,autumn,yeongheung_coal,1,0.0,83356.11870967741
2020-10-03,14579.231738544,13763.953538064,1360.3177723680003,9.623333333333331,7.73,93.18166666666669,6,19.225,81.86333333333333,283.9683333333333,0.8850000000000001,0.005,-0.9704292853052016,0.2413855882649904,92.50094161958567,32376.8064516129,0.0,90.2258064516129,1.0,0.0,83356.11870967741,32.885,83.55762677754235,83356.11870967741,0.0,18.331741,1012.55414,13.42,0.0,0.0,0.0,5,autumn,yeongheung_coal,1,0.0,83356.11870967741
2020-10-04,15286.03282296,14029.912345536,3458.2163863680003,9.59,9.951666666666666,58.18666666666667,6,13.666666666666666,55.14166666666667,268.4733333333333,1.3333333333333333,0.0,-0.9996450333997352,-0.0266422071015597,41.35625000000001,32376.8064516129,0.0,90.2258064516129,1.0,0.0,83356.11870967741,32.885,83.55762677754235,83356.11870967741,0.0,49.426308,1010.0244,16.8,0.0,0.0,0.0,6,autumn,yeongheung_coal,1,0.0,83356.11870967741
2020-10-05,16550.190994464,24944.110375392,3250.844286912,9.985,16.80666666666667,24.72666666666667,6,14.608333333333334,67.09,206.60833333333335,1.1666666666666667,0.0,-0.4478891325644787,-0.8940891034626464,57.50571428571429,32376.8064516129,0.0,90.2258064516129,1.0,0.0,83356.11870967741,32.885,83.55762677754235,83356.11870967741,0.0,40.430737,1015.0178,16.37,0.0,0.0,0.0,0,autumn,yeongheung_coal,1,0.0,83356.11870967741
2020-10-06,19161.061016976004,21048.736448592,2062.979857008,10.531666666666666,11.596666666666666,24.72333333333334,6,15.885,49.395,119.13333333333333,1.4766666666666666,0.0,0.8734891367260526,-0.4868436381648376,33.450338600451474,32376.8064516129,0.0,90.2258064516129,1.0,0.0,83356.11870967741,32.885,83.55762677754235,83356.11870967741,0.0,28.664682,1019.8609,18.73,0.0,0.0,0.0,1,autumn,yeongheung_coal,1,0.0,83356.11870967741
2020-10-07,22600.199733264,21911.033299824,2130.119354016,11.935,11.573333333333332,24.203333333333333,6,16.98,57.51833333333334,98.195,1.045,0.0,0.9897886738614936,-0.1425425588920941,55.04146730462521,32376.8064516129,0.0,90.2258064516129,1.0,0.0,83356.11870967741,32.885,83.55762677754235,83356.11870967741,0.0,25.49908,1023.27484,16.61,0.0,0.0,0.0,2,autumn,yeongheung_coal,1,0.0,83356.11870967741
2020-10-08,21697.109792208,20703.528632448,1976.145975792,12.06,11.515,24.924999999999997,6,17.331666666666667,47.473333333333336,142.57000000000002,1.5233333333333334,0.0,0.6077917109691446,-0.7940964904073055,31.164113785557987,32376.8064516129,0.0,90.2258064516129,1.0,0.0,83356.11870967741,32.885,83.55762677754235,83356.11870967741,0.0,33.27031,1024.3016,18.15,0.0,0.0,0.0,3,autumn,yeongheung_coal,1,0.0,83356.11870967741
2020-10-09,16137.759212784,20060.467573104,1789.8577025759998,9.295,11.543333333333337,25.168333333333333,6,16.44,64.58833333333332,100.60833333333332,2.02,0.0,0.9829085841137168,-0.184094310818038,31.97442244224422,32376.8064516129,0.0,90.2258064516129,1.0,0.0,83356.11870967741,32.885,83.55762677754235,83356.11870967741,0.0,31.072817,1021.21405,17.5,0.0,0.0,0.0,4,autumn,yeongheung_coal,1,0.0,83356.11870967741
2020-10-10,16988.355451008,16903.898581248,4279.13681256,10.341666666666669,10.588333333333331,28.861666666666665,6,17.793333333333333,68.97666666666667,124.64666666666666,0.935,0.0,0.8226735942163262,-0.5685139904867701,73.77183600713013,32376.8064516129,0.0,90.2258064516129,1.0,0.0,83356.11870967741,32.885,83.55762677754235,83356.11870967741,0.0,23.319553,1017.6008,16.57,0.0,0.0,0.0,5,autumn,yeongheung_coal,1,0.0,83356.11870967741
2020-10-11,17753.961468528003,16629.964244352,1824.08979816,10.333333333333334,10.25,27.808333333333337,6,15.865,94.93166666666669,216.35333333333332,0.6,0.0,-0.5927631143207395,-0.8053768622829799,158.2194444444445,32376.8064516129,0.0,90.2258064516129,1.0,0.0,83356.11870967741,32.885,83.55762677754235,83356.11870967741,0.0,24.144167,1013.74554,15.08,0.0,0.0,0.0,6,autumn,yeongheung_coal,1,0.0,83356.11870967741
2020-10-12,18940.912929792,21510.59996376,2250.884644128,10.928333333333333,12.626666666666669,23.69,6,15.068333333333332,56.05666666666667,254.115,1.8416666666666668,0.0,-0.9618129989457728,-0.2737074260208134,30.43800904977376,32376.8064516129,0.0,90.2258064516129,1.0,0.0,83356.11870967741,32.885,83.55762677754235,83356.11870967741,0.0,33.847656,1012.8475,14.25,0.0,0.0,0.0,0,autumn,yeongheung_coal,1,0.0,83356.11870967741
2020-10-13,21416.829575040003,20307.441549888,1846.888534944,12.088333333333331,11.45,23.805000000000003,6,16.291666666666668,63.846666666666664,279.1133333333333,1.305,0.0,-0.9873769749614418,0.1583878445967123,48.92464878671775,32376.8064516129,0.0,90.2258064516129,1.0,0.0,83356.11870967741,32.885,83.55762677754235,83356.11870967741,0.0,33.697998,1018.039,15.59,0.0,0.0,0.0,1,autumn,yeongheung_coal,1,0.0,83356.11870967741
2020-10-14,23122.205356032,20567.600665056,1940.931404496,13.021666666666668,11.561666666666667,23.67,6,10.526666666666667,44.81166666666667,260.93833333333333,1.2083333333333333,0.0,-0.987519400279544,-0.1574974097295886,37.085517241379314,32376.8064516129,0.0,90.2258064516129,1.0,0.0,83356.11870967741,32.885,83.55762677754235,83356.11870967741,0.0,31.559086,1022.4304,11.03,0.0,0.0,0.0,2,autumn,yeongheung_coal,1,0.0,83356.11870967741
2020-10-15,21338.363214432004,19723.512830112,1973.221126848,12.028333333333334,11.116666666666667,26.91,6,12.27,70.10000000000001,174.04166666666666,0.8483333333333333,0.0,0.1038051989599232,-0.9945976476288744,82.6326129666012,32376.8064516129,0.0,90.2258064516129,1.0,0.0,83356.11870967741,32.885,83.55762677754235,83356.11870967741,0.0,29.539747,1023.4968,15.63,0.0,0.0,0.0,3,autumn,yeongheung_coal,1,0.0,83356.11870967741
2020-10-16,21813.462344591997,19850.96584872,2137.802879088,12.425,11.315,22.834999999999997,6,13.903333333333334,84.13333333333334,192.43999999999997,0.73,0.0,-0.2154171206607757,-0.9765221267980674,115.25114155251144,32376.8064516129,0.0,90.2258064516129,1.0,0.0,83356.11870967741,32.885,83.55762677754235,83356.11870967741,0.0,13.202726,1021.03516,10.14,0.0,0.0,0.0,4,autumn,yeongheung_coal,1,0.0,83356.11870967741
2020-10-17,20187.911436336,19431.516251520003,1887.268833792,11.791666666666666,11.361666666666666,22.583333333333332,6,12.62,74.43833333333333,226.54166666666663,0.8733333333333334,0.01,-0.7258747647347948,-0.6878268865937172,85.23473282442747,32376.8064516129,0.0,90.2258064516129,1.0,0.0,83356.11870967741,32.885,83.55762677754235,83356.11870967741,0.0,23.540806,1020.545,16.11,0.0,0.0,0.0,5,autumn,yeongheung_coal,1,0.0,83356.11870967741
2020-10-18,13063.762944576,13675.328001504,19591.27489224,16.30666666666667,11.976666666666668,348.55,6,14.456666666666663,77.65833333333333,217.965,0.8216666666666667,0.0,-0.6151799921099037,-0.7883866927515069,94.5131845841785,32376.8064516129,0.0,90.2258064516129,1.0,0.0,83356.11870967741,32.885,83.55762677754235,83356.11870967741,0.0,16.923828,1021.2425,16.27,0.0,0.0,0.0,6,autumn,yeongheung_coal,1,0.0,83356.11870967741
2020-10-19,17470.199177712002,23816.280878928,23601.977461296003,10.578333333333331,15.978333333333332,39.281666666666666,6,14.284999999999998,97.37833333333332,176.93833333333336,0.3533333333333333,0.0,0.0534107370816478,-0.9985726278866224,275.5990566037736,32376.8064516129,0.0,90.2258064516129,1.0,0.0,83356.11870967741,32.885,83.55762677754235,83356.11870967741,0.0,17.87718,1022.0652,15.9,0.0,0.0,0.0,0,autumn,yeongheung_coal,1,0.0,83356.11870967741
2020-10-20,18256.95818424,19096.870765536,1925.813039904,10.518333333333333,11.096666666666666,20.326666666666668,6,13.628333333333332,94.105,163.41833333333332,0.955,0.0,0.2853817115743506,-0.958413939119676,98.5392670157068,32376.8064516129,0.0,90.2258064516129,1.0,0.0,83356.11870967741,32.885,83.55762677754235,83356.11870967741,0.0,12.43434,1023.41406,8.11,0.0,0.0,0.0,1,autumn,yeongheung_coal,1,0.0,83356.11870967741
2020-10-21,19308.118012272,20138.7479544,1831.41887328,10.98,11.506666666666668,19.703333333333333,6,14.955,94.9,201.16666666666663,0.77,0.0,-0.3610821049134141,-0.932534028071522,123.24675324675326,32376.8064516129,0.0,90.2258064516129,1.0,0.0,83356.11870967741,32.885,83.55762677754235,83356.11870967741,0.0,27.038372,1016.3086,6.13,0.0,0.0,0.0,2,autumn,yeongheung_coal,1,0.0,83356.11870967741
2020-10-22,19725.675248736,20106.542717424,1740.237962832,11.193333333333332,11.45,19.55,6,11.606666666666667,54.38166666666667,284.95,3.661666666666666,0.005,-0.9661513206883288,0.2579760173585878,14.851615839781523,32376.8064516129,0.0,90.2258064516129,1.0,0.0,83356.11870967741,32.885,83.55762677754235,83356.11870967741,0.0,43.02113,1011.1406,14.19,0.0,0.0,0.0,3,autumn,yeongheung_coal,1,0.0,83356.11870967741
2020-10-23,19677.532439664,19723.99423896,1915.843420224,11.338333333333331,11.426666666666668,22.906666666666663,6,10.493333333333334,45.43333333333334,260.5733333333333,2.0916666666666663,0.0,-0.9864960394011116,-0.1637851160695641,21.72111553784861,32376.8064516129,0.0,90.2258064516129,1.0,0.0,83356.11870967741,32.885,83.55762677754235,83356.11870967741,0.0,43.34974,1012.7619,15.93,0.0,0.0,0.0,4,autumn,yeongheung_coal,1,0.0,83356.11870967741
2020-10-24,16014.020134032,16632.23770944,4212.371089296,9.795,10.211666666666668,32.76333333333333,6,13.655,67.93833333333333,258.6516666666667,2.035,0.0,-0.980449014227277,-0.1967732972249048,33.384930384930385,32376.8064516129,0.0,90.2258064516129,1.0,0.0,83356.11870967741,32.885,83.55762677754235,83356.11870967741,0.0,40.513996,1016.61505,15.65,0.0,0.0,0.0,5,autumn,yeongheung_coal,1,0.0,83356.11870967741
2020-10-25,12190.546790208,14294.389203648,5283.877026384,8.011666666666667,9.606666666666667,35.605,6,13.968333333333334,85.72666666666667,230.16666666666663,0.8849999999999999,0.0,-0.7679109928687887,-0.6405565603686151,96.86629001883242,32376.8064516129,0.0,90.2258064516129,1.0,0.0,83356.11870967741,32.885,83.55762677754235,83356.11870967741,0.0,29.52878,1017.2734,14.09,0.0,0.0,0.0,6,autumn,yeongheung_coal,1,0.0,83356.11870967741
2020-10-26,17422.444859904,25210.00966464,2273.3580759839997,10.52,16.286666666666665,22.516666666666666,6,12.145,97.14333333333332,206.61,0.5033333333333333,0.0,-0.4479151403727514,-0.894076074517632,192.99999999999997,32376.8064516129,0.0,90.2258064516129,1.0,0.0,83356.11870967741,32.885,83.55762677754235,83356.11870967741,0.0,16.75064,1017.4383,12.98,0.0,0.0,0.0,0,autumn,yeongheung_coal,1,0.0,83356.11870967741
2020-10-27,21555.672699456,20569.855461552,1888.97273424,11.916666666666666,11.418333333333331,20.051666666666662,6,15.813333333333333,93.91333333333334,260.22,1.05,0.0,-0.9854672527713744,-0.1698655165571877,89.44126984126984,32376.8064516129,0.0,90.2258064516129,1.0,0.0,83356.11870967741,32.885,83.55762677754235,83356.11870967741,0.0,21.175835,1018.35895,11.51,0.0,0.0,0.0,1,autumn,yeongheung_coal,1,0.0,83356.11870967741
2020-10-28,20839.449509135997,19939.692830544,1786.782451968,11.828333333333331,11.375,20.136666666666667,6,11.838333333333331,45.935,287.0366666666667,1.515,0.0,-0.9561174556935228,0.2929836359221189,30.320132013201324,32376.8064516129,0.0,90.2258064516129,1.0,0.0,83356.11870967741,32.885,83.55762677754235,83356.11870967741,0.0,36.792282,1020.5459,14.52,0.0,0.0,0.0,2,autumn,yeongheung_coal,1,0.0,83356.11870967741
2020-10-29,19285.002824256,19684.707042528,1797.04086768,11.146666666666668,11.436666666666667,22.861666666666668,6,11.995,42.80833333333334,219.38666666666668,0.8233333333333333,0.0,-0.6345506727492505,-0.7728812610702072,51.99392712550608,32376.8064516129,0.0,90.2258064516129,1.0,0.0,83356.11870967741,32.885,83.55762677754235,83356.11870967741,0.0,37.77256,1021.7912,14.5,0.0,0.0,0.0,3,autumn,yeongheung_coal,1,0.0,83356.11870967741
2020-10-30,18813.041966160003,19253.043531216,1938.210821568,11.01,11.328333333333331,23.348333333333333,6,9.918333333333331,81.60166666666667,163.66166666666666,1.0483333333333331,0.0,0.2813087969538118,-0.959617299112724,77.83942766295709,32376.8064516129,0.0,90.2258064516129,1.0,0.0,83356.11870967741,32.885,83.55762677754235,83356.11870967741,0.0,25.346148,1022.492,14.6,0.0,0.0,0.0,4,autumn,yeongheung_coal,1,0.0,83356.11870967741
2020-10-31,19621.33062408,19538.899954992,3120.7061231999996,11.388333333333334,12.841666666666669,16.72,6,15.788333333333334,73.395,225.75666666666663,1.3816666666666668,0.0,-0.7163831301823802,-0.6977071096026577,53.12062726176115,32376.8064516129,0.0,90.2258064516129,1.0,0.0,83356.11870967741,32.885,83.55762677754235,83356.11870967741,0.0,32.169178,1021.75995,11.04,0.0,0.0,0.0,5,autumn,yeongheung_coal,1,0.0,83356.11870967741
2020-11-01,19250.74948032,20478.49758072,3832.60959216,11.003333333333332,16.096666666666668,12.64,6,13.641666666666666,67.10666666666667,248.52666666666667,1.1083333333333332,0.01,-0.93058804462032,-0.3660681510453065,60.547368421052646,38865.23333333333,0.0,130.46666666666667,1.0,0.0,98734.691,39.571666666666665,83.40159156683845,98734.691,0.0,36.982006,1016.62067,3.42,0.0,0.0,0.0,6,autumn,yeongheung_coal,1,0.0,98734.691
2020-11-02,21250.227197088,25247.753942256,2739.9450759839997,12.958333333333334,16.533333333333335,1.8216666666666663,6,9.015,93.08333333333331,182.38,0.785,0.97,-0.04152689152473,-0.9991373865891984,118.57749469214434,38865.23333333333,0.0,130.46666666666667,1.0,0.0,98734.691,39.571666666666665,83.40159156683845,98734.691,0.0,35.9946,1017.9328,14.19,0.0,0.0,0.0,0,autumn,yeongheung_coal,1,0.0,98734.691
2020-11-03,25059.17412864,25840.993658256,2845.365406128,14.473333333333334,15.001666666666663,1.6683333333333332,6,6.37,51.815,258.1083333333333,2.2733333333333334,0.01,-0.978538965935044,-0.2060618648531919,22.792521994134898,38865.23333333333,0.0,130.46666666666667,1.0,0.0,98734.691,39.571666666666665,83.40159156683845,98734.691,0.0,48.359406,1019.16724,12.81,0.0,0.0,0.0,1,autumn,yeongheung_coal,1,0.0,98734.691
2020-11-04,24648.208065936,26305.097708592,2889.089519904,14.125,15.143333333333333,1.6783333333333337,6,6.081666666666666,80.87166666666667,180.0716666666667,1.0,0.0,-0.0012508189711016,-0.9999992177256448,80.87166666666667,38865.23333333333,0.0,130.46666666666667,1.0,0.0,98734.691,39.571666666666665,83.40159156683845,98734.691,0.0,38.848316,1022.75885,14.09,0.0,0.0,0.0,2,autumn,yeongheung_coal,1,0.0,98734.691
2020-11-05,26306.834605344,26085.636083088,2939.121013824,15.11,15.026666666666666,1.7083333333333333,6,11.475,79.13000000000001,140.87166666666667,0.7633333333333333,0.0,0.6310594929765142,-0.7757344367270445,103.6637554585153,38865.23333333333,0.0,130.46666666666667,1.0,0.0,98734.691,39.571666666666665,83.40159156683845,98734.691,0.0,15.39184,1023.99414,12.2,0.0,0.0,0.0,3,autumn,yeongheung_coal,1,0.0,98734.691
2020-11-06,25629.333309072,26490.945989088,2947.4935169759997,14.673333333333332,15.236666666666666,1.71,6,14.706666666666663,94.85333333333334,207.0666666666667,1.1483333333333334,0.0,-0.455026925353874,-0.89047767922784,82.60087082728592,38865.23333333333,0.0,130.46666666666667,1.0,0.0,98734.691,39.571666666666665,83.40159156683845,98734.691,0.0,22.101183,1018.59186,5.37,0.0,0.0,0.0,4,autumn,yeongheung_coal,1,0.0,98734.691
2020-11-07,21219.670480608,20181.859281648,13490.905335696,13.15,12.909999999999998,18.066666666666663,6,14.85,75.31333333333333,273.53000000000003,2.7083333333333335,0.0,-0.998102696660617,0.0615711533009113,27.808,38865.23333333333,0.0,130.46666666666667,1.0,0.0,98734.691,39.571666666666665,83.40159156683845,98734.691,0.0,34.567497,1014.9714,13.3,0.0,0.0,0.0,5,autumn,yeongheung_coal,1,0.0,98734.691
2020-11-08,14253.572470320005,12838.655048543998,4533.231858336,9.216666666666669,8.693333333333333,56.035,6,7.216666666666666,42.016666666666666,295.805,2.2783333333333333,0.0,-0.9002807868956264,0.4353096653493827,18.441843452816386,38865.23333333333,0.0,130.46666666666667,1.0,0.0,98734.691,39.571666666666665,83.40159156683845,98734.691,0.0,43.9436,1020.01636,13.6,0.0,0.0,0.0,6,autumn,yeongheung_coal,1,0.0,98734.691
2020-11-09,21728.949834527997,27038.469218544,5602.887922608001,13.946666666666667,18.168333333333333,3.9483333333333337,6,8.465,57.87833333333333,146.59166666666667,0.9316666666666666,0.0,0.5506021579618627,-0.834767790255314,62.12343470483005,38865.23333333333,0.0,130.46666666666667,1.0,0.0,98734.691,39.571666666666665,83.40159156683845,98734.691,0.0,36.445442,1022.55536,12.07,0.0,0.0,0.0,0,autumn,yeongheung_coal,1,0.0,98734.691
2020-11-10,25985.78787024,25467.814592496004,2823.1694471520004,15.213333333333331,14.941666666666668,1.6733333333333331,6,8.633333333333335,71.74833333333333,196.18833333333336,0.9266666666666666,0.0,-0.2787955635798282,-0.9603504744249391,77.42625899280576,38865.23333333333,0.0,130.46666666666667,1.0,0.0,98734.691,39.571666666666665,83.40159156683845,98734.691,0.0,24.985659,1025.6069,12.98,0.0,0.0,0.0,1,autumn,yeongheung_coal,1,0.0,98734.691
2020-11-11,25165.797422256004,25595.550369936,2902.834350576,14.616666666666667,14.898333333333332,1.7,6,8.083333333333334,87.245,157.88833333333332,0.9716666666666668,0.0,0.3764129167161899,-0.9264520042232144,89.78902229845626,38865.23333333333,0.0,130.46666666666667,1.0,0.0,98734.691,39.571666666666665,83.40159156683845,98734.691,0.0,18.875126,1029.0634,12.73,0.0,0.0,0.0,2,autumn,yeongheung_coal,1,0.0,98734.691
2020-11-12,24248.06276256,25768.98797904,2794.2778084320003,13.961666666666666,14.888333333333334,1.6333333333333335,6,9.7,92.845,177.17666666666665,0.6449999999999999,0.0,0.049256523032904,-0.9987861607665122,143.94573643410854,38865.23333333333,0.0,130.46666666666667,1.0,0.0,98734.691,39.571666666666665,83.40159156683845,98734.691,0.0,14.336861,1027.7598,12.67,0.0,0.0,0.0,3,autumn,yeongheung_coal,1,0.0,98734.691
2020-11-13,26130.608144352,25638.804356544,2684.1866896799997,15.105,14.861666666666666,1.5650000000000002,6,9.888333333333334,98.865,190.10166666666663,0.5733333333333334,0.0,-0.1753953640544335,-0.9844980783466328,172.43895348837208,38865.23333333333,0.0,130.46666666666667,1.0,0.0,98734.691,39.571666666666665,83.40159156683845,98734.691,0.0,14.685176,1025.7444,6.89,0.0,0.0,0.0,4,autumn,yeongheung_coal,1,0.0,98734.691
2020-11-14,20964.286363824,20221.0144344,42216.052197024,13.503333333333332,13.215000000000002,62.20166666666666,6,10.053333333333333,96.59166666666664,189.755,0.9316666666666666,0.0,-0.169435509195048,-0.9855412767732332,103.67620751341678,38865.23333333333,0.0,130.46666666666667,1.0,0.0,98734.691,39.571666666666665,83.40159156683845,98734.691,0.0,16.418526,1026.6781,11.12,0.0,0.0,0.0,5,autumn,yeongheung_coal,1,0.0,98734.691
2020-11-15,13308.067342368,12739.286008079998,6415.02175536,14.46,7.988333333333333,192.54666666666665,6,9.611666666666666,98.23833333333332,170.40666666666667,0.84,0.0,0.1666540197390677,-0.9860154348207792,116.9503968253968,38865.23333333333,0.0,130.46666666666667,1.0,0.0,98734.691,39.571666666666665,83.40159156683845,98734.691,0.0,12.43434,1024.859,8.85,0.0,0.0,0.0,6,autumn,yeongheung_coal,1,0.0,98734.691
2020-11-16,21699.564459264,28318.494135456,15679.564219872003,13.791666666666666,18.941666666666663,10.891666666666667,6,12.973333333333334,75.2,131.30499999999998,1.8333333333333333,0.0,0.75120653463211,-0.660067225611162,41.01818181818182,38865.23333333333,0.0,130.46666666666667,1.0,0.0,98734.691,39.571666666666665,83.40159156683845,98734.691,0.0,23.000591,1023.8422,7.14,0.0,0.0,0.0,0,autumn,yeongheung_coal,1,0.0,98734.691
2020-11-17,27528.6772836,26131.463989344,2711.617930224,15.781666666666666,15.055,1.5716666666666663,6,15.176666666666668,97.85333333333334,126.14166666666668,1.6133333333333333,0.955,0.8075611946008506,-0.5897837883282712,60.65289256198348,38865.23333333333,0.0,130.46666666666667,1.0,0.0,98734.691,39.571666666666665,83.40159156683845,98734.691,0.0,35.031162,1020.8923,7.77,0.0,0.0,0.0,1,autumn,yeongheung_coal,1,0.0,98734.691
2020-11-18,26122.430400192,26774.317612944,2809.92958992,14.885,15.339999999999998,1.6266666666666667,6,18.165,95.23166666666668,124.00333333333332,4.09,0.8200000000000001,0.8290050386276663,-0.5592411339752661,23.284026079869605,38865.23333333333,0.0,130.46666666666667,1.0,0.0,98734.691,39.571666666666665,83.40159156683845,98734.691,0.0,33.24888,1012.86786,3.48,0.0,0.0,0.0,2,autumn,yeongheung_coal,1,0.0,98734.691
2020-11-19,28541.420702352,27132.932200032,3008.905512192,16.028333333333332,15.268333333333333,1.71,6,7.97,88.85833333333333,269.37666666666667,3.8983333333333334,0.01,-0.9999408218806146,-0.0108790043993441,22.793929029499783,38865.23333333333,0.0,130.46666666666667,1.0,0.0,98734.691,39.571666666666665,83.40159156683845,98734.691,0.0,49.38434,1004.99554,1.79,0.0,0.0,0.0,3,autumn,yeongheung_coal,1,0.0,98734.691
2020-11-20,28164.242549088,27476.14784904,2879.3050179839997,15.716666666666669,15.365,1.625,6,2.235,75.59666666666666,129.27833333333334,0.88,0.0,0.7740796703265279,-0.6330881960573692,85.90530303030303,38865.23333333333,0.0,130.46666666666667,1.0,0.0,98734.691,39.571666666666665,83.40159156683845,98734.691,0.0,45.429943,1016.1113,8.94,0.0,0.0,0.0,4,autumn,yeongheung_coal,1,0.0,98734.691
2020-11-21,18308.770232832,17459.206488432,11129.969127744,11.956666666666669,11.591666666666669,16.636666666666667,6,10.365,81.73,258.79,2.4583333333333335,0.0,-0.9809212401190698,-0.1944055572334965,33.246101694915254,38865.23333333333,0.0,130.46666666666667,1.0,0.0,98734.691,39.571666666666665,83.40159156683845,98734.691,0.0,23.051247,1021.02246,10.43,0.0,0.0,0.0,5,autumn,yeongheung_coal,1,0.0,98734.691
2020-11-22,16213.533012288,15687.75482856,2864.08495944,10.025,10.326666666666666,23.425,6,4.0216666666666665,68.22500000000001,281.2916666666667,2.668333333333333,0.01,-0.9806431473860042,0.1958035175497915,25.568394753279208,38865.23333333333,0.0,130.46666666666667,1.0,0.0,98734.691,39.571666666666665,83.40159156683845,98734.691,0.0,44.039345,1019.8732,6.68,0.0,0.0,0.0,6,autumn,yeongheung_coal,1,0.0,98734.691
2020-11-23,21905.133768144,26405.974478592,2282.6919490560003,13.563333333333333,17.253333333333334,1.51,6,3.3316666666666666,55.88166666666667,194.45333333333335,0.805,0.0,-0.2495913774400211,-0.9683512504807296,69.41821946169772,38865.23333333333,0.0,130.46666666666667,1.0,0.0,98734.691,39.571666666666665,83.40159156683845,98734.691,0.0,40.340885,1025.3597,11.69,0.0,0.0,0.0,0,autumn,yeongheung_coal,1,0.0,98734.691
2020-11-24,25626.562319232,26741.866260528,2692.377533808,14.486666666666666,15.171666666666669,1.5333333333333334,6,3.736666666666667,62.69,151.89666666666668,0.73,0.0,0.4710632004830531,-0.8820994621643655,85.87671232876713,38865.23333333333,0.0,130.46666666666667,1.0,0.0,98734.691,39.571666666666665,83.40159156683845,98734.691,0.0,24.648829,1025.8569,7.55,0.0,0.0,0.0,1,autumn,yeongheung_coal,1,0.0,98734.691
2020-11-25,25193.646645984,25942.741497072,2883.7047582719997,14.601666666666668,15.17,1.695,6,5.1450000000000005,89.40666666666668,174.77166666666668,0.82,0.0,0.0911250438449365,-0.9958394581378358,109.03252032520328,38865.23333333333,0.0,130.46666666666667,1.0,0.0,98734.691,39.571666666666665,83.40159156683845,98734.691,0.0,20.12461,1024.6658,8.77,0.0,0.0,0.0,2,autumn,yeongheung_coal,1,0.0,98734.691
2020-11-26,27106.863542784,26208.14811048,2923.13695968,15.7,15.24,1.711666666666667,6,6.234999999999999,73.70166666666667,212.6016666666667,0.6516666666666667,0.0,-0.5387952907257818,-0.842436724443872,113.09718670076724,38865.23333333333,0.0,130.46666666666667,1.0,0.0,98734.691,39.571666666666665,83.40159156683845,98734.691,0.0,19.48661,1024.455,10.8,0.0,0.0,0.0,3,autumn,yeongheung_coal,1,0.0,98734.691
2020-11-27,27686.32234776,26806.02722856,2643.973285536,15.841666666666669,15.373333333333331,1.5266666666666666,6,3.2466666666666666,61.93833333333333,258.795,3.1316666666666664,0.0,-0.9809382014692664,-0.19431995496665,19.778073443320917,38865.23333333333,0.0,130.46666666666667,1.0,0.0,98734.691,39.571666666666665,83.40159156683845,98734.691,0.0,46.160084,1023.4235,11.04,0.0,0.0,0.0,4,autumn,yeongheung_coal,1,0.0,98734.691
2020-11-28,17170.420251024,17526.513770928002,30014.969887008003,11.203333333333331,11.635,43.50666666666667,6,-0.06,56.79,259.175,0.6533333333333333,0.0,-0.9822053967020636,-0.1878099004028849,86.9234693877551,38865.23333333333,0.0,130.46666666666667,1.0,0.0,98734.691,39.571666666666665,83.40159156683845,98734.691,0.0,42.476948,1026.4979,11.22,0.0,0.0,0.0,5,autumn,yeongheung_coal,1,0.0,98734.691
2020-11-29,14788.36066608,15433.135072128,1821.8320058880004,8.566666666666666,9.038333333333334,32.029999999999994,6,0.6416666666666667,67.58333333333333,135.89,0.9216666666666667,0.0,0.6960381226757311,-0.7180048271300438,73.3273056057866,38865.23333333333,0.0,130.46666666666667,1.0,0.0,98734.691,39.571666666666665,83.40159156683845,98734.691,0.0,33.740276,1026.5126,4.77,0.0,0.0,0.0,6,autumn,yeongheung_coal,1,0.0,98734.691
2020-11-30,16070.012409312,19834.306340112,5809.801831920001,10.093333333333334,13.576666666666666,17.095000000000002,6,1.1033333333333333,57.725,182.43999999999997,0.7999999999999999,0.0,-0.0425731627883789,-0.9990933518997082,72.15625000000001,38865.23333333333,0.0,130.46666666666667,1.0,0.0,98734.691,39.571666666666665,83.40159156683845,98734.691,0.0,30.563978,1031.5311,10.35,0.0,0.0,0.0,0,autumn,yeongheung_coal,1,0.0,98734.691
2020-12-01,11985.163131744,11473.953249312,1104.017887728,7.871666666666667,7.558333333333334,116.25166666666664,6,3.6,44.59833333333333,199.3,1.0066666666666666,0.0,-0.3305143927132228,-0.9438009515832296,44.30298013245033,26585.129032258064,0.0,0.6451612903225806,1.0,0.0,67009.75516129033,26.456666666666663,80.23742200390552,67009.75516129033,0.0,26.82906,1033.0706,10.54,0.0,0.0,0.0,1,winter,yeongheung_coal,1,0.0,67009.75516129033
2020-12-02,11358.57486024,11568.464430624,1008.247566672,7.38,7.546666666666667,104.77833333333332,6,4.0,59.37833333333333,274.23,0.9866666666666668,0.0,-0.9972759930861572,0.0737603797035995,60.180743243243235,26585.129032258064,0.0,0.6451612903225806,1.0,0.0,67009.75516129033,26.456666666666663,80.23742200390552,67009.75516129033,0.0,27.44513,1028.6207,7.88,0.0,0.0,0.0,2,winter,yeongheung_coal,1,0.0,67009.75516129033
2020-12-03,11494.186403472,11565.969499008,1030.058710704,7.491666666666667,7.553333333333334,77.78166666666667,6,0.0616666666666666,57.623333333333335,226.98833333333337,1.2016666666666669,0.0,-0.7312148167616142,-0.6821472654407398,47.952843273231615,26585.129032258064,0.0,0.6451612903225806,1.0,0.0,67009.75516129033,26.456666666666663,80.23742200390552,67009.75516129033,0.0,34.47176,1027.455,10.62,0.0,0.0,0.0,3,winter,yeongheung_coal,1,0.0,67009.75516129033
2020-12-04,11938.002267456,11719.584619776,893.0220164639999,7.716666666666666,7.601666666666667,85.33999999999999,6,2.1533333333333333,64.18333333333334,123.13,0.9283333333333332,0.0,0.8374326634826965,-0.5465405146302302,69.1382405745063,26585.129032258064,0.0,0.6451612903225806,1.0,0.0,67009.75516129033,26.456666666666663,80.23742200390552,67009.75516129033,0.0,29.337238,1027.4532,10.77,0.0,0.0,0.0,4,winter,yeongheung_coal,1,0.0,67009.75516129033
2020-12-05,12368.6149428,11640.503833344,936.220757904,8.018333333333333,7.56,55.26833333333334,6,4.631666666666667,74.45,158.405,0.685,0.0,0.3680434129781348,-0.929808607275393,108.6861313868613,26585.129032258064,0.0,0.6451612903225806,1.0,0.0,67009.75516129033,26.456666666666663,80.23742200390552,67009.75516129033,0.0,19.174856,1026.4747,7.23,0.0,0.0,0.0,5,winter,yeongheung_coal,1,0.0,67009.75516129033
2020-12-06,12488.295349872,11198.780241984,919.490869872,8.084999999999999,7.266666666666667,51.43,6,8.075000000000001,63.09,250.5566666666667,1.5066666666666666,0.0,-0.9429711716408116,-0.3328744049252736,41.87389380530974,26585.129032258064,0.0,0.6451612903225806,1.0,0.0,67009.75516129033,26.456666666666663,80.23742200390552,67009.75516129033,0.0,24.29133,1025.0908,8.23,0.0,0.0,0.0,6,winter,yeongheung_coal,1,0.0,67009.75516129033
2020-12-07,12417.839207136,11981.282279472,1163.063866752,7.57,7.315,50.47333333333333,6,2.5433333333333334,66.27333333333333,287.57166666666666,1.665,0.0,-0.9533400761611742,0.301898491524894,39.803803803803795,26585.129032258064,0.0,0.6451612903225806,1.0,0.0,67009.75516129033,26.456666666666663,80.23742200390552,67009.75516129033,0.0,38.580513,1025.1129,7.73,0.0,0.0,0.0,0,winter,yeongheung_coal,1,0.0,67009.75516129033
2020-12-08,11515.649685551998,11534.490284832,1010.874673872,7.493333333333333,7.531666666666666,48.76833333333334,6,0.9683333333333332,57.15166666666667,145.07000000000002,1.0533333333333337,0.0,0.5725752255153881,-0.819852188584017,54.25791139240505,26585.129032258064,0.0,0.6451612903225806,1.0,0.0,67009.75516129033,26.456666666666663,80.23742200390552,67009.75516129033,0.0,32.17522,1026.4584,10.69,0.0,0.0,0.0,1,winter,yeongheung_coal,1,0.0,67009.75516129033
2020-12-09,11677.011527664,11344.472924688,990.337374144,7.598333333333333,7.451666666666667,50.37,6,4.916666666666667,65.66833333333334,142.30999999999997,0.7599999999999999,0.0,0.6113889363147478,-0.7913302525190865,86.40570175438599,26585.129032258064,0.0,0.6451612903225806,1.0,0.0,67009.75516129033,26.456666666666663,80.23742200390552,67009.75516129033,0.0,18.430452,1023.9084,7.64,0.0,0.0,0.0,2,winter,yeongheung_coal,1,0.0,67009.75516129033
2020-12-10,12027.540290688,11762.649530207998,1037.339641296,9.873333333333331,8.231666666666667,43.336666666666666,6,5.181666666666667,95.47833333333334,158.95833333333334,0.6333333333333333,0.0,0.3590467735688474,-0.9333195671311092,150.75526315789477,26585.129032258064,0.0,0.6451612903225806,1.0,0.0,67009.75516129033,26.456666666666663,80.23742200390552,67009.75516129033,0.0,20.966715,1019.2632,6.9,0.0,0.0,0.0,3,winter,yeongheung_coal,1,0.0,67009.75516129033
2020-12-11,12007.936508399998,11419.82226864,1103.46924096,10.271666666666668,7.95,43.48500000000001,6,5.873333333333334,69.755,260.22,2.1683333333333334,0.0,-0.9854672527713744,-0.1698655165571877,32.16986933128362,26585.129032258064,0.0,0.6451612903225806,1.0,0.0,67009.75516129033,26.456666666666663,80.23742200390552,67009.75516129033,0.0,23.871555,1017.02686,6.79,0.0,0.0,0.0,4,winter,yeongheung_coal,1,0.0,67009.75516129033
2020-12-12,11855.285846064,11703.222816768002,1103.837661216,11.351666666666668,8.461666666666666,46.403333333333336,6,3.078333333333333,64.23166666666667,201.7733333333333,0.5366666666666667,0.0,-0.3709356584172499,-0.9286585687509492,119.6863354037267,26585.129032258064,0.0,0.6451612903225806,1.0,0.0,67009.75516129033,26.456666666666663,80.23742200390552,67009.75516129033,0.0,27.609911,1016.5786,10.35,0.0,0.0,0.0,5,winter,yeongheung_coal,1,0.0,67009.75516129033
2020-12-13,11612.608720704002,11497.923079632,1146.805627392,8.118333333333334,7.77,48.07833333333334,6,-3.6033333333333335,59.75666666666667,253.92666666666665,2.671666666666667,0.01,-0.9609081181928452,-0.2768674563596902,22.36681222707423,26585.129032258064,0.0,0.6451612903225806,1.0,0.0,67009.75516129033,26.456666666666663,80.23742200390552,67009.75516129033,0.0,50.99435,1015.08514,5.21,0.0,0.0,0.0,6,winter,yeongheung_coal,1,0.0,67009.75516129033
2020-12-14,11650.129854336,11126.80637424,1169.330850864,7.591666666666666,7.368333333333333,64.18666666666665,6,-6.208333333333333,58.29833333333334,228.4,1.5633333333333332,0.0,-0.747798090498532,-0.6639262126522415,37.291044776119406,26585.129032258064,0.0,0.6451612903225806,1.0,0.0,67009.75516129033,26.456666666666663,80.23742200390552,67009.75516129033,0.0,49.11065,1025.9381,9.64,0.0,0.0,0.0,0,winter,yeongheung_coal,1,0.0,67009.75516129033
2020-12-15,11689.06484808,12134.42302824,1365.689841984,7.1933333333333325,7.6,82.39333333333333,6,-5.933333333333334,64.3,151.06333333333333,1.538333333333333,0.0,0.483842541332362,-0.8751550692289005,41.79848320693392,26585.129032258064,0.0,0.6451612903225806,1.0,0.0,67009.75516129033,26.456666666666663,80.23742200390552,67009.75516129033,0.0,41.90406,1028.515,9.88,0.0,0.0,0.0,1,winter,yeongheung_coal,1,0.0,67009.75516129033
2020-12-16,11227.957904592002,12226.395708864,1564.17747984,6.961666666666667,7.52,88.16333333333334,6,-5.4750000000000005,54.75333333333333,197.38833333333332,1.3416666666666668,0.0,-0.2988464819761832,-0.954301199941852,40.80993788819875,26585.129032258064,0.0,0.6451612903225806,1.0,0.0,67009.75516129033,26.456666666666663,80.23742200390552,67009.75516129033,0.0,39.172234,1028.778,9.81,0.0,0.0,0.0,2,winter,yeongheung_coal,1,0.0,67009.75516129033
2020-12-17,11471.557972176,11944.555224479998,1149.1855957439998,7.760000000000001,7.558333333333333,83.68666666666667,6,0.4966666666666666,84.12166666666667,146.03,2.286666666666666,0.0,0.5587587437797135,-0.8293302516185675,36.787900874635575,26585.129032258064,0.0,0.6451612903225806,1.0,0.0,67009.75516129033,26.456666666666663,80.23742200390552,67009.75516129033,0.0,28.277763,1027.8275,10.07,0.0,0.0,0.0,3,winter,yeongheung_coal,1,0.0,67009.75516129033
2020-12-18,11741.837018112,11591.699365728,1077.230617776,11.215000000000002,7.605,74.35499999999999,6,-3.821666666666667,45.60833333333333,237.50333333333333,1.6166666666666665,0.01,-0.8434227032096984,-0.5372505409121939,28.211340206185568,26585.129032258064,0.0,0.6451612903225806,1.0,0.0,67009.75516129033,26.456666666666663,80.23742200390552,67009.75516129033,0.0,42.056873,1025.4246,9.09,0.0,0.0,0.0,4,winter,yeongheung_coal,1,0.0,67009.75516129033
2020-12-19,11119.68196992,11407.83285168,1256.9364918719998,7.848333333333334,7.523333333333333,80.29,6,-1.633333333333333,62.98333333333333,242.745,1.2533333333333332,0.0,-0.8889771810637717,-0.4579514947545319,50.25265957446808,26585.129032258064,0.0,0.6451612903225806,1.0,0.0,67009.75516129033,26.456666666666663,80.23742200390552,67009.75516129033,0.0,37.916393,1030.6178,10.42,0.0,0.0,0.0,5,winter,yeongheung_coal,1,0.0,67009.75516129033
2020-12-20,10318.776867072002,11540.726758944,1126.2212624159995,8.03,7.593333333333334,79.31166666666667,6,0.7183333333333334,68.38,222.05333333333337,0.6066666666666666,0.0,-0.6698220669836784,-0.742521648560978,112.71428571428572,26585.129032258064,0.0,0.6451612903225806,1.0,0.0,67009.75516129033,26.456666666666663,80.23742200390552,67009.75516129033,0.0,24.122686,1029.507,10.1,0.0,0.0,0.0,6,winter,yeongheung_coal,1,0.0,67009.75516129033
2020-12-21,10917.513355248,11626.17231024,1175.51112912,10.451666666666666,7.645,70.89500000000001,6,1.2466666666666668,83.79,153.10833333333332,0.7399999999999999,0.0,0.4523049978339016,-0.89186332413351,113.22972972972975,26585.129032258064,0.0,0.6451612903225806,1.0,0.0,67009.75516129033,26.456666666666663,80.23742200390552,67009.75516129033,0.0,17.026896,1026.3478,9.26,0.0,0.0,0.0,0,winter,yeongheung_coal,1,0.0,67009.75516129033
2020-12-22,10693.493731728,11599.390457568,1081.469197584,10.373333333333331,7.551666666666667,57.343333333333334,6,2.9516666666666667,84.46666666666667,190.91666666666663,1.1766666666666667,0.005,-0.1893810751965375,-0.9819036655178568,71.78470254957507,26585.129032258064,0.0,0.6451612903225806,1.0,0.0,67009.75516129033,26.456666666666663,80.23742200390552,67009.75516129033,0.0,23.499481,1022.83,9.77,0.0,0.0,0.0,1,winter,yeongheung_coal,1,0.0,67009.75516129033
2020-12-23,10656.605634912,11579.269573152,1088.58386952,8.421666666666667,7.57,55.30666666666667,6,7.626666666666666,88.03833333333334,231.18833333333336,1.7299999999999998,0.0,-0.7792103586138108,-0.626762488530493,50.88921001926784,26585.129032258064,0.0,0.6451612903225806,1.0,0.0,67009.75516129033,26.456666666666663,80.23742200390552,67009.75516129033,0.0,30.96837,1019.1971,6.69,0.0,0.0,0.0,2,winter,yeongheung_coal,1,0.0,67009.75516129033
2020-12-24,10526.36906376,11725.08611832,1108.0925871840002,13.808333333333335,7.978333333333334,60.195,6,1.1166666666666667,69.08166666666666,296.0933333333333,1.465,0.005,-0.8980787589283205,0.4398346766249424,47.154721274175195,26585.129032258064,0.0,0.6451612903225806,1.0,0.0,67009.75516129033,26.456666666666663,80.23742200390552,67009.75516129033,0.0,37.72278,1015.7564,10.03,0.0,0.0,0.0,3,winter,yeongheung_coal,1,0.0,67009.75516129033
2020-12-25,10878.347439504,11552.520594096,1072.425871152,15.583333333333334,7.580000000000001,66.13166666666667,6,2.341666666666667,69.23333333333333,249.235,1.3916666666666666,0.0,-0.9350424244636424,-0.3545358436789623,49.74850299401198,26585.129032258064,0.0,0.6451612903225806,1.0,0.0,67009.75516129033,26.456666666666663,80.23742200390552,67009.75516129033,0.0,36.871452,1020.16455,9.32,0.0,0.0,0.0,4,winter,yeongheung_coal,1,0.0,67009.75516129033
2020-12-26,11344.789218672,11808.548638704,838.6179495839999,19.001666666666665,8.263333333333334,59.794999999999995,6,3.635,90.2,137.255,1.215,0.0,0.6787366612205359,-0.73438174317939,74.23868312757202,26585.129032258064,0.0,0.6451612903225806,1.0,0.0,67009.75516129033,26.456666666666663,80.23742200390552,67009.75516129033,0.0,29.17777,1021.20337,10.04,0.0,0.0,0.0,5,winter,yeongheung_coal,1,0.0,67009.75516129033
2020-12-27,11864.862065088,11625.5518704,917.964690048,16.936666666666667,8.086666666666666,55.446666666666665,6,5.55,95.045,190.835,0.4216666666666667,0.01,-0.1879813247225399,-0.9821726027310876,225.40316205533597,26585.129032258064,0.0,0.6451612903225806,1.0,0.0,67009.75516129033,26.456666666666663,80.23742200390552,67009.75516129033,0.0,24.442913,1018.5048,7.61,0.0,0.0,0.0,6,winter,yeongheung_coal,1,0.0,67009.75516129033
2020-12-28,11748.38742792,11783.067067008,1005.905019888,15.305,8.206666666666667,54.26,6,4.5216666666666665,98.3,266.19,0.9283333333333332,0.005,-0.997789886117022,-0.0664480485987365,105.8886894075404,26585.129032258064,0.0,0.6451612903225806,1.0,0.0,67009.75516129033,26.456666666666663,80.23742200390552,67009.75516129033,0.0,20.65848,1020.2981,7.47,0.0,0.0,0.0,0,winter,yeongheung_coal,1,0.0,67009.75516129033
2020-12-29,11133.27199296,11545.105445424,1138.475546784,20.2,8.418333333333333,54.63833333333334,6,-5.588333333333334,65.39,268.49,4.873333333333334,0.0,-0.9996527410105678,-0.0263514210254149,13.417920656634744,26585.129032258064,0.0,0.6451612903225806,1.0,0.0,67009.75516129033,26.456666666666663,80.23742200390552,67009.75516129033,0.0,51.03627,1019.951,3.7,0.0,0.0,0.0,1,winter,yeongheung_coal,1,0.0,67009.75516129033
2020-12-30,11235.18893472,11539.21615416,1086.80239944,8.456666666666667,7.638333333333333,96.23833333333332,6,-9.28,54.546666666666674,250.24166666666665,2.181666666666666,0.0,-0.9411268573073416,-0.3380536029312606,25.00229182582125,26585.129032258064,0.0,0.6451612903225806,1.0,0.0,67009.75516129033,26.456666666666663,80.23742200390552,67009.75516129033,0.0,54.216763,1020.5981,9.09,0.0,0.0,0.0,2,winter,yeongheung_coal,1,0.0,67009.75516129033
2020-12-31,11360.059538544,11428.766632512,1033.433918928,7.3183333333333325,7.538333333333334,171.17999999999998,6,-4.89,70.96833333333333,200.88333333333333,1.0766666666666669,0.0,-0.3564662351645323,-0.934308205672852,65.91486068111453,26585.129032258064,0.0,0.6451612903225806,1.0,0.0,67009.75516129033,26.456666666666663,80.23742200390552,67009.75516129033,0.0,43.022636,1023.4006,7.21,0.0,0.0,0.0,3,winter,yeongheung_coal,1,0.0,67009.75516129033
2021-01-01,11236.900642272,11541.000000528,970.826647104,7.233333333333333,7.566666666666666,150.59333333333333,6,-1.1883333333333332,61.123333333333335,225.58166666666668,1.2816666666666667,0.0,-0.7142487668635044,-0.699891919537555,47.69050715214564,29175.677419354837,0.0,56.903225806451616,1.0,0.0,74694.11,26.45,89.50242172590703,74694.11,0.0,29.74306,1022.66034,5.71,0.0,0.0,0.0,4,winter,yeongheung_coal,1,0.0,74694.11
2021-01-02,10973.014336224,11447.17582536,1030.1288014079998,7.386666666666667,7.7,151.40666666666667,6,-3.716666666666667,55.26,258.4016666666667,2.0516666666666667,0.0,-0.9795810983045332,-0.2010494263719356,26.93419983753046,29175.677419354837,0.0,56.903225806451616,1.0,0.0,74694.11,26.45,89.50242172590703,74694.11,0.0,34.131718,1026.0907,10.51,0.0,0.0,0.0,5,winter,yeongheung_coal,1,0.0,74694.11
2021-01-03,11802.944926511998,11226.152045232,1040.920360272,7.75,7.505,155.38,6,-2.9066666666666663,64.25666666666667,171.23000000000002,0.8666666666666667,0.0,0.1524683801661767,-0.9883083491752472,74.1423076923077,29175.677419354837,0.0,56.903225806451616,1.0,0.0,74694.11,26.45,89.50242172590703,74694.11,0.0,32.271744,1031.046,9.05,0.0,0.0,0.0,6,winter,yeongheung_coal,1,0.0,74694.11
2021-01-04,11854.681680816,11332.314417024,1094.368812192,7.743333333333333,7.5,148.1266666666667,6,-0.6816666666666666,66.28333333333333,92.58166666666666,1.8233333333333333,0.0,0.9989850337647092,-0.0450433381769449,36.352833638025594,29175.677419354837,0.0,56.903225806451616,1.0,0.0,74694.11,26.45,89.50242172590703,74694.11,0.0,19.201874,1028.602,6.15,0.0,0.0,0.0,0,winter,yeongheung_coal,1,0.0,74694.11
2021-01-05,11394.539375616,11450.585541744,1017.1967328,7.408333333333334,7.511666666666667,100.70333333333332,6,-6.636666666666667,64.40166666666666,284.9483333333333,1.9433333333333336,0.0,-0.9661588244977254,0.2579479130467497,33.139794168096046,29175.677419354837,0.0,56.903225806451616,1.0,0.0,74694.11,26.45,89.50242172590703,74694.11,0.0,35.815926,1027.4745,10.58,0.0,0.0,0.0,1,winter,yeongheung_coal,1,0.0,74694.11
2021-01-06,11599.368140736,11491.123423968002,1015.4703643200002,7.463333333333334,7.641666666666667,76.42666666666666,6,-6.920000000000001,74.61833333333333,293.3983333333333,4.2316666666666665,0.005,-0.9177661778595448,0.3971211940668523,17.63332020480504,29175.677419354837,0.0,56.903225806451616,1.0,0.0,74694.11,26.45,89.50242172590703,74694.11,0.0,59.644947,1021.8657,10.07,0.0,0.0,0.0,2,winter,yeongheung_coal,1,0.0,74694.11
2021-01-07,14575.286674944002,11898.227037888,1202.058219168,8.841666666666667,7.335,73.265,6,-12.853333333333332,66.06333333333333,201.25666666666663,1.915,0.0,-0.362546479869837,-0.9319656913931916,34.49782419495213,29175.677419354837,0.0,56.903225806451616,1.0,0.0,74694.11,26.45,89.50242172590703,74694.11,0.0,61.605244,1022.5269,7.37,0.0,0.0,0.0,3,winter,yeongheung_coal,1,0.0,74694.11
2021-01-08,14855.127422975998,13119.340080384,1399.966254864,8.255,7.28,89.96333333333332,6,-12.601666666666668,58.583333333333336,97.81,2.0766666666666667,0.0,0.9907241385457592,-0.1358884884850927,28.210272873194224,29175.677419354837,0.0,56.903225806451616,1.0,0.0,74694.11,26.45,89.50242172590703,74694.11,0.0,42.366966,1022.2639,9.31,0.0,0.0,0.0,4,winter,yeongheung_coal,1,0.0,74694.11
2021-01-09,12699.610605504002,11780.031770208,830.3100796800001,8.200000000000001,7.593333333333334,96.10666666666668,6,-9.521666666666668,67.66166666666668,148.90833333333333,0.9283333333333332,0.0,0.516408784404522,-0.8563422022707067,72.88509874326752,29175.677419354837,0.0,56.903225806451616,1.0,0.0,74694.11,26.45,89.50242172590703,74694.11,0.0,35.143818,1021.813,8.99,0.0,0.0,0.0,5,winter,yeongheung_coal,1,0.0,74694.11
2021-01-10,12970.348311312,11629.43673912,949.0890636,8.450000000000001,7.575,88.07499999999999,6,-5.991666666666667,68.57666666666667,207.59166666666667,0.4949999999999999,0.0,-0.4631671371341989,-0.8862709535344765,138.53872053872058,29175.677419354837,0.0,56.903225806451616,1.0,0.0,74694.11,26.45,89.50242172590703,74694.11,0.0,20.780453,1024.3369,9.2,0.0,0.0,0.0,6,winter,yeongheung_coal,1,0.0,74694.11
2021-01-11,16480.226274048,13206.641784624,1303.993521072,9.073333333333332,7.27,82.22166666666666,6,-4.465,72.82833333333333,158.69,0.8716666666666667,0.0,0.3634138357348534,-0.9316278140955652,83.55066921606118,29175.677419354837,0.0,56.903225806451616,1.0,0.0,74694.11,26.45,89.50242172590703,74694.11,0.0,17.917007,1023.9773,5.91,0.0,0.0,0.0,0,winter,yeongheung_coal,1,0.0,74694.11
2021-01-12,16055.348498208,13549.373734176,1471.338959616,8.791666666666666,7.418333333333333,64.5,6,-0.8483333333333333,96.41333333333334,130.97833333333332,1.375,0.01,0.7549576180412031,-0.6557735851355656,70.11878787878788,29175.677419354837,0.0,56.903225806451616,1.0,0.0,74694.11,26.45,89.50242172590703,74694.11,0.0,35.65454,1014.7386,6.97,0.0,0.0,0.0,1,winter,yeongheung_coal,1,0.0,74694.11
2021-01-13,16105.558188960002,13121.708339232,1657.25561448,8.77,7.1499999999999995,54.458333333333336,6,1.4816666666666665,70.10166666666667,241.325,1.1983333333333337,0.0,-0.8773556172302117,-0.4798407245269978,58.49930458970792,29175.677419354837,0.0,56.903225806451616,1.0,0.0,74694.11,26.45,89.50242172590703,74694.11,0.0,31.404713,1011.25116,10.68,0.0,0.0,0.0,2,winter,yeongheung_coal,1,0.0,74694.11
2021-01-14,16305.426571824,13271.205179231998,1579.6507812480002,8.98,7.301666666666667,64.24,6,3.7483333333333335,48.3,108.865,1.3183333333333334,0.0,0.9462830521871942,-0.3233394271400996,36.63716814159291,29175.677419354837,0.0,56.903225806451616,1.0,0.0,74694.11,26.45,89.50242172590703,74694.11,0.0,27.553526,1018.7187,11.2,0.0,0.0,0.0,3,winter,yeongheung_coal,1,0.0,74694.11
2021-01-15,15334.49324808,12908.43736776,1368.780519456,8.475,7.14,61.791666666666664,6,-0.7516666666666666,78.38,281.995,3.556666666666666,0.0,-0.9781657407270636,0.2078263305451818,22.037488284910967,29175.677419354837,0.0,56.903225806451616,1.0,0.0,74694.11,26.45,89.50242172590703,74694.11,0.0,39.777966,1013.2571,7.14,0.0,0.0,0.0,4,winter,yeongheung_coal,1,0.0,74694.11
2021-01-16,14984.996713776,12793.639883328,1363.2364598400002,8.371666666666668,7.165,53.559999999999995,6,-6.165,62.46,257.555,1.54,0.0,-0.976503324389667,-0.2155023374720763,40.55844155844156,29175.677419354837,0.0,56.903225806451616,1.0,0.0,74694.11,26.45,89.50242172590703,74694.11,0.0,38.45939,1022.6817,11.58,0.0,0.0,0.0,5,winter,yeongheung_coal,1,0.0,74694.11
2021-01-17,14635.643708592,12548.411395056,1422.17823024,8.486666666666666,7.268333333333333,62.105,6,-0.9333333333333332,71.12333333333333,279.09999999999997,1.4666666666666668,0.0,-0.9874138067509116,0.1581580672544832,48.49318181818182,29175.677419354837,0.0,56.903225806451616,1.0,0.0,74694.11,26.45,89.50242172590703,74694.11,0.0,35.812313,1024.9882,10.44,0.0,0.0,0.0,6,winter,yeongheung_coal,1,0.0,74694.11
2021-01-18,15143.114968992,12949.67833776,1501.7100732,8.468333333333334,7.338333333333334,60.23833333333332,6,-7.466666666666666,46.406666666666666,294.39,2.068333333333334,0.0,-0.910755747259856,0.4129454792501566,22.43674456083803,29175.677419354837,0.0,56.903225806451616,1.0,0.0,74694.11,26.45,89.50242172590703,74694.11,0.0,49.367275,1018.23126,10.35,0.0,0.0,0.0,0,winter,yeongheung_coal,1,0.0,74694.11
2021-01-19,15721.498229184,12986.47509552,1439.401052448,8.766666666666667,7.246666666666666,63.10666666666667,6,-5.8066666666666675,56.72,175.08166666666668,0.6666666666666666,0.0,0.0857357263674722,-0.9963179137324802,85.08,29175.677419354837,0.0,56.903225806451616,1.0,0.0,74694.11,26.45,89.50242172590703,74694.11,0.0,35.900864,1029.2266,11.67,0.0,0.0,0.0,1,winter,yeongheung_coal,1,0.0,74694.11
2021-01-20,15749.000263008,12883.24800648,1511.9693311679998,8.798333333333334,7.248333333333334,73.54833333333333,6,3.725,43.031666666666666,133.68166666666667,0.8633333333333334,0.0,0.7231881753968448,-0.6906510428329075,49.84362934362934,29175.677419354837,0.0,56.903225806451616,1.0,0.0,74694.11,26.45,89.50242172590703,74694.11,0.0,20.447239,1027.1436,11.72,0.0,0.0,0.0,2,winter,yeongheung_coal,1,0.0,74694.11
2021-01-21,14992.096964976,13396.958993232,1715.748934032,15.068333333333332,8.805,51.806666666666665,6,5.628333333333334,98.81166666666668,147.91666666666666,0.9,0.505,0.5311521392609282,-0.8472764631208278,109.79074074074076,29175.677419354837,0.0,56.903225806451616,1.0,0.0,74694.11,26.45,89.50242172590703,74694.11,0.0,19.602652,1020.3957,3.07,0.0,0.0,0.0,3,winter,yeongheung_coal,1,0.0,74694.11
2021-01-22,15480.003691584,13670.413165728,1797.7479196319998,12.133333333333333,8.063333333333333,44.806666666666665,6,5.138333333333333,95.935,99.11,0.915,0.01,0.9873861879217576,-0.158330401064798,104.84699453551912,29175.677419354837,0.0,56.903225806451616,1.0,0.0,74694.11,26.45,89.50242172590703,74694.11,0.0,15.629971,1016.54736,5.21,0.0,0.0,0.0,4,winter,yeongheung_coal,1,0.0,74694.11
2021-01-23,15419.38545144,13661.472588048,1725.666600384,8.481666666666667,7.506666666666667,50.576666666666675,6,6.576666666666667,73.17833333333333,120.365,1.538333333333333,0.0,0.8628226266976721,-0.5055067901210919,47.56988082340195,29175.677419354837,0.0,56.903225806451616,1.0,0.0,74694.11,26.45,89.50242172590703,74694.11,0.0,28.503725,1017.1877,7.81,0.0,0.0,0.0,5,winter,yeongheung_coal,1,0.0,74694.11
2021-01-24,15266.631424608,13171.390639632,1743.515486784,8.49,7.308333333333334,48.03666666666666,6,4.443333333333333,85.16333333333334,234.025,0.8983333333333334,0.0,-0.8092733870527808,-0.5874321960942557,94.80148423005566,29175.677419354837,0.0,56.903225806451616,1.0,0.0,74694.11,26.45,89.50242172590703,74694.11,0.0,25.809765,1022.7219,11.28,0.0,0.0,0.0,6,winter,yeongheung_coal,1,0.0,74694.11
2021-01-25,15303.697996752,13546.909181952002,1568.048234544,8.488333333333333,7.498333333333334,47.71,6,3.9166666666666665,89.85166666666667,178.47333333333336,0.4633333333333334,0.0,0.0266422071015583,-0.9996450333997352,193.9244604316547,29175.677419354837,0.0,56.903225806451616,1.0,0.0,74694.11,26.45,89.50242172590703,74694.11,0.0,20.288164,1023.6016,9.66,0.0,0.0,0.0,0,winter,yeongheung_coal,1,0.0,74694.11
2021-01-26,15182.311416768,13496.997124512,1607.6538535680002,8.31,7.378333333333333,46.835,6,1.3183333333333334,97.71999999999998,231.675,0.8283333333333333,0.0,-0.7845058662180006,-0.6201213960746271,117.97183098591547,29175.677419354837,0.0,56.903225806451616,1.0,0.0,74694.11,26.45,89.50242172590703,74694.11,0.0,30.599998,1017.58527,3.7,0.0,0.0,0.0,1,winter,yeongheung_coal,1,0.0,74694.11
2021-01-27,15543.573313536,13365.217615248,1863.204911568,8.571666666666667,7.408333333333332,50.705000000000005,6,0.9066666666666666,61.366666666666674,175.65166666666667,0.6066666666666667,0.0,0.0758199013002518,-0.9971215284842766,101.15384615384616,29175.677419354837,0.0,56.903225806451616,1.0,0.0,74694.11,26.45,89.50242172590703,74694.11,0.0,34.608715,1021.5339,11.72,0.0,0.0,0.0,2,winter,yeongheung_coal,1,0.0,74694.11
2021-01-28,16233.825326112,13685.560096176,1965.305484432,8.781666666666666,7.626666666666666,52.28666666666666,6,-7.16,54.321666666666665,263.40333333333336,4.8533333333333335,0.01,-0.9933794506916522,-0.1148793582135241,11.1926510989011,29175.677419354837,0.0,56.903225806451616,1.0,0.0,74694.11,26.45,89.50242172590703,74694.11,0.0,63.216656,1014.34796,6.92,0.0,0.0,0.0,3,winter,yeongheung_coal,1,0.0,74694.11
2021-01-29,15646.057022304,13608.57953016,2015.184845808,8.578333333333333,7.451666666666667,63.03333333333333,6,-5.281666666666667,67.51833333333333,127.69,1.79,0.0,0.791330252519087,-0.6113889363147473,37.71973929236499,29175.677419354837,0.0,56.903225806451616,1.0,0.0,74694.11,26.45,89.50242172590703,74694.11,0.0,52.82195,1023.6836,12.95,0.0,0.0,0.0,4,winter,yeongheung_coal,1,0.0,74694.11
2021-01-30,15489.489292416,13735.656110304,1682.794311552,9.983333333333333,7.736666666666667,67.02166666666666,6,-1.2333333333333334,94.01833333333332,173.01666666666665,0.75,0.0,0.1215806182811054,-0.992581560003199,125.35777777777776,29175.677419354837,0.0,56.903225806451616,1.0,0.0,74694.11,26.45,89.50242172590703,74694.11,0.0,31.875755,1021.96906,12.25,0.0,0.0,0.0,5,winter,yeongheung_coal,1,0.0,74694.11
2021-01-31,15411.076557696,12953.272534127998,1370.750502816,8.729999999999999,7.348333333333334,58.071666666666665,6,6.955000000000001,75.74333333333334,119.18166666666666,1.175,0.0,0.873078136464512,-0.4875803191553725,64.46241134751773,29175.677419354837,0.0,56.903225806451616,1.0,0.0,74694.11,26.45,89.50242172590703,74694.11,0.0,30.037897,1023.2414,11.85,0.0,0.0,0.0,6,winter,yeongheung_coal,1,0.0,74694.11
2021-02-01,15842.2641804,13208.529970656,1391.908678992,8.831666666666667,7.451666666666667,51.03,6,-1.2133333333333334,50.81333333333333,244.98333333333335,3.77,0.01,-0.9061848140252295,-0.4228818781055299,13.478337754199822,25753.85714285714,0.0,71.10714285714286,1.0,0.0,66780.7375,32.74333333333333,73.24791972032781,66780.7375,0.0,45.823345,1013.65576,10.79,0.0,0.0,0.0,0,winter,yeongheung_coal,1,0.0,66780.7375
2021-02-02,15657.073314336,12995.78471208,1487.851717536,8.855,7.396666666666667,61.09,6,-5.881666666666667,70.35666666666667,242.33,1.5433333333333332,0.0,-0.885636895101441,-0.4643783910078927,45.58747300215983,25753.85714285714,0.0,71.10714285714286,1.0,0.0,66780.7375,32.74333333333333,73.24791972032781,66780.7375,0.0,46.50832,1023.09375,13.39,0.0,0.0,0.0,1,winter,yeongheung_coal,1,0.0,66780.7375
2021-02-03,15638.516123472002,12852.923058719998,1580.6250858239998,8.85,7.289999999999999,69.44666666666667,6,2.0749999999999997,96.74166666666667,250.66666666666663,2.841666666666667,0.01,-0.9436085063935836,-0.3310634178849579,34.043988269794724,25753.85714285714,0.0,71.10714285714286,1.0,0.0,66780.7375,32.74333333333333,73.24791972032781,66780.7375,0.0,42.87628,1022.75116,12.81,0.0,0.0,0.0,2,winter,yeongheung_coal,1,0.0,66780.7375
2021-02-04,15119.023360896,12608.844873408,1605.792617568,11.475,7.315,63.43833333333333,6,-1.59,74.76,199.58,1.3233333333333333,0.005,-0.3351227092341735,-0.9421744900789596,56.493702770780864,25753.85714285714,0.0,71.10714285714286,1.0,0.0,66780.7375,32.74333333333333,73.24791972032781,66780.7375,0.0,49.130436,1024.0133,13.74,0.0,0.0,0.0,3,winter,yeongheung_coal,1,0.0,66780.7375
2021-02-05,14484.473535456,12842.931271536,1548.9333421919998,9.805,7.37,53.905,6,3.0483333333333333,77.75666666666667,155.52166666666668,1.665,0.0,0.4143491069084231,-0.9101180239969936,46.70070070070071,25753.85714285714,0.0,71.10714285714286,1.0,0.0,66780.7375,32.74333333333333,73.24791972032781,66780.7375,0.0,36.06115,1018.1888,11.24,0.0,0.0,0.0,4,winter,yeongheung_coal,1,0.0,66780.7375
2021-02-06,14207.897996208,13380.147370512,1624.207624416,16.294999999999998,8.411666666666667,44.965,6,5.88,96.1,245.74166666666665,1.615,0.0,-0.9117022972979466,-0.410851458682632,59.50464396284829,25753.85714285714,0.0,71.10714285714286,1.0,0.0,66780.7375,32.74333333333333,73.24791972032781,66780.7375,0.0,25.772078,1011.73676,12.47,0.0,0.0,0.0,5,winter,yeongheung_coal,1,0.0,66780.7375
2021-02-07,13947.98609016,13209.5821536,1490.9780111039995,16.701666666666664,8.700000000000001,47.13666666666666,6,-0.9166666666666666,55.275,295.0083333333333,2.3333333333333335,0.0,-0.9062463101163012,0.4227500743945395,23.689285714285713,25753.85714285714,0.0,71.10714285714286,1.0,0.0,66780.7375,32.74333333333333,73.24791972032781,66780.7375,0.0,42.826385,1018.066,12.66,0.0,0.0,0.0,6,winter,yeongheung_coal,1,0.0,66780.7375
2021-02-08,12043.144111536,11428.787296656,1037.298498048,20.336666666666662,8.733333333333334,56.61833333333334,6,-2.25,48.16,259.95,1.7866666666666664,0.0,-0.9846558414224508,-0.1745075183269919,26.955223880597018,25753.85714285714,0.0,71.10714285714286,1.0,0.0,66780.7375,32.74333333333333,73.24791972032781,66780.7375,0.0,39.771446,1025.9716,14.44,0.0,0.0,0.0,0,winter,yeongheung_coal,1,0.0,66780.7375
2021-02-09,12687.866345808,11131.605148751998,1087.648767504,13.9,7.580000000000001,58.3,6,1.1566666666666665,81.87333333333333,237.235,1.0366666666666666,0.0,-0.8408973573586389,-0.541194636325285,78.9774919614148,25753.85714285714,0.0,71.10714285714286,1.0,0.0,66780.7375,32.74333333333333,73.24791972032781,66780.7375,0.0,28.772987,1025.8649,14.26,0.0,0.0,0.0,1,winter,yeongheung_coal,1,0.0,66780.7375
2021-02-10,12441.988968624,11677.202664336,1156.543047648,8.858333333333333,7.68,49.721666666666664,6,2.045,98.03166666666664,148.82333333333332,0.47,0.0,0.5176786248977263,-0.8555751523530818,208.57801418439712,25753.85714285714,0.0,71.10714285714286,1.0,0.0,66780.7375,32.74333333333333,73.24791972032781,66780.7375,0.0,21.413193,1021.94,12.82,0.0,0.0,0.0,2,winter,yeongheung_coal,1,0.0,66780.7375
2021-02-11,14736.443391504,9818.513030016002,39845.379398255995,15.105,6.911666666666666,116.22666666666665,6,2.7216666666666662,93.02166666666666,198.89,0.9116666666666666,0.0,-0.323752290220279,-0.9461418786720754,102.03473491773308,25753.85714285714,0.0,71.10714285714286,1.0,0.0,66780.7375,32.74333333333333,73.24791972032781,66780.7375,0.0,12.979984,1022.37115,9.3,0.0,0.0,0.0,3,winter,yeongheung_coal,1,0.0,66780.7375
2021-02-12,10145.546030016,9281.673600336002,1088.872950528,21.665000000000003,6.333333333333333,111.39166666666668,6,0.1283333333333333,97.035,214.015,0.905,0.0,-0.5594099258339862,-0.8288911477862543,107.22099447513811,25753.85714285714,0.0,71.10714285714286,1.0,0.0,66780.7375,32.74333333333333,73.24791972032781,66780.7375,0.0,14.689588,1022.29926,9.11,0.0,0.0,0.0,4,winter,yeongheung_coal,1,0.0,66780.7375
2021-02-13,10945.455251472002,9189.951522192,1677.88063224,20.37666666666667,6.933333333333334,87.0,6,3.0483333333333333,89.50999999999999,128.40833333333333,0.6633333333333333,0.0,0.7836031067544768,-0.6212617573010044,134.9396984924623,25753.85714285714,0.0,71.10714285714286,1.0,0.0,66780.7375,32.74333333333333,73.24791972032781,66780.7375,0.0,13.202726,1022.2839,11.27,0.0,0.0,0.0,5,winter,yeongheung_coal,1,0.0,66780.7375
2021-02-14,12384.993848976,13892.29870824,1090.900027584,8.921666666666667,9.8,59.72833333333333,6,5.321666666666666,84.545,258.12833333333333,1.3150000000000002,0.0,-0.9786108354776708,-0.2057202777698286,64.29277566539923,25753.85714285714,0.0,71.10714285714286,1.0,0.0,66780.7375,32.74333333333333,73.24791972032781,66780.7375,0.0,14.20062,1013.2019,4.98,0.0,0.0,0.0,6,winter,yeongheung_coal,1,0.0,66780.7375
2021-02-15,13061.258171999998,11609.177956848,1090.9125757440002,18.723333333333333,8.451666666666666,44.75,6,-2.568333333333334,62.43333333333334,275.6816666666667,3.518333333333333,0.005,-0.99508729905965,0.0990013497391353,17.74514448128849,25753.85714285714,0.0,71.10714285714286,1.0,0.0,66780.7375,32.74333333333333,73.24791972032781,66780.7375,0.0,53.360207,1009.1899,14.18,0.0,0.0,0.0,0,winter,yeongheung_coal,1,0.0,66780.7375
2021-02-16,12867.852798288,11548.258600032004,1129.0474242720002,17.823333333333334,7.936666666666667,56.19833333333333,6,-5.1883333333333335,51.678333333333335,257.84499999999997,5.226666666666667,0.005,-0.9775815669164324,-0.2105570707081875,9.887436224489797,25753.85714285714,0.0,71.10714285714286,1.0,0.0,66780.7375,32.74333333333333,73.24791972032781,66780.7375,0.0,48.49856,1014.3582,8.77,0.0,0.0,0.0,1,winter,yeongheung_coal,1,0.0,66780.7375
2021-02-17,4458.895619328,4740.993605232,553.964515632,8.845,7.506666666666667,61.45333333333334,6,-7.053333333333334,54.16166666666667,284.92,3.6766666666666663,0.0,-0.966286264171047,0.2574701063703542,14.731187669990936,25753.85714285714,0.0,71.10714285714286,1.0,0.0,66780.7375,32.74333333333333,73.24791972032781,66780.7375,0.0,54.477882,1016.8951,13.23,0.0,0.0,0.0,2,winter,yeongheung_coal,1,0.0,66780.7375
2021-02-18,4786.585308432,5102.199440208,639.161734752,13.873333333333331,10.613333333333332,65.095,6,-3.568333333333334,65.35000000000001,302.0883333333333,1.018333333333333,0.0,-0.8472301081264019,0.5312260760581369,64.17348608837973,25753.85714285714,0.0,71.10714285714286,1.0,0.0,66780.7375,32.74333333333333,73.24791972032781,66780.7375,0.0,53.360207,1019.9205,15.67,0.0,0.0,0.0,3,winter,yeongheung_coal,1,0.0,66780.7375
2021-02-19,6200.645822784,5915.704478256001,2586.2661300960003,28.865,16.400000000000002,55.56166666666667,6,6.486666666666667,90.15833333333336,231.90333333333336,2.8249999999999997,0.0,-0.7869709183216522,-0.6169900920727782,31.914454277286147,25753.85714285714,0.0,71.10714285714286,1.0,0.0,66780.7375,32.74333333333333,73.24791972032781,66780.7375,0.0,42.59121,1014.33105,15.66,0.0,0.0,0.0,4,winter,yeongheung_coal,1,0.0,66780.7375
2021-02-20,6766.728910991999,7001.9050655519995,3456.632875392,13.513333333333334,14.288333333333334,32.126666666666665,6,5.93,94.58,157.44833333333335,1.038333333333333,0.0,0.3835163882138283,-0.9235340708232804,91.08828250401284,25753.85714285714,0.0,71.10714285714286,1.0,0.0,66780.7375,32.74333333333333,73.24791972032781,66780.7375,0.0,36.659946,1006.89496,12.37,0.0,0.0,0.0,5,winter,yeongheung_coal,1,0.0,66780.7375
2021-02-21,4755.94611984,5512.9760208,2806.836422112,8.006666666666666,9.738333333333332,36.111666666666665,6,8.75,82.08833333333332,189.8766666666667,1.2950000000000002,0.0,-0.1715279066713984,-0.9851792614711944,63.388674388674374,25753.85714285714,0.0,71.10714285714286,1.0,0.0,66780.7375,32.74333333333333,73.24791972032781,66780.7375,0.0,27.748037,1005.7366,15.74,0.0,0.0,0.0,6,winter,yeongheung_coal,1,0.0,66780.7375
2021-02-22,7502.423903280001,10351.182749904,1413.810741888,8.191666666666666,17.948333333333334,38.07833333333333,6,1.1283333333333332,49.11333333333334,287.59,2.6633333333333336,0.0,-0.9532434267762802,0.302203522990409,18.44055068836045,25753.85714285714,0.0,71.10714285714286,1.0,0.0,66780.7375,32.74333333333333,73.24791972032781,66780.7375,0.0,45.754,1011.5767,13.78,0.0,0.0,0.0,0,winter,yeongheung_coal,1,0.0,66780.7375
2021-02-23,13692.581740656002,14210.092102176002,1713.8397952800003,8.935,13.051666666666668,87.02,6,-0.8983333333333334,47.903333333333336,221.71833333333333,1.2716666666666667,0.0,-0.665469227663083,-0.7464252856337998,37.669724770642205,25753.85714285714,0.0,71.10714285714286,1.0,0.0,66780.7375,32.74333333333333,73.24791972032781,66780.7375,0.0,43.17149,1023.924,15.61,0.0,0.0,0.0,1,winter,yeongheung_coal,1,0.0,66780.7375
2021-02-24,13999.741796591998,14161.59143496,1808.245263312,9.18,9.305,45.73500000000001,6,0.8666666666666666,78.84833333333333,272.4783333333333,1.0816666666666668,0.0,-0.9990646450241304,0.0432415895037222,72.89522342064714,25753.85714285714,0.0,71.10714285714286,1.0,0.0,66780.7375,32.74333333333333,73.24791972032781,66780.7375,0.0,28.856194,1023.4434,15.92,0.0,0.0,0.0,2,winter,yeongheung_coal,1,0.0,66780.7375
2021-02-25,12103.8011676,14029.682099472,1865.56232376,7.925,9.673333333333334,40.09166666666666,6,3.1983333333333337,54.43000000000001,131.2516666666667,1.0599999999999998,0.0,0.7518206275685873,-0.6593676849545902,51.3490566037736,25753.85714285714,0.0,71.10714285714286,1.0,0.0,66780.7375,32.74333333333333,73.24791972032781,66780.7375,0.0,13.910169,1021.17114,6.15,0.0,0.0,0.0,3,winter,yeongheung_coal,1,0.0,66780.7375
2021-02-26,11992.181292287998,14303.587883904,1749.612357504,7.85,9.795,37.446666666666665,6,5.308333333333334,57.76500000000001,158.59666666666666,1.143333333333333,0.0,0.3649309503517902,-0.9310345866160608,50.523323615160365,25753.85714285714,0.0,71.10714285714286,1.0,0.0,66780.7375,32.74333333333333,73.24791972032781,66780.7375,0.0,20.87379,1020.91235,16.91,0.0,0.0,0.0,4,winter,yeongheung_coal,1,0.0,66780.7375
2021-02-27,12032.099734176,14406.102576144,1906.242199776,7.886666666666667,11.22,30.445000000000004,6,6.506666666666667,56.916666666666664,107.90333333333336,1.981666666666667,0.0,0.9515765209858522,-0.3074119787979348,28.72161480235491,25753.85714285714,0.0,71.10714285714286,1.0,0.0,66780.7375,32.74333333333333,73.24791972032781,66780.7375,0.0,27.288855,1025.2158,16.73,0.0,0.0,0.0,5,winter,yeongheung_coal,1,0.0,66780.7375
2021-02-28,12037.326913152,13915.00019808,1869.633167616,7.918333333333334,10.735,34.9,6,6.555,62.18666666666667,165.04166666666666,0.7583333333333333,0.0,0.2581165356429697,-0.9661137893787002,82.00439560439561,25753.85714285714,0.0,71.10714285714286,1.0,0.0,66780.7375,32.74333333333333,73.24791972032781,66780.7375,0.0,27.567635,1023.8418,9.48,0.0,0.0,0.0,6,winter,yeongheung_coal,1,0.0,66780.7375
2021-03-01,11959.370712432,14255.797254048,1850.6326641119997,7.791666666666667,14.275,28.325000000000003,6,0.5833333333333334,97.125,166.92333333333332,1.6116666666666666,0.13,0.2262546432789026,-0.9740681887808146,60.263702171664946,25121.8064516129,0.0,142.5483870967742,1.0,0.0,65257.94193548387,39.391666666666666,59.45153019041757,65257.94193548387,0.0,39.9097,1012.80975,1.47,0.0,0.0,0.0,0,spring,yeongheung_coal,1,0.0,65257.94193548387
2021-03-02,13267.928445408,14130.938461104,1900.627610256,8.673333333333334,12.296666666666669,31.26,6,0.4849999999999999,93.03833333333334,169.61833333333334,0.7066666666666667,0.005,0.1802044157371136,-0.983629182440642,131.65801886792454,25121.8064516129,0.0,142.5483870967742,1.0,0.0,65257.94193548387,39.391666666666666,59.45153019041757,65257.94193548387,0.0,28.930204,1021.3974,17.52,0.0,0.0,0.0,1,spring,yeongheung_coal,1,0.0,65257.94193548387
2021-03-03,13875.648697008,14182.050184127998,1737.736129728,9.04,20.956666666666667,72.17,6,2.605,86.63,184.40333333333336,1.12,0.0,-0.0767770341747607,-0.997048287207459,77.34821428571428,25121.8064516129,0.0,142.5483870967742,1.0,0.0,65257.94193548387,39.391666666666666,59.45153019041757,65257.94193548387,0.0,20.94507,1026.4559,17.41,0.0,0.0,0.0,2,spring,yeongheung_coal,1,0.0,65257.94193548387
2021-03-04,14015.480803920002,14844.24845424,2517.193879056,9.123333333333331,29.003333333333337,117.46333333333337,6,4.228333333333333,94.58,199.42166666666665,0.6533333333333333,0.0,-0.332517792179669,-0.9430969822260904,144.76530612244898,25121.8064516129,0.0,142.5483870967742,1.0,0.0,65257.94193548387,39.391666666666666,59.45153019041757,65257.94193548387,0.0,24.696104,1021.3774,12.63,0.0,0.0,0.0,3,spring,yeongheung_coal,1,0.0,65257.94193548387
2021-03-05,14315.727368304,16300.086143328,2921.86716264,9.503333333333332,34.623333333333335,110.81166666666668,6,4.703333333333333,98.04833333333332,234.52166666666665,0.9066666666666666,0.0,-0.8143350556767571,-0.5803950526115232,108.14154411764704,25121.8064516129,0.0,142.5483870967742,1.0,0.0,65257.94193548387,39.391666666666666,59.45153019041757,65257.94193548387,0.0,26.309572,1018.9004,17.02,0.0,0.0,0.0,4,spring,yeongheung_coal,1,0.0,65257.94193548387
2021-03-06,14219.089029648,15221.71642248,2459.8488546720005,9.536666666666669,45.81666666666667,121.94833333333334,6,4.755,70.10333333333334,93.855,2.1416666666666666,0.0,0.9977373902035896,-0.0672316903679343,32.733073929961094,25121.8064516129,0.0,142.5483870967742,1.0,0.0,65257.94193548387,39.391666666666666,59.45153019041757,65257.94193548387,0.0,30.113304,1023.8454,14.06,0.0,0.0,0.0,5,spring,yeongheung_coal,1,0.0,65257.94193548387
2021-03-07,13924.545015168,14204.347694208,1700.41171896,9.1,33.638333333333335,115.79500000000002,6,2.786666666666666,97.02166666666666,190.31499999999997,0.4216666666666666,0.0,-0.179059789486547,-0.9838381939064134,230.09090909090912,25121.8064516129,0.0,142.5483870967742,1.0,0.0,65257.94193548387,39.391666666666666,59.45153019041757,65257.94193548387,0.0,30.54701,1026.0944,16.59,0.0,0.0,0.0,6,spring,yeongheung_coal,1,0.0,65257.94193548387
2021-03-08,12997.30723416,16726.175608608002,2816.168234256,9.28,43.028333333333336,115.70333333333332,6,2.1166666666666667,93.49833333333332,237.57333333333335,0.635,0.0,-0.844078448948726,-0.5362197049906996,147.24146981627294,25121.8064516129,0.0,142.5483870967742,1.0,0.0,65257.94193548387,39.391666666666666,59.45153019041757,65257.94193548387,0.0,16.299694,1024.7943,16.98,0.0,0.0,0.0,0,spring,yeongheung_coal,1,0.0,65257.94193548387
2021-03-09,11053.358798688,13459.028273424,2754.2316922560003,8.146666666666667,48.18833333333334,28.39,6,3.8866666666666663,94.80666666666669,209.5583333333333,0.4833333333333333,0.0,-0.4933094214732496,-0.869853904219397,196.1517241379311,25121.8064516129,0.0,142.5483870967742,1.0,0.0,65257.94193548387,39.391666666666666,59.45153019041757,65257.94193548387,0.0,19.110542,1023.36676,15.94,0.0,0.0,0.0,1,spring,yeongheung_coal,1,0.0,65257.94193548387
2021-03-10,11712.633017472,15871.12048512,15930.386373744002,9.563333333333334,14.763333333333334,52.46333333333334,6,3.106666666666667,87.38,210.79333333333332,0.7083333333333334,0.0,-0.5119429168823437,-0.8590194700086825,123.36,25121.8064516129,0.0,142.5483870967742,1.0,0.0,65257.94193548387,39.391666666666666,59.45153019041757,65257.94193548387,0.0,18.043148,1025.8109,16.41,0.0,0.0,0.0,2,spring,yeongheung_coal,1,0.0,65257.94193548387
2021-03-11,13130.25894072,16671.710053008,4937.081750351999,9.225,31.155,26.42,6,6.641666666666667,80.44166666666666,272.925,1.225,0.0,-0.9986971867792876,0.0510287087739513,65.66666666666666,25121.8064516129,0.0,142.5483870967742,1.0,0.0,65257.94193548387,39.391666666666666,59.45153019041757,65257.94193548387,0.0,16.299694,1024.3794,12.29,0.0,0.0,0.0,3,spring,yeongheung_coal,1,0.0,65257.94193548387
2021-03-12,12204.176840064,15350.269333679998,4245.268273632,8.693333333333333,29.223333333333333,25.255,6,7.166666666666667,79.09833333333333,104.8,0.8183333333333334,0.0,0.9668233886044596,-0.2554457579357904,96.65784114052953,25121.8064516129,0.0,142.5483870967742,1.0,0.0,65257.94193548387,39.391666666666666,59.45153019041757,65257.94193548387,0.0,18.359999,1019.3262,12.62,0.0,0.0,0.0,4,spring,yeongheung_coal,1,0.0,65257.94193548387
2021-03-13,15959.28505536,19740.925241424,2691.95585472,10.761666666666663,29.75666666666667,11.781666666666666,6,5.261666666666667,92.09666666666668,233.61833333333337,0.9916666666666668,0.0,-0.805083636560632,-0.5931613087030443,92.87058823529412,25121.8064516129,0.0,142.5483870967742,1.0,0.0,65257.94193548387,39.391666666666666,59.45153019041757,65257.94193548387,0.0,19.770523,1019.48737,12.16,0.0,0.0,0.0,5,spring,yeongheung_coal,1,0.0,65257.94193548387
2021-03-14,18108.184987296,25186.583438784,4067.472272688,12.343333333333334,18.653333333333332,52.425,6,3.4466666666666668,97.74666666666668,158.10166666666666,0.6266666666666666,0.0,0.3729607927554261,-0.9278471032811624,155.97872340425536,25121.8064516129,0.0,142.5483870967742,1.0,0.0,65257.94193548387,39.391666666666666,59.45153019041757,65257.94193548387,0.0,16.263872,1017.969,8.64,0.0,0.0,0.0,6,spring,yeongheung_coal,1,0.0,65257.94193548387
2021-03-15,18912.945533184,20427.89546304,5719.941753263999,12.673333333333334,14.205,70.54333333333332,6,8.875,98.10333333333334,250.335,2.2083333333333335,0.0,-0.9416762889167178,-0.3365200839356221,44.42415094339623,25121.8064516129,0.0,142.5483870967742,1.0,0.0,65257.94193548387,39.391666666666666,59.45153019041757,65257.94193548387,0.0,18.0,1014.59686,11.51,0.0,0.0,0.0,0,spring,yeongheung_coal,1,0.0,65257.94193548387
2021-03-16,13492.320003504,17279.722842192,3114.507622752,9.090000000000002,11.778333333333334,69.72333333333333,6,4.4799999999999995,59.63999999999999,215.52166666666668,0.8849999999999999,0.0,-0.5810107757692803,-0.8138958646165854,67.38983050847457,25121.8064516129,0.0,142.5483870967742,1.0,0.0,65257.94193548387,39.391666666666666,59.45153019041757,65257.94193548387,0.0,29.301876,1013.843,20.73,0.0,0.0,0.0,1,spring,yeongheung_coal,1,0.0,65257.94193548387
2021-03-17,14117.05226016,17107.24348584,2761.198101504,9.909999999999998,11.714999999999998,50.06166666666667,6,3.7716666666666665,80.56333333333333,218.755,0.7616666666666667,0.0,-0.6259915275607086,-0.7798298579960955,105.77242888402624,25121.8064516129,0.0,142.5483870967742,1.0,0.0,65257.94193548387,39.391666666666666,59.45153019041757,65257.94193548387,0.0,22.930048,1017.03815,20.49,0.0,0.0,0.0,2,spring,yeongheung_coal,1,0.0,65257.94193548387
2021-03-18,13880.490830496004,17107.871805936,2619.202513824,9.656666666666668,11.636666666666663,24.748333333333335,6,7.116666666666667,75.42166666666667,239.11333333333332,0.735,0.0,-0.8581843889645631,-0.5133415573840867,102.61451247165532,25121.8064516129,0.0,142.5483870967742,1.0,0.0,65257.94193548387,39.391666666666666,59.45153019041757,65257.94193548387,0.0,19.803272,1017.30194,19.29,0.0,0.0,0.0,3,spring,yeongheung_coal,1,0.0,65257.94193548387
2021-03-19,11601.386896464,14897.467876464,2417.6863232640003,9.276666666666667,11.286666666666669,28.161666666666665,6,9.356666666666667,67.46333333333332,231.99666666666667,0.4533333333333333,0.0,-0.7879749345404361,-0.615707318891042,148.81617647058823,25121.8064516129,0.0,142.5483870967742,1.0,0.0,65257.94193548387,39.391666666666666,59.45153019041757,65257.94193548387,0.0,17.026896,1016.3084,18.49,0.0,0.0,0.0,4,spring,yeongheung_coal,1,0.0,65257.94193548387
2021-03-20,13246.850227391998,15021.9175752,2184.0373584,10.28,11.221666666666666,22.521666666666665,6,5.521666666666667,93.31666666666666,280.88166666666666,2.11,0.01,-0.9820191686244892,0.1887812290829439,44.2259083728278,25121.8064516129,0.0,142.5483870967742,1.0,0.0,65257.94193548387,39.391666666666666,59.45153019041757,65257.94193548387,0.0,27.257967,1011.23773,3.78,0.0,0.0,0.0,5,spring,yeongheung_coal,1,0.0,65257.94193548387
2021-03-21,11923.885444896,14990.169769344,1977.315648768,9.515,11.271666666666668,18.628333333333337,6,4.785,61.53333333333333,264.69166666666666,3.713333333333333,0.0,-0.9957112528954976,-0.0925154087559379,16.570915619389588,25121.8064516129,0.0,142.5483870967742,1.0,0.0,65257.94193548387,39.391666666666666,59.45153019041757,65257.94193548387,0.0,46.730717,1012.3638,19.71,0.0,0.0,0.0,6,spring,yeongheung_coal,1,0.0,65257.94193548387
2021-03-22,11317.277940912,14903.8813368,2113.330202064,9.293333333333331,11.333333333333334,23.35,6,4.826666666666667,89.35000000000001,220.71333333333337,1.403333333333333,0.0,-0.6522748120430512,-0.7579825654816886,63.669833729216165,25121.8064516129,0.0,142.5483870967742,1.0,0.0,65257.94193548387,39.391666666666666,59.45153019041757,65257.94193548387,0.0,34.57687,1018.0074,21.46,0.0,0.0,0.0,0,spring,yeongheung_coal,1,0.0,65257.94193548387
2021-03-23,14452.566786,17121.481774416,2410.368750864,9.618333333333334,11.24,22.386666666666667,6,7.075,94.105,178.54833333333332,1.3533333333333335,0.0,0.025333652361098,-0.9996790515250618,69.53571428571428,25121.8064516129,0.0,142.5483870967742,1.0,0.0,65257.94193548387,39.391666666666666,59.45153019041757,65257.94193548387,0.0,26.795223,1017.6469,21.51,0.0,0.0,0.0,1,spring,yeongheung_coal,1,0.0,65257.94193548387
2021-03-24,14283.410332320002,17232.00016104,2473.4845537919996,9.431666666666668,11.3,21.52,6,7.568333333333334,92.94833333333334,156.86833333333334,0.3799999999999999,0.0,0.3928454305878629,-0.9196045169888176,244.60087719298252,25121.8064516129,0.0,142.5483870967742,1.0,0.0,65257.94193548387,39.391666666666666,59.45153019041757,65257.94193548387,0.0,24.18707,1017.185,20.88,0.0,0.0,0.0,2,spring,yeongheung_coal,1,0.0,65257.94193548387
2021-03-25,15213.614102928,17219.210934384002,2392.4657273760004,10.013333333333334,11.276666666666666,22.635,6,4.1049999999999995,99.465,195.535,0.7783333333333333,0.0,-0.2678269745271358,-0.9634670267921164,127.79229122055676,25121.8064516129,0.0,142.5483870967742,1.0,0.0,65257.94193548387,39.391666666666666,59.45153019041757,65257.94193548387,0.0,17.873554,1018.7127,18.12,0.0,0.0,0.0,3,spring,yeongheung_coal,1,0.0,65257.94193548387
2021-03-26,14331.709258271998,17163.940393872,2573.12223864,9.493333333333334,11.29,30.285,6,10.23,68.93666666666667,170.16166666666666,0.8450000000000001,0.0,0.1708687411607082,-0.985293800495139,81.5818540433925,25121.8064516129,0.0,142.5483870967742,1.0,0.0,65257.94193548387,39.391666666666666,59.45153019041757,65257.94193548387,0.0,12.10157,1018.4926,13.53,0.0,0.0,0.0,4,spring,yeongheung_coal,1,0.0,65257.94193548387
2021-03-27,16523.57986272,17292.90829176,2503.1483274240004,10.751666666666663,11.215000000000002,22.486666666666665,6,11.856666666666667,99.00333333333332,228.86666666666667,1.9433333333333336,1.0,-0.7531808193809105,-0.6578135399311116,50.945111492281285,25121.8064516129,0.0,142.5483870967742,1.0,0.0,65257.94193548387,39.391666666666666,59.45153019041757,65257.94193548387,0.0,37.957386,1007.70874,2.81,0.0,0.0,0.0,5,spring,yeongheung_coal,1,0.0,65257.94193548387
2021-03-28,15254.15446656,17587.988567712,2355.7887247679996,9.853333333333332,11.286666666666669,20.015000000000004,6,8.643333333333333,99.42166666666668,245.54333333333332,4.180000000000001,0.01,-0.9102746469696984,-0.4140049119082897,23.785087719298247,25121.8064516129,0.0,142.5483870967742,1.0,0.0,65257.94193548387,39.391666666666666,59.45153019041757,65257.94193548387,0.0,30.551254,1000.07294,12.18,0.0,0.0,0.0,6,spring,yeongheung_coal,1,0.0,65257.94193548387
2021-03-29,16350.901130304,17506.985485536,2344.422118176,10.6,11.313333333333333,22.05,6,5.9750000000000005,84.20166666666667,220.09500000000003,0.86,0.0,-0.6440568753240055,-0.7649776083964016,97.90891472868218,25121.8064516129,0.0,142.5483870967742,1.0,0.0,65257.94193548387,39.391666666666666,59.45153019041757,65257.94193548387,0.0,32.396,1005.8528,17.31,0.0,0.0,0.0,0,spring,yeongheung_coal,1,0.0,65257.94193548387
2021-03-30,15253.252049808,17253.663386832002,2679.349141728,10.006666666666666,11.366666666666667,20.675,6,6.918333333333333,68.82333333333334,204.02833333333336,0.755,0.0,-0.4071883506485844,-0.9133442106325992,91.15673289183223,25121.8064516129,0.0,142.5483870967742,1.0,0.0,65257.94193548387,39.391666666666666,59.45153019041757,65257.94193548387,0.0,17.429354,1010.37256,22.28,0.0,0.0,0.0,1,spring,yeongheung_coal,1,0.0,65257.94193548387
2021-03-31,16749.222641424,17106.755053968,2835.9652464000005,11.02,11.551666666666668,19.15833333333333,6,10.088333333333331,56.27166666666667,199.62,0.92,0.0,-0.3357803893925805,-0.9419403007087906,61.164855072463766,25121.8064516129,0.0,142.5483870967742,1.0,0.0,65257.94193548387,39.391666666666666,59.45153019041757,65257.94193548387,0.0,15.349684,1012.1072,23.0,0.0,0.0,0.0,2,spring,yeongheung_coal,1,0.0,65257.94193548387
2021-04-01,13720.463260559998,20437.777400543997,20362.983283008,9.293333333333331,14.673333333333334,30.73166666666667,6,15.206666666666663,36.31666666666667,110.61833333333334,2.4250000000000003,0.0,0.9359469065760044,-0.3521411479375958,14.97594501718213,24088.066666666666,0.0,60.666666666666664,1.0,0.0,62354.88666666667,26.32166666666667,78.53974308883356,62354.88666666667,0.0,24.95452,1015.154,18.47,0.0,0.0,0.0,3,spring,yeongheung_coal,1,0.0,62354.88666666667
2021-04-02,11477.8702656,20331.794199312,7067.203980048,7.973333333333334,17.741666666666667,21.716666666666665,6,14.891666666666666,58.318333333333335,175.73333333333335,0.5416666666666666,0.0,0.0743985753758628,-0.9972285856221944,107.6646153846154,24088.066666666666,0.0,60.666666666666664,1.0,0.0,62354.88666666667,26.32166666666667,78.53974308883356,62354.88666666667,0.0,23.441502,1016.666,8.69,0.0,0.0,0.0,4,spring,yeongheung_coal,1,0.0,62354.88666666667
2021-04-03,12261.829197599998,17622.083497392,2956.182045552,8.045,11.986666666666666,17.296666666666667,6,10.265,98.685,95.94,2.5666666666666664,0.01,0.9946308119914324,-0.1034869452504224,38.4487012987013,24088.066666666666,0.0,60.666666666666664,1.0,0.0,62354.88666666667,26.32166666666667,78.53974308883356,62354.88666666667,0.0,26.368616,1009.7615,1.86,0.0,0.0,0.0,5,spring,yeongheung_coal,1,0.0,62354.88666666667
2021-04-04,13633.769714688,17453.42059968,2687.992949088,8.956666666666665,11.476666666666668,15.253333333333332,6,9.761666666666668,81.79,130.14166666666665,0.8316666666666667,0.0,0.7644527787734551,-0.6446797259302816,98.34468937875752,24088.066666666666,0.0,60.666666666666664,1.0,0.0,62354.88666666667,26.32166666666667,78.53974308883356,62354.88666666667,0.0,26.161375,1012.3381,18.92,0.0,0.0,0.0,6,spring,yeongheung_coal,1,0.0,62354.88666666667
2021-04-05,14618.60251128,17412.740051472,2627.3068776,9.418333333333331,11.340000000000002,16.266666666666666,6,8.58,82.24166666666666,242.79666666666665,0.8033333333333333,0.0,-0.8893897789066988,-0.4571496704322266,102.37551867219916,24088.066666666666,0.0,60.666666666666664,1.0,0.0,62354.88666666667,26.32166666666667,78.53974308883356,62354.88666666667,0.0,16.135872,1019.68896,24.02,0.0,0.0,0.0,0,spring,yeongheung_coal,1,0.0,62354.88666666667
2021-04-06,16157.747269008,17045.147372832,2480.113385856,10.51,11.12,16.416666666666668,6,9.488333333333332,82.78166666666667,265.6666666666667,2.1683333333333334,0.0,-0.9971413439169776,-0.0755588528992074,38.17755572636433,24088.066666666666,0.0,60.666666666666664,1.0,0.0,62354.88666666667,26.32166666666667,78.53974308883356,62354.88666666667,0.0,25.171696,1018.21844,21.95,0.0,0.0,0.0,1,spring,yeongheung_coal,1,0.0,62354.88666666667
2021-04-07,14408.173151568,17525.255363712004,2786.6366156159997,9.388333333333334,11.358333333333334,17.145,6,10.671666666666669,62.105,279.835,1.6883333333333337,0.0,-0.9853037395681088,0.1708114188018484,36.784797630799595,24088.066666666666,0.0,60.666666666666664,1.0,0.0,62354.88666666667,26.32166666666667,78.53974308883356,62354.88666666667,0.0,21.068459,1017.4367,23.77,0.0,0.0,0.0,2,spring,yeongheung_coal,1,0.0,62354.88666666667
2021-04-08,16949.73018168,17309.5924032,2502.196996464,11.031666666666666,11.195,16.086666666666666,6,9.148333333333332,62.23333333333333,239.4283333333333,1.5633333333333332,0.0,-0.8609936477981769,-0.5086157080263929,39.808102345415776,24088.066666666666,0.0,60.666666666666664,1.0,0.0,62354.88666666667,26.32166666666667,78.53974308883356,62354.88666666667,0.0,25.741888,1016.50195,24.17,0.0,0.0,0.0,3,spring,yeongheung_coal,1,0.0,62354.88666666667
2021-04-09,16997.66132832,17510.716795536,2783.370485376,11.175,11.386666666666663,16.518333333333334,6,10.838333333333331,66.41833333333334,119.54166666666669,2.263333333333333,0.0,0.8699973653095464,-0.4930563703618965,29.345360824742272,24088.066666666666,0.0,60.666666666666664,1.0,0.0,62354.88666666667,26.32166666666667,78.53974308883356,62354.88666666667,0.0,22.881958,1021.38043,24.14,0.0,0.0,0.0,4,spring,yeongheung_coal,1,0.0,62354.88666666667
2021-04-10,17537.023377072,17076.3269184,2455.7769275039996,11.998333333333331,11.391666666666666,17.491666666666667,6,7.57,95.39666666666666,166.165,0.6783333333333333,0.0,0.2391266452097711,-0.9709883869288656,140.63390663390663,24088.066666666666,0.0,60.666666666666664,1.0,0.0,62354.88666666667,26.32166666666667,78.53974308883356,62354.88666666667,0.0,32.839027,1027.5917,14.44,0.0,0.0,0.0,5,spring,yeongheung_coal,1,0.0,62354.88666666667
2021-04-11,16930.662483312,17058.099745008,2490.95443248,11.678333333333333,11.381666666666666,18.333333333333332,6,12.5,52.31,222.71333333333337,0.5950000000000001,0.0,-0.6783306738960115,-0.7347567603307797,87.91596638655462,24088.066666666666,0.0,60.666666666666664,1.0,0.0,62354.88666666667,26.32166666666667,78.53974308883356,62354.88666666667,0.0,12.24,1027.13,20.86,0.0,0.0,0.0,6,spring,yeongheung_coal,1,0.0,62354.88666666667
2021-04-12,17021.706386544,17249.082565824,2514.958513344,11.471666666666666,11.355,18.405,6,11.481666666666667,99.23,238.14333333333337,3.8016666666666663,0.03,-0.8493711076330287,-0.5277960984302952,26.101709776413855,24088.066666666666,0.0,60.666666666666664,1.0,0.0,62354.88666666667,26.32166666666667,78.53974308883356,62354.88666666667,0.0,35.893642,1015.6086,3.96,0.0,0.0,0.0,0,spring,yeongheung_coal,1,0.0,62354.88666666667
2021-04-13,16885.85380128,17257.240758527998,2348.1879228000003,11.48,11.23,15.095,6,6.838333333333334,65.87833333333333,283.7133333333333,3.01,0.005,-0.9714939789521652,0.2370642293972039,21.886489479512736,24088.066666666666,0.0,60.666666666666664,1.0,0.0,62354.88666666667,26.32166666666667,78.53974308883356,62354.88666666667,0.0,38.84832,1009.9016,24.05,0.0,0.0,0.0,1,spring,yeongheung_coal,1,0.0,62354.88666666667
2021-04-14,15175.362107376,16383.9919824,2365.044561072,10.493333333333332,11.266666666666666,19.124999999999996,6,7.643333333333333,94.31833333333331,231.47333333333336,1.5499999999999998,0.0,-0.7823183406317944,-0.6228788115766306,60.85053763440859,24088.066666666666,0.0,60.666666666666664,1.0,0.0,62354.88666666667,26.32166666666667,78.53974308883356,62354.88666666667,0.0,35.652725,1016.4104,25.25,0.0,0.0,0.0,2,spring,yeongheung_coal,1,0.0,62354.88666666667
2021-04-15,12382.189343999997,14866.21421424,2295.3842776799997,8.888333333333334,11.475,15.123333333333337,6,7.151666666666666,97.95333333333332,150.51166666666666,0.5683333333333334,0.0,0.492246326549799,-0.8704559460410554,172.35190615835774,24088.066666666666,0.0,60.666666666666664,1.0,0.0,62354.88666666667,26.32166666666667,78.53974308883356,62354.88666666667,0.0,18.39878,1016.02637,21.43,0.0,0.0,0.0,3,spring,yeongheung_coal,1,0.0,62354.88666666667
2021-04-16,12034.981036944,15034.63970952,2163.026835216,8.593333333333334,11.333333333333334,14.981666666666667,6,8.07,80.82833333333333,189.35333333333332,0.73,0.0,-0.162522357971476,-0.9867048612221344,110.72374429223744,24088.066666666666,0.0,60.666666666666664,1.0,0.0,62354.88666666667,26.32166666666667,78.53974308883356,62354.88666666667,0.0,32.619255,1012.4592,14.6,0.0,0.0,0.0,4,spring,yeongheung_coal,1,0.0,62354.88666666667
2021-04-17,12671.674431552,12419.773778736,4303.45141128,7.685,9.006666666666666,47.68666666666667,6,8.716666666666667,68.66833333333334,273.38666666666666,3.1799999999999997,0.0,-0.9982536021140148,0.059074071015922,21.593815513626836,24088.066666666666,0.0,60.666666666666664,1.0,0.0,62354.88666666667,26.32166666666667,78.53974308883356,62354.88666666667,0.0,38.706276,1012.1213,19.08,0.0,0.0,0.0,5,spring,yeongheung_coal,1,0.0,62354.88666666667
2021-04-18,13022.366130144,17627.295528,2237.827698,9.136666666666668,12.603333333333332,14.511666666666663,6,8.343333333333334,75.91166666666666,246.73833333333337,1.1266666666666667,0.0,-0.9187108126687922,-0.3949309340700565,67.37721893491124,24088.066666666666,0.0,60.666666666666664,1.0,0.0,62354.88666666667,26.32166666666667,78.53974308883356,62354.88666666667,0.0,38.08861,1013.88275,25.34,0.0,0.0,0.0,6,spring,yeongheung_coal,1,0.0,62354.88666666667
2021-04-19,12404.403713807998,16993.753614144,17337.774234527995,8.315,22.424999999999997,83.93666666666667,6,9.1,94.615,159.84166666666667,0.82,0.0,0.3446156163676826,-0.9387438825129686,115.38414634146342,24088.066666666666,0.0,60.666666666666664,1.0,0.0,62354.88666666667,26.32166666666667,78.53974308883356,62354.88666666667,0.0,19.171478,1014.33203,25.39,0.0,0.0,0.0,0,spring,yeongheung_coal,1,0.0,62354.88666666667
2021-04-20,15880.015206432,16222.7216484,2636.7926243039997,8.903333333333334,25.713333333333335,26.043333333333337,6,9.821666666666667,91.57333333333332,239.58833333333337,0.6916666666666668,0.0,-0.8624106118486595,-0.5062093801687408,132.39518072289152,24088.066666666666,0.0,60.666666666666664,1.0,0.0,62354.88666666667,26.32166666666667,78.53974308883356,62354.88666666667,0.0,13.441071,1017.9296,21.63,0.0,0.0,0.0,1,spring,yeongheung_coal,1,0.0,62354.88666666667
2021-04-21,15936.238447776,16206.117853392,2471.873139936,8.888333333333334,26.995,29.745,6,13.51,67.765,188.83333333333337,0.7366666666666667,0.0,-0.1535607383287861,-0.988139210660076,91.98868778280544,24088.066666666666,0.0,60.666666666666664,1.0,0.0,62354.88666666667,26.32166666666667,78.53974308883356,62354.88666666667,0.0,12.783802,1018.97894,23.32,0.0,0.0,0.0,2,spring,yeongheung_coal,1,0.0,62354.88666666667
2021-04-22,14861.993368896,18061.672742784,3400.2339209280003,8.328333333333333,23.563333333333333,24.584999999999997,6,17.183333333333334,52.553333333333335,99.88833333333332,1.79,0.0,0.98514431423592,-0.1717285070354915,29.359404096834265,24088.066666666666,0.0,60.666666666666664,1.0,0.0,62354.88666666667,26.32166666666667,78.53974308883356,62354.88666666667,0.0,21.166653,1016.4932,6.89,0.0,0.0,0.0,3,spring,yeongheung_coal,1,0.0,62354.88666666667
2021-04-23,15407.032374576,18078.960386736,2526.5638660319996,9.631666666666668,11.245,34.781666666666666,6,17.518333333333334,40.565,144.595,1.9633333333333332,0.0,0.5793523034561492,-0.8150772408060809,20.661290322580644,24088.066666666666,0.0,60.666666666666664,1.0,0.0,62354.88666666667,26.32166666666667,78.53974308883356,62354.88666666667,0.0,36.276142,1015.97906,8.14,0.0,0.0,0.0,4,spring,yeongheung_coal,1,0.0,62354.88666666667
2021-04-24,15769.590339168,16940.083293936,2432.7473433120003,10.32,11.088333333333331,37.46333333333333,6,12.585,85.54,207.455,1.105,0.0,-0.4610518142124922,-0.8873732160772995,77.41176470588236,24088.066666666666,0.0,60.666666666666664,1.0,0.0,62354.88666666667,26.32166666666667,78.53974308883356,62354.88666666667,0.0,22.691425,1017.72687,12.69,0.0,0.0,0.0,5,spring,yeongheung_coal,1,0.0,62354.88666666667
2021-04-25,16629.303326112,17041.727739744,2196.767192688,10.868333333333334,11.131666666666668,30.288333333333338,6,14.461666666666666,78.25166666666667,248.6916666666667,1.1033333333333333,0.0,-0.931638384981379,-0.3633867356265056,70.92296072507553,24088.066666666666,0.0,60.666666666666664,1.0,0.0,62354.88666666667,26.32166666666667,78.53974308883356,62354.88666666667,0.0,24.546085,1016.69745,24.59,0.0,0.0,0.0,6,spring,yeongheung_coal,1,0.0,62354.88666666667
2021-04-26,16839.690120576,17044.28008344,2172.813843744,10.928333333333336,11.093333333333334,27.126666666666665,6,10.671666666666669,95.36166666666666,181.6916666666667,0.5983333333333334,0.0,-0.0295208636832619,-0.9995641643273304,159.37883008356545,24088.066666666666,0.0,60.666666666666664,1.0,0.0,62354.88666666667,26.32166666666667,78.53974308883356,62354.88666666667,0.0,29.810522,1018.4616,21.36,0.0,0.0,0.0,0,spring,yeongheung_coal,1,0.0,62354.88666666667
2021-04-27,18399.0749184,20227.285090224,2738.21110488,10.171666666666669,11.28,18.223333333333333,6,12.886666666666663,98.21833333333332,247.55,3.795,0.6,-0.924213134976053,-0.3818770497656752,25.880983750548964,24088.066666666666,0.0,60.666666666666664,1.0,0.0,62354.88666666667,26.32166666666667,78.53974308883356,62354.88666666667,0.0,28.66694,1015.31915,9.22,0.0,0.0,0.0,1,spring,yeongheung_coal,1,0.0,62354.88666666667
2021-04-28,20181.93655608,20362.51774512,2722.762049472,11.058333333333332,11.168333333333337,20.008333333333333,6,10.218333333333334,94.59333333333332,186.385,0.6766666666666666,0.005,-0.1112087605564662,-0.9937970676025838,139.79310344827584,24088.066666666666,0.0,60.666666666666664,1.0,0.0,62354.88666666667,26.32166666666667,78.53974308883356,62354.88666666667,0.0,31.160282,1013.61835,15.81,0.0,0.0,0.0,2,spring,yeongheung_coal,1,0.0,62354.88666666667
2021-04-29,19624.600560672,20414.189407824,2802.767322384,10.74,11.23,15.76,6,10.946666666666667,98.23333333333332,89.16333333333334,1.3116666666666668,0.995,0.999893384105301,0.0146020691153329,74.89199491740786,24088.066666666666,0.0,60.666666666666664,1.0,0.0,62354.88666666667,26.32166666666667,78.53974308883356,62354.88666666667,0.0,41.792576,1004.1153,19.91,0.0,0.0,0.0,3,spring,yeongheung_coal,1,0.0,62354.88666666667
2021-04-30,14972.762581056002,17356.745845007998,2185.444392768,9.565,11.078333333333331,15.083333333333334,6,9.126666666666669,96.82833333333332,193.82833333333335,0.3533333333333333,0.01,-0.2390136639623082,-0.971016204004502,274.04245283018867,24088.066666666666,0.0,60.666666666666664,1.0,0.0,62354.88666666667,26.32166666666667,78.53974308883356,62354.88666666667,0.0,47.446304,1000.63794,14.3,0.0,0.0,0.0,4,spring,yeongheung_coal,1,0.0,62354.88666666667
2021-05-01,16017.579811584,17327.334291264,2185.236805248,10.253333333333332,11.125,15.67,6,8.625,95.81666666666666,265.6766666666667,2.8816666666666664,0.01,-0.9971545162372004,-0.0753848177536736,33.25043377674957,30392.967741935485,0.0,67.6774193548387,1.0,0.0,77776.46451612902,32.776666666666664,78.02061558385023,77776.46451612902,0.0,38.948273,1003.28253,17.91,0.0,0.0,0.0,5,spring,yeongheung_coal,1,0.0,77776.46451612902
2021-05-02,17567.48360664,17177.878425024,2203.233082272,11.336666666666666,11.153333333333334,15.793333333333337,6,9.216666666666669,96.2,226.20833333333337,0.625,0.005,-0.7218608886079476,-0.6920381907800639,153.92000000000002,30392.967741935485,0.0,67.6774193548387,1.0,0.0,77776.46451612902,32.776666666666664,78.02061558385023,77776.46451612902,0.0,28.745949,1013.2121,25.87,0.0,0.0,0.0,6,spring,yeongheung_coal,1,0.0,77776.46451612902
2021-05-03,17687.971205856,17123.0119236,2141.338162608,11.466666666666669,11.201666666666668,17.406666666666666,6,10.746666666666668,83.26333333333334,143.68,0.96,0.0,0.5922944647672048,-0.8057215815690494,86.7326388888889,30392.967741935485,0.0,67.6774193548387,1.0,0.0,77776.46451612902,32.776666666666664,78.02061558385023,77776.46451612902,0.0,14.77755,1015.83795,21.47,0.0,0.0,0.0,0,spring,yeongheung_coal,1,0.0,77776.46451612902
2021-05-04,17387.76952728,17806.787727984,2382.2363998080004,10.766666666666666,11.221666666666666,22.665000000000003,6,13.108333333333334,98.78166666666668,231.95666666666668,2.161666666666666,0.505,-0.7875448977529167,-0.6162572790834587,45.69699306090981,30392.967741935485,0.0,67.6774193548387,1.0,0.0,77776.46451612902,32.776666666666664,78.02061558385023,77776.46451612902,0.0,31.845247,1006.7177,3.59,0.0,0.0,0.0,1,spring,yeongheung_coal,1,0.0,77776.46451612902
2021-05-05,6305.68871496,5339.285533728,555.112613376,10.621666666666668,11.07,19.23,6,11.761666666666663,65.45666666666666,191.18666666666664,1.1,0.005,-0.1940060673323913,-0.9810003291733492,59.5060606060606,30392.967741935485,0.0,67.6774193548387,1.0,0.0,77776.46451612902,32.776666666666664,78.02061558385023,77776.46451612902,0.0,34.98674,1008.8584,25.57,0.0,0.0,0.0,2,spring,yeongheung_coal,1,0.0,77776.46451612902
2021-05-06,6335.71956864,5076.878637311999,605.985228432,10.006666666666666,10.763333333333334,22.301666666666662,6,15.386666666666663,47.445,143.8033333333333,2.225,0.0,0.5905587195725263,-0.8069946708230844,21.323595505617977,30392.967741935485,0.0,67.6774193548387,1.0,0.0,77776.46451612902,32.776666666666664,78.02061558385023,77776.46451612902,0.0,29.723444,1012.5402,24.89,0.0,0.0,0.0,3,spring,yeongheung_coal,1,0.0,77776.46451612902
2021-05-07,6597.645193439999,5267.08124568,590.783865984,10.436666666666666,10.775,19.225,6,11.003333333333332,90.35,246.24166666666667,2.813333333333333,0.01,-0.9152528923068304,-0.4028798122566848,32.11492890995261,30392.967741935485,0.0,67.6774193548387,1.0,0.0,77776.46451612902,32.776666666666664,78.02061558385023,77776.46451612902,0.0,48.577324,1003.4953,21.57,0.0,0.0,0.0,4,spring,yeongheung_coal,1,0.0,77776.46451612902
2021-05-08,6636.212001792,5270.243925600001,602.798503392,11.075,10.785000000000002,17.849999999999998,6,12.465000000000002,83.97666666666667,287.24666666666667,2.6366666666666667,0.0,-0.9550371949304864,0.296486013665583,31.849557522123895,30392.967741935485,0.0,67.6774193548387,1.0,0.0,77776.46451612902,32.776666666666664,78.02061558385023,77776.46451612902,0.0,39.18712,1001.4108,25.43,0.0,0.0,0.0,5,spring,yeongheung_coal,1,0.0,77776.46451612902
2021-05-09,5975.659482336001,5221.6292488320005,735.986664864,9.496666666666668,12.43,17.995,6,10.77,87.06666666666666,223.41833333333332,0.7716666666666666,0.0,-0.6873199628315763,-0.7263547815587095,112.829373650108,30392.967741935485,0.0,67.6774193548387,1.0,0.0,77776.46451612902,32.776666666666664,78.02061558385023,77776.46451612902,0.0,26.493652,1006.86035,27.37,0.0,0.0,0.0,6,spring,yeongheung_coal,1,0.0,77776.46451612902
2021-05-10,6266.909857392,8189.672274144,685.4706249120001,10.278333333333334,19.99,15.666666666666666,6,13.053333333333333,91.66333333333334,104.64666666666666,1.345,0.01,0.9675035423094356,-0.2528574610698572,68.15117719950435,30392.967741935485,0.0,67.6774193548387,1.0,0.0,77776.46451612902,32.776666666666664,78.02061558385023,77776.46451612902,0.0,27.381308,1010.8188,3.37,0.0,0.0,0.0,0,spring,yeongheung_coal,1,0.0,77776.46451612902
2021-05-11,19590.219363312,23648.9979888,2589.247806624,10.905,21.148333333333333,19.26833333333333,6,17.41,54.19333333333333,119.92333333333332,1.7300000000000002,0.0,0.8666936711670666,-0.4988407364670137,31.325626204238915,30392.967741935485,0.0,67.6774193548387,1.0,0.0,77776.46451612902,32.776666666666664,78.02061558385023,77776.46451612902,0.0,22.702845,1010.53217,17.92,0.0,0.0,0.0,1,spring,yeongheung_coal,1,0.0,77776.46451612902
2021-05-12,21718.596704976,27688.21488504,2627.26702416,12.255,17.023333333333333,24.88166666666667,6,16.883333333333333,64.405,269.5733333333333,1.22,0.0,-0.999972273173654,-0.0074466693169104,52.790983606557376,30392.967741935485,0.0,67.6774193548387,1.0,0.0,77776.46451612902,32.776666666666664,78.02061558385023,77776.46451612902,0.0,20.858265,1009.2139,20.64,0.0,0.0,0.0,2,spring,yeongheung_coal,1,0.0,77776.46451612902
2021-05-13,23491.394054496,23780.145700224,3022.095904128,12.910000000000002,12.913333333333334,30.846666666666664,6,15.853333333333332,97.07333333333334,246.47166666666664,0.695,0.0,-0.9168627768801604,-0.3992025154875672,139.673860911271,30392.967741935485,0.0,67.6774193548387,1.0,0.0,77776.46451612902,32.776666666666664,78.02061558385023,77776.46451612902,0.0,15.30741,1008.9942,23.91,0.0,0.0,0.0,3,spring,yeongheung_coal,1,0.0,77776.46451612902
2021-05-14,22802.629259232,22983.900753888,3063.30926688,12.901666666666666,12.896666666666668,24.820000000000004,6,16.981666666666666,90.29166666666669,175.42999999999998,0.535,0.0,0.07967700115891,-0.9968207338766198,168.76947040498445,30392.967741935485,0.0,67.6774193548387,1.0,0.0,77776.46451612902,32.776666666666664,78.02061558385023,77776.46451612902,0.0,13.1041975,1008.84674,18.78,0.0,0.0,0.0,4,spring,yeongheung_coal,1,0.0,77776.46451612902
2021-05-15,19556.784253872,20813.884392816,2665.10823192,12.193333333333332,12.901666666666666,22.0,6,18.041666666666668,99.70833333333331,128.09,0.405,0.02,0.7870427030513262,-0.6168985196721273,246.19341563786003,30392.967741935485,0.0,67.6774193548387,1.0,0.0,77776.46451612902,32.776666666666664,78.02061558385023,77776.46451612902,0.0,12.599999,1004.062,5.26,0.0,0.0,0.0,5,spring,yeongheung_coal,1,0.0,77776.46451612902
2021-05-16,19212.015274416,20663.964016416,2594.514103344,12.113333333333332,12.951666666666668,19.235,6,14.608333333333334,98.99166666666667,98.035,1.4283333333333337,0.03,0.990182867974991,-0.1397779952954739,69.30571761960326,30392.967741935485,0.0,67.6774193548387,1.0,0.0,77776.46451612902,32.776666666666664,78.02061558385023,77776.46451612902,0.0,23.042812,997.98004,2.36,0.0,0.0,0.0,6,spring,yeongheung_coal,1,0.0,77776.46451612902
2021-05-17,23180.840491248,23488.829394048,3035.975383152,12.731666666666667,12.858333333333334,15.836666666666666,6,12.836666666666666,99.17333333333332,165.125,0.4183333333333334,0.01,0.2567111075809319,-0.966488182671972,237.06772908366528,30392.967741935485,0.0,67.6774193548387,1.0,0.0,77776.46451612902,32.776666666666664,78.02061558385023,77776.46451612902,0.0,15.683774,1003.56903,7.77,0.0,0.0,0.0,0,spring,yeongheung_coal,1,0.0,77776.46451612902
2021-05-18,21230.559267120003,24054.477513119997,3239.4447574560004,11.506666666666668,12.92,16.351666666666667,6,12.363333333333337,95.25,199.37166666666667,0.6166666666666667,0.0,-0.3316946582954732,-0.9433867995993208,154.45945945945945,30392.967741935485,0.0,67.6774193548387,1.0,0.0,77776.46451612902,32.776666666666664,78.02061558385023,77776.46451612902,0.0,18.079027,1008.1081,23.3,0.0,0.0,0.0,1,spring,yeongheung_coal,1,0.0,77776.46451612902
2021-05-19,17709.06851712,20830.184056224,2641.31532216,11.093333333333334,12.968333333333334,17.959999999999997,6,16.336666666666666,69.13166666666667,206.23666666666668,0.8533333333333334,0.0,-0.4420799664808397,-0.8969756424988917,81.013671875,30392.967741935485,0.0,67.6774193548387,1.0,0.0,77776.46451612902,32.776666666666664,78.02061558385023,77776.46451612902,0.0,11.269782,1009.37103,26.84,0.0,0.0,0.0,2,spring,yeongheung_coal,1,0.0,77776.46451612902
2021-05-20,22435.12801512,24144.358042656,3337.490844,12.096666666666666,12.898333333333332,19.475,6,14.96,98.04333333333334,120.69833333333332,1.695,0.505,0.8598671223245692,-0.5105179056069085,57.842674532940016,30392.967741935485,0.0,67.6774193548387,1.0,0.0,77776.46451612902,32.776666666666664,78.02061558385023,77776.46451612902,0.0,32.36398,1003.8211,5.79,0.0,0.0,0.0,3,spring,yeongheung_coal,1,0.0,77776.46451612902
2021-05-21,23320.441784159997,24172.320789648,3210.1465033440004,12.513333333333334,12.858333333333334,15.318333333333332,6,13.385,97.14666666666666,182.09333333333333,0.695,0.005,-0.0365274313202333,-0.9993326507030308,139.77937649880096,30392.967741935485,0.0,67.6774193548387,1.0,0.0,77776.46451612902,32.776666666666664,78.02061558385023,77776.46451612902,0.0,24.503809,1003.00366,9.87,0.0,0.0,0.0,4,spring,yeongheung_coal,1,0.0,77776.46451612902
2021-05-22,20019.589041167997,21238.00887672,2516.9105784959997,12.44,13.171666666666669,15.626666666666669,6,13.653333333333334,96.59666666666668,234.675,0.775,0.0,-0.8158853744437911,-0.5782136765666435,124.64086021505378,30392.967741935485,0.0,67.6774193548387,1.0,0.0,77776.46451612902,32.776666666666664,78.02061558385023,77776.46451612902,0.0,19.06301,1008.32153,22.15,0.0,0.0,0.0,5,spring,yeongheung_coal,1,0.0,77776.46451612902
2021-05-23,19579.723649279997,21009.823366032,2497.412394288,12.198333333333332,13.053333333333336,16.955000000000002,6,15.641666666666667,89.55,206.41666666666663,0.7999999999999999,0.0,-0.4448957123590557,-0.8955823832147036,111.9375,30392.967741935485,0.0,67.6774193548387,1.0,0.0,77776.46451612902,32.776666666666664,78.02061558385023,77776.46451612902,0.0,12.287555,1008.67755,17.89,0.0,0.0,0.0,6,spring,yeongheung_coal,1,0.0,77776.46451612902
2021-05-24,16930.590130368,19387.96717752,2386.490897808,11.096666666666666,12.57,15.771666666666668,6,13.83,97.91833333333334,202.025,1.2983333333333331,0.0,-0.3750111180190087,-0.9270203133492454,75.41848523748396,30392.967741935485,0.0,67.6774193548387,1.0,0.0,77776.46451612902,32.776666666666664,78.02061558385023,77776.46451612902,0.0,23.499481,1005.7519,26.17,0.0,0.0,0.0,0,spring,yeongheung_coal,1,0.0,77776.46451612902
2021-05-25,16741.791494208,19406.198385072,3411.7027588799997,9.345,27.583333333333332,77.99666666666666,6,13.435,95.62833333333332,249.74333333333337,1.471666666666667,0.01,-0.9381510570234102,-0.3462262182531217,64.97961494903736,30392.967741935485,0.0,67.6774193548387,1.0,0.0,77776.46451612902,32.776666666666664,78.02061558385023,77776.46451612902,0.0,27.212759,1004.2542,24.86,0.0,0.0,0.0,1,spring,yeongheung_coal,1,0.0,77776.46451612902
2021-05-26,17749.0348524,19430.803067184,2342.35303632,10.143333333333333,30.761666666666667,36.538333333333334,6,16.655,80.32833333333333,245.98333333333335,2.911666666666666,0.0,-0.9134271041005084,-0.4070023654655569,27.588437321121926,30392.967741935485,0.0,67.6774193548387,1.0,0.0,77776.46451612902,32.776666666666664,78.02061558385023,77776.46451612902,0.0,40.691147,1004.2737,20.34,0.0,0.0,0.0,2,spring,yeongheung_coal,1,0.0,77776.46451612902
2021-05-27,17811.7763292,18574.971047568,2360.7417401280004,10.765,28.180000000000003,33.08833333333333,6,13.828333333333331,97.77666666666666,139.90166666666667,1.3966666666666667,0.01,0.6441013788272656,-0.7649401373916885,70.00715990453459,30392.967741935485,0.0,67.6774193548387,1.0,0.0,77776.46451612902,32.776666666666664,78.02061558385023,77776.46451612902,0.0,35.58359,998.72626,19.05,0.0,0.0,0.0,3,spring,yeongheung_coal,1,0.0,77776.46451612902
2021-05-28,16883.828493552,23963.970255120003,5222.427085008001,11.228333333333332,19.703333333333333,19.276666666666667,6,14.801666666666668,94.09833333333334,266.79333333333335,3.2416666666666667,0.01,-0.9984342622962376,-0.0559376784731711,29.02776349614396,30392.967741935485,0.0,67.6774193548387,1.0,0.0,77776.46451612902,32.776666666666664,78.02061558385023,77776.46451612902,0.0,36.792282,997.0772,12.66,0.0,0.0,0.0,4,spring,yeongheung_coal,1,0.0,77776.46451612902
2021-05-29,19147.256591616,20665.559986703996,2252.3650721279996,12.266666666666666,13.22,17.023333333333337,6,13.63,94.81666666666666,167.32500000000002,0.7433333333333333,0.0,0.2194205261945668,-0.9756303770816588,127.5560538116592,30392.967741935485,0.0,67.6774193548387,1.0,0.0,77776.46451612902,32.776666666666664,78.02061558385023,77776.46451612902,0.0,30.589407,1003.2458,14.7,0.0,0.0,0.0,5,spring,yeongheung_coal,1,0.0,77776.46451612902
2021-05-30,21152.735197344,22157.611527024,2518.015619088,12.211666666666666,12.788333333333334,26.096666666666668,6,16.468333333333334,97.145,112.585,1.63,0.45,0.923310793754123,-0.3840536136233214,59.59815950920245,30392.967741935485,0.0,67.6774193548387,1.0,0.0,77776.46451612902,32.776666666666664,78.02061558385023,77776.46451612902,0.0,26.089443,1005.9257,24.81,0.0,0.0,0.0,6,spring,yeongheung_coal,1,0.0,77776.46451612902
2021-05-31,18354.087386927997,19713.569010048,2260.995118848,11.848333333333334,12.733333333333334,31.173333333333336,6,17.758333333333333,78.835,198.41666666666663,1.005,0.01,-0.3159250404320111,-0.9487841529178448,78.44278606965175,30392.967741935485,0.0,67.6774193548387,1.0,0.0,77776.46451612902,32.776666666666664,78.02061558385023,77776.46451612902,0.0,22.66857,1007.5297,5.13,0.0,0.0,0.0,0,spring,yeongheung_coal,1,0.0,77776.46451612902
2021-06-01,17434.106199216,17776.655372736,4075.077222576,36.836666666666666,12.596666666666666,79.40666666666667,6,17.830000000000002,93.46333333333332,259.01166666666666,0.905,0.005,-0.9816660159581764,-0.1906091107812034,103.27440147329648,28453.566666666666,0.0,197.3,1.0,0.0,74039.35266666667,39.24666666666667,64.55540152507545,74039.35266666667,0.0,26.739542,1010.52905,13.87,0.0,0.0,0.0,1,summer,yeongheung_coal,1,0.0,74039.35266666667
2021-06-02,17516.440694304,19292.933825568,2562.766253855999,36.38666666666667,12.095,61.48166666666666,6,18.473333333333333,92.435,199.15,0.6166666666666667,0.0,-0.3280423977681216,-0.9446630008984904,149.8945945945946,28453.566666666666,0.0,197.3,1.0,0.0,74039.35266666667,39.24666666666667,64.55540152507545,74039.35266666667,0.0,13.276144,1009.9455,23.77,0.0,0.0,0.0,2,summer,yeongheung_coal,1,0.0,74039.35266666667
2021-06-03,20774.657745072,21377.523584448,2730.902275584,37.693333333333335,11.918333333333337,38.458333333333336,6,14.678333333333336,96.16,193.515,0.985,0.13,-0.2336999217028253,-0.9723087712224412,97.6243654822335,28453.566666666666,0.0,197.3,1.0,0.0,74039.35266666667,39.24666666666667,64.55540152507545,74039.35266666667,0.0,14.77755,1002.23065,3.12,0.0,0.0,0.0,3,summer,yeongheung_coal,1,0.0,74039.35266666667
2021-06-04,16860.238963488002,18022.519125648,2237.0930340479995,36.623333333333335,11.56,28.21166666666667,6,17.021666666666665,88.28166666666668,204.20666666666668,1.74,0.0,-0.4100291610611236,-0.912072413287186,50.73659003831418,28453.566666666666,0.0,197.3,1.0,0.0,74039.35266666667,39.24666666666667,64.55540152507545,74039.35266666667,0.0,34.614334,998.8443,27.36,0.0,0.0,0.0,4,summer,yeongheung_coal,1,0.0,74039.35266666667
2021-06-05,17975.375764128,18129.332388528,2299.3581384,37.5,11.588333333333331,32.24333333333333,6,8.229999999999999,81.98666666666666,169.17,1.4283333333333337,0.0,0.1878956132781664,-0.982189003456474,57.40023337222869,28453.566666666666,0.0,197.3,1.0,0.0,74039.35266666667,39.24666666666667,64.55540152507545,74039.35266666667,0.0,34.338036,997.92523,24.59,0.0,0.0,0.0,5,summer,yeongheung_coal,1,0.0,74039.35266666667
2021-06-06,16824.563340624,18174.10690368,2980.023519168,36.580000000000005,15.441666666666668,23.175,6,11.733333333333334,86.27499999999999,137.355,0.97,0.0,0.6774538901579773,-0.7355652430001184,88.94329896907216,28453.566666666666,0.0,197.3,1.0,0.0,74039.35266666667,39.24666666666667,64.55540152507545,74039.35266666667,0.0,19.813087,1003.20605,22.97,0.0,0.0,0.0,6,summer,yeongheung_coal,1,0.0,74039.35266666667
2021-06-07,20684.864125872,22207.382898048,4734.77489136,36.556666666666665,21.601666666666663,39.25,6,18.503333333333337,95.225,189.66333333333333,0.485,0.0,-0.1678585401703118,-0.9858110927007728,196.340206185567,28453.566666666666,0.0,197.3,1.0,0.0,74039.35266666667,39.24666666666667,64.55540152507545,74039.35266666667,0.0,16.394829,1010.2895,12.49,0.0,0.0,0.0,0,summer,yeongheung_coal,1,0.0,74039.35266666667
2021-06-08,18283.413652848,23649.389919648,3995.758051776,37.135,25.651666666666667,13.14,6,19.03833333333333,97.95666666666666,286.99666666666667,0.6349999999999999,0.0,-0.9563217638409436,0.2923160686725015,154.26246719160108,28453.566666666666,0.0,197.3,1.0,0.0,74039.35266666667,39.24666666666667,64.55540152507545,74039.35266666667,0.0,17.057314,1012.2403,18.5,0.0,0.0,0.0,1,summer,yeongheung_coal,1,0.0,74039.35266666667
2021-06-09,22976.843654592,26468.227524672,20156.938550496,36.355,16.75166666666667,21.885,6,20.233333333333334,81.83833333333332,233.32166666666663,0.6166666666666666,0.0,-0.8020015816520207,-0.5973219090470875,132.7108108108108,28453.566666666666,0.0,197.3,1.0,0.0,74039.35266666667,39.24666666666667,64.55540152507545,74039.35266666667,0.0,12.181624,1012.17163,20.09,0.0,0.0,0.0,2,summer,yeongheung_coal,1,0.0,74039.35266666667
2021-06-10,22736.414931984,21375.644632992,4883.051040768,23.87,13.146666666666668,193.58333333333337,6,9.85,81.45333333333333,121.175,4.493333333333333,0.91,0.8555902106518894,-0.5176537370063655,18.12759643916914,28453.566666666666,0.0,197.3,1.0,0.0,74039.35266666667,39.24666666666667,64.55540152507545,74039.35266666667,0.0,33.626774,1008.77783,8.57,0.0,0.0,0.0,3,summer,yeongheung_coal,1,0.0,74039.35266666667
2021-06-11,18256.704465887997,15572.446143984,17687.80741104,23.02333333333333,15.098333333333334,82.135,6,16.956666666666667,99.82833333333332,264.4066666666667,0.8716666666666666,0.01,-0.9952387475307996,-0.0974670991326066,114.52581261950286,28453.566666666666,0.0,197.3,1.0,0.0,74039.35266666667,39.24666666666667,64.55540152507545,74039.35266666667,0.0,47.820415,1006.8479,7.93,0.0,0.0,0.0,4,summer,yeongheung_coal,1,0.0,74039.35266666667
2021-06-12,21731.956021008005,17083.82422296,3839.193896832,17.84,11.985,35.791666666666664,6,14.88,92.36333333333332,241.15333333333336,0.505,0.0,-0.8759140073239594,-0.482467254612873,182.89768976897687,28453.566666666666,0.0,197.3,1.0,0.0,74039.35266666667,39.24666666666667,64.55540152507545,74039.35266666667,0.0,20.608229,1009.59735,25.29,0.0,0.0,0.0,5,summer,yeongheung_coal,1,0.0,74039.35266666667
2021-06-13,17335.44469008,17287.00153632,1918.644344784,11.298333333333332,11.278333333333334,16.986666666666668,6,15.373333333333331,99.66666666666669,213.215,0.7799999999999999,0.0,-0.547782269110348,-0.8366209330684466,127.7777777777778,28453.566666666666,0.0,197.3,1.0,0.0,74039.35266666667,39.24666666666667,64.55540152507545,74039.35266666667,0.0,15.463246,1006.6089,15.63,0.0,0.0,0.0,6,summer,yeongheung_coal,1,0.0,74039.35266666667
2021-06-14,21585.667598064,20069.721195408,2494.8987517440005,12.141666666666666,11.275,18.236666666666665,6,18.385,96.81333333333332,237.56166666666664,0.4233333333333333,0.0,-0.8439692454583624,-0.5363915666007832,228.69291338582676,28453.566666666666,0.0,197.3,1.0,0.0,74039.35266666667,39.24666666666667,64.55540152507545,74039.35266666667,0.0,15.856356,1003.7275,13.76,0.0,0.0,0.0,0,summer,yeongheung_coal,1,0.0,74039.35266666667
2021-06-15,21659.878886112,20268.146486304,2470.122940752,12.116666666666667,11.321666666666667,18.366666666666667,6,21.518333333333334,91.89666666666666,133.4466666666667,1.335,0.01,0.7260148061974236,-0.6876790684484423,68.83645443196005,28453.566666666666,0.0,197.3,1.0,0.0,74039.35266666667,39.24666666666667,64.55540152507545,74039.35266666667,0.0,16.171976,1001.37274,8.5,0.0,0.0,0.0,1,summer,yeongheung_coal,1,0.0,74039.35266666667
2021-06-16,21330.97091208,19760.886032831997,2486.7280627200003,12.115,11.208333333333334,18.485,6,22.475,74.015,90.82833333333332,2.3366666666666664,0.0,0.9998954973142914,-0.0144566403637202,31.675463623395153,28453.566666666666,0.0,197.3,1.0,0.0,74039.35266666667,39.24666666666667,64.55540152507545,74039.35266666667,0.0,22.862123,1002.229,23.22,0.0,0.0,0.0,2,summer,yeongheung_coal,1,0.0,74039.35266666667
2021-06-17,16797.804824736002,16670.285540639998,2929.6741485599996,9.3,21.291666666666668,93.32166666666666,6,18.506666666666664,98.62666666666668,207.335,0.9916666666666668,0.005,-0.459192294254056,-0.8883368938064524,99.45546218487397,28453.566666666666,0.0,197.3,1.0,0.0,74039.35266666667,39.24666666666667,64.55540152507545,74039.35266666667,0.0,20.68356,1003.3545,7.61,0.0,0.0,0.0,3,summer,yeongheung_coal,1,0.0,74039.35266666667
2021-06-18,18266.181922944004,16545.428281296,2376.611144208,10.07,17.941666666666666,35.49666666666666,6,9.028333333333332,81.91333333333334,225.41666666666663,1.0716666666666663,0.01,-0.7122302639075311,-0.7019459033103681,76.43545878693627,28453.566666666666,0.0,197.3,1.0,0.0,74039.35266666667,39.24666666666667,64.55540152507545,74039.35266666667,0.0,27.579382,998.85504,10.7,0.0,0.0,0.0,4,summer,yeongheung_coal,1,0.0,74039.35266666667
2021-06-19,14406.912827568,14594.826262896,3673.55661984,9.403333333333334,21.04,37.27166666666667,6,8.36,81.89999999999999,150.955,0.6933333333333334,0.0,0.4854963953599075,-0.8742386688385136,118.125,28453.566666666666,0.0,197.3,1.0,0.0,74039.35266666667,39.24666666666667,64.55540152507545,74039.35266666667,0.0,16.62249,998.5642,24.86,0.0,0.0,0.0,5,summer,yeongheung_coal,1,0.0,74039.35266666667
2021-06-20,14450.301932256,15372.9557892,4257.687515184,9.25,23.001666666666665,25.626666666666665,6,17.841666666666665,99.805,263.04833333333335,0.965,0.0,-0.9926486045007183,-0.1210320122231154,103.42487046632124,28453.566666666666,0.0,197.3,1.0,0.0,74039.35266666667,39.24666666666667,64.55540152507545,74039.35266666667,0.0,25.40743,998.1028,16.97,0.0,0.0,0.0,6,summer,yeongheung_coal,1,0.0,74039.35266666667
2021-06-21,17274.748742495998,17268.49813752,4698.679760208,9.553333333333333,21.168333333333333,22.93166666666667,6,17.138333333333332,96.84333333333336,221.19333333333336,0.58,0.0,-0.6586019082100187,-0.7524915458010955,166.97126436781616,28453.566666666666,0.0,197.3,1.0,0.0,74039.35266666667,39.24666666666667,64.55540152507545,74039.35266666667,0.0,19.33639,1001.6468,21.28,0.0,0.0,0.0,0,summer,yeongheung_coal,1,0.0,74039.35266666667
2021-06-22,16709.67101808,17796.251776608,12671.010463248002,10.293333333333337,18.88,17.471666666666668,6,19.47,93.23833333333334,206.85666666666663,0.6366666666666666,0.0,-0.4517601051756112,-0.8921394551143451,146.44764397905763,28453.566666666666,0.0,197.3,1.0,0.0,74039.35266666667,39.24666666666667,64.55540152507545,74039.35266666667,0.0,21.370783,1005.59467,11.47,0.0,0.0,0.0,1,summer,yeongheung_coal,1,0.0,74039.35266666667
2021-06-23,17554.321774368,24451.045626816,4806.887409792001,10.553333333333333,16.47833333333333,25.973333333333333,6,19.07,97.51,198.13,0.7183333333333333,0.0,-0.3111740758944054,-0.9503529315424154,135.74477958236662,28453.566666666666,0.0,197.3,1.0,0.0,74039.35266666667,39.24666666666667,64.55540152507545,74039.35266666667,0.0,22.218153,1007.2541,22.33,0.0,0.0,0.0,2,summer,yeongheung_coal,1,0.0,74039.35266666667
2021-06-24,12889.263350304,14603.01968376,2179.275072192,8.493333333333334,9.571666666666667,89.01333333333334,6,9.071666666666667,81.43666666666667,247.1,0.5033333333333333,0.0,-0.9211854055657216,-0.3891239501402056,161.79470198675497,28453.566666666666,0.0,197.3,1.0,0.0,74039.35266666667,39.24666666666667,64.55540152507545,74039.35266666667,0.0,15.273505,1008.76953,18.08,0.0,0.0,0.0,3,summer,yeongheung_coal,1,0.0,74039.35266666667
2021-06-25,11787.269036688,14665.614751872,1597.24525032,7.75,9.59,32.15333333333333,6,21.043333333333333,96.52166666666666,163.44500000000002,0.3783333333333333,0.0,0.2849356145789565,-0.9585466579903724,255.1233480176211,28453.566666666666,0.0,197.3,1.0,0.0,74039.35266666667,39.24666666666667,64.55540152507545,74039.35266666667,0.0,10.028439,1008.3499,20.25,0.0,0.0,0.0,4,summer,yeongheung_coal,1,0.0,74039.35266666667
2021-06-26,12434.531410656,14867.920155168,1696.919945184,8.15,9.7,32.041666666666664,6,12.245,84.42,203.35666666666663,0.68,0.01,-0.3964536707183462,-0.9180547298358356,124.1470588235294,28453.566666666666,0.0,197.3,1.0,0.0,74039.35266666667,39.24666666666667,64.55540152507545,74039.35266666667,0.0,15.175612,1007.72144,11.28,0.0,0.0,0.0,5,summer,yeongheung_coal,1,0.0,74039.35266666667
2021-06-27,11732.770639008,14838.106006368,1697.799445488,7.613333333333333,9.635,41.59666666666667,6,20.841666666666665,96.29,242.64333333333332,0.7616666666666667,0.0,-0.888163184582998,-0.4595281901596323,126.42013129102844,28453.566666666666,0.0,197.3,1.0,0.0,74039.35266666667,39.24666666666667,64.55540152507545,74039.35266666667,0.0,13.358861,1004.94916,22.35,0.0,0.0,0.0,6,summer,yeongheung_coal,1,0.0,74039.35266666667
2021-06-28,11218.983616656,15081.244832304,2544.1827863040003,7.233333333333333,11.068333333333332,25.998333333333335,6,21.346666666666668,96.80333333333334,241.26333333333332,1.0016666666666667,0.005,-0.8768386631363791,-0.4807847323170811,96.64226289517472,28453.566666666666,0.0,197.3,1.0,0.0,74039.35266666667,39.24666666666667,64.55540152507545,74039.35266666667,0.0,15.021105,1002.679,11.12,0.0,0.0,0.0,0,summer,yeongheung_coal,1,0.0,74039.35266666667
2021-06-29,14508.748885392002,17213.231617632,4073.591852784,9.396666666666668,14.338333333333331,15.144999999999998,6,20.543333333333333,97.66666666666669,223.18,0.4366666666666667,0.0,-0.6842926061750167,-0.7292075350229202,223.6641221374046,28453.566666666666,0.0,197.3,1.0,0.0,74039.35266666667,39.24666666666667,64.55540152507545,74039.35266666667,0.0,17.076298,1002.9109,21.02,0.0,0.0,0.0,1,summer,yeongheung_coal,1,0.0,74039.35266666667
2021-06-30,19998.801490752005,24215.67690624,5475.856792463999,12.725,16.926666666666666,5.958333333333333,6,21.05333333333333,96.85666666666668,257.15833333333336,0.8816666666666667,0.0,-0.9749879818520472,-0.2222575875961759,109.85633270321362,28453.566666666666,0.0,197.3,1.0,0.0,74039.35266666667,39.24666666666667,64.55540152507545,74039.35266666667,0.0,14.05845,1004.5317,10.88,0.0,0.0,0.0,2,summer,yeongheung_coal,1,0.0,74039.35266666667
2021-07-01,20791.209375215996,24240.886538831997,2815.442630064,13.231666666666667,15.358333333333334,1.7700000000000002,6,22.771666666666665,88.02833333333335,259.5266666666667,1.4233333333333331,0.0,-0.983339617331018,-0.1817778781570712,61.84660421545669,38014.87096774193,0.0,134.83870967741936,1.0,0.0,100189.16870967744,39.55,82.56153422884812,100189.16870967744,0.0,18.844202,1004.2453,24.4,0.0,0.0,0.0,3,summer,yeongheung_coal,1,0.0,100189.16870967744
2021-07-02,23143.505081472,24312.271871663997,2851.953504912,14.641666666666666,15.353333333333332,1.79,6,25.146666666666665,80.015,144.24,1.1866666666666668,0.0,0.5843913031191721,-0.8114719988013609,67.42837078651685,38014.87096774193,0.0,134.83870967741936,1.0,0.0,100189.16870967744,39.55,82.56153422884812,100189.16870967744,0.0,19.93048,1005.48755,21.27,0.0,0.0,0.0,4,summer,yeongheung_coal,1,0.0,100189.16870967744
2021-07-03,23853.07874304,24077.518856352,2712.08530008,15.18,15.343333333333334,1.715,6,11.068333333333332,81.97833333333334,102.39,3.925,0.665,0.9767097418432024,-0.2145648624276237,20.886199575371553,38014.87096774193,0.0,134.83870967741936,1.0,0.0,100189.16870967744,39.55,82.56153422884812,100189.16870967744,0.0,51.085762,1003.14886,7.74,0.0,0.0,0.0,5,summer,yeongheung_coal,1,0.0,100189.16870967744
2021-07-04,23805.946760976,24149.066004,2845.40746248,15.138333333333334,15.36,1.795,6,10.353333333333332,81.21,252.92166666666665,1.12,0.01,-0.9559041391785508,-0.293678866623586,72.50892857142856,38014.87096774193,0.0,134.83870967741936,1.0,0.0,100189.16870967744,39.55,82.56153422884812,100189.16870967744,0.0,42.626186,999.35565,9.11,0.0,0.0,0.0,6,summer,yeongheung_coal,1,0.0,100189.16870967744
2021-07-05,26149.270359600003,26328.811867776,3227.299826832,15.176666666666668,15.256666666666666,1.8583333333333336,6,21.513333333333335,97.795,258.30833333333334,0.7633333333333333,0.0,-0.9792522944809716,-0.2026448710275015,128.11572052401746,38014.87096774193,0.0,134.83870967741936,1.0,0.0,100189.16870967744,39.55,82.56153422884812,100189.16870967744,0.0,15.905319,1007.0115,17.84,0.0,0.0,0.0,0,summer,yeongheung_coal,1,0.0,100189.16870967744
2021-07-06,20335.799255616,23860.044778464,2800.2327708959997,13.07,15.26,1.775,6,12.961666666666668,81.44166666666666,133.30666666666667,0.4233333333333333,0.0,0.7276929541420346,-0.6859030284902078,192.38188976377955,38014.87096774193,0.0,134.83870967741936,1.0,0.0,100189.16870967744,39.55,82.56153422884812,100189.16870967744,0.0,19.681828,1004.49805,14.74,0.0,0.0,0.0,1,summer,yeongheung_coal,1,0.0,100189.16870967744
2021-07-07,21948.586854624,24328.464761376,2901.309907824,13.743333333333332,15.146666666666668,1.7916666666666667,6,12.263333333333334,82.70333333333333,256.55333333333334,0.41,0.675,-0.972586799914826,-0.2325401398284561,201.71544715447155,38014.87096774193,0.0,134.83870967741936,1.0,0.0,100189.16870967744,39.55,82.56153422884812,100189.16870967744,0.0,10.30883,1004.7847,10.98,0.0,0.0,0.0,2,summer,yeongheung_coal,1,0.0,100189.16870967744
2021-07-08,24509.294827056,24605.748019151997,3004.259985072,15.263333333333334,15.236666666666666,1.8433333333333335,6,13.893333333333333,83.62166666666667,171.63833333333332,0.1666666666666666,0.01,0.1454211303063843,-0.9893698473576064,501.7300000000002,38014.87096774193,0.0,134.83870967741936,1.0,0.0,100189.16870967744,39.55,82.56153422884812,100189.16870967744,0.0,14.332341,1002.6936,8.99,0.0,0.0,0.0,3,summer,yeongheung_coal,1,0.0,100189.16870967744
2021-07-09,22067.758372752,24176.5198056,3074.23378584,14.036666666666669,15.305,1.9316666666666664,6,12.471666666666666,81.74666666666667,206.78833333333333,0.3733333333333333,0.005,-0.450695781460719,-0.8926776084194741,218.96428571428575,38014.87096774193,0.0,134.83870967741936,1.0,0.0,100189.16870967744,39.55,82.56153422884812,100189.16870967744,0.0,11.5199995,1002.8653,21.35,0.0,0.0,0.0,4,summer,yeongheung_coal,1,0.0,100189.16870967744
2021-07-10,23897.274844752,26934.92091576,3631.802248368,13.583333333333334,15.238333333333337,2.0383333333333336,6,13.338333333333331,82.10666666666667,237.4466666666667,0.355,0.01,-0.8428909393136881,-0.5380844398631953,231.28638497652585,38014.87096774193,0.0,134.83870967741936,1.0,0.0,100189.16870967744,39.55,82.56153422884812,100189.16870967744,0.0,19.914215,1004.5559,16.21,0.0,0.0,0.0,5,summer,yeongheung_coal,1,0.0,100189.16870967744
2021-07-11,18871.521485184003,23537.913614208,2940.784808976,12.31,15.223333333333334,1.8766666666666667,6,13.628333333333332,81.97833333333334,193.41666666666663,0.245,0.01,-0.2320308627180275,-0.9727084243216608,334.6054421768708,38014.87096774193,0.0,134.83870967741936,1.0,0.0,100189.16870967744,39.55,82.56153422884812,100189.16870967744,0.0,19.137648,1006.72046,8.39,0.0,0.0,0.0,6,summer,yeongheung_coal,1,0.0,100189.16870967744
2021-07-12,21345.476483376,24541.619950656,3293.0970095519997,13.534999999999998,15.373333333333331,2.018333333333333,6,25.045,97.98833333333334,189.91,0.2833333333333334,0.0,-0.1721010316722415,-0.9850793038620548,345.8411764705882,38014.87096774193,0.0,134.83870967741936,1.0,0.0,100189.16870967744,39.55,82.56153422884812,100189.16870967744,0.0,13.797912,1006.9978,18.71,0.0,0.0,0.0,0,summer,yeongheung_coal,1,0.0,100189.16870967744
2021-07-13,25427.263996944,26970.833868624,3962.567385072,14.563333333333333,15.316666666666668,2.2333333333333334,6,25.205,97.13333333333333,191.4,0.6533333333333333,0.0,-0.197657340379126,-0.980271174621722,148.6734693877551,38014.87096774193,0.0,134.83870967741936,1.0,0.0,100189.16870967744,39.55,82.56153422884812,100189.16870967744,0.0,20.008356,1006.39996,12.41,0.0,0.0,0.0,1,summer,yeongheung_coal,1,0.0,100189.16870967744
2021-07-14,22137.917979456,26191.297782288,3670.217884944,13.043333333333331,15.506666666666668,2.1683333333333334,6,26.023333333333337,93.45,149.38833333333335,0.2233333333333333,0.0,0.5092166709907204,-0.8606383572588014,418.4328358208956,38014.87096774193,0.0,134.83870967741936,1.0,0.0,100189.16870967744,39.55,82.56153422884812,100189.16870967744,0.0,24.184391,1008.80743,14.26,0.0,0.0,0.0,2,summer,yeongheung_coal,1,0.0,100189.16870967744
2021-07-15,24071.48388792,29026.258746336,3878.803243296,13.725,16.39,2.1883333333333335,6,18.811666666666667,87.17,249.56166666666664,0.595,0.0,-0.9370485700905729,-0.3491990511029673,146.50420168067228,38014.87096774193,0.0,134.83870967741936,1.0,0.0,100189.16870967744,39.55,82.56153422884812,100189.16870967744,0.0,14.512064,1011.6282,18.36,0.0,0.0,0.0,3,summer,yeongheung_coal,1,0.0,100189.16870967744
2021-07-16,19546.911541008,26118.759174479997,6279.195470112,11.651666666666666,15.706666666666663,3.931666666666666,6,23.435,96.93,205.45,1.055,0.01,-0.4297232787322058,-0.9029606324284812,91.87677725118483,38014.87096774193,0.0,134.83870967741936,1.0,0.0,100189.16870967744,39.55,82.56153422884812,100189.16870967744,0.0,12.074766,1011.893,22.09,0.0,0.0,0.0,4,summer,yeongheung_coal,1,0.0,100189.16870967744
2021-07-17,15351.51667896,17921.940567408,3636.10955376,9.875,12.488333333333337,18.92,6,18.81,87.22166666666665,192.58333333333337,0.565,0.005,-0.2178593494926603,-0.9759801759455132,154.37463126843656,38014.87096774193,0.0,134.83870967741936,1.0,0.0,100189.16870967744,39.55,82.56153422884812,100189.16870967744,0.0,19.164717,1009.5576,13.96,0.0,0.0,0.0,5,summer,yeongheung_coal,1,0.0,100189.16870967744
2021-07-18,15920.390907216,22126.493581487997,3690.985304592,10.618333333333334,16.686666666666667,3.2883333333333336,6,16.77,85.61500000000001,196.705,0.2933333333333333,0.01,-0.2874441045363416,-0.9577974142621708,291.86931818181824,38014.87096774193,0.0,134.83870967741936,1.0,0.0,100189.16870967744,39.55,82.56153422884812,100189.16870967744,0.0,20.620804,1008.57355,19.26,0.0,0.0,0.0,6,summer,yeongheung_coal,1,0.0,100189.16870967744
2021-07-19,23583.527861616,26897.721269184003,3651.933442032,13.52,15.366666666666667,2.0766666666666667,6,24.813333333333333,96.14333333333332,234.58333333333337,0.5533333333333333,0.0,-0.8149592551819882,-0.5795182588954546,173.75301204819274,38014.87096774193,0.0,134.83870967741936,1.0,0.0,100189.16870967744,39.55,82.56153422884812,100189.16870967744,0.0,17.49615,1010.258,8.94,0.0,0.0,0.0,0,summer,yeongheung_coal,1,0.0,100189.16870967744
2021-07-20,24047.976779712004,25350.300154367997,3258.7230744,14.568333333333332,15.541666666666666,1.9983333333333333,6,26.141666666666666,92.705,206.66,0.86,0.0,-0.4486951982834715,-0.8936848544298802,107.79651162790698,38014.87096774193,0.0,134.83870967741936,1.0,0.0,100189.16870967744,39.55,82.56153422884812,100189.16870967744,0.0,12.387348,1011.68695,16.87,0.0,0.0,0.0,1,summer,yeongheung_coal,1,0.0,100189.16870967744
2021-07-21,22547.972500127995,24463.83275856,3004.3389461760003,14.081666666666663,15.656666666666666,1.9216666666666664,6,26.268333333333334,96.235,173.09666666666666,0.715,0.0,0.1201945949122714,-0.9927503509714188,134.5944055944056,38014.87096774193,0.0,134.83870967741936,1.0,0.0,100189.16870967744,39.55,82.56153422884812,100189.16870967744,0.0,11.966954,1010.28076,25.6,0.0,0.0,0.0,2,summer,yeongheung_coal,1,0.0,100189.16870967744
2021-07-22,23981.872570848,24466.612913424,3124.5947981279996,15.025,15.628333333333336,1.985,6,25.633333333333336,91.02,182.205,0.5,0.0,-0.0384750110811616,-0.9992595626374082,182.04,38014.87096774193,0.0,134.83870967741936,1.0,0.0,100189.16870967744,39.55,82.56153422884812,100189.16870967744,0.0,20.991426,1008.5162,25.71,0.0,0.0,0.0,3,summer,yeongheung_coal,1,0.0,100189.16870967744
2021-07-23,22831.173006048,21935.857074048003,8372.113919856,14.611666666666666,14.273333333333332,9.576666666666666,6,25.665000000000003,91.75333333333332,230.175,0.5866666666666667,0.0,-0.7680041499214677,-0.6404448654672811,156.39772727272725,38014.87096774193,0.0,134.83870967741936,1.0,0.0,100189.16870967744,39.55,82.56153422884812,100189.16870967744,0.0,19.881649,1006.82916,25.93,0.0,0.0,0.0,4,summer,yeongheung_coal,1,0.0,100189.16870967744
2021-07-24,16663.253743872,18121.260294720003,2557.5966646559996,10.683333333333332,11.556666666666668,72.86833333333334,6,26.52,88.105,226.83833333333337,0.94,0.0,-0.7294264556045728,-0.684059241487278,93.72872340425532,38014.87096774193,0.0,134.83870967741936,1.0,0.0,100189.16870967744,39.55,82.56153422884812,100189.16870967744,0.0,18.844202,1005.5733,24.74,0.0,0.0,0.0,5,summer,yeongheung_coal,1,0.0,100189.16870967744
2021-07-25,18136.975548815997,19002.657991248,8102.457389088001,11.785000000000002,14.116666666666667,20.860000000000003,6,25.545,91.2,175.34666666666666,0.7399999999999999,0.0,0.0811267333616446,-0.9967037940803016,123.24324324324328,38014.87096774193,0.0,134.83870967741936,1.0,0.0,100189.16870967744,39.55,82.56153422884812,100189.16870967744,0.0,24.458813,1003.79913,24.95,0.0,0.0,0.0,6,summer,yeongheung_coal,1,0.0,100189.16870967744
2021-07-26,26696.556069408,27485.495962416,3437.98456392,15.246666666666668,15.656666666666666,1.9533333333333336,6,26.513333333333335,78.45833333333333,237.1266666666667,1.0916666666666666,0.0,-0.8398725784557728,-0.5427836143050485,71.8702290076336,38014.87096774193,0.0,134.83870967741936,1.0,0.0,100189.16870967744,39.55,82.56153422884812,100189.16870967744,0.0,27.36947,1001.8548,25.86,0.0,0.0,0.0,0,summer,yeongheung_coal,1,0.0,100189.16870967744
2021-07-27,26231.052522096,29141.472893616,3369.348883728,14.788333333333334,16.31833333333333,1.8833333333333335,6,25.71666666666667,93.56833333333331,230.17,0.5499999999999999,0.0,-0.7679482576392959,-0.6405118840339886,170.1242424242424,38014.87096774193,0.0,134.83870967741936,1.0,0.0,100189.16870967744,39.55,82.56153422884812,100189.16870967744,0.0,21.407139,1000.4411,23.8,0.0,0.0,0.0,1,summer,yeongheung_coal,1,0.0,100189.16870967744
2021-07-28,29076.402193056,29460.043051056,3433.40693208,16.388333333333332,16.526666666666667,1.9233333333333331,6,25.746666666666663,97.27833333333332,236.92,0.3666666666666667,0.0,-0.8379092911252509,-0.5458095087537221,265.3045454545454,38014.87096774193,0.0,134.83870967741936,1.0,0.0,100189.16870967744,39.55,82.56153422884812,100189.16870967744,0.0,16.548256,1000.06635,22.24,0.0,0.0,0.0,2,summer,yeongheung_coal,1,0.0,100189.16870967744
2021-07-29,27877.833013824,29666.136178368,3574.390266576,15.685,16.581666666666667,1.995,6,14.075,80.79333333333334,220.8733333333333,0.2816666666666667,0.0,-0.6543889526374451,-0.7561581175032558,286.84023668639054,38014.87096774193,0.0,134.83870967741936,1.0,0.0,100189.16870967744,39.55,82.56153422884812,100189.16870967744,0.0,15.463244,999.44684,14.25,0.0,0.0,0.0,3,summer,yeongheung_coal,1,0.0,100189.16870967744
2021-07-30,27980.219851056,29273.1874812,3547.9416978719996,15.79,16.418333333333333,1.9883333333333333,6,27.368333333333336,95.46666666666664,232.15666666666667,1.5733333333333333,0.0,-0.7896912391032687,-0.6135044799213322,60.6779661016949,38014.87096774193,0.0,134.83870967741936,1.0,0.0,100189.16870967744,39.55,82.56153422884812,100189.16870967744,0.0,27.691935,997.6451,20.22,0.0,0.0,0.0,4,summer,yeongheung_coal,1,0.0,100189.16870967744
2021-07-31,22243.017103344,26595.658991375996,2932.45599672,13.878333333333332,16.51,1.815,6,15.656666666666666,80.58333333333333,182.78333333333333,0.3966666666666666,0.0,-0.04855922680488,-0.9988203049057984,203.1512605042017,38014.87096774193,0.0,134.83870967741936,1.0,0.0,100189.16870967744,39.55,82.56153422884812,100189.16870967744,0.0,25.509243,997.8381,20.93,0.0,0.0,0.0,5,summer,yeongheung_coal,1,0.0,100189.16870967744
2021-08-01,24072.213231648,26762.429985264007,26441.847132624003,23.698333333333338,23.751666666666665,49.31333333333333,6,14.186666666666667,81.64,217.21333333333337,1.4733333333333334,0.505,-0.6047844594187112,-0.7963891998549562,55.41176470588235,38661.32258064516,0.0,20.129032258064516,1.0,0.0,100565.8612903226,39.623333333333335,82.51186307846338,100565.8612903226,0.0,20.431387,997.8217,3.96,0.0,0.0,0.0,6,summer,yeongheung_coal,1,0.0,100565.8612903226
2021-08-02,23234.524117343997,31194.086356656,3173.663316672,14.511666666666663,19.966666666666665,1.9916666666666665,6,13.533333333333331,81.93,193.16833333333332,0.4716666666666667,0.005,-0.2278127502778155,-0.9737049608638428,173.70318021201413,38661.32258064516,0.0,20.129032258064516,1.0,0.0,100565.8612903226,39.623333333333335,82.51186307846338,100565.8612903226,0.0,21.38897,1000.071,9.8,0.0,0.0,0.0,0,summer,yeongheung_coal,1,0.0,100565.8612903226
2021-08-03,23557.725315072,26995.13838144,2875.0734698399997,14.39,16.44,1.745,6,26.186666666666667,96.89833333333333,195.5533333333333,0.27,0.0,-0.2681352481283878,-0.9633812789914116,358.8827160493827,38661.32258064516,0.0,20.129032258064516,1.0,0.0,100565.8612903226,39.623333333333335,82.51186307846338,100565.8612903226,0.0,11.525623,1004.51154,20.69,0.0,0.0,0.0,1,summer,yeongheung_coal,1,0.0,100565.8612903226
2021-08-04,24383.43280008,27653.479713216,3132.680060592,14.778333333333334,16.69666666666667,1.8883333333333336,6,14.73,81.08,209.51166666666663,0.3516666666666666,0.0,-0.4926007732403608,-0.8702554097522167,230.55924170616117,38661.32258064516,0.0,20.129032258064516,1.0,0.0,100565.8612903226,39.623333333333335,82.51186307846338,100565.8612903226,0.0,17.339897,1006.1447,19.35,0.0,0.0,0.0,2,summer,yeongheung_coal,1,0.0,100565.8612903226
2021-08-05,25347.156934032,27664.30409976,3053.158198416,15.335,16.658333333333335,1.835,6,24.97,95.32,221.17,0.45,0.0,-0.658295406319916,-0.7527596947353762,211.8222222222222,38661.32258064516,0.0,20.129032258064516,1.0,0.0,100565.8612903226,39.623333333333335,82.51186307846338,100565.8612903226,0.0,14.021525,1003.971,19.13,0.0,0.0,0.0,3,summer,yeongheung_coal,1,0.0,100565.8612903226
2021-08-06,24783.840586368,27538.02157032,2911.177907712,15.015,16.583333333333332,1.75,6,24.635,93.50333333333332,253.09333333333333,0.6833333333333332,0.0,-0.956779752844608,-0.2908135219459554,136.8341463414634,38661.32258064516,0.0,20.129032258064516,1.0,0.0,100565.8612903226,39.623333333333335,82.51186307846338,100565.8612903226,0.0,28.694056,1001.6663,13.99,0.0,0.0,0.0,4,summer,yeongheung_coal,1,0.0,100565.8612903226
2021-08-07,23117.466443616,27093.360349296,2888.483745024,14.486666666666666,16.904999999999998,1.7933333333333332,6,24.18166666666667,94.70166666666668,239.28166666666667,0.7399999999999999,0.0,-0.859688865575223,-0.5108180247465688,127.97522522522527,38661.32258064516,0.0,20.129032258064516,1.0,0.0,100565.8612903226,39.623333333333335,82.51186307846338,100565.8612903226,0.0,20.172853,1001.08685,23.31,0.0,0.0,0.0,5,summer,yeongheung_coal,1,0.0,100565.8612903226
2021-08-08,22933.02790728,27050.919771024,3061.9269819359997,14.373333333333331,16.858333333333334,1.8966666666666667,6,25.23,95.85333333333334,162.645,0.7133333333333334,0.01,0.298291241499988,-0.95447490026946,134.37383177570092,38661.32258064516,0.0,20.129032258064516,1.0,0.0,100565.8612903226,39.623333333333335,82.51186307846338,100565.8612903226,0.0,21.485697,1000.6585,18.53,0.0,0.0,0.0,6,summer,yeongheung_coal,1,0.0,100565.8612903226
2021-08-09,26808.806290608,29794.433076,3715.667016336,15.041666666666666,16.631666666666668,2.07,6,26.03,96.58,175.44333333333336,0.6699999999999999,0.0,0.0794450282854699,-0.9968392485655452,144.1492537313433,38661.32258064516,0.0,20.129032258064516,1.0,0.0,100565.8612903226,39.623333333333335,82.51186307846338,100565.8612903226,0.0,20.883102,1000.8394,22.26,0.0,0.0,0.0,0,summer,yeongheung_coal,1,0.0,100565.8612903226
2021-08-10,25726.215521952003,29232.815635872004,3366.764694576,14.678333333333333,16.565,1.905,6,13.926666666666668,80.96666666666667,187.04,0.3616666666666666,0.0,-0.1225622415830066,-0.9924608289187784,223.87096774193552,38661.32258064516,0.0,20.129032258064516,1.0,0.0,100565.8612903226,39.623333333333335,82.51186307846338,100565.8612903226,0.0,25.630886,1004.6218,22.42,0.0,0.0,0.0,1,summer,yeongheung_coal,1,0.0,100565.8612903226
2021-08-11,26726.241434832,29117.80974888,3345.474943584,15.146666666666668,16.41,1.88,6,24.576666666666668,96.335,181.43,0.7599999999999999,0.005,-0.0249556172556384,-0.9996885600862851,126.75657894736842,38661.32258064516,0.0,20.129032258064516,1.0,0.0,100565.8612903226,39.623333333333335,82.51186307846338,100565.8612903226,0.0,18.584509,1007.34375,23.61,0.0,0.0,0.0,2,summer,yeongheung_coal,1,0.0,100565.8612903226
2021-08-12,26716.846580208,28251.517052304003,3308.583147696,15.160000000000002,15.926666666666668,1.8616666666666664,6,25.15833333333333,98.135,195.36666666666667,0.82,0.0,-0.264995184607643,-0.9642497353563344,119.67682926829268,38661.32258064516,0.0,20.129032258064516,1.0,0.0,100565.8612903226,39.623333333333335,82.51186307846338,100565.8612903226,0.0,16.923828,1007.00775,17.09,0.0,0.0,0.0,3,summer,yeongheung_coal,1,0.0,100565.8612903226
2021-08-13,27391.319209296,27932.402381184,3630.499840224,15.528333333333334,15.745,2.0416666666666665,6,25.526666666666667,94.67166666666668,158.75333333333333,0.6983333333333334,0.0,0.3623838156504601,-0.9320289534958736,135.56801909307876,38661.32258064516,0.0,20.129032258064516,1.0,0.0,100565.8612903226,39.623333333333335,82.51186307846338,100565.8612903226,0.0,15.9134655,1003.85236,13.2,0.0,0.0,0.0,4,summer,yeongheung_coal,1,0.0,100565.8612903226
2021-08-14,23732.747534448,25432.699104144,3156.534252288,15.016666666666666,15.993333333333334,1.9733333333333336,6,25.383333333333336,74.96666666666667,93.71666666666664,1.515,0.0,0.9978968043651062,-0.0648225874052315,49.48294829482949,38661.32258064516,0.0,20.129032258064516,1.0,0.0,100565.8612903226,39.623333333333335,82.51186307846338,100565.8612903226,0.0,27.086262,1004.8509,15.27,0.0,0.0,0.0,5,summer,yeongheung_coal,1,0.0,100565.8612903226
2021-08-15,24524.74547424,25328.38545936,2862.9671129280005,15.55,16.021666666666665,1.8016666666666667,6,24.998333333333335,96.625,168.10333333333332,0.7133333333333334,0.0,0.2061472577025307,-0.978520979919044,135.4556074766355,38661.32258064516,0.0,20.129032258064516,1.0,0.0,100565.8612903226,39.623333333333335,82.51186307846338,100565.8612903226,0.0,21.626984,1010.76337,24.65,0.0,0.0,0.0,6,summer,yeongheung_coal,1,0.0,100565.8612903226
2021-08-16,23719.729771872,25423.748059248,2784.1079459519997,15.071666666666667,16.05333333333333,1.755,6,24.570000000000004,90.31166666666668,143.61166666666665,1.135,0.0,0.5932549804223068,-0.8050146136587387,79.5697503671072,38661.32258064516,0.0,20.129032258064516,1.0,0.0,100565.8612903226,39.623333333333335,82.51186307846338,100565.8612903226,0.0,30.563978,1011.62573,22.54,0.0,0.0,0.0,0,summer,yeongheung_coal,1,0.0,100565.8612903226
2021-08-17,24262.647891983997,25915.975919999997,2763.179155584,15.063333333333333,15.951666666666666,1.6933333333333334,6,23.316666666666663,93.05,64.89166666666667,1.633333333333333,0.01,0.905507092128062,0.4243311279010551,56.96938775510205,38661.32258064516,0.0,20.129032258064516,1.0,0.0,100565.8612903226,39.623333333333335,82.51186307846338,100565.8612903226,0.0,24.187069,1007.939,21.47,0.0,0.0,0.0,1,summer,yeongheung_coal,1,0.0,100565.8612903226
2021-08-18,22507.694444736004,25779.679687296,2769.346129824,13.995,15.886666666666663,1.7000000000000002,6,24.358333333333334,80.65666666666667,89.70166666666667,1.788333333333333,0.01,0.9999864441323668,0.0052068754070842,45.10158434296366,38661.32258064516,0.0,20.129032258064516,1.0,0.0,100565.8612903226,39.623333333333335,82.51186307846338,100565.8612903226,0.0,24.442911,1007.63544,15.36,0.0,0.0,0.0,2,summer,yeongheung_coal,1,0.0,100565.8612903226
2021-08-19,22494.795789312,25994.057275008,2919.4772600159995,13.648333333333332,15.625,1.745,6,23.116666666666664,96.17333333333332,199.86833333333337,1.1283333333333334,0.01,-0.3398598126678291,-0.9404761069444496,85.2348596750369,38661.32258064516,0.0,20.129032258064516,1.0,0.0,100565.8612903226,39.623333333333335,82.51186307846338,100565.8612903226,0.0,23.042812,1008.98285,18.64,0.0,0.0,0.0,3,summer,yeongheung_coal,1,0.0,100565.8612903226
2021-08-20,24378.70186296,26161.167169872,2893.60061568,14.613333333333337,15.601666666666668,1.715,6,25.065,94.1,112.835,1.29,0.01,0.9216262598026652,-0.3880786482688144,72.94573643410853,38661.32258064516,0.0,20.129032258064516,1.0,0.0,100565.8612903226,39.623333333333335,82.51186307846338,100565.8612903226,0.0,23.83624,1008.8204,16.58,0.0,0.0,0.0,4,summer,yeongheung_coal,1,0.0,100565.8612903226
2021-08-21,23273.247965328,24830.850985632,2733.7234464,14.791666666666666,15.748333333333331,1.7283333333333335,6,23.876666666666665,94.48666666666668,263.37833333333333,2.1566666666666667,0.01,-0.993329230554445,-0.1153127908174724,43.81143740340031,38661.32258064516,0.0,20.129032258064516,1.0,0.0,100565.8612903226,39.623333333333335,82.51186307846338,100565.8612903226,0.0,79.08209,999.8118,8.67,0.0,0.0,0.0,5,summer,yeongheung_coal,1,0.0,100565.8612903226
2021-08-22,24848.520746976,25753.677901344,2757.566574432,15.293333333333337,15.701666666666666,1.6616666666666668,6,12.165,81.815,195.25833333333333,0.6483333333333333,0.005,-0.2631715343035866,-0.964749057285,126.19280205655528,38661.32258064516,0.0,20.129032258064516,1.0,0.0,100565.8612903226,39.623333333333335,82.51186307846338,100565.8612903226,0.0,37.936893,1005.0093,16.72,0.0,0.0,0.0,6,summer,yeongheung_coal,1,0.0,100565.8612903226
2021-08-23,27102.017486015997,27510.8852484,2928.094791408,15.438333333333333,15.586666666666666,1.6516666666666666,6,22.64833333333333,95.58833333333332,101.00833333333333,2.5833333333333335,0.01,0.981599421021666,-0.190951765244341,37.00193548387096,38661.32258064516,0.0,20.129032258064516,1.0,0.0,100565.8612903226,39.623333333333335,82.51186307846338,100565.8612903226,0.0,36.702347,1005.92993,6.93,0.0,0.0,0.0,0,summer,yeongheung_coal,1,0.0,100565.8612903226
2021-08-24,26836.608765888,27785.249199936003,2960.587418976,15.183333333333335,15.655,1.663333333333333,6,13.94,80.72,242.18,1.6183333333333334,0.01,-0.8844181216774107,-0.4666953889300821,49.87847579814624,38661.32258064516,0.0,20.129032258064516,1.0,0.0,100565.8612903226,39.623333333333335,82.51186307846338,100565.8612903226,0.0,37.784565,996.1324,7.2,0.0,0.0,0.0,1,summer,yeongheung_coal,1,0.0,100565.8612903226
2021-08-25,24612.600282048,26353.853346959997,2798.587154016,14.653333333333334,15.611666666666666,1.653333333333333,6,12.579999999999998,81.70333333333333,208.73166666666663,0.5483333333333333,0.01,-0.4807082118780825,-0.8768806161804333,149.0030395136778,38661.32258064516,0.0,20.129032258064516,1.0,0.0,100565.8612903226,39.623333333333335,82.51186307846338,100565.8612903226,0.0,19.164719,1002.7901,12.05,0.0,0.0,0.0,2,summer,yeongheung_coal,1,0.0,100565.8612903226
2021-08-26,24333.319224432,26241.902820288004,2905.336543824,14.48,15.54,1.7166666666666666,6,14.146666666666668,80.26833333333333,221.23833333333337,1.275,0.0,-0.6591927104979289,-0.7519740490378598,62.95555555555555,38661.32258064516,0.0,20.129032258064516,1.0,0.0,100565.8612903226,39.623333333333335,82.51186307846338,100565.8612903226,0.0,29.301876,1008.65656,9.31,0.0,0.0,0.0,3,summer,yeongheung_coal,1,0.0,100565.8612903226
2021-08-27,22531.951004256003,26167.35510648,2852.6911312320003,13.536666666666669,15.628333333333332,1.6983333333333333,6,10.623333333333331,81.87666666666667,203.75666666666663,0.355,0.01,-0.4028531884588063,-0.9152646112182932,230.63849765258217,38661.32258064516,0.0,20.129032258064516,1.0,0.0,100565.8612903226,39.623333333333335,82.51186307846338,100565.8612903226,0.0,17.377226,1010.3549,2.77,0.0,0.0,0.0,4,summer,yeongheung_coal,1,0.0,100565.8612903226
2021-08-28,21613.261814208003,25602.490624176,2699.4116126880003,13.21,15.676666666666668,1.6416666666666666,6,12.793333333333337,81.04333333333334,252.47666666666663,1.2083333333333333,0.0,-0.953594411186046,-0.3010941695794493,67.07034482758621,38661.32258064516,0.0,20.129032258064516,1.0,0.0,100565.8612903226,39.623333333333335,82.51186307846338,100565.8612903226,0.0,20.972897,1011.64484,16.08,0.0,0.0,0.0,5,summer,yeongheung_coal,1,0.0,100565.8612903226
2021-08-29,22303.536772752,25607.636697600003,2890.1729957760003,13.67,15.686666666666667,1.7616666666666667,6,12.65,81.50166666666667,235.475,0.8583333333333333,0.01,-0.8238789688354066,-0.5667657758816309,94.95339805825245,38661.32258064516,0.0,20.129032258064516,1.0,0.0,100565.8612903226,39.623333333333335,82.51186307846338,100565.8612903226,0.0,13.849476,1011.384,7.53,0.0,0.0,0.0,6,summer,yeongheung_coal,1,0.0,100565.8612903226
2021-08-30,25180.1900424,25853.5638648,3103.013386512,15.18,15.555,1.855,6,15.148333333333332,85.04833333333333,260.435,0.6883333333333334,0.0,-0.9860977263290256,-0.1661664049341077,123.55690072639224,38661.32258064516,0.0,20.129032258064516,1.0,0.0,100565.8612903226,39.623333333333335,82.51186307846338,100565.8612903226,0.0,14.20062,1013.2995,5.35,0.0,0.0,0.0,0,summer,yeongheung_coal,1,0.0,100565.8612903226
2021-08-31,23536.620417744,25446.93883632,3024.0924547679997,14.188333333333333,15.355,1.8183333333333336,6,10.415,82.30166666666666,88.27,1.7483333333333333,1.0,0.999544189893512,0.030189608313508,47.074356530028595,38661.32258064516,0.0,20.129032258064516,1.0,0.0,100565.8612903226,39.623333333333335,82.51186307846338,100565.8612903226,0.0,35.397354,1012.09406,3.24,0.0,0.0,0.0,1,summer,yeongheung_coal,1,0.0,100565.8612903226
2021-09-01,23571.927545184,25918.962028128,3217.8275464320004,13.971666666666666,15.393333333333333,1.9066666666666665,6,23.143333333333334,86.245,83.22,1.13,0.01,0.9930067783926676,0.1180573507504537,76.32300884955754,30733.366666666665,0.0,7.133333333333334,1.0,0.0,79144.445,39.64833333333333,75.25358069539814,79144.445,0.0,47.044434,1006.2065,4.82,0.0,0.0,0.0,2,autumn,yeongheung_coal,1,0.0,79144.445
2021-09-02,25992.586973376,24908.708591424,3178.722281328,15.478333333333332,14.878333333333332,1.893333333333333,6,22.866666666666664,93.85666666666668,133.79999999999998,1.5783333333333334,0.0,0.7217602280983623,-0.6921431738704067,59.46568109820487,30733.366666666665,0.0,7.133333333333334,1.0,0.0,79144.445,39.64833333333333,75.25358069539814,79144.445,0.0,24.184391,1007.2243,13.88,0.0,0.0,0.0,3,autumn,yeongheung_coal,1,0.0,79144.445
2021-09-03,23625.488129903995,24854.192421696,3141.2360681279997,14.133333333333333,14.85,1.8633333333333333,6,23.296666666666667,69.31833333333334,120.79833333333332,0.8483333333333333,0.0,0.858974791290426,-0.5120178785233668,81.71119842829079,30733.366666666665,0.0,7.133333333333334,1.0,0.0,79144.445,39.64833333333333,75.25358069539814,79144.445,0.0,26.554728,1006.81,20.55,0.0,0.0,0.0,4,autumn,yeongheung_coal,1,0.0,79144.445
2021-09-04,23352.343289712,24136.184354112,2892.5806832640005,14.548333333333334,14.973333333333334,1.7716666666666665,6,22.475,71.28666666666666,95.04,1.7433333333333332,0.0,0.9961336091431724,-0.0878511965507432,40.89101338432123,30733.366666666665,0.0,7.133333333333334,1.0,0.0,79144.445,39.64833333333333,75.25358069539814,79144.445,0.0,28.521906,1012.041,20.64,0.0,0.0,0.0,5,autumn,yeongheung_coal,1,0.0,79144.445
2021-09-05,24286.889569968,23927.533636319997,2858.730780096,15.253333333333332,14.909999999999998,1.76,6,21.856666666666666,77.67,119.125,1.23,0.005,0.8735599360238168,-0.486716589170808,63.14634146341464,30733.366666666665,0.0,7.133333333333334,1.0,0.0,79144.445,39.64833333333333,75.25358069539814,79144.445,0.0,29.627363,1015.0196,13.77,0.0,0.0,0.0,6,autumn,yeongheung_coal,1,0.0,79144.445
2021-09-06,25432.000259039996,24061.759022879996,2820.7543798079996,15.93,14.956666666666663,1.7333333333333332,6,8.611666666666666,81.00333333333333,106.43,3.606666666666667,0.255,0.9591660094050254,-0.282843713739653,22.459334565619223,30733.366666666665,0.0,7.133333333333334,1.0,0.0,79144.445,39.64833333333333,75.25358069539814,79144.445,0.0,49.88566,1013.74243,4.98,0.0,0.0,0.0,0,autumn,yeongheung_coal,1,0.0,79144.445
2021-09-07,25433.205958511997,24418.901644704,2836.649282688,15.678333333333336,14.946666666666667,1.721666666666667,6,10.323333333333332,81.04,274.49666666666667,1.0833333333333333,0.01,-0.9969218966111852,0.0784010972956203,74.80615384615386,30733.366666666665,0.0,7.133333333333334,1.0,0.0,79144.445,39.64833333333333,75.25358069539814,79144.445,0.0,50.800835,1004.5324,5.82,0.0,0.0,0.0,1,autumn,yeongheung_coal,1,0.0,79144.445
2021-09-08,24327.967927968,24305.72594688,3002.464824048,15.090000000000002,14.993333333333332,1.8316666666666668,6,10.478333333333332,81.92666666666666,234.64333333333337,0.5433333333333333,0.0,-0.8155656783212861,-0.5786645179586705,150.78527607361963,30733.366666666665,0.0,7.133333333333334,1.0,0.0,79144.445,39.64833333333333,75.25358069539814,79144.445,0.0,25.759504,1007.4331,20.47,0.0,0.0,0.0,2,autumn,yeongheung_coal,1,0.0,79144.445
2021-09-09,24336.445753440003,24453.476306064,3006.2894741280006,15.123333333333337,15.083333333333334,1.8333333333333333,6,10.61,82.16166666666668,211.35666666666663,0.4516666666666666,0.0,-0.5203639344500717,-0.853944597572724,181.9077490774908,30733.366666666665,0.0,7.133333333333334,1.0,0.0,79144.445,39.64833333333333,75.25358069539814,79144.445,0.0,13.755579,1010.96674,19.07,0.0,0.0,0.0,3,autumn,yeongheung_coal,1,0.0,79144.445
2021-09-10,22363.375908096004,23890.080656304,3049.025506992,14.083333333333334,14.978333333333332,1.8883333333333336,6,10.948333333333332,82.325,210.58666666666667,0.4599999999999999,0.0,-0.5088410982037253,-0.8608604630129245,178.96739130434787,30733.366666666665,0.0,7.133333333333334,1.0,0.0,79144.445,39.64833333333333,75.25358069539814,79144.445,0.0,11.770403,1010.6194,20.42,0.0,0.0,0.0,4,autumn,yeongheung_coal,1,0.0,79144.445
2021-09-11,14629.185326448,14191.91845344,2978.8139198880003,9.491666666666667,9.31,134.10833333333332,6,11.81,80.72,228.65,0.6166666666666667,0.0,-0.7506878874077263,-0.6606570182018238,130.89729729729729,30733.366666666665,0.0,7.133333333333334,1.0,0.0,79144.445,39.64833333333333,75.25358069539814,79144.445,0.0,13.70839,1010.4011,17.2,0.0,0.0,0.0,5,autumn,yeongheung_coal,1,0.0,79144.445
2021-09-12,14407.432184304,14093.969937120002,2205.1085342400006,9.356666666666667,9.151666666666667,48.538333333333334,6,22.285,98.02666666666666,210.40666666666667,0.9483333333333333,0.0,-0.5061341187179292,-0.8624547836667295,103.36731107205624,30733.366666666665,0.0,7.133333333333334,1.0,0.0,79144.445,39.64833333333333,75.25358069539814,79144.445,0.0,14.05845,1010.4422,20.6,0.0,0.0,0.0,6,autumn,yeongheung_coal,1,0.0,79144.445
2021-09-13,14798.900483136,14417.883470448,2256.200378496,9.426666666666668,9.18,94.27,6,23.16,80.39833333333333,102.83833333333332,1.5083333333333335,0.0,0.975000910624353,-0.222200864718575,53.30276243093922,30733.366666666665,0.0,7.133333333333334,1.0,0.0,79144.445,39.64833333333333,75.25358069539814,79144.445,0.0,26.089443,1013.3609,19.45,0.0,0.0,0.0,0,autumn,yeongheung_coal,1,0.0,79144.445
2021-09-14,15258.731140368,14025.524249088,1800.026694864,9.831666666666663,9.05,42.165,6,22.28,83.08666666666666,101.36,1.225,0.0,0.9804089265795956,-0.1969729338844426,67.82585034013604,30733.366666666665,0.0,7.133333333333334,1.0,0.0,79144.445,39.64833333333333,75.25358069539814,79144.445,0.0,27.475807,1012.47784,20.58,0.0,0.0,0.0,1,autumn,yeongheung_coal,1,0.0,79144.445
2021-09-15,13380.777433872,14265.399347711998,1904.330547072,8.44,8.985,45.92166666666666,6,21.631666666666664,66.965,125.52666666666669,2.1216666666666666,0.0,0.8138451587624304,-0.5810817993698948,31.56245090337785,30733.366666666665,0.0,7.133333333333334,1.0,0.0,79144.445,39.64833333333333,75.25358069539814,79144.445,0.0,34.57687,1013.35785,21.31,0.0,0.0,0.0,2,autumn,yeongheung_coal,1,0.0,79144.445
2021-09-16,12430.493323488,13956.375913776,3294.043322256,8.155,9.083333333333334,41.97166666666667,6,22.64333333333333,81.37166666666667,135.09666666666666,1.195,0.0,0.7059127790254024,-0.7082987705824665,68.09344490934448,30733.366666666665,0.0,7.133333333333334,1.0,0.0,79144.445,39.64833333333333,75.25358069539814,79144.445,0.0,26.758923,1010.71387,20.16,0.0,0.0,0.0,3,autumn,yeongheung_coal,1,0.0,79144.445
2021-09-17,12884.865293664,14127.364479024,1693.770934464,8.346666666666666,9.195,40.32,6,24.063333333333333,73.51,92.44666666666669,1.5599999999999998,0.0,0.9990883915241564,-0.0426894122900973,47.12179487179488,30733.366666666665,0.0,7.133333333333334,1.0,0.0,79144.445,39.64833333333333,75.25358069539814,79144.445,0.0,30.376833,1007.1223,18.77,0.0,0.0,0.0,4,autumn,yeongheung_coal,1,0.0,79144.445
2021-09-18,15333.238145088,16303.521193776,2171.353013424,8.563333333333334,9.091666666666669,41.28666666666667,6,22.38999938964844,76.58333587646484,,3.9032679166666666,0.0,0.53266305,0.8463274,19.62031239245957,30733.366666666665,0.0,7.133333333333334,1.0,0.0,79144.445,39.64833333333333,75.25358069539814,79144.445,0.0,7.1309186111111105,1011.63605,17.82,0.0,0.0,0.0,5,autumn,yeongheung_coal,1,0.0,79144.445
2021-09-19,17058.98330352,16407.280966751998,2026.980638208,9.543333333333337,9.17,40.355,6,22.94000244140625,79.45833587646484,,4.098929305555556,0.0,0.89469737,-0.44667286,19.385144254322608,30733.366666666665,0.0,7.133333333333334,1.0,0.0,79144.445,39.64833333333333,75.25358069539814,79144.445,0.0,6.325345555555555,1013.31177,10.33,0.0,0.0,0.0,6,autumn,yeongheung_coal,1,0.0,79144.445
2021-09-20,16138.029336768,16097.062117104,2028.319901424,9.09,9.056666666666668,41.184999999999995,6,22.839998245239254,75.66666412353516,,8.900548055555555,0.0,0.7498937,-0.6615583,8.501348866523498,30733.366666666665,0.0,7.133333333333334,1.0,0.0,79144.445,39.64833333333333,75.25358069539814,79144.445,0.0,12.940247222222222,1008.3826,13.79,0.0,0.0,0.0,0,autumn,yeongheung_coal,1,0.0,79144.445
2021-09-21,17124.022674288,16479.175365216,2110.529407248,9.45,9.085,39.711666666666666,6,23.59833335876465,80.16666412353516,,8.964752777777779,11.59999942779541,-0.45987472,-0.8879838,8.942428877933565,30733.366666666665,0.0,7.133333333333334,1.0,0.0,79144.445,39.64833333333333,75.25358069539814,79144.445,0.0,12.747548333333333,1001.9786,16.61,0.0,0.0,0.0,1,autumn,yeongheung_coal,1,0.0,79144.445
2021-09-22,18024.680515247997,16715.825092944,2155.4604267839995,10.046666666666669,9.313333333333333,40.87333333333333,6,20.301666666666662,77.185,277.71666666666664,1.336666666666667,0.01,-0.9909441827874316,0.1342744450733246,57.74438902743141,30733.366666666665,0.0,7.133333333333334,1.0,0.0,79144.445,39.64833333333333,75.25358069539814,79144.445,0.0,40.25727,1005.1364,15.97,0.0,0.0,0.0,2,autumn,yeongheung_coal,1,0.0,79144.445
2021-09-23,13926.738322944,14341.652953488,1576.395692928,9.106666666666667,9.391666666666667,41.80833333333333,6,19.858333333333334,86.32333333333334,149.8766666666667,0.91,0.0,0.5018630228483638,-0.8649471118499111,94.86080586080588,30733.366666666665,0.0,7.133333333333334,1.0,0.0,79144.445,39.64833333333333,75.25358069539814,79144.445,0.0,33.985218,1013.7343,18.65,0.0,0.0,0.0,3,autumn,yeongheung_coal,1,0.0,79144.445
2021-09-24,14752.650711312,14374.922197536,1674.136213056,9.618333333333334,9.355,43.025000000000006,6,21.638333333333335,78.62666666666667,107.505,1.7300000000000002,0.0,0.9536907055853694,-0.3007890258637776,45.448940269749514,30733.366666666665,0.0,7.133333333333334,1.0,0.0,79144.445,39.64833333333333,75.25358069539814,79144.445,0.0,27.416782,1019.39923,18.09,0.0,0.0,0.0,4,autumn,yeongheung_coal,1,0.0,79144.445
2021-09-25,15422.825215728,14456.383375824,1662.291196416,10.055,9.44,45.45333333333334,6,21.558333333333337,88.24333333333334,121.43666666666668,1.7383333333333333,0.0,0.8532172002872757,-0.5215557584131758,50.76318312559924,30733.366666666665,0.0,7.133333333333334,1.0,0.0,79144.445,39.64833333333333,75.25358069539814,79144.445,0.0,26.576681,1020.4958,6.58,0.0,0.0,0.0,5,autumn,yeongheung_coal,1,0.0,79144.445
2021-09-26,14862.196734767998,14476.84264296,1642.5291781439998,9.623333333333331,9.411666666666669,45.76833333333334,6,20.978333333333335,95.875,158.46666666666667,0.7400000000000001,0.0,0.3670424596693882,-0.930204188767093,129.5608108108108,30733.366666666665,0.0,7.133333333333334,1.0,0.0,79144.445,39.64833333333333,75.25358069539814,79144.445,0.0,24.023088,1018.2513,13.67,0.0,0.0,0.0,6,autumn,yeongheung_coal,1,0.0,79144.445
2021-09-27,15767.132205744,14641.817007312,1630.17774,10.21,9.476666666666668,45.173333333333325,6,21.61,89.13833333333334,107.30666666666666,0.8933333333333332,0.0,0.9547261919020672,-0.297485963527991,99.78171641791046,30733.366666666665,0.0,7.133333333333334,1.0,0.0,79144.445,39.64833333333333,75.25358069539814,79144.445,0.0,27.238941,1013.69745,6.2,0.0,0.0,0.0,0,autumn,yeongheung_coal,1,0.0,79144.445
2021-09-28,15297.707410416,15411.868901568,1808.751991968,9.453333333333331,9.475,43.14833333333333,6,10.555,81.16666666666667,108.56833333333331,1.7633333333333334,0.01,0.9479445501002752,-0.3184354407649793,46.030245746691875,30733.366666666665,0.0,7.133333333333334,1.0,0.0,79144.445,39.64833333333333,75.25358069539814,79144.445,0.0,30.05515,1010.1346,4.9,0.0,0.0,0.0,1,autumn,yeongheung_coal,1,0.0,79144.445
2021-09-29,16579.92258216,15582.059494848,1776.513866544,10.021666666666668,9.431666666666668,41.945,6,9.775,80.48,230.11,1.225,0.01,-0.7672770942107034,-0.641315726221944,65.69795918367346,30733.366666666665,0.0,7.133333333333334,1.0,0.0,79144.445,39.64833333333333,75.25358069539814,79144.445,0.0,34.882866,1004.8047,4.54,0.0,0.0,0.0,2,autumn,yeongheung_coal,1,0.0,79144.445
2021-09-30,13891.821842304,15241.791478752,1747.0807925759998,8.549999999999999,9.341666666666669,40.785,6,10.21,82.47333333333334,279.115,0.45,0.0,-0.9873723672280642,0.158416566161651,183.2740740740741,30733.366666666665,0.0,7.133333333333334,1.0,0.0,79144.445,39.64833333333333,75.25358069539814,79144.445,0.0,17.227419,1006.6263,14.97,0.0,0.0,0.0,3,autumn,yeongheung_coal,1,0.0,79144.445
2021-10-01,16494.624410832,17082.052409232,2243.183239584,9.18,9.45,42.785,6,9.82,81.37666666666667,209.0583333333333,0.9333333333333332,0.505,-0.4856998267884947,-0.8741256650262742,87.18928571428572,30867.25806451613,0.0,126.80645161290325,1.0,0.0,78317.47096774193,38.70333333333333,72.09057572042593,78317.47096774193,0.0,17.057314,1006.5488,15.17,0.0,0.0,0.0,4,autumn,yeongheung_coal,1,0.0,78317.47096774193
2021-10-02,13545.241738272,14785.947851616,1715.148583056,8.751666666666667,9.475,43.75,6,9.843333333333332,81.35333333333334,216.375,0.8816666666666667,0.475,-0.5930676289532371,-0.8051526485628583,92.27221172022684,30867.25806451613,0.0,126.80645161290325,1.0,0.0,78317.47096774193,38.70333333333333,72.09057572042593,78317.47096774193,0.0,22.530937,1010.2739,18.51,0.0,0.0,0.0,5,autumn,yeongheung_coal,1,0.0,78317.47096774193
2021-10-03,13314.491238384002,14744.774070576,1636.258001616,8.621666666666668,9.478333333333332,44.13333333333333,6,20.758000000000003,92.73,173.358,0.86,0.0,0.1156652998164884,-0.9932882453841694,107.82558139534883,30867.25806451613,0.0,126.80645161290325,1.0,0.0,78317.47096774193,38.70333333333333,72.09057572042593,78317.47096774193,0.0,26.6327,1015.35333,16.47,0.0,0.0,0.0,6,autumn,yeongheung_coal,1,0.0,78317.47096774193
2021-10-04,15718.603844448,16061.265455472,1981.582552224,9.255,9.433333333333334,44.38,6,24.372,88.936,217.742,2.3600000000000003,0.0,-0.6121068729756783,-0.7907750476943091,37.68474576271186,30867.25806451613,0.0,126.80645161290325,1.0,0.0,78317.47096774193,38.70333333333333,72.09057572042593,78317.47096774193,0.0,43.225487,1015.7246,4.23,0.0,0.0,0.0,0,autumn,yeongheung_coal,1,0.0,78317.47096774193
2021-10-05,16887.74614128,17169.319051344,2145.575348064,9.361666666666666,9.483333333333333,42.251666666666665,6,21.648000000000003,95.352,263.596,0.5900000000000001,0.0,-0.9937601347393278,-0.1115383100233864,161.6135593220339,30867.25806451613,0.0,126.80645161290325,1.0,0.0,78317.47096774193,38.70333333333333,72.09057572042593,78317.47096774193,0.0,33.48774,1017.1972,10.68,0.0,0.0,0.0,1,autumn,yeongheung_coal,1,0.0,78317.47096774193
2021-10-06,17566.913610288,17212.427286048,2039.809701744,9.845,9.6,46.583333333333336,6,21.008333333333333,92.865,104.195,1.105,0.005,0.9694667533115526,-0.2452227848784796,84.04072398190046,30867.25806451613,0.0,126.80645161290325,1.0,0.0,78317.47096774193,38.70333333333333,72.09057572042593,78317.47096774193,0.0,25.96995,1016.3882,6.19,0.0,0.0,0.0,2,autumn,yeongheung_coal,1,0.0,78317.47096774193
2021-10-07,16907.480130528,16891.232799600002,2053.00436256,9.498333333333331,9.441666666666666,46.92666666666667,6,17.905,95.92,218.83833333333337,0.4716666666666667,0.01,-0.6271250816023746,-0.7789185657212281,203.3639575971731,30867.25806451613,0.0,126.80645161290325,1.0,0.0,78317.47096774193,38.70333333333333,72.09057572042593,78317.47096774193,0.0,29.03752,1013.5809,6.06,0.0,0.0,0.0,3,autumn,yeongheung_coal,1,0.0,78317.47096774193
2021-10-08,13890.093208992,14859.411139152002,1740.257166528,8.896666666666667,9.5,44.49666666666667,6,13.073333333333332,84.73166666666667,86.51166666666667,1.19,0.01,0.9981472085397556,0.0608452963202056,71.203081232493,30867.25806451613,0.0,126.80645161290325,1.0,0.0,78317.47096774193,38.70333333333333,72.09057572042593,78317.47096774193,0.0,20.991426,1017.35114,4.8,0.0,0.0,0.0,4,autumn,yeongheung_coal,1,0.0,78317.47096774193
2021-10-09,13055.634360144,14469.060807504,1642.194213984,8.636666666666667,9.473333333333334,46.48333333333334,6,11.631666666666666,81.10000000000001,160.98666666666668,0.625,0.005,0.3257881778035008,-0.9454427868482972,129.76000000000002,30867.25806451613,0.0,126.80645161290325,1.0,0.0,78317.47096774193,38.70333333333333,72.09057572042593,78317.47096774193,0.0,25.071098,1018.9344,5.45,0.0,0.0,0.0,5,autumn,yeongheung_coal,1,0.0,78317.47096774193
2021-10-10,14085.878268672,15071.84909136,1836.673832448,8.798333333333334,9.393333333333334,47.23833333333334,6,15.25,78.35333333333334,266.9166666666667,1.1849999999999998,0.01,-0.9985523589689616,-0.0537883481575881,66.12095639943743,30867.25806451613,0.0,126.80645161290325,1.0,0.0,78317.47096774193,38.70333333333333,72.09057572042593,78317.47096774193,0.0,42.218346,1015.27344,3.85,0.0,0.0,0.0,6,autumn,yeongheung_coal,1,0.0,78317.47096774193
2021-10-11,14230.171206144,14328.505523808002,1714.838703696,9.376666666666669,9.456666666666669,42.63166666666667,6,18.22,76.505,76.83666666666666,1.1883333333333332,0.005,0.9737248375690756,0.2277277776229267,64.38008415147266,30867.25806451613,0.0,126.80645161290325,1.0,0.0,78317.47096774193,38.70333333333333,72.09057572042593,78317.47096774193,0.0,31.65135,1018.70575,11.55,0.0,0.0,0.0,0,autumn,yeongheung_coal,1,0.0,78317.47096774193
2021-10-12,15684.839502911998,16247.6985564,2516.201200224,9.255,11.691666666666668,40.28333333333334,6,17.261666666666667,79.68833333333333,101.08333333333331,1.5783333333333331,0.0,0.9813486248449216,-0.1922365119195129,50.488912354804654,30867.25806451613,0.0,126.80645161290325,1.0,0.0,78317.47096774193,38.70333333333333,72.09057572042593,78317.47096774193,0.0,33.47032,1021.6003,8.98,0.0,0.0,0.0,1,autumn,yeongheung_coal,1,0.0,78317.47096774193
2021-10-13,13977.464848272002,18399.367161216,3241.9749276,9.706666666666669,17.965,30.83,6,18.646666666666665,97.22666666666667,196.655,0.3216666666666667,0.0,-0.2866081592695363,-0.9580478918301152,302.25906735751295,30867.25806451613,0.0,126.80645161290325,1.0,0.0,78317.47096774193,38.70333333333333,72.09057572042593,78317.47096774193,0.0,25.932495,1021.32666,13.19,0.0,0.0,0.0,2,autumn,yeongheung_coal,1,0.0,78317.47096774193
2021-10-14,11135.160231696,11078.317279440002,2017.952912016,7.553333333333334,7.6,124.57166666666669,6,20.116666666666667,85.87333333333333,272.815,1.3949999999999998,0.0,-0.9987933142732072,0.0491112549538569,61.55794504181602,30867.25806451613,0.0,126.80645161290325,1.0,0.0,78317.47096774193,38.70333333333333,72.09057572042593,78317.47096774193,0.0,20.150354,1017.1751,12.61,0.0,0.0,0.0,3,autumn,yeongheung_coal,1,0.0,78317.47096774193
2021-10-15,11363.066228016,11671.992193968,1556.474353632,7.561666666666667,7.801666666666667,162.465,6,18.881666666666664,58.278333333333336,216.045,1.28,0.005,-0.5884204714009499,-0.808555099443621,45.529947916666664,30867.25806451613,0.0,126.80645161290325,1.0,0.0,78317.47096774193,38.70333333333333,72.09057572042593,78317.47096774193,0.0,33.145424,1015.6956,6.37,0.0,0.0,0.0,4,autumn,yeongheung_coal,1,0.0,78317.47096774193
2021-10-16,11427.715128096,11460.56929344,1688.761471824,7.673333333333333,8.668333333333335,164.275,6,6.943333333333334,47.01499999999999,297.4683333333333,2.6750000000000003,0.0,-0.8872659004217008,0.4612583028508737,17.575700934579434,30867.25806451613,0.0,126.80645161290325,1.0,0.0,78317.47096774193,38.70333333333333,72.09057572042593,78317.47096774193,0.0,54.93982,1020.846,14.93,0.0,0.0,0.0,5,autumn,yeongheung_coal,1,0.0,78317.47096774193
2021-10-17,13282.450137648,14693.175782351998,5350.878167903999,9.406666666666666,12.55,35.97833333333333,6,8.058333333333334,52.041666666666664,138.235,0.805,0.0,0.6660769605432529,-0.7458830220842019,64.648033126294,30867.25806451613,0.0,126.80645161290325,1.0,0.0,78317.47096774193,38.70333333333333,72.09057572042593,78317.47096774193,0.0,55.49374,1026.0878,17.23,0.0,0.0,0.0,6,autumn,yeongheung_coal,1,0.0,78317.47096774193
2021-10-18,17716.224330432,18349.055320752,3598.488489024,11.276666666666666,12.82,29.361666666666665,6,3.26,82.2,138.91333333333333,1.1333333333333333,1.0,0.6571998658316186,-0.753716350062079,72.52941176470588,30867.25806451613,0.0,126.80645161290325,1.0,0.0,78317.47096774193,38.70333333333333,72.09057572042593,78317.47096774193,0.0,35.80507,1020.48566,8.43,0.0,0.0,0.0,0,autumn,yeongheung_coal,1,0.0,78317.47096774193
2021-10-19,17388.560247696,18294.435792432003,3970.033626528,11.191666666666668,13.35,27.521666666666665,6,9.303333333333333,59.303333333333335,248.92166666666665,1.028333333333333,0.01,-0.9330896025902532,-0.3596439816512486,57.66936790923826,30867.25806451613,0.0,126.80645161290325,1.0,0.0,78317.47096774193,38.70333333333333,72.09057572042593,78317.47096774193,0.0,39.640884,1016.85156,12.09,0.0,0.0,0.0,1,autumn,yeongheung_coal,1,0.0,78317.47096774193
2021-10-20,18066.897739872,18255.516572592,5452.770711744,11.886666666666663,15.464999999999998,19.03333333333333,6,5.278333333333333,63.376666666666665,162.18333333333334,0.8766666666666666,0.0,0.3059722552393233,-0.9520404293010682,72.29277566539925,30867.25806451613,0.0,126.80645161290325,1.0,0.0,78317.47096774193,38.70333333333333,72.09057572042593,78317.47096774193,0.0,25.40743,1019.09344,15.83,0.0,0.0,0.0,2,autumn,yeongheung_coal,1,0.0,78317.47096774193
2021-10-21,19104.693849792,21504.963208464,2849.850172944,13.31,16.661666666666665,2.2466666666666666,6,10.205,61.185,203.48666666666668,0.8833333333333334,0.0,-0.3985356485603812,-0.917152842674849,69.26603773584905,30867.25806451613,0.0,126.80645161290325,1.0,0.0,78317.47096774193,38.70333333333333,72.09057572042593,78317.47096774193,0.0,22.180206,1017.4594,12.33,0.0,0.0,0.0,3,autumn,yeongheung_coal,1,0.0,78317.47096774193
2021-10-22,20577.228035040003,21077.846437248,2983.570074864,14.526666666666666,15.336666666666666,2.3016666666666663,6,11.603333333333332,56.49666666666667,140.64666666666668,0.9383333333333334,0.0,0.6341009212973139,-0.7732502968702293,60.20959147424512,30867.25806451613,0.0,126.80645161290325,1.0,0.0,78317.47096774193,38.70333333333333,72.09057572042593,78317.47096774193,0.0,27.343414,1019.65594,15.88,0.0,0.0,0.0,4,autumn,yeongheung_coal,1,0.0,78317.47096774193
2021-10-23,25633.675324224,16013.59312464,26383.672669968,32.25,11.436666666666667,94.62333333333332,6,11.14,67.935,179.38333333333333,0.9533333333333333,0.0,0.0107626559281844,-0.999942080941377,71.26048951048952,30867.25806451613,0.0,126.80645161290325,1.0,0.0,78317.47096774193,38.70333333333333,72.09057572042593,78317.47096774193,0.0,15.349684,1025.1166,15.57,0.0,0.0,0.0,5,autumn,yeongheung_coal,1,0.0,78317.47096774193
2021-10-24,21018.705220944,19287.915634944,15944.62839912,25.676666666666662,19.755,35.873333333333335,6,10.92,83.06166666666667,178.31000000000003,0.75,0.0,0.0294917875278547,-0.9995650226315504,110.74888888888889,30867.25806451613,0.0,126.80645161290325,1.0,0.0,78317.47096774193,38.70333333333333,72.09057572042593,78317.47096774193,0.0,14.168641,1023.92926,14.12,0.0,0.0,0.0,6,autumn,yeongheung_coal,1,0.0,78317.47096774193
2021-10-25,23256.801885456,23381.443905552,2986.960149216,15.171666666666669,15.246666666666668,1.9416666666666669,6,11.421666666666669,92.41,172.88333333333333,0.7716666666666666,0.0,0.1238901291669071,-0.9922959416902838,119.7537796976242,30867.25806451613,0.0,126.80645161290325,1.0,0.0,78317.47096774193,38.70333333333333,72.09057572042593,78317.47096774193,0.0,13.896187,1020.8091,14.13,0.0,0.0,0.0,0,autumn,yeongheung_coal,1,0.0,78317.47096774193
2021-10-26,22410.155475072,23513.397808176,3001.680417888,14.611666666666666,15.318333333333332,1.9466666666666663,6,16.296666666666667,79.53166666666667,266.56166666666667,1.6016666666666666,0.0,-0.9981999260045132,-0.059974225502162,49.65556711758585,30867.25806451613,0.0,126.80645161290325,1.0,0.0,78317.47096774193,38.70333333333333,72.09057572042593,78317.47096774193,0.0,20.316889,1017.8296,13.13,0.0,0.0,0.0,1,autumn,yeongheung_coal,1,0.0,78317.47096774193
2021-10-27,22509.556170624,23677.645200768,3207.545235648,14.636666666666663,15.365,2.068333333333334,6,13.248333333333331,54.95333333333334,263.37,1.0683333333333334,0.005,-0.9933124484824886,-0.1154572634775458,51.43837753510141,30867.25806451613,0.0,126.80645161290325,1.0,0.0,78317.47096774193,38.70333333333333,72.09057572042593,78317.47096774193,0.0,29.59235,1017.0884,15.12,0.0,0.0,0.0,2,autumn,yeongheung_coal,1,0.0,78317.47096774193
2021-10-28,20178.867549312,23360.84674344,3185.5647165120004,13.281666666666666,15.31,2.08,6,12.263333333333334,76.92666666666666,162.15833333333333,1.025,0.0,0.3063876321023279,-0.951906833095933,75.05040650406504,30867.25806451613,0.0,126.80645161290325,1.0,0.0,78317.47096774193,38.70333333333333,72.09057572042593,78317.47096774193,0.0,29.354902,1020.4035,14.92,0.0,0.0,0.0,3,autumn,yeongheung_coal,1,0.0,78317.47096774193
2021-10-29,22195.302490656,23382.98022456,3157.6296368159997,14.375,15.14,2.033333333333333,6,14.51,71.04166666666667,131.89666666666668,1.5,0.0,0.7443503978946693,-0.6677892520504111,47.361111111111114,30867.25806451613,0.0,126.80645161290325,1.0,0.0,78317.47096774193,38.70333333333333,72.09057572042593,78317.47096774193,0.0,32.112724,1022.1934,12.83,0.0,0.0,0.0,4,autumn,yeongheung_coal,1,0.0,78317.47096774193
2021-10-30,23199.599001599992,23410.9436868,3121.8864125759997,15.123333333333331,15.251666666666663,2.025,6,13.315,92.08333333333331,208.9,0.8483333333333333,0.0,-0.4832823832550024,-0.8754645270000179,108.5461689587426,30867.25806451613,0.0,126.80645161290325,1.0,0.0,78317.47096774193,38.70333333333333,72.09057572042593,78317.47096774193,0.0,26.260265,1020.9551,9.85,0.0,0.0,0.0,5,autumn,yeongheung_coal,1,0.0,78317.47096774193
2021-10-31,22254.608865456,22975.134953039997,2939.1889364639997,14.741666666666667,15.218333333333334,1.9533333333333331,6,16.191666666666666,77.49,244.455,1.5066666666666666,0.0,-0.902246883379891,-0.4312198527796155,51.43141592920354,30867.25806451613,0.0,126.80645161290325,1.0,0.0,78317.47096774193,38.70333333333333,72.09057572042593,78317.47096774193,0.0,18.089775,1021.0235,10.76,0.0,0.0,0.0,6,autumn,yeongheung_coal,1,0.0,78317.47096774193
2021-11-01,16607.831357952,17753.67224856,2804.020825824,10.95,11.715000000000002,40.56333333333333,6,12.561666666666667,84.415,265.66833333333335,1.32,0.0,-0.9971435414130436,-0.0755298472013129,63.95075757575758,32392.5,0.0,117.33333333333331,1.0,0.0,84341.69633333334,32.681666666666665,82.704893085128,84341.69633333334,0.0,29.533169,1020.82416,11.73,0.0,0.0,0.0,0,autumn,yeongheung_coal,1,0.0,84341.69633333334
2021-11-02,17005.8857688,18190.948976784,3325.526942688001,11.313333333333333,12.22,72.14,6,10.548333333333334,84.49166666666666,230.59833333333333,0.7749999999999999,0.0,-0.7727151096082285,-0.63475299084222,109.0215053763441,32392.5,0.0,117.33333333333331,1.0,0.0,84341.69633333334,32.681666666666665,82.704893085128,84341.69633333334,0.0,22.17144,1019.89996,13.61,0.0,0.0,0.0,1,autumn,yeongheung_coal,1,0.0,84341.69633333334
2021-11-03,14996.282963904,15458.231502864,2237.4861338879996,48.870000000000005,10.696666666666667,135.03333333333333,6,11.986666666666666,97.44333333333331,171.9333333333333,1.0599999999999998,0.97,0.1403252357084318,-0.9901054631822678,91.92767295597484,32392.5,0.0,117.33333333333331,1.0,0.0,84341.69633333334,32.681666666666665,82.704893085128,84341.69633333334,0.0,17.873556,1017.2505,11.25,0.0,0.0,0.0,2,autumn,yeongheung_coal,1,0.0,84341.69633333334
2021-11-04,13325.79204432,15543.473029632,2054.59037136,59.89000000000001,10.758333333333333,102.455,6,2.958333333333332,82.56333333333333,201.48333333333335,0.75,0.01,-0.3662305637225284,-0.9305241395017536,110.08444444444444,32392.5,0.0,117.33333333333331,1.0,0.0,84341.69633333334,32.681666666666665,82.704893085128,84341.69633333334,0.0,21.09305,1016.7373,11.61,0.0,0.0,0.0,3,autumn,yeongheung_coal,1,0.0,84341.69633333334
2021-11-05,15874.886888208,16479.544622976,2448.347571792,59.44,11.596666666666666,50.93166666666667,6,12.928333333333336,88.685,167.01166666666666,1.16,0.0,0.2247526467478905,-0.9744158495118076,76.45258620689656,32392.5,0.0,117.33333333333331,1.0,0.0,84341.69633333334,32.681666666666665,82.704893085128,84341.69633333334,0.0,18.511143,1018.4812,10.97,0.0,0.0,0.0,4,autumn,yeongheung_coal,1,0.0,84341.69633333334
2021-11-06,17304.534034992,22977.002680848,2481.877703952,11.398333333333332,15.366666666666667,33.47666666666667,6,13.623333333333337,82.795,170.41666666666666,1.0766666666666669,0.0,0.1664819250435245,-0.986044506416319,76.89938080495355,32392.5,0.0,117.33333333333331,1.0,0.0,84341.69633333334,32.681666666666665,82.704893085128,84341.69633333334,0.0,20.620806,1018.30023,12.75,0.0,0.0,0.0,5,autumn,yeongheung_coal,1,0.0,84341.69633333334
2021-11-07,18328.875350111997,19580.427627552,2467.793354112,12.075,12.915,33.571666666666665,6,16.355,62.00666666666666,125.21666666666664,3.2816666666666667,0.0,0.8169771864018801,-0.5766699895944539,18.894870492635853,32392.5,0.0,117.33333333333331,1.0,0.0,84341.69633333334,32.681666666666665,82.704893085128,84341.69633333334,0.0,43.02113,1017.34357,12.44,0.0,0.0,0.0,6,autumn,yeongheung_coal,1,0.0,84341.69633333334
2021-11-08,19062.967540032,20621.404930464,2724.822427392,11.68,12.631666666666666,31.995,6,7.728333333333334,81.71666666666667,262.61,3.963333333333334,0.025,-0.9916936263511844,-0.1286225153479659,20.61816652649285,32392.5,0.0,117.33333333333331,1.0,0.0,84341.69633333334,32.681666666666665,82.704893085128,84341.69633333334,0.0,50.8875,1008.2779,3.25,0.0,0.0,0.0,0,autumn,yeongheung_coal,1,0.0,84341.69633333334
2021-11-09,20848.09825152,21024.859701168003,2626.887192336,12.528333333333334,12.555,28.423333333333336,6,6.178333333333334,79.18166666666667,292.91,2.0733333333333333,0.01,-0.9211174765943266,0.3892847213961783,38.19051446945338,32392.5,0.0,117.33333333333331,1.0,0.0,84341.69633333334,32.681666666666665,82.704893085128,84341.69633333334,0.0,50.14866,1007.17303,5.35,0.0,0.0,0.0,1,autumn,yeongheung_coal,1,0.0,84341.69633333334
2021-11-10,22696.00536456,22251.323457216004,2949.719762448,13.025,12.695,29.011666666666667,6,6.708,54.977999999999994,184.088,2.11,0.005,-0.0712885392570289,-0.9974557354442348,26.055924170616112,32392.5,0.0,117.33333333333331,1.0,0.0,84341.69633333334,32.681666666666665,82.704893085128,84341.69633333334,0.0,43.53619,1004.8457,2.69,0.0,0.0,0.0,2,autumn,yeongheung_coal,1,0.0,84341.69633333334
2021-11-11,21711.436742016,21763.406027520003,2936.7031710239994,12.576666666666666,12.543333333333331,33.885,6,6.495,65.36666666666666,270.81333333333333,2.2616666666666663,0.005,-0.9998992477879668,0.0141948678422293,28.90198968312454,32392.5,0.0,117.33333333333331,1.0,0.0,84341.69633333334,32.681666666666665,82.704893085128,84341.69633333334,0.0,46.529217,1008.3059,8.47,0.0,0.0,0.0,3,autumn,yeongheung_coal,1,0.0,84341.69633333334
2021-11-12,21751.59457872,21834.653582016,2909.86276464,12.735,12.686666666666667,41.961666666666666,6,5.008333333333334,76.555,220.41833333333332,0.8533333333333334,0.0,-0.6483635426455184,-0.7613308850743893,89.712890625,32392.5,0.0,117.33333333333331,1.0,0.0,84341.69633333334,32.681666666666665,82.704893085128,84341.69633333334,0.0,37.936897,1013.8513,8.6,0.0,0.0,0.0,4,autumn,yeongheung_coal,1,0.0,84341.69633333334
2021-11-13,21762.091991088004,21674.18401056,3033.6701176799997,12.746666666666668,12.608333333333334,28.86666666666667,6,11.976666666666668,84.74833333333333,196.64666666666668,1.08,0.0,-0.2864688138210398,-0.9580895671637212,78.47067901234567,32392.5,0.0,117.33333333333331,1.0,0.0,84341.69633333334,32.681666666666665,82.704893085128,84341.69633333334,0.0,24.569836,1015.3868,10.43,0.0,0.0,0.0,5,autumn,yeongheung_coal,1,0.0,84341.69633333334
2021-11-14,21738.37388832,21813.318667584,3210.38280576,12.745,12.688333333333333,28.183333333333337,6,12.56,71.19,268.115,1.6116666666666666,0.0,-0.9994588616964436,-0.0328935218006362,44.17166494312306,32392.5,0.0,117.33333333333331,1.0,0.0,84341.69633333334,32.681666666666665,82.704893085128,84341.69633333334,0.0,29.275326,1014.54803,11.85,0.0,0.0,0.0,6,autumn,yeongheung_coal,1,0.0,84341.69633333334
2021-11-15,22356.683183808,21807.354407903997,2779.188045696,13.065,12.658333333333331,32.07,6,11.253333333333332,79.56,202.875,0.8983333333333333,0.0,-0.3887219701523955,-0.9213551052231924,88.56400742115028,32392.5,0.0,117.33333333333331,1.0,0.0,84341.69633333334,32.681666666666665,82.704893085128,84341.69633333334,0.0,24.162947,1018.4361,8.42,0.0,0.0,0.0,0,autumn,yeongheung_coal,1,0.0,84341.69633333334
2021-11-16,19636.631987616,21956.464014912,2741.332128912,11.508333333333333,12.718333333333334,42.605,6,8.561666666666666,72.365,288.2316666666666,1.2533333333333334,0.0,-0.9497992828071088,0.3128599085518975,57.73803191489361,32392.5,0.0,117.33333333333331,1.0,0.0,84341.69633333334,32.681666666666665,82.704893085128,84341.69633333334,0.0,22.79684,1021.6087,12.24,0.0,0.0,0.0,1,autumn,yeongheung_coal,1,0.0,84341.69633333334
2021-11-17,19357.831745712003,21901.43552112,2982.358950192,11.316666666666668,12.626666666666669,35.699999999999996,6,9.755,80.14999999999999,174.02166666666668,1.4066666666666665,0.0,0.1041523727023723,-0.9945613521852064,56.97867298578199,32392.5,0.0,117.33333333333331,1.0,0.0,84341.69633333334,32.681666666666665,82.704893085128,84341.69633333334,0.0,18.888851,1021.2383,11.21,0.0,0.0,0.0,2,autumn,yeongheung_coal,1,0.0,84341.69633333334
2021-11-18,21377.313644256,21879.887255712,3008.101108032,12.276666666666666,12.471666666666666,29.819999999999997,6,15.04,82.655,230.2483333333333,2.8083333333333336,0.005,-0.7688232312215971,-0.6394613664123756,29.432047477744806,32392.5,0.0,117.33333333333331,1.0,0.0,84341.69633333334,32.681666666666665,82.704893085128,84341.69633333334,0.0,30.631746,1015.0974,9.58,0.0,0.0,0.0,3,autumn,yeongheung_coal,1,0.0,84341.69633333334
2021-11-19,21741.582511008,20790.11546712,2899.657817424,12.56,11.936666666666667,29.015,6,9.226666666666668,76.47166666666668,135.45666666666668,0.5116666666666667,0.0,0.7014485017653045,-0.7127201409888805,149.45602605863192,32392.5,0.0,117.33333333333331,1.0,0.0,84341.69633333334,32.681666666666665,82.704893085128,84341.69633333334,0.0,31.569351,1014.7226,9.31,0.0,0.0,0.0,4,autumn,yeongheung_coal,1,0.0,84341.69633333334
2021-11-20,17816.698234656,18107.689415904,3951.092983968,9.948333333333334,22.223333333333333,173.0633333333333,6,8.805,98.03666666666668,176.41666666666666,0.6066666666666667,0.0,0.0625002026696349,-0.9980449512252716,161.5989010989011,32392.5,0.0,117.33333333333331,1.0,0.0,84341.69633333334,32.681666666666665,82.704893085128,84341.69633333334,0.0,17.654688,1018.27057,9.81,0.0,0.0,0.0,5,autumn,yeongheung_coal,1,0.0,84341.69633333334
2021-11-21,15032.805760512,15854.965548048,2345.8604266079997,9.151666666666667,20.011666666666667,143.69333333333333,6,8.531666666666666,82.82166666666666,267.985,5.45,0.255,-0.9993816561037454,-0.0351611354102112,15.19663608562691,32392.5,0.0,117.33333333333331,1.0,0.0,84341.69633333334,32.681666666666665,82.704893085128,84341.69633333334,0.0,53.64121,1013.9666,6.44,0.0,0.0,0.0,6,autumn,yeongheung_coal,1,0.0,84341.69633333334
2021-11-22,17635.78649664,17367.712464528,3910.267375344,9.816666666666666,17.976666666666667,90.135,6,2.188333333333333,71.05333333333334,310.03833333333336,2.243333333333333,0.0,-0.7656142192297141,0.6432999823669168,31.67310549777118,32392.5,0.0,117.33333333333331,1.0,0.0,84341.69633333334,32.681666666666665,82.704893085128,84341.69633333334,0.0,55.042336,1012.33575,7.84,0.0,0.0,0.0,0,autumn,yeongheung_coal,1,0.0,84341.69633333334
2021-11-23,18511.24722912,21482.4989916,8376.440378256,11.06,15.725,43.39666666666667,6,2.0316666666666667,81.46,161.00666666666666,1.9966666666666668,0.0,0.3254581361716579,-0.9455564507736546,40.79799666110183,32392.5,0.0,117.33333333333331,1.0,0.0,84341.69633333334,32.681666666666665,82.704893085128,84341.69633333334,0.0,50.32408,1015.2861,5.31,0.0,0.0,0.0,1,autumn,yeongheung_coal,1,0.0,84341.69633333334
2021-11-24,20826.548996832,20683.389972671997,6567.033505392,11.75,11.668333333333331,43.221666666666664,6,11.815,64.33166666666666,268.51,3.016666666666667,0.01,-0.9996618784892434,-0.0260024747929365,21.32541436464088,32392.5,0.0,117.33333333333331,1.0,0.0,84341.69633333334,32.681666666666665,82.704893085128,84341.69633333334,0.0,39.606544,1013.82733,5.71,0.0,0.0,0.0,2,autumn,yeongheung_coal,1,0.0,84341.69633333334
2021-11-25,15210.919926288,14781.955592448,60405.03424656002,9.968333333333334,9.725,125.61166666666666,6,6.045000000000001,43.29666666666666,259.9916666666667,1.5466666666666666,0.0,-0.984782486492322,-0.1737914103113264,27.993534482758616,32392.5,0.0,117.33333333333331,1.0,0.0,84341.69633333334,32.681666666666665,82.704893085128,84341.69633333334,0.0,40.24922,1015.1104,11.16,0.0,0.0,0.0,3,autumn,yeongheung_coal,1,0.0,84341.69633333334
2021-11-26,14534.815116384,13246.755186528,6386.637283344,8.416666666666666,7.888333333333333,549.71,6,4.6066666666666665,59.336666666666666,224.495,1.37,0.0,-0.7008470187874198,-0.7133116123103463,43.311435523114355,32392.5,0.0,117.33333333333331,1.0,0.0,84341.69633333334,32.681666666666665,82.704893085128,84341.69633333334,0.0,27.792374,1023.6457,10.66,0.0,0.0,0.0,4,autumn,yeongheung_coal,1,0.0,84341.69633333334
2021-11-27,13809.552993792,13447.826757792,5801.8070087999995,8.065,8.173333333333334,511.59166666666664,6,2.7816666666666667,70.26333333333334,181.10833333333335,1.0366666666666666,0.0,-0.0193428594968735,-0.9998129093917942,67.77813504823152,32392.5,0.0,117.33333333333331,1.0,0.0,84341.69633333334,32.681666666666665,82.704893085128,84341.69633333334,0.0,26.183659,1031.211,11.32,0.0,0.0,0.0,5,autumn,yeongheung_coal,1,0.0,84341.69633333334
2021-11-28,13809.483680256002,13099.653454896,5883.867169776,8.12,8.473333333333334,305.9266666666667,6,5.26,76.78333333333333,183.65833333333333,0.9016666666666668,0.0,-0.0638065865364809,-0.9979622836132448,85.15711645101662,32392.5,0.0,117.33333333333331,1.0,0.0,84341.69633333334,32.681666666666665,82.704893085128,84341.69633333334,0.0,18.089775,1031.2482,10.65,0.0,0.0,0.0,6,autumn,yeongheung_coal,1,0.0,84341.69633333334
2021-11-29,14421.634524288002,17091.975087936,17223.92842896,8.876666666666667,13.375,50.745000000000005,6,9.121666666666668,85.12666666666667,120.17666666666666,2.085,0.0,0.8644795818789165,-0.5026679346392146,40.828137490008,32392.5,0.0,117.33333333333331,1.0,0.0,84341.69633333334,32.681666666666665,82.704893085128,84341.69633333334,0.0,28.673721,1024.1075,9.05,0.0,0.0,0.0,0,autumn,yeongheung_coal,1,0.0,84341.69633333334
2021-11-30,19163.96528184,19080.680776272,6892.090898112,11.313333333333333,11.723333333333334,32.781666666666666,6,3.06,61.65833333333333,273.0683333333333,6.29,0.01,-0.9985664065055696,0.0535269259210133,9.80259671436142,32392.5,0.0,117.33333333333331,1.0,0.0,84341.69633333334,32.681666666666665,82.704893085128,84341.69633333334,0.0,60.2137,1008.8777,2.6,0.0,0.0,0.0,1,autumn,yeongheung_coal,1,0.0,84341.69633333334
2021-12-01,15468.074324496,16825.506214752,2471.33713752,10.45,11.45,58.975,6,0.205,62.57333333333333,263.2966666666667,1.471666666666667,0.0,-0.9931638602293846,-0.1167285172280846,42.518686296715735,36116.8064516129,0.0,27.870967741935484,1.0,0.0,92135.2577419355,32.791666666666664,89.71287239641323,92135.2577419355,0.0,58.03932,1018.58685,9.43,0.0,0.0,0.0,2,winter,yeongheung_coal,1,0.0,92135.2577419355
2021-12-02,15969.699616032,17084.658989376,2549.511293472,10.748333333333331,11.661666666666669,51.51666666666667,6,7.636666666666667,44.336666666666666,221.29,3.563333333333333,0.005,-0.6598705375823843,-0.751379314082265,12.442469597754911,36116.8064516129,0.0,27.870967741935484,1.0,0.0,92135.2577419355,32.791666666666664,89.71287239641323,92135.2577419355,0.0,42.219883,1017.0049,8.37,0.0,0.0,0.0,3,winter,yeongheung_coal,1,0.0,92135.2577419355
2021-12-03,17135.72136504,16892.528029344,2473.3606656959996,11.855,11.393333333333333,51.86166666666666,6,2.3266666666666667,50.96666666666667,265.5566666666667,1.5599999999999998,0.005,-0.996994443755751,-0.077473086424647,32.67094017094018,36116.8064516129,0.0,27.870967741935484,1.0,0.0,92135.2577419355,32.791666666666664,89.71287239641323,92135.2577419355,0.0,41.835964,1015.804,8.29,0.0,0.0,0.0,4,winter,yeongheung_coal,1,0.0,92135.2577419355
2021-12-04,15956.0143668,16764.243375312,2397.473379648,14.838333333333331,11.37,57.35500000000001,6,1.6933333333333334,48.69166666666666,172.48333333333335,0.77,0.0,0.130814586313401,-0.991406850898083,63.23593073593073,36116.8064516129,0.0,27.870967741935484,1.0,0.0,92135.2577419355,32.791666666666664,89.71287239641323,92135.2577419355,0.0,27.103003,1022.9655,10.53,0.0,0.0,0.0,5,winter,yeongheung_coal,1,0.0,92135.2577419355
2021-12-05,15917.842001376,16776.42913584,2379.711106944,22.751666666666665,11.436666666666667,60.62833333333333,6,2.9949999999999997,76.46,178.59,1.125,0.0,0.0246066586049816,-0.9996972103353584,67.96444444444444,36116.8064516129,0.0,27.870967741935484,1.0,0.0,92135.2577419355,32.791666666666664,89.71287239641323,92135.2577419355,0.0,16.299694,1026.5795,10.52,0.0,0.0,0.0,6,winter,yeongheung_coal,1,0.0,92135.2577419355
2021-12-06,18800.067269088,19367.44725744,3216.101051952,11.608333333333333,11.293333333333337,48.97666666666667,6,8.001666666666667,67.95333333333333,191.68,0.9583333333333334,0.0,-0.2024454697658255,-0.9792935370823674,70.90782608695652,36116.8064516129,0.0,27.870967741935484,1.0,0.0,92135.2577419355,32.791666666666664,89.71287239641323,92135.2577419355,0.0,15.315873,1024.366,9.82,0.0,0.0,0.0,0,winter,yeongheung_coal,1,0.0,92135.2577419355
2021-12-07,18767.453859648,19915.8213348,3050.399650608,10.836666666666666,11.445,36.965,6,7.241666666666667,83.48333333333333,138.77166666666668,0.8916666666666667,0.0,0.6590614562280633,-0.7520890884160896,93.62616822429906,36116.8064516129,0.0,27.870967741935484,1.0,0.0,92135.2577419355,32.791666666666664,89.71287239641323,92135.2577419355,0.0,18.709612,1026.4912,10.02,0.0,0.0,0.0,1,winter,yeongheung_coal,1,0.0,92135.2577419355
2021-12-08,17798.876524943997,19395.312338304,3043.135127088,10.318333333333332,11.17,35.336666666666666,6,5.925,86.85333333333334,180.28333333333333,0.9433333333333334,0.0,-0.0049450793927565,-0.9999877730201502,92.07067137809187,36116.8064516129,0.0,27.870967741935484,1.0,0.0,92135.2577419355,32.791666666666664,89.71287239641323,92135.2577419355,0.0,14.154915,1029.6691,10.34,0.0,0.0,0.0,2,winter,yeongheung_coal,1,0.0,92135.2577419355
2021-12-09,17754.306569424,19695.8510748,2844.00834408,10.26,11.346666666666666,35.593333333333334,6,6.771666666666666,64.70166666666667,84.50333333333333,1.025,0.0,0.9954017727624996,0.0957878425546439,63.123577235772366,36116.8064516129,0.0,27.870967741935484,1.0,0.0,92135.2577419355,32.791666666666664,89.71287239641323,92135.2577419355,0.0,23.269482,1026.6765,5.25,0.0,0.0,0.0,3,winter,yeongheung_coal,1,0.0,92135.2577419355
2021-12-10,18329.45787648,20020.98469752,2746.27911168,10.575,11.52,32.45166666666667,6,7.541666666666667,98.49666666666668,204.635,0.5433333333333333,0.0,-0.4168361352892832,-0.9089816479539586,181.28220858895708,36116.8064516129,0.0,27.870967741935484,1.0,0.0,92135.2577419355,32.791666666666664,89.71287239641323,92135.2577419355,0.0,25.929996,1021.941,6.61,0.0,0.0,0.0,4,winter,yeongheung_coal,1,0.0,92135.2577419355
2021-12-11,16846.31184768,17146.78461432,2000.622742416,11.381666666666666,11.538333333333334,32.195,6,8.318333333333333,84.65166666666666,225.485,0.8733333333333334,0.0,-0.713066927097274,-0.701095968808872,96.92938931297708,36116.8064516129,0.0,27.870967741935484,1.0,0.0,92135.2577419355,32.791666666666664,89.71287239641323,92135.2577419355,0.0,20.633371,1023.45807,4.03,0.0,0.0,0.0,5,winter,yeongheung_coal,1,0.0,92135.2577419355
2021-12-12,16691.874597504,17210.673176832,2077.745593536,18.391666666666666,11.576666666666666,56.41,6,-1.165,48.31333333333333,254.8166666666667,1.9066666666666665,0.0,-0.9650927213838488,-0.2619084556327204,25.33916083916084,36116.8064516129,0.0,27.870967741935484,1.0,0.0,92135.2577419355,32.791666666666664,89.71287239641323,92135.2577419355,0.0,46.852585,1023.763,10.31,0.0,0.0,0.0,6,winter,yeongheung_coal,1,0.0,92135.2577419355
2021-12-13,20326.900791168,18990.519413904,2557.9041769440005,62.68833333333334,11.258333333333333,85.93166666666667,6,1.2866666666666668,70.69166666666666,125.56833333333334,1.3333333333333333,0.0,0.8134223689895399,-0.5816734905661808,53.01875,36116.8064516129,0.0,27.870967741935484,1.0,0.0,92135.2577419355,32.791666666666664,89.71287239641323,92135.2577419355,0.0,43.07081,1026.0132,10.56,0.0,0.0,0.0,0,winter,yeongheung_coal,1,0.0,92135.2577419355
2021-12-14,20182.601372112,19660.578298128,2645.809911072,12.56,11.531666666666666,44.68833333333333,6,9.951666666666666,75.67333333333333,251.49666666666667,3.283333333333333,0.01,-0.948305193564723,-0.3173598271019399,23.047715736040608,36116.8064516129,0.0,27.870967741935484,1.0,0.0,92135.2577419355,32.791666666666664,89.71287239641323,92135.2577419355,0.0,33.092598,1018.278,7.86,0.0,0.0,0.0,1,winter,yeongheung_coal,1,0.0,92135.2577419355
2021-12-15,20078.217379296,20077.570970928,2830.5992908800004,11.518333333333333,12.225,33.85,6,6.023333333333333,91.425,249.865,0.4566666666666667,0.01,-0.938884147132092,-0.3442332904645401,200.20072992700727,36116.8064516129,0.0,27.870967741935484,1.0,0.0,92135.2577419355,32.791666666666664,89.71287239641323,92135.2577419355,0.0,34.65175,1016.81683,8.46,0.0,0.0,0.0,2,winter,yeongheung_coal,1,0.0,92135.2577419355
2021-12-16,15487.289106768,17432.102293488,2243.72243664,10.146666666666668,12.253333333333332,39.24,6,4.6066666666666665,68.405,251.01,3.675,0.0,-0.945575383560306,-0.3254031253764782,18.613605442176873,36116.8064516129,0.0,27.870967741935484,1.0,0.0,92135.2577419355,32.791666666666664,89.71287239641323,92135.2577419355,0.0,42.793083,1016.2163,5.72,0.0,0.0,0.0,3,winter,yeongheung_coal,1,0.0,92135.2577419355
2021-12-17,20060.563881024,20038.365582048,2583.44190792,12.453333333333331,23.205,89.90499999999999,6,-6.691666666666666,51.19,298.0466666666667,1.8633333333333333,0.0,-0.8825649215549681,0.4701905563074113,27.472271914132374,36116.8064516129,0.0,27.870967741935484,1.0,0.0,92135.2577419355,32.791666666666664,89.71287239641323,92135.2577419355,0.0,60.08442,1021.08746,8.27,0.0,0.0,0.0,4,winter,yeongheung_coal,1,0.0,92135.2577419355
2021-12-18,19637.510447808,19876.771966319997,2629.2551003999997,19.03,23.496666666666663,93.33666666666666,6,1.6666666666666667,95.735,270.825,4.558333333333334,0.26,-0.9998963366753923,0.0143984687772738,21.00219378427788,36116.8064516129,0.0,27.870967741935484,1.0,0.0,92135.2577419355,32.791666666666664,89.71287239641323,92135.2577419355,0.0,50.822517,1022.93646,7.02,0.0,0.0,0.0,5,winter,yeongheung_coal,1,0.0,92135.2577419355
2021-12-19,20306.189945664,19688.380231824,2628.8469527039997,11.813333333333333,15.556666666666668,71.47333333333333,6,7.603333333333333,63.44333333333333,268.0366666666667,1.9283333333333337,0.005,-0.9994129564462942,-0.0342599253834214,32.900605012964554,36116.8064516129,0.0,27.870967741935484,1.0,0.0,92135.2577419355,32.791666666666664,89.71287239641323,92135.2577419355,0.0,53.911125,1018.62604,9.36,0.0,0.0,0.0,6,winter,yeongheung_coal,1,0.0,92135.2577419355
2021-12-20,20948.454173088,20372.58625752,2746.81180152,12.315,13.685,40.025,6,8.604999999999999,91.41,224.58833333333337,1.0316666666666667,0.005,-0.7020080544531652,-0.7121690048597187,88.60420032310176,36116.8064516129,0.0,27.870967741935484,1.0,0.0,92135.2577419355,32.791666666666664,89.71287239641323,92135.2577419355,0.0,37.123665,1013.7378,8.87,0.0,0.0,0.0,0,winter,yeongheung_coal,1,0.0,92135.2577419355
2021-12-21,20918.454984719996,20092.453078896,2872.1656758239997,12.865,12.398333333333332,32.85666666666666,6,2.395,48.10333333333333,260.20666666666665,1.045,0.0,-0.9854276965874714,-0.1700948405987387,46.03189792663477,36116.8064516129,0.0,27.870967741935484,1.0,0.0,92135.2577419355,32.791666666666664,89.71287239641323,92135.2577419355,0.0,27.869207,1014.4697,7.29,0.0,0.0,0.0,1,winter,yeongheung_coal,1,0.0,92135.2577419355
2021-12-22,19417.131401472,19950.026857056,2729.169594288,11.136666666666663,11.52,33.43666666666667,6,1.595,66.89,161.53166666666667,0.8416666666666667,0.0,0.3167804812476021,-0.9484988807060014,79.47326732673267,36116.8064516129,0.0,27.870967741935484,1.0,0.0,92135.2577419355,32.791666666666664,89.71287239641323,92135.2577419355,0.0,23.664352,1020.4179,10.21,0.0,0.0,0.0,2,winter,yeongheung_coal,1,0.0,92135.2577419355
2021-12-23,20993.707924848,19734.804258912,2680.9771893119996,11.973333333333334,11.338333333333331,31.55,6,3.0283333333333338,65.155,190.26833333333337,0.7416666666666667,0.0,-0.1782584067784391,-0.983983709424507,87.84943820224719,36116.8064516129,0.0,27.870967741935484,1.0,0.0,92135.2577419355,32.791666666666664,89.71287239641323,92135.2577419355,0.0,12.768586,1021.83716,8.49,0.0,0.0,0.0,3,winter,yeongheung_coal,1,0.0,92135.2577419355
2021-12-24,21435.806101248,20294.7611364,2695.4752482719996,12.918333333333337,11.641666666666666,28.941666666666663,6,-5.605,54.155,272.045,3.1016666666666666,0.0,-0.9993631087840626,0.03568440557798,17.45996775926921,36116.8064516129,0.0,27.870967741935484,1.0,0.0,92135.2577419355,32.791666666666664,89.71287239641323,92135.2577419355,0.0,48.305775,1020.55817,3.72,0.0,0.0,0.0,4,winter,yeongheung_coal,1,0.0,92135.2577419355
2021-12-25,18829.600751664,19996.30222488,2670.586697232,36.43,12.075,39.21,6,-10.8,60.625,302.6766666666667,2.1166666666666667,0.0,-0.8417307215127978,0.5398975758989336,28.641732283464567,36116.8064516129,0.0,27.870967741935484,1.0,0.0,92135.2577419355,32.791666666666664,89.71287239641323,92135.2577419355,0.0,51.04516,1029.2932,9.98,0.0,0.0,0.0,5,winter,yeongheung_coal,1,0.0,92135.2577419355
2021-12-26,19078.92375552,19849.86867888,2559.401606592,51.38333333333333,11.801666666666668,40.90833333333334,6,-8.391666666666667,52.77166666666667,184.61,1.663333333333333,0.0,-0.0803728938399099,-0.9967648659216468,31.72645290581163,36116.8064516129,0.0,27.870967741935484,1.0,0.0,92135.2577419355,32.791666666666664,89.71287239641323,92135.2577419355,0.0,45.800713,1031.9792,9.41,0.0,0.0,0.0,6,winter,yeongheung_coal,1,0.0,92135.2577419355
2021-12-27,19883.592022608,20018.463270768,2631.576219408,37.751666666666665,11.76,35.455000000000005,6,-4.4799999999999995,97.55166666666666,167.23666666666665,0.8483333333333333,0.0,0.2209244015079643,-0.9752909354743065,114.99214145383104,36116.8064516129,0.0,27.870967741935484,1.0,0.0,92135.2577419355,32.791666666666664,89.71287239641323,92135.2577419355,0.0,24.648829,1027.7842,6.22,0.0,0.0,0.0,0,winter,yeongheung_coal,1,0.0,92135.2577419355
2021-12-28,20840.511117600003,20049.175249776,2951.233909632,16.976666666666667,11.676666666666668,31.828333333333333,6,-0.9566666666666668,96.92,155.93166666666667,1.1283333333333334,0.0,0.4078258859146436,-0.913059716983471,85.89660265878877,36116.8064516129,0.0,27.870967741935484,1.0,0.0,92135.2577419355,32.791666666666664,89.71287239641323,92135.2577419355,0.0,22.545315,1024.7649,7.35,0.0,0.0,0.0,1,winter,yeongheung_coal,1,0.0,92135.2577419355
2021-12-29,20256.171571296,20113.189235712,3197.8768600800004,11.366666666666667,11.851666666666668,32.946666666666665,6,0.105,67.37333333333333,263.4316666666667,2.98,0.01,-0.9934361382150164,-0.1143881081600482,22.608501118568235,36116.8064516129,0.0,27.870967741935484,1.0,0.0,92135.2577419355,32.791666666666664,89.71287239641323,92135.2577419355,0.0,42.959328,1016.9104,8.36,0.0,0.0,0.0,2,winter,yeongheung_coal,1,0.0,92135.2577419355
2021-12-30,20442.904280064,20027.157553152,3075.4625025600003,11.665,12.611666666666666,45.34166666666667,6,-2.8466666666666662,44.421666666666674,289.98833333333334,3.158333333333333,0.0,-0.9397622440435198,0.3418287943843933,14.064907651715044,36116.8064516129,0.0,27.870967741935484,1.0,0.0,92135.2577419355,32.791666666666664,89.71287239641323,92135.2577419355,0.0,48.626656,1022.03345,6.49,0.0,0.0,0.0,3,winter,yeongheung_coal,1,0.0,92135.2577419355
2021-12-31,20860.484586048,19978.108032816,2689.554249504,12.001666666666669,13.216666666666669,50.154999999999994,6,-5.355,41.47833333333333,292.62,1.2416666666666667,0.0,-0.9230760164969142,0.3846175604001832,33.40536912751678,36116.8064516129,0.0,27.870967741935484,1.0,0.0,92135.2577419355,32.791666666666664,89.71287239641323,92135.2577419355,0.0,49.760803,1029.046,10.51,0.0,0.0,0.0,4,winter,yeongheung_coal,1,0.0,92135.2577419355
2022-01-01,21095.165473632,19603.579479552,2894.1638790240004,12.565,12.563333333333333,48.27166666666667,6,-0.205,57.028333333333336,143.21666666666667,1.7299999999999998,0.0,0.5987906498612777,-0.8009055859704742,32.96435452793835,35670.58064516129,0.0,94.41935483870968,1.0,0.0,91355.47225806452,33.10666666666666,89.05159519006725,93015.272,176.42875199999995,29.035288,1028.4198,10.33,39.32471099999999,25.236013,0.0019275110650285,5,winter,yeongheung_coal,1,111.868028,93015.272
2022-01-02,20187.647340624,19972.027538208,3120.807264048,11.57,11.995,39.26833333333334,6,-2.823333333333333,46.596666666666664,203.39166666666665,0.805,0.005,-0.39701440443509,-0.9178123787959338,57.884057971014485,35670.58064516129,0.0,94.41935483870968,1.0,0.0,91355.47225806452,33.10666666666666,89.05159519006725,95489.642,289.613329,36.918873,1023.89795,10.51,28.018628,153.530544,0.0031601621313874,6,winter,yeongheung_coal,1,108.064157,95489.642
2022-01-03,19464.360837984,19340.631136368003,3193.150364064,11.148333333333332,12.028333333333334,42.41833333333333,6,1.455,97.54666666666668,168.0716666666667,0.6033333333333334,0.005,0.2066880425982403,-0.9784068954412106,161.67955801104972,35670.58064516129,0.0,94.41935483870968,1.0,0.0,91355.47225806452,33.10666666666666,89.05159519006725,95141.264,169.675497,25.9225,1023.48724,8.37,35.015765,26.335695,0.0018538675015753,0,winter,yeongheung_coal,1,108.324037,95141.264
2022-01-04,20946.243392496,19821.775471056,3018.7382436,12.151666666666666,12.263333333333334,46.23166666666666,6,-3.5533333333333332,51.086666666666666,158.915,1.0733333333333333,0.0,0.3597525491216831,-0.9330477497965745,47.59627329192547,35670.58064516129,0.0,94.41935483870968,1.0,0.0,91355.47225806452,33.10666666666666,89.05159519006725,95089.932,321.502686,31.072817,1025.4164,10.7,47.668938,164.494191,0.0035069076635235,1,winter,yeongheung_coal,1,109.339557,95089.932
2022-01-05,21394.843007328007,19866.392866368,3093.745316688,12.19,11.98,50.615,6,0.835,46.84166666666667,97.97833333333334,1.125,0.0,0.9903206268939194,-0.1387986165220477,41.63703703703704,35670.58064516129,0.0,94.41935483870968,1.0,0.0,91355.47225806452,33.10666666666666,89.05159519006725,96611.502,160.82717100000002,21.542923,1025.3262,7.69,18.21552,33.13492,0.0017573609510364,2,winter,yeongheung_coal,1,109.476731,96611.502
2022-01-06,21152.512513008,19946.171236176,2812.137663888,12.286666666666669,11.571666666666667,45.333333333333336,6,-1.2933333333333332,53.46333333333333,151.88,0.99,0.0,0.4713197728821187,-0.8819623981158993,54.003367003367,35670.58064516129,0.0,94.41935483870968,1.0,0.0,91355.47225806452,33.10666666666666,89.05159519006725,94806.759,259.68712999999997,29.784426,1026.2152,10.65,42.694882,104.528465,0.0028345432320868,3,winter,yeongheung_coal,1,112.463783,94806.759
2022-01-07,20682.721169568,19974.054220848,2902.089094848,11.843333333333334,11.483333333333334,46.33166666666667,6,-1.6416666666666666,57.995,173.1266666666667,0.6816666666666666,0.0,0.1196747755917642,-0.992813148627203,85.07823960880195,35670.58064516129,0.0,94.41935483870968,1.0,0.0,91355.47225806452,33.10666666666666,89.05159519006725,96369.712,176.286631,18.35647,1027.1996,10.67,46.349462,16.757858,0.0019259613618225,4,winter,yeongheung_coal,1,113.179311,96369.712
2022-01-08,21173.032636704,19990.141109856,3008.401347888,12.118333333333334,11.451666666666666,34.00333333333333,6,5.705000000000001,75.55666666666667,272.46166666666664,3.02,0.0,-0.999077181224062,0.0429509715534245,25.018763796909493,35670.58064516129,0.0,94.41935483870968,1.0,0.0,91355.47225806452,33.10666666666666,89.05159519006725,95934.9,222.034851,31.912327,1021.5843,8.5,20.525493,87.921632,0.0024245566188602,5,winter,yeongheung_coal,1,113.587726,95934.9
2022-01-09,18721.996441056,18077.562914688,2435.0549970240004,11.883333333333333,11.49,36.03333333333333,6,-0.4133333333333333,86.45333333333333,164.79999999999998,0.7716666666666666,0.0,0.2621891786408652,-0.9650164944723112,112.03455723542118,35670.58064516129,0.0,94.41935483870968,1.0,0.0,91355.47225806452,33.10666666666666,89.05159519006725,85897.963,209.929867,29.784426,1019.67926,9.81,32.800539,61.755568,0.0022926767330008,6,winter,yeongheung_coal,1,115.37376,85897.963
2022-01-10,18639.774741888,17945.762395824004,2493.475090848,11.826666666666668,11.458333333333334,34.788333333333334,6,0.25,88.34833333333334,276.19666666666666,4.793333333333334,0.01,-0.994157245437715,0.1079415181646753,18.431502086230875,35670.58064516129,0.0,94.41935483870968,1.0,0.0,91355.47225806452,33.10666666666666,89.05159519006725,86139.808,174.12695100000002,21.767351,1018.30884,6.74,18.853093,41.132493,0.0019024113784468,0,winter,yeongheung_coal,1,114.141365,86139.808
2022-01-11,19615.08874752,20181.29871672,2975.8404712320003,11.235,11.953333333333331,49.43,6,-7.21,60.48166666666666,280.5916666666667,1.4933333333333332,0.0,-0.9829620933923896,0.1838083865160977,40.50111607142857,35670.58064516129,0.0,94.41935483870968,1.0,0.0,91355.47225806452,33.10666666666666,89.05159519006725,96059.26,773.526278,44.45672,1018.0008,11.1,39.453742,612.263093,0.0083961216369588,1,winter,yeongheung_coal,1,121.809443,96059.26
2022-01-12,21231.676442303997,20252.824607952,3027.053030976,12.128333333333332,11.623333333333337,70.205,6,-2.7083333333333335,54.35833333333333,294.8483333333333,1.7666666666666666,0.0,-0.9074233159503636,0.4202177122274196,30.768867924528298,35670.58064516129,0.0,94.41935483870968,1.0,0.0,91355.47225806452,33.10666666666666,89.05159519006725,96209.3,332.094254,31.956968,1020.60724,10.94,46.707317,169.771624,0.0036220205926863,2,winter,yeongheung_coal,1,115.615313,96209.3
2022-01-13,20114.752220064,20158.933811904,3010.608590256,11.523333333333332,12.781666666666666,87.26499999999999,6,-4.623333333333333,54.928333333333335,280.68333333333334,1.7816666666666665,0.005,-0.9826667631996548,0.1853807770582312,30.82974742750234,35670.58064516129,0.0,94.41935483870968,1.0,0.0,91355.47225806452,33.10666666666666,89.05159519006725,96016.409,684.5477970000001,44.319492,1019.187,9.87,37.099962,528.3771380000001,0.0074375016062627,3,winter,yeongheung_coal,1,119.07069699999998,96016.409
2022-01-14,19601.804278943997,19732.149779328003,3195.041258016,11.168333333333337,11.491666666666667,86.57333333333332,6,-2.8166666666666664,60.538333333333334,160.38166666666666,0.7433333333333333,0.0,0.3357529893178483,-0.941950067765871,81.44170403587445,35670.58064516129,0.0,94.41935483870968,1.0,0.0,91355.47225806452,33.10666666666666,89.05159519006725,96671.635,333.102889,37.35683,1023.3752,11.34,49.818254,169.983983,0.0036329814097963,4,winter,yeongheung_coal,1,113.300652,96671.635
2022-01-15,19387.472035392,20203.631320896,3247.38084384,13.4,11.731666666666667,89.36333333333333,6,3.66,82.675,247.085,1.1183333333333334,0.0,-0.9210835015864344,-0.3893651025776102,73.92697466467958,35670.58064516129,0.0,94.41935483870968,1.0,0.0,91355.47225806452,33.10666666666666,89.05159519006725,96931.137,196.675022,26.576681,1019.77985,5.54,14.745771,75.83846100000001,0.0021482294827925,5,winter,yeongheung_coal,1,106.09079,96931.137
2022-01-16,18730.0273788,19897.120024992,3268.2149166239997,10.983333333333334,11.913333333333334,89.255,6,-4.8,56.57,297.3283333333333,2.068333333333334,0.0,-0.8883903172424981,0.4590889284547969,27.35052377115229,35670.58064516129,0.0,94.41935483870968,1.0,0.0,91355.47225806452,33.10666666666666,89.05159519006725,96134.049,545.781527,40.257275,1022.1208,11.48,48.517591,387.483854,0.0059387821658718,6,winter,yeongheung_coal,1,109.780082,96134.049
2022-01-17,19933.708587840003,19904.663323296,3314.207901456,11.428333333333333,11.741666666666667,87.12,6,-4.601666666666667,47.044999999999995,247.835,1.4050000000000002,0.005,-0.9261012218506474,-0.3772751342014712,33.483985765124544,35670.58064516129,0.0,94.41935483870968,1.0,0.0,91355.47225806452,33.10666666666666,89.05159519006725,96164.21,319.278241,42.984966,1024.5554,9.7,30.018544,182.336927,0.0034827282240954,0,winter,yeongheung_coal,1,106.92277,96164.21
2022-01-18,20749.83258312,20157.0258204,3525.863941008,11.621666666666668,11.313333333333333,2.2416666666666667,6,-2.6566666666666667,54.53,234.82,0.8533333333333334,0.0,-0.8173460613843703,-0.5761470436784841,63.90234375,35670.58064516129,0.0,94.41935483870968,1.0,0.0,91355.47225806452,33.10666666666666,89.05159519006725,97499.446,231.098342,30.216421,1026.0677,11.66,50.607148,74.124678,0.0025232775993889,1,winter,yeongheung_coal,1,106.366516,97499.446
2022-01-19,21096.085909536,20287.421764559997,3964.719134448,11.891666666666666,11.478333333333332,2.5166666666666666,6,-5.195,61.93166666666667,260.055,1.5366666666666668,0.005,-0.9849739895365986,-0.1727027502281199,40.30260303687635,35670.58064516129,0.0,94.41935483870968,1.0,0.0,91355.47225806452,33.10666666666666,89.05159519006725,97617.539,284.640967,38.26175,1021.79645,4.9,6.431220000000001,179.160676,0.0031060739340307,2,winter,yeongheung_coal,1,99.049071,97617.539
2022-01-20,20772.681696864,21499.720099488,3710.949690672,11.800000000000002,12.226666666666668,2.3716666666666666,6,-5.006,69.05,153.632,0.8460000000000001,0.0,0.4441348500441224,-0.8959599516587139,81.61938534278958,35670.58064516129,0.0,94.41935483870968,1.0,0.0,91355.47225806452,33.10666666666666,89.05159519006725,97564.42,180.11357700000002,28.291512,1026.09,11.81,43.676714,38.734502,0.001967689127205,3,winter,yeongheung_coal,1,97.702361,97564.42
2022-01-21,19593.865355184,21478.94334072,3609.308601504,11.328333333333331,12.408333333333331,2.356666666666667,6,-2.928,75.51,171.366,1.142,0.0,0.1501220569286346,-0.988667470903901,66.12084063047287,35670.58064516129,0.0,94.41935483870968,1.0,0.0,91355.47225806452,33.10666666666666,89.05159519006725,95902.9,154.586642,17.429354,1027.6937,12.06,49.779239,10.566669,0.0016892857884488,4,winter,yeongheung_coal,1,94.240734,95902.9
2022-01-22,17613.953742528,19330.667314992,3937.699914192,10.691666666666668,11.638333333333334,2.6216666666666666,6,1.752,49.214,108.308,0.518,0.0,0.9493816267698126,-0.3141250177109492,95.007722007722,35670.58064516129,0.0,94.41935483870968,1.0,0.0,91355.47225806452,33.10666666666666,89.05159519006725,92453.505,136.792878,17.313717,1023.8831,9.24,38.729008,3.84323,0.0014951305205589,5,winter,yeongheung_coal,1,94.22064,92453.505
2022-01-23,11945.286265968,18843.182812944,13256.717224896,8.211666666666666,14.405,14.725,6,0.7460000000000001,72.396,154.36,0.95,0.0,0.4327152413296609,-0.9015306538998068,76.20631578947369,35670.58064516129,0.0,94.41935483870968,1.0,0.0,91355.47225806452,33.10666666666666,89.05159519006725,76279.434,153.867528,22.91026,1019.94025,10.47,31.097521,27.533921999999997,0.0016814406962143,6,winter,yeongheung_coal,1,95.236085,76279.434
2022-01-24,17305.884205488,19927.373083056,3615.384008304,10.073333333333332,11.581666666666663,2.35,6,5.328,55.80799999999999,112.446,2.3259999999999996,0.0,0.924239792771205,-0.3818125265863338,23.993121238177128,35670.58064516129,0.0,94.41935483870968,1.0,0.0,91355.47225806452,33.10666666666666,89.05159519006725,94843.497,246.740528,28.988384,1018.9318,8.77,36.539245,114.551211,0.0026936088168116,0,winter,yeongheung_coal,1,95.650072,94843.497
2022-01-25,15108.721222752,19630.421139024,3748.693744512,8.986666666666666,11.615,2.463333333333334,6,2.366,77.798,254.186,1.444,0.0,-0.962151434190142,-0.2725153531195127,53.87673130193906,35670.58064516129,0.0,94.41935483870968,1.0,0.0,91355.47225806452,33.10666666666666,89.05159519006725,94104.872,239.24847,28.856194,1017.6973,6.34,18.331622,122.036453,0.0026120334021248,1,winter,yeongheung_coal,1,98.880395,94104.872
2022-01-26,15864.149787408,19514.568304224,3433.991685984,9.386666666666668,11.515,2.29,6,-0.472,59.25,280.192,1.2799999999999998,0.0,-0.9842203240696504,0.1769473189631086,46.28906250000001,35670.58064516129,0.0,94.41935483870968,1.0,0.0,91355.47225806452,33.10666666666666,89.05159519006725,94187.248,251.44259900000003,29.644857,1021.63745,11.66,40.390541,107.185842,0.0027447993352066,2,winter,yeongheung_coal,1,103.866216,94187.248
2022-01-27,18206.142453936,19500.5524932,3496.015566864,10.636666666666668,11.448333333333332,2.3249999999999997,6,-1.8,55.815999999999995,278.34000000000003,1.402,0.0,-0.989424768295606,0.1450469850882341,39.81169757489301,35670.58064516129,0.0,94.41935483870968,1.0,0.0,91355.47225806452,33.10666666666666,89.05159519006725,94458.339,270.045543,32.90014,1022.6694,11.37,43.53778,121.376924,0.0029472743999801,3,winter,yeongheung_coal,1,105.130839,94458.339
2022-01-28,16991.224517087998,18533.751438816,28029.874205376007,10.225,12.106666666666667,28.356666666666666,6,-3.054,63.014,271.386,1.5159999999999998,0.0,-0.9997074298448588,0.0241879042702495,41.56596306068602,35670.58064516129,0.0,94.41935483870968,1.0,0.0,91355.47225806452,33.10666666666666,89.05159519006725,84356.441,374.0529580000001,31.910301,1022.82,12.72,52.610534,218.144134,0.0040777814680598,4,winter,yeongheung_coal,1,103.29829,84356.441
2022-01-29,16930.506611232,17093.49942744,3114.705990816,9.775,9.84,34.97,6,-3.3840000000000003,58.58,279.156,1.0,0.0,-0.9872587539224348,0.1591230743906154,58.58,35670.58064516129,0.0,94.41935483870968,1.0,0.0,91355.47225806452,33.10666666666666,89.05159519006725,75839.825,270.228698,31.771912,1020.30707,12.91,53.814215,130.927414,0.0029492674564048,5,winter,yeongheung_coal,1,85.487069,75839.825
2022-01-30,15892.995140496,16303.494138912,2645.059975488,9.561666666666667,9.79,3.408333333333333,6,-1.354,50.544,275.52,1.4200000000000002,0.0,-0.995362681245744,0.0961932054943776,35.59436619718309,35670.58064516129,0.0,94.41935483870968,1.0,0.0,91355.47225806452,33.10666666666666,89.05159519006725,73255.87,294.213659,30.141266,1019.8784,13.09,55.788887,163.78801,0.0032101982244242,6,winter,yeongheung_coal,1,74.63676199999999,73255.87
2022-01-31,10820.769759360002,9814.92327072,2155.30841952,6.55,6.006666666666667,68.06166666666667,6,1.5539999999999998,72.134,261.95,3.086,0.01,-0.9901462402487812,-0.1400372197710417,23.37459494491251,35670.58064516129,0.0,94.41935483870968,1.0,0.0,91355.47225806452,33.10666666666666,89.05159519006725,54973.558,198.997053,38.600662,1020.9217,11.15,43.075458,83.229971,0.0021735372887574,0,winter,yeongheung_coal,1,72.69162399999999,54973.558
2022-02-01,10096.208414352002,9137.479212288,1449.829527264,6.368333333333333,5.9316666666666675,62.696666666666665,6,-1.294,72.124,270.432,1.518,0.0,-0.999971575673983,0.0075397509303576,47.51251646903821,28420.214285714286,0.0,90.67857142857144,1.0,0.0,72568.01928571428,26.17833333333333,86.95364829225689,50603.416,327.41847499999994,44.326805,1021.5332,7.77,12.761768,233.482543,0.004491618200782,1,winter,yeongheung_coal,1,81.17416399999999,50603.416
2022-02-02,9935.305193088,11391.785928576,2312.319936096,6.575,11.715000000000002,63.94666666666666,6,-2.222,80.94200000000001,196.148,0.394,0.0,-0.2781194563551561,-0.960546494448193,205.43654822335023,28420.214285714286,0.0,90.67857142857144,1.0,0.0,72568.01928571428,26.17833333333333,86.95364829225689,54472.636,245.08089,31.353085,1025.9237,13.47,54.87094,109.841036,0.0033658900583626,2,winter,yeongheung_coal,1,80.368914,54472.636
2022-02-03,11618.240371488,11787.264241055998,1693.011585456,7.023333333333333,7.238333333333333,81.74166666666666,6,-2.286,60.242,270.988,0.96,0.0,-0.9998513284507076,0.017242998444453,62.75208333333333,28420.214285714286,0.0,90.67857142857144,1.0,0.0,72568.01928571428,26.17833333333333,86.95364829225689,73875.22,220.858201,30.378967,1024.6913,13.6,56.725094,90.765814,0.0030342300723116,3,winter,yeongheung_coal,1,73.367293,73875.22
2022-02-04,4055.088473424,5367.491373024,713.8978883999999,7.3,7.598333333333334,106.35666666666668,6,-5.688,58.396,243.062,1.55,0.0,-0.8914972674283639,-0.4530260722825566,37.67483870967742,28420.214285714286,0.0,90.67857142857144,1.0,0.0,72568.01928571428,26.17833333333333,86.95364829225689,75671.89,407.17967,44.740047,1022.52716,12.71,46.281622000000006,293.611904,0.0055796993475427,4,winter,yeongheung_coal,1,67.28614400000001,75671.89
2022-02-05,3843.935912304,4184.633217744,753.916407552,8.211666666666666,7.73,99.84333333333336,6,-2.88,52.444,250.728,2.5,0.0,-0.9439623586800902,-0.3300531251103689,20.9776,28420.214285714286,0.0,90.67857142857144,1.0,0.0,72568.01928571428,26.17833333333333,86.95364829225689,66615.914,517.1122780000001,43.057266,1023.59796,10.81,40.7235,402.10944,0.0070754785130158,5,winter,yeongheung_coal,1,74.27933800000001,66615.914
2022-02-06,4068.44105472,4044.168872351999,888.879018384,8.358333333333333,7.5683333333333325,101.62833333333334,6,-2.54,50.768,295.3,1.344,0.0,-0.9040825496607784,0.4273578633871923,37.773809523809526,28420.214285714286,0.0,90.67857142857144,1.0,0.0,72568.01928571428,26.17833333333333,86.95364829225689,66760.36,364.213822,32.090523,1025.1061,13.59,54.75428,245.071507,0.0049938663123353,6,winter,yeongheung_coal,1,64.388035,66760.36
2022-02-07,4730.05608768,4950.013374,1585.0432363680002,7.960000000000001,7.581666666666666,114.91499999999998,6,0.658,62.218,232.444,0.516,0.0,-0.7927579675360771,-0.6095365492799166,120.57751937984496,28420.214285714286,0.0,90.67857142857144,1.0,0.0,72568.01928571428,26.17833333333333,86.95364829225689,74488.934,127.715907,26.944744,1026.0026,10.73,29.29997,33.329403,0.0017568555660305,0,winter,yeongheung_coal,1,65.086534,74488.934
2022-02-08,3844.782118368,5501.556867888,1666.8303940800004,7.316666666666666,7.611666666666667,40.87833333333334,6,-0.738,77.986,220.364,0.532,0.0,-0.6476412845304004,-0.7619453829322762,146.59022556390977,28420.214285714286,0.0,90.67857142857144,1.0,0.0,72568.01928571428,26.17833333333333,86.95364829225689,78100.002,135.414265,15.463246,1024.6033,13.85,50.316585,16.219979000000002,0.0018625566687375,1,winter,yeongheung_coal,1,68.877701,78100.002
2022-02-09,3371.047244928,5859.321174144,1732.091884416,7.036666666666666,7.768333333333333,68.05333333333333,6,0.8780000000000001,76.66600000000001,263.92400000000004,0.918,0.0,-0.994382368688932,-0.1058475547218217,83.51416122004358,28420.214285714286,0.0,90.67857142857144,1.0,0.0,72568.01928571428,26.17833333333333,86.95364829225689,78155.18,138.395586,18.289274,1023.34125,12.67,42.558867,13.859889,0.0019034852185215,2,winter,yeongheung_coal,1,81.97683,78155.18
2022-02-10,4894.025582448,5690.554871040001,1224.5464468799998,7.56,7.713333333333334,59.330000000000005,6,1.188,96.97,209.716,0.842,0.0,-0.4957012167894276,-0.8684931224100055,115.16627078384798,28420.214285714286,0.0,90.67857142857144,1.0,0.0,72568.01928571428,26.17833333333333,86.95364829225689,77541.982,141.117153,14.458382,1020.85443,14.31,48.700968,7.917803,0.0019408448499308,3,winter,yeongheung_coal,1,84.49838199999999,77541.982
2022-02-11,5454.978305904001,5497.487196192001,1077.170009472,7.898333333333333,7.491666666666667,55.04999999999999,6,2.3440000000000003,87.064,233.76799999999997,0.6679999999999999,0.0,-0.8066303298727105,-0.5910562671433593,130.33532934131736,28420.214285714286,0.0,90.67857142857144,1.0,0.0,72568.01928571428,26.17833333333333,86.95364829225689,77976.185,128.739893,12.979984,1023.68823,10.67,41.726232,2.075754,0.0017709165367813,4,winter,yeongheung_coal,1,84.93790700000001,77976.185
2022-02-12,3637.628808624,4907.184742512,828.262851984,7.1933333333333325,7.516666666666666,52.78166666666666,6,2.024,78.57000000000001,196.668,0.74,0.0,-0.2868255260616825,-0.9579828378418056,106.17567567567568,28420.214285714286,0.0,90.67857142857144,1.0,0.0,72568.01928571428,26.17833333333333,86.95364829225689,70113.63,147.94198799999998,16.434305,1022.6897,13.35,53.167981,12.372079,0.0020345187687627,5,winter,yeongheung_coal,1,82.401928,70113.63
2022-02-13,3398.0665255200006,4975.5865932,901.077909408,6.890000000000001,7.415,56.093333333333334,6,2.0740000000000003,69.812,223.17,1.224,0.0,-0.6841653250291255,-0.7293269555060962,57.0359477124183,28420.214285714286,0.0,90.67857142857144,1.0,0.0,72568.01928571428,26.17833333333333,86.95364829225689,69867.225,134.602978,16.93531,1019.20264,11.34,29.157448,24.572826,0.0018514184744499,6,winter,yeongheung_coal,1,80.872704,69867.225
2022-02-14,5330.24481528,5546.331798768001,1056.728373696,8.17,7.68,49.895,6,-0.4639999999999999,64.23400000000001,272.258,2.9,0.01,-0.9992235447961088,0.0393993340692312,22.1496551724138,28420.214285714286,0.0,90.67857142857144,1.0,0.0,72568.01928571428,26.17833333333333,86.95364829225689,75879.277,323.200287,39.463947,1017.50854,8.82,22.468409,223.275956,0.0044340084977942,0,winter,yeongheung_coal,1,77.455922,75879.277
2022-02-15,5003.218390464,5663.519278848,1095.6266245439997,7.830000000000001,7.636666666666667,54.625,6,-5.444,57.814,298.71,1.844,0.0,-0.8770623355345561,0.4803765810139683,31.352494577006507,28420.214285714286,0.0,90.67857142857144,1.0,0.0,72568.01928571428,26.17833333333333,86.95364829225689,77596.52,527.2664050000001,40.482,1019.7624,15.58,30.272934,418.463953,0.0072134119186701,1,winter,yeongheung_coal,1,78.52951800000001,77596.52
2022-02-16,4353.075416016,5540.799125376,1169.31352032,7.081666666666667,7.556666666666666,74.04333333333334,6,-6.965999999999999,46.989999999999995,287.772,2.9400000000000004,0.0,-0.9522786699506228,0.305229970279907,15.982993197278908,28420.214285714286,0.0,90.67857142857144,1.0,0.0,72568.01928571428,26.17833333333333,86.95364829225689,77749.781,642.8644109999999,45.494087,1021.3642,14.65,45.528969,520.362171,0.0087809950998973,2,winter,yeongheung_coal,1,76.973271,77749.781
2022-02-17,11995.452993743998,13272.63191208,2194.285019472,6.888333333333333,7.696666666666666,85.505,6,-6.35,58.5,169.968,0.596,0.0,0.1741981709647071,-0.9847106159844884,98.1543624161074,28420.214285714286,0.0,90.67857142857144,1.0,0.0,72568.01928571428,26.17833333333333,86.95364829225689,78332.897,399.7165169999999,41.180286,1025.7462,15.99,58.925259,264.133869,0.0054779898622691,3,winter,yeongheung_coal,1,76.657389,78332.897
2022-02-18,11780.429906016,12891.389645808,2108.001197376,6.853333333333333,7.586666666666666,82.61999999999999,6,-0.152,64.68199999999999,298.88,1.004,0.0,-0.8756331710363374,0.4829767590483504,64.42430278884461,28420.214285714286,0.0,90.67857142857144,1.0,0.0,72568.01928571428,26.17833333333333,86.95364829225689,77659.932,140.963999,20.018072,1027.5305,14.89,54.08478,15.198715,0.0019387425409046,4,winter,yeongheung_coal,1,71.680504,77659.932
2022-02-19,13268.031226128,13082.002123824,2151.949967712,7.771666666666667,7.703333333333333,68.33166666666668,6,-3.676,48.374,248.536,3.728,0.0,-0.9306476638220942,-0.3659165558190534,12.975858369098711,28420.214285714286,0.0,90.67857142857144,1.0,0.0,72568.01928571428,26.17833333333333,86.95364829225689,77132.632,343.674515,47.149002,1021.49756,9.43,35.299679000000005,235.35358899999997,0.0047135719537574,5,winter,yeongheung_coal,1,73.021247,77132.632
2022-02-20,13667.073754464,12828.425945616,2049.223655376,8.06,7.599999999999999,65.28166666666667,6,-2.81,58.16799999999999,310.506,1.14,0.0,-0.7603379513901792,0.6495276742955496,51.02456140350877,28420.214285714286,0.0,90.67857142857144,1.0,0.0,72568.01928571428,26.17833333333333,86.95364829225689,76899.642,628.226862,45.9448,1023.8164,16.34,61.690201,488.202219,0.0085827743233198,6,winter,yeongheung_coal,1,78.334442,76899.642
2022-02-21,14040.405439776,12796.169536368,2025.917538912,8.403333333333334,7.671666666666667,67.75,6,-2.428,51.836,264.15999999999997,2.392,0.0,-0.9948099157835046,-0.1017508302610671,21.67056856187291,28420.214285714286,0.0,90.67857142857144,1.0,0.0,72568.01928571428,26.17833333333333,86.95364829225689,76197.621,465.723552,44.4436,1024.7341,15.7,48.265177,362.097679,0.0063768271199638,0,winter,yeongheung_coal,1,55.360696,76197.621
2022-02-22,13249.51456752,12724.06240944,2106.812279952,7.98,7.676666666666667,62.88166666666667,6,-5.55,41.422,282.552,2.088,0.0,-0.9760991707039556,0.2173255828268963,19.83812260536398,28420.214285714286,0.0,90.67857142857144,1.0,0.0,72568.01928571428,26.17833333333333,86.95364829225689,75695.376,419.81908,40.643345,1029.212,15.33,50.329294,290.450787,0.0057519045556116,1,winter,yeongheung_coal,1,79.03899899999999,75695.376
2022-02-23,12289.525435008,12910.820570496,2317.251146544,8.75,9.326666666666666,49.379999999999995,6,-3.694,40.309999999999995,268.942,1.974,0.0,-0.999829515957614,-0.0184645341117332,20.420466058763928,28420.214285714286,0.0,90.67857142857144,1.0,0.0,72568.01928571428,26.17833333333333,86.95364829225689,75970.074,396.500484,35.52162,1030.9246,17.02,61.055851,255.020098,0.0054341546446328,2,winter,yeongheung_coal,1,80.424535,75970.074
2022-02-24,12307.83091704,12921.580937376002,2361.460556592,8.695,9.268333333333333,46.849999999999994,6,0.4199999999999999,87.454,224.906,1.478,0.0,-0.7059457439825195,-0.7082659151427287,59.17050067658998,28420.214285714286,0.0,90.67857142857144,1.0,0.0,72568.01928571428,26.17833333333333,86.95364829225689,75374.965,181.280757,26.89419,1028.3618,16.8,56.35896700000001,43.549911,0.0024918556864954,3,winter,yeongheung_coal,1,81.371879,75374.965
2022-02-25,13870.883942784,13185.933244991998,2278.560703248,10.953333333333331,10.733333333333334,45.405,6,4.01,95.33,167.934,1.152,0.0,0.2090382977775968,-0.9779074547533856,82.75173611111111,28420.214285714286,0.0,90.67857142857144,1.0,0.0,72568.01928571428,26.17833333333333,86.95364829225689,75522.379,269.353846,21.096123,1023.82367,16.09,37.983352,152.29807799999998,0.0036980170264092,4,winter,yeongheung_coal,1,79.072416,75522.379
2022-02-26,13540.037966208,13470.139090656,2459.39049,11.281666666666666,11.395,38.26666666666666,6,3.134,63.948,276.962,3.2880000000000003,0.0,-0.9926267601503675,0.1212110351139053,19.44890510948905,28420.214285714286,0.0,90.67857142857144,1.0,0.0,72568.01928571428,26.17833333333333,86.95364829225689,74839.666,671.2270209999999,44.140755,1015.1442,10.68,22.984459,577.9529699999999,0.0091648542939533,5,winter,yeongheung_coal,1,70.289592,74839.666
2022-02-27,11205.6870348,12057.966252000002,2564.15285448,6.97,7.421666666666667,38.535,6,4.146,88.724,232.94,2.4400000000000004,0.0,-0.7980048530430811,-0.6026510221676311,36.36229508196721,28420.214285714286,0.0,90.67857142857144,1.0,0.0,72568.01928571428,26.17833333333333,86.95364829225689,73029.119,437.742126,40.88497,1018.6404,17.25,56.132099,313.19133,0.0059959942549104,6,winter,yeongheung_coal,1,68.418697,73029.119
2022-02-28,6200.321719536,8056.759331663999,2496.092333904,4.28,5.515000000000001,147.29,6,4.358,71.676,162.712,0.53,0.0,0.2971749029228436,-0.9548230606100788,135.2377358490566,28420.214285714286,0.0,90.67857142857144,1.0,0.0,72568.01928571428,26.17833333333333,86.95364829225689,49782.084,157.793371,21.188072,1018.2256,10.6,36.150836000000005,50.454888,0.0021697024101308,0,winter,yeongheung_coal,1,71.187647,49782.084
2022-03-01,6857.1518544,8293.791917808,1628.602826256,4.635,5.655,104.94666666666666,6,1.512,59.848,269.588,1.574,0.01,-0.999974146621748,-0.0071906945496605,38.02287166454891,20377.129032258064,0.0,112.06451612903226,1.0,0.0,52505.54129032258,26.111666666666665,74.37504611832738,49759.238,168.567574,37.441727,1011.8818,13.26,17.705098,117.645495,0.0032001979271105,1,spring,yeongheung_coal,1,33.216981,49759.238
2022-03-02,6754.540512672,8131.049650224,1569.15336168,4.59,5.588333333333334,88.18833333333333,6,4.0,89.24,232.196,2.04,0.0,-0.7901122214657856,-0.6129622153855826,43.74509803921568,20377.129032258064,0.0,112.06451612903226,1.0,0.0,52505.54129032258,26.111666666666665,74.37504611832738,49782.238,191.524503,28.28464,1015.0962,17.88,50.945578999999995,113.014012,0.0036344434005331,2,spring,yeongheung_coal,1,27.564912,49782.238
2022-03-03,6940.422766224,8173.681718256,1611.296815824,4.698333333333333,5.598333333333334,59.31666666666666,6,2.784,92.992,134.998,0.7140000000000001,0.0,0.7071314634387382,-0.7070820980727687,130.2408963585434,20377.129032258064,0.0,112.06451612903226,1.0,0.0,52505.54129032258,26.111666666666665,74.37504611832738,49832.931,161.13331000000002,24.95452,1015.30585,17.72,58.116293,75.996857,0.003059492766969,3,spring,yeongheung_coal,1,27.02016,49832.931
2022-03-04,6666.889271327999,7744.128979392,1499.693813856,4.636666666666667,5.7250000000000005,58.83833333333334,6,4.970000000000001,81.75,285.366,2.468,0.0,-0.9642528186500442,0.2649839650345751,33.12398703403566,20377.129032258064,0.0,112.06451612903226,1.0,0.0,52505.54129032258,26.111666666666665,74.37504611832738,47722.017,440.893604,44.45672,1009.05023,15.69,31.182067,375.427335,0.0083271631957844,4,spring,yeongheung_coal,1,34.284202,47722.017
2022-03-05,6579.9588205439995,8110.597804703999,1710.938318256,4.426666666666667,5.6866666666666665,64.53666666666668,6,1.57,46.326,270.604,2.9,0.0,-0.9999444358602616,0.0105415934328492,15.97448275862069,20377.129032258064,0.0,112.06451612903226,1.0,0.0,52505.54129032258,26.111666666666665,74.37504611832738,49729.752,635.394658,47.27528,1013.1616,18.64,64.14471,515.24734,0.0119567833471712,5,spring,yeongheung_coal,1,56.002607999999995,49729.752
2022-03-06,7444.830814848,8353.60242912,2345.753391984,5.036666666666666,6.1883333333333335,93.57333333333334,6,-0.202,57.374,219.52399999999997,0.8859999999999999,0.0,-0.6364013818149532,-0.7713580758791717,64.75620767494358,20377.129032258064,0.0,112.06451612903226,1.0,0.0,52505.54129032258,26.111666666666665,74.37504611832738,49721.878,405.817713,38.161697,1019.7249,19.02,65.255532,275.255733,0.0076697654462913,6,spring,yeongheung_coal,1,65.306448,49721.878
2022-03-07,6978.917465712,12262.376189808,5953.022472528,4.5633333333333335,9.65,68.48166666666667,6,2.03,63.604,198.304,0.3399999999999999,0.0,-0.314058737604519,-0.9494035545194972,187.07058823529417,20377.129032258064,0.0,112.06451612903226,1.0,0.0,52505.54129032258,26.111666666666665,74.37504611832738,64550.482,124.957334,18.057508,1018.4245,16.75,47.401637,13.84726,0.0023742380799381,0,spring,yeongheung_coal,1,63.708437,64550.482
2022-03-08,10635.096843792,10425.983399712,4748.68434096,26.38,7.109999999999999,162.4416666666667,6,2.18,97.086,172.16,0.428,0.0,0.1364072117799883,-0.9906528516965007,226.83644859813083,20377.129032258064,0.0,112.06451612903226,1.0,0.0,52505.54129032258,26.111666666666665,74.37504611832738,58758.501,119.231957,16.09969,1016.3143,16.33,47.39704,7.1660900000000005,0.0022657001568375,1,spring,yeongheung_coal,1,64.668827,58758.501
2022-03-09,9071.19151416,10110.588231456,2086.956124416,28.873333333333335,6.248333333333332,102.68166666666666,6,1.3,98.702,194.024,0.592,0.0,-0.242328310887416,-0.9701943051484336,166.72635135135135,20377.129032258064,0.0,112.06451612903226,1.0,0.0,52505.54129032258,26.111666666666665,74.37504611832738,57220.998,121.37638,13.004921,1019.3235,18.54,53.311559,1.202897,0.0023063554806753,2,spring,yeongheung_coal,1,66.861924,57220.998
2022-03-10,9963.856414512,10410.487892784,1858.365245088,28.72333333333333,6.506666666666667,78.86333333333333,6,4.5920000000000005,84.99600000000001,194.012,1.162,0.0,-0.2421251085539398,-0.9702450369920698,73.14629948364889,20377.129032258064,0.0,112.06451612903226,1.0,0.0,52505.54129032258,26.111666666666665,74.37504611832738,57809.6,125.230502,16.42247,1018.40967,15.48,39.644266,16.473704,0.0023794160285954,3,spring,yeongheung_coal,1,69.112532,57809.6
2022-03-11,9315.473269104,9776.318602176,1508.1185266559996,30.00666666666667,6.82,62.09,6,7.692,88.96000000000001,260.7,1.006,0.0,-0.9868557164068074,-0.161603821103361,88.42942345924455,20377.129032258064,0.0,112.06451612903226,1.0,0.0,52505.54129032258,26.111666666666665,74.37504611832738,52564.5,111.881828,13.905509,1015.7481,11.89,30.194627,20.312089,0.0021263266304092,4,spring,yeongheung_coal,1,61.37511200000001,52564.5
2022-03-12,8708.370751008,9289.274028624,1454.8984814879998,39.03666666666667,6.756666666666667,59.975,6,10.032,95.512,280.99,1.93,0.01,-0.9816604709485752,0.1906376662074453,49.48808290155441,20377.129032258064,0.0,112.06451612903226,1.0,0.0,52505.54129032258,26.111666666666665,74.37504611832738,49736.962,203.316474,21.24305,1012.8011,10.15,23.785468,120.690731,0.0038573492696254,5,spring,yeongheung_coal,1,58.84027499999999,49736.962
2022-03-13,9367.143204096,9190.996889328,1436.6001486239998,45.685,6.36,64.74333333333334,6,6.1259999999999994,99.6,189.892,0.6020000000000001,0.01,-0.171791551394065,-0.985133322383128,165.44850498338866,20377.129032258064,0.0,112.06451612903226,1.0,0.0,52505.54129032258,26.111666666666665,74.37504611832738,49664.17,163.10354,26.807312,1008.0777,4.73,15.541913999999998,89.021917,0.0030967863427178,6,spring,yeongheung_coal,1,58.539709,49664.17
2022-03-14,9565.373885184,10460.620224432,2153.4573924,40.475,6.351666666666667,62.145,6,4.13,95.834,244.544,2.178,0.01,-0.9029156269610098,-0.4298178341921221,44.000918273645546,20377.129032258064,0.0,112.06451612903226,1.0,0.0,52505.54129032258,26.111666666666665,74.37504611832738,57451.504,327.11080400000003,33.46645,1009.0476,1.83,3.629796,267.93752400000005,0.0061914515178228,0,spring,yeongheung_coal,1,55.543484,57451.504
2022-03-15,8947.530895103999,10305.875889216,2044.445576976,25.91,5.9799999999999995,52.711666666666666,6,2.302,99.044,170.67,0.578,0.0,0.1621205153722519,-0.986770965571766,171.35640138408306,20377.129032258064,0.0,112.06451612903226,1.0,0.0,52505.54129032258,26.111666666666665,74.37504611832738,57251.814,137.707878,27.943514,1011.58813,18.76,51.921789,31.148244,0.0026158696542398,1,spring,yeongheung_coal,1,54.637845,57251.814
2022-03-16,8806.193947872,10698.999969744,2151.652848624,17.24,6.14,44.471666666666664,6,-1.4780000000000002,66.01,265.33000000000004,1.7280000000000002,0.0,-0.9966801531019732,-0.0814166593064777,38.20023148148148,20377.129032258064,0.0,112.06451612903226,1.0,0.0,52505.54129032258,26.111666666666665,74.37504611832738,58322.848,127.846943,17.935081,1014.0507,14.36,49.702395,27.815384,0.0024290084163546,2,spring,yeongheung_coal,1,50.329164000000006,58322.848
2022-03-17,9372.86339688,10449.379765152,2323.918495296,17.906666666666666,6.168333333333333,44.20000000000001,6,-1.2960000000000005,64.654,115.41,2.398,0.0,0.903260415801544,-0.429092788620389,26.961634695579647,20377.129032258064,0.0,112.06451612903226,1.0,0.0,52505.54129032258,26.111666666666665,74.37504611832738,57828.726,166.538694,23.933908,1016.74194,8.99,18.314291,96.48453899999998,0.0031618021169767,3,spring,yeongheung_coal,1,51.739864,57828.726
2022-03-18,9400.210414704,10515.608223696,2320.8600060000003,23.538333333333338,5.98,48.345,6,-2.7840000000000003,52.5,110.306,2.1260000000000003,0.0,0.9378525984529376,-0.3470338651703506,24.694261523988708,20377.129032258064,0.0,112.06451612903226,1.0,0.0,52505.54129032258,26.111666666666665,74.37504611832738,58126.368,212.394299,28.442278,1009.3621,8.63,17.619795999999997,146.471473,0.0040288811886446,4,spring,yeongheung_coal,1,48.30303,58126.368
2022-03-19,7228.156125455999,9227.713822704,1208.040742512,32.165,6.233333333333333,55.35333333333333,6,-5.556,79.40599999999999,174.94400000000002,0.42,0.01,0.088129366102028,-0.9961090376211104,189.0619047619047,20377.129032258064,0.0,112.06451612903226,1.0,0.0,52505.54129032258,26.111666666666665,74.37504611832738,49627.938,173.37525100000002,30.85307,1005.8289,3.98,10.339773,112.67751,0.0032911696440073,5,spring,yeongheung_coal,1,50.357968,49627.938
2022-03-20,9612.358552512002,8918.485712639998,1135.001443104,33.123333333333335,6.045000000000001,56.285,6,-5.5,46.260000000000005,227.53999999999996,0.932,0.0,-0.7377488080424871,-0.6750753263391349,49.63519313304721,20377.129032258064,0.0,112.06451612903226,1.0,0.0,52505.54129032258,26.111666666666665,74.37504611832738,49654.269,152.808908,22.66857,1016.017,19.57,48.625012000000005,55.015108,0.0029018931930926,6,spring,yeongheung_coal,1,49.168788,49654.269
2022-03-21,9898.173993168,9160.971120432,1112.344887024,32.41833333333333,6.206666666666667,70.79166666666667,6,-4.1899999999999995,59.764,254.702,1.258,0.0,-0.9645666287772126,-0.2638393803990659,47.50715421303657,20377.129032258064,0.0,112.06451612903226,1.0,0.0,52505.54129032258,26.111666666666665,74.37504611832738,49439.971,142.842128,22.657131,1021.5517,15.55,41.400079,51.680607,0.0027131341690975,0,spring,yeongheung_coal,1,49.761441999999995,49439.971
2022-03-22,10205.02309752,9248.864371056,1226.746035648,30.10166666666667,6.135000000000001,56.97666666666667,6,-4.702,64.944,192.802,0.674,0.0,-0.2215825366183476,-0.9751416202099972,96.35608308605342,20377.129032258064,0.0,112.06451612903226,1.0,0.0,52505.54129032258,26.111666666666665,74.37504611832738,49631.298,248.49503000000004,22.26477,1020.37994,21.49,61.630352,131.41777000000002,0.0047104458224037,1,spring,yeongheung_coal,1,55.44690799999999,49631.298
2022-03-23,9323.141472,9426.310548336,1676.133596304,24.929999999999996,5.973333333333334,55.73166666666667,6,4.432,83.33,232.656,0.8240000000000001,0.0,-0.7950078806558559,-0.6065991012976234,101.12864077669902,20377.129032258064,0.0,112.06451612903226,1.0,0.0,52505.54129032258,26.111666666666665,74.37504611832738,54206.974,119.945648,18.792551,1015.769,13.31,19.912884,25.76936,0.0022792311288364,2,spring,yeongheung_coal,1,74.26340400000001,54206.974
2022-03-24,8897.494790016,8981.317777824,1268.528165424,25.52333333333333,6.1066666666666665,45.796666666666674,6,7.1579999999999995,73.346,139.446,1.01,0.0,0.6501644255219,-0.7597935376046427,72.61980198019802,20377.129032258064,0.0,112.06451612903226,1.0,0.0,52505.54129032258,26.111666666666665,74.37504611832738,48597.932,172.090252,21.325253,1016.3259,19.7,29.158228,67.585097,0.0032668562910186,3,spring,yeongheung_coal,1,75.346927,48597.932
2022-03-25,9420.649507008002,9282.178434096002,1871.489883312,26.686666666666667,5.935,46.656666666666666,6,12.192,98.762,109.7,4.506,0.51,0.9414705448120378,-0.3370952584230821,21.917887261429204,20377.129032258064,0.0,112.06451612903226,1.0,0.0,52505.54129032258,26.111666666666665,74.37504611832738,52853.299,425.635979,36.834526,1012.9211,9.55,18.445427,330.359914,0.0080413095071415,4,spring,yeongheung_coal,1,76.83063800000001,52853.299
2022-03-26,10639.111570416,9440.477154288,1658.386424304,31.68166666666667,6.211666666666667,49.54,6,7.82,68.902,275.24,2.098,0.01,-0.99582088245277,0.0913278165236981,32.8417540514776,20377.129032258064,0.0,112.06451612903226,1.0,0.0,52505.54129032258,26.111666666666665,74.37504611832738,49611.714,595.478587,39.014767,998.45264,14.3,32.847589,478.402238,0.0112140706219148,5,spring,yeongheung_coal,1,84.22876000000001,49611.714
2022-03-27,9867.731376816,9043.628280192,1550.91604608,26.18166666666667,5.973333333333334,52.19,6,5.523999999999999,60.044,260.41999999999996,1.574,0.0,-0.986054190273402,-0.1664245590177893,38.14739517153748,20377.129032258064,0.0,112.06451612903226,1.0,0.0,52505.54129032258,26.111666666666665,74.37504611832738,49649.261,397.15998800000006,32.886345,1012.75104,21.95,60.540156,253.868824,0.0075073668905965,6,spring,yeongheung_coal,1,82.751008,49649.261
2022-03-28,9609.155734608,8866.675425888001,1442.308379616,26.338333333333335,5.976666666666667,62.90666666666667,6,3.184,77.24,179.39600000000002,0.904,0.0,0.010541593432849,-0.9999444358602616,85.44247787610618,20377.129032258064,0.0,112.06451612903226,1.0,0.0,52505.54129032258,26.111666666666665,74.37504611832738,49657.304,192.908371,23.617756,1023.19904,22.86,66.050685,48.930955999999995,0.0036606080869506,0,spring,yeongheung_coal,1,77.92672999999999,49657.304
2022-03-29,9279.897081984,9035.585981424,1505.6396002080005,32.79333333333333,6.25,56.78666666666666,6,6.8199999999999985,78.08000000000001,167.644,0.918,0.0,0.2139852334551781,-0.9768368952200428,85.05446623093682,20377.129032258064,0.0,112.06451612903226,1.0,0.0,52505.54129032258,26.111666666666665,74.37504611832738,49621.33,152.661478,15.683774,1022.3974,22.26,61.254268,21.613592,0.0028991015639416,1,spring,yeongheung_coal,1,69.79361800000001,49621.33
2022-03-30,9391.005038016,9105.938135424,1202.801162688,59.48833333333334,7.091666666666666,65.34,6,7.122,99.6,254.038,1.102,0.0,-0.961444294128228,-0.2749997623422128,90.38112522686023,20377.129032258064,0.0,112.06451612903226,1.0,0.0,52505.54129032258,26.111666666666665,74.37504611832738,49649.172,144.33364600000002,19.201874,1017.9587,9.73,19.403643,58.20947100000001,0.0027413863029031,2,spring,yeongheung_coal,1,66.720532,49649.172
2022-03-31,9944.858249136,9349.01392536,1124.031052512,65.57833333333333,6.858333333333334,70.265,6,7.159999999999999,80.31800000000001,253.202,1.026,0.0,-0.957329586061832,-0.2889983800139394,78.28265107212476,20377.129032258064,0.0,112.06451612903226,1.0,0.0,52505.54129032258,26.111666666666665,74.37504611832738,49636.784,248.445025,18.94024,1021.16693,17.78,38.000739,164.12354499999998,0.0047095023969371,3,spring,yeongheung_coal,1,46.32074099999999,49636.784
2022-04-01,11031.5721996,10056.800523312,1596.3309597599998,51.78333333333333,6.576666666666667,90.99333333333334,6,4.832,83.084,237.154,1.0459999999999998,0.0,-0.8401314214149114,-0.5423828857471081,79.43021032504782,24567.266666666663,0.0,119.86666666666666,1.0,0.0,63992.01933333334,26.391666666666666,79.6683673596423,55806.141,163.306501,16.954432,1026.6915,22.86,66.665779,53.075135,0.0025454862690854,4,spring,yeongheung_coal,1,43.565587,55806.141
2022-04-02,10425.0456432,9768.406989312,1682.930968416,44.615,5.995,87.33666666666666,6,5.022,81.354,215.02400000000003,0.952,0.0,-0.573919511627192,-0.8189117132961314,85.45588235294117,24567.266666666663,0.0,119.86666666666666,1.0,0.0,63992.01933333334,26.391666666666666,79.6683673596423,56331.323,161.469228,19.011953,1025.2723,21.87,63.542909,22.785802,0.002516920460929,5,spring,yeongheung_coal,1,75.140517,56331.323
2022-04-03,6877.091960496001,7946.012989728,11749.948017983996,45.870000000000005,6.75,103.085,6,6.023999999999999,71.32000000000001,162.134,0.716,0.0,0.3067918762303159,-0.951776625411174,99.60893854748603,24567.266666666663,0.0,119.86666666666666,1.0,0.0,63992.01933333334,26.391666666666666,79.6683673596423,43595.088,166.855438,18.35647,1025.5916,21.65,63.924564,27.112598,0.0026006602920435,6,spring,yeongheung_coal,1,75.818276,43595.088
2022-04-04,11183.496246288,10293.574533696,1766.788748064,51.415,8.905,91.84333333333332,6,4.652,75.912,190.994,0.458,0.0,-0.1907061985722356,-0.9816471595365246,165.7467248908297,24567.266666666663,0.0,119.86666666666666,1.0,0.0,63992.01933333334,26.391666666666666,79.6683673596423,57502.764,155.83487200000002,15.986595,1025.8254,20.31,64.364857,18.972834,0.0024293076351577,0,spring,yeongheung_coal,1,72.497181,57502.764
2022-04-05,12205.24362792,10968.31640232,2180.311489296,33.64333333333334,8.264999999999999,90.015,6,7.73,72.71000000000001,186.416,1.344,0.0,-0.1117464402114706,-0.9937367524148758,54.09970238095239,24567.266666666663,0.0,119.86666666666666,1.0,0.0,63992.01933333334,26.391666666666666,79.6683673596423,58759.348,160.39175,19.66536,1020.36053,19.52,54.898005000000005,40.023411,0.0025001671377815,1,spring,yeongheung_coal,1,65.47033400000001,58759.348
2022-04-06,12076.361193168,13138.802609328,2413.0836956159997,11.225,15.251666666666663,61.903333333333336,6,9.18,55.448,250.398,0.932,0.0,-0.9420457427446184,-0.3354844535544682,59.493562231759654,24567.266666666663,0.0,119.86666666666666,1.0,0.0,63992.01933333334,26.391666666666666,79.6683673596423,59531.918,161.565,15.379206,1018.883,20.43,59.808534,33.142246,0.0025184095585451,2,spring,yeongheung_coal,1,68.61422,59531.918
2022-04-07,13379.351778432,15495.219103536,2535.486986736,8.003333333333332,9.66,62.87166666666667,6,5.744,90.406,180.596,0.524,0.0,-0.0104019747486038,-0.9999458979971514,172.53053435114504,24567.266666666663,0.0,119.86666666666666,1.0,0.0,63992.01933333334,26.391666666666666,79.6683673596423,74143.112,186.419939,21.9718,1015.91626,22.69,62.540175,58.603178,0.0029047128773099,3,spring,yeongheung_coal,1,65.276586,74143.112
2022-04-08,12602.701194192,13074.544561104,1904.753311488,7.294999999999999,7.591666666666666,62.29,6,12.354,52.284000000000006,127.494,2.084,0.0,0.7934170852888444,-0.6086783459034457,25.088291746641076,24567.266666666663,0.0,119.86666666666666,1.0,0.0,63992.01933333334,26.391666666666666,79.6683673596423,77551.528,182.992501,18.374111,1016.56683,20.87,64.114795,38.928932,0.0028514603389928,4,spring,yeongheung_coal,1,79.948774,77551.528
2022-04-09,12761.237522592,13569.939572832,2586.721918752,7.25,7.786666666666666,54.74166666666667,6,14.702000000000002,57.062,195.63,2.326,0.0,-0.2694240944699526,-0.9630216286870436,24.53224419604471,24567.266666666663,0.0,119.86666666666666,1.0,0.0,63992.01933333334,26.391666666666666,79.6683673596423,77988.132,584.8465669999999,32.654995,1011.0402,21.79,56.337368000000005,447.6588569999999,0.0090565957149831,5,spring,yeongheung_coal,1,80.850342,77988.132
2022-04-10,12938.24999664,13439.708152704,2578.3698492,7.325,7.6816666666666675,53.321666666666665,6,13.898,75.87,194.158,0.6180000000000001,0.0,-0.2445966794775836,-0.9696249091213264,122.76699029126212,24567.266666666663,0.0,119.86666666666666,1.0,0.0,63992.01933333334,26.391666666666666,79.6683673596423,78422.357,329.19927,29.024128,1013.1863,23.64,61.440323,184.229357,0.0051180508881549,6,spring,yeongheung_coal,1,83.52959,78422.357
2022-04-11,12115.978141536,12901.43363328,2293.380424944,7.103333333333334,7.593333333333334,58.998333333333335,6,13.18,99.802,228.12600000000003,1.5219999999999998,0.0,-0.7446145223864956,-0.667494728856439,65.57293035479633,24567.266666666663,0.0,119.86666666666666,1.0,0.0,63992.01933333334,26.391666666666666,79.6683673596423,76312.732,231.91275600000003,19.61587,1010.63495,23.14,57.985122,87.513181,0.003611002136671,0,spring,yeongheung_coal,1,86.41445300000001,76312.732
2022-04-12,13143.85687944,13494.987149616,2580.9060461760005,7.448333333333333,7.741666666666667,58.75666666666667,6,10.806,99.8,168.224,0.4439999999999999,0.0,0.2040860069003973,-0.9789529619892116,224.7747747747748,24567.266666666663,0.0,119.86666666666666,1.0,0.0,63992.01933333334,26.391666666666666,79.6683673596423,77852.741,237.133894,17.377226,1008.1009,5.76,42.389415,112.21429,0.0036919978247367,1,spring,yeongheung_coal,1,82.530189,77852.741
2022-04-13,13386.88381824,13348.262216736,2324.1966033599997,7.711666666666667,7.768333333333333,43.865,6,10.408,72.484,116.298,3.736,0.01,0.8965018959394679,-0.4430398972744322,19.401498929336185,24567.266666666663,0.0,119.86666666666666,1.0,0.0,63992.01933333334,26.391666666666666,79.6683673596423,78055.141,349.098951,32.789658,1010.95776,4.18,12.621529999999998,255.313183,0.0054257519966823,2,spring,yeongheung_coal,1,81.164238,78055.141
2022-04-14,12357.420890688,11465.735441039998,1924.424892432,7.596666666666667,7.078333333333333,53.91833333333333,6,10.018,76.398,180.796,0.458,0.0,-0.0138923739402047,-0.9999034963166724,166.80786026200872,24567.266666666663,0.0,119.86666666666666,1.0,0.0,63992.01933333334,26.391666666666666,79.6683673596423,73238.822,224.033553,28.66694,1015.3775,7.85,34.352636,117.483844,0.0034887468620432,3,spring,yeongheung_coal,1,72.197073,73238.822
2022-04-15,11088.332262576,10219.373296848002,3112.456089024,6.391666666666667,6.016666666666667,94.19,6,10.306,69.01,241.33199999999997,1.044,0.0,-0.8774142342859462,-0.4797335317365324,66.10153256704982,24567.266666666663,0.0,119.86666666666666,1.0,0.0,63992.01933333334,26.391666666666666,79.6683673596423,58349.516,222.322995,27.86921,1015.7466,24.54,66.765171,80.088672,0.003462201541569,4,spring,yeongheung_coal,1,75.46915200000001,58349.516
2022-04-16,8421.294383135999,7463.715750288001,1003.602127392,6.046666666666667,5.9816666666666665,70.09,6,6.9319999999999995,93.598,184.604,0.628,0.0,-0.0802685124267356,-0.9967732770860176,149.04140127388536,24567.266666666663,0.0,119.86666666666666,1.0,0.0,63992.01933333334,26.391666666666666,79.6683673596423,58093.264,180.201882,24.216522,1015.6548,25.11,67.437617,37.341272,0.0028080979368833,5,spring,yeongheung_coal,1,75.422993,58093.264
2022-04-17,8494.96312944,7444.530861408,1040.08717584,6.355,6.039999999999999,55.11833333333333,6,9.202000000000002,78.354,142.916,0.86,0.0,0.602985236778573,-0.7977523451717884,91.1093023255814,24567.266666666663,0.0,119.86666666666666,1.0,0.0,63992.01933333334,26.391666666666666,79.6683673596423,57985.137,167.131726,19.353138,1015.594,25.24,66.229311,28.501690999999997,0.0026049553842356,6,spring,yeongheung_coal,1,72.400724,57985.137
2022-04-18,7998.958513584,6781.566006432,894.23720064,5.976666666666667,5.908333333333332,56.07333333333333,6,9.4,89.226,184.758,1.62,0.0,-0.0829473534984006,-0.9965539305765702,55.077777777777776,24567.266666666663,0.0,119.86666666666666,1.0,0.0,63992.01933333334,26.391666666666666,79.6683673596423,56369.09,149.612242,22.828087,1015.2776,20.84,53.442791,40.335091,0.0023325294091448,0,spring,yeongheung_coal,1,55.83436,56369.09
2022-04-19,8212.33065024,7524.974389968001,921.7120027679998,5.786666666666666,6.168333333333333,54.83166666666667,6,10.022,93.792,194.15,1.014,0.0,-0.2444612919163666,-0.9696590518087176,92.49704142011836,24567.266666666663,0.0,119.86666666666666,1.0,0.0,63992.01933333334,26.391666666666666,79.6683673596423,58623.232,162.61305299999998,16.434305,1014.9239,25.07,64.14437,48.779335999999994,0.0025347047742516,1,spring,yeongheung_coal,1,49.689347000000005,58623.232
2022-04-20,10222.12025784,10416.277163232,1508.814537984,5.8183333333333325,6.19,57.95666666666667,6,9.862,70.494,133.61200000000002,0.452,0.0,0.7240274119761655,-0.6897711988095008,155.96017699115043,24567.266666666663,0.0,119.86666666666666,1.0,0.0,63992.01933333334,26.391666666666666,79.6683673596423,56569.188,162.745507,20.65848,1013.564,25.28,65.495366,50.178292,0.0025367641422275,2,spring,yeongheung_coal,1,47.071849,56569.188
2022-04-21,11011.583334816,10234.362115584,5420.52631512,6.271666666666667,6.195,63.57833333333334,6,12.919999999999998,74.522,157.592,1.582,0.0,0.3811994636142552,-0.9244928171382426,47.10619469026549,24567.266666666663,0.0,119.86666666666666,1.0,0.0,63992.01933333334,26.391666666666666,79.6683673596423,57431.147,333.416877,34.488674,1009.3724,20.84,54.772279,229.562957,0.0051832820209688,3,spring,yeongheung_coal,1,49.081641000000005,57431.147
2022-04-22,11628.39754368,10426.763808576005,5574.202622352,6.538333333333333,6.338333333333334,72.88,6,9.232,99.602,220.916,1.326,0.0,-0.6549518622927716,-0.7556706015713661,75.11463046757164,24567.266666666663,0.0,119.86666666666666,1.0,0.0,63992.01933333334,26.391666666666666,79.6683673596423,57511.353,495.1532239999999,38.37843,1007.1997,15.5,20.8733,423.092547,0.0076783211972858,4,spring,yeongheung_coal,1,51.18737699999999,57511.353
2022-04-23,6925.63585032,10588.45093776,5481.977528447999,3.845,6.158333333333334,113.32166666666666,6,11.704,85.01599999999999,229.97200000000004,1.964,0.0,-0.7657302263730534,-0.6431618928533254,43.287169042769854,24567.266666666663,0.0,119.86666666666666,1.0,0.0,63992.01933333334,26.391666666666666,79.6683673596423,58232.869,123.608531,16.485485,1009.93475,24.11,49.059472,19.152472999999997,0.0019279001877912,5,spring,yeongheung_coal,1,55.396586000000006,58232.869
2022-04-24,6873.034726656,10500.70045536,5440.521819456,3.855,6.099999999999999,69.06333333333333,6,4.142,80.002,145.31599999999997,0.588,0.0,0.5690499153099676,-0.8223029818051973,136.0578231292517,24567.266666666663,0.0,119.86666666666666,1.0,0.0,63992.01933333334,26.391666666666666,79.6683673596423,57214.334,113.901624,17.31746,1008.5241,10.2,41.476045,16.895286,0.001776772290282,6,spring,yeongheung_coal,1,55.53029300000001,57214.334
2022-04-25,9408.44558592,10338.659301168,5311.442435616,5.323333333333333,6.325,72.27833333333334,6,4.725999999999998,80.00399999999999,156.698,0.562,0.5,0.3955775621486933,-0.918432573640818,142.35587188612098,24567.266666666663,0.0,119.86666666666666,1.0,0.0,63992.01933333334,26.391666666666666,79.6683673596423,57215.043,101.888781,13.237038,1008.6027,10.59,24.851218,12.352883,0.0015896796434732,0,spring,yeongheung_coal,1,64.68468,57215.043
2022-04-26,10117.53779184,10356.838224912,5567.864526863999,5.646666666666667,5.9366666666666665,62.80833333333333,6,14.198,78.24,242.21000000000004,2.4720000000000004,0.01,-0.8846623615663448,-0.4662322447320196,31.650485436893195,24567.266666666663,0.0,119.86666666666666,1.0,0.0,63992.01933333334,26.391666666666666,79.6683673596423,57393.175,377.345906,30.886656,1000.4969,22.87,54.204112,253.669974,0.0058621970963513,1,spring,yeongheung_coal,1,69.47182000000001,57393.175
2022-04-27,7678.551464496,10715.01267672,1203.688176192,4.213333333333334,7.535,68.36666666666667,6,11.86,72.984,190.532,0.542,0.0,-0.1827846501781433,-0.9831529746988784,134.65682656826567,24567.266666666663,0.0,119.86666666666666,1.0,0.0,63992.01933333334,26.391666666666666,79.6683673596423,59008.689,350.096315,38.988182,1012.06055,26.17,52.972239,232.176805,0.0054411688436463,2,spring,yeongheung_coal,1,64.947271,59008.689
2022-04-28,11025.52019136,18291.289970448,1232.341885872,6.226666666666667,12.55,60.835,6,12.948,80.31,170.606,0.652,0.5,0.1632226477511049,-0.9865892596522216,123.17484662576688,24567.266666666663,0.0,119.86666666666666,1.0,0.0,63992.01933333334,26.391666666666666,79.6683673596423,69370.895,168.37318399999998,20.771093,1013.98785,24.37,51.906923,46.311928,0.0026242542695559,3,spring,yeongheung_coal,1,70.154333,69370.895
2022-04-29,13502.51118216,13514.977192896,1202.172189552,7.608333333333333,7.676666666666667,59.906666666666666,6,12.526,81.078,112.862,0.986,0.01,0.921443279723899,-0.3885129113062582,82.22920892494929,24567.266666666663,0.0,119.86666666666666,1.0,0.0,63992.01933333334,26.391666666666666,79.6683673596423,77039.54,183.120579,23.444265,1013.3611,16.01,44.994791,61.048356,0.0028534504054085,4,spring,yeongheung_coal,1,77.077432,77039.54
2022-04-30,13435.180049376,14061.653256816002,1257.919352208,7.376666666666668,7.823333333333333,59.373333333333335,6,10.13,81.34400000000001,250.64,1.984,0.0,-0.9434543202870724,-0.331502557353119,41.00000000000001,24567.266666666663,0.0,119.86666666666666,1.0,0.0,63992.01933333334,26.391666666666666,79.6683673596423,78262.968,224.924785,25.045238,1015.41864,15.63,50.158674,99.918545,0.0035025768991051,5,spring,yeongheung_coal,1,74.84756599999999,78262.968
2022-05-01,11406.195987264002,12197.361784176,1044.966417408,7.288333333333333,7.901666666666666,59.723333333333336,6,10.91,88.392,250.212,1.974,0.0,-0.940951693421998,-0.3385408552099352,44.77811550151976,26227.129032258064,0.0,60.16129032258065,1.0,0.0,66391.14483870968,26.535,84.07009313445703,66349.894,326.78380300000003,31.828968,1010.64746,26.29,65.860844,186.418669,0.004897990834741,6,spring,yeongheung_coal,1,74.50429000000001,66349.894
2022-05-02,13348.896195168,13125.570244559998,1217.3631883199998,7.668333333333334,7.588333333333334,60.23166666666666,6,11.182,77.436,230.704,1.154,0.0,-0.7738844261672544,-0.6333268468459073,67.10225303292896,26227.129032258064,0.0,60.16129032258065,1.0,0.0,66391.14483870968,26.535,84.07009313445703,75271.713,252.80884199999997,25.872454,1010.81616,26.63,65.71668799999999,114.205063,0.0037934250301415,0,spring,yeongheung_coal,1,72.887091,75271.713
2022-05-03,13434.460966224,13507.455324528,1406.351525328,7.595,7.648333333333333,61.748333333333335,6,11.332,63.314,124.378,0.936,0.0,0.8253303692039783,-0.5646501409453688,67.64316239316238,26227.129032258064,0.0,60.16129032258065,1.0,0.0,66391.14483870968,26.535,84.07009313445703,76924.797,191.981499,23.469128,1016.05023,26.33,66.04453699999999,53.50342,0.0028833356070766,1,spring,yeongheung_coal,1,72.433542,76924.797
2022-05-04,14019.160594896,13540.361852736,1619.3349770399998,7.873333333333332,7.653333333333333,52.576666666666675,6,13.978,59.02,195.162,1.21,0.0,-0.2615490978472769,-0.9651901726682032,48.77685950413223,26227.129032258064,0.0,60.16129032258065,1.0,0.0,66391.14483870968,26.535,84.07009313445703,76685.179,305.485431,25.323128,1015.48737,26.1,62.733157,170.756136,0.0045802228653032,2,spring,yeongheung_coal,1,71.996138,76685.179
2022-05-05,15022.905573312,13888.630626624,1536.233256432,8.308333333333334,7.736666666666667,52.725,6,13.854,98.858,202.252,0.67,0.0,-0.3786809245800518,-0.9255272861235356,147.54925373134327,26227.129032258064,0.0,60.16129032258065,1.0,0.0,66391.14483870968,26.535,84.07009313445703,77880.344,188.134171,19.523155,1015.8221,27.02,64.379885,48.707834000000005,0.0028257165562361,3,spring,yeongheung_coal,1,75.04645199999999,77880.344
2022-05-06,14103.745473312,13435.235274816,1437.351741936,8.03,7.683333333333334,53.333333333333336,6,4.516000000000001,80.13,231.416,1.372,0.0,-0.7816946619938442,-0.6236613306998676,58.40379008746355,26227.129032258064,0.0,60.16129032258065,1.0,0.0,66391.14483870968,26.535,84.07009313445703,75569.732,162.94151599999998,16.375053,1013.83734,24.72,58.948566,28.814089,0.0024482571232603,4,spring,yeongheung_coal,1,75.178861,75569.732
2022-05-07,9113.31904536,9281.468895984,4778.273082816,5.683333333333334,50.96000000000001,381.6583333333333,6,13.844,67.838,243.686,1.348,0.0,-0.8963781409067418,-0.4432902305539489,50.32492581602373,26227.129032258064,0.0,60.16129032258065,1.0,0.0,66391.14483870968,26.535,84.07009313445703,51269.148,309.539673,25.872456,1014.63086,21.81,54.254845,174.618173,0.0046407270819785,5,spring,yeongheung_coal,1,80.666655,51269.148
2022-05-08,9812.781265968,9902.08654632,1303.255701936,5.471666666666667,57.13166666666667,151.62833333333333,6,12.148,89.664,107.498,2.284,0.01,0.9537274467797496,-0.3006725083192342,39.25744308231174,26227.129032258064,0.0,60.16129032258065,1.0,0.0,66391.14483870968,26.535,84.07009313445703,57409.027,216.928041,31.542658,1016.5129,8.94,20.820048999999997,117.2532,0.0032567830237598,6,spring,yeongheung_coal,1,78.854792,57409.027
2022-05-09,11097.193545360002,10190.700274464,1140.093401184,6.081666666666667,52.79,111.42333333333332,6,12.376,88.16,189.712,0.568,0.0,-0.1686958211199148,-0.9856681591370788,155.21126760563382,26227.129032258064,0.0,60.16129032258065,1.0,0.0,66391.14483870968,26.535,84.07009313445703,58517.636,203.089199,23.319553,1015.68726,26.6,67.40752,51.904686,0.0030496513990235,0,spring,yeongheung_coal,1,83.776993,58517.636
2022-05-10,10960.333434576,10269.852329376,1242.967174704,6.033333333333334,54.76833333333334,86.27999999999999,6,14.024,87.462,275.856,0.944,0.0,-0.9947814628031362,0.1020286296254763,92.65042372881356,26227.129032258064,0.0,60.16129032258065,1.0,0.0,66391.14483870968,26.535,84.07009313445703,58458.001,224.23928,22.104116,1014.0366,21.5,66.756291,77.900852,0.003366178593227,1,spring,yeongheung_coal,1,79.58213699999999,58458.001
2022-05-11,9248.963583456,10036.088811503998,1463.702249376,5.1866666666666665,36.44833333333333,73.14833333333333,6,14.044,91.162,234.092,1.044,0.0,-0.8099597595238309,-0.5864854541692385,87.31992337164752,26227.129032258064,0.0,60.16129032258065,1.0,0.0,66391.14483870968,26.535,84.07009313445703,57928.514,164.159383,16.92383,1012.67645,16.56,55.887054,34.644708,0.0024665108952571,2,spring,yeongheung_coal,1,73.627621,57928.514
2022-05-12,10100.139871536,9671.988733344002,1400.078391696,5.62,38.79,72.45166666666667,6,13.93,96.066,239.062,0.5319999999999999,0.0,-0.8577241235748224,-0.5141102292678126,180.57518796992483,26227.129032258064,0.0,60.16129032258065,1.0,0.0,66391.14483870968,26.535,84.07009313445703,58036.232,205.412821,17.429354,1009.0864,24.87,66.349718,66.70419899999999,0.0030844360161917,3,spring,yeongheung_coal,1,72.35890400000001,58036.232
2022-05-13,10359.590279183998,10271.064099456,1380.31636032,5.703333333333333,39.876666666666665,72.865,6,13.557999999999998,90.058,251.276,1.97,0.0,-0.9470758965959238,-0.3210097289600846,45.71472081218275,26227.129032258064,0.0,60.16129032258065,1.0,0.0,66391.14483870968,26.535,84.07009313445703,58302.097,337.542463,28.119204,1005.3701,22.51,56.32562,211.548376,0.0050584310384201,4,spring,yeongheung_coal,1,69.668467,58302.097
2022-05-14,7867.854515232,8694.338754528,1068.226975584,4.911666666666666,34.321666666666665,69.08333333333333,6,13.14,71.992,249.152,1.972,0.0,-0.9345278546693332,-0.3558899954299551,36.507099391480736,26227.129032258064,0.0,60.16129032258065,1.0,0.0,66391.14483870968,26.535,84.07009313445703,51070.799,406.06643600000007,36.509396,1009.6596,25.56,49.192936,288.140172,0.0060790926484941,5,spring,yeongheung_coal,1,68.733328,51070.799
2022-05-15,8873.097911136,9859.608547344,1243.431228816,5.126666666666666,34.005,70.83166666666666,6,13.978,62.866,235.93,1.4300000000000002,0.0,-0.828353770991469,-0.5602053463545426,43.96223776223776,26227.129032258064,0.0,60.16129032258065,1.0,0.0,66391.14483870968,26.535,84.07009313445703,56140.454,200.323943,22.380884,1012.0181,27.85,69.072822,63.944448,0.0030082523582213,6,spring,yeongheung_coal,1,67.30667299999999,56140.454
2022-05-16,8645.376334176,10107.372422304,1408.678471296,4.795,36.47,69.86333333333333,6,14.2075,92.575,137.255,1.4225,0.0,0.6787366612205359,-0.73438174317939,65.07908611599296,26227.129032258064,0.0,60.16129032258065,1.0,0.0,66391.14483870968,26.535,84.07009313445703,58410.075,352.28689499999996,30.631746,1008.6043,26.3,67.507833,218.857628,0.0052782256747831,0,spring,yeongheung_coal,1,65.92143399999999,58410.075
2022-05-17,10073.723787936,9950.962794048,1470.507187968,5.595,38.96999999999999,70.44333333333334,6,15.77,92.694,184.736,1.596,0.0,-0.0825646981533693,-0.996585706609744,58.07894736842105,26227.129032258064,0.0,60.16129032258065,1.0,0.0,66391.14483870968,26.535,84.07009313445703,58344.235,251.725569,19.296133,1009.7308,26.95,65.169763,112.117752,0.0037772317947889,1,spring,yeongheung_coal,1,74.43805400000001,58344.235
2022-05-18,9501.642150624,10362.268592208,1687.093411104,5.213333333333334,36.336666666666666,73.00833333333334,6,15.394,86.614,217.364,1.91,0.0,-0.6068765744377919,-0.7947960891943614,45.347643979057594,26227.129032258064,0.0,60.16129032258065,1.0,0.0,66391.14483870968,26.535,84.07009313445703,58966.149,450.9860210000001,28.312117,1012.4634,19.51,49.973874,318.62367,0.0067470323761303,2,spring,yeongheung_coal,1,82.388477,58966.149
2022-05-19,8413.114616640001,11253.588680448,2076.472422432,4.598333333333334,23.040000000000003,61.998333333333335,6,15.78,77.44,116.066,0.586,0.0,0.8982884827893632,-0.4394061921365967,132.15017064846415,26227.129032258064,0.0,60.16129032258065,1.0,0.0,66391.14483870968,26.535,84.07009313445703,58713.847,397.000258,24.826954,1013.2413,23.68,42.48641,287.96986499999997,0.0059441725387812,3,spring,yeongheung_coal,1,66.54398300000001,58713.847
2022-05-20,10034.933054832,19543.460375808,4059.5574708,6.071666666666666,19.975,58.508333333333326,6,16.216,94.916,234.144,1.302,0.0,-0.8104917031886225,-0.585750116570544,72.90015360983102,26227.129032258064,0.0,60.16129032258065,1.0,0.0,66391.14483870968,26.535,84.07009313445703,64216.163,172.637631,20.545246,1011.08527,23.23,61.272231,40.85575,0.0025935670209029,4,spring,yeongheung_coal,1,70.50965,64216.163
2022-05-21,13282.351839648,12455.869601664,1307.1358645920002,8.108333333333333,7.728333333333334,54.46333333333334,6,14.322,99.764,244.618,2.402,0.0,-0.903470002229671,-0.4286513210887355,41.53372189841798,26227.129032258064,0.0,60.16129032258065,1.0,0.0,66391.14483870968,26.535,84.07009313445703,69794.006,128.085239,19.469976,1007.2969,13.74,36.744071,29.388624,0.0019255370041169,5,spring,yeongheung_coal,1,61.952544,69794.006
2022-05-22,12937.393437408,12779.20215792,1543.702023792,7.438333333333333,7.401666666666666,54.156666666666666,6,4.651999999999999,80.00399999999999,202.838,0.44,0.0,-0.388126903974942,-0.921605938788822,181.8272727272727,26227.129032258064,0.0,60.16129032258065,1.0,0.0,66391.14483870968,26.535,84.07009313445703,74651.921,197.995862,22.401142,1004.906,25.01,63.843388999999995,69.48321700000001,0.0029733956605613,6,spring,yeongheung_coal,1,64.669256,74651.921
2022-05-23,13266.937024848,13721.687689968,1708.8870005280005,7.336666666666666,7.695,56.57833333333334,6,4.479999999999999,78.048,199.694,1.486,0.0,-0.3369966660100256,-0.9415058401826976,52.52220726783311,26227.129032258064,0.0,60.16129032258065,1.0,0.0,66391.14483870968,26.535,84.07009313445703,77412.234,157.106102,24.27265,1008.866,23.4,62.610578,27.325537,0.0023607848407612,0,spring,yeongheung_coal,1,67.16998699999999,77412.234
2022-05-24,13749.94129608,13426.544045088,1701.738787104,7.783333333333334,7.618333333333333,56.125,6,7.52,85.414,185.38,0.5780000000000001,0.0,-0.0937607909083666,-0.9955947539477282,147.7750865051903,26227.129032258064,0.0,60.16129032258065,1.0,0.0,66391.14483870968,26.535,84.07009313445703,76871.978,156.07459799999998,13.556282,1011.83203,24.44,66.078073,21.969354,0.0023453211016342,1,spring,yeongheung_coal,1,68.027171,76871.978
2022-05-25,14277.725510832,13514.633013168,1735.254742032,8.008333333333333,7.704999999999999,55.37166666666666,6,10.958,93.768,244.656,3.084,0.01,-0.9037540958273156,-0.4280520228609503,30.404669260700388,26227.129032258064,0.0,60.16129032258065,1.0,0.0,66391.14483870968,26.535,84.07009313445703,75285.896,193.068425,26.474077,1007.10864,17.06,48.69511,75.72846799999999,0.0028996126189152,2,spring,yeongheung_coal,1,68.644847,75285.896
2022-05-26,11851.085817648,13068.971111088002,1622.270168928,6.91,7.688333333333333,54.125,6,15.906,90.126,235.146,3.826,0.0,-0.8206109596490964,-0.5714872289944799,23.556194458964978,26227.129032258064,0.0,60.16129032258065,1.0,0.0,66391.14483870968,26.535,84.07009313445703,73320.185,409.912645,32.59939,1002.0645,27.41,68.627163,274.292794,0.0061363196997287,3,spring,yeongheung_coal,1,66.992688,73320.185
2022-05-27,14309.740590912,13605.889037472,1867.154810832,7.996666666666667,7.628333333333333,54.788333333333334,6,16.618000000000002,92.276,137.922,1.37,0.0,0.6701416712729867,-0.7422332116144145,67.35474452554743,26227.129032258064,0.0,60.16129032258065,1.0,0.0,66391.14483870968,26.535,84.07009313445703,76580.457,253.32628,27.41678,998.7197,26.3,70.062231,119.051898,0.0038011597323469,4,spring,yeongheung_coal,1,64.21215099999999,76580.457
2022-05-28,13049.601566256,12017.5391736,1557.525745728,8.183333333333334,7.598333333333334,55.615,6,18.254,92.628,204.676,0.914,0.0,-0.4174864821373047,-0.9086831335689124,101.34354485776804,26227.129032258064,0.0,60.16129032258065,1.0,0.0,66391.14483870968,26.535,84.07009313445703,67484.367,222.07368,21.602999,1001.8571,23.45,61.285688,98.110613,0.003333777963868,5,spring,yeongheung_coal,1,62.677379,67484.367
2022-05-29,12114.429881904,11874.729872160002,1659.086622288,7.34,7.198333333333333,54.99333333333334,6,17.601999999999997,98.436,239.804,0.62,0.0,-0.8643099172645783,-0.5029596076407109,158.76774193548388,26227.129032258064,0.0,60.16129032258065,1.0,0.0,66391.14483870968,26.535,84.07009313445703,69782.685,144.228685,24.675106,1002.9489,23.85,45.402695,38.071225000000005,0.0021676993358819,6,spring,yeongheung_coal,1,60.754765,69782.685
2022-05-30,11937.683212992,12828.136041792,1628.3345068800002,7.088333333333334,7.741666666666667,54.805,6,16.06,83.846,244.728,2.166,0.0,-0.9042912881463554,-0.4269159942923258,38.7100646352724,26227.129032258064,0.0,60.16129032258065,1.0,0.0,66391.14483870968,26.535,84.07009313445703,71474.332,179.848813,21.175835,999.9219,11.47,22.178212,97.042553,0.0027016092615493,0,spring,yeongheung_coal,1,60.628048,71474.332
2022-05-31,12462.064351776,15994.229012784,24654.629134511997,7.59,10.346666666666666,71.39666666666666,6,18.202,61.04600000000001,151.0,1.662,0.0,0.4848096202463371,-0.8746197071393957,36.73044524669074,26227.129032258064,0.0,60.16129032258065,1.0,0.0,66391.14483870968,26.535,84.07009313445703,71003.395,238.323697,25.63847,1004.6865,26.05,60.764833,115.878106,0.0035768512377113,1,spring,yeongheung_coal,1,61.680758,71003.395
2022-06-01,11496.162790223998,15577.162236144,38467.19010744,6.330000000000001,31.63166666666667,200.46833333333333,6,15.074000000000002,99.878,192.738,0.356,0.0,-0.220493154964635,-0.975388521879226,280.5561797752809,26954.566666666666,0.0,21.3,1.0,0.0,68439.196,26.501666666666665,85.88565741187259,60650.391,193.73604,19.652176,1003.678,26.6,66.470503,66.38113,0.0028227854215391,2,summer,yeongheung_coal,1,60.884407,60650.391
2022-06-02,13233.769992288,12615.319572048,1720.001052,7.56,7.228333333333334,22.673333333333332,6,17.974,98.614,191.17,0.332,0.0,-0.1937206976999589,-0.9810567217458128,297.0301204819277,26954.566666666666,0.0,21.3,1.0,0.0,68439.196,26.501666666666665,85.88565741187259,74229.495,153.80802,18.532135,1004.5611,24.97,62.437032,22.327389,0.0022423280944971,3,summer,yeongheung_coal,1,69.043599,74229.495
2022-06-03,14936.603547168,13775.29513344,1869.684655392,8.111666666666666,7.498333333333334,24.09,6,6.005999999999999,80.002,267.89,1.024,0.0,-0.999321983024376,-0.0368181238553567,78.126953125,26954.566666666666,0.0,21.3,1.0,0.0,68439.196,26.501666666666665,85.88565741187259,78785.2,148.080175,18.0036,1006.9212,20.6,59.804033,8.811494999999999,0.0021590035828536,4,summer,yeongheung_coal,1,79.464647,78785.2
2022-06-04,15103.813021632,14123.283877296,1893.622409136,8.291666666666666,7.746666666666666,24.001666666666665,6,19.18,97.29,197.324,0.746,0.0,-0.297774777245935,-0.9546361516494826,130.41554959785523,26954.566666666666,0.0,21.3,1.0,0.0,68439.196,26.501666666666665,85.88565741187259,77908.464,106.516296,12.429127,1007.5361,17.16,40.580400999999995,4.086674,0.0015539454246245,5,summer,yeongheung_coal,1,61.84922100000001,77908.464
2022-06-05,15424.096988736,14343.5786364,1907.364448224,8.323333333333332,7.746666666666666,23.795,6,19.174,85.582,168.248,0.248,0.0,0.2036759261501482,-0.9790383634500128,345.08870967741933,26954.566666666666,0.0,21.3,1.0,0.0,68439.196,26.501666666666665,85.88565741187259,77782.657,132.90500400000002,28.079998,1000.9036,5.76,23.914546,46.026196,0.0019381789686194,6,summer,yeongheung_coal,1,62.964262000000005,77782.657
2022-06-06,14592.163230288,13767.628455504,1869.064410816,8.049999999999999,7.595,22.94333333333333,6,18.024,63.922,95.336,1.77,0.0,0.995666463488444,-0.0929962014515368,36.11412429378531,26954.566666666666,0.0,21.3,1.0,0.0,68439.196,26.501666666666665,85.88565741187259,78129.504,183.275601,34.38895,998.457,14.09,38.6563,80.207237,0.0026707811118439,0,summer,yeongheung_coal,1,64.412064,78129.504
2022-06-07,12987.551006352,13097.202795936,1880.109658944,7.381666666666667,7.423333333333333,22.623333333333335,6,16.375999999999998,92.054,196.0,0.5,0.0,-0.275637355816999,-0.9612616959383188,184.108,26954.566666666666,0.0,21.3,1.0,0.0,68439.196,26.501666666666665,85.88565741187259,75808.498,155.42061,30.453527,1004.52264,10.07,51.812512000000005,36.177878,0.0022657843673601,1,summer,yeongheung_coal,1,67.43022,75808.498
2022-06-08,9515.256643296,9792.93063384,2648.242003968,5.463333333333334,6.718333333333334,170.00833333333333,6,5.304,80.002,202.43,0.438,0.0,-0.3815544152630358,-0.9243463789041868,182.65296803652967,26954.566666666666,0.0,21.3,1.0,0.0,68439.196,26.501666666666665,85.88565741187259,58854.964,154.12331,24.344624,1008.6285,16.91,60.518197,25.909217,0.0022469142993861,2,summer,yeongheung_coal,1,67.695896,58854.964
2022-06-09,10756.28390616,9956.792557152,1264.704097104,5.953333333333333,6.488333333333333,62.17166666666666,6,5.427999999999999,80.002,195.178,0.37,0.0,-0.2618186195884402,-0.965117096748785,216.2216216216216,26954.566666666666,0.0,21.3,1.0,0.0,68439.196,26.501666666666665,85.88565741187259,58644.753,119.523962,14.973577,1010.4217,18.38,48.62553,2.64647,0.0017433808867237,3,summer,yeongheung_coal,1,68.251962,58644.753
2022-06-10,10086.742462464,10203.430727808,1171.281802176,5.553333333333334,6.47,41.279999999999994,6,18.880000000000003,90.42,196.876,0.6679999999999999,0.0,-0.2903013789698522,-0.9569352691630726,135.35928143712576,26954.566666666666,0.0,21.3,1.0,0.0,68439.196,26.501666666666665,85.88565741187259,59028.599,127.348563,23.675303,1011.0384,16.16,35.600023,22.301923,0.0018572988300874,4,summer,yeongheung_coal,1,69.446617,59028.599
2022-06-11,10488.830537808,9784.590021216,1149.91801776,5.875,6.734999999999999,43.048333333333325,6,22.042,77.946,146.612,1.246,0.0,0.550305877885274,-0.8349631373689008,62.55698234349919,26954.566666666666,0.0,21.3,1.0,0.0,68439.196,26.501666666666665,85.88565741187259,58221.998,206.986205,25.772078,1009.73584,20.8,63.0144,75.93908599999999,0.0030152617137814,5,summer,yeongheung_coal,1,68.032719,58221.998
2022-06-12,10436.636695536,10072.569210336,1267.345937808,5.7316666666666665,6.745,40.14,6,7.376,80.00399999999999,194.748,0.6060000000000001,0.0,-0.2545681917791178,-0.9670548256093396,132.019801980198,26954.566666666666,0.0,21.3,1.0,0.0,68439.196,26.501666666666665,85.88565741187259,58937.299,172.483669,21.710716,1009.7951,23.09,52.328900999999995,55.77416,0.002513911185852,6,summer,yeongheung_coal,1,64.380608,58937.299
2022-06-13,9523.494539280002,9490.974173856,1157.368254912,5.346666666666667,6.7749999999999995,40.766666666666666,6,21.922,51.148,115.322,2.774,0.0,0.9039183893785736,-0.4277049746533762,18.438356164383563,26954.566666666666,0.0,21.3,1.0,0.0,68439.196,26.501666666666665,85.88565741187259,57291.524,161.067433,27.219902,1006.7466,13.13,57.719178,45.794913,0.0023479127475554,0,summer,yeongheung_coal,1,57.553342,57291.524
2022-06-14,10497.75150672,9952.16191416,1193.974982784,5.855,6.359999999999999,40.916666666666664,6,17.726000000000003,82.032,119.538,1.054,0.0,0.8700289168705819,-0.4930006935177698,77.8292220113852,26954.566666666666,0.0,21.3,1.0,0.0,68439.196,26.501666666666665,85.88565741187259,58425.889,302.080127,31.608328,1006.1213,11.22,41.794479,210.300716,0.0043944503800293,1,summer,yeongheung_coal,1,49.984932,58425.889
2022-06-15,9882.71718048,9770.280237792002,1070.595175392,5.4816666666666665,6.015000000000001,41.038333333333334,6,5.978,80.00399999999999,252.86,1.7079999999999995,0.01,-0.9555875030216956,-0.2947075229252915,46.84074941451991,26954.566666666666,0.0,21.3,1.0,0.0,68439.196,26.501666666666665,85.88565741187259,58695.711,182.161018,29.15778,1003.08014,8.64,23.812734,107.394637,0.0026545819831603,2,summer,yeongheung_coal,1,50.953647,58695.711
2022-06-16,9232.413297984,9626.945283935998,1028.978599104,5.1466666666666665,6.0,40.803333333333335,6,16.262,99.956,188.042,0.5780000000000001,0.0,-0.139898967910693,-0.990165783481495,172.9342560553633,26954.566666666666,0.0,21.3,1.0,0.0,68439.196,26.501666666666665,85.88565741187259,58465.657,141.866027,30.574575,1005.05225,24.09,62.957712,26.982217,0.0020685889487122,3,summer,yeongheung_coal,1,51.926098,58465.657
2022-06-17,8918.521079184,10100.326201199998,1255.664743488,4.846666666666667,6.22,41.45166666666667,6,8.266000000000002,80.0,161.408,0.366,0.0,0.3188269727549537,-0.9478129358918416,218.5792349726776,26954.566666666666,0.0,21.3,1.0,0.0,68439.196,26.501666666666665,85.88565741187259,59573.416,79.36655,15.683776,1005.117,19.45,21.484004,4.2495780000000005,0.0011583218772589,4,summer,yeongheung_coal,1,53.632968000000005,59573.416
2022-06-18,9659.272345632,9921.06586224,1294.04917512,5.3,6.368333333333333,41.608333333333334,6,9.512,79.95599999999999,99.512,0.524,0.0,0.9862510124160828,-0.1652541694126104,152.58778625954196,26954.566666666666,0.0,21.3,1.0,0.0,68439.196,26.501666666666665,85.88565741187259,59038.113,128.634297,15.683774,1004.6518,18.82,32.526424,36.068516,0.0018760152748427,5,summer,yeongheung_coal,1,60.039357,59038.113
2022-06-19,9211.987715328,10052.818020144,1345.472092656,5.1000000000000005,6.59,41.64,6,8.377999999999998,80.002,173.296,0.388,0.0,0.116740073206432,-0.9931625019641837,206.19072164948452,26954.566666666666,0.0,21.3,1.0,0.0,68439.196,26.501666666666665,85.88565741187259,58674.763,100.608092,18.448023,1004.9559,13.37,23.837391,14.652107,0.0014678783129428,6,summer,yeongheung_coal,1,62.118593999999995,58674.763
2022-06-20,8892.900313488,10327.61347056,2110.8153831840004,4.858333333333333,7.146666666666666,34.82,6,7.609999999999999,80.002,303.832,1.182,0.0,-0.8306736456033671,0.5567596379947201,67.68358714043993,26954.566666666666,0.0,21.3,1.0,0.0,68439.196,26.501666666666665,85.88565741187259,58997.599,121.68883999999998,14.512064,1002.5515,12.84,52.759955999999995,4.108535,0.001774901830453,0,summer,yeongheung_coal,1,64.820349,58997.599
2022-06-21,12536.189760095998,15649.898316048,1724.586308064,7.195,9.216666666666669,23.536666666666665,6,8.384,80.002,233.47600000000003,1.288,0.0,-0.803607631316017,-0.595159453332181,62.11335403726707,26954.566666666666,0.0,21.3,1.0,0.0,68439.196,26.501666666666665,85.88565741187259,74549.547,166.09069399999998,16.575644,1001.6062,15.48,61.223892,38.205324,0.0024209605702956,1,summer,yeongheung_coal,1,66.661478,74549.547
2022-06-22,12801.647270448,13807.962006768,1780.467833808,7.046666666666667,7.585,24.316666666666663,6,8.502,80.002,145.96599999999998,0.554,0.0,0.5596847657843852,-0.8287055948579555,144.40794223826714,26954.566666666666,0.0,21.3,1.0,0.0,68439.196,26.501666666666665,85.88565741187259,78224.517,74.570629,13.627795,1004.688,17.56,23.987357,1.926529,0.0010884035817764,2,summer,yeongheung_coal,1,48.656743,78224.517
2022-06-23,12739.975750944,13414.833835631996,1779.412889952,7.125,7.776666666666666,26.30333333333333,6,10.002,80.00399999999999,229.176,3.4219999999999997,0.01,-0.7567212850661638,-0.6537376360037822,23.379310344827587,26954.566666666666,0.0,21.3,1.0,0.0,68439.196,26.501666666666665,85.88565741187259,76357.46,392.341535,41.64968,997.8232,3.15,9.628011,315.058159,0.0057000257302184,3,summer,yeongheung_coal,1,67.655365,76357.46
2022-06-24,13615.254928656,14135.10188184,1738.979531568,7.420000000000001,8.096666666666666,29.566666666666663,6,8.41,80.002,229.158,2.368,0.01,-0.7565158699913793,-0.6539753347422107,33.78462837837838,26954.566666666666,0.0,21.3,1.0,0.0,68439.196,26.501666666666665,85.88565741187259,78034.67,357.686415,35.141975,994.5957,16.84,18.63573,269.83367699999997,0.0051991660442161,4,summer,yeongheung_coal,1,69.217008,78034.67
2022-06-25,14567.973100416002,14240.533447584,1580.637519936,7.913333333333333,8.424999999999999,23.985,6,10.998,77.686,219.642,2.268,0.0,-0.6379886341464754,-0.7700457796130791,34.253086419753096,26954.566666666666,0.0,21.3,1.0,0.0,68439.196,26.501666666666665,85.88565741187259,78436.352,319.68962400000004,31.085323,1000.7718,16.02,23.230114,230.288651,0.0046494299769223,5,summer,yeongheung_coal,1,66.170859,78436.352
2022-06-26,14587.068112415998,13674.131737632,1694.223849312,8.113333333333333,7.59,23.28333333333333,6,12.044,77.75,175.126,2.562,0.0,0.084964787204762,-0.9963839545753682,30.34738485558158,26954.566666666666,0.0,21.3,1.0,0.0,68439.196,26.501666666666665,85.88565741187259,76819.771,488.3769170000001,34.38895,1004.85516,13.89,15.970162,408.4546820000001,0.0070853636118608,6,summer,yeongheung_coal,1,63.952073000000006,76819.771
2022-06-27,15071.831126496,14334.796132128,1805.323032432,8.115,7.863333333333333,23.151666666666667,6,26.160000000000004,94.428,212.958,3.912,0.01,-0.544024111105016,-0.8390695838465348,24.13803680981595,26954.566666666666,0.0,21.3,1.0,0.0,68439.196,26.501666666666665,85.88565741187259,78716.482,429.7353339999999,46.96724,1003.9069,4.86,9.502036,358.25630099999995,0.0062399012976674,0,summer,yeongheung_coal,1,61.976997,78716.482
2022-06-28,15181.378466544,13987.30351896,1804.878328896,8.251666666666667,7.666666666666667,24.92,6,11.788,79.91,228.146,3.5340000000000003,0.94,-0.7448474766324181,-0.6672347686941376,22.6117713638936,26954.566666666666,0.0,21.3,1.0,0.0,68439.196,26.501666666666665,85.88565741187259,78313.997,266.307096,51.19726,999.4678,6.02,7.349638,200.205156,0.0038760664575572,1,summer,yeongheung_coal,1,58.75230199999999,78313.997
2022-06-29,15114.946724352,14436.489799152,1889.120026944,8.091666666666667,8.088333333333333,26.848333333333333,6,11.005999999999998,80.002,228.074,1.114,1.0,-0.7440084168061577,-0.6681702445646579,71.81508078994612,26954.566666666666,0.0,21.3,1.0,0.0,68439.196,26.501666666666665,85.88565741187259,78691.38,250.854446,48.015144,1000.88544,6.85,9.714786,192.375552,0.0036519764415838,2,summer,yeongheung_coal,1,48.764108,78691.38
2022-06-30,12114.303881328,17810.307613008,55247.790212495995,7.271666666666666,13.426666666666668,87.13166666666666,6,-1.1840000000000004,60.00599999999999,194.99,1.688,0.01,-0.2586504553013493,-0.9659709840219864,35.54857819905213,26954.566666666666,0.0,21.3,1.0,0.0,68439.196,26.501666666666665,85.88565741187259,68887.212,208.554033,39.860954,1006.5867,8.04,4.639589,154.54014999999998,0.0030380315873389,3,summer,yeongheung_coal,1,49.374294,68887.212
2022-07-01,10466.423088192,10172.209523184,1812.80497752,5.593333333333334,62.84666666666667,136.23,6,-1.6540000000000006,60.004,140.092,0.396,0.0,0.6415567417785603,-0.7670755810729981,151.5252525252525,29858.967741935485,0.0,29.419354838709676,1.0,0.0,75022.04838709677,26.42833333333333,90.36493469932604,58898.15,174.75025999999997,23.14103,1011.2112,22.71,37.993292,75.65183999999999,0.0023239055803441,4,summer,yeongheung_coal,1,61.10512799999999,58898.15
2022-07-02,10114.197186672,10429.939974672,1353.120138288,5.4316666666666675,70.91666666666666,81.71333333333334,6,11.222,79.988,239.41,0.8480000000000001,0.0,-0.8608308583809805,-0.5088911801741747,94.3254716981132,29858.967741935485,0.0,29.419354838709676,1.0,0.0,75022.04838709677,26.42833333333333,90.36493469932604,58657.482,121.069263,16.575644,1010.5706,19.67,43.680164000000005,15.03168,0.0016111823249569,5,summer,yeongheung_coal,1,62.35741899999999,58657.482
2022-07-03,10460.214551231998,13687.144129584,4968.442276992,5.7683333333333335,64.53833333333334,88.895,6,23.744,90.006,198.806,0.568,0.0,-0.3223648263420136,-0.9466155073404848,158.46126760563382,29858.967741935485,0.0,29.419354838709676,1.0,0.0,75022.04838709677,26.42833333333333,90.36493469932604,58538.482,116.205898,12.783802,1006.72296,20.02,43.242905,11.53344,0.0015465610574219,6,summer,yeongheung_coal,1,61.429553,58538.482
2022-07-04,12550.270095072,26274.654804528,8421.187121712,7.408333333333334,20.785,32.43833333333333,6,24.374,95.96,265.57,1.0699999999999998,0.0,-0.99701244556573,-0.0772410731867589,89.68224299065422,29858.967741935485,0.0,29.419354838709676,1.0,0.0,75022.04838709677,26.42833333333333,90.36493469932604,69070.368,90.122279,14.693999,1003.2443,11.83,33.406839,4.6944,0.0011998359014363,0,summer,yeongheung_coal,1,52.02104,69070.368
2022-07-05,14829.474907296,14137.852907808,1697.849180352,8.056666666666667,7.686666666666667,24.334999999999997,6,-1.2759999999999991,58.128,182.676,0.4880000000000001,0.0,-0.0466880325768479,-0.9989095192328998,119.11475409836063,29858.967741935485,0.0,29.419354838709676,1.0,0.0,75022.04838709677,26.42833333333333,90.36493469932604,78199.23,105.872321,11.384198,1002.47186,13.56,37.80467,6.30336,0.0014092273551847,1,summer,yeongheung_coal,1,61.764291,78199.23
2022-07-06,15086.61811008,13881.791837231996,1820.043042336,8.174999999999999,7.518333333333333,21.805000000000003,6,27.345999999999997,95.014,161.66,0.716,0.0,0.3146552034189956,-0.9492060382031662,132.70111731843576,29858.967741935485,0.0,29.419354838709676,1.0,0.0,75022.04838709677,26.42833333333333,90.36493469932604,77770.447,106.586932,15.408671,1004.16473,10.83,34.516862,9.23712,0.0014187257834151,2,summer,yeongheung_coal,1,62.83295,77770.447
2022-07-07,14947.458422544,14113.910109312,2076.99633864,8.015,7.566666666666666,21.875,6,-0.7659999999999997,60.004,227.892,1.478,0.0,-0.7418822245281691,-0.6705302117944689,40.598105548037886,29858.967741935485,0.0,29.419354838709676,1.0,0.0,75022.04838709677,26.42833333333333,90.36493469932604,78318.367,329.766413,31.311724,1002.33276,7.92,15.404246,251.211321,0.004376356612974,3,summer,yeongheung_coal,1,63.15084600000001,78318.367
2022-07-08,14148.948560255998,13703.592074688,2834.213021856,7.786666666666666,7.525,38.56166666666667,6,-2.3840000000000003,60.004,264.038,1.522,0.0,-0.9945910025363928,-0.103868848427491,39.42444152431012,29858.967741935485,0.0,29.419354838709676,1.0,0.0,75022.04838709677,26.42833333333333,90.36493469932604,76339.381,192.011284,22.90743,1000.0098,10.49,28.417938000000003,96.675599,0.0025528642495784,4,summer,yeongheung_coal,1,66.917747,76339.381
2022-07-09,14093.90592336,13887.526663008,1626.932530368,7.855,7.6933333333333325,62.76666666666666,6,-1.6920000000000002,60.004,163.792,0.4559999999999999,0.0,0.2791251856120653,-0.9602547218092864,131.58771929824564,29858.967741935485,0.0,29.419354838709676,1.0,0.0,75022.04838709677,26.42833333333333,90.36493469932604,75680.516,110.945603,17.873556,1000.06647,22.32,38.684379,4.98816,0.001476656221295,5,summer,yeongheung_coal,1,67.273064,75680.516
2022-07-10,13016.75167944,14167.625946624,1807.286138784,7.195,7.763333333333333,52.20166666666666,6,24.3,98.584,237.298,1.152,0.0,-0.8414919234879438,-0.5402696944161876,85.5763888888889,29858.967741935485,0.0,29.419354838709676,1.0,0.0,75022.04838709677,26.42833333333333,90.36493469932604,76016.558,105.569456,21.129885,1002.5051,17.62,37.507636,2.4576,0.0014052016958727,6,summer,yeongheung_coal,1,65.60422,76016.558
2022-07-11,13364.83547352,13848.174993744,1816.721303184,7.371666666666667,7.625,49.62833333333333,6,24.562,99.922,152.162,0.8140000000000001,0.0,0.4669732140423935,-0.8842714613550055,122.75429975429974,29858.967741935485,0.0,29.419354838709676,1.0,0.0,75022.04838709677,26.42833333333333,90.36493469932604,76540.878,102.906698,18.057508,1002.9973,15.77,31.31165,7.673490000000001,0.0013698071151381,0,summer,yeongheung_coal,1,63.921558000000005,76540.878
2022-07-12,14193.810770112,14012.73242208,1852.281440928,7.731666666666667,7.666666666666667,48.07500000000001,6,13.442000000000002,80.19800000000001,144.58800000000002,0.708,0.0,0.5794518796026926,-0.815006453486662,113.27401129943505,29858.967741935485,0.0,29.419354838709676,1.0,0.0,75022.04838709677,26.42833333333333,90.36493469932604,77799.007,94.034535,21.611998,1004.8896,6.34,17.736364000000002,15.390819,0.0012518562116387,1,summer,yeongheung_coal,1,60.907352,77799.007
2022-07-13,13829.253889824,13868.011115568,1829.381004288,7.4433333333333325,7.441666666666666,50.70166666666666,6,11.02,80.006,223.362,1.748,0.01,-0.6866054771557429,-0.7270302048331517,45.7700228832952,29858.967741935485,0.0,29.419354838709676,1.0,0.0,75022.04838709677,26.42833333333333,90.36493469932604,77449.891,291.830662,48.72916,999.7915,2.53,1.551503,233.66738,0.0038748589992258,2,summer,yeongheung_coal,1,56.611779,77449.891
2022-07-14,14135.003350416,13950.328876848002,1429.769158272,7.66,7.565,42.09166666666667,6,9.436,80.002,220.868,0.54,0.0,-0.6543185634088281,-0.756219027516901,148.15185185185183,29858.967741935485,0.0,29.419354838709676,1.0,0.0,75022.04838709677,26.42833333333333,90.36493469932604,77004.23,121.226395,19.839235,997.18976,18.3,36.659278,26.623364,0.0016132700544597,3,summer,yeongheung_coal,1,57.943752999999994,77004.23
2022-07-15,14045.069615328,13924.871756352,1376.369272944,7.728333333333334,7.645,45.626666666666665,6,10.422,80.002,224.682,1.448,0.0,-0.7031713638625107,-0.711020416755902,55.25,29858.967741935485,0.0,29.419354838709676,1.0,0.0,75022.04838709677,26.42833333333333,90.36493469932604,76095.124,121.013464,17.731598,997.7175,24.9,42.144985,6.362888,0.0016104409511526,4,summer,yeongheung_coal,1,72.505591,76095.124
2022-07-16,13671.73561176,13332.854695968,1403.9243064,7.791666666666667,7.541666666666667,58.11333333333334,6,15.774,89.228,197.614,1.086,0.0,-0.302602790139359,-0.9531167564364164,82.16206261510128,29858.967741935485,0.0,29.419354838709676,1.0,0.0,75022.04838709677,26.42833333333333,90.36493469932604,74255.783,145.79718300000002,20.898611,995.80597,21.28,46.945386,17.107976999999998,0.0019396216812418,5,summer,yeongheung_coal,1,81.74382000000001,74255.783
2022-07-17,11998.015186032,13538.761586928,1227.412652832,6.776666666666666,7.59,45.276666666666664,6,11.233999999999998,79.92,175.632,0.758,0.0,0.0761621568833954,-0.9970954447087144,105.4353562005277,29858.967741935485,0.0,29.419354838709676,1.0,0.0,75022.04838709677,26.42833333333333,90.36493469932604,74820.038,131.810632,18.678415,997.67645,19.41,33.735457000000004,14.47826,0.0017538770958721,6,summer,yeongheung_coal,1,83.59691500000001,74820.038
2022-07-18,14409.091529856,14016.217764672,1617.847135344,7.791666666666667,7.640000000000001,46.10666666666666,6,23.762,97.224,247.088,0.778,0.0,-0.9211038874329208,-0.3893168742245335,124.96658097686375,29858.967741935485,0.0,29.419354838709676,1.0,0.0,75022.04838709677,26.42833333333333,90.36493469932604,77326.02,80.362853,18.391737,996.80005,21.4,27.351772,3.046716,0.0010700435801333,0,summer,yeongheung_coal,1,49.96436500000001,77326.02
2022-07-19,15206.945732208,14543.154555983998,1865.405819088,8.173333333333334,7.864999999999999,45.65833333333333,6,11.342,78.236,235.596,1.168,0.0,-0.8250740541300761,-0.5650246058370911,66.98287671232877,29858.967741935485,0.0,29.419354838709676,1.0,0.0,75022.04838709677,26.42833333333333,90.36493469932604,77894.652,71.204161,20.730501,999.2266,21.33,32.548353000000006,3.201304,0.0009482098402169,1,summer,yeongheung_coal,1,35.454504,77894.652
2022-07-20,14769.929702016,14206.358258496,1719.7618944960002,7.968333333333334,7.691666666666666,43.215,6,17.964,90.492,136.522,0.5660000000000001,0.25,0.6880760011930359,-0.7256386267159441,159.8798586572438,29858.967741935485,0.0,29.419354838709676,1.0,0.0,75022.04838709677,26.42833333333333,90.36493469932604,78199.372,141.71932800000002,14.77755,1003.94574,10.57,42.631247,8.615903,0.0018854739764666,2,summer,yeongheung_coal,1,90.472178,78199.372
2022-07-21,13275.482580432,13567.313677248,1725.14875248,7.325,7.53,41.84166666666667,6,23.712,98.052,240.96999999999997,1.7240000000000002,0.01,-0.8743657415364585,-0.4852675035765315,56.874709976798144,29858.967741935485,0.0,29.419354838709676,1.0,0.0,75022.04838709677,26.42833333333333,90.36493469932604,76521.643,280.69049000000007,35.90086,1000.1196,11.26,38.941669000000005,147.44227600000002,0.0037274937696239,3,summer,yeongheung_coal,1,94.306545,76521.643
2022-07-22,13865.703945696,13505.15429424,1857.78858744,7.668333333333333,7.488333333333333,42.29666666666666,6,10.268,80.002,181.808,0.196,0.0,-0.0315503162144794,-0.9995021648534668,408.17346938775506,29858.967741935485,0.0,29.419354838709676,1.0,0.0,75022.04838709677,26.42833333333333,90.36493469932604,76949.181,204.711666,21.434364,1003.01514,21.19,58.230743,51.10737,0.0027212612354368,4,summer,yeongheung_coal,1,95.373553,76949.181
2022-07-23,14062.725953712,13908.132022896,1662.869578176,7.81,7.713333333333334,42.906666666666666,6,-1.6600000000000008,61.114,96.602,2.32,0.01,0.993368752931782,-0.1149718256737546,26.342241379310344,29858.967741935485,0.0,29.419354838709676,1.0,0.0,75022.04838709677,26.42833333333333,90.36493469932604,76310.958,145.367757,32.36398,1002.1635,6.17,22.309405,31.011863,0.0019339198346438,5,summer,yeongheung_coal,1,92.046489,76310.958
2022-07-24,14696.543880864,14052.054404016,1600.947458928,8.121666666666666,7.78,42.21,6,10.712,79.368,237.366,1.056,0.01,-0.8421325356764698,-0.5392706114328123,75.1590909090909,29858.967741935485,0.0,29.419354838709676,1.0,0.0,75022.04838709677,26.42833333333333,90.36493469932604,76162.451,205.115812,36.509396,998.8513,13.68,42.947508,69.255056,0.002726618957178,6,summer,yeongheung_coal,1,92.913248,76162.451
2022-07-25,15267.670998048,14214.572304480002,1604.219902704,8.315,7.825,41.84,6,-1.236,60.00599999999999,233.82199999999995,1.006,0.0,-0.8071870289477812,-0.5902957735732604,59.64811133200794,29858.967741935485,0.0,29.419354838709676,1.0,0.0,75022.04838709677,26.42833333333333,90.36493469932604,77692.655,166.511842,14.88242,1005.87787,25.07,65.70558100000001,8.586599,0.0022145901117489,0,summer,yeongheung_coal,1,92.219662,77692.655
2022-07-26,15633.797734224,14195.45165976,1576.986503472,8.398333333333333,7.816666666666666,43.55833333333334,6,12.634,80.26599999999999,203.946,0.738,0.0,-0.4058754662489043,-0.9139283921058776,108.76151761517616,29858.967741935485,0.0,29.419354838709676,1.0,0.0,75022.04838709677,26.42833333333333,90.36493469932604,78578.555,154.44584400000002,12.641076,1007.29974,22.29,60.011936,4.12992,0.0020544432881536,1,summer,yeongheung_coal,1,90.303988,78578.555
2022-07-27,14189.238153216,13616.524186704,1594.0978744319998,7.741666666666667,7.478333333333334,43.24666666666667,6,25.65,90.144,168.812,1.05,0.0,0.1940288961941349,-0.9809958141815314,85.85142857142857,29858.967741935485,0.0,29.419354838709676,1.0,0.0,75022.04838709677,26.42833333333333,90.36493469932604,76994.753,151.605547,16.1198,1007.15234,11.79,46.697782999999994,16.83456,0.0020167377673687,2,summer,yeongheung_coal,1,88.073204,76994.753
2022-07-28,14956.514197056,13642.235504351998,1528.201884672,8.166666666666666,7.495,42.825,6,25.322,97.488,162.78199999999998,0.6799999999999999,0.0,0.2960081449949607,-0.955185415559012,143.36470588235295,29858.967741935485,0.0,29.419354838709676,1.0,0.0,75022.04838709677,26.42833333333333,90.36493469932604,76970.076,189.794528,26.250393,1007.91986,20.51,56.277549,51.399722,0.0025234659947669,3,summer,yeongheung_coal,1,82.117257,76970.076
2022-07-29,15816.785525568,14333.699908656,1598.4841884480002,8.481666666666667,7.748333333333332,43.201666666666675,6,27.6,93.122,136.502,0.728,0.0,0.6883292549322221,-0.7253983986778935,127.91483516483515,29858.967741935485,0.0,29.419354838709676,1.0,0.0,75022.04838709677,26.42833333333333,90.36493469932604,78450.306,166.197965,18.440998,1009.37274,16.26,58.325259,28.24704,0.002210424807911,4,summer,yeongheung_coal,1,79.625666,78450.306
2022-07-30,15180.459408576,14169.222009648,1239.416297424,8.293333333333335,7.77,42.93666666666667,6,28.619999999999997,85.22,136.46999999999997,1.066,0.0,0.6887342864507568,-0.7250138499829963,79.94371482176359,29858.967741935485,0.0,29.419354838709676,1.0,0.0,75022.04838709677,26.42833333333333,90.36493469932604,77392.329,190.768165,22.180206,1006.89935,18.13,59.273793999999995,46.0032,0.002536378422524,5,summer,yeongheung_coal,1,85.49117100000001,77392.329
2022-07-31,15465.226385520002,14230.686601728,1444.5332195039998,8.285,7.670000000000001,43.58833333333334,6,12.78,79.876,87.556,1.44,0.01,0.999090377297526,0.0426429125586765,55.46944444444445,29858.967741935485,0.0,29.419354838709676,1.0,0.0,75022.04838709677,26.42833333333333,90.36493469932604,78786.616,161.084643,34.458603,1003.3423,2.69,12.989356,62.94912,0.0021425635845145,6,summer,yeongheung_coal,1,85.146167,78786.616
2022-08-01,13984.434167616,14122.801438992,1626.307005456,7.541666666666667,7.66,43.598333333333336,6,12.446000000000002,80.00399999999999,106.71999999999998,4.566000000000001,0.32,0.9577221287492368,-0.2876948454596125,17.521681997371875,30871.64516129032,0.0,78.6774193548387,1.0,0.0,78579.53677419353,26.433333333333337,94.10587495055964,78020.261,234.158934,33.912685,1001.88885,10.13,44.181363000000005,105.40608,0.0029710436986354,0,summer,yeongheung_coal,1,84.571491,78020.261
2022-08-02,15044.766661584,13846.887291168,1817.714003472,8.115,7.505,45.49166666666667,6,6.265999999999999,60.00599999999999,173.95,1.6439999999999997,0.01,0.10539630743388,-0.9944302984017044,36.5,30871.64516129032,0.0,78.6774193548387,1.0,0.0,78579.53677419353,26.433333333333337,94.10587495055964,78343.876,374.713202,36.997772,1004.39526,8.29,13.712051,276.17472,0.0047459535378144,1,summer,yeongheung_coal,1,84.826431,78343.876
2022-08-03,15710.912627184,14083.437704688,1613.291422176,8.625,7.731666666666667,43.37833333333333,6,20.524,80.002,178.626,1.112,0.0,0.0239785255067903,-0.9997124738216084,71.94424460431654,30871.64516129032,0.0,78.6774193548387,1.0,0.0,78579.53677419353,26.433333333333337,94.10587495055964,77171.791,232.315817,31.037344,1007.5887,6.37,42.954607,101.739104,0.0029477268883025,2,summer,yeongheung_coal,1,87.622106,77171.791
2022-08-04,16946.07561144,14083.757415504,1522.8283608,9.141666666666667,7.626666666666668,48.98,6,25.524,100.0,127.846,0.308,0.0,0.7896626844529094,-0.6135412331560323,324.6753246753247,30871.64516129032,0.0,78.6774193548387,1.0,0.0,78579.53677419353,26.433333333333337,94.10587495055964,78351.517,154.68977999999998,14.336861,1007.2968,15.09,55.951908,8.400379999999998,0.0019647081932471,3,summer,yeongheung_coal,1,90.337492,78351.517
2022-08-05,16453.179251712,14167.88804808,1632.410053056,8.78,7.636666666666667,41.056666666666665,6,26.434000000000005,100.0,225.962,1.204,0.0,-0.7188789272871532,-0.6951353018675371,83.05647840531562,30871.64516129032,0.0,78.6774193548387,1.0,0.0,78579.53677419353,26.433333333333337,94.10587495055964,78924.935,172.41682500000002,15.111424,1003.8034,20.02,57.195801,23.13482,0.0021893656870725,4,summer,yeongheung_coal,1,92.086204,78924.935
2022-08-06,15467.859706032,14393.075762447996,1644.302372112,8.226666666666667,7.704999999999999,41.595000000000006,6,26.94,100.0,191.284,0.37,0.0,-0.1956722973341754,-0.9806693387967048,270.27027027027026,30871.64516129032,0.0,78.6774193548387,1.0,0.0,78579.53677419353,26.433333333333337,94.10587495055964,79246.173,164.380256,16.80857,1003.26044,15.99,47.995413,23.336191,0.0020875295794209,5,summer,yeongheung_coal,1,93.048652,79246.173
2022-08-07,15363.139448736,14294.614393296,1797.9935235839998,8.15,7.635000000000001,41.00666666666667,6,27.954,97.602,231.21999999999997,2.41,0.01,-0.7795566434393254,-0.6263317329256218,40.49875518672199,30871.64516129032,0.0,78.6774193548387,1.0,0.0,78579.53677419353,26.433333333333337,94.10587495055964,79145.502,238.15488799999997,27.416782,1003.5772,11.93,30.712872,114.60784999999998,0.0030215917642033,6,summer,yeongheung_coal,1,92.834166,79145.502
2022-08-08,15327.731889216,14510.055463488,1730.982575952,8.13,7.808333333333333,41.486666666666665,6,25.644,100.0,224.62,2.94,0.12,-0.7024015541897547,-0.7117809049643135,34.013605442176875,30871.64516129032,0.0,78.6774193548387,1.0,0.0,78579.53677419353,26.433333333333337,94.10587495055964,79180.835,394.63942800000007,33.371433,1003.1103,3.56,5.175325,299.78109600000005,0.0049970692570394,0,summer,yeongheung_coal,1,89.683007,79180.835
2022-08-09,13743.566446752,14526.3363084,1608.15930408,7.210000000000001,7.671666666666667,42.083333333333336,6,22.104,100.0,131.198,1.6279999999999997,0.01,0.7524379010369767,-0.6586631954823867,61.42506142506144,30871.64516129032,0.0,78.6774193548387,1.0,0.0,78579.53677419353,26.433333333333337,94.10587495055964,79431.835,252.794863,45.241272,1002.83673,2.17,5.515270999999999,158.313068,0.0032067409113741,1,summer,yeongheung_coal,1,88.966524,79431.835
2022-08-10,13705.807159872,14367.4986672,1753.5123144,7.216666666666666,7.538333333333333,40.02666666666667,6,22.74,100.0,204.8,0.11,0.01,-0.4194520824461771,-0.9077774785329088,909.0909090909092,30871.64516129032,0.0,78.6774193548387,1.0,0.0,78579.53677419353,26.433333333333337,94.10587495055964,78997.295,115.143654,24.905132,1003.3103,10.17,17.529495,9.675135,0.001463169471856,2,summer,yeongheung_coal,1,87.939024,78997.295
2022-08-11,12722.562327168,14208.21156528,1898.593737552,6.776666666666666,7.531666666666666,41.25333333333333,6,23.732,100.0,231.202,0.386,0.01,-0.7793598370558974,-0.6265766069557697,259.0673575129534,30871.64516129032,0.0,78.6774193548387,1.0,0.0,78579.53677419353,26.433333333333337,94.10587495055964,78514.228,99.781419,17.015474,1001.5081,5.33,14.254832,1.548207,0.0012682039103972,3,summer,yeongheung_coal,1,83.97838,78514.228
2022-08-12,11626.468678943998,14158.333212624,1881.661640256,6.25,7.558333333333334,41.346666666666664,6,22.25,100.0,171.57,0.326,0.0,0.1466009902962712,-0.9891957084642818,306.7484662576687,30871.64516129032,0.0,78.6774193548387,1.0,0.0,78579.53677419353,26.433333333333337,94.10587495055964,78566.078,143.780552,12.287555,1003.61664,24.49,59.466921,0.34368,0.0018264036232649,4,summer,yeongheung_coal,1,83.969951,78566.078
2022-08-13,13721.210683344,14532.022988064,1828.75495104,7.305,7.73,41.875,6,25.058,100.0,200.202,0.404,0.01,-0.3453309583746686,-0.9384809690068484,247.5247524752475,30871.64516129032,0.0,78.6774193548387,1.0,0.0,78579.53677419353,26.433333333333337,94.10587495055964,78941.994,92.099243,33.87062,1002.6641,3.73,10.684526,25.21152,0.0011706791375213,5,summer,yeongheung_coal,1,56.203197,78941.994
2022-08-14,15543.129532176,14568.979707504,1739.003436,8.178333333333333,7.715,42.446666666666665,6,27.177999999999997,98.202,239.766,2.0620000000000003,0.01,-0.8639761517540966,-0.5035327290258125,47.62463627546071,30871.64516129032,0.0,78.6774193548387,1.0,0.0,78579.53677419353,26.433333333333337,94.10587495055964,79159.211,157.910511,24.933735,1002.59735,10.91,39.311319000000005,34.90786599999999,0.0020055325190825,6,summer,yeongheung_coal,1,83.691326,79159.211
2022-08-15,15470.9835336,14390.079625152,1878.20954928,8.22,7.955000000000001,43.26,6,25.824,99.998,223.56599999999997,1.142,0.01,-0.6891896901070599,-0.7245809623845597,87.56392294220667,30871.64516129032,0.0,78.6774193548387,1.0,0.0,78579.53677419353,26.433333333333337,94.10587495055964,78010.479,442.79865500000005,44.596428,998.23334,7.96,30.32044,331.360856,0.0056034620160873,0,summer,yeongheung_coal,1,81.117359,78010.479
2022-08-16,15951.243285504,14464.78829208,1684.446750576,8.463333333333333,7.71,41.91833333333333,6,26.268,83.834,270.73400000000004,1.416,0.0,-0.999917943890918,0.0128103663085328,59.20480225988701,30871.64516129032,0.0,78.6774193548387,1.0,0.0,78579.53677419353,26.433333333333337,94.10587495055964,78733.217,172.976494,26.544964,1000.53815,24.24,64.34321800000001,23.086080000000003,0.0021964568090788,1,summer,yeongheung_coal,1,85.547196,78733.217
2022-08-17,14872.254622704,14230.1592576,1823.792856336,7.993333333333333,7.645,41.60666666666667,6,22.478,99.986,203.782,0.366,0.0,-0.4032578333858712,-0.9150864001901312,273.1857923497268,30871.64516129032,0.0,78.6774193548387,1.0,0.0,78579.53677419353,26.433333333333337,94.10587495055964,78119.287,162.24388900000002,16.520823,1003.55145,22.07,64.93344400000001,11.21664,0.0020604549152117,2,summer,yeongheung_coal,1,86.093805,78119.287
2022-08-18,15660.736157087998,14430.638573136,1920.076212096,8.354999999999999,7.705000000000001,41.88666666666666,6,23.196,100.0,173.276,0.22,0.0,0.1170867452005117,-0.9931216914851626,454.54545454545456,30871.64516129032,0.0,78.6774193548387,1.0,0.0,78579.53677419353,26.433333333333337,94.10587495055964,78487.9,147.75077499999998,10.853866,1004.96027,21.54,54.783756999999994,3.79584,0.0018767415923948,3,summer,yeongheung_coal,1,89.171178,78487.9
2022-08-19,14969.860403328,14585.683633776,2067.842088288,7.919999999999999,7.84,43.18,6,26.639999999999997,100.0,236.656,1.3,0.01,-0.8353854956984124,-0.5496645100210835,76.92307692307692,30871.64516129032,0.0,78.6774193548387,1.0,0.0,78579.53677419353,26.433333333333337,94.10587495055964,78952.787,257.493831,34.966362,1000.2531,4.73,15.532321,151.987988,0.0032661533421964,4,summer,yeongheung_coal,1,89.973522,78952.787
2022-08-20,13760.553220272,14419.439981136002,2023.700871024,7.29,7.728333333333334,43.64166666666667,6,24.494,100.0,223.584,0.336,0.0,-0.689417289916004,-0.7243644113047468,297.6190476190476,30871.64516129032,0.0,78.6774193548387,1.0,0.0,78579.53677419353,26.433333333333337,94.10587495055964,79005.089,200.765351,24.387178,999.43097,22.67,58.983271,46.24275,0.002548420678572,5,summer,yeongheung_coal,1,95.53933,79005.089
2022-08-21,13266.183267936,14299.383005712,2172.13582536,7.105,7.719999999999999,44.083333333333336,6,24.806,100.0,176.792,0.302,0.0,0.055960913078345,-0.9984329602970036,331.12582781456956,30871.64516129032,0.0,78.6774193548387,1.0,0.0,78579.53677419353,26.433333333333337,94.10587495055964,78327.342,156.275841,17.283749,1002.42206,20.42,60.181584,2.5056,0.0019848127022422,6,summer,yeongheung_coal,1,93.588657,78327.342
2022-08-22,14437.607929343998,13824.36270792,2090.6248098240003,7.743333333333333,7.801666666666667,44.195,6,23.386000000000003,100.0,220.43199999999996,0.42,0.01,-0.6485451231846626,-0.7611762103438275,238.0952380952381,30871.64516129032,0.0,78.6774193548387,1.0,0.0,78579.53677419353,26.433333333333337,94.10587495055964,78463.899,162.162624,22.401142,1001.8161,15.19,42.55982,29.399632,0.0020594249964043,0,summer,yeongheung_coal,1,90.203172,78463.899
2022-08-23,14577.107396256,14216.935977504,2016.161600112,7.87,7.755,42.74333333333333,6,23.032,74.624,132.618,0.744,0.01,0.7358844039409227,-0.6771071879964892,100.3010752688172,30871.64516129032,0.0,78.6774193548387,1.0,0.0,78579.53677419353,26.433333333333337,94.10587495055964,78494.329,229.49434,28.551426,1002.9244,17.03,53.321682,80.810322,0.0029120309786255,1,summer,yeongheung_coal,1,95.362336,78494.329
2022-08-24,14160.294816336,13736.396585952,1997.868748896,9.374,9.166,31.506,5,22.056,96.83,190.084,0.3379999999999999,0.0,-0.1750917941060404,-0.9845521132153076,286.4792899408285,30871.64516129032,0.0,78.6774193548387,1.0,0.0,78579.53677419353,26.433333333333337,94.10587495055964,77325.203,167.126239,25.318008,1005.35284,13.9,26.888997,47.11138400000001,0.002122327888002,2,summer,yeongheung_coal,1,93.125858,77325.203
2022-08-25,15212.391799248,13940.540832528,2200.9191337439997,9.826,9.02,30.678000000000004,5,22.26,82.6,252.942,0.566,0.0,-0.9560083007996534,-0.2933396134213029,145.93639575971733,30871.64516129032,0.0,78.6774193548387,1.0,0.0,78579.53677419353,26.433333333333337,94.10587495055964,78974.887,83.230462,21.41319,1004.88794,4.94,9.968371,6.493557,0.0010580667948038,3,summer,yeongheung_coal,1,66.768534,78974.887
2022-08-26,14313.298180608,13972.358093616,2110.410183456,9.208,9.001999999999999,31.238,5,23.742,88.852,237.282,1.2120000000000002,0.0,-0.8413410189190073,-0.5405046622225628,73.3102310231023,30871.64516129032,0.0,78.6774193548387,1.0,0.0,78579.53677419353,26.433333333333337,94.10587495055964,79359.193,158.395762,22.79684,1004.65204,17.38,48.935244,22.000946,0.0020116830211053,4,summer,yeongheung_coal,1,87.459572,79359.193
2022-08-27,13955.668493328,13579.488868608,1788.7591761120004,9.334,9.1,29.966,5,20.812,68.06,240.224,0.748,0.0,-0.8679735491999362,-0.4966104286956386,90.98930481283423,30871.64516129032,0.0,78.6774193548387,1.0,0.0,78579.53677419353,26.433333333333337,94.10587495055964,77262.455,176.800151,34.137413,1007.5308,24.37,69.110877,19.842245,0.0022449006378741,5,summer,yeongheung_coal,1,87.84702899999999,77262.455
2022-08-28,14446.345071168,13722.607237535998,1488.528493344,9.664,9.172,29.386000000000003,5,22.32,81.106,185.104,0.712,0.0,-0.0889638334340604,-0.9960348569908168,113.9129213483146,30871.64516129032,0.0,78.6774193548387,1.0,0.0,78579.53677419353,26.433333333333337,94.10587495055964,77404.02,157.098952,23.42491,1011.98175,23.43,65.48927400000001,5.10722,0.0019952459303228,6,summer,yeongheung_coal,1,86.502458,77404.02
2022-08-29,14955.09575688,14059.93774536,1552.59301464,8.166666666666666,7.688333333333333,40.333333333333336,6,20.634,80.38199999999999,103.56199999999998,1.3199999999999998,0.01,0.9721167389552492,-0.2344974324870363,60.89545454545455,30871.64516129032,0.0,78.6774193548387,1.0,0.0,78579.53677419353,26.433333333333337,94.10587495055964,79107.754,200.669328,31.67386,1012.72235,3.32,16.773439000000003,98.230931,0.0025472049126108,0,summer,yeongheung_coal,1,85.664958,79107.754
2022-08-30,13708.53787536,14127.578699328,1695.401763552,7.376666666666666,7.611666666666667,40.69166666666667,6,20.572,99.156,105.988,0.8320000000000001,0.01,0.9613194042078748,-0.275436023594258,119.1778846153846,30871.64516129032,0.0,78.6774193548387,1.0,0.0,78579.53677419353,26.433333333333337,94.10587495055964,79235.168,150.024055,32.138947,1008.45654,3.03,7.132905,55.924542,0.0019055619442039,1,summer,yeongheung_coal,1,86.96660800000001,79235.168
2022-08-31,13457.073065184,14132.272352112,1909.99926072,7.238333333333333,7.611666666666667,40.37833333333333,6,20.502,100.0,167.298,0.5780000000000001,0.0,0.2198802567984102,-0.9755268692713006,173.01038062283737,30871.64516129032,0.0,78.6774193548387,1.0,0.0,78579.53677419353,26.433333333333337,94.10587495055964,78707.1,145.05494199999998,24.1388,1006.071,20.82,37.683114,20.07453,0.0018425620106475,2,summer,yeongheung_coal,1,87.297298,78707.1
2022-09-01,14470.440383951998,14052.708704592,2057.635326816,7.786666666666666,7.568333333333334,41.245,6,22.178,93.856,212.206,0.6719999999999999,0.0,-0.5329648862898875,-0.8461373588147537,139.66666666666669,28778.5,0.0,61.13333333333333,1.0,0.0,72758.21500000001,26.50833333333333,87.33518511153687,79199.348,159.46502800000002,16.746773,1010.5688,22.85,63.202292,11.134311,0.0021869185626691,3,autumn,yeongheung_coal,1,85.12842500000001,79199.348
2022-09-02,14791.1871672,14109.834999168,1874.052670176,8.036666666666667,7.686666666666667,41.72666666666667,6,23.706,72.59,94.998,1.138,0.0,0.9961977397941744,-0.0871209689396218,63.78734622144113,28778.5,0.0,61.13333333333333,1.0,0.0,72758.21500000001,26.50833333333333,87.33518511153687,79062.268,187.301491,26.141552,1012.9763,21.63,62.657191,39.560129,0.0025676902434861,4,autumn,yeongheung_coal,1,85.084171,79062.268
2022-09-03,14913.574047504,13862.010258,1855.463096736,8.206666666666667,7.683333333333334,41.181666666666665,6,23.728,74.474,96.5,1.38,0.0,0.9935718556765876,-0.1132032137679067,53.96666666666667,28778.5,0.0,61.13333333333333,1.0,0.0,72758.21500000001,26.50833333333333,87.33518511153687,77962.418,268.612734,31.353088,1011.68854,15.67,55.027345999999994,123.759491,0.0036782747154021,5,autumn,yeongheung_coal,1,89.825897,77962.418
2022-09-04,13745.872322784,13504.230950976,1625.380815024,7.739999999999999,7.945,41.52166666666667,6,22.624,99.83,245.632,1.468,0.01,-0.9109142397987716,-0.4125957437151114,68.00408719346049,28778.5,0.0,61.13333333333333,1.0,0.0,72758.21500000001,26.50833333333333,87.33518511153687,75666.386,336.726604,43.696648,1006.3361,2.63,12.008244,233.200026,0.0046067018676101,6,autumn,yeongheung_coal,1,91.518334,75666.386
2022-09-05,14765.653291392,13833.226967328,1577.023376112,7.998333333333334,7.835,40.31666666666666,6,18.672,99.724,96.69,2.162,1.0,0.9931909972965598,-0.1164973943445301,46.12580943570768,28778.5,0.0,61.13333333333333,1.0,0.0,72758.21500000001,26.50833333333333,87.33518511153687,78338.515,243.32064999999997,53.653282,1004.1104,1.13,2.90164,139.402203,0.0033330894731664,0,autumn,yeongheung_coal,1,101.016807,78338.515
2022-09-06,15108.254883792,13686.387382944,1605.137604912,8.188333333333333,7.481666666666667,39.50333333333334,6,22.422,85.8,250.23200000000003,1.44,0.01,-0.9410698091450622,-0.3382123804884679,59.583333333333336,28778.5,0.0,61.13333333333333,1.0,0.0,72758.21500000001,26.50833333333333,87.33518511153687,77876.269,266.649275,52.461277,1001.8874,20.95,54.528943,109.841713,0.0036514860746038,1,autumn,yeongheung_coal,1,102.278619,77876.269
2022-09-07,14890.071334752,14206.104883584,1597.306891968,8.045,7.669999999999999,39.65666666666667,6,20.576,93.948,224.54399999999995,0.4699999999999999,0.0,-0.7014567945932244,-0.7127119792167091,199.88936170212767,28778.5,0.0,61.13333333333333,1.0,0.0,72758.21500000001,26.50833333333333,87.33518511153687,78541.357,184.752408,30.821548,1013.876,22.93,55.92252,36.74774,0.0025328337270213,2,autumn,yeongheung_coal,1,92.082148,78541.357
2022-09-08,15606.60440256,14272.772720112,1764.588682368,8.441666666666666,7.725,39.855,6,21.582,97.338,224.33,0.6519999999999999,0.0,-0.6987899255156994,-0.7153269462265233,149.2914110429448,28778.5,0.0,61.13333333333333,1.0,0.0,72758.21500000001,26.50833333333333,87.33518511153687,79138.932,144.542861,16.075521,1015.5691,22.83,55.667905,6.572143,0.0019826802886605,3,autumn,yeongheung_coal,1,82.302813,79138.932
2022-09-09,15384.857623632,13799.757530448,1488.9222544319998,8.38,7.576666666666665,40.14833333333333,6,23.244,84.034,138.044,0.844,0.0,0.6685597148516009,-0.7436584617131349,99.56635071090048,28778.5,0.0,61.13333333333333,1.0,0.0,72758.21500000001,26.50833333333333,87.33518511153687,78293.457,135.021184,20.275385,1014.80865,22.24,53.008041,5.9750950000000005,0.001852314303335,4,autumn,yeongheung_coal,1,76.03804799999999,78293.457
2022-09-10,14551.8652764,13962.97435464,1632.782357856,7.878333333333333,7.603333333333333,39.21833333333333,6,21.85,77.096,168.046,0.358,0.0,0.2071263166699091,-0.978314207677041,215.3519553072626,28778.5,0.0,61.13333333333333,1.0,0.0,72758.21500000001,26.50833333333333,87.33518511153687,78867.88,170.864735,28.036118,1015.05817,13.13,51.566383,46.765511,0.0023428889493856,5,autumn,yeongheung_coal,1,72.532841,78867.88
2022-09-11,14895.947254464,14073.571080576,1619.839750608,8.025,7.661666666666666,39.17166666666667,6,20.074,99.942,160.634,0.6900000000000001,0.0,0.3316013538406594,-0.9434196002474412,144.84347826086957,28778.5,0.0,61.13333333333333,1.0,0.0,72758.21500000001,26.50833333333333,87.33518511153687,78670.352,113.624705,20.523157,1012.7676,8.06,19.123254,22.052805,0.0015592402423209,6,autumn,yeongheung_coal,1,72.448646,78670.352
2022-09-12,14089.414191984,14349.794787504,1685.42236296,7.541666666666667,7.773333333333333,39.99166666666667,6,22.496,96.754,198.298,0.492,0.0,-0.3139593145749422,-0.9494364374678448,196.65447154471545,28778.5,0.0,61.13333333333333,1.0,0.0,72758.21500000001,26.50833333333333,87.33518511153687,78938.274,103.336142,15.349684,1011.5984,13.57,28.872704,1.846767,0.0014182533912654,0,autumn,yeongheung_coal,1,72.616671,78938.274
2022-09-13,15274.632564288,14277.42945936,1705.821350688,8.221666666666666,8.055,40.475,6,24.564,81.03999999999999,105.57,0.898,0.0,0.9633032408517924,-0.2684154730346847,90.24498886414251,28778.5,0.0,61.13333333333333,1.0,0.0,72758.21500000001,26.50833333333333,87.33518511153687,78892.119,59.63731,21.413193,1013.0493,6.81,17.773851,6.531135,0.0008189929819148,1,autumn,yeongheung_coal,1,35.332324,78892.119
2022-09-14,13792.677156432,12740.362866,33226.732877903996,7.88,7.635000000000001,61.555,6,22.818,64.856,106.178,1.454,0.0,0.9604007397783946,-0.2786223591765608,44.60522696011004,28778.5,0.0,61.13333333333333,1.0,0.0,72758.21500000001,26.50833333333333,87.33518511153687,74998.695,116.48810600000002,35.936943,1012.89935,8.46,19.328969,51.818193,0.0015984710885279,2,autumn,yeongheung_coal,1,45.340944,74998.695
2022-09-15,9772.111975248,9917.302044671998,2245.676202144,5.301666666666667,6.156666666666666,126.48333333333332,6,25.33,79.452,99.752,1.31,0.0,0.9855501470447864,-0.169383906142231,60.65038167938931,28778.5,0.0,61.13333333333333,1.0,0.0,72758.21500000001,26.50833333333333,87.33518511153687,58721.468,281.501432,35.377213,1008.2133,9.7,21.454112,183.07239500000003,0.0038540871426038,3,autumn,yeongheung_coal,1,76.974925,58721.468
2022-09-16,9850.193224848,9999.88816104,1447.931137248,5.3133333333333335,6.655,57.82833333333334,6,22.428,100.0,197.04,0.426,0.13,-0.2930392600850579,-0.9561004089784724,234.7417840375587,28778.5,0.0,61.13333333333333,1.0,0.0,72758.21500000001,26.50833333333333,87.33518511153687,59621.213,344.002165,39.966484,1004.3103,7.08,23.428213,238.458686,0.0047057692412194,4,autumn,yeongheung_coal,1,82.115266,59621.213
2022-09-17,10141.864556688,10118.454704208,1392.313502016,5.5183333333333335,6.876666666666666,59.89000000000001,6,22.59,99.84,241.352,0.53,0.01,-0.8775816394206349,-0.4794272271698706,188.377358490566,28778.5,0.0,61.13333333333333,1.0,0.0,72758.21500000001,26.50833333333333,87.33518511153687,59113.604,133.529738,15.546833,1005.6658,9.86,34.401599000000004,14.040794,0.0018318910938399,5,autumn,yeongheung_coal,1,85.087345,59113.604
2022-09-18,10056.357382752,15982.9212996,2738.6826448320003,6.44,11.615,43.38833333333333,6,24.97,83.72200000000001,189.606,1.176,0.0,-0.1668719990650528,-0.9859785676818908,71.19217687074831,28778.5,0.0,61.13333333333333,1.0,0.0,72758.21500000001,26.50833333333333,87.33518511153687,63975.677,185.936598,26.64,1002.15454,15.35,47.309556,56.268787,0.0025490268092322,6,autumn,yeongheung_coal,1,82.358255,63975.677
2022-09-19,15152.150979072,14100.351527519995,1944.664349616,8.101666666666667,8.396666666666667,42.531666666666666,6,20.224,62.598,119.926,0.744,0.0,0.8666704531262545,-0.4988810736818274,84.13709677419355,28778.5,0.0,61.13333333333333,1.0,0.0,72758.21500000001,26.50833333333333,87.33518511153687,79075.167,515.440579,39.751892,999.6943,19.05,56.747104,370.686091,0.0070344597239901,0,autumn,yeongheung_coal,1,88.00738399999999,79075.167
2022-09-20,14221.122079247998,13042.58643648,1759.091073264,8.005,7.3066666666666675,37.14,6,17.184,63.634,145.118,0.52,0.0,0.5718881869046806,-0.8203315803252226,122.37307692307692,28778.5,0.0,61.13333333333333,1.0,0.0,72758.21500000001,26.50833333333333,87.33518511153687,76377.211,185.784686,26.901417,1010.72284,18.58,45.204854,54.04725,0.0025469495338854,1,autumn,yeongheung_coal,1,86.532582,76377.211
2022-09-21,11375.064722016,10849.979438064,5075.527045824,17.391666666666666,6.786666666666666,121.45,6,16.822,92.582,173.47,0.55,0.0,0.1137234312335856,-0.9935124464184936,168.33090909090907,28778.5,0.0,61.13333333333333,1.0,0.0,72758.21500000001,26.50833333333333,87.33518511153687,58610.746,164.380783,23.266697,1014.49115,21.07,56.262187,24.545167000000003,0.0022541817283789,2,autumn,yeongheung_coal,1,83.573429,58610.746
2022-09-22,12353.551512336002,15770.303911439996,21638.78969659199,7.176666666666667,9.32,52.76666666666667,6,17.942,89.44800000000001,170.866,0.516,0.0,0.1587439825216368,-0.9873197800171788,173.34883720930233,28778.5,0.0,61.13333333333333,1.0,0.0,72758.21500000001,26.50833333333333,87.33518511153687,71080.848,206.92936,30.319178,1012.9472,17.94,56.171696,68.509576,0.0028360028862416,3,autumn,yeongheung_coal,1,82.24808800000001,71080.848
2022-09-23,10783.418594544,10787.776575264,1965.633775776,5.848333333333334,6.255,86.67833333333333,6,17.472,67.94,249.238,1.606,0.01,-0.9350609866352636,-0.3544868844861364,42.3038605230386,28778.5,0.0,61.13333333333333,1.0,0.0,72758.21500000001,26.50833333333333,87.33518511153687,58984.095,348.37957,49.864876,1010.034,17.42,42.079676,225.394498,0.0047653644934373,4,autumn,yeongheung_coal,1,80.90539600000001,58984.095
2022-09-24,11105.160986016,10516.034961504,1521.8270281440002,6.173333333333333,6.161666666666666,48.96,6,19.088,84.078,248.93,0.3219999999999999,0.0,-0.9331419008175756,-0.359508265466264,261.11180124223614,28778.5,0.0,61.13333333333333,1.0,0.0,72758.21500000001,26.50833333333333,87.33518511153687,57986.88,230.605456,33.549606,1014.23773,20.26,61.764974,87.936937,0.0031594627034562,5,autumn,yeongheung_coal,1,80.903545,57986.88
2022-09-25,11493.268274159998,10284.545693808,1743.9800716799998,6.531666666666666,6.8549999999999995,42.65,6,18.214,83.376,227.576,0.5519999999999999,0.0,-0.7381728247259755,-0.674611651868002,151.0434782608696,28778.5,0.0,61.13333333333333,1.0,0.0,72758.21500000001,26.50833333333333,87.33518511153687,57423.155,127.912411,18.35647,1014.01776,14.37,47.662161,4.264911,0.0017549623713537,6,autumn,yeongheung_coal,1,75.98533900000001,57423.155
2022-09-26,12561.720718032,17257.177813968,1915.263100944,7.105,10.661666666666669,39.92666666666667,6,18.758,97.71,248.996,0.618,0.0,-0.9335554054195304,-0.3584331248810248,158.10679611650485,28778.5,0.0,61.13333333333333,1.0,0.0,72758.21500000001,26.50833333333333,87.33518511153687,72029.513,138.739543,13.392774,1014.32196,19.58,55.246104,7.994876,0.0019032282469106,0,autumn,yeongheung_coal,1,75.498563,72029.513
2022-09-27,13761.33912216,14039.106739344,1964.579755968,7.536666666666666,7.685,40.56,6,18.838,96.95,248.26400000000004,0.674,0.0,-0.9289000694066618,-0.3703304754625237,143.84272997032642,28778.5,0.0,61.13333333333333,1.0,0.0,72758.21500000001,26.50833333333333,87.33518511153687,77905.212,139.558136,15.111424,1013.4516,19.76,59.23661,4.47744,0.0019144362028677,1,autumn,yeongheung_coal,1,75.84408599999999,77905.212
2022-09-28,14252.01454008,14353.300106927998,1881.147637296,7.661666666666666,7.708333333333333,40.535,6,16.913999999999998,100.0,205.638,0.482,0.0,-0.4326837717096055,-0.9015457579619296,207.4688796680498,28778.5,0.0,61.13333333333333,1.0,0.0,72758.21500000001,26.50833333333333,87.33518511153687,79000.811,92.046438,17.0763,1011.32355,13.5,38.250891,5.237496,0.0012635018211751,2,autumn,yeongheung_coal,1,48.558051,79000.811
2022-09-29,14766.035870015998,14158.825979904,1794.517262064,7.98,7.62,40.12833333333333,6,16.81,99.99,204.93400000000003,0.352,0.0,-0.421573989957941,-0.906794006922709,284.0625,28778.5,0.0,61.13333333333333,1.0,0.0,72758.21500000001,26.50833333333333,87.33518511153687,79392.929,126.955524,10.028439,1012.35034,18.32,50.672754,2.1792,0.0017418567191002,3,autumn,yeongheung_coal,1,74.10357,79392.929
2022-09-30,13751.067447216,13976.662778928,1678.585911984,7.471666666666667,7.573333333333333,40.60166666666667,6,16.466,100.0,189.244,0.418,0.0,-0.1606392067048349,-0.9870131940704954,239.23444976076556,28778.5,0.0,61.13333333333333,1.0,0.0,72758.21500000001,26.50833333333333,87.33518511153687,79001.651,125.398262,13.5515,1014.05804,19.19,48.776095,1.38048,0.0017205275148643,4,autumn,yeongheung_coal,1,75.241687,79001.651
2022-10-01,12667.95753336,14111.667225071998,1639.2385548,6.919999999999999,7.69,46.28,6,18.664,97.984,175.608,0.712,0.0,0.0765798125526932,-0.997063454504975,137.61797752808988,29957.612903225807,0.0,15.129032258064516,1.0,0.0,76922.93419354838,26.661666666666665,92.11641168868066,78416.46,106.416467,11.27553,1015.3801,17.46,28.624326,0.148469,0.0013815054402957,5,autumn,yeongheung_coal,1,77.64367200000001,78416.46
2022-10-02,12989.47358808,14081.960495807998,1801.715388048,7.108333333333333,7.6933333333333325,40.38,6,22.351999999999997,96.534,185.856,2.166,0.01,-0.1020286296254764,-0.9947814628031362,44.56786703601109,29957.612903225807,0.0,15.129032258064516,1.0,0.0,76922.93419354838,26.661666666666665,92.11641168868066,78168.133,217.789307,44.596428,1013.0337,4.08,8.852224999999999,129.726756,0.0028232728073706,6,autumn,yeongheung_coal,1,79.210326,78168.133
2022-10-03,14057.584901712,13153.022549135998,2140.564297104,7.93,7.933333333333333,41.56666666666667,6,22.89,100.0,221.688,3.07,0.76,-0.6650739645301463,-0.74677749142844,32.57328990228013,29957.612903225807,0.0,15.129032258064516,1.0,0.0,76922.93419354838,26.661666666666665,92.11641168868066,73487.621,489.68745799999994,52.500786,1008.5755,3.65,1.830766,407.194519,0.0063256798123204,0,autumn,yeongheung_coal,1,80.662173,73487.621
2022-10-04,14186.645170847998,13909.381242623998,1888.290732384,7.896666666666667,7.828333333333333,39.305,6,14.376,66.576,263.72400000000005,0.796,0.01,-0.994006833654567,-0.1093179520848336,83.63819095477386,29957.612903225807,0.0,15.129032258064516,1.0,0.0,76922.93419354838,26.661666666666665,92.11641168868066,76597.463,425.374641,38.96158,1009.9986,12.77,46.970220999999995,291.697781,0.0054994691856792,1,autumn,yeongheung_coal,1,86.706639,76597.463
2022-10-05,13990.819311792,14201.897830703998,1897.300018512,7.661666666666666,7.836666666666666,40.71333333333333,6,15.78,82.874,115.29,0.446,0.0,0.904157123908439,-0.427200064706947,185.81614349775785,29957.612903225807,0.0,15.129032258064516,1.0,0.0,76922.93419354838,26.661666666666665,92.11641168868066,77258.895,167.718632,28.006056,1016.6873,15.49,52.51024099999999,27.438959000000004,0.0021756026943958,2,autumn,yeongheung_coal,1,87.769432,77258.895
2022-10-06,13227.333980544,14048.581471056,1888.618599216,7.291666666666667,7.696666666666666,41.54,6,15.704,82.13000000000001,252.546,0.5740000000000001,0.0,-0.9539580654423556,-0.299940009631057,143.0836236933798,29957.612903225807,0.0,15.129032258064516,1.0,0.0,76922.93419354838,26.661666666666665,92.11641168868066,77664.217,161.382206,22.380884,1017.0811,14.39,39.449592,36.748561,0.002093580296717,3,autumn,yeongheung_coal,1,85.184053,77664.217
2022-10-07,14735.44119456,14223.373296192,1903.667336784,7.998333333333334,7.748333333333334,43.14166666666666,6,12.422,57.396,147.82,0.7,0.0,0.5325808664749138,-0.8463791234812152,81.99428571428572,29957.612903225807,0.0,15.129032258064516,1.0,0.0,76922.93419354838,26.661666666666665,92.11641168868066,78878.577,316.27016100000003,34.746994,1017.74005,16.74,59.96379,170.24016,0.0040946843464134,4,autumn,yeongheung_coal,1,86.066211,78878.577
2022-10-08,13806.380183328,14376.077199504,1783.336561056,7.518333333333333,7.81,42.06666666666667,6,15.916,72.102,111.196,1.588,0.0,0.9323490451010912,-0.3615594807207843,45.404282115869016,29957.612903225807,0.0,15.129032258064516,1.0,0.0,76922.93419354838,26.661666666666665,92.11641168868066,78951.325,160.042381,20.833395,1021.2657,17.95,52.645234,29.658751,0.0020762350925203,5,autumn,yeongheung_coal,1,77.73839600000001,78951.325
2022-10-09,12679.608696048,14232.631416191998,1891.137170592,6.978333333333333,7.861666666666667,42.46666666666667,6,13.922,69.24,242.64,2.364,0.01,-0.8881364488135446,-0.4595798606214876,29.289340101522843,29957.612903225807,0.0,15.129032258064516,1.0,0.0,76922.93419354838,26.661666666666665,92.11641168868066,77917.588,294.505696,44.29609,1015.48926,3.78,4.790762000000001,216.663876,0.0038139790236669,6,autumn,yeongheung_coal,1,73.051058,77917.588
2022-10-10,12359.524447152,13878.397056816,1939.006340928,6.963333333333334,7.878333333333333,41.81333333333333,6,10.718,75.298,242.38,2.008,0.01,-0.8860418044194046,-0.4636053502939817,37.49900398406375,29957.612903225807,0.0,15.129032258064516,1.0,0.0,76922.93419354838,26.661666666666665,92.11641168868066,76324.454,607.7768689999999,51.722366,1011.1865,9.11,28.002604,502.19180299999994,0.0078391757365629,0,autumn,yeongheung_coal,1,77.58246199999999,76324.454
2022-10-11,13382.238036816,12959.829194832,1900.457116704,7.928333333333334,7.506666666666667,42.48166666666667,6,10.336,60.866,181.86,0.378,0.0,-0.0324574224863712,-0.9994731190610088,161.02116402116403,29957.612903225807,0.0,15.129032258064516,1.0,0.0,76922.93419354838,26.661666666666665,92.11641168868066,73544.239,327.024643,38.197342,1018.49677,17.36,57.768441,190.141472,0.0042333309677477,1,autumn,yeongheung_coal,1,79.11473,73544.239
2022-10-12,13334.966985168,13307.518997423998,2182.39423128,7.608333333333333,7.390000000000001,42.46333333333334,6,13.252,99.656,173.73600000000002,0.636,0.0,0.1091097653843304,-0.9940297073517352,156.6918238993711,29957.612903225807,0.0,15.129032258064516,1.0,0.0,76922.93419354838,26.661666666666665,92.11641168868066,76432.127,140.664076,18.751125,1023.8557,17.57,55.121492,9.299138,0.0018252985736273,2,autumn,yeongheung_coal,1,76.24344599999999,76432.127
2022-10-13,12080.5528932,12941.314712783998,1849.957088256,6.8566666666666665,7.336666666666666,42.73666666666667,6,14.9,96.696,213.786,0.834,0.0,-0.5560925510852015,-0.8311203731274746,115.94244604316548,29957.612903225807,0.0,15.129032258064516,1.0,0.0,76922.93419354838,26.661666666666665,92.11641168868066,76261.264,150.71830699999998,24.29133,1022.757,16.7,54.284449,29.723830999999997,0.001955510114159,3,autumn,yeongheung_coal,1,66.710027,76261.264
2022-10-14,13133.7080892,13474.169601408,1866.01226256,7.263333333333333,7.516666666666666,42.53666666666667,6,16.298000000000002,92.542,233.28000000000003,0.418,0.0,-0.801566984870877,-0.5979049830575184,221.39234449760767,29957.612903225807,0.0,15.129032258064516,1.0,0.0,76922.93419354838,26.661666666666665,92.11641168868066,78231.166,114.187221,14.182355,1018.0764,12.79,38.229042,8.397435,0.0014822363414326,4,autumn,yeongheung_coal,1,67.560744,78231.166
2022-10-15,12895.412505408,13431.423367008,1892.699705808,7.388333333333333,7.6933333333333325,42.43999999999999,6,16.944,88.422,250.648,0.4599999999999999,0.0,-0.9435005975791948,-0.3313708230482914,192.22173913043483,29957.612903225807,0.0,15.129032258064516,1.0,0.0,76922.93419354838,26.661666666666665,92.11641168868066,75347.488,121.856353,14.57889,1016.6846,14.76,45.912845,8.841205,0.0015816300120431,5,autumn,yeongheung_coal,1,67.102303,75347.488
2022-10-16,12810.742127568,13136.377247424,1960.96834728,7.483333333333333,7.653333333333333,42.355,6,16.416,84.45,240.31,1.67,0.0,-0.8687179750584547,-0.4953070560877748,50.568862275449106,29957.612903225807,0.0,15.129032258064516,1.0,0.0,76922.93419354838,26.661666666666665,92.11641168868066,74027.375,100.141034,25.14852,1015.5869,7.12,14.905862,17.817572,0.0013001432843878,6,autumn,yeongheung_coal,1,67.41760000000001,74027.375
2022-10-17,12325.646326176,12928.637942208004,2164.060636848,6.996666666666666,7.386666666666667,45.715,6,11.318,47.7,277.11,1.008,0.0,-0.992310350244224,0.1237746694529433,47.32142857142858,29957.612903225807,0.0,15.129032258064516,1.0,0.0,76922.93419354838,26.661666666666665,92.11641168868066,76032.034,522.568809,41.0621,1017.4006,16.79,57.702282,384.948046,0.0067475681445674,0,autumn,yeongheung_coal,1,79.918481,76032.034
2022-10-18,12983.799878496,13326.191385696,2136.204444528,7.266666666666667,7.486666666666667,52.934999999999995,6,10.15,44.688,247.17,0.596,0.0,-0.9216601225441744,-0.387998219727691,74.97986577181209,29957.612903225807,0.0,15.129032258064516,1.0,0.0,76922.93419354838,26.661666666666665,92.11641168868066,76852.844,319.06122799999997,35.757988,1020.4987,16.72,48.564968,178.360165,0.0041306704501705,1,autumn,yeongheung_coal,1,92.136095,76852.844
2022-10-19,14608.599558048,13277.051828784,1952.376809184,8.221666666666666,7.486666666666667,50.405,6,10.474,71.248,204.302,0.4359999999999999,0.0,-0.4115461723303745,-0.911388911519236,163.4128440366973,29957.612903225807,0.0,15.129032258064516,1.0,0.0,76922.93419354838,26.661666666666665,92.11641168868066,77739.119,153.016167,24.86868,1023.2238,16.17,41.855496,19.694147,0.0019852647458022,2,autumn,yeongheung_coal,1,91.466524,77739.119
2022-10-20,13870.008572832,13249.486016352,1654.9180408799998,7.811666666666667,7.453333333333333,43.8,6,11.296,87.992,219.63599999999997,0.528,0.0,-0.6379079916429862,-0.7701125854042459,166.65151515151516,29957.612903225807,0.0,15.129032258064516,1.0,0.0,76922.93419354838,26.661666666666665,92.11641168868066,77804.097,148.451172,15.349684,1025.3463,15.99,52.542068,5.279552,0.001926151596937,3,autumn,yeongheung_coal,1,90.629552,77804.097
2022-10-21,12060.47814912,13415.981833152,1622.172387888,6.773333333333333,7.533333333333334,44.48333333333334,6,11.854,99.972,213.288,0.638,0.0,-0.5488477548735745,-0.8359223301062346,156.69592476489026,29957.612903225807,0.0,15.129032258064516,1.0,0.0,76922.93419354838,26.661666666666665,92.11641168868066,77995.422,130.601924,14.264361,1022.24164,12.98,41.525752999999995,0.97152,0.0016949504277228,4,autumn,yeongheung_coal,1,88.104651,77995.422
2022-10-22,12793.053877632,12780.308295648,1594.622996064,7.325,7.311666666666667,44.47666666666667,6,15.844,97.54,244.762,1.006,0.0,-0.9045444659647622,-0.4263793019044464,96.9582504970179,29957.612903225807,0.0,15.129032258064516,1.0,0.0,76922.93419354838,26.661666666666665,92.11641168868066,76187.684,137.315852,22.963936,1018.44165,14.01,46.575243,4.718211,0.0017819284510345,5,autumn,yeongheung_coal,1,86.022398,76187.684
2022-10-23,12828.354502608,12883.968350784,1614.6253128960002,7.483333333333333,7.510000000000001,44.665,6,13.738,69.156,239.67,1.598,0.0,-0.8631312622203637,-0.5049796274879629,43.276595744680854,29957.612903225807,0.0,15.129032258064516,1.0,0.0,76922.93419354838,26.661666666666665,92.11641168868066,74690.314,341.196331,37.731365,1017.0927,15.74,54.885278,200.895068,0.0044159732165962,6,autumn,yeongheung_coal,1,85.415985,74690.314
2022-10-24,13187.58276528,13424.701914288,1638.131790672,7.349999999999999,7.489999999999999,48.46666666666667,6,9.712,49.178,106.824,0.516,0.0,0.9571983441941536,-0.28943277262945,95.30620155038758,29957.612903225807,0.0,15.129032258064516,1.0,0.0,76922.93419354838,26.661666666666665,92.11641168868066,78596.48,360.106607,34.50746,1019.3518,15.73,56.908556,220.391703,0.004659581238908,0,autumn,yeongheung_coal,1,82.806348,78596.48
2022-10-25,11469.033803232,13183.864021152,1562.09425632,6.488333333333333,7.478333333333333,47.580000000000005,6,9.932,80.21000000000001,180.448,0.618,0.0,-0.0078189953754948,-0.9999694311884328,129.789644012945,29957.612903225807,0.0,15.129032258064516,1.0,0.0,76922.93419354838,26.661666666666665,92.11641168868066,78135.478,157.49559399999998,24.269983,1025.5187,15.3,47.434409,31.252401999999996,0.0020432630491824,1,autumn,yeongheung_coal,1,78.80878299999999,78135.478
2022-10-26,12501.953559648,13302.027150192,1644.1838805599998,7.046666666666667,7.508333333333333,44.13666666666666,6,11.376,79.186,155.11,0.506,0.0,0.4208774979104538,-0.9071174850881424,156.49407114624506,29957.612903225807,0.0,15.129032258064516,1.0,0.0,76922.93419354838,26.661666666666665,92.11641168868066,77869.218,142.236216,25.984919,1025.5275,13.48,35.157835999999996,31.609925000000004,0.0018456614738423,2,autumn,yeongheung_coal,1,75.468455,77869.218
2022-10-27,13481.233030368,13034.536091856,1699.919518608,7.645,7.415,42.72,6,11.674,84.226,157.31599999999997,0.522,0.0,0.3856484060466165,-0.922645818780806,161.35249042145594,29957.612903225807,0.0,15.129032258064516,1.0,0.0,76922.93419354838,26.661666666666665,92.11641168868066,76866.844,133.539759,19.08,1023.46893,13.55,42.016785,14.82883,0.0017330115453016,3,autumn,yeongheung_coal,1,76.694144,76866.844
2022-10-28,13134.742390368,13340.521237103998,1732.3084840319998,7.428333333333334,7.548333333333333,42.27,6,11.218,99.314,176.37,0.392,0.0,0.063313076471267,-0.9979937145832852,253.3520408163265,29957.612903225807,0.0,15.129032258064516,1.0,0.0,76922.93419354838,26.661666666666665,92.11641168868066,77499.072,118.143724,15.517629,1023.69147,10.93,35.219559000000004,4.296615,0.0015335159786632,4,autumn,yeongheung_coal,1,78.62755,77499.072
2022-10-29,12322.16035488,12678.431440752,1609.255575504,7.1049999999999995,7.305,42.38333333333333,6,12.702,99.572,155.33,0.638,0.0,0.4173913227731243,-0.9087268476685948,156.06896551724137,29957.612903225807,0.0,15.129032258064516,1.0,0.0,76922.93419354838,26.661666666666665,92.11641168868066,76252.071,136.06607,20.018072,1023.6202,14.0,44.494175000000006,13.794634,0.001765738843414,5,autumn,yeongheung_coal,1,77.777261,76252.071
2022-10-30,12993.349325616,12784.85855856,1701.453600432,7.376666666666666,7.248333333333334,42.77,6,12.504,99.248,169.448,0.436,0.0,0.1831278241644825,-0.983089110923716,227.6330275229358,29957.612903225807,0.0,15.129032258064516,1.0,0.0,76922.93419354838,26.661666666666665,92.11641168868066,77273.816,135.675481,21.980644,1022.61786,13.94,42.196297,14.145932,0.0017606790671803,6,autumn,yeongheung_coal,1,79.33325199999999,77273.816
2022-10-31,12387.71039544,12657.622687344,1976.679556704,7.036666666666666,7.1049999999999995,43.453333333333326,6,11.86,98.982,217.95,0.304,0.0,-0.6149735718768642,-0.7885477194774019,325.5986842105263,29957.612903225807,0.0,15.129032258064516,1.0,0.0,76922.93419354838,26.661666666666665,92.11641168868066,77308.072,156.42042500000002,26.552288,1021.7399,9.43,43.699498,31.260797,0.00202934269201,0,autumn,yeongheung_coal,1,81.46013,77308.072
2022-11-01,8960.478300576,10124.892476928002,2124.172924128,4.923333333333333,20.35333333333333,76.47666666666667,6,10.39,65.01,153.642,0.4599999999999999,0.0,0.4439784687691313,-0.8960374541666312,141.32608695652178,22098.966666666667,0.0,0.1333333333333333,1.0,0.0,56377.52733333333,20.036666666666665,90.01911605795743,58610.651,135.737876,26.807312,1019.7915,10.22,23.869788,25.490092,0.0024018763647297,1,autumn,yeongheung_coal,1,86.377996,58610.651
2022-11-02,9383.65538616,9995.898019104,2149.8189091199997,5.201666666666667,19.22,79.58,6,10.184,64.19,154.05,0.5519999999999999,0.0,0.4375866341990185,-0.8991762550080904,116.28623188405798,22098.966666666667,0.0,0.1333333333333333,1.0,0.0,56377.52733333333,20.036666666666665,90.01911605795743,58021.651,149.88300200000003,24.442911,1019.1705,14.36,51.666925000000006,17.097579000000003,0.0026515101454473,2,autumn,yeongheung_coal,1,81.118498,58021.651
2022-11-03,8308.6980408,9860.141799216,1921.559146272,4.568333333333333,19.743333333333336,61.685,6,8.038,52.714,254.82799999999995,2.3280000000000003,0.0,-0.965144509038617,-0.2617175513270113,22.643470790378004,22098.966666666667,0.0,0.1333333333333333,1.0,0.0,56377.52733333333,20.036666666666665,90.01911605795743,58682.589,199.278974,37.05902,1017.54785,4.54,12.833486,98.805745,0.0035222732954823,3,autumn,yeongheung_coal,1,87.639743,58682.589
2022-11-04,9917.059402368,9691.118487503998,1868.24945808,16.47833333333333,12.86,76.65666666666667,6,5.882,54.034000000000006,248.96400000000003,0.438,0.0,-0.9333550730071192,-0.3589544646495924,123.36529680365298,22098.966666666667,0.0,0.1333333333333333,1.0,0.0,56377.52733333333,20.036666666666665,90.01911605795743,56907.324,445.8777940000001,41.23061,1021.1713,14.19,50.216172,301.981044,0.0078467278228196,4,autumn,yeongheung_coal,1,93.680578,56907.324
2022-11-05,8784.798959376,9883.64321856,1615.3603394400002,10.935,15.415,65.92999999999999,6,7.854000000000001,80.584,181.494,0.262,0.0,-0.0260722642942581,-0.9996600607379342,307.57251908396944,22098.966666666667,0.0,0.1333333333333333,1.0,0.0,56377.52733333333,20.036666666666665,90.01911605795743,57863.165,149.19025599999998,30.972555,1022.6929,13.68,49.57050099999999,11.966868,0.0026392874442819,5,autumn,yeongheung_coal,1,87.65288699999999,57863.165
2022-11-06,8288.008670304,9893.508162912,1501.66409184,5.245,18.94333333333333,55.98499999999999,6,8.669999999999998,73.814,212.354,0.5,0.0,-0.5351487524585051,-0.844757842663864,147.628,22098.966666666667,0.0,0.1333333333333333,1.0,0.0,56377.52733333333,20.036666666666665,90.01911605795743,56647.777,134.582629,24.482647,1021.7308,13.14,45.30352,6.766433,0.0023814829970019,6,autumn,yeongheung_coal,1,82.51267600000001,56647.777
2022-11-07,9354.374338464,9873.651532320002,1607.566435488,5.351666666666667,18.986666666666668,53.051666666666655,6,13.138,85.796,225.658,0.37,0.0,-0.7151805763189575,-0.698939727913705,231.8810810810811,22098.966666666667,0.0,0.1333333333333333,1.0,0.0,56377.52733333333,20.036666666666665,90.01911605795743,56497.165,112.729647,27.105392,1020.414,7.56,26.285221,18.096646,0.0019955591110029,0,autumn,yeongheung_coal,1,68.34778,56497.165
2022-11-08,8954.022011760002,9609.084792143998,1575.511893936,5.081666666666667,19.965,52.69166666666666,6,10.026,99.738,218.59,0.37,0.0,-0.6237431861536947,-0.7816293480460144,269.56216216216217,22098.966666666667,0.0,0.1333333333333333,1.0,0.0,56377.52733333333,20.036666666666665,90.01911605795743,57318.989,99.586629,22.9724,1021.87445,12.4,38.129828,1.417002,0.0017633094542759,1,autumn,yeongheung_coal,1,60.039799,57318.989
2022-11-09,7879.060210176,9426.942328464,1560.295862352,4.458333333333333,20.75,56.155,6,10.216,97.906,168.368,0.586,0.0,0.2016249877846321,-0.9794627937297296,167.0750853242321,22098.966666666667,0.0,0.1333333333333333,1.0,0.0,56377.52733333333,20.036666666666665,90.01911605795743,57271.666,100.619533,17.477621,1022.9119,10.53,19.495030000000003,1.259673,0.0017815657662801,2,autumn,yeongheung_coal,1,79.86483,57271.666
2022-11-10,6687.289591199999,9091.070072496,1240.313464512,3.923333333333334,21.30666666666667,56.36833333333333,6,12.352,97.758,133.76399999999998,0.756,0.0,0.722194971982047,-0.6916895419506142,129.3095238095238,22098.966666666667,0.0,0.1333333333333333,1.0,0.0,56377.52733333333,20.036666666666665,90.01911605795743,55423.164,112.607197,15.408671,1022.0688,10.91,28.869287,3.524056,0.0019933958015188,3,autumn,yeongheung_coal,1,80.213854,55423.164
2022-11-11,7409.31109488,8997.86421936,1181.213025408,4.4383333333333335,34.18666666666667,60.656666666666666,6,12.78,76.89,177.366,0.358,0.0,0.0459557811769471,-0.9989434749656342,214.77653631284915,22098.966666666667,0.0,0.1333333333333333,1.0,0.0,56377.52733333333,20.036666666666665,90.01911605795743,54453.248,138.625743,25.1614,1022.47235,10.98,32.526075,25.354404,0.0024528517150267,4,autumn,yeongheung_coal,1,80.74526399999999,54453.248
2022-11-12,9989.4862548,8940.008994912001,1137.1804374240005,6.131666666666667,36.276666666666664,61.971666666666664,6,14.342000000000002,99.0,264.408,2.316,0.01,-0.9952410154237072,-0.0974439388489003,42.74611398963731,22098.966666666667,0.0,0.1333333333333333,1.0,0.0,56377.52733333333,20.036666666666665,90.01911605795743,52423.929,289.799321,42.858147,1013.84595,6.24,16.143082,193.569303,0.0051140461022231,5,autumn,yeongheung_coal,1,80.08693600000001,52423.929
2022-11-13,9356.935938768,9581.595185952,1382.8658526719998,5.345,22.655,52.21,6,10.028,94.354,117.064,0.186,0.0,0.8904988561781242,-0.4549854801479411,507.2795698924731,22098.966666666667,0.0,0.1333333333333333,1.0,0.0,56377.52733333333,20.036666666666665,90.01911605795743,55836.623,259.41443300000003,39.81704,1012.33954,12.31,17.767568999999998,151.539099,0.0045803043898497,6,autumn,yeongheung_coal,1,90.107765,55836.623
2022-11-14,8634.743393904,9319.798890288,1215.532652688,5.0,21.926666666666662,51.945,6,7.890000000000001,76.812,197.42,0.258,0.0,-0.2993738667424736,-0.9541358854542992,297.72093023255815,22098.966666666667,0.0,0.1333333333333333,1.0,0.0,56377.52733333333,20.036666666666665,90.01911605795743,55634.556,163.850754,25.294964,1016.0351,9.98,32.723504,47.34647700000001,0.0028978910585963,0,autumn,yeongheung_coal,1,83.780773,55634.556
2022-11-15,9125.349260976,9634.380070896,1448.70845328,5.0616666666666665,17.205000000000002,51.07166666666666,6,7.808,92.34,182.078,0.458,0.01,-0.0362599914575432,-0.9993423902844804,201.61572052401743,22098.966666666667,0.0,0.1333333333333333,1.0,0.0,56377.52733333333,20.036666666666665,90.01911605795743,58117.505,154.760183,31.06239,1013.93256,9.76,25.87136,43.136254,0.00273755387937,1,autumn,yeongheung_coal,1,85.75256900000001,58117.505
2022-11-16,9063.497742912,9792.7568136,1607.3753855040002,4.943333333333333,12.806666666666668,49.115,6,9.104,74.19,183.76,0.404,0.0,-0.0655772874699212,-0.9978474930409392,183.63861386138612,22098.966666666667,0.0,0.1333333333333333,1.0,0.0,56377.52733333333,20.036666666666665,90.01911605795743,58770.599,150.274207,28.576382,1017.17267,12.02,39.246124,26.747937,0.0026584123724107,2,autumn,yeongheung_coal,1,84.280146,58770.599
2022-11-17,7119.098134848,9667.887274224,1544.9891292,4.09,13.228333333333332,48.748333333333335,6,8.828,98.562,164.134,0.8619999999999999,0.0,0.2733884617085002,-0.9619037108799716,114.34106728538283,22098.966666666667,0.0,0.1333333333333333,1.0,0.0,56377.52733333333,20.036666666666665,90.01911605795743,56373.342,139.529243,17.727943,1020.7753,11.07,40.480828,9.889679,0.0024687988273336,3,autumn,yeongheung_coal,1,89.158736,56373.342
2022-11-18,8602.878664799999,9818.673329664,1662.144650784,4.825,13.208333333333334,48.75833333333333,6,10.736,97.016,149.98000000000002,0.9,0.0,0.5003022694261583,-0.8658508181014993,107.79555555555557,22098.966666666667,0.0,0.1333333333333333,1.0,0.0,56377.52733333333,20.036666666666665,90.01911605795743,57518.328,139.668321,16.375053,1023.77386,11.91,42.570381000000005,4.514310999999999,0.0024712535606725,4,autumn,yeongheung_coal,1,92.583629,57518.328
2022-11-19,8848.775849471998,8999.01727128,1392.73672104,5.386666666666667,15.308333333333332,49.41,6,11.7,87.13,159.382,0.8880000000000001,0.0,0.3521357028132553,-0.9359489552343198,98.11936936936937,22098.966666666667,0.0,0.1333333333333333,1.0,0.0,56377.52733333333,20.036666666666665,90.01911605795743,52921.958,200.445442,28.772987,1020.2617,10.2,39.872507,65.413665,0.0035428176756341,5,autumn,yeongheung_coal,1,95.15927,52921.958
2022-11-20,10147.687454592,9440.707497264,1463.758825392,5.833333333333333,14.186666666666667,49.115,6,11.196,92.124,178.906,0.442,0.0,0.0190927418380811,-0.9998177169910044,208.42533936651583,22098.966666666667,0.0,0.1333333333333333,1.0,0.0,56377.52733333333,20.036666666666665,90.01911605795743,55694.192,148.14081499999998,21.42227,1017.3217,7.77,41.702379,12.378991999999998,0.0026207707021039,6,autumn,yeongheung_coal,1,94.05944399999998,55694.192
2022-11-21,10034.596024560002,9288.970613712,1412.736571728,5.788333333333334,13.21,49.00666666666667,6,9.998,96.354,195.788,0.5519999999999999,0.0,-0.2720787146049655,-0.9622749986666544,174.55434782608697,22098.966666666667,0.0,0.1333333333333333,1.0,0.0,56377.52733333333,20.036666666666665,90.01911605795743,55529.879,118.954305,18.129137,1018.7895,4.44,23.856651999999997,2.504898,0.0021055170437248,0,autumn,yeongheung_coal,1,92.592755,55529.879
2022-11-22,9566.029726992,9843.086899584,1525.9597943039998,5.34,15.276666666666666,52.46333333333333,6,10.696,88.982,161.032,0.412,0.0,0.3250400265146062,-0.9457002596824134,215.97572815533985,22098.966666666667,0.0,0.1333333333333333,1.0,0.0,56377.52733333333,20.036666666666665,90.01911605795743,57381.996,105.27972,23.377836,1018.68097,4.73,11.374468,5.621634,0.0018639250683945,1,autumn,yeongheung_coal,1,88.28361799999999,57381.996
2022-11-23,9348.386562576,8885.237485536001,1463.842229184,5.541666666666667,17.305000000000003,56.68166666666667,6,9.018,72.532,221.758,1.0559999999999998,0.0,-0.6659858287704714,-0.7459643931696126,68.68560606060606,22098.966666666667,0.0,0.1333333333333333,1.0,0.0,56377.52733333333,20.036666666666665,90.01911605795743,54747.725,166.97796499999998,28.963785,1015.58514,10.82,42.956192,38.024615,0.0029530360928795,2,autumn,yeongheung_coal,1,85.997158,54747.725
2022-11-24,9946.097046432,9175.168315296,1611.079818624,5.75,16.218333333333334,55.625,6,9.658,95.074,174.618,0.5519999999999999,0.0,0.0937955436641809,-0.9955914804721568,172.23550724637684,22098.966666666667,0.0,0.1333333333333333,1.0,0.0,56377.52733333333,20.036666666666665,90.01911605795743,55836.5,138.75832300000002,20.49156,1018.22437,10.65,33.984675,20.21129,0.0024551918334436,3,autumn,yeongheung_coal,1,84.562358,55836.5
2022-11-25,9542.921752368,9208.736979984,1712.3436768959998,5.428333333333334,17.981666666666666,56.346666666666664,6,13.776,88.03,278.51599999999996,2.9379999999999997,0.0,-0.9889745486254724,0.1480855906935014,29.96255956432948,22098.966666666667,0.0,0.1333333333333333,1.0,0.0,56377.52733333333,20.036666666666665,90.01911605795743,56022.06,294.325833,38.948273,1014.8518,10.69,38.177745,174.463372,0.0051935099446306,4,autumn,yeongheung_coal,1,81.684716,56022.06
2022-11-26,8478.614003904,8768.22684984,1446.1383471840002,5.323333333333333,12.708333333333334,63.678333333333335,6,3.008,55.098,239.502,0.8400000000000001,0.0,-0.8616468763476156,-0.507508286119938,65.59285714285714,22098.966666666667,0.0,0.1333333333333333,1.0,0.0,56377.52733333333,20.036666666666665,90.01911605795743,53218.721,285.735704,38.64764,1015.7014,10.98,42.897256,157.811177,0.0050426976613002,5,autumn,yeongheung_coal,1,85.02727100000001,53218.721
2022-11-27,8804.190052224001,9447.305479056,1550.234571264,6.163333333333333,8.738333333333333,76.1,6,7.756,54.42,165.64,0.514,0.0,0.2480136280059252,-0.9687565433705924,105.87548638132296,22098.966666666667,0.0,0.1333333333333333,1.0,0.0,56377.52733333333,20.036666666666665,90.01911605795743,55491.719,158.053923,25.305208,1018.0406,8.92,36.890730000000005,36.048413,0.0027956539844063,6,autumn,yeongheung_coal,1,85.11478,55491.719
2022-11-28,9882.508180608,9445.603107168,1843.795926576,5.506666666666667,17.323333333333334,62.68333333333334,6,15.134,99.988,277.456,1.264,0.01,-0.9915448059367916,0.1297647788106247,79.10443037974683,22098.966666666667,0.0,0.1333333333333333,1.0,0.0,56377.52733333333,20.036666666666665,90.01911605795743,58031.24,370.87164499999994,36.247547,1011.4947,3.18,10.119584,277.39194299999997,0.0065353675465205,0,autumn,yeongheung_coal,1,83.360118,58031.24
2022-11-29,10827.226593072,9375.503514768,1874.12100336,6.186666666666667,14.686666666666666,63.00666666666667,6,-0.274,51.206,258.054,4.844,0.01,-0.9783431184301248,-0.2069897162189923,10.5710156895128,22098.966666666667,0.0,0.1333333333333333,1.0,0.0,56377.52733333333,20.036666666666665,90.01911605795743,56794.18,391.10450800000007,50.3228,1014.1086,7.07,14.669281,277.52159600000005,0.0068894474873575,1,autumn,yeongheung_coal,1,98.913631,56794.18
2022-11-30,10992.12926472,9328.443876,1749.399746832,21.533333333333335,8.698333333333332,77.89333333333333,6,-4.758,59.508,154.544,1.83,0.0,0.4298178341921216,-0.90291562696101,32.51803278688524,22098.966666666667,0.0,0.1333333333333333,1.0,0.0,56377.52733333333,20.036666666666665,90.01911605795743,57283.382,353.23600300000004,52.485973,1029.1782,8.64,32.42045,217.66045000000005,0.006226533581186,2,autumn,yeongheung_coal,1,103.155103,57283.382
2022-12-01,9398.071084752,9535.07801736,1607.6205563039998,39.79833333333334,7.140000000000001,79.36333333333333,6,-3.966,59.105999999999995,173.974,0.726,0.0,0.104979752210334,-0.9944743594612466,81.41322314049586,21680.16129032258,0.0,1.3225806451612905,1.0,0.0,56611.64258064516,19.968333333333337,90.38923458215812,58031.907,185.553721,40.192837,1029.4049,9.76,40.518329,47.177871999999994,0.003266952122329,3,winter,yeongheung_coal,1,97.85752,58031.907
2022-12-02,10298.847479184,10140.102291024,5389.986335328,43.35666666666666,7.555,82.59666666666668,6,2.066,59.584,120.112,3.3939999999999997,0.0,0.8650463654324081,-0.5016919230485785,17.555686505598118,21680.16129032258,0.0,1.3225806451612905,1.0,0.0,56611.64258064516,19.968333333333337,90.38923458215812,58635.651,174.46473400000002,27.776047,1027.8529,9.14,42.519968,32.735467,0.0030723136740701,4,winter,yeongheung_coal,1,99.209299,58635.651
2022-12-03,9439.821908208,10055.205480384,3899.668653504,7.785,9.778333333333334,62.87833333333333,6,1.1880000000000002,65.562,258.964,2.654,0.01,-0.9815071008624966,-0.1914257322213944,24.703089675960815,21680.16129032258,0.0,1.3225806451612905,1.0,0.0,56611.64258064516,19.968333333333337,90.38923458215812,55943.192,207.188402,39.595085,1022.20514,7.03,22.638198,89.41172600000002,0.003646474213158,5,winter,yeongheung_coal,1,95.138478,55943.192
2022-12-04,10083.38875272,9745.812149472,12078.188823312,49.826666666666675,6.038333333333333,81.15666666666667,6,-2.996,53.476,300.87399999999997,1.5699999999999998,0.0,-0.8582978549967197,0.5131518216941551,34.06114649681529,21680.16129032258,0.0,1.3225806451612905,1.0,0.0,56611.64258064516,19.968333333333337,90.38923458215812,58356.936,264.69775500000003,41.39217,1029.3203,8.31,18.122736,146.36450399999998,0.0046539167857484,6,winter,yeongheung_coal,1,100.21051500000002,58356.936
2022-12-05,8855.062633728001,9102.471417216,4431.861171072,52.52333333333333,5.885000000000001,79.98666666666666,6,-1.328,74.838,152.346,1.146,0.0,0.4641310564277695,-0.8857665394782321,65.30366492146597,21680.16129032258,0.0,1.3225806451612905,1.0,0.0,56611.64258064516,19.968333333333337,90.38923458215812,56340.104,175.96533599999998,28.883131,1027.6046,10.79,44.202668,35.401119,0.0030986573031617,0,winter,yeongheung_coal,1,96.361549,56340.104
2022-12-06,8912.205415872,9732.894305616,1830.619639296,10.35,8.053333333333333,67.69833333333334,6,6.5680000000000005,58.67,270.474,3.1380000000000003,0.01,-0.9999657800834648,0.0082727662887041,18.696622052262587,21680.16129032258,0.0,1.3225806451612905,1.0,0.0,56611.64258064516,19.968333333333337,90.38923458215812,58622.8,149.91701600000002,43.525772,1020.4771,6.0,25.556033,32.854728,0.0026411715440049,1,winter,yeongheung_coal,1,91.506255,58622.8
2022-12-07,7636.955427792001,10838.51973576,4446.280223136,4.16,9.891666666666667,71.98666666666666,6,5.544,70.512,271.526,1.042,0.0,-0.9996453433282224,0.026630575701633,67.66986564299424,21680.16129032258,0.0,1.3225806451612905,1.0,0.0,56611.64258064516,19.968333333333337,90.38923458215812,58661.828,339.979105,41.86693,1020.17303,9.29,17.609705,233.422139,0.0059696123646237,2,winter,yeongheung_coal,1,88.947261,58661.828
2022-12-08,10747.826951472,9986.018295023998,4436.554966992,6.12,7.963333333333334,74.49666666666667,6,3.3840000000000003,75.888,156.394,0.7979999999999999,0.0,0.4004449916422009,-0.9163208000851436,95.09774436090228,21680.16129032258,0.0,1.3225806451612905,1.0,0.0,56611.64258064516,19.968333333333337,90.38923458215812,56913.996,151.07536199999998,27.0,1023.3195,9.75,37.609997,25.753494,0.0026615244561166,3,winter,yeongheung_coal,1,87.711871,56913.996
2022-12-09,10265.8366188,9833.214609072,2571.646079376,5.8500000000000005,11.831666666666663,67.885,6,3.592,66.59200000000001,157.99,0.682,0.01,0.3747684118198408,-0.927118459260754,97.64222873900296,21680.16129032258,0.0,1.3225806451612905,1.0,0.0,56611.64258064516,19.968333333333337,90.38923458215812,56583.08,142.714288,21.758419,1019.7336,9.46,25.915279,32.862654,0.0025145961627281,4,winter,yeongheung_coal,1,83.93635499999999,56583.08
2022-12-10,8598.18414168,9908.653829327995,3308.0870888639997,4.83,7.098333333333333,87.20166666666667,6,4.34,53.762,279.644,1.49,0.0,-0.9858676771391252,0.1675258880660101,36.08187919463087,21680.16129032258,0.0,1.3225806451612905,1.0,0.0,56611.64258064516,19.968333333333337,90.38923458215812,57448.688,112.841384,27.238941,1018.54834,7.37,18.126415,12.304722,0.0019892888592927,5,winter,yeongheung_coal,1,82.410247,57448.688
2022-12-11,7948.252417536,9550.25490888,5726.4850526400005,4.6866666666666665,6.678333333333334,86.34999999999998,6,-0.042,67.674,178.752,0.7020000000000001,0.0,0.0217799867430596,-0.9997627879539588,96.4017094017094,21680.16129032258,0.0,1.3225806451612905,1.0,0.0,56611.64258064516,19.968333333333337,90.38923458215812,55091.347,160.44315500000002,34.94968,1020.88617,10.51,41.90130800000001,32.352095,0.0028260923114061,6,winter,yeongheung_coal,1,86.18975200000001,55091.347
2022-12-12,9363.603230208,9322.984164240002,1729.9158465600003,5.413333333333334,9.811666666666666,71.375,6,6.186,56.324,278.726,3.922,0.01,-0.9884251450521232,0.1517093689548836,14.361040285568588,21680.16129032258,0.0,1.3225806451612905,1.0,0.0,56611.64258064516,19.968333333333337,90.38923458215812,55886.033,190.38725799999995,36.691753,1017.4729,6.0,11.271776,97.555149,0.0033517685642718,0,winter,yeongheung_coal,1,81.560333,55886.033
2022-12-13,10429.038702864,11197.404986544,5429.120823216001,5.991666666666667,11.395,73.51333333333334,6,-4.5,76.878,274.356,3.502,0.0,-0.9971113742046842,0.0759533240328973,21.95259851513421,21680.16129032258,0.0,1.3225806451612905,1.0,0.0,56611.64258064516,19.968333333333337,90.38923458215812,55570.646,289.28288499999996,61.130077,1015.0479,4.56,11.322565,190.198019,0.0050839750431591,1,winter,yeongheung_coal,1,87.76230100000001,55570.646
2022-12-14,10967.423229504,9725.316537168,1448.886780432,20.25,6.891666666666667,80.27833333333334,6,-5.308,67.35,105.904,1.5799999999999998,0.0,0.9617221812439922,-0.274026360234372,42.62658227848101,21680.16129032258,0.0,1.3225806451612905,1.0,0.0,56611.64258064516,19.968333333333337,90.38923458215812,58297.472,182.21325,57.718,1024.5438,6.37,29.345367,50.342302,0.0032083268046343,2,winter,yeongheung_coal,1,102.525581,58297.472
2022-12-15,10716.736246416,9379.708289424,1373.8871689920002,8.89,8.606666666666667,72.75666666666666,6,-3.3340000000000005,65.91799999999999,271.052,1.688,0.01,-0.9998314440769224,0.0183598321086092,39.050947867298575,21680.16129032258,0.0,1.3225806451612905,1.0,0.0,56611.64258064516,19.968333333333337,90.38923458215812,57506.894,263.21529999999996,45.19398,1021.1496,2.05,5.38905,165.797511,0.0046279728830684,3,winter,yeongheung_coal,1,92.028739,57506.894
2022-12-16,10072.476262656,9305.434962576,8279.394137136002,23.763333333333335,6.028333333333333,84.86999999999999,6,-4.0840000000000005,50.154,257.944,0.904,0.0,-0.977943923924408,-0.2088676175459751,55.480088495575224,21680.16129032258,0.0,1.3225806451612905,1.0,0.0,56611.64258064516,19.968333333333337,90.38923458215812,56925.944,207.851323,36.367126,1027.8003,9.75,37.654384,70.839501,0.0036580988094064,4,winter,yeongheung_coal,1,99.357438,56925.944
2022-12-17,10561.272938064,9394.433101584,1342.787186016,24.62166666666667,7.140000000000001,83.27499999999999,6,-7.738,61.98,168.924,1.382,0.0,0.1921109067381149,-0.9813732213140216,44.848046309696095,21680.16129032258,0.0,1.3225806451612905,1.0,0.0,56611.64258064516,19.968333333333337,90.38923458215812,57499.996,231.50905700000004,44.039345,1022.7426,8.99,24.343565,106.493717,0.0040727695479622,5,winter,yeongheung_coal,1,100.671775,57499.996
2022-12-18,11298.759156144,9104.83344936,1162.525516128,31.57166666666667,8.228333333333333,89.68166666666667,6,-8.578,73.256,153.624,0.694,0.0,0.4442599453233769,-0.8958979300016661,105.55619596541788,21680.16129032258,0.0,1.3225806451612905,1.0,0.0,56611.64258064516,19.968333333333337,90.38923458215812,54987.634,180.852534,35.647274,1020.6348,6.71,26.964459,64.618581,0.0031844442410025,6,winter,yeongheung_coal,1,89.26949400000001,54987.634
2022-12-19,10197.154704096,9348.444852912002,1151.36524008,23.88,7.1433333333333335,80.33,6,-6.6579999999999995,73.55,193.976,0.8039999999999999,0.0,-0.2415154378643928,-0.9703969771558292,91.48009950248756,21680.16129032258,0.0,1.3225806451612905,1.0,0.0,56611.64258064516,19.968333333333337,90.38923458215812,56862.171,115.775037,17.731598,1023.69025,7.7,22.931008,12.177757,0.0020409008881798,0,winter,yeongheung_coal,1,80.66627199999999,56862.171
2022-12-20,10820.231366832,9169.489885392,1689.683301504,19.933333333333337,8.165,84.34,6,0.5800000000000001,57.64200000000001,110.192,2.1060000000000003,0.0,0.9385412263349868,-0.3451671572870443,27.37037037037037,21680.16129032258,0.0,1.3225806451612905,1.0,0.0,56611.64258064516,19.968333333333337,90.38923458215812,56918.15,172.394596,23.838959,1024.0948,9.32,35.016546000000005,43.563513,0.0030359693422943,1,winter,yeongheung_coal,1,93.814537,56918.15
2022-12-21,10592.221398624,10516.80164832,3433.316122944,6.021666666666667,12.143333333333333,87.94,6,3.088,82.922,252.882,2.8120000000000003,0.01,-0.9557005921407944,-0.2943405819484205,29.48862019914651,21680.16129032258,0.0,1.3225806451612905,1.0,0.0,56611.64258064516,19.968333333333337,90.38923458215812,56595.459,278.349222,39.047966,1009.13184,5.53,10.654443,174.845243,0.0048927625612183,2,winter,yeongheung_coal,1,92.849536,56595.459
2022-12-22,10334.133629568,11356.936845984,5967.358930799999,5.815,14.815,102.45333333333332,6,-8.17,68.318,267.066,4.4,0.0,-0.9986891588875576,-0.0511855831310227,15.52681818181818,21680.16129032258,0.0,1.3225806451612905,1.0,0.0,56611.64258064516,19.968333333333337,90.38923458215812,56623.024,458.059712,56.06068,1008.30664,6.75,13.695802,350.55983299999997,0.008026320334582,3,winter,yeongheung_coal,1,93.804077,56623.024
2022-12-23,11330.704965312,9282.867115392,1415.470757184,6.419999999999999,16.351666666666667,97.845,6,-9.338,61.098,212.878,1.184,0.0,-0.5428520190329482,-0.8398283666510983,51.60304054054054,21680.16129032258,0.0,1.3225806451612905,1.0,0.0,56611.64258064516,19.968333333333337,90.38923458215812,56237.516,414.545838,56.164616,1011.2295,5.07,11.557385,308.135999,0.0072693941063832,4,winter,yeongheung_coal,1,94.852454,56237.516
2022-12-24,9962.567601696,9286.048883376,1263.518911296,5.846666666666667,11.638333333333335,99.12666666666668,6,-6.918000000000001,82.292,220.76799999999997,0.8139999999999998,0.0,-0.6529977163053607,-0.7573598764788002,101.09582309582312,21680.16129032258,0.0,1.3225806451612905,1.0,0.0,56611.64258064516,19.968333333333337,90.38923458215812,55927.569,153.51487500000002,37.911266,1017.83466,9.99,40.477677,23.195154,0.0027043856104856,5,winter,yeongheung_coal,1,89.842044,55927.569
2022-12-25,10456.237579104,13869.631851984,20910.029761872,6.265000000000001,8.821666666666667,90.575,6,-2.884,66.126,244.26,0.898,0.0,-0.9007740506053978,-0.4342880492898052,73.63697104677061,21680.16129032258,0.0,1.3225806451612905,1.0,0.0,56611.64258064516,19.968333333333337,90.38923458215812,53965.921,142.864129,30.566095,1020.5151,10.17,40.48373,17.473924,0.0025172296841709,6,winter,yeongheung_coal,1,84.90647499999999,53965.921
2022-12-26,10275.803751456,10007.442483984,2994.628142304,5.873333333333334,10.638333333333334,89.59166666666665,6,-3.504,78.008,169.016,0.8160000000000001,0.0,0.1905348659182165,-0.9816804290957049,95.59803921568626,21680.16129032258,0.0,1.3225806451612905,1.0,0.0,56611.64258064516,19.968333333333337,90.38923458215812,56787.511,109.094377,23.507753,1023.2705,8.37,22.502158,10.733667,0.0019233596538328,0,winter,yeongheung_coal,1,75.858552,56787.511
2022-12-27,8311.69732104,9270.497530944,2156.177588688,4.878333333333333,13.93,89.19,6,-1.6200000000000003,76.85799999999999,208.094,0.6940000000000001,0.0,-0.4709195025275732,-0.8821761854296357,110.74639769452448,21680.16129032258,0.0,1.3225806451612905,1.0,0.0,56611.64258064516,19.968333333333337,90.38923458215812,56131.056,122.320554,19.8,1026.0282,9.53,33.261661,1.44949,0.0021560375345134,1,winter,yeongheung_coal,1,87.609403,56131.056
2022-12-28,9730.472907024,9180.582362208,2317.946854176,5.603333333333333,9.71,92.17666666666666,6,-3.712,69.854,198.156,0.594,0.0,-0.3116053003214046,-0.9502116273818202,117.5993265993266,21680.16129032258,0.0,1.3225806451612905,1.0,0.0,56611.64258064516,19.968333333333337,90.38923458215812,56577.589,194.320299,39.3439,1027.1481,9.15,34.881572,69.861252,0.0034207729109654,2,winter,yeongheung_coal,1,89.577475,56577.589
2022-12-29,9801.864358416,9445.920783552,1543.601519424,5.486666666666667,8.046666666666667,101.39166666666668,6,1.878,77.866,254.68400000000003,1.72,0.0,-0.9644836935932024,-0.2641423949176159,45.27093023255814,21680.16129032258,0.0,1.3225806451612905,1.0,0.0,56611.64258064516,19.968333333333337,90.38923458215812,58268.931,134.85272799999998,26.987997,1029.7303,8.59,33.781733,6.77433,0.0023764062831816,3,winter,yeongheung_coal,1,94.296665,58268.931
2022-12-30,8871.66013104,8513.30613888,1508.4738806399996,5.908333333333334,12.443333333333332,89.58333333333333,6,-3.032,67.854,198.888,0.744,0.0,-0.3237192634410966,-0.9461531791825012,91.2016129032258,21680.16129032258,0.0,1.3225806451612905,1.0,0.0,56611.64258064516,19.968333333333337,90.38923458215812,54841.07,160.455138,31.237131,1029.1917,9.4,38.944878,24.910005,0.0028263027868935,4,winter,yeongheung_coal,1,96.600255,54841.07
2022-12-31,8010.906593328001,8480.985454944,1354.488878016,5.336666666666666,15.441666666666668,86.17,6,3.612,60.2,244.05,2.202,0.0,-0.8991762550080905,-0.4375866341990181,27.33878292461399,21680.16129032258,0.0,1.3225806451612905,1.0,0.0,56611.64258064516,19.968333333333337,90.38923458215812,51920.804,139.051472,29.035288,1027.7811,6.99,20.344448,22.139506,0.0024502162364923,5,winter,yeongheung_coal,1,96.567518,51920.804
2023-01-01,9314.978700528,9474.943179744,1882.570387536,8.796666666666667,21.591666666666665,98.82333333333332,6,-2.118,39.239999999999995,268.83000000000004,2.19,0.0,-0.9997915118519812,-0.0204189330948002,17.91780821917808,21554.967741935485,0.0,20.161290322580644,1.0,0.0,55461.208387096776,19.901666666666667,88.69152380112281,57963.557,290.334373,37.674644,1028.2982,10.27,40.00951,153.40860800000002,0.0052076473336232,6,winter,yeongheung_coal,1,96.916255,57963.557
2023-01-02,9288.634359456,9020.86189128,1594.966118832,15.621666666666668,26.223333333333333,109.10333333333334,6,-3.968,58.386,281.53000000000003,1.342,0.0,-0.9798201814932872,0.1998809944403465,43.50670640834575,21554.967741935485,0.0,20.161290322580644,1.0,0.0,55461.208387096776,19.901666666666667,88.69152380112281,56740.305,263.659063,39.9097,1030.1692,10.48,43.961873999999995,122.124018,0.0047314435200068,0,winter,yeongheung_coal,1,97.573171,56740.305
2023-01-03,8881.244179776,9549.57172392,1591.784385264,10.048333333333334,20.139999999999997,112.22333333333331,6,-3.98,59.414,191.574,0.746,0.0,-0.2006333833103094,-0.9796663950046764,79.64343163538874,21554.967741935485,0.0,20.161290322580644,1.0,0.0,55461.208387096776,19.901666666666667,88.69152380112281,57956.085,154.307378,26.729847,1028.1735,10.55,43.268898,18.864723,0.0027745382898496,1,winter,yeongheung_coal,1,92.173757,57956.085
2023-01-04,7081.561752336,7637.416023312,1423.461329856,4.996666666666667,16.31833333333333,110.07833333333332,6,-2.5,78.998,178.234,0.844,0.0,0.0308176344497766,-0.9995250239023132,93.59952606635072,21554.967741935485,0.0,20.161290322580644,1.0,0.0,55461.208387096776,19.901666666666667,88.69152380112281,50984.399,139.65234399999997,23.491207,1027.7389,10.16,38.842932999999995,7.159369000000001,0.0025116939227866,2,winter,yeongheung_coal,1,93.65004199999998,50984.399
2023-01-05,3780.599085072,5412.105291311999,1711.6450221599998,2.328333333333333,12.523333333333332,145.67166666666665,6,-1.3279999999999998,75.476,165.578,0.502,0.0,0.2490617780582439,-0.9684875996678872,150.35059760956176,21554.967741935485,0.0,20.161290322580644,1.0,0.0,55461.208387096776,19.901666666666667,88.69152380112281,38559.0,103.841147,14.345898,1028.2822,10.03,16.92511,0.7430399999999999,0.0018688212801156,3,winter,yeongheung_coal,1,86.17299700000001,38559.0
2023-01-06,4584.845419200001,5706.069179184001,1228.178704896,2.6016666666666666,12.136666666666668,105.01333333333334,6,4.674,95.578,255.944,2.702,0.01,-0.9700588121793086,-0.2428701317850115,35.373056994818654,21554.967741935485,0.0,20.161290322580644,1.0,0.0,55461.208387096776,19.901666666666667,88.69152380112281,38945.0,149.944139,38.03413,1019.7342,8.76,17.065711999999998,46.26048,0.0026962961957969,4,winter,yeongheung_coal,1,86.617947,38945.0
2023-01-07,7009.476413904001,8393.27520744,1024.361841312,5.1066666666666665,15.301666666666668,88.30166666666666,6,-1.46,81.39200000000001,207.026,0.752,0.0,-0.4543947789175966,-0.8908004181029713,108.2340425531915,21554.967741935485,0.0,20.161290322580644,1.0,0.0,55461.208387096776,19.901666666666667,88.69152380112281,44205.473,243.75194699999997,37.08175,1016.12994,9.61,27.5035,125.9904,0.0043757673560499,5,winter,yeongheung_coal,1,90.258047,44205.473
2023-01-08,8266.958568144,7801.850001168,1008.678295584,5.306666666666667,15.15333333333333,87.70833333333333,6,3.308,67.926,130.808,0.92,0.0,0.7569038135455289,-0.6535262940695158,73.83260869565217,21554.967741935485,0.0,20.161290322580644,1.0,0.0,55461.208387096776,19.901666666666667,88.69152380112281,49843.74,132.58143900000002,20.371038,1021.8077,9.8,31.033474,15.56352,0.0023848246254613,6,winter,yeongheung_coal,1,85.98444500000001,49843.74
2023-01-09,9466.4764728,9381.186175392,1386.224015184,5.395,17.195,95.39666666666666,6,-0.2339999999999999,54.776,193.224,0.8939999999999999,0.0,-0.2287586618427448,-0.9734831660752624,61.27069351230426,21554.967741935485,0.0,20.161290322580644,1.0,0.0,55461.208387096776,19.901666666666667,88.69152380112281,56214.903,192.707611,34.925564,1022.1453,10.31,38.829806,71.96352,0.0034626064948707,0,winter,yeongheung_coal,1,81.914285,56214.903
2023-01-10,10002.595707936,9539.537282208,1436.334969888,5.585,12.918333333333331,91.38333333333333,6,-0.3639999999999999,92.366,215.436,0.716,0.0,-0.579793217862423,-0.8147636617576516,129.00279329608938,21554.967741935485,0.0,20.161290322580644,1.0,0.0,55461.208387096776,19.901666666666667,88.69152380112281,58041.244,142.880306,26.6327,1026.3538,10.9,40.722575,12.83328,0.0025696007138722,1,winter,yeongheung_coal,1,89.324451,58041.244
2023-01-11,9810.20375496,9265.197750048,1576.050618816,5.503333333333334,14.613333333333337,69.60166666666666,6,0.288,86.21799999999999,173.398,1.068,0.0,0.1149718256737545,-0.993368752931782,80.72846441947564,21554.967741935485,0.0,20.161290322580644,1.0,0.0,55461.208387096776,19.901666666666667,88.69152380112281,57504.066,126.020479,8.557102,1023.7522,10.39,37.909198,0.17664,0.0022670761174939,2,winter,yeongheung_coal,1,87.934641,57504.066
2023-01-12,8853.380960544,9591.100216272,2089.908399888,4.901666666666666,19.005,71.13000000000001,6,7.175999999999999,73.29400000000001,162.036,1.09,0.0,0.3084193669838096,-0.9512504896552254,67.24220183486239,21554.967741935485,0.0,20.161290322580644,1.0,0.0,55461.208387096776,19.901666666666667,88.69152380112281,58583.157,141.424666,21.99538,1019.56415,10.46,39.882445999999995,24.053759999999997,0.0025434886485492,3,winter,yeongheung_coal,1,77.48846,58583.157
2023-01-13,9125.701538832,9449.786392128,2149.38407448,6.5,15.076666666666668,102.54666666666668,6,6.272,99.802,273.16400000000004,0.92,0.01,-0.9984756407813724,0.0551941551817588,108.4804347826087,21554.967741935485,0.0,20.161290322580644,1.0,0.0,55461.208387096776,19.901666666666667,88.69152380112281,56789.952,147.30179399999997,34.349354,1008.09235,1.29,4.667572,73.49376,0.0026489073978117,4,winter,yeongheung_coal,1,69.140462,56789.952
2023-01-14,9497.678734944,9709.752112416,1917.7075501920003,5.173333333333333,13.608333333333334,83.34833333333334,6,3.786,99.804,279.724,1.032,0.0,-0.9856328059490608,0.1689022552750002,96.7093023255814,21554.967741935485,0.0,20.161290322580644,1.0,0.0,55461.208387096776,19.901666666666667,88.69152380112281,58271.32,125.263431,25.699057,1010.7784,2.22,2.563506,49.130773999999995,0.0022534877084826,5,winter,yeongheung_coal,1,73.56915100000002,58271.32
2023-01-15,8052.159245184,9561.648457728,1947.226719168,4.488333333333333,14.688333333333333,59.06333333333333,6,-2.842,83.526,245.612,1.7420000000000002,0.0,-0.9107701612214772,-0.41291368762564,47.9483352468427,21554.967741935485,0.0,20.161290322580644,1.0,0.0,55461.208387096776,19.901666666666667,88.69152380112281,57195.683,224.367271,35.598152,1015.27686,4.49,1.611652,147.819682,0.0040291811361992,6,winter,yeongheung_coal,1,74.93593700000001,57195.683
2023-01-16,8193.626728416,8763.113592863998,1907.739240912,6.026666666666666,19.203333333333337,72.50166666666667,6,-5.694000000000001,75.79400000000001,217.636,0.732,0.0,-0.6106428536953055,-0.7919061214758059,103.54371584699456,21554.967741935485,0.0,20.161290322580644,1.0,0.0,55461.208387096776,19.901666666666667,88.69152380112281,56864.51,219.402829,38.816612,1022.5765,11.49,50.309867,92.502298,0.00394038111666,0,winter,yeongheung_coal,1,76.590664,56864.51
2023-01-17,7787.830222224,9244.616559264,1760.407966944,5.023333333333333,18.585,75.75,6,-1.096,82.762,167.654,0.498,0.0,0.2138147399960971,-0.9768742278105208,166.18875502008032,21554.967741935485,0.0,20.161290322580644,1.0,0.0,55461.208387096776,19.901666666666667,88.69152380112281,58132.315,94.346311,25.050413,1024.1019,5.73,22.387975,11.988161,0.0016982336242109,1,winter,yeongheung_coal,1,59.970175000000005,58132.315
2023-01-18,8918.007848208,9521.254325664,1651.264008048,5.0616666666666665,20.473333333333333,79.83166666666666,6,-1.972,78.59400000000001,131.13,0.8160000000000001,0.0,0.7532190881467201,-0.6577697205340357,96.31617647058825,21554.967741935485,0.0,20.161290322580644,1.0,0.0,55461.208387096776,19.901666666666667,88.69152380112281,58245.089,123.406015,26.200977,1023.815,11.36,41.947491,6.601818000000001,0.0022201470016016,2,winter,yeongheung_coal,1,74.856706,58245.089
2023-01-19,8735.575638960001,9510.21037224,1595.759644656,4.915,19.403333333333332,76.145,6,5.108,68.134,259.62,3.098,0.01,-0.9836344239584563,-0.1801758030477891,21.992898644286637,21554.967741935485,0.0,20.161290322580644,1.0,0.0,55461.208387096776,19.901666666666667,88.69152380112281,58048.473,167.770353,32.49785,1020.53204,9.58,28.169226,65.520423,0.0030158805140722,3,winter,yeongheung_coal,1,74.080704,58048.473
2023-01-20,10237.016808720002,9585.418336848,1802.561026464,6.960000000000001,18.943333333333335,79.52,6,-2.478,40.392,277.45799999999997,2.63,0.0,-0.9915402756874222,0.1297993901746492,15.358174904942969,21554.967741935485,0.0,20.161290322580644,1.0,0.0,55461.208387096776,19.901666666666667,88.69152380112281,57562.683,314.172387,47.391644,1024.2095,11.59,41.175436000000005,195.788042,0.0056328147408346,4,winter,yeongheung_coal,1,77.208909,57562.683
2023-01-21,9179.32803408,9365.170443984,1617.63967872,7.166666666666667,21.883333333333336,86.0,6,-3.65999984741211,60.41666793823242,,3.493154444444444,0.0,0.93744797,0.34812537,17.295733383423638,21554.967741935485,0.0,20.161290322580644,1.0,0.0,55461.208387096776,19.901666666666667,88.69152380112281,57593.249,121.078248,5.772348055555556,1028.1014,11.52,24.720713,21.756478,0.0021783603253837,5,winter,yeongheung_coal,1,74.601057,57593.249
2023-01-22,9569.200265424,9174.56293224,1860.31946016,5.5683333333333325,20.468333333333337,81.61166666666666,6,-0.166,68.482,190.376,0.394,0.0,-0.1801071319714316,-0.9836470002053712,173.81218274111674,21554.967741935485,0.0,20.161290322580644,1.0,0.0,55461.208387096776,19.901666666666667,88.69152380112281,57149.946,124.419882,24.216522,1023.80597,5.99,9.130278,44.57116,0.0022383462393852,6,winter,yeongheung_coal,1,70.718444,57149.946
2023-01-23,7255.867925088,8892.95831424,1914.027292512,4.626666666666666,17.53833333333333,71.77833333333334,6,-5.92,62.862,260.62600000000003,3.996,0.0,-0.9866461749969518,-0.162878253195091,15.731231231231233,21554.967741935485,0.0,20.161290322580644,1.0,0.0,55461.208387096776,19.901666666666667,88.69152380112281,54542.25,169.068975,45.754,1020.8933,10.66,14.063929,85.357548,0.0030391539107298,0,winter,yeongheung_coal,1,69.647498,54542.25
2023-01-24,9045.137229552,9157.754579183998,2510.759473056,12.063333333333333,23.646666666666665,83.40833333333333,6,-14.175999999999998,58.448,246.48,1.4380000000000002,0.0,-0.9169208288346166,-0.3990691589802947,40.64534075104311,21554.967741935485,0.0,20.161290322580644,1.0,0.0,55461.208387096776,19.901666666666667,88.69152380112281,55723.549,339.228997,52.500786,1026.6416,11.04,17.280362,243.81168,0.0060793250537616,1,winter,yeongheung_coal,1,78.136955,55723.549
2023-01-25,8068.28670792,9316.831817232,2261.6836040159997,7.773333333333333,18.30333333333333,93.76833333333332,6,-5.452,58.41,122.35,2.116,0.0,0.8447952010360833,-0.5350897759314821,27.603969754253303,21554.967741935485,0.0,20.161290322580644,1.0,0.0,55461.208387096776,19.901666666666667,88.69152380112281,58859.852,118.535712,38.141315,1028.6431,12.3,26.184945,31.367127,0.002132714245475,2,winter,yeongheung_coal,1,60.98364,58859.852
2023-01-26,7638.372268703999,12833.196957072,14511.028702032,4.3500000000000005,13.196666666666667,85.04,6,-3.858,62.91,247.682,1.278,0.0,-0.9250904630621604,-0.3797468040042437,49.225352112676056,21554.967741935485,0.0,20.161290322580644,1.0,0.0,55461.208387096776,19.901666666666667,88.69152380112281,57565.523,55.406467000000006,26.901417,1021.1228,4.73,2.977406,38.515781,0.0009980159479394,3,winter,yeongheung_coal,1,13.91328,57565.523
2023-01-27,9709.666571808,9401.030680896,1939.510216224,5.609999999999999,18.296666666666667,92.035,6,-6.093999999999999,47.942,293.14399999999995,2.51,0.0,-0.9195199328475604,0.3930433730468153,19.100398406374502,21554.967741935485,0.0,20.161290322580644,1.0,0.0,55461.208387096776,19.901666666666667,88.69152380112281,58232.836,309.44800100000003,46.929974,1020.9319,12.41,33.492256000000005,223.755572,0.0055485809391701,4,winter,yeongheung_coal,1,52.20017299999999,58232.836
2023-01-28,8615.430686304,9631.069268544,1838.450601792,4.793333333333333,17.451666666666664,96.13833333333332,6,-4.54,49.56,202.366,0.66,0.0,-0.3805216726271702,-0.9247720025287426,75.0909090909091,21554.967741935485,0.0,20.161290322580644,1.0,0.0,55461.208387096776,19.901666666666667,88.69152380112281,58459.289,192.378474,42.52269,1020.1861,10.64,36.55618,80.401852,0.0034567129425125,5,winter,yeongheung_coal,1,75.420442,58459.289
2023-01-29,10234.681905600002,9578.68357104,1947.42080784,6.016666666666667,16.856666666666666,92.54,6,0.238,59.552,244.17199999999997,2.082,0.0,-0.9001059698642199,-0.4356710261364555,28.603266090297794,21554.967741935485,0.0,20.161290322580644,1.0,0.0,55461.208387096776,19.901666666666667,88.69152380112281,58421.776,238.69404099999997,40.044235,1016.5579,10.71,38.185413999999994,124.220829,0.0042853583326852,6,winter,yeongheung_coal,1,76.287798,58421.776
2023-01-30,9370.70712576,9398.330012304,1970.835753168,5.263333333333333,14.941666666666668,90.30833333333334,6,-0.414,75.36800000000001,121.748,0.8699999999999999,0.0,0.85037059280857,-0.5261842404390322,86.62988505747128,21554.967741935485,0.0,20.161290322580644,1.0,0.0,55461.208387096776,19.901666666666667,88.69152380112281,57575.963,189.241985,34.45484,1020.7071,12.7,47.706642,65.666725,0.0034005472324961,0,winter,yeongheung_coal,1,75.868618,57575.963
2023-01-31,8104.124630736,9654.662555568,2056.154637456,4.47,12.995,78.935,6,5.444,97.84,242.076,2.392,0.0,-0.8835695465795793,-0.4682999640798156,40.90301003344482,21554.967741935485,0.0,20.161290322580644,1.0,0.0,55461.208387096776,19.901666666666667,88.69152380112281,58522.269,325.05137,32.058193,1015.30273,10.49,33.580871,226.261322,0.0058267281480301,1,winter,yeongheung_coal,1,65.209177,58522.269
2023-02-01,4823.088374304001,5794.013536128,1578.96319896,5.326666666666667,13.805,98.54,6,-1.208,56.9,302.372,2.388,0.0,-0.8445896790405706,0.5354141145488658,23.82747068676717,22570.89285714286,0.0,79.28571428571429,1.0,0.0,57438.29178571428,26.566666666666663,78.95622601272768,58572.673,316.133212,37.868507,1016.59796,12.91,43.5413,207.62844,0.0054737487562643,2,winter,yeongheung_coal,1,64.963472,58572.673
2023-02-02,4514.163003936001,5859.095091264001,1636.063519248,5.241666666666666,16.343333333333334,88.68833333333333,6,-2.6060000000000003,52.556,267.38800000000003,0.986,0.0,-0.9989610470788912,-0.0455722110396824,53.30223123732251,22570.89285714286,0.0,79.28571428571429,1.0,0.0,57438.29178571428,26.566666666666663,78.95622601272768,58830.133,208.408216,37.29086,1024.9076,10.12,28.559428,111.35011,0.0036152670663507,3,winter,yeongheung_coal,1,68.498678,58830.133
2023-02-03,2819.835098784,5639.5357251840005,1520.883184608,6.516666666666667,17.141666666666666,85.81833333333333,6,-0.442,61.57000000000001,270.9,1.282,0.0,-0.9998766324816606,0.0157073173118204,48.02652106084244,22570.89285714286,0.0,79.28571428571429,1.0,0.0,57438.29178571428,26.566666666666663,78.95622601272768,58315.651,125.662135,25.537172,1021.49567,12.42,41.642997,20.643505,0.0021830004098238,4,winter,yeongheung_coal,1,63.375633,58315.651
2023-02-04,3609.925273728,5841.783947376,1279.335367728,15.073333333333332,19.194999999999997,76.63666666666667,6,-1.35,66.384,153.74,0.5599999999999999,0.0,0.4424452173048759,-0.8967955339340407,118.54285714285716,22570.89285714286,0.0,79.28571428571429,1.0,0.0,57438.29178571428,26.566666666666663,78.95622601272768,57910.272,117.325719,22.493519,1021.9826,12.79,39.567328,16.009553,0.0020384755491571,5,winter,yeongheung_coal,1,61.748838000000006,57910.272
2023-02-05,4858.972946928,5460.858077904,1162.967429952,15.058333333333332,17.67833333333333,72.08,6,0.408,97.63,150.91199999999998,0.546,0.0,0.4861523673318472,-0.873874061714639,178.8095238095238,22570.89285714286,0.0,79.28571428571429,1.0,0.0,57438.29178571428,26.566666666666663,78.95622601272768,57152.683,116.756486,19.134262,1022.2293,13.36,40.067464,16.229125,0.0020286054743416,6,winter,yeongheung_coal,1,60.459897,57152.683
2023-02-06,5829.240485520001,5516.0443769759995,1258.53116472,12.034999999999998,15.033333333333331,79.19666666666667,6,-0.5519999999999999,99.6,135.85399999999998,0.8960000000000001,0.0,0.6964891209916648,-0.717567351779788,111.16071428571426,22570.89285714286,0.0,79.28571428571429,1.0,0.0,57438.29178571428,26.566666666666663,78.95622601272768,49186.955,111.745384,15.807239,1020.03534,12.51,32.721411,18.810209,0.0019417082854432,0,winter,yeongheung_coal,1,60.213764000000005,49186.955
2023-02-07,4211.983709568,5035.421875247999,1158.363752688,4.366666666666666,9.57,112.31666666666666,6,1.344,75.25,226.542,0.778,0.0,-0.7258787663371291,-0.6878226636138762,96.7223650385604,22570.89285714286,0.0,79.28571428571429,1.0,0.0,57438.29178571428,26.566666666666663,78.95622601272768,33708.0,112.433974,22.104116,1019.1843,11.21,30.946192,25.807093,0.001953649976013,1,winter,yeongheung_coal,1,55.68068900000001,33708.0
2023-02-08,5956.310503151999,5723.8133124959995,1601.779056624,6.1933333333333325,10.808333333333332,84.72,6,-0.1599999999999999,58.414,205.252,0.944,0.0,-0.4266003110820208,-0.9044402548453508,61.8792372881356,22570.89285714286,0.0,79.28571428571429,1.0,0.0,57438.29178571428,26.566666666666663,78.95622601272768,38456.0,155.688602,27.820337,1024.2411,14.13,49.598447,52.458826,0.00270320962281,2,winter,yeongheung_coal,1,53.631329,38456.0
2023-02-09,4222.866396527999,5760.838620576001,1842.99182496,5.841666666666666,12.425,104.77833333333332,6,6.595999999999999,60.878,151.98399999999998,1.8,0.0,0.4697181099593942,-0.8828164572413535,33.82111111111111,22570.89285714286,0.0,79.28571428571429,1.0,0.0,57438.29178571428,26.566666666666663,78.95622601272768,38665.0,117.10863,26.405453,1024.8658,10.82,35.800796999999996,37.711575,0.0020347114111645,3,winter,yeongheung_coal,1,43.596258,38665.0
2023-02-10,3052.64800728,5791.448752416001,1497.988766592,8.565,12.105,78.12833333333333,6,0.982,86.63,206.338,0.63,0.0,-0.4436656656508405,-0.8961923772955205,137.5079365079365,22570.89285714286,0.0,79.28571428571429,1.0,0.0,57438.29178571428,26.566666666666663,78.95622601272768,38735.0,102.6992,33.283943,1018.5686,9.86,34.27091,32.225077,0.0017848006827949,4,winter,yeongheung_coal,1,36.203213000000005,38735.0
2023-02-11,4011.653794752,10744.434925056,2899.932343488,10.923333333333332,20.063333333333333,69.54833333333333,6,0.004,95.734,212.036,1.056,0.0,-0.5304520039300337,-0.8477149706868528,90.65719696969695,22570.89285714286,0.0,79.28571428571429,1.0,0.0,57438.29178571428,26.566666666666663,78.95622601272768,46184.77,89.94261,13.084402,1021.21606,10.07,32.631257999999995,11.961154999999998,0.0015634515980678,5,winter,yeongheung_coal,1,45.350197,46184.77
2023-02-12,7422.65909568,9589.379724432,2373.333713712,10.696666666666664,16.59,71.68833333333333,6,4.686,71.564,104.032,1.17,0.0,0.9701604602761584,-0.2424637732048896,61.16581196581196,22570.89285714286,0.0,79.28571428571429,1.0,0.0,57438.29178571428,26.566666666666663,78.95622601272768,58005.09,87.31122199999999,22.702845,1020.0623,9.17,21.894824,20.549753,0.0015177802132433,6,winter,yeongheung_coal,1,44.866645,58005.09
2023-02-13,7361.042132448,9716.378521104,2115.9939924,10.041666666666666,15.013333333333334,69.36833333333334,6,1.83,71.49600000000001,237.168,2.134,0.0,-0.8402639254738419,-0.5421775867253181,33.50328022492972,22570.89285714286,0.0,79.28571428571429,1.0,0.0,57438.29178571428,26.566666666666663,78.95622601272768,57383.197,200.454277,30.926493,1016.4604,10.03,22.210663,121.57781,0.0034777695680939,0,winter,yeongheung_coal,1,56.665803999999994,57383.197
2023-02-14,8846.878226687999,9787.74400656,2300.642026128,11.136666666666663,15.143333333333333,76.11166666666666,6,-0.21,54.008,107.074,1.314,0.0,0.9559263476516786,-0.2936065698606251,41.10197869101979,22570.89285714286,0.0,79.28571428571429,1.0,0.0,57438.29178571428,26.566666666666663,78.95622601272768,58225.703,320.410052,31.63087,1020.5554,15.21,54.112053,198.203517,0.0055473901214099,1,winter,yeongheung_coal,1,68.094482,58225.703
2023-02-15,9260.33205744,9464.939725824,2344.934318832,16.5,20.74666666666667,74.105,6,0.56,86.378,250.002,0.8219999999999998,0.0,-0.9397045589686308,-0.3419873416569263,105.08272506082729,22570.89285714286,0.0,79.28571428571429,1.0,0.0,57438.29178571428,26.566666666666663,78.95622601272768,57951.599,162.20382999999998,23.34455,1026.2678,14.06,48.898062,45.406932,0.0028160144850515,2,winter,yeongheung_coal,1,67.89883599999999,57951.599
2023-02-16,10014.763114368,9913.982097744,2479.656984624,9.235,14.588333333333331,60.10333333333333,6,-1.332,91.316,169.558,0.73,0.0,0.1812400922304139,-0.983438879121784,125.09041095890412,22570.89285714286,0.0,79.28571428571429,1.0,0.0,57438.29178571428,26.566666666666663,78.95622601272768,57794.628,114.923903,22.148046,1027.8826,14.0,30.840970999999996,13.58081,0.0019968285286018,3,winter,yeongheung_coal,1,70.502122,57794.628
2023-02-17,9094.497402528,13625.23312944,2839.06907064,6.721666666666667,19.278333333333332,56.49333333333333,6,3.242,86.77799999999999,129.866,0.934,0.0,0.7675456605929873,-0.6409942736911732,92.91006423982869,22570.89285714286,0.0,79.28571428571429,1.0,0.0,57438.29178571428,26.566666666666663,78.95622601272768,58960.833,135.726878,18.35647,1025.119,13.97,41.812922,14.703789,0.0023574327648165,4,winter,yeongheung_coal,1,79.210167,58960.833
2023-02-18,12052.77759,12479.136667632,2494.068008976,6.958333333333333,7.23,59.92333333333334,6,4.0,74.378,265.45,0.904,0.0,-0.9968484856664304,-0.07932904023461,82.27654867256636,22570.89285714286,0.0,79.28571428571429,1.0,0.0,57438.29178571428,26.566666666666663,78.95622601272768,74257.881,86.25392500000001,14.81259,1018.1409,5.26,11.703856,4.413444999999999,0.0014994281820801,5,winter,yeongheung_coal,1,70.13662400000001,74257.881
2023-02-19,9012.51933336,10505.948242464,1970.29747296,5.951666666666667,6.79,58.373333333333335,6,1.244,70.174,270.724,1.146,0.01,-0.9999201644919904,0.0126358475105983,61.23385689354277,22570.89285714286,0.0,79.28571428571429,1.0,0.0,57438.29178571428,26.566666666666663,78.95622601272768,65949.333,324.56854,43.039196,1016.5449,15.42,48.648398,212.348256,0.0056189831696321,6,winter,yeongheung_coal,1,63.571886,65949.333
2023-02-20,10380.754828512,10260.6478956,2130.3281592,6.78,6.896666666666666,66.53833333333334,6,-1.66,44.806,287.218,2.4080000000000004,0.0,-0.955185415559012,0.2960081449949608,18.607142857142858,22570.89285714286,0.0,79.28571428571429,1.0,0.0,57438.29178571428,26.566666666666663,78.95622601272768,64052.607,409.63653,40.345707,1023.9279,16.06,63.443000999999995,287.647852,0.0070812653439262,0,winter,yeongheung_coal,1,58.545677,64052.607
2023-02-21,10583.023157855998,11912.26100976,4903.0247016,6.5683333333333325,11.579999999999998,82.22,6,-4.228,61.06,178.844,0.716,0.0,0.0201746373356611,-0.9997964712922198,85.27932960893855,22570.89285714286,0.0,79.28571428571429,1.0,0.0,57438.29178571428,26.566666666666663,78.95622601272768,62695.316,219.401328,37.894165,1032.1475,16.52,62.178044,97.416174,0.0038052394425023,1,winter,yeongheung_coal,1,59.80711,62695.316
2023-02-22,8693.40697704,9488.136994272,1951.190632224,4.908333333333333,16.686666666666667,94.65833333333336,6,0.728,72.25399999999999,283.616,0.776,0.0,-0.9718952986163,0.2354135266452059,93.11082474226802,22570.89285714286,0.0,79.28571428571429,1.0,0.0,57438.29178571428,26.566666666666663,78.95622601272768,56721.512,116.381227,17.595861,1028.5356,16.11,55.860159,6.536629999999999,0.0020220986569464,2,winter,yeongheung_coal,1,53.984438,56721.512
2023-02-23,8757.603361872,11060.123118192,2732.0758892639997,5.408333333333332,15.775,76.20833333333333,6,1.388,95.814,177.246,0.648,0.0,0.0480478611766571,-0.9988450345455738,147.8611111111111,22570.89285714286,0.0,79.28571428571429,1.0,0.0,57438.29178571428,26.566666666666663,78.95622601272768,57564.502,109.640421,18.171976,1022.04645,16.02,48.419478000000005,6.034572,0.0019052017474088,3,winter,yeongheung_coal,1,55.186371,57564.502
2023-02-24,13424.260886352002,13318.274841695998,2476.399851936,7.773333333333333,7.4,68.69833333333334,6,0.374,55.751999999999995,266.18600000000004,2.246,0.0,-0.9977852447365542,-0.0665177073117724,24.822796081923418,22570.89285714286,0.0,79.28571428571429,1.0,0.0,57438.29178571428,26.566666666666663,78.95622601272768,77683.198,286.253385,36.26006,1022.2217,16.52,56.465222,168.656239,0.0049589543608084,4,winter,yeongheung_coal,1,61.131924,77683.198
2023-02-25,14354.980764624,12903.945007248,2405.400165216,8.063333333333333,7.283333333333334,83.74,6,-0.274,47.698,257.57399999999996,0.746,0.0,-0.9765747339781994,-0.2151785048637739,63.93833780160858,22570.89285714286,0.0,79.28571428571429,1.0,0.0,57438.29178571428,26.566666666666663,78.95622601272768,77238.208,495.147686,35.945957,1029.6202,17.23,61.46935,367.482425,0.0085468373795026,5,winter,yeongheung_coal,1,66.195911,77238.208
2023-02-26,11899.921078944,12117.255757488,2107.451701008,7.038333333333334,6.945,82.92166666666667,6,0.28,95.422,149.334,0.382,0.0,0.5100325814413564,-0.8601550824521507,249.7958115183246,22570.89285714286,0.0,79.28571428571429,1.0,0.0,57438.29178571428,26.566666666666663,78.95622601272768,75713.785,151.155658,20.948164,1034.1282,17.19,61.711572,26.517246,0.0026247110314391,6,winter,yeongheung_coal,1,62.92684,75713.785
2023-02-27,9742.775566175998,9924.687784656,4703.020249248,5.79,5.7316666666666665,224.02,6,-1.264,92.49,184.766,0.494,0.0,-0.0830864978674959,-0.9965423392270468,187.22672064777328,22570.89285714286,0.0,79.28571428571429,1.0,0.0,57438.29178571428,26.566666666666663,78.95622601272768,56978.611,118.248756,13.1041975,1032.1261,16.17,60.056114,2.643397,0.0020544799059682,0,winter,yeongheung_coal,1,55.549245,56978.611
2023-02-28,10380.864874752002,9577.569942432,2642.555637072,6.026666666666667,5.7749999999999995,145.6233333333333,6,5.634,84.74600000000001,241.79,0.424,0.0,-0.8812209629750941,-0.4727045741403904,199.872641509434,22570.89285714286,0.0,79.28571428571429,1.0,0.0,57438.29178571428,26.566666666666663,78.95622601272768,55379.025,75.122181,16.1198,1024.8676,15.34,17.114814,8.759219,0.0013061680018417,1,winter,yeongheung_coal,1,49.248148,55379.025
2023-03-01,6566.997079584,6760.26528264,2275.0139694239997,5.318333333333333,5.546666666666667,167.55833333333334,6,3.632,54.598,256.622,3.528,0.0,-0.9728647913035998,-0.2313743672963867,15.47562358276644,19032.612903225807,0.0,12.35483870967742,1.0,0.0,49510.98451612904,20.171666666666667,81.35541950325889,39919.154,235.678556,33.004364,1020.03253,11.08,33.163368000000006,138.875799,0.0047375751748068,2,spring,yeongheung_coal,1,63.639388999999994,39919.154
2023-03-02,9483.019686864,9281.067877584,1566.283987152,5.5183333333333335,5.713333333333334,127.945,6,1.88,63.5,265.538,1.592,0.0,-0.9969691505163728,-0.0777978979064462,39.88693467336683,19032.612903225807,0.0,12.35483870967742,1.0,0.0,49510.98451612904,20.171666666666667,81.35541950325889,55178.295,349.145418,40.654503,1025.4989,17.98,63.809037,244.585068,0.0070024971547659,3,spring,yeongheung_coal,1,40.751313,55178.295
2023-03-03,10222.387551504002,9674.405682192,1534.636374624,6.286666666666666,5.658333333333334,60.44166666666666,6,3.072,97.2,135.73200000000003,0.646,0.0,0.6980154582957211,-0.7160826907419383,150.46439628482972,19032.612903225807,0.0,12.35483870967742,1.0,0.0,49510.98451612904,20.171666666666667,81.35541950325889,57551.135,144.244734,23.979893,1024.6787,17.47,53.969322,82.818732,0.0029049253457957,4,spring,yeongheung_coal,1,7.45668,57551.135
2023-03-04,10230.661039824,9588.350814912,1524.836147184,6.241666666666667,5.756666666666667,57.80833333333333,6,2.49,98.718,227.78599999999997,0.902,0.0,-0.740640441870389,-0.6719015819791132,109.44345898004434,19032.612903225807,0.0,12.35483870967742,1.0,0.0,49510.98451612904,20.171666666666667,81.35541950325889,55867.878,81.81213500000001,16.831684,1026.1304,11.05,50.465176,23.380519,0.0016496777863834,5,spring,yeongheung_coal,1,7.96644,55867.878
2023-03-05,9681.139901952,9312.165109152,1563.25661712,6.153333333333333,5.75,63.79833333333334,6,2.486,62.968,186.62,0.7060000000000001,0.0,-0.1152838959926408,-0.9933325844473028,89.18980169971671,19032.612903225807,0.0,12.35483870967742,1.0,0.0,49510.98451612904,20.171666666666667,81.35541950325889,55132.576,53.47826,13.783817,1025.4674,14.0,51.192222,2.286038,0.0010789637777685,6,spring,yeongheung_coal,1,0.0,55132.576
2023-03-06,10787.651251488,9653.967767232,1743.1643026079998,7.923333333333333,5.9366666666666665,67.32000000000001,6,7.434,80.432,111.338,0.9,0.0,0.931450105353468,-0.3638690715587317,89.36888888888889,19032.612903225807,0.0,12.35483870967742,1.0,0.0,49510.98451612904,20.171666666666667,81.35541950325889,54895.426,85.80617600000001,21.26744,1020.96344,14.86,55.698705,25.175831,0.0017300751682228,0,spring,yeongheung_coal,1,4.931640000000001,54895.426
2023-03-07,10624.288375296,10467.22555656,1892.26791936,6.126666666666666,5.838333333333334,61.078333333333326,6,7.208,98.55,134.482,0.5940000000000001,0.0,0.7134706110926167,-0.700685155477928,165.90909090909088,19032.612903225807,0.0,12.35483870967742,1.0,0.0,49510.98451612904,20.171666666666667,81.35541950325889,56040.15,176.407561,20.892412,1017.022,17.34,49.489149999999995,111.034131,0.0035503485617873,1,spring,yeongheung_coal,1,15.88428,56040.15
2023-03-08,3059.1917405279996,7603.109248608,30965.569569216,4.843333333333333,8.553333333333333,78.04833333333333,6,10.398,98.432,176.498,0.766,0.0,0.0610833809748795,-0.998132666817732,128.50130548302872,19032.612903225807,0.0,12.35483870967742,1.0,0.0,49510.98451612904,20.171666666666667,81.35541950325889,48989.593,202.364204,28.73242,1015.2175,14.73,23.03959,164.011294,0.004070621054704,2,spring,yeongheung_coal,1,15.31332,48989.593
2023-03-09,2160.5319216000003,2947.216138704,811.535341536,3.7433333333333336,11.826666666666666,68.315,6,3.96,99.988,279.906,0.678,0.0,-0.9850913163800612,0.1720322597439151,147.4749262536873,19032.612903225807,0.0,12.35483870967742,1.0,0.0,49510.98451612904,20.171666666666667,81.35541950325889,37547.228,123.433687,25.325686,1012.5179,7.28,16.639027000000002,91.28622,0.0024868567310459,3,spring,yeongheung_coal,1,15.50844,37547.228
2023-03-10,2209.742424431999,2989.3113853919995,900.6191195039999,3.8433333333333337,13.213333333333331,100.74833333333332,6,9.762,82.924,172.518,0.366,0.0,0.1302147141946725,-0.9914858184599514,226.56830601092895,19032.612903225807,0.0,12.35483870967742,1.0,0.0,49510.98451612904,20.171666666666667,81.35541950325889,38612.066,104.709978,20.883102,1015.79486,16.16,41.860161999999995,47.09261599999999,0.0021104204842358,4,spring,yeongheung_coal,1,15.7572,38612.066
2023-03-11,8576.92777536,7994.941612127999,1630.499282496,3.818333333333334,15.636666666666663,57.61166666666667,6,7.889999999999999,94.11,180.76799999999997,1.052,0.0,-0.0134037272708036,-0.9999101660125524,89.45817490494296,19032.612903225807,0.0,12.35483870967742,1.0,0.0,49510.98451612904,20.171666666666667,81.35541950325889,38665.244,166.12152899999998,19.8,1018.7026,12.31,48.48788499999999,101.905604,0.003344025894928,5,spring,yeongheung_coal,1,15.72804,38665.244
2023-03-12,8110.769629968,7809.60106584,1645.983762192,3.6666666666666665,10.86,73.97166666666666,6,1.584,34.412,261.188,4.064,0.0,-0.9881963184938886,-0.1531928069953846,8.46751968503937,19032.612903225807,0.0,12.35483870967742,1.0,0.0,49510.98451612904,20.171666666666667,81.35541950325889,37207.623,238.403815,51.95113,1017.84845,7.83,20.823279,200.338696,0.0047920954005142,6,spring,yeongheung_coal,1,17.24184,37207.623
2023-03-13,8413.179901343998,7578.092367791999,1476.6496596000002,3.8783333333333334,4.0616666666666665,64.46666666666667,6,3.992,67.452,129.824,1.942,0.0,0.7680153276760733,-0.6404314611686514,34.733264675592174,19032.612903225807,0.0,12.35483870967742,1.0,0.0,49510.98451612904,20.171666666666667,81.35541950325889,37242.079,213.404221,51.024837,1020.30927,19.47,58.452911,137.61299,0.0042917414657055,0,spring,yeongheung_coal,1,17.33832,37242.079
2023-03-14,6844.096751759998,6760.300917744,1500.346348416,3.725,7.72,65.55999999999999,6,7.797999999999999,88.964,171.148,1.44,0.0,0.1538826607837399,-0.988089128930238,61.78055555555556,19032.612903225807,0.0,12.35483870967742,1.0,0.0,49510.98451612904,20.171666666666667,81.35541950325889,38335.193,290.627537,36.939926,1014.72394,17.26,54.703627,219.18355,0.0058357054123058,1,spring,yeongheung_coal,1,16.74036,38335.193
2023-03-15,6191.363596896,6655.76549496,1557.83661048,3.405,11.378333333333332,62.65166666666667,6,4.258,50.548,272.62800000000004,2.1759999999999997,0.0,-0.998948281966456,0.045851171809082,23.22977941176471,19032.612903225807,0.0,12.35483870967742,1.0,0.0,49510.98451612904,20.171666666666667,81.35541950325889,38371.889,303.51794099999995,36.918873,1016.95734,11.39,25.845716,258.621745,0.0060929634148451,2,spring,yeongheung_coal,1,19.05048,38371.889
2023-03-16,7006.019416992,6557.237234208001,1370.94102576,3.8666666666666663,6.396666666666666,71.215,6,-2.072,32.144,225.862,0.904,0.0,-0.7176645930117246,-0.6963889228996364,35.557522123893804,19032.612903225807,0.0,12.35483870967742,1.0,0.0,49510.98451612904,20.171666666666667,81.35541950325889,38356.142,151.882358,32.217484,1026.686,19.25,47.369136,82.849142,0.0030582680292087,3,spring,yeongheung_coal,1,21.66408,38356.142
2023-03-17,7077.08869704,6959.61343728,1608.0864140160002,3.891666666666666,8.628333333333332,72.10666666666667,6,4.776,58.696000000000005,272.284,1.366,0.0,-0.9992055630653128,0.0398527632584106,42.9692532942899,19032.612903225807,0.0,12.35483870967742,1.0,0.0,49510.98451612904,20.171666666666667,81.35541950325889,38514.912,106.75424999999998,23.14103,1022.6307,12.82,41.989276,32.996727,0.0021515339605293,4,spring,yeongheung_coal,1,31.768246999999995,38514.912
2023-03-18,8404.51276008,11389.583558304,1781.5901398560002,5.038333333333333,7.121666666666667,57.25666666666667,6,4.026000000000001,76.474,250.81600000000003,1.58,0.0,-0.94446817030665,-0.3286029142865425,48.40126582278481,19032.612903225807,0.0,12.35483870967742,1.0,0.0,49510.98451612904,20.171666666666667,81.35541950325889,52374.322,206.853359,28.483257,1017.648,18.39,52.78952400000001,111.297703,0.0041605461508509,5,spring,yeongheung_coal,1,42.766132,52374.322
2023-03-19,9877.558320000002,9922.46802912,1772.615968272,5.531666666666666,5.59,68.64833333333333,6,0.992,79.80199999999999,210.142,0.564,0.0,-0.5021447914748156,-0.8647835615890915,141.49290780141845,19032.612903225807,0.0,12.35483870967742,1.0,0.0,49510.98451612904,20.171666666666667,81.35541950325889,57056.577,108.387319,22.17144,1018.2346,17.29,43.287775,22.106743,0.0021843750735124,6,spring,yeongheung_coal,1,42.992801,57056.577
2023-03-20,10166.780950560002,8796.49001496,1317.7177591680002,6.351666666666667,5.565,60.583333333333336,6,3.304,50.922,233.336,0.97,0.0,-0.8021509849091515,-0.5971212585474396,52.49690721649485,19032.612903225807,0.0,12.35483870967742,1.0,0.0,49510.98451612904,20.171666666666667,81.35541950325889,50444.919,95.082674,14.565548,1014.47076,18.73,53.377227,1.94112,0.0019167549331328,0,spring,yeongheung_coal,1,39.764327,50444.919
2023-03-21,11381.557221360004,9562.372962912,1446.924022704,6.88,5.838333333333334,65.215,6,6.9,39.29600000000001,212.772,1.27,0.0,-0.5412973672789259,-0.8408312316849937,30.94173228346457,19032.612903225807,0.0,12.35483870967742,1.0,0.0,49510.98451612904,20.171666666666667,81.35541950325889,50657.622,93.896548,14.654254,1010.2747,20.76,52.42871,4.077331,0.0018928892880241,1,spring,yeongheung_coal,1,37.390507,50657.622
2023-03-22,11803.320929376,10716.208144848,1691.2858357440002,6.223333333333334,5.883333333333333,61.74333333333333,6,11.02,58.117999999999995,267.908,1.144,0.0,-0.9993335004643654,-0.0365041757835748,50.80244755244755,19032.612903225807,0.0,12.35483870967742,1.0,0.0,49510.98451612904,20.171666666666667,81.35541950325889,54133.995,109.777375,19.296133,1007.72614,13.61,29.062604,45.689738000000006,0.0022123274777775,2,spring,yeongheung_coal,1,35.02503299999999,54133.995
2023-03-23,12159.370671408,10357.979993856,1675.6870119839998,6.38,5.5,55.23166666666666,6,6.794,53.408,263.096,2.774,0.0,-0.9927489523766004,-0.1202061460789842,19.253064167267485,19032.612903225807,0.0,12.35483870967742,1.0,0.0,49510.98451612904,20.171666666666667,81.35541950325889,54344.946,299.26102000000003,34.62369,1005.0554,6.27,38.517454,225.003755,0.0060080213775082,3,spring,yeongheung_coal,1,35.739811,54344.946
2023-03-24,12851.416525248,10934.348945616,1870.83334584,6.435,5.555,56.86000000000001,6,7.101999999999999,68.856,223.21999999999997,0.936,0.0,-0.6848015222723716,-0.7287296309972873,73.56410256410255,19032.612903225807,0.0,12.35483870967742,1.0,0.0,49510.98451612904,20.171666666666667,81.35541950325889,56935.014,258.54099199999996,37.003025,1013.46875,14.93,39.145644999999995,181.232264,0.0051947650567368,4,spring,yeongheung_coal,1,38.163083,56935.014
2023-03-25,12526.450041312,10450.155981024,1695.4960576320004,6.581666666666667,5.553333333333334,54.365,6,6.494,82.256,201.882,0.424,0.0,-0.3726962758184962,-0.9279533856778708,194.0,19032.612903225807,0.0,12.35483870967742,1.0,0.0,49510.98451612904,20.171666666666667,81.35541950325889,54979.553,114.856302,15.4800005,1016.1932,20.76,45.003165,32.274406000000006,0.0023144454603989,5,spring,yeongheung_coal,1,37.578731,54979.553
2023-03-26,11327.715557568,10452.270185856,1744.979259888,5.9816666666666665,5.6433333333333335,55.95333333333334,6,5.38,46.768,254.32,2.04,0.0,-0.9627861451488188,-0.2702643866836278,22.92549019607843,19032.612903225807,0.0,12.35483870967742,1.0,0.0,49510.98451612904,20.171666666666667,81.35541950325889,54270.515,300.400627,30.945345,1015.67303,22.27,65.632215,195.260755,0.0060307623676158,6,spring,yeongheung_coal,1,39.507657,54270.515
2023-03-27,12487.558166784,11244.063338351998,1653.322704768,6.218333333333334,5.673333333333333,50.20166666666666,6,2.882,75.586,143.73399999999998,0.296,0.0,0.5915348271221544,-0.806279448021319,255.35810810810813,19032.612903225807,0.0,12.35483870967742,1.0,0.0,49510.98451612904,20.171666666666667,81.35541950325889,57597.203,140.870633,25.72174,1019.4341,21.89,58.718687,40.396119000000006,0.0028371675655802,0,spring,yeongheung_coal,1,41.755827,57597.203
2023-03-28,12762.769821264,11234.02082616,1697.060326032,6.31,5.599999999999999,47.85666666666666,6,4.0840000000000005,94.29,225.146,0.5,0.0,-0.708906319394403,-0.7053026515778036,188.58,19032.612903225807,0.0,12.35483870967742,1.0,0.0,49510.98451612904,20.171666666666667,81.35541950325889,58654.805,93.078797,18.075441,1021.4206,20.98,42.663335,7.030474,0.0018764349285749,1,spring,yeongheung_coal,1,43.384988,58654.805
2023-03-29,11508.335924832,11080.71983736,9772.433206704,5.73,5.815,154.60333333333332,6,5.3660000000000005,87.576,180.286,0.41,0.0,-0.0049916209317011,-0.9999875417826336,213.6,19032.612903225807,0.0,12.35483870967742,1.0,0.0,49510.98451612904,20.171666666666667,81.35541950325889,57763.676,100.908826,18.888851,1020.56903,17.11,55.144242,1.6128,0.0020339644226863,2,spring,yeongheung_coal,1,44.151784,57763.676
2023-03-30,11130.026405184,10668.544959888,1806.237357408,7.503333333333334,6.013333333333333,163.725,6,7.178,67.976,218.3,0.924,0.0,-0.6197790317951402,-0.7847763705330829,73.56709956709956,19032.612903225807,0.0,12.35483870967742,1.0,0.0,49510.98451612904,20.171666666666667,81.35541950325889,57630.825,98.66651,14.291592,1017.7278,21.33,57.918405,1.27104,0.0019888571670869,3,spring,yeongheung_coal,1,39.477065,57630.825
2023-03-31,11498.872351392,9327.735188928,1390.277035872,21.433333333333337,5.515000000000001,57.47,6,7.108,87.22999999999999,188.606,0.308,0.0,-0.1496388849496973,-0.9887407163210238,283.21428571428567,19032.612903225807,0.0,12.35483870967742,1.0,0.0,49510.98451612904,20.171666666666667,81.35541950325889,51569.963,113.323181,16.92383,1016.717,19.15,59.165517,6.598587,0.0022836224072211,4,spring,yeongheung_coal,1,47.559077,51569.963
2023-04-01,11723.837486976,10185.369827904002,1385.47183392,46.19,5.984999999999999,58.26499999999999,6,10.444,67.462,151.044,0.546,0.0,0.4841378176386462,-0.874991756265217,123.55677655677655,22408.1,0.0,0.7333333333333333,1.0,0.0,57697.683,20.013333333333332,92.11075937220332,51724.986,122.031806,14.81259,1014.3313,19.63,56.985979,19.73296,0.0021105570376721,5,spring,yeongheung_coal,1,45.312867,51724.986
2023-04-02,13110.46839936,10731.35186568,1798.555651344,65.47666666666667,5.7,59.251666666666665,6,14.34,35.334,183.842,0.892,0.0,-0.0670053092064405,-0.9977526189081888,39.61210762331839,22408.1,0.0,0.7333333333333333,1.0,0.0,57697.683,20.013333333333332,92.11075937220332,56652.941,161.028031,20.592503,1016.4541,22.31,58.237165,60.617416,0.0027831251013131,6,spring,yeongheung_coal,1,42.173449999999995,56652.941
2023-04-03,12013.3944972,11157.993116064,1773.076705488,58.31999999999999,5.890000000000001,59.91333333333333,6,17.304,34.488,131.01799999999997,1.92,0.0,0.7545034359601582,-0.6562960956186737,17.962500000000002,22408.1,0.0,0.7333333333333333,1.0,0.0,57697.683,20.013333333333332,92.11075937220332,57600.492,72.533593,23.86341,1019.87885,22.65,32.968134,14.476323,0.0012555534196973,0,spring,yeongheung_coal,1,25.089136000000003,57600.492
2023-04-04,14655.276584496,11215.90474632,2252.305567008,37.510000000000005,5.843333333333334,58.98,6,12.372,97.41,140.31,2.7960000000000003,0.0,0.6386335222322999,-0.7695110293434179,34.83905579399141,22408.1,0.0,0.7333333333333333,1.0,0.0,57697.683,20.013333333333332,92.11075937220332,58472.35,32.557324,36.367126,1016.50287,7.61,16.543444,0.0,0.000563956148758,1,spring,yeongheung_coal,1,16.01388,58472.35
2023-04-05,13251.98110536,11524.543584768,1865.007909936,6.4750000000000005,6.538333333333334,50.64333333333334,6,8.372,99.884,172.714,2.106,0.0,0.126822239276589,-0.9919254607201448,47.428300094966765,22408.1,0.0,0.7333333333333333,1.0,0.0,57697.683,20.013333333333332,92.11075937220332,57688.772,17.374096,36.918873,1005.4786,3.38,2.219176,0.0,0.0003010322933771,2,spring,yeongheung_coal,1,15.15492,57688.772
2023-04-06,12960.750115872,11623.295175552,1977.359874336,6.381666666666667,6.6816666666666675,61.333333333333336,6,7.01,88.612,246.002,1.912,0.0,-0.9135596548732547,-0.4067047540758031,46.34518828451883,22408.1,0.0,0.7333333333333333,1.0,0.0,57697.683,20.013333333333332,92.11075937220332,59003.241,20.812252,24.923338,1007.3536,4.71,5.368612,0.0,0.0003605820267686,3,spring,yeongheung_coal,1,15.44364,59003.241
2023-04-07,11153.397982464,10963.652137632,1902.983547888,5.871666666666666,6.271666666666666,36.89666666666667,6,6.709999999999999,63.522000000000006,261.428,1.988,0.0,-0.9888293397312252,-0.1490521280851407,31.95271629778672,22408.1,0.0,0.7333333333333333,1.0,0.0,57697.683,20.013333333333332,92.11075937220332,58226.874,100.09936,41.9288,1011.74713,22.95,49.836786999999994,27.814119,0.0017318892855874,4,spring,yeongheung_coal,1,22.448454,58226.874
2023-04-08,11543.95921392,10631.418619536002,1779.418321776,6.161666666666666,6.066666666666667,38.56666666666667,6,-1.1625,63.9875,233.7575,1.355,0.0,-0.8065219996101268,-0.5912040799460728,47.223247232472325,22408.1,0.0,0.7333333333333333,1.0,0.0,57697.683,20.013333333333332,92.11075937220332,57324.948,143.916045,33.061253,1016.3964,24.16,66.885405,38.578498999999994,0.0024881062656659,5,spring,yeongheung_coal,1,38.452141000000005,57324.948
2023-04-09,12076.340162976,10677.242248272,1806.98452704,6.38,6.133333333333333,45.225,6,-1.8425,68.07000000000001,162.14,0.4875,0.0,0.3066922047331811,-0.9518087473625678,139.63076923076926,22408.1,0.0,0.7333333333333333,1.0,0.0,57697.683,20.013333333333332,92.11075937220332,58147.924,121.19597,23.557316,1016.7283,22.07,64.98733399999999,18.690797999999997,0.002096131439402,6,spring,yeongheung_coal,1,37.517838000000005,58147.924
2023-04-10,12117.7126836,10851.334020576,1779.855450336,6.346666666666667,6.213333333333334,36.01,6,6.012499999999999,51.3025,158.4475,1.74,0.0,0.3673536123714044,-0.9300813531501854,29.48419540229885,22408.1,0.0,0.7333333333333333,1.0,0.0,57697.683,20.013333333333332,92.11075937220332,58131.048,114.312124,36.8486,1011.9658,21.45,46.250901,37.959559,0.0019773080613255,0,spring,yeongheung_coal,1,30.101664,58131.048
2023-04-11,11846.95937856,10549.660435344,1907.47612296,8.006666666666666,5.858333333333333,39.72,6,-3.332500000000001,52.3725,213.985,1.0425,0.0,-0.5589758427810304,-0.82918394050249,50.23741007194245,22408.1,0.0,0.7333333333333333,1.0,0.0,57697.683,20.013333333333332,92.11075937220332,58560.634,24.154531,48.31248,1007.7841,12.06,8.287171,0.0,0.0004184643461329,1,spring,yeongheung_coal,1,15.86736,58560.634
2023-04-12,11170.62035496,10291.089174192,1943.307299952,9.533333333333331,5.593333333333334,39.74833333333333,6,-4.04,62.465,206.085,0.7875,0.0,-0.4397040517125622,-0.8981427207897175,79.32063492063493,22408.1,0.0,0.7333333333333333,1.0,0.0,57697.683,20.013333333333332,92.11075937220332,57679.286,57.721611,25.582806,1015.29156,25.17,32.965232,3.076082,0.0009994148840056,2,spring,yeongheung_coal,1,21.680297,57679.286
2023-04-13,12381.747669072003,10378.005246,1669.2684511680002,10.181666666666668,5.663333333333334,40.46333333333334,6,10.446,44.214,143.158,0.356,0.0,0.5996104042733965,-0.8002920486216853,124.19662921348316,22408.1,0.0,0.7333333333333333,1.0,0.0,57697.683,20.013333333333332,92.11075937220332,57484.489,86.746963,18.472595,1014.95197,18.37,32.969459,13.946699,0.0015012169031613,3,spring,yeongheung_coal,1,39.830805,57484.489
2023-04-14,12143.592765504,9895.132161072,1624.123408608,10.791666666666666,5.708333333333333,41.843333333333334,6,11.954,93.894,206.66,1.186,0.0,-0.4486951982834715,-0.8936848544298802,79.16863406408095,22408.1,0.0,0.7333333333333333,1.0,0.0,57697.683,20.013333333333332,92.11075937220332,58395.61,103.540607,18.345877,1010.74023,11.93,37.14337200000001,22.924555,0.0017913220609997,4,spring,yeongheung_coal,1,43.47268,58395.61
2023-04-15,12338.345827584,10940.000619744,1878.504908976,10.703333333333331,5.786666666666666,42.001666666666665,6,5.958,99.802,217.06,1.194,0.0,-0.6026510221676312,-0.798004853043081,83.58626465661642,22408.1,0.0,0.7333333333333333,1.0,0.0,57697.683,20.013333333333332,92.11075937220332,58484.611,109.363728,24.18707,1002.8176,9.08,25.010322,40.922054,0.0018918753714333,5,spring,yeongheung_coal,1,43.431352,58484.611
2023-04-16,12242.475685872,10878.536932416,1887.652636272,10.686666666666667,5.7683333333333335,42.46,6,9.104,83.256,266.046,2.15,0.0,-0.9976197328401708,-0.0689555555985624,38.72372093023256,22408.1,0.0,0.7333333333333333,1.0,0.0,57697.683,20.013333333333332,92.11075937220332,57848.43,91.792166,25.772078,1003.0264,18.4,37.039105000000006,16.226860000000002,0.0015883889884157,6,spring,yeongheung_coal,1,38.526201,57848.43
2023-04-17,12941.785182672,10753.247436192,1776.5723077920002,11.225,5.755,40.906666666666666,6,12.948,69.542,126.384,0.224,0.0,0.8050594797847588,-0.5931940947183254,310.45535714285717,22408.1,0.0,0.7333333333333333,1.0,0.0,57697.683,20.013333333333332,92.11075937220332,58551.67,71.183927,16.24394,1012.3735,15.25,51.848382,2.577185,0.0012322195463856,0,spring,yeongheung_coal,1,16.75836,58551.67
2023-04-18,12436.332817536,10662.54676056,1804.116648528,10.286666666666669,5.69,44.67666666666667,6,11.984,99.608,204.698,0.6859999999999999,0.0,-0.417835360628546,-0.9085227632857708,145.20116618075804,22408.1,0.0,0.7333333333333333,1.0,0.0,57697.683,20.013333333333332,92.11075937220332,58408.574,44.472469,20.892412,1008.6596,6.87,24.504072,4.809877,0.0007701906629356,1,spring,yeongheung_coal,1,15.15852,58408.574
2023-04-19,11706.678035424002,10684.160218512,1588.008264768,9.615,5.888333333333333,47.431666666666665,6,15.188,98.108,224.82800000000003,2.148,0.0,-0.7049808874869975,-0.709226302584757,45.67411545623836,22408.1,0.0,0.7333333333333333,1.0,0.0,57697.683,20.013333333333332,92.11075937220332,57626.132,82.936597,21.434364,1007.5031,21.8,62.188298,5.599859,0.0014353705027473,2,spring,yeongheung_coal,1,15.14844,57626.132
2023-04-20,11256.845486112,10551.570350976,1518.22148904,9.115,5.571666666666666,68.41166666666666,6,9.512,100.0,264.416,0.378,0.0,-0.9952546114628472,-0.0973049760389321,264.55026455026456,22408.1,0.0,0.7333333333333333,1.0,0.0,57697.683,20.013333333333332,92.11075937220332,57999.896,47.614092,19.95972,1007.4438,2.54,19.956122,12.909367,0.0008245535896047,3,spring,yeongheung_coal,1,14.748603,57999.896
2023-04-21,12018.48445512,10605.373210368,1855.346728752,9.663333333333332,5.586666666666666,64.585,6,14.266,35.296,103.71399999999998,1.156,0.0,0.9714912205188408,-0.2370755332268871,30.53287197231834,22408.1,0.0,0.7333333333333333,1.0,0.0,57697.683,20.013333333333332,92.11075937220332,57790.156,127.533944,37.579926,1010.66986,23.36,56.488878,55.951706,0.002205507402134,4,spring,yeongheung_coal,1,15.09336,57790.156
2023-04-22,12221.721943488,10138.907078928,1839.619329408,10.256666666666666,5.446666666666666,46.22833333333333,6,13.07,44.306,161.144,0.67,0.0,0.3231907813574219,-0.9463338305511324,66.12835820895522,22408.1,0.0,0.7333333333333333,1.0,0.0,57697.683,20.013333333333332,92.11075937220332,57634.062,87.07986300000002,20.892412,1017.3005,13.14,48.928093,23.55773,0.0015069692888842,5,spring,yeongheung_coal,1,14.59404,57634.062
2023-04-23,11889.574599312,10335.11750856,1693.352520288,9.991666666666667,5.486666666666667,47.28333333333333,6,14.006,40.582,266.716,1.242,0.0,-0.9983578525962626,-0.0572852350905459,32.67471819645733,22408.1,0.0,0.7333333333333333,1.0,0.0,57697.683,20.013333333333332,92.11075937220332,58194.761,66.89058,18.875126,1020.9355,17.39,35.371522,16.513898,0.0011579862163677,6,spring,yeongheung_coal,1,15.00516,58194.761
2023-04-24,12826.682159327998,10288.665646704,1795.730208336,10.653333333333334,5.435,47.788333333333334,6,8.622,90.324,157.432,0.416,0.0,0.3837796448950764,-0.923424704111932,217.125,22408.1,0.0,0.7333333333333333,1.0,0.0,57697.683,20.013333333333332,92.11075937220332,58783.652,87.17881299999999,23.233253,1020.49243,16.72,46.893998,24.634175,0.0015086790945719,0,spring,yeongheung_coal,1,15.65064,58783.652
2023-04-25,9874.858352256,7433.734161888,1069.498513872,9.253333333333334,5.506666666666667,41.361666666666665,6,8.024,96.31,239.794,0.784,0.0,-0.8642221210892529,-0.5031104505175704,122.84438775510203,22408.1,0.0,0.7333333333333333,1.0,0.0,57697.683,20.013333333333332,92.11075937220332,58042.147,35.222658,18.919704,1014.04083,11.46,24.947912,7.0469859999999995,0.0006100967480946,1,spring,yeongheung_coal,1,3.2277600000000004,58042.147
2023-04-26,11837.80152432,10257.235950528,1637.095790448,6.3500000000000005,5.558333333333334,36.971666666666664,6,6.5680000000000005,95.996,169.64,0.302,0.0,0.1798324388911445,-0.9836972572506556,317.8675496688742,22408.1,0.0,0.7333333333333333,1.0,0.0,57697.683,20.013333333333332,92.11075937220332,57330.787,79.82714999999999,33.332577,1010.96173,24.45,44.208648999999994,35.618500999999995,0.0013816301497374,2,spring,yeongheung_coal,1,0.0,57330.787
2023-04-27,11283.58671408,9956.812707216002,1407.316855824,6.255,5.5633333333333335,37.07,6,8.47,87.28999999999999,143.95,0.728,0.0,0.5884910289036669,-0.808503746991876,119.90384615384616,22408.1,0.0,0.7333333333333333,1.0,0.0,57697.683,20.013333333333332,92.11075937220332,56043.493,70.189797,19.022177,1017.67084,25.8,63.380846,6.538533,0.0012150317053676,3,spring,yeongheung_coal,1,0.270418,56043.493
2023-04-28,12521.814166368002,10255.569584256002,1426.1669650079998,6.728333333333334,5.515000000000001,39.32333333333333,6,14.906,98.362,135.484,1.048,0.0,0.7011084140677535,-0.7130546905556401,93.85687022900764,22408.1,0.0,0.7333333333333333,1.0,0.0,57697.683,20.013333333333332,92.11075937220332,57756.664,59.57744,19.13426,1013.9394,22.65,48.071149,11.506291,0.0010315142987415,4,spring,yeongheung_coal,1,0.0,57756.664
2023-04-29,13580.235386496,10629.672136272,1464.656275728,7.123333333333334,5.614999999999999,61.00666666666667,6,9.448,90.808,269.056,3.472,0.0,-0.9998642752958108,-0.0164751627361629,26.154377880184335,22408.1,0.0,0.7333333333333333,1.0,0.0,57697.683,20.013333333333332,92.11075937220332,57880.54,218.202961,41.924156,1004.3461,9.95,22.222599,195.980362,0.003767583925884,5,spring,yeongheung_coal,1,0.0,57880.54
2023-04-30,12917.090395008,10442.39703912,1510.947595008,6.8566666666666665,5.580000000000001,38.041666666666664,6,10.068,97.682,224.046,1.266,0.0,-0.6952356695248352,-0.7187818610818961,77.15797788309636,22408.1,0.0,0.7333333333333333,1.0,0.0,57697.683,20.013333333333332,92.11075937220332,57461.311,196.770689,39.606544,1007.04224,22.22,51.645542,145.125147,0.0033987830692214,6,spring,yeongheung_coal,1,0.0,57461.311
2023-05-01,11469.495551759996,9977.523208416,1219.313564784,6.525000000000001,5.678333333333334,37.87,6,9.098,80.518,215.546,0.704,0.0,-0.5813563823179444,-0.8136490378155634,114.3721590909091,22861.09677419355,0.0,82.6774193548387,1.0,0.0,58389.16741935484,26.25,75.02681922617342,54491.098,73.277862,23.683512,1013.9912,25.81,52.914480000000005,20.363382,0.0012534176709055,0,spring,yeongheung_coal,1,0.0,54491.098
2023-05-02,11123.146204848,9882.206949888,1280.048197536,6.363333333333333,5.701666666666667,73.04833333333333,6,14.136,59.022000000000006,178.088,0.724,0.0,0.0333645020235571,-0.9994432500170884,81.52209944751382,22861.09677419355,0.0,82.6774193548387,1.0,0.0,58389.16741935484,26.25,75.02681922617342,54736.477,70.858151,18.289274,1019.41016,23.7,51.602914000000006,19.255237,0.0012120786863961,1,spring,yeongheung_coal,1,0.0,54736.477
2023-05-03,12458.094349824,9847.271821248,1318.811547024,6.97,5.663333333333333,104.06666666666666,6,14.904,95.17,184.942,0.356,0.0,-0.0861472593707979,-0.9962824146309622,267.3314606741573,22861.09677419355,0.0,82.6774193548387,1.0,0.0,58389.16741935484,26.25,75.02681922617342,55533.752,92.530165,18.626305,1018.19745,24.88,59.030962,26.961603,0.0015822072344348,2,spring,yeongheung_coal,1,6.5376,55533.752
2023-05-04,12155.386907664,10090.700215488,1276.487815104,6.796666666666667,6.04,111.65833333333336,6,19.630000000000003,78.184,120.02,3.12,0.0,0.8658508181014992,-0.5003022694261585,25.058974358974357,22861.09677419355,0.0,82.6774193548387,1.0,0.0,58389.16741935484,26.25,75.02681922617342,55362.357,66.129067,23.363974,1011.38794,11.25,41.308061,8.554765999999999,0.0011312758804574,3,spring,yeongheung_coal,1,16.26624,55362.357
2023-05-05,11399.335805232,10000.24970328,1208.615897376,6.3549999999999995,7.326666666666667,137.06333333333333,6,5.340000000000001,80.002,98.878,1.2280000000000002,0.0,0.9880191974618974,-0.1543310255481646,65.14820846905536,22861.09677419355,0.0,82.6774193548387,1.0,0.0,58389.16741935484,26.25,75.02681922617342,54987.179,19.879573,35.747112,998.8891,2.65,7.015836999999999,10.668816,0.0003403509220515,4,spring,yeongheung_coal,1,2.19492,54987.179
2023-05-06,12251.520419328,10177.926378624,1294.7996701439995,6.826666666666667,7.111666666666667,106.28166666666664,6,12.842,76.314,107.108,1.058,0.0,0.9557519497071536,-0.2941737762462428,72.13043478260869,22861.09677419355,0.0,82.6774193548387,1.0,0.0,58389.16741935484,26.25,75.02681922617342,54912.612,61.04578,46.35061,1002.4189,3.38,16.346159,44.699621,0.0010444064556581,5,spring,yeongheung_coal,1,0.0,54912.612
2023-05-07,13006.697744448,9905.939445311998,1440.858667968,7.285,5.711666666666666,97.41833333333334,6,10.562,85.826,188.808,0.4640000000000001,0.0,-0.1531238175044638,-0.9882070109611952,184.9698275862069,22861.09677419355,0.0,82.6774193548387,1.0,0.0,58389.16741935484,26.25,75.02681922617342,55152.84,76.534692,23.132626,1010.1201,10.28,25.363021,51.171671,0.0013090528162003,6,spring,yeongheung_coal,1,0.0,55152.84
2023-05-08,12153.507283008,9713.475924912,1313.095642272,6.93,5.695,99.065,6,10.302,89.374,226.094,1.16,0.0,-0.7204784948599429,-0.6934772804096406,77.04655172413793,22861.09677419355,0.0,82.6774193548387,1.0,0.0,58389.16741935484,26.25,75.02681922617342,54472.32,58.86992,17.917007,1014.0635,27.19,57.388254,1.481666,0.0010072180808774,0,spring,yeongheung_coal,1,0.0,54472.32
2023-05-09,12370.179995424,9830.49066936,1287.6136342559998,6.988333333333333,5.826666666666667,99.56833333333331,6,10.472,96.134,203.03,0.608,0.0,-0.3912130501208737,-0.92030014094051,158.11513157894737,22861.09677419355,0.0,82.6774193548387,1.0,0.0,58389.16741935484,26.25,75.02681922617342,54382.842,80.733554,19.137648,1014.2368,26.92,63.66349400000001,9.835588,0.0013807711772385,1,spring,yeongheung_coal,1,7.234471999999999,54382.842
2023-05-10,11966.963704272,10081.285778016,1227.012827184,6.778333333333333,5.864999999999999,103.99,6,13.06,70.786,222.174,0.634,0.0,-0.6713843537114176,-0.7411093371369046,111.64984227129338,22861.09677419355,0.0,82.6774193548387,1.0,0.0,58389.16741935484,26.25,75.02681922617342,54814.487,106.500226,16.485485,1014.5317,24.15,58.864604,11.556310000000002,0.0018206515163769,2,spring,yeongheung_coal,1,36.079312,54814.487
2023-05-11,12401.249979456,10148.655013344,1305.217698624,6.986666666666667,6.215,111.41833333333334,6,12.034,87.546,191.128,0.5980000000000001,0.0,-0.1930014935793118,-0.9811984628382552,146.39799331103677,22861.09677419355,0.0,82.6774193548387,1.0,0.0,58389.16741935484,26.25,75.02681922617342,55467.87,108.34571,14.241629,1015.6128,25.83,61.236238,10.589033,0.0018521421544949,3,spring,yeongheung_coal,1,36.520439,55467.87
2023-05-12,11495.312375615998,10150.981238592,1280.23603344,6.495,6.328333333333333,110.735,6,11.504,93.532,213.446,0.61,0.0,-0.5511508214236785,-0.8344056399881321,153.3311475409836,22861.09677419355,0.0,82.6774193548387,1.0,0.0,58389.16741935484,26.25,75.02681922617342,55281.791,92.498002,16.418526,1014.57404,16.77,47.757545,7.187349,0.0015816581373591,4,spring,yeongheung_coal,1,37.553108,55281.791
2023-05-13,12712.885826112,9724.629295296,1154.370821616,7.253333333333333,6.3183333333333325,119.48333333333332,6,12.726,97.386,230.304,0.478,0.0,-0.7694441475781646,-0.638714101737007,203.73640167364016,22861.09677419355,0.0,82.6774193548387,1.0,0.0,58389.16741935484,26.25,75.02681922617342,54039.57,96.718121,18.723461,1011.1758,24.74,52.514895,5.766418,0.0016537002065783,5,spring,yeongheung_coal,1,38.436808,54039.57
2023-05-14,11735.939617344,9588.857707872,1330.684689024,6.6933333333333325,6.151666666666666,117.64333333333332,6,12.332,83.126,164.884,0.562,0.0,0.2607741093017532,-0.965399846653125,147.91103202846975,22861.09677419355,0.0,82.6774193548387,1.0,0.0,58389.16741935484,26.25,75.02681922617342,53946.01,104.261732,13.570615,1007.4122,22.37,62.313801,3.333711,0.0017824520379924,6,spring,yeongheung_coal,1,38.61422,53946.01
2023-05-15,12496.405993056002,10085.774854752,1275.854893632,6.995,6.5200000000000005,119.96999999999998,6,17.918,75.96799999999999,235.852,1.51,0.0,-0.8275903642693556,-0.5613325119468098,50.30993377483443,22861.09677419355,0.0,82.6774193548387,1.0,0.0,58389.16741935484,26.25,75.02681922617342,55048.453,113.649327,18.374111,1005.3723,25.06,57.179557,38.369609,0.0019426300017781,0,spring,yeongheung_coal,1,18.100161,55048.453
2023-05-16,12499.35057072,11420.268906816002,2236.9586952960003,7.113333333333333,10.866666666666667,119.765,6,18.786,74.916,226.696,2.0420000000000003,0.0,-0.7277248767303944,-0.685869159379347,36.68756121449559,22861.09677419355,0.0,82.6774193548387,1.0,0.0,58389.16741935484,26.25,75.02681922617342,58270.384,146.038862,28.006058,1007.2719,26.96,59.739066,86.299796,0.0024948893371631,1,spring,yeongheung_coal,1,0.0,58270.384
2023-05-17,14404.693403952,18481.43487096,1315.359965664,8.883333333333333,14.065,117.83333333333331,6,6.6659999999999995,78.624,205.352,0.258,0.0,-0.4281782065647977,-0.903694319680584,304.74418604651163,22861.09677419355,0.0,82.6774193548387,1.0,0.0,58389.16741935484,26.25,75.02681922617342,64863.683,152.11224299999998,34.171566,1009.9003,25.47,58.07454,94.037703,0.0025983757765004,2,spring,yeongheung_coal,1,0.0,64863.683
2023-05-18,12398.093946,14190.697823616,1238.134679568,7.253333333333333,8.93,118.53,6,17.238,96.346,173.35,0.8320000000000001,0.0,0.115803987890987,-0.993272085779392,115.80048076923076,22861.09677419355,0.0,82.6774193548387,1.0,0.0,58389.16741935484,26.25,75.02681922617342,67592.874,42.597098,18.391735,1008.2991,7.96,25.650305,16.946793000000003,0.0007290058472793,3,spring,yeongheung_coal,1,0.0,67592.874
2023-05-19,10768.289914656,10319.210889696,1325.554509744,5.903333333333333,5.821666666666666,130.9,6,16.332,84.514,220.82800000000003,0.576,0.0,-0.653790463522398,-0.7566756437253468,146.72569444444446,22861.09677419355,0.0,82.6774193548387,1.0,0.0,58389.16741935484,26.25,75.02681922617342,54484.925,73.279973,15.7908325,1006.971,24.7,58.044522,15.235451,0.0012534537342954,4,spring,yeongheung_coal,1,0.0,54484.925
2023-05-20,11554.192919376,10092.333793680002,1002.6037548,6.4433333333333325,5.718333333333334,124.06,6,4.226000000000001,78.566,228.704,2.202,0.0,-0.7513102084813869,-0.6599492182218681,35.67938237965486,22861.09677419355,0.0,82.6774193548387,1.0,0.0,58389.16741935484,26.25,75.02681922617342,53673.679,84.945111,31.056128,1008.11383,19.19,56.51171,28.433401,0.0014526960277661,5,spring,yeongheung_coal,1,0.0,53673.679
2023-05-21,12352.260651408,10028.447223408,1189.125870768,6.9316666666666675,5.960000000000001,180.42333333333332,6,14.302,95.786,211.498,0.8779999999999999,0.0,-0.5224688016412251,-0.852658402475213,109.09567198177676,22861.09677419355,0.0,82.6774193548387,1.0,0.0,58389.16741935484,26.25,75.02681922617342,53091.065,126.517647,22.9724,1007.3918,15.83,27.703718,98.813929,0.0021621151124956,6,spring,yeongheung_coal,1,0.0,53091.065
2023-05-22,14530.352218848002,15764.6130588,1114.43086584,8.163333333333334,9.605,116.06666666666666,6,14.758,89.04,181.738,0.5599999999999999,0.0,-0.0303291707158358,-0.9995399648856916,159.00000000000003,22861.09677419355,0.0,82.6774193548387,1.0,0.0,58389.16741935484,26.25,75.02681922617342,69310.847,65.86748800000001,17.377226,1005.93524,23.19,47.15876,18.708728,0.0011268060673369,0,spring,yeongheung_coal,1,0.0,69310.847
2023-05-23,15585.698718576,13187.450477520002,1318.270511232,8.628333333333334,7.313333333333333,115.77166666666668,6,15.582,72.87,219.52799999999996,0.6799999999999999,0.0,-0.6364552312165815,-0.7713136448015475,107.16176470588238,22861.09677419355,0.0,82.6774193548387,1.0,0.0,58389.16741935484,26.25,75.02681922617342,74041.154,82.12261299999999,18.1041,1007.87036,27.52,60.717111,13.140715,0.0014044946324009,1,spring,yeongheung_coal,1,8.264787,74041.154
2023-05-24,13211.101312416,13219.122588336,1716.5526684479998,7.343333333333334,7.355,116.825,6,14.5,83.524,218.384,0.644,0.0,-0.6209289075634568,-0.7838668839490875,129.69565217391303,22861.09677419355,0.0,82.6774193548387,1.0,0.0,58389.16741935484,26.25,75.02681922617342,74417.717,99.131665,18.289274,1011.81177,19.37,39.559655,12.252437,0.0016948973820734,2,spring,yeongheung_coal,1,47.319573,74417.717
2023-05-25,12062.916506304,12618.459114192,1878.513580224,6.888333333333333,7.1883333333333335,116.55333333333331,6,16.668,76.58,266.378,0.516,0.0,-0.9980025450282076,-0.0631737296446898,148.4108527131783,22861.09677419355,0.0,82.6774193548387,1.0,0.0,58389.16741935484,26.25,75.02681922617342,72192.657,125.72191,20.696087,1013.75287,23.01,57.920804,12.955958,0.0021485456341268,3,spring,yeongheung_coal,1,54.845148,72192.657
2023-05-26,10669.564346688,9595.224323712,2645.054154,5.745,5.34,167.89,6,16.822,91.378,170.796,0.486,0.0,0.1599501024141237,-0.9871251008548568,188.02057613168725,22861.09677419355,0.0,82.6774193548387,1.0,0.0,58389.16741935484,26.25,75.02681922617342,57121.01,123.566254,13.910169,1015.3096,23.9,52.869218999999994,15.758181,0.0021117839868805,4,spring,yeongheung_coal,1,54.93885399999999,57121.01
2023-05-27,10410.852967919998,9716.705211312,1897.697196864,5.591666666666666,5.293333333333333,144.41666666666666,6,7.390000000000001,80.002,101.386,0.906,0.0,0.980319442157014,-0.1974178090471088,88.30242825607063,22861.09677419355,0.0,82.6774193548387,1.0,0.0,58389.16741935484,26.25,75.02681922617342,57811.661,95.977315,19.022177,1014.5972,3.3,9.757793,30.683598999999997,0.0016410545863558,5,spring,yeongheung_coal,1,55.535923,57811.661
2023-05-28,10213.99624008,9682.88639904,1953.131137488,5.46,5.34,183.27666666666667,6,6.378,80.0,100.792,0.3359999999999999,0.0,0.9823134045206756,-0.1872441595858179,238.09523809523816,22861.09677419355,0.0,82.6774193548387,1.0,0.0,58389.16741935484,26.25,75.02681922617342,57737.879,209.215978,25.6233,1009.2653,1.82,3.401788,152.394155,0.0035703370275816,6,spring,yeongheung_coal,1,53.420035,57737.879
2023-05-29,10109.771769888,9796.417563456,1524.0008597760002,5.343333333333334,5.28,138.72,6,7.292000000000002,79.304,180.998,0.612,0.0,-0.0174175051580598,-0.9998483037511584,129.58169934640523,22861.09677419355,0.0,82.6774193548387,1.0,0.0,58389.16741935484,26.25,75.02681922617342,58173.805,100.634188,11.165805,1007.5671,12.66,27.156845,14.947402,0.0017205424746618,0,spring,yeongheung_coal,1,58.529941,58173.805
2023-05-30,10730.59508808,9837.11725128,1575.590347296,5.708333333333333,5.398333333333333,126.595,6,21.176,87.47200000000001,80.06800000000001,1.224,0.0,0.985013149193906,0.1724792622755083,71.46405228758171,22861.09677419355,0.0,82.6774193548387,1.0,0.0,58389.16741935484,26.25,75.02681922617342,58099.777,107.158718,17.771753,1007.5573,13.68,34.143620999999996,15.826718,0.0018318880017931,1,spring,yeongheung_coal,1,57.188379,58099.777
2023-05-31,10144.063075824,9659.311093872,1749.93970608,5.543333333333334,5.376666666666666,107.72166666666668,6,10.738,85.954,249.43400000000003,0.642,0.0,-0.9362681579529316,-0.3512861175785689,133.8847352024922,22861.09677419355,0.0,82.6774193548387,1.0,0.0,58389.16741935484,26.25,75.02681922617342,56551.408,195.973379,26.496098,1008.06586,22.0,47.596553,93.520301,0.0033451038322929,2,spring,yeongheung_coal,1,54.856525000000005,56551.408
2023-06-01,10481.331994272,9651.208964256,1671.979544496,5.683333333333334,5.265,95.59833333333334,6,18.028,92.522,214.548,0.322,0.0,-0.567096456422504,-0.8236513880963469,287.3354037267081,24197.466666666667,0.0,40.56666666666667,1.0,0.0,63148.579999999994,26.4,80.74662729555176,57153.304,97.253729,16.563911,1004.4131,12.79,39.142602,3.418917,0.0015377096524131,3,summer,yeongheung_coal,1,54.69221,57153.304
2023-06-02,10104.29717184,9456.400746432,1404.203638896,5.608333333333333,5.266666666666667,101.13833333333334,6,20.356,86.014,260.192,2.4720000000000004,0.0,-0.9853841231486212,-0.170347086404854,34.79530744336569,24197.466666666667,0.0,40.56666666666667,1.0,0.0,63148.579999999994,26.4,80.74662729555176,55853.237,95.174214,25.199999,1000.60205,19.16,40.35237600000001,2.710698,0.0015048792593487,4,summer,yeongheung_coal,1,52.11114,55853.237
2023-06-03,9264.28780944,9312.236808479998,1446.849806112,5.295,5.325,98.57333333333332,6,18.823333740234375,77.91666412353516,,4.8886425,0.0,-0.91092557,0.41257074,15.938302734048392,24197.466666666667,0.0,40.56666666666667,1.0,0.0,63148.579999999994,26.4,80.74662729555176,54711.4,120.18777899999998,7.102816388888889,1005.8098,27.89,61.404261,7.59375,0.0018996383716499,5,summer,yeongheung_coal,1,51.189767999999994,54711.4
2023-06-04,9442.14671952,9199.077296976,1638.568562112,5.276666666666666,5.1450000000000005,97.19666666666669,6,17.856666564941406,88.70833587646484,,3.6630752777777777,0.0,-0.89617056,-0.4437097,24.21690223365548,24197.466666666667,0.0,40.56666666666667,1.0,0.0,63148.579999999994,26.4,80.74662729555176,55862.322,83.928651,6.580273333333333,1007.98175,20.37,45.799996,7.229689,0.0013273022499111,6,summer,yeongheung_coal,1,30.898966,55862.322
2023-06-05,9607.583121408,9409.28828544,1749.309226992,5.34,5.251666666666666,95.39666666666666,6,18.02750015258789,87.83333587646484,,4.399628055555556,0.0,-0.69493973,-0.719068,19.96380938737646,24197.466666666667,0.0,40.56666666666667,1.0,0.0,63148.579999999994,26.4,80.74662729555176,55632.057,79.235058,6.220128888888889,1008.1372,25.29,54.704442,9.520056,0.0012531677383967,0,summer,yeongheung_coal,1,15.01056,55632.057
2023-06-06,9234.57836304,9572.858390016,1649.024270352,5.001666666666667,5.223333333333334,95.28833333333334,6,17.62958335876465,90.75,,3.096383611111111,0.0,-0.6122021,-0.7907013,29.308384036897525,24197.466666666667,0.0,40.56666666666667,1.0,0.0,63148.579999999994,26.4,80.74662729555176,56870.374,67.229552,4.3011625,1005.2663,23.14,51.510797,0.827715,0.0010634927002666,1,summer,yeongheung_coal,1,14.89104,56870.374
2023-06-07,9502.786936944,9459.219584592,1630.664382096,5.221666666666667,5.236666666666666,95.31833333333331,6,18.294166564941406,91.66666412353516,,4.796730277777778,0.0,-0.27097687,-0.96258587,19.11023943710305,24197.466666666667,0.0,40.56666666666667,1.0,0.0,63148.579999999994,26.4,80.74662729555176,56634.127,47.543609,6.109827777777777,1005.6591,16.96,31.110332999999997,1.4029159999999998,0.0007523184379813,2,summer,yeongheung_coal,1,15.03036,56634.127
2023-06-08,10508.473899504,9185.048193024,1591.10676072,5.675,5.021666666666667,96.86666666666667,6,18.444164276123047,91.875,,5.316433333333333,4.699999809265137,-0.10404305,-0.9945728,17.281322691277985,24197.466666666667,0.0,40.56666666666667,1.0,0.0,63148.579999999994,26.4,80.74662729555176,56871.871,34.814907,7.762086666666666,1001.78,11.64,19.300574,0.380293,0.0005510135542929,3,summer,yeongheung_coal,1,15.13404,56871.871
2023-06-09,10157.98302216,9276.534439776,1666.160141184,5.640000000000001,5.201666666666667,124.7,6,18.469167709350582,90.04166412353516,,2.985946944444444,0.699999988079071,-0.84133744,-0.5405103,30.1551453521516,24197.466666666667,0.0,40.56666666666667,1.0,0.0,63148.579999999994,26.4,80.74662729555176,55536.112,72.707652,6.155485,1000.8203,21.3,55.240875,1.492857,0.0011500501603228,4,summer,yeongheung_coal,1,15.97392,55536.112
2023-06-10,9993.811612319998,9243.166964831998,1654.9933733280002,5.486666666666667,5.135,97.02166666666666,6,19.273332595825195,90.54166412353516,,4.121002222222223,8.100000381469727,-0.12768681,-0.99181455,21.97078750292718,24197.466666666667,0.0,40.56666666666667,1.0,0.0,63148.579999999994,26.4,80.74662729555176,56285.954,101.361636,9.441398055555554,1001.96246,12.87,37.928776,47.09282,0.0016025569886424,5,summer,yeongheung_coal,1,16.340040000000002,56285.954
2023-06-11,9965.93546088,9395.934344352,1478.991950928,5.423333333333333,5.1883333333333335,97.42666666666666,6,19.565000534057617,89.95833587646484,,2.5575283333333334,0.0,-0.61839354,0.7858686,35.17393520298498,24197.466666666667,0.0,40.56666666666667,1.0,0.0,63148.579999999994,26.4,80.74662729555176,56441.276,80.09805700000001,4.254409166666666,1002.90015,22.87,50.48442,12.242557,0.0012667994881656,6,summer,yeongheung_coal,1,17.371080000000003,56441.276
2023-06-12,9292.490036928002,9391.263463872,1472.2631988479998,5.108333333333333,5.228333333333333,97.98833333333334,6,16.9566650390625,96.45833587646484,,3.3406141666666667,0.0,-0.9371508,-0.34892464,28.874431785312385,24197.466666666667,0.0,40.56666666666667,1.0,0.0,63148.579999999994,26.4,80.74662729555176,56336.597,62.01252699999999,4.816638055555556,1003.3238,14.71,37.59869199999999,5.864115,0.0009810464436559,0,summer,yeongheung_coal,1,18.54972,56336.597
2023-06-13,10085.672947104,9613.440783648,1688.235535296,5.361666666666667,6.288333333333333,101.16166666666668,6,18.771249771118164,91.75,,3.3371405555555556,0.0,-0.95695114,-0.29024896,27.49359772912705,24197.466666666667,0.0,40.56666666666667,1.0,0.0,63148.579999999994,26.4,80.74662729555176,58543.55,79.842259,5.502725833333333,1002.2859,21.54,59.029903,2.127636,0.0012627589958349,1,summer,yeongheung_coal,1,18.68472,58543.55
2023-06-14,10374.477583392,10052.42876568,2141.7494328,5.375,7.751666666666666,103.945,6,17.51500129699707,94.08333587646484,,2.915980555555555,0.0,-0.9984701,-0.055293467,32.26473362355463,24197.466666666667,0.0,40.56666666666667,1.0,0.0,63148.579999999994,26.4,80.74662729555176,59539.347,80.486632,5.2201530555555555,1003.4288,22.72,58.127743,3.885849,0.0012729372152279,2,summer,yeongheung_coal,1,18.47304,59539.347
2023-06-15,11024.727053616,17318.075252544,2306.473059456,6.226666666666667,12.705,92.93833333333332,6,18.431665420532227,93.66666412353516,,3.2398205555555553,0.0,-0.8279427,-0.5608126,28.911065448645957,24197.466666666667,0.0,40.56666666666667,1.0,0.0,63148.579999999994,26.4,80.74662729555176,68340.25,79.187496,5.0,1006.0306,19.58,54.86756,6.988096,0.0012524164482797,3,summer,yeongheung_coal,1,17.33184,68340.25
2023-06-16,13314.507287184002,12523.600606608,1826.8893768960004,7.463333333333334,7.078333333333333,93.17666666666668,6,18.25041389465332,95.33333587646484,,2.650816388888889,0.0,-0.99481094,-0.101740904,35.96376432410114,24197.466666666667,0.0,40.56666666666667,1.0,0.0,63148.579999999994,26.4,80.74662729555176,73249.312,87.514125,4.3011625,1010.5947,24.18,57.117808,7.812751,0.0013839267938815,4,summer,yeongheung_coal,1,22.583566,73249.312
2023-06-17,12550.534123104,12665.629736208,1633.160512656,7.1933333333333325,7.275,91.44166666666666,6,17.38791847229004,93.29166412353516,,2.387584722222222,0.0,-0.99154663,0.12975106,39.07365600693944,24197.466666666667,0.0,40.56666666666667,1.0,0.0,63148.579999999994,26.4,80.74662729555176,71970.402,119.015157,5.103919722222222,1010.8107,23.8,50.941061999999995,4.6847520000000005,0.0018811392578564,5,summer,yeongheung_coal,1,63.389343,71970.402
2023-06-18,13269.435451775998,12437.341961184,1734.766862832,7.626666666666668,7.165,93.12666666666668,6,20.585832595825195,88.16666412353516,,3.3236958333333333,0.0,-0.835813,0.5490143,26.526694542657005,24197.466666666667,0.0,40.56666666666667,1.0,0.0,63148.579999999994,26.4,80.74662729555176,71872.389,126.50785,5.044799444444444,1005.9472,26.11,57.374811,14.893852,0.0019993310842949,6,summer,yeongheung_coal,1,54.239187,71872.389
2023-06-19,12772.160577504,12648.868352496002,1685.93360184,7.303333333333334,7.245,89.41000000000001,6,21.383750915527344,87.70833587646484,,2.468723611111111,0.0,-0.4705877,-0.88235325,35.52780695324152,24197.466666666667,0.0,40.56666666666667,1.0,0.0,63148.579999999994,26.4,80.74662729555176,72410.247,100.338584,4.2154477777777775,1003.88135,24.8,45.067505,7.189208000000001,0.0015864078982906,0,summer,yeongheung_coal,1,48.081871,72410.247
2023-06-20,13488.557456736,12331.083771648,1760.008262256,7.609999999999999,6.9816666666666665,89.735,6,21.510833740234375,83.0,,3.4017991666666667,3.0999999046325684,0.9726153,-0.23242079,24.3988536458281,24197.466666666667,0.0,40.56666666666667,1.0,0.0,63148.579999999994,26.4,80.74662729555176,72724.902,116.9415,5.907622222222222,1001.9922,6.54,9.003563,33.634748,0.0018484238685995,1,summer,yeongheung_coal,1,74.303189,72724.902
2023-06-21,14154.9416712,12595.55753016,1732.525509456,7.883333333333333,7.05,83.91333333333333,6,20.42958641052246,89.79166412353516,,4.464182222222222,10.899999618530272,0.38033697,0.92484796,20.113799046231097,24197.466666666667,0.0,40.56666666666667,1.0,0.0,63148.579999999994,26.4,80.74662729555176,72680.281,113.952041,6.8154233333333325,998.96533,12.79,22.040624,28.280782,0.0018012564044409,2,summer,yeongheung_coal,1,63.630635000000005,72680.281
2023-06-22,13074.078880224,12035.4813072,1529.019070704,7.54,7.003333333333333,79.89666666666666,6,20.8920841217041,85.04166412353516,,3.740521388888889,0.0,-0.9369235,0.34953454,22.73524337439935,24197.466666666667,0.0,40.56666666666667,1.0,0.0,63148.579999999994,26.4,80.74662729555176,70451.731,144.152932,6.8,1001.55817,23.19,55.597504,26.813003,0.0022775589759234,3,summer,yeongheung_coal,1,61.742425,70451.731
2023-06-23,11875.662719136,9850.610443248,1483.294398336,6.533333333333334,5.425,100.53166666666668,6,20.471250534057617,94.66666412353516,,2.740204861111111,0.0,-0.988897,0.14860225,34.547294425698254,24197.466666666667,0.0,40.56666666666667,1.0,0.0,63148.579999999994,26.4,80.74662729555176,54716.44,98.391015,4.390899722222222,1006.16626,24.12,52.906971000000006,5.220825,0.0015556636692793,4,summer,yeongheung_coal,1,40.263219,54716.44
2023-06-24,11679.885502992,9940.740356304,1262.4206150880002,6.503333333333333,5.578333333333333,92.57,6,20.4545841217041,95.45833587646484,,2.909765277777778,0.0,-0.9980391,0.062593065,32.80619801380251,24197.466666666667,0.0,40.56666666666667,1.0,0.0,63148.579999999994,26.4,80.74662729555176,54388.71,115.874082,4.640043055555555,1011.38916,23.52,55.686727,12.087867,0.0018315827375955,5,summer,yeongheung_coal,1,48.099488,54388.71
2023-06-25,11653.17642072,9922.73742936,1509.087183408,6.435,6.875,96.91666666666669,6,22.00458335876465,90.66666412353516,,2.1522558333333333,0.0,-0.5030665,0.8642477,42.126341450362816,24197.466666666667,0.0,40.56666666666667,1.0,0.0,63148.579999999994,26.4,80.74662729555176,54310.42,86.29745299999999,4.3382024999999995,1009.6419,19.41,45.105379,11.845954,0.0013647129001576,6,summer,yeongheung_coal,1,29.34612,54310.42
2023-06-26,10859.481535248,15123.951078624,1479.493533024,6.363333333333333,10.021666666666668,100.28000000000002,6,22.385835647583008,93.33333587646484,,6.622952777777778,37.60000228881836,0.19133838,-0.9815241,14.09240545842776,24197.466666666667,0.0,40.56666666666667,1.0,0.0,63148.579999999994,26.4,80.74662729555176,67718.494,308.685041,9.60468611111111,1003.1097,8.36,12.340838,271.182003,0.0048644554851293,0,summer,yeongheung_coal,1,25.1622,67718.494
2023-06-27,13956.8208156,13360.946278752,1692.053138304,7.41,7.391666666666666,96.25166666666668,6,22.510833740234375,90.20833587646484,,6.2607325000000005,0.1000000014901161,-0.6051695,-0.7960967,14.40859130724158,24197.466666666667,0.0,40.56666666666667,1.0,0.0,63148.579999999994,26.4,80.74662729555176,76329.255,205.610533,9.090654722222222,1005.363,24.85,53.408660000000005,107.789062,0.0032454133068419,1,summer,yeongheung_coal,1,44.412811000000005,76329.255
2023-06-28,13351.075521696,13426.772528592,1796.711890032,7.136666666666667,7.336666666666666,94.00666666666666,6,22.3295841217041,97.16666412353516,,3.7078627777777777,1.2000000476837158,-0.19431385,-0.9809394,26.205571766539254,24197.466666666667,0.0,40.56666666666667,1.0,0.0,63148.579999999994,26.4,80.74662729555176,76099.778,102.961094,6.082762499999999,1005.2366,14.45,24.535918,15.055502,0.001627803721762,2,summer,yeongheung_coal,1,63.369674,76099.778
2023-06-29,13267.270030608,13694.441509152,2194.9536990240003,7.006666666666667,7.631666666666667,139.975,6,22.275415420532227,97.58333587646484,,6.459508333333333,45.70000076293945,-0.09689207,-0.99529487,15.106929326633196,24197.466666666667,0.0,40.56666666666667,1.0,0.0,63148.579999999994,26.4,80.74662729555176,76418.161,235.085865,12.226201111111113,998.2556,3.58,3.103212,165.012092,0.0037089344990033,3,summer,yeongheung_coal,1,66.970561,76418.161
2023-06-30,12850.391995632,11906.989065792,2273.7879288,7.375,7.076666666666667,133.895,6,22.13166618347168,95.75,,2.5848891666666662,0.0,-0.6168049,-0.78711605,37.04220716104205,24197.466666666667,0.0,40.56666666666667,1.0,0.0,63148.579999999994,26.4,80.74662729555176,68505.101,140.935657,5.981638055555555,997.2985,10.41,33.894301,40.825182,0.0022268405048919,4,summer,yeongheung_coal,1,66.216174,68505.101
2023-07-01,15353.871138144,12548.909020896,2178.084571776,8.613333333333333,7.128333333333333,96.915,6,21.56083106994629,98.16666412353516,,3.1027983333333333,0.0,-0.7239568,0.68984526,31.638106501776672,26590.25806451613,0.0,190.03225806451613,1.0,0.0,69057.10225806451,26.671666666666667,83.31966440166718,72368.589,111.862933,4.7801675,1003.1226,22.55,39.899535,7.56107,0.0016172416732128,5,summer,yeongheung_coal,1,64.402328,72368.589
2023-07-02,14255.309316528,12199.156260912,1963.600844832,8.243333333333334,7.126666666666666,97.07166666666666,6,21.78166389465332,96.66666412353516,,2.5459675,0.0,-0.93379444,0.35780993,37.968538138658545,26590.25806451613,0.0,190.03225806451613,1.0,0.0,69057.10225806451,26.671666666666667,83.31966440166718,69843.022,93.53089,4.441846111111111,1006.33276,13.22,25.889223,5.325216999999999,0.0013525673698421,6,summer,yeongheung_coal,1,62.31645,69843.022
2023-07-03,14898.288613968,13043.235247632,2323.42797888,7.998333333333334,7.105,101.69833333333334,6,22.371252059936523,96.41666412353516,,2.7921991666666663,0.0,-0.8509371,0.5252676,34.5307259147411,26590.25806451613,0.0,190.03225806451613,1.0,0.0,69057.10225806451,26.671666666666667,83.31966440166718,74398.39,109.881767,4.304648888888889,1003.6706,23.18,43.191765,9.686756,0.0015886447638107,0,summer,yeongheung_coal,1,57.003246,74398.39
2023-07-04,12672.253886832004,13418.945336016,2329.873169904,6.675,7.353333333333334,103.49,6,23.04624938964844,95.33333587646484,,5.748006944444444,44.599998474121094,0.4836848,-0.8752423,16.58545941191082,26590.25806451613,0.0,190.03225806451613,1.0,0.0,69057.10225806451,26.671666666666667,83.31966440166718,75946.045,176.44473799999997,12.6,997.74316,3.61,6.188492999999999,144.52524499999998,0.0025485439596216,1,summer,yeongheung_coal,1,25.731,75946.045
2023-07-05,12317.975468928,13120.649259408,2392.873917407999,6.734999999999999,7.531666666666666,86.03833333333334,6,23.319168090820312,89.625,,8.333635277777777,12.399999618530272,-0.7973108,-0.6035689,10.75461032461924,26590.25806451613,0.0,190.03225806451613,1.0,0.0,69057.10225806451,26.671666666666667,83.31966440166718,72108.537,312.170566,12.480784444444444,992.29425,24.81,40.832193999999994,245.819772,0.0045001274093175,2,summer,yeongheung_coal,1,25.5186,72108.537
2023-07-06,13791.804676272,13473.663320016,2519.893624608,7.358333333333333,7.368333333333332,87.32666666666667,6,24.15874671936035,84.41666412353516,,6.462991944444444,0.0,-0.21094692,-0.9774975,13.06154561991978,26590.25806451613,0.0,190.03225806451613,1.0,0.0,69057.10225806451,26.671666666666667,83.31966440166718,74879.52,198.779639,8.203658055555556,998.0945,25.39,44.475676,141.72376300000002,0.0028702203127735,3,summer,yeongheung_coal,1,12.5802,74879.52
2023-07-07,14282.45214192,13672.391906448,2548.3695592319996,7.493333333333333,7.388333333333333,89.03000000000002,6,23.93999671936035,83.75,,3.873971111111111,0.0,0.60590476,-0.7955372,21.61864340180361,26590.25806451613,0.0,190.03225806451613,1.0,0.0,69057.10225806451,26.671666666666667,83.31966440166718,77008.703,158.515717,6.981403611111111,999.6878,23.74,41.921124000000006,90.896353,0.0022901726754373,4,summer,yeongheung_coal,1,25.69824,77008.703
2023-07-08,12913.174433087996,12745.899415584,2175.2800686719997,7.323333333333333,7.296666666666667,84.72166666666668,6,22.98583221435547,89.91666412353516,,3.681635833333333,0.0,0.71455616,-0.6995781,24.423019601622332,26590.25806451613,0.0,190.03225806451613,1.0,0.0,69057.10225806451,26.671666666666667,83.31966440166718,71548.247,98.900141,5.077401388888889,999.69977,13.61,26.309155,46.268146,0.0014301020528817,5,summer,yeongheung_coal,1,26.32284,71548.247
2023-07-09,12353.85493056,12340.911195504,2218.6605548159996,7.268333333333333,7.333333333333333,88.8,6,23.3295841217041,97.20833587646484,,4.672073888888888,3.200000047683716,0.08719055,-0.9961917,20.80624968445927,26590.25806451613,0.0,190.03225806451613,1.0,0.0,69057.10225806451,26.671666666666667,83.31966440166718,68465.99,83.602566,6.325345555555555,999.72394,9.97,9.698272,46.789094,0.0012091656602682,6,summer,yeongheung_coal,1,27.1152,68465.99
2023-07-10,12694.726376784,12805.577566992,2498.045320368,7.03,7.234999999999999,102.31666666666666,6,23.792083740234375,96.375,,3.764758333333333,9.5,-0.21654557,-0.9762725,25.599252718744676,26590.25806451613,0.0,190.03225806451613,1.0,0.0,69057.10225806451,26.671666666666667,83.31966440166718,72700.463,153.869523,5.885575555555555,1001.0454,16.25,40.441426,80.957825,0.0022231955286906,0,summer,yeongheung_coal,1,32.470272,72700.463
2023-07-11,14661.729901584,13173.449578416,2534.36934168,7.903333333333333,7.1933333333333325,85.23833333333333,6,23.56499671936035,97.83333587646484,,5.022426666666667,5.09999942779541,-0.29722166,-0.9548085,19.47929603945732,26590.25806451613,0.0,190.03225806451613,1.0,0.0,69057.10225806451,26.671666666666667,83.31966440166718,74884.698,169.53262,6.171709166666667,1002.68036,8.26,10.29936,80.99678,0.0024489507586005,1,summer,yeongheung_coal,1,78.23648,74884.698
2023-07-12,14378.375160144,13700.664355248002,2784.32757576,7.388333333333333,7.111666666666667,90.68666666666668,6,17.3325,87.75,161.4075,0.2875,0.0,0.3188352439710256,-0.947810153565542,305.21739130434787,26590.25806451613,0.0,190.03225806451613,1.0,0.0,69057.10225806451,26.671666666666667,83.31966440166718,78710.077,105.380796,26.596178,1002.6194,7.77,28.317352,11.940942,0.0015236699341407,2,summer,yeongheung_coal,1,65.122502,78710.077
2023-07-13,12820.117491792002,12024.243699984,2424.7478391839995,7.345,7.165,90.775,6,8.629999999999999,74.285,117.3925,3.045,1.0,0.8878756175409519,-0.4600835660793301,24.395730706075533,26590.25806451613,0.0,190.03225806451613,1.0,0.0,69057.10225806451,26.671666666666667,83.31966440166718,69522.25,33.050117,37.801712,1000.74615,2.69,2.6790770000000004,0.0,0.0004783621958247,3,summer,yeongheung_coal,1,30.37104,69522.25
2023-07-14,14463.495089136,13930.40311992,2799.39062448,7.441666666666666,7.523333333333333,167.25333333333336,6,2.09,66.33666666666666,208.27,2.24,66.80000305175781,-0.4736271272169561,-0.8807254648096723,29.61458333333333,26590.25806451613,0.0,190.03225806451613,1.0,0.0,69057.10225806451,26.671666666666667,83.31966440166718,77351.975,29.764129,55.44,994.8797,4.56,1.586569,0.0,0.000430821812546,4,summer,yeongheung_coal,1,28.17756,77351.975
2023-07-15,13169.422769759998,12601.504536624,2320.042128624,7.376666666666666,7.25,128.3033333333333,6,23.55,92.12,201.53666666666663,1.5066666666666666,0.5,-0.3670965761342372,-0.9301828335281834,61.141592920353986,26590.25806451613,0.0,190.03225806451613,1.0,0.0,69057.10225806451,26.671666666666667,83.31966440166718,71845.333,34.741072,34.860565,997.0346,5.89,6.884632,0.0,0.0005028245061292,5,summer,yeongheung_coal,1,27.85644,71845.333
2023-07-16,12735.8393472,12165.0012936,2087.9984388959997,7.415,7.128333333333333,73.46833333333333,6,23.25,96.69333333333331,234.20333333333335,0.5,1.8000000715255735,-0.8110978490747731,-0.5849104882170233,193.38666666666663,26590.25806451613,0.0,190.03225806451613,1.0,0.0,69057.10225806451,26.671666666666667,83.31966440166718,69523.34,41.255538,20.87379,1004.28204,7.78,13.901298,0.0,0.0005970552602966,6,summer,yeongheung_coal,1,27.35424,69523.34
2023-07-17,11982.58056864,12362.517020736,2060.298390672,6.966666666666666,7.239999999999999,78.64333333333333,6,23.55666666666667,98.24666666666668,168.36,0.6566666666666666,0.2000000029802322,0.2017617446240072,-0.9794346320231264,149.61421319796958,26590.25806451613,0.0,190.03225806451613,1.0,0.0,69057.10225806451,26.671666666666667,83.31966440166718,69967.466,53.173457,10.691453,1008.8645,7.46,25.771337,0.0,0.00076940015721,0,summer,yeongheung_coal,1,27.40212,69967.466
2023-07-18,14207.06317896,13121.343055872,2510.989374096,7.6,7.083333333333333,97.18666666666668,6,7.855,73.7575,286.8275,0.93,0.01,-0.9571806619662818,0.2894912440088482,79.30913978494623,26590.25806451613,0.0,190.03225806451613,1.0,0.0,69057.10225806451,26.671666666666667,83.31966440166718,75401.824,32.025221,14.021525,1008.36035,5.1,14.825141,0.0,0.0004635348884627,1,summer,yeongheung_coal,1,17.200080000000003,75401.824
2023-07-19,14337.058209984,13013.235468575998,2512.713204576,7.75,7.133333333333333,102.02666666666666,6,22.8325,98.2725,207.87,0.615,0.0,-0.4674670115370804,-0.8840105164106313,159.79268292682926,26590.25806451613,0.0,190.03225806451613,1.0,0.0,69057.10225806451,26.671666666666667,83.31966440166718,74268.959,63.805828,16.299694,1005.54517,24.09,48.07763,0.733478,0.0009231045969557,2,summer,yeongheung_coal,1,14.99472,74268.959
2023-07-20,14971.553016768,13129.350387696,2551.777422624,7.928333333333334,7.121666666666667,97.00166666666668,6,22.905,98.4725,214.1575,0.645,0.0,-0.5614697239089679,-0.8274972804387863,152.6705426356589,26590.25806451613,0.0,190.03225806451613,1.0,0.0,69057.10225806451,26.671666666666667,83.31966440166718,75269.394,81.563872,14.764389,1006.62665,23.33,44.186441,1.142137,0.0011797142838503,3,summer,yeongheung_coal,1,36.235294,75269.394
2023-07-21,12338.374860863998,10604.938058495998,1934.82042696,6.405,5.6066666666666665,112.36166666666666,6,24.8275,95.4375,197.7475,0.5275,0.0,-0.3048227426315997,-0.9524091009511352,180.92417061611377,26590.25806451613,0.0,190.03225806451613,1.0,0.0,69057.10225806451,26.671666666666667,83.31966440166718,57191.12,79.16139100000001,10.799999,1009.08405,23.38,44.941176,0.962292,0.0011450053390478,4,summer,yeongheung_coal,1,33.257923000000005,57191.12
2023-07-22,12312.073824336,10697.045949792,1682.99382312,6.296666666666667,5.859999999999999,103.66666666666669,6,24.12,97.9425,133.3025,3.275,0.13,0.7277428324936086,-0.6858501073515842,29.906106870229006,26590.25806451613,0.0,190.03225806451613,1.0,0.0,69057.10225806451,26.671666666666667,83.31966440166718,57857.383,199.529977,35.452232,1008.46045,9.01,22.167221,129.151604,0.0028810233844864,5,summer,yeongheung_coal,1,48.211152,57857.383
2023-07-23,10532.955142368,10146.32294472,1696.771919664,5.723333333333333,7.278333333333333,101.59666666666668,6,24.31,98.6925,196.855,1.0725,0.01,-0.2899506243840191,-0.957041605897736,92.020979020979,26590.25806451613,0.0,190.03225806451613,1.0,0.0,69057.10225806451,26.671666666666667,83.31966440166718,54274.287,151.057358,36.516495,1004.6882,4.27,4.071583,97.94715,0.0021826524334413,6,summer,yeongheung_coal,1,49.038625,54274.287
2023-07-24,11423.695979088,14317.02346032,1902.987155808,6.991666666666667,9.071666666666667,98.055,6,24.8525,97.005,204.3725,0.185,0.0,-0.4126672854795837,-0.9108818317953826,524.3513513513514,26590.25806451613,0.0,190.03225806451613,1.0,0.0,69057.10225806451,26.671666666666667,83.31966440166718,65201.417,83.73464200000001,12.661564,1006.0518,17.75,30.634144,2.187938,0.0012110735963614,0,summer,yeongheung_coal,1,50.91256,65201.417
2023-07-25,11268.506899296,10670.460188688,2698.2055964160004,6.958333333333333,6.575,102.71333333333332,6,25.475,93.9075,205.9075,0.655,0.0,-0.4369195364630358,-0.8995005940281118,143.37022900763358,26590.25806451613,0.0,190.03225806451613,1.0,0.0,69057.10225806451,26.671666666666667,83.31966440166718,65299.37,105.546718,19.966211,1009.5893,12.33,25.816784,26.346902000000004,0.0015260652904796,1,summer,yeongheung_coal,1,53.383032,65299.37
2023-07-26,9691.164940608,9473.453242416,2926.149925824,5.06,5.346666666666667,134.49333333333334,6,24.685,99.5,167.36,0.425,0.0,0.2188245066098643,-0.9757642314139976,234.1176470588235,26590.25806451613,0.0,190.03225806451613,1.0,0.0,69057.10225806451,26.671666666666667,83.31966440166718,58355.782,154.132292,17.25373,1012.09467,18.05,45.158787,42.315569,0.0022269837115606,2,summer,yeongheung_coal,1,66.657936,58355.782
2023-07-27,10130.6235456,9719.072062127998,2767.7649977280003,5.221666666666667,5.421666666666667,115.745,6,25.2425,98.6875,231.35,0.4549999999999999,0.0,-0.7809757372520729,-0.6245613643378697,216.89560439560444,26590.25806451613,0.0,190.03225806451613,1.0,0.0,69057.10225806451,26.671666666666667,83.31966440166718,59402.006,113.942228,15.7908325,1011.93945,15.03,43.714842,2.815353,0.0016472532523772,3,summer,yeongheung_coal,1,67.412033,59402.006
2023-07-28,9123.0990912,9318.413300256,2332.13509152,4.836666666666667,5.55,115.25666666666666,6,26.21,96.0,202.94,0.41,0.0,-0.3897669639947601,-0.920913521335368,234.14634146341464,26590.25806451613,0.0,190.03225806451613,1.0,0.0,69057.10225806451,26.671666666666667,83.31966440166718,57415.557,113.264183,10.594036,1011.58026,18.1,45.13293,3.089964,0.00163746686374,4,summer,yeongheung_coal,1,65.04128899999999,57415.557
2023-07-29,9474.454601856,9431.253040752,2443.4921584800004,5.038333333333333,5.510000000000001,119.08666666666666,6,26.925,88.0475,211.6925,0.565,0.0,-0.5253602756568884,-0.8508798862129239,155.83628318584073,26590.25806451613,0.0,190.03225806451613,1.0,0.0,69057.10225806451,26.671666666666667,83.31966440166718,57542.458,100.607703,11.901798,1011.9882,12.55,37.883126,5.953557,0.0014547575831623,5,summer,yeongheung_coal,1,56.77102000000001,57542.458
2023-07-30,10220.371355808,11501.166104784,5443.55706096,6.013333333333333,7.613333333333333,112.83666666666666,6,25.637500000000003,92.08,166.5725,0.725,0.0,0.2322147756865712,-0.9726645351573354,127.00689655172414,26590.25806451613,0.0,190.03225806451613,1.0,0.0,69057.10225806451,26.671666666666667,83.31966440166718,65591.637,94.289657,15.459054,1010.929,19.95,37.607367999999994,2.003841,0.0013635250772075,6,summer,yeongheung_coal,1,54.678448,65591.637
2023-07-31,13293.642287232002,13226.855823072,2774.8273144319996,7.001666666666666,7.25,110.15500000000002,6,11.2975,75.45,236.055,0.9475,0.0,-0.8295739771595262,-0.5583968270143786,79.63060686015831,26590.25806451613,0.0,190.03225806451613,1.0,0.0,69057.10225806451,26.671666666666667,83.31966440166718,76626.332,93.515037,15.986593,1010.5063,16.7,36.975261,4.487507,0.0013523384267268,0,summer,yeongheung_coal,1,52.052269,76626.332
2023-08-01,14896.237078368,13622.847408864,2654.02633608,7.711666666666667,7.3066666666666675,104.70333333333332,6,19.35,88.3075,226.77,0.78,0.0,-0.7286100994858434,-0.6849286991557803,113.2147435897436,29202.06451612903,0.0,34.0,1.0,0.0,76578.71677419356,26.49,91.75100655196783,77542.649,98.606472,16.904673,1008.32245,23.89,42.871902,7.010223,0.0012859926224001,1,summer,yeongheung_coal,1,48.724347,77542.649
2023-08-02,16026.95358792,13775.448942,2675.8740317760003,8.266666666666667,7.268333333333333,96.21166666666667,6,24.825,96.005,167.8525,0.3475,0.0,0.2104291037767617,-0.97760912039716,276.27338129496405,29202.06451612903,0.0,34.0,1.0,0.0,76578.71677419356,26.49,91.75100655196783,78067.142,88.612481,13.363711,1005.7819,20.91,38.549373,2.656201,0.001155804980568,2,summer,yeongheung_coal,1,47.406907,78067.142
2023-08-03,15980.618596752,13630.646701728,2725.224578352,8.231666666666667,7.128333333333333,94.23666666666666,6,25.335,92.2675,240.65,0.4825,0.0,-0.871641873672757,-0.490143289314712,191.2279792746114,29202.06451612903,0.0,34.0,1.0,0.0,76578.71677419356,26.49,91.75100655196783,77754.427,87.63914299999999,12.783802,1003.74713,21.13,43.394912,0.699568,0.0011431238898932,3,summer,yeongheung_coal,1,43.544663,77754.427
2023-08-04,15910.34273856,13790.44049904,3012.940710144,8.186666666666667,7.248333333333334,97.29166666666669,6,25.155,91.705,238.915,0.6025,0.0,-0.8564022833642481,-0.5163091409693442,152.20746887966803,29202.06451612903,0.0,34.0,1.0,0.0,76578.71677419356,26.49,91.75100655196783,78079.326,95.191076,9.826088,1002.3079,23.65,43.148792,0.01728,0.0012415054699701,4,summer,yeongheung_coal,1,52.025004,78079.326
2023-08-05,15680.774559456,13789.031263488,2813.44051008,8.07,7.296666666666667,98.37666666666668,6,25.845,98.845,224.78,0.5575,0.0,-0.7043864801272869,-0.709816657041726,177.30044843049328,29202.06451612903,0.0,34.0,1.0,0.0,76578.71677419356,26.49,91.75100655196783,77975.096,99.003846,17.174677,998.9516,24.12,37.176336000000006,5.28804,0.0012911683498052,5,summer,yeongheung_coal,1,56.53947,77975.096
2023-08-06,15660.07319808,13793.647409568,2777.657531328,7.978333333333334,7.303333333333334,101.25666666666666,6,26.8575,95.9,251.8075,0.54,0.0,-0.950012927931006,-0.3122105647859429,177.59259259259258,29202.06451612903,0.0,34.0,1.0,0.0,76578.71677419356,26.49,91.75100655196783,77989.189,110.423462,16.831684,996.0862,10.95,38.488375,16.900965,0.0014398839478433,6,summer,yeongheung_coal,1,55.034122,77989.189
2023-08-07,15534.0835164,13874.241525552,2961.216409968,7.888333333333333,7.321666666666666,101.44833333333334,6,27.3625,92.74,95.8575,0.925,0.01,0.9947787913589528,-0.1020546729083044,100.25945945945944,29202.06451612903,0.0,34.0,1.0,0.0,76578.71677419356,26.49,91.75100655196783,78200.475,94.519453,22.007162,996.9466,17.05,42.255846,22.473075,0.0012327567956036,0,summer,yeongheung_coal,1,29.790532,78200.475
2023-08-08,15218.603080992,13890.752183376,2978.36543376,7.734999999999999,7.321666666666666,105.545,6,28.82,88.58250000000001,153.6775,0.4899999999999999,0.0,0.4434232060495252,-0.896312367613412,180.78061224489804,29202.06451612903,0.0,34.0,1.0,0.0,76578.71677419356,26.49,91.75100655196783,78179.531,144.651049,24.36325,999.8074,22.06,44.219953,39.837853,0.0018853584390787,1,summer,yeongheung_coal,1,60.593243,78179.531
2023-08-09,13837.344576192,13869.371725776,2584.950479568,7.1000000000000005,7.4316666666666675,101.96333333333332,6,27.28,78.7975,117.3375,1.5775,0.0,0.8883168569172384,-0.4592310548260849,49.95087163232964,29202.06451612903,0.0,34.0,1.0,0.0,76578.71677419356,26.49,91.75100655196783,77892.966,155.378562,29.6383,1001.2895,12.01,28.486009999999997,72.06935399999999,0.0020248959907488,2,summer,yeongheung_coal,1,54.823198,77892.966
2023-08-10,14595.935339088,13756.915706831998,2551.2839903520003,7.553333333333334,7.473333333333333,89.305,6,23.9025,97.39,239.035,2.9525,0.01,-0.8574817596101553,-0.5145143651404418,32.98560541913633,29202.06451612903,0.0,34.0,1.0,0.0,76578.71677419356,26.49,91.75100655196783,77376.859,377.292653,55.762825,994.6325,4.57,5.032239,321.89772600000003,0.0049027055301892,3,summer,yeongheung_coal,1,50.36268799999999,77376.859
2023-08-11,14535.466397568,13570.891847856,2991.9438,7.411666666666666,6.963333333333334,84.16333333333334,6,23.175,98.75,122.03,0.54,0.01,0.8477705148425881,-0.5303632285175257,182.87037037037035,29202.06451612903,0.0,34.0,1.0,0.0,76578.71677419356,26.49,91.75100655196783,78230.949,253.53279200000003,43.68033,994.9693,2.19,7.294124,207.806516,0.0032998225801207,4,summer,yeongheung_coal,1,38.432152,78230.949
2023-08-12,14840.164613376,13657.062124512,2978.1062712,7.618333333333333,7.096666666666667,83.80333333333333,6,24.28,94.705,95.6125,0.8975,0.01,0.9952060870111632,-0.097800022371823,105.52089136490252,29202.06451612903,0.0,34.0,1.0,0.0,76578.71677419356,26.49,91.75100655196783,78010.422,107.336046,34.651752,1000.29974,9.95,25.307184,47.616187999999994,0.0013996814551359,5,summer,yeongheung_coal,1,34.412673999999996,78010.422
2023-08-13,14186.421001728,13507.65542448,2874.747296592001,7.34,7.055,86.795,6,25.05,96.5825,160.89,0.185,0.0,0.3273828186922561,-0.9448917874683394,522.0675675675676,29202.06451612903,0.0,34.0,1.0,0.0,76578.71677419356,26.49,91.75100655196783,77588.439,80.235258,22.97522,1001.8777,15.53,33.156939,12.534029,0.0010466521635503,6,summer,yeongheung_coal,1,34.544290000000004,77588.439
2023-08-14,14242.406107536,13418.368842672002,2588.423580864,7.253333333333333,6.891666666666667,90.26166666666666,6,25.55,98.505,237.8875,0.56,0.0,-0.8470059680373868,-0.5315833802039425,175.9017857142857,29202.06451612903,0.0,34.0,1.0,0.0,76578.71677419356,26.49,91.75100655196783,78005.963,88.74002899999999,18.861387,1003.21857,22.89,43.235971,4.820220999999999,0.0011574667101296,0,summer,yeongheung_coal,1,40.683837,78005.963
2023-08-15,14117.281599888,13261.782728592,2588.85656928,7.173333333333333,6.8066666666666675,91.67166666666668,6,25.55,96.0425,183.05999999999997,0.9825,0.0,-0.0533816897587601,-0.9985741811195098,97.7531806615776,29202.06451612903,0.0,34.0,1.0,0.0,76578.71677419356,26.49,91.75100655196783,78161.477,89.658725,19.134262,1002.722,17.34,35.269267,6.368131999999999,0.0011694355647452,1,summer,yeongheung_coal,1,48.021326,78161.477
2023-08-16,13493.455649568,13778.524710432,2499.755882544,6.863333333333333,7.086666666666666,89.06,6,23.7625,99.0,213.2325,0.425,0.0,-0.5480377748781022,-0.8364535834740973,232.94117647058823,29202.06451612903,0.0,34.0,1.0,0.0,76578.71677419356,26.49,91.75100655196783,77948.271,78.027157,16.24394,1001.50464,23.22,39.957845,3.604145,0.0010178772668721,2,summer,yeongheung_coal,1,34.465167,77948.271
2023-08-17,14129.692990416,13376.641252608,2493.0418214879996,7.19,6.8549999999999995,86.07833333333332,6,24.34,95.54,242.7525,1.005,0.0,-0.8890371191578931,-0.4578351239905411,95.06467661691543,29202.06451612903,0.0,34.0,1.0,0.0,76578.71677419356,26.49,91.75100655196783,78178.326,94.436676,15.1884165,1002.4108,20.45,45.403785000000006,1.559846,0.0012316785178445,3,summer,yeongheung_coal,1,47.473045,78178.326
2023-08-18,15129.950150304,13708.495236672,2282.524606656,7.733333333333333,7.083333333333333,83.51666666666667,6,25.56,94.1825,213.87,0.9125,0.0,-0.5573104391288479,-0.8303042059618937,103.213698630137,29202.06451612903,0.0,34.0,1.0,0.0,76578.71677419356,26.49,91.75100655196783,78189.805,90.846662,15.778518,1004.3073,18.37,44.150688,2.852768,0.001184911690225,4,summer,yeongheung_coal,1,43.843206,78189.805
2023-08-19,14836.729263984,13862.071048176,2316.182519376,7.626666666666668,7.176666666666667,83.94833333333334,6,24.57,98.3675,236.745,0.48,0.0,-0.836238305052871,-0.5483662071666173,204.93229166666669,29202.06451612903,0.0,34.0,1.0,0.0,76578.71677419356,26.49,91.75100655196783,78032.966,81.61890299999999,16.263872,1007.4543,23.64,45.96435,1.869096,0.0010646823064235,5,summer,yeongheung_coal,1,33.785457,78032.966
2023-08-20,14401.581394464,13708.049791824002,2086.145198784,7.363333333333333,7.086666666666667,83.57000000000001,6,25.185,97.9225,240.4475,0.5525,0.0,-0.8699041239739702,-0.4932208583313153,177.23529411764707,29202.06451612903,0.0,34.0,1.0,0.0,76578.71677419356,26.49,91.75100655196783,78190.022,64.497083,12.313893,1009.12836,9.19,30.459366000000003,0.08256,0.0008415237273344,6,summer,yeongheung_coal,1,33.955157,78190.022
2023-08-21,13222.662601824,13820.915924496,2120.639362272,6.706666666666667,7.136666666666667,85.52166666666666,6,27.4925,93.1225,120.8625,1.355,0.0,0.858400833879271,-0.5129795399383607,68.72509225092251,29202.06451612903,0.0,34.0,1.0,0.0,76578.71677419356,26.49,91.75100655196783,77956.24,91.915146,22.33161,1005.49347,13.34,34.701438,23.81683,0.0011988312043087,0,summer,yeongheung_coal,1,33.396877999999994,77956.24
2023-08-22,15218.83820448,13762.723965984002,2247.189067008,7.816666666666667,7.196666666666666,81.88666666666667,6,13.7,78.536,131.78400000000002,1.12,0.01,0.7456621015924031,-0.666324268092346,70.12142857142857,29202.06451612903,0.0,34.0,1.0,0.0,76578.71677419356,26.49,91.75100655196783,78072.657,139.947335,32.048088,1001.4047,8.29,18.842926,87.04029399999999,0.0018241628243267,1,summer,yeongheung_coal,1,34.064115,78072.657
2023-08-23,15364.498467168,13632.519395087998,2134.373224464,7.821666666666666,7.013333333333333,65.06,6,24.494,96.99,71.76599999999999,0.754,0.01,0.9497865410033332,0.3128985882501289,128.6339522546419,29202.06451612903,0.0,34.0,1.0,0.0,76578.71677419356,26.49,91.75100655196783,78095.166,70.53787700000001,22.406927,1002.21625,5.07,2.53233,32.404483,0.0009202682703308,2,summer,yeongheung_coal,1,35.601064,78095.166
2023-08-24,15818.213652336,13500.624839328,2423.7456619679997,8.073333333333332,6.948333333333333,64.7,6,24.838,96.572,246.878,1.526,0.01,-0.9196707828804016,-0.3926902737732999,63.284403669724774,29202.06451612903,0.0,34.0,1.0,0.0,76578.71677419356,26.49,91.75100655196783,78135.806,74.09442200000001,23.42491,1003.36346,10.72,16.195522,21.770417,0.0009666236742492,3,summer,yeongheung_coal,1,36.128483,78135.806
2023-08-25,15129.633848256002,14836.905334224,5920.918070976,8.118333333333334,8.036666666666667,67.15166666666666,6,10.852,79.284,149.304,0.624,0.0,0.5104828876546118,-0.8598879121209979,127.05769230769232,29202.06451612903,0.0,34.0,1.0,0.0,76578.71677419356,26.49,91.75100655196783,74915.964,103.38682699999998,19.803272,1004.77374,21.73,42.33206,24.628824,0.0013482523580429,4,summer,yeongheung_coal,1,36.425943,74915.964
2023-08-26,10827.854777088,10264.224211344,2175.806556432,5.656666666666666,17.865,112.545,6,10.788,76.13,257.6,0.7060000000000001,0.0,-0.976672278334168,-0.2147353271670632,107.83286118980168,29202.06451612903,0.0,34.0,1.0,0.0,76578.71677419356,26.49,91.75100655196783,58269.416,85.05659,14.182355,1007.1536,19.38,40.958434,7.209390999999999,0.0011094756528084,5,summer,yeongheung_coal,1,36.888765,58269.416
2023-08-27,10958.489562816,11696.609184192,3800.38223304,5.805,16.536666666666665,78.17333333333333,6,13.156,74.81,84.236,1.152,0.0,0.9949440079872022,0.1004311752911526,64.93923611111111,29202.06451612903,0.0,34.0,1.0,0.0,76578.71677419356,26.49,91.75100655196783,59007.518,65.55333,19.586117,1006.40094,7.9,21.009412,7.82437,0.0008552932908211,6,summer,yeongheung_coal,1,36.719548,59007.518
2023-08-28,14493.206439792,13602.220426368,2421.503783424,7.565,7.155,61.965,6,14.056,72.726,140.706,3.2260000000000004,0.01,0.633299832797535,-0.7739065329732101,22.543707377557343,29202.06451612903,0.0,34.0,1.0,0.0,76578.71677419356,26.49,91.75100655196783,77108.286,106.291813,41.241608,1004.25244,3.4,5.537584,76.192123,0.0013860833422107,0,summer,yeongheung_coal,1,24.562106,77108.286
2023-08-29,15275.72631096,13863.358738944,2419.321677264,7.82,7.156666666666666,69.73666666666668,6,22.05,99.26,182.78,0.288,0.01,-0.0485011177128807,-0.9988231282767742,344.6527777777778,29202.06451612903,0.0,34.0,1.0,0.0,76578.71677419356,26.49,91.75100655196783,78220.143,7.433881,43.476612,1002.0567,2.87,3.1754409999999997,0.0,9.706560437367908e-05,1,summer,yeongheung_coal,1,4.258439999999999,78220.143
2023-08-30,14619.615193584,13367.364198912,2273.720235408,7.581666666666667,7.010000000000001,67.445,6,21.204,98.772,240.55,0.486,0.0,-0.8707850851004058,-0.4916638440710067,203.23456790123456,29202.06451612903,0.0,34.0,1.0,0.0,76578.71677419356,26.49,91.75100655196783,78176.114,7.502827,16.75064,1006.5859,6.42,7.502827,0.0,9.796575727421168e-05,2,summer,yeongheung_coal,1,0.0,78176.114
2023-08-31,14847.283091808,12988.698698592,2388.620868768,7.8,6.871666666666666,67.22333333333334,6,21.786,98.478,244.35,0.818,0.0,-0.9014551171122458,-0.4328725815204138,120.38875305623472,29202.06451612903,0.0,34.0,1.0,0.0,76578.71677419356,26.49,91.75100655196783,76388.61,40.146273,16.42247,1008.1486,19.23,30.7847,9.361573,0.0005239737501099,3,summer,yeongheung_coal,1,0.0,76388.61
2023-09-01,12529.499991264,10190.849277312,2531.458273392,6.403333333333333,5.216666666666667,101.76333333333332,6,22.644,96.106,231.788,0.8099999999999999,0.0,-0.785727356789127,-0.6185729712759619,118.6493827160494,18344.7,0.0,34.733333333333334,1.0,0.0,47302.98366666667,23.90833333333333,82.52963476243299,58798.686,53.936293,17.782688,1009.63135,23.11,46.778557,7.157736000000001,0.0011389316080086,4,autumn,yeongheung_coal,1,0.0,58798.686
2023-09-02,12504.536554896,10109.6993772,1689.3839340000002,6.323333333333333,5.116666666666666,72.66666666666667,6,23.857999999999997,95.56,178.726,0.392,0.0,0.0222336624471136,-0.9997528015735628,243.77551020408163,18344.7,0.0,34.733333333333334,1.0,0.0,47302.98366666667,23.90833333333333,82.52963476243299,59037.829,60.591685000000005,17.414476,1009.4611,23.12,45.001118000000005,15.590566999999998,0.0012792886632843,5,autumn,yeongheung_coal,1,0.0,59037.829
2023-09-03,12620.961701855998,10342.656059904,1678.213643904,6.371666666666666,5.234999999999999,72.23833333333333,6,24.692,97.85,221.658,0.24,0.01,-0.664682861600956,-0.7471256209593968,407.7083333333333,18344.7,0.0,34.733333333333334,1.0,0.0,47302.98366666667,23.90833333333333,82.52963476243299,57258.292,29.51918,19.862083,1009.6136,10.99,22.515007,7.004173000000001,0.000623655590232,6,autumn,yeongheung_coal,1,0.0,57258.292
2023-09-04,12626.710120800002,9761.998684464,1497.486203856,6.533333333333334,5.066666666666666,75.31,6,25.6,97.834,259.692,0.93,0.0,-0.9838600628440408,-0.1789395896399672,105.1978494623656,18344.7,0.0,34.733333333333334,1.0,0.0,47302.98366666667,23.90833333333333,82.52963476243299,57210.03,24.149973000000003,14.689589,1009.7681,9.72,17.410876000000002,6.739097,0.0005102775330504,0,autumn,yeongheung_coal,1,0.0,57210.03
2023-09-05,12766.707310896,10131.570262224,1554.818170176,6.538333333333334,5.193333333333333,76.625,6,24.904000000000003,97.702,215.404,0.724,0.0,-0.5793380775863993,-0.8150873522871613,134.9475138121547,18344.7,0.0,34.733333333333334,1.0,0.0,47302.98366666667,23.90833333333333,82.52963476243299,57858.059,55.13537600000001,15.986593,1009.47003,15.51,40.865936000000005,14.26944,0.0011642222519506,1,autumn,yeongheung_coal,1,0.0,57858.059
2023-09-06,10794.2682204,9549.083423664,1299.997794672,6.261666666666667,5.498333333333332,78.135,6,25.786,78.982,88.818,1.376,0.0,0.999787213392784,0.020628328490016,57.39970930232558,18344.7,0.0,34.733333333333334,1.0,0.0,47302.98366666667,23.90833333333333,82.52963476243299,52123.891,68.139661,23.73271,1009.3182,19.84,42.02416,9.815040000000002,0.0014384218953111,2,autumn,yeongheung_coal,1,16.300461,52123.891
2023-09-07,10641.760897824,9248.169016224,1946.473606512,6.091666666666666,5.285,54.61666666666667,6,24.058,72.28999999999999,150.476,1.124,0.0,0.4927880906339608,-0.8701493536912702,64.31494661921707,18344.7,0.0,34.733333333333334,1.0,0.0,47302.98366666667,23.90833333333333,82.52963476243299,52542.818,92.962906,21.42227,1012.09467,22.85,46.573472,10.37376,0.0019614104733085,3,autumn,yeongheung_coal,1,36.015674,52542.818
2023-09-08,11246.096659968,9230.635935216002,1650.7337976,6.5683333333333325,5.411666666666666,12.781666666666666,6,23.386000000000003,94.608,278.882,0.572,0.0,-0.988008420716028,0.1544000019242881,165.3986013986014,18344.7,0.0,34.733333333333334,1.0,0.0,47302.98366666667,23.90833333333333,82.52963476243299,51826.483,94.065891,23.277834,1011.3671,22.55,46.527508000000005,11.232,0.0019846360032506,4,autumn,yeongheung_coal,1,36.306383,51826.483
2023-09-09,11290.729765104,9201.723258096,1375.954813584,6.45,5.233333333333333,3.2816666666666663,6,22.082,94.838,262.504,0.7939999999999999,0.0,-0.9914539714049694,-0.1304569759932909,119.44332493702773,18344.7,0.0,34.733333333333334,1.0,0.0,47302.98366666667,23.90833333333333,82.52963476243299,51961.052,83.44722300000001,13.979872,1008.77124,19.23,40.378241,6.13056,0.0017609940532195,5,autumn,yeongheung_coal,1,36.938422,51961.052
2023-09-10,11021.66218368,9203.861494656,1353.292061328,6.361666666666667,5.273333333333333,3.056666666666666,6,22.144,97.204,269.072,0.4439999999999999,0.0,-0.9998688370433664,-0.0161959473185756,218.92792792792795,18344.7,0.0,34.733333333333334,1.0,0.0,47302.98366666667,23.90833333333333,82.52963476243299,51768.36,76.61130499999999,15.807239,1008.07733,16.87,37.651292,2.8300799999999997,0.0016169683393413,6,autumn,yeongheung_coal,1,36.129932999999994,51768.36
2023-09-11,10379.594775168,9499.882682016,1460.153326464,6.016666666666667,5.403333333333333,3.701666666666666,6,23.812,90.882,232.84,0.442,0.0,-0.7969518136887663,-0.6040428847840076,205.6153846153846,18344.7,0.0,34.733333333333334,1.0,0.0,47302.98366666667,23.90833333333333,82.52963476243299,52239.82,77.416239,18.331741,1007.16034,19.36,38.947024000000006,2.94336,0.0016339296239401,0,autumn,yeongheung_coal,1,35.525855,52239.82
2023-09-12,10969.451148528,9169.740147456,4490.198810784,10.633333333333333,6.228333333333333,118.17166666666668,6,23.526,96.62,220.128,0.252,0.0,-0.6444973639467079,-0.7646065314040581,383.4126984126984,18344.7,0.0,34.733333333333334,1.0,0.0,47302.98366666667,23.90833333333333,82.52963476243299,52358.914,76.327508,13.246826,1008.5809,12.31,36.673066,4.43328,0.0016109881319003,1,autumn,yeongheung_coal,1,35.221162,52358.914
2023-09-13,11329.596504432002,9460.370346768,1473.0270124320002,11.284999999999998,6.246666666666666,206.77999999999997,6,20.79,95.81,70.846,0.906,0.01,0.944640096916714,0.3281083468873983,105.75055187637967,18344.7,0.0,34.733333333333334,1.0,0.0,47302.98366666667,23.90833333333333,82.52963476243299,52306.943,45.811789000000005,21.398056,1009.2989,3.98,6.454299,4.75776,0.0009675386366036,2,autumn,yeongheung_coal,1,34.59973,52306.943
2023-09-14,11105.309699280002,9178.703835263996,1579.327827984,11.756666666666668,6.21,204.02333333333337,6,23.754,80.274,83.726,1.2879999999999998,0.0,0.9940106489653734,0.1092832546341722,62.324534161490696,18344.7,0.0,34.733333333333334,1.0,0.0,47302.98366666667,23.90833333333333,82.52963476243299,51781.027,72.00264100000001,25.849905,1010.0069,11.79,26.648439000000003,11.28768,0.0015198451041736,3,autumn,yeongheung_coal,1,34.066522,51781.027
2023-09-15,10723.51526976,8889.665800464,1420.8200488799998,11.673333333333332,5.8999999999999995,202.37833333333333,6,22.857999999999997,97.256,145.268,0.686,0.0,0.5697386064739283,-0.8218259671567615,141.7725947521866,18344.7,0.0,34.733333333333334,1.0,0.0,47302.98366666667,23.90833333333333,82.52963476243299,51049.957,74.507019,26.576681,1011.24493,3.24,10.989723,32.66304,0.001572624846139,4,autumn,yeongheung_coal,1,30.854256,51049.957
2023-09-16,10918.353223728,9579.69944928,1374.6339264960002,11.375,6.165,203.73166666666668,6,21.318,97.45,208.806,0.4599999999999999,0.01,-0.4818454380809812,-0.8762562261122869,211.84782608695656,18344.7,0.0,34.733333333333334,1.0,0.0,47302.98366666667,23.90833333333333,82.52963476243299,52050.019,40.683415,15.778516,1009.5389,3.96,15.410443,2.9568000000000003,0.0008593211617896,5,autumn,yeongheung_coal,1,22.316172,52050.019
2023-09-17,11206.305719856,9165.756105504,1376.315938368,11.681666666666668,5.901666666666667,204.57833333333335,6,9.874,79.202,202.582,0.124,0.0,-0.3840052686567807,-0.9233309014886448,638.7258064516129,18344.7,0.0,34.733333333333334,1.0,0.0,47302.98366666667,23.90833333333333,82.52963476243299,51528.207,54.107248,17.566378,1008.00995,10.62,31.709496,0.30528,0.0011425374100258,6,autumn,yeongheung_coal,1,22.092472,51528.207
2023-09-18,10548.476702352,8255.963964528,1234.920109392,11.656666666666666,5.68,199.62166666666667,6,9.358,78.268,195.508,0.774,0.0,-0.2673729216662922,-0.9635931302991064,101.12144702842376,18344.7,0.0,34.733333333333334,1.0,0.0,47302.98366666667,23.90833333333333,82.52963476243299,47577.634,62.31604899999999,15.683776,1009.9778,16.8,39.057278999999994,1.1904,0.0013156477289087,0,autumn,yeongheung_coal,1,22.06837,47577.634
2023-09-19,8686.971590112,6985.290303648,4784.585546736001,11.233333333333334,4.83,207.8166666666667,6,23.27,97.396,146.878,0.506,0.0,0.546423581645134,-0.8375089667711645,192.4822134387352,18344.7,0.0,34.733333333333334,1.0,0.0,47302.98366666667,23.90833333333333,82.52963476243299,42790.43,52.552248,19.602652,1011.5651,14.32,25.017799,4.183680000000001,0.0011097382171895,1,autumn,yeongheung_coal,1,23.350769,42790.43
2023-09-20,8147.454635376,6567.579414864,1578.3377686560002,31.19,3.8083333333333336,320.4816666666667,6,20.406,85.306,86.678,1.432,0.01,0.9983196400197684,0.0579473584454023,59.57122905027933,18344.7,0.0,34.733333333333334,1.0,0.0,47302.98366666667,23.90833333333333,82.52963476243299,39195.71,108.572002,48.477177,1008.23724,1.9,2.128509,81.13152000000001,0.0022899902875735,2,autumn,yeongheung_coal,1,25.311973,39195.71
2023-09-21,9070.984040832,6464.935986048,1222.37662608,29.741666666666664,3.818333333333334,249.56166666666664,6,17.568,92.796,216.276,0.326,0.0,-0.5916755404224405,-0.8061761934377701,284.6503067484663,18344.7,0.0,34.733333333333334,1.0,0.0,47302.98366666667,23.90833333333333,82.52963476243299,38321.703,91.113955,44.296093,1008.91583,12.84,20.009205,44.95488,0.0019224747293921,3,autumn,yeongheung_coal,1,26.14987,38321.703
2023-09-22,9359.407430496,6266.582252495999,1114.112256624,30.975,3.465,209.11833333333337,6,20.73,92.184,262.762,0.8,0.0,-0.9920313589727072,-0.1259912013386796,115.23,18344.7,0.0,34.733333333333334,1.0,0.0,47302.98366666667,23.90833333333333,82.52963476243299,38368.912,80.685806,12.964998,1013.52704,20.62,45.978148,8.47872,0.0017028188592811,4,autumn,yeongheung_coal,1,26.228938,38368.912
2023-09-23,9306.126868608,6238.87488432,1154.552223024,30.30666666666667,3.323333333333333,206.75333333333333,6,21.166,76.94,80.67999999999999,1.57,0.0,0.986799245910024,0.1619482888807665,49.00636942675159,18344.7,0.0,34.733333333333334,1.0,0.0,47302.98366666667,23.90833333333333,82.52963476243299,38794.931,65.823545,29.250967,1016.72736,16.6,32.959275,4.8096000000000005,0.0013895968438864,5,autumn,yeongheung_coal,1,28.05467,38794.931
2023-09-24,8592.834451968,5901.859652832,1097.763601248,30.271666666666665,3.331666666666667,213.61833333333337,6,21.49,63.08,116.562,1.7419999999999998,0.0,0.8944510052357493,-0.4471659638576685,36.211251435132034,18344.7,0.0,34.733333333333334,1.0,0.0,47302.98366666667,23.90833333333333,82.52963476243299,36125.5,86.599655,30.376833,1017.7473,18.7,37.991421,19.46304,0.0018273985321243,6,autumn,yeongheung_coal,1,29.145194,36125.5
2023-09-25,9626.841319248,6550.54685424,1165.07930184,19.435,5.976666666666667,203.33,6,20.574,92.054,125.616,1.008,0.0,0.8129381699458129,-0.5823500080236563,91.3234126984127,18344.7,0.0,34.733333333333334,1.0,0.0,47302.98366666667,23.90833333333333,82.52963476243299,38460.73,68.209476,28.220417,1014.1999,5.08,17.335538,22.03392,0.0014398935613585,0,autumn,yeongheung_coal,1,28.840018,38460.73
2023-09-26,6583.020002064,9420.076114128,14810.228140752,25.258333333333336,6.756666666666667,218.40166666666664,6,9.168,79.202,92.188,0.968,0.01,0.9992709344182088,-0.0381785231112978,81.8202479338843,18344.7,0.0,34.733333333333334,1.0,0.0,47302.98366666667,23.90833333333333,82.52963476243299,32002.843,58.842774000000006,27.609911,1009.9951,1.63,4.809397,24.95616,0.0012424093077093,1,autumn,yeongheung_coal,1,29.077217,32002.843
2023-09-27,9353.401017552002,6929.785284480001,1198.732136544,29.011666666666667,3.765,200.66833333333332,6,21.998,92.278,256.908,1.088,0.01,-0.9740076042774172,-0.2265153125282401,84.81433823529412,18344.7,0.0,34.733333333333334,1.0,0.0,47302.98366666667,23.90833333333333,82.52963476243299,38447.557,65.643247,20.724247,1008.72437,5.98,19.454241999999997,10.6752,0.0013857958585044,2,autumn,yeongheung_coal,1,35.513805,38447.557
2023-09-28,9325.609438176,6709.582894896,1210.2431162399998,11.68,3.485,206.36666666666667,6,19.976,72.898,228.444,0.912,0.0,-0.748307728675106,-0.6633517492289471,79.93201754385964,18344.7,0.0,34.733333333333334,1.0,0.0,47302.98366666667,23.90833333333333,82.52963476243299,38591.09,56.993224,23.749088,1011.1015,17.3,0.0,23.2608,0.0012034048101748,3,autumn,yeongheung_coal,1,33.732424,38591.09
2023-09-29,9580.181737248002,6577.944548688,1258.8322986720002,43.50666666666667,3.4466666666666668,230.625,6,19.656,89.474,253.526,0.286,0.0,-0.9589485182182048,-0.283580216882471,312.84615384615387,18344.7,0.0,34.733333333333334,1.0,0.0,47302.98366666667,23.90833333333333,82.52963476243299,38693.754,38.329207,20.150354,1012.2465,12.02,0.0,5.95584,0.0008096354890343,4,autumn,yeongheung_coal,1,32.373367,38693.754
2023-09-30,9064.678792031998,6367.227436799998,1255.8179928960003,23.013333333333332,3.358333333333333,207.28,6,19.36,64.428,250.448,1.764,0.01,-0.9423381494182422,-0.3346622359200432,36.523809523809526,18344.7,0.0,34.733333333333334,1.0,0.0,47302.98366666667,23.90833333333333,82.52963476243299,38018.33,161.085919,31.037344,1008.30695,13.37,0.0,129.02592,0.0033938497142403,5,autumn,yeongheung_coal,1,32.059999,38018.33
2023-10-01,9782.416621728002,7963.760984399999,2983.742712432,37.108333333333334,5.664999999999999,193.96,6,19.454,47.326,232.764,0.9559999999999998,0.0,-0.7961498799929687,-0.6050994699941337,49.50418410041842,20167.74193548387,0.0,8.709677419354838,1.0,0.0,52516.150322580645,20.040000000000003,84.52544293090152,44297.431,169.40103799999997,29.487053,1011.8483,19.28,0.0,136.45975099999998,0.0032153224864368,6,autumn,yeongheung_coal,1,32.941286999999996,44297.431
2023-10-02,12612.287222496,8916.258581711998,1298.46269088,34.641666666666666,5.253333333333333,190.29666666666665,6,15.992,84.812,256.886,0.634,0.0,-0.9739205568420162,-0.2268892878928775,133.77287066246058,20167.74193548387,0.0,8.709677419354838,1.0,0.0,52516.150322580645,20.040000000000003,84.52544293090152,52051.006,49.362657,24.819122,1015.7365,18.98,0.0,16.608427,0.0009390692528611,0,autumn,yeongheung_coal,1,32.75423,52051.006
2023-10-03,12905.801240832,9400.05949824,1415.817145152,29.64,5.601666666666667,191.38333333333333,6,15.669999999999998,96.246,206.824,0.2259999999999999,0.0,-0.4512513865964198,-0.8923968770086594,425.86725663716834,20167.74193548387,0.0,8.709677419354838,1.0,0.0,52516.150322580645,20.040000000000003,84.52544293090152,52203.736,46.327274,19.694992,1015.09283,9.23,0.0,13.184946,0.0008813753863652,1,autumn,yeongheung_coal,1,33.142328,52203.736
2023-10-04,12372.2012772,9194.51169432,1445.002906608,15.588333333333331,5.62,196.19333333333336,6,17.712,36.078,297.37800000000004,3.582,0.0,-0.8879920237167559,0.4598588542318398,10.072026800670018,20167.74193548387,0.0,8.709677419354838,1.0,0.0,52516.150322580645,20.040000000000003,84.52544293090152,52083.325,151.317076,48.689247,1011.88153,16.75,28.256881,109.027557,0.0028730653565483,2,autumn,yeongheung_coal,1,14.032638,52083.325
2023-10-05,12070.438771968,8997.100606368,1441.047305232,18.351666666666667,5.419999999999999,196.6233333333333,6,16.194,48.828,277.492,2.004,0.0,-0.991463076603902,0.1303877591307001,24.365269461077844,20167.74193548387,0.0,8.709677419354838,1.0,0.0,52516.150322580645,20.040000000000003,84.52544293090152,50735.121,316.09657,50.816135,1014.54987,19.0,49.108089,251.68308500000003,0.0059830234107342,3,autumn,yeongheung_coal,1,15.305396,50735.121
2023-10-06,12266.440222464,9189.541299312,1292.597970336,22.006666666666664,5.571666666666666,196.6266666666667,6,18.002000000000002,49.828,283.88,1.142,0.0,-0.9708002778429956,0.2398891838744773,43.6322241681261,20167.74193548387,0.0,8.709677419354838,1.0,0.0,52516.150322580645,20.040000000000003,84.52544293090152,51533.615,115.977513,31.193535,1016.71246,16.18,32.976173,83.00134,0.0022035497664526,4,autumn,yeongheung_coal,1,0.0,51533.615
2023-10-07,12162.6836424,8980.160045472,1367.36405568,27.846666666666668,5.695,196.93333333333337,6,18.048,67.262,105.064,1.87,0.0,0.9656361201019188,-0.2598978329161528,35.96898395721925,20167.74193548387,0.0,8.709677419354838,1.0,0.0,52516.150322580645,20.040000000000003,84.52544293090152,51030.985,32.887514,28.04305,1018.9467,14.54,0.0,32.887514,0.0006258442657366,5,autumn,yeongheung_coal,1,0.0,51030.985
2023-10-08,11906.103212784,9193.89048984,1412.00048088,19.746666666666663,5.483333333333333,195.73166666666668,6,16.958,70.846,82.20599999999999,1.186,0.01,0.990762047140546,0.1356118208191109,59.73524451939292,20167.74193548387,0.0,8.709677419354838,1.0,0.0,52516.150322580645,20.040000000000003,84.52544293090152,51731.667,50.9314,28.091534,1020.2676,4.4,0.0,50.9314,0.0009688839161509,6,autumn,yeongheung_coal,1,0.0,51731.667
2023-10-09,12246.155767296004,9334.377166752,1416.498943824,23.378333333333337,5.573333333333333,196.85,6,13.984,95.398,262.036,0.604,0.01,-0.990355318303052,-0.1385508697513683,157.9437086092715,20167.74193548387,0.0,8.709677419354838,1.0,0.0,52516.150322580645,20.040000000000003,84.52544293090152,52203.483,39.68778,27.026386,1017.4797,10.07,0.0,39.68778,0.0007551545448202,0,autumn,yeongheung_coal,1,0.0,52203.483
2023-10-10,12260.286335088,9219.599500752,1469.9836797120004,14.341666666666669,5.501666666666666,201.15666666666667,6,15.516,97.492,158.12,0.702,0.0,0.3726638839076729,-0.9279663946667728,138.8774928774929,20167.74193548387,0.0,8.709677419354838,1.0,0.0,52516.150322580645,20.040000000000003,84.52544293090152,52119.38,67.128665,29.30409,1018.2939,17.33,38.899326,28.229339,0.0012766161846973,1,autumn,yeongheung_coal,1,0.0,52119.38
2023-10-11,12134.416325040003,9216.934781616,1310.5987623360002,15.97,5.935,201.73166666666668,6,16.328,96.77,175.964,0.6,0.0,0.0703832479118649,-0.9975200240663727,161.28333333333333,20167.74193548387,0.0,8.709677419354838,1.0,0.0,52516.150322580645,20.040000000000003,84.52544293090152,52280.76,53.410912,21.252197,1021.6336,14.26,39.16658,14.244331999999998,0.0010160045232575,2,autumn,yeongheung_coal,1,0.0,52280.76
2023-10-12,11682.398145312,9019.316530512002,1339.729618896,54.17166666666666,6.1433333333333335,198.975,6,17.624000000000002,80.83,210.192,0.696,0.0,-0.5028992661998217,-0.8643450283629107,116.13505747126436,20167.74193548387,0.0,8.709677419354838,1.0,0.0,52516.150322580645,20.040000000000003,84.52544293090152,51767.98,46.329519999999995,14.440443,1022.07227,16.49,40.608059999999995,5.72146,0.0008814180788035,3,autumn,yeongheung_coal,1,0.0,51767.98
2023-10-13,12299.749199135998,9362.210384736,1475.616074688,24.4,6.31,199.23833333333337,6,14.534,90.226,259.106,0.308,0.0,-0.9819785093407004,-0.1889926114773168,292.94155844155847,20167.74193548387,0.0,8.709677419354838,1.0,0.0,52516.150322580645,20.040000000000003,84.52544293090152,51972.71,28.091999,13.854155,1016.1347,10.53,25.378896,2.713103,0.0005346351523744,4,autumn,yeongheung_coal,1,0.0,51972.71
2023-10-14,12238.965263088,9324.454954176,1408.050744912,29.578333333333333,5.816666666666666,195.25333333333333,6,13.413999999999998,98.824,222.42799999999997,0.49,0.01,-0.6746631844089329,-0.738125726149142,201.68163265306123,20167.74193548387,0.0,8.709677419354838,1.0,0.0,52516.150322580645,20.040000000000003,84.52544293090152,50661.377,31.640172,19.513195,1007.77924,11.77,24.026517,7.613655,0.0006021218342807,5,autumn,yeongheung_coal,1,0.0,50661.377
2023-10-15,12658.651579728,9547.158413808002,1541.929328496,27.30666666666667,5.711666666666667,197.5583333333333,6,17.794,75.154,251.598,2.514,0.0,-0.9488649928364594,-0.3156821587759842,29.89419252187749,20167.74193548387,0.0,8.709677419354838,1.0,0.0,52516.150322580645,20.040000000000003,84.52544293090152,51785.233,102.039353,29.5551,1008.1262,15.9,40.292479,61.746874,0.0019392410424822,6,autumn,yeongheung_coal,1,0.0,51785.233
2023-10-16,12269.877695856,9338.990859504,1364.702973408,31.546666666666667,5.671666666666667,196.755,6,12.638,56.108,272.41999999999996,0.8860000000000001,0.0,-0.9991081518684322,0.0422244108312467,63.32731376975168,20167.74193548387,0.0,8.709677419354838,1.0,0.0,52516.150322580645,20.040000000000003,84.52544293090152,51812.69,140.46730100000002,32.353966,1012.72504,17.0,47.537137,92.930164,0.0026676096441313,0,autumn,yeongheung_coal,1,0.0,51812.69
2023-10-17,12399.290758224002,9357.365222928,1506.3797986559998,45.16833333333333,6.043333333333334,198.25833333333335,6,12.028,92.78,236.478,0.5940000000000001,0.0,-0.8336738320120101,-0.5522571337867994,156.19528619528617,20167.74193548387,0.0,8.709677419354838,1.0,0.0,52516.150322580645,20.040000000000003,84.52544293090152,52738.906,59.54737900000001,26.867676,1016.6729,16.7,44.930635,14.616744,0.0011326027347842,1,autumn,yeongheung_coal,1,0.0,52738.906
2023-10-18,13034.22077304,10414.470720528,1512.238734576,19.826666666666664,6.52,206.415,6,17.412,93.902,182.526,1.136,0.0,-0.0440727365608674,-0.9990283248697388,82.66021126760565,20167.74193548387,0.0,8.709677419354838,1.0,0.0,52516.150322580645,20.040000000000003,84.52544293090152,58040.329,87.92141,27.162708,1016.6184,12.9,32.312278,55.609131999999995,0.0016713803153291,2,autumn,yeongheung_coal,1,0.0,58040.329
2023-10-19,13389.40336536,10423.440282528,1629.947183328,19.955,5.855,204.855,6,16.606,53.06,310.452,2.028,0.01,-0.7609497790199721,0.6488107842888061,26.16370808678501,20167.74193548387,0.0,8.709677419354838,1.0,0.0,52516.150322580645,20.040000000000003,84.52544293090152,58870.865,142.04277100000004,32.26572,1012.9853,4.99,5.009327,137.03344400000003,0.0026974486334457,3,autumn,yeongheung_coal,1,0.0,58870.865
2023-10-20,12780.134428896,9752.036835024,1641.69701352,20.063333333333333,5.428333333333334,199.43000000000004,6,11.912,43.868,294.36,2.154,0.0,-0.9109718401528738,0.4124685520721391,20.36583101207057,20167.74193548387,0.0,8.709677419354838,1.0,0.0,52516.150322580645,20.040000000000003,84.52544293090152,55491.289,463.225865,43.635803,1014.66016,14.72,40.452402,422.773463,0.0087435130107966,4,autumn,yeongheung_coal,1,0.0,55491.289
2023-10-21,12658.649596416,9386.984991024,1414.394216064,28.99,5.34,198.91833333333332,6,10.904,48.592,210.552,1.068,0.0,-0.508320143647977,-0.8611681784423412,45.49812734082396,20167.74193548387,0.0,8.709677419354838,1.0,0.0,52516.150322580645,20.040000000000003,84.52544293090152,54872.168,280.56725300000005,43.952446,1017.9004,15.04,43.056276,237.51097700000005,0.0053141040936561,5,autumn,yeongheung_coal,1,0.0,54872.168
2023-10-22,12766.169060496,9318.199115952,1487.513543616,21.605,5.376666666666666,200.33,6,15.964,86.662,231.952,0.436,0.0,-0.7874947017874516,-0.6163214215461708,198.7660550458716,20167.74193548387,0.0,8.709677419354838,1.0,0.0,52516.150322580645,20.040000000000003,84.52544293090152,55572.04,77.69151399999998,25.14852,1020.22235,13.63,35.598392999999994,42.093121,0.0014771979244528,6,autumn,yeongheung_coal,1,0.0,55572.04
2023-10-23,12909.623668848,9294.865281215998,6050.401805952,21.545,6.886666666666667,154.50833333333333,6,16.342,81.664,203.39,0.662,0.0,-0.3969877061872498,-0.917823927088516,123.3595166163142,20167.74193548387,0.0,8.709677419354838,1.0,0.0,52516.150322580645,20.040000000000003,84.52544293090152,53592.994,61.761268,22.065973,1019.9358,13.65,37.971452,23.789816,0.0011746618709569,0,autumn,yeongheung_coal,1,0.0,53592.994
2023-10-24,11941.187959584,9378.314126784002,1613.271201552,11.596666666666666,5.8133333333333335,211.56333333333336,6,13.812,97.318,233.076,0.248,0.0,-0.7994330849023977,-0.6007551437677715,392.4112903225806,20167.74193548387,0.0,8.709677419354838,1.0,0.0,52516.150322580645,20.040000000000003,84.52544293090152,52857.729,60.76847099999999,25.1614,1017.3631,9.28,20.426437999999997,40.342032999999994,0.0011558012982575,1,autumn,yeongheung_coal,1,0.0,52857.729
2023-10-25,12561.911888832,9483.0845508,1455.8417591040002,15.79,7.603333333333334,215.97666666666663,6,15.833999999999998,98.56,154.01399999999998,0.3259999999999999,0.0,0.4381515168891121,-0.8989011337448464,302.33128834355836,20167.74193548387,0.0,8.709677419354838,1.0,0.0,52516.150322580645,20.040000000000003,84.52544293090152,52633.546,41.967057,17.709658,1015.37994,11.6,33.04535,8.921707,0.0007984885892489,2,autumn,yeongheung_coal,1,0.0,52633.546
2023-10-26,12156.772397472,9385.888969152,1615.7404565280003,16.396666666666665,6.3549999999999995,218.10333333333332,6,16.696,67.728,250.37600000000003,2.502,0.0,-0.9419168565199244,-0.3358461484126683,27.069544364508392,20167.74193548387,0.0,8.709677419354838,1.0,0.0,52516.150322580645,20.040000000000003,84.52544293090152,52724.671,145.517062,31.712708,1012.3387,9.31,24.57103,120.946032,0.002763244485544,3,autumn,yeongheung_coal,1,0.0,52724.671
2023-10-27,11834.613239616,9377.109674928002,1478.3523710400002,22.176666666666662,5.841666666666666,210.335,6,12.716,81.532,252.05,0.5820000000000001,0.0,-0.9513258223252944,-0.3081869234362518,140.08934707903776,20167.74193548387,0.0,8.709677419354838,1.0,0.0,52516.150322580645,20.040000000000003,84.52544293090152,53119.188,156.375896,33.348125,1012.1955,14.49,35.328692000000004,121.047204,0.002968832277971,4,autumn,yeongheung_coal,1,0.0,53119.188
2023-10-28,10919.800944576002,9378.463424112,1297.674860112,15.633333333333333,6.2250000000000005,210.355,6,11.836,97.846,224.37,0.6519999999999999,0.0,-0.699289147601868,-0.7148389245461196,150.07055214723928,20167.74193548387,0.0,8.709677419354838,1.0,0.0,52516.150322580645,20.040000000000003,84.52544293090152,51906.091,44.01290899999999,23.441502,1015.8636,13.68,37.015981,6.996928,0.0008373815128023,5,autumn,yeongheung_coal,1,0.0,51906.091
2023-10-29,11844.010412064,8786.506399488,1358.413731648,28.478333333333335,6.176666666666667,211.26666666666665,6,12.284,92.076,219.348,0.444,0.0,-0.6340289411442933,-0.7733093183141182,207.37837837837836,20167.74193548387,0.0,8.709677419354838,1.0,0.0,52516.150322580645,20.040000000000003,84.52544293090152,51505.284,60.24525800000001,19.201874,1018.8047,14.34,39.776622,20.468636,0.0011458613192238,6,autumn,yeongheung_coal,1,0.0,51505.284
2023-10-30,12059.319811824002,8926.803907200001,1486.686341952,27.98166666666667,6.388333333333333,224.545,6,13.144,98.9,220.812,0.436,0.0,-0.6535791343315381,-0.7568581869587176,226.83486238532112,20167.74193548387,0.0,8.709677419354838,1.0,0.0,52516.150322580645,20.040000000000003,84.52544293090152,52077.02,35.019074999999994,13.276144,1019.7243,13.67,34.139714999999995,0.87936,0.0006663805087772,0,autumn,yeongheung_coal,1,0.0,52077.02
2023-10-31,11589.33091032,8827.375751279998,1521.1294670880002,15.563333333333333,5.760000000000001,220.20833333333337,6,17.59,93.844,160.212,1.45,0.0,0.3385408552099348,-0.940951693421998,64.72,20167.74193548387,0.0,8.709677419354838,1.0,0.0,52516.150322580645,20.040000000000003,84.52544293090152,51728.04,63.50487,29.144438,1018.9766,7.87,18.926705,44.578165,0.0012077840709948,1,autumn,yeongheung_coal,1,0.0,51728.04
2023-11-01,12087.005247648,8900.77503024,1614.654757872,25.221666666666664,5.9366666666666665,228.65,6,19.204,93.596,128.878,1.392,0.0,0.7784842116546347,-0.6276641874477642,67.23850574712644,24824.666666666668,0.0,73.36666666666666,1.0,0.0,64520.44733333333,26.608333333333334,78.84184475720365,52205.196,191.13227000000003,33.1845,1014.483,11.19,9.614876,181.517394,0.0029536022945444,2,autumn,yeongheung_coal,1,0.0,52205.196
2023-11-02,12545.115284592,9413.777022768,1991.80435464,79.25333333333333,7.391666666666667,214.97333333333336,6,19.24,90.114,201.83,2.2960000000000003,0.0,-0.3718539386638369,-0.92829125187098,39.248257839721255,24824.666666666668,0.0,73.36666666666666,1.0,0.0,64520.44733333333,26.608333333333334,78.84184475720365,53295.794,251.730503,33.81126,1013.3581,13.11,36.403662,215.326841,0.0038863986268313,3,autumn,yeongheung_coal,1,0.0,53295.794
2023-11-03,11754.064755072,12766.724199216,1756.4704819200003,104.0,15.12,207.59833333333333,6,16.814,88.322,218.556,0.506,0.0,-0.6232792481669391,-0.7819993470613995,174.5494071146245,24824.666666666668,0.0,73.36666666666666,1.0,0.0,64520.44733333333,26.608333333333334,78.84184475720365,53800.827,234.214639,36.64404,1012.18634,9.3,14.399543,219.815096,0.003616954082782,4,autumn,yeongheung_coal,1,0.0,53800.827
2023-11-04,13690.388918016,13721.333931216,1659.508409376,29.785,9.041666666666666,205.79833333333332,6,17.928,84.47200000000001,112.884,1.4579999999999995,0.0,0.9212940335523944,-0.3888666914776313,57.93689986282581,24824.666666666668,0.0,73.36666666666666,1.0,0.0,64520.44733333333,26.608333333333334,78.84184475720365,68857.893,25.060267000000003,24.033876,1017.42377,7.74,13.363354,11.696913,0.0003882573386078,5,autumn,yeongheung_coal,1,0.0,68857.893
2023-11-05,15812.127847727998,11676.353176512,1837.411245216,33.58,7.065,209.49,6,18.598000000000003,97.192,143.446,3.848,0.99,0.5955801397016044,-0.8032958964124101,25.257796257796254,24824.666666666668,0.0,73.36666666666666,1.0,0.0,64520.44733333333,26.608333333333334,78.84184475720365,69452.66,218.571451,49.036705,1013.89087,3.07,3.191214,215.380237,0.0033761934472336,6,autumn,yeongheung_coal,1,0.0,69452.66
2023-11-06,14746.125050064,12358.103636592,1866.93291432,46.83833333333334,7.213333333333334,208.33166666666668,6,11.732,81.58399999999999,287.402,3.154,0.5,-0.9542298894420772,0.2990741013450696,25.866835764109062,24824.666666666668,0.0,73.36666666666666,1.0,0.0,64520.44733333333,26.608333333333334,78.84184475720365,71038.181,371.040773,60.14694,1002.98334,8.84,17.782196,353.258577,0.0057178650671718,0,autumn,yeongheung_coal,1,0.0,71038.181
2023-11-07,13695.57975528,12036.18098952,1714.264096752,45.70333333333334,7.231666666666667,199.56166666666664,6,4.276000000000001,83.142,204.804,0.5900000000000001,0.0,-0.4195154562474496,-0.9077481930411616,140.91864406779658,24824.666666666668,0.0,73.36666666666666,1.0,0.0,64520.44733333333,26.608333333333334,78.84184475720365,70262.326,80.361628,62.030827,1018.2469,13.01,35.329294999999995,45.032333,0.0012439724717394,1,autumn,yeongheung_coal,1,0.0,70262.326
2023-11-08,14426.887844448,11670.457715424,1700.728609536,25.1,8.828333333333333,198.32,6,7.702,70.126,230.744,0.5940000000000001,0.0,-0.7743263830891537,-0.6327864193012277,118.05723905723904,24824.666666666668,0.0,73.36666666666666,1.0,0.0,64520.44733333333,26.608333333333334,78.84184475720365,71473.998,43.360509,22.380884,1020.3803,12.7,29.842778,13.517731,0.0006715915688536,2,autumn,yeongheung_coal,1,0.0,71473.998
2023-11-09,10715.8066524,13591.260939744,1725.222945456,17.018333333333334,9.588333333333331,209.23166666666668,6,10.01,67.936,268.06,2.476,0.0,-0.999426825702612,-0.0338529181312496,27.437802907916,24824.666666666668,0.0,73.36666666666666,1.0,0.0,64520.44733333333,26.608333333333334,78.84184475720365,72762.085,127.797106,40.571537,1016.9663,7.48,15.640333,112.156773,0.0019768070596244,3,autumn,yeongheung_coal,1,0.0,72762.085
2023-11-10,12728.896414704,12014.72411688,1686.8675903039998,22.34,7.4,197.16166666666663,6,1.99,55.086,238.256,1.886,0.0,-0.8504073253261096,-0.5261248720899747,29.207847295864266,24824.666666666668,0.0,73.36666666666666,1.0,0.0,64520.44733333333,26.608333333333334,78.84184475720365,69883.189,294.11641,47.27528,1023.7316,13.14,41.642154999999995,252.474255,0.0045378136180119,4,autumn,yeongheung_coal,1,0.0,69883.189
2023-11-11,15088.847551056,11605.97451384,1528.25485248,27.346666666666664,7.231666666666667,191.86166666666668,6,2.816,56.922,280.7,2.158,0.0,-0.9826127965436152,0.1856666153855769,26.37720111214087,24824.666666666668,0.0,73.36666666666666,1.0,0.0,64520.44733333333,26.608333333333334,78.84184475720365,68822.047,106.998423,41.90406,1026.9415,9.91,26.851373,80.14705000000001,0.0016556189363172,5,autumn,yeongheung_coal,1,0.0,68822.047
2023-11-12,13944.193966944,10633.754339856,1447.391358144,27.77,6.933333333333334,192.31333333333336,6,2.416,57.65599999999999,299.338,1.7060000000000002,0.0,-0.8717445099252221,0.4899607223188755,33.7960140679953,24824.666666666668,0.0,73.36666666666666,1.0,0.0,64520.44733333333,26.608333333333334,78.84184475720365,66290.719,107.982256,33.043606,1025.1442,9.72,23.046469,84.93578699999999,0.0016708166465771,6,autumn,yeongheung_coal,1,0.0,66290.719
2023-11-13,12092.9006808,10987.10200872,1468.42011432,20.735,7.420000000000001,191.645,6,4.986,71.928,261.49,1.918,0.0,-0.9889900506895783,-0.1479820247091692,37.50156412930136,24824.666666666668,0.0,73.36666666666666,1.0,0.0,64520.44733333333,26.608333333333334,78.84184475720365,63637.18,117.12671600000002,36.869694,1025.8568,12.76,40.527335,76.59938100000001,0.0018120530933077,0,autumn,yeongheung_coal,1,0.0,63637.18
2023-11-14,14179.70229552,11140.551765936,1435.368945024,43.428333333333335,7.506666666666667,195.29333333333332,6,7.444,84.88000000000001,153.464,0.376,0.0,0.4467600288400662,-0.8946538306131725,225.74468085106383,24824.666666666668,0.0,73.36666666666666,1.0,0.0,64520.44733333333,26.608333333333334,78.84184475720365,67731.535,41.466386,25.455843,1024.163,9.75,26.422129,15.044256999999998,0.0006422731857092,1,autumn,yeongheung_coal,1,0.0,67731.535
2023-11-15,14921.019233424,11509.68474576,1572.716362464,19.316666666666663,7.97,198.82,6,10.586,69.94200000000001,127.982,1.4,0.0,0.7882041304735669,-0.6154138840686065,49.95857142857144,24824.666666666668,0.0,73.36666666666666,1.0,0.0,64520.44733333333,26.608333333333334,78.84184475720365,67751.56,17.966262,18.416384,1024.9677,8.21,16.729364,1.2368979999999998,0.0002783809052489,2,autumn,yeongheung_coal,1,0.0,67751.56
2023-11-16,14812.67242584,11395.72894464,1719.20967192,41.62166666666666,7.544999999999999,203.3,6,7.534000000000001,89.53999999999999,266.65,2.55,0.01,-0.9982912023899856,-0.0584352225182465,35.113725490196074,24824.666666666668,0.0,73.36666666666666,1.0,0.0,64520.44733333333,26.608333333333334,78.84184475720365,67722.939,83.179337,41.89014,1016.96954,2.94,1.512364,81.666973,0.0012875335532547,3,autumn,yeongheung_coal,1,0.0,67722.939
2023-11-17,14360.688213552,11567.925783792,1636.4029841279998,12.498333333333331,7.301666666666667,197.18,6,0.204,57.028,311.802,2.794,0.0,-0.7454527328563423,0.6665584918647506,20.410880458124552,24824.666666666668,0.0,73.36666666666666,1.0,0.0,64520.44733333333,26.608333333333334,78.84184475720365,69123.672,250.711378,47.131138,1011.5091,5.05,11.648003,239.063375,0.0038707255356871,4,autumn,yeongheung_coal,1,0.0,69123.672
2023-11-18,17555.683087584,13058.003246544,1985.812932384,12.835,7.298333333333333,194.65833333333333,6,4.986,77.11,278.318,0.792,0.0,-0.9894803894005192,0.1446670625671137,97.3611111111111,24824.666666666668,0.0,73.36666666666666,1.0,0.0,64520.44733333333,26.608333333333334,78.84184475720365,77904.686,336.31774500000006,55.122337,1015.51056,10.74,29.665769,306.65197600000005,0.0051855460967533,5,autumn,yeongheung_coal,1,0.0,77904.686
2023-11-19,17232.322600368,12651.563239776002,1865.570394384,131.37833333333333,7.715,202.64666666666668,6,7.108,61.458000000000006,240.886,1.072,0.0,-0.873653362801154,-0.4865488687338973,57.33022388059702,24824.666666666668,0.0,73.36666666666666,1.0,0.0,64520.44733333333,26.608333333333334,78.84184475720365,72897.233,252.02466,38.89666,1014.56085,8.79,26.12307,225.90158999999997,0.0038909223663092,6,autumn,yeongheung_coal,1,0.0,72897.233
2023-11-20,15776.048701584,11754.85088304,1995.77140488,51.63833333333333,7.0,195.34666666666664,6,3.95,78.306,213.798,0.5640000000000001,0.0,-0.5562666083313526,-0.8310038871482693,138.8404255319149,24824.666666666668,0.0,73.36666666666666,1.0,0.0,64520.44733333333,26.608333333333334,78.84184475720365,75128.124,79.70797900000001,35.06999,1020.9598,11.91,38.999838,40.708141000000005,0.0012338666774812,0,autumn,yeongheung_coal,1,0.0,75128.124
2023-11-21,13075.03724328,8188.130839968,40957.304988384,14.711666666666666,6.986666666666667,266.79333333333335,6,6.459999999999999,97.792,233.34,0.642,0.0,-0.8021926698823054,-0.5970652563891978,152.3239875389408,24824.666666666668,0.0,73.36666666666666,1.0,0.0,64520.44733333333,26.608333333333334,78.84184475720365,62075.502,42.847337,16.363178,1019.4319,11.52,35.763441,2.040592,0.0006636485516853,1,autumn,yeongheung_coal,1,5.043304,62075.502
2023-11-22,11964.196991808,9580.7354076,1842.228947088,17.451666666666668,8.071666666666667,283.11833333333334,6,13.132,89.476,152.858,1.652,0.0,0.4561973448509837,-0.889878633607366,54.162227602905574,24824.666666666668,0.0,73.36666666666666,1.0,0.0,64520.44733333333,26.608333333333334,78.84184475720365,58308.142,143.17591,30.735231,1013.9516,7.74,17.620292000000003,74.897443,0.0022141646696972,2,autumn,yeongheung_coal,1,50.658175,58308.142
2023-11-23,11070.238312367996,9087.17740128,1700.286706224,14.111666666666666,5.914999999999999,222.96166666666667,6,3.722,70.524,278.33000000000004,3.912,0.0,-0.9894500687002752,0.1448742956808436,18.02760736196319,24824.666666666668,0.0,73.36666666666666,1.0,0.0,64520.44733333333,26.608333333333334,78.84184475720365,58602.496,363.214888,49.195023,1010.99445,10.47,22.193494,273.986104,0.0055979406150193,3,autumn,yeongheung_coal,1,67.03528999999999,58602.496
2023-11-24,11964.353970384,8935.884794592,1433.516361408,17.613333333333333,5.2250000000000005,217.0633333333333,6,-1.976,59.388,265.128,1.752,0.0,-0.9963869197989056,-0.0849300067917634,33.8972602739726,24824.666666666668,0.0,73.36666666666666,1.0,0.0,64520.44733333333,26.608333333333334,78.84184475720365,58106.518,523.0591539999999,49.670868,1025.6622,9.41,30.385052,421.889963,0.0080416813644858,4,autumn,yeongheung_coal,1,70.784139,58106.518
2023-11-25,11318.188375584,9095.372088624,1271.429947296,19.996666666666663,5.366666666666667,219.79,6,1.12,48.162,184.04,0.418,0.0,-0.0704528877753872,-0.9975151079578236,115.22009569377992,24824.666666666668,0.0,73.36666666666666,1.0,0.0,64520.44733333333,26.608333333333334,78.84184475720365,56921.279,146.96752800000002,34.862427,1030.7477,11.57,39.749278,41.546350999999994,0.0022726674371496,5,autumn,yeongheung_coal,1,65.67189900000001,56921.279
2023-11-26,11352.117234528,8570.105515296,1429.65871128,39.461666666666666,5.640000000000001,234.52333333333337,6,7.236,63.188,144.752,1.84,0.0,0.5771166835177298,-0.8166617008318049,34.34130434782609,24824.666666666668,0.0,73.36666666666666,1.0,0.0,64520.44733333333,26.608333333333334,78.84184475720365,57334.557,86.413834,20.966715,1023.309,2.82,13.450781,9.812082,0.0013375333894675,6,autumn,yeongheung_coal,1,63.150971,57334.557
2023-11-27,12640.679991648,9190.869961968,1615.75568568,12.053333333333333,5.95,232.02166666666668,6,7.108,61.346,291.898,3.658,0.0,-0.9278492730633984,0.372955394753479,16.770366320393656,24824.666666666668,0.0,73.36666666666666,1.0,0.0,64520.44733333333,26.608333333333334,78.84184475720365,57272.351,259.531698,42.84454,1011.58,5.17,9.08324,189.503604,0.0040063566225371,0,autumn,yeongheung_coal,1,60.944854,57272.351
2023-11-28,11129.541938784,9089.632249056,1632.119425056,11.409999999999998,5.28,218.21166666666667,6,1.27,65.16,223.17200000000005,1.734,0.0,-0.6841907829256978,-0.7293030731866695,37.57785467128028,24824.666666666668,0.0,73.36666666666666,1.0,0.0,64520.44733333333,26.608333333333334,78.84184475720365,56746.777,303.07199399999996,43.588253,1018.47955,7.65,21.743848,217.562492,0.0046753400177118,1,autumn,yeongheung_coal,1,63.765654000000005,56746.777
2023-11-29,12316.700763216,9428.45786424,2676.0779778240003,15.568333333333332,5.781666666666666,215.09833333333336,6,-1.626,58.694,304.204,3.218,0.0,-0.8270413314365916,0.5621411175991219,18.23927905531386,24824.666666666668,0.0,73.36666666666666,1.0,0.0,64520.44733333333,26.608333333333334,78.84184475720365,58435.186,238.980938,47.481804,1022.252,4.95,11.686266,165.51674,0.0036902879531101,2,autumn,yeongheung_coal,1,61.777932,58435.186
2023-11-30,11435.381876016,15517.372664592,23580.951751872,21.55333333333333,11.39,203.63166666666663,6,-2.136,69.724,295.43,2.1279999999999997,0.0,-0.9031105791356552,0.4294080598373319,32.76503759398497,24824.666666666668,0.0,73.36666666666666,1.0,0.0,64520.44733333333,26.608333333333334,78.84184475720365,61768.767,318.3941,46.24424,1026.5919,10.11,37.639375,214.50623,0.0049105457926383,3,autumn,yeongheung_coal,1,66.24849499999999,61768.767
2023-12-01,13360.482823104,11205.466411103998,2165.751775152,21.115,7.153333333333333,186.65833333333333,6,2.192,66.10799999999999,289.038,1.214,0.0,-0.9453024426867556,0.3261951744745056,54.45469522240526,29678.25806451613,0.0,34.806451612903224,1.0,0.0,76744.99516129032,26.77333333333333,91.89155992490169,66165.328,178.572151,30.7542,1023.9622,9.71,40.716123,70.547866,0.0023214231637885,4,winter,yeongheung_coal,1,67.308162,66165.328
2023-12-02,15249.703957056,12262.722992496,2554.961485968,17.101666666666667,7.425,191.14333333333332,6,-0.3580000000000002,43.67999999999999,311.726,2.8400000000000003,0.0,-0.746336233462076,0.6655690998098105,15.38028169014084,29678.25806451613,0.0,34.806451612903224,1.0,0.0,76744.99516129032,26.77333333333333,91.89155992490169,74393.879,251.856603,39.555794,1022.25446,8.43,25.329153,162.121562,0.0032709987126617,5,winter,yeongheung_coal,1,64.405888,74393.879
2023-12-03,16849.8369468,12731.144879232,2526.6329503200004,42.34166666666667,7.1066666666666665,188.93,6,-0.778,77.498,225.46999999999997,0.6,0.0,-0.7128833561675293,-0.7012826252655342,129.16333333333336,29678.25806451613,0.0,34.806451612903224,1.0,0.0,76744.99516129032,26.77333333333333,91.89155992490169,76532.246,145.171503,35.931534,1024.2155,10.81,39.434727,38.184671,0.0018880373043517,6,winter,yeongheung_coal,1,67.552105,76532.246
2023-12-04,17961.27422328,13450.468938048,2727.776339424,20.675,8.081666666666667,197.51833333333337,6,5.968,74.072,135.666,1.822,0.0,0.6988398630545097,-0.7152781597434344,40.654226125137214,29678.25806451613,0.0,34.806451612903224,1.0,0.0,76744.99516129032,26.77333333333333,91.89155992490169,79232.828,62.836098,21.599998,1019.54736,8.3,19.531707,4.3392,0.0008180949386251,0,winter,yeongheung_coal,1,38.965191,79232.828
2023-12-05,13081.715735904,9816.698320848,2215.21852152,15.268333333333333,8.146666666666667,200.5716666666667,6,-3.28,64.878,137.884,0.7619999999999999,0.0,0.6706337915578064,-0.7417885936173464,85.14173228346458,29678.25806451613,0.0,34.806451612903224,1.0,0.0,76744.99516129032,26.77333333333333,91.89155992490169,76806.722,116.47496,25.20257,1014.8508,8.49,17.379308,38.752462,0.0015153881368154,1,winter,yeongheung_coal,1,60.34319,76806.722
2023-12-06,11928.77634816,9733.970281536,2176.143204528,65.17,8.38,208.68,6,0.048,73.158,292.846,4.642,0.0,-0.9215517370662876,0.3882555806554593,15.760017233950885,29678.25806451613,0.0,34.806451612903224,1.0,0.0,76744.99516129032,26.77333333333333,91.89155992490169,77411.944,210.82292,47.247856,1007.7258,4.73,4.2844,160.781428,0.002739531919176,2,winter,yeongheung_coal,1,45.757092,77411.944
2023-12-07,11992.08822912,9514.47480336,2013.667355376,25.781666666666663,7.138333333333333,205.09,6,8.692083358764648,64.125,,8.836295833333333,0.0,-0.95281446,-0.30355328,7.257000128730412,29678.25806451613,0.0,34.806451612903224,1.0,0.0,76744.99516129032,26.77333333333333,91.89155992490169,73733.193,313.156485,11.759676388888888,1011.66595,10.17,30.942998,214.302692,0.004063898215953,3,winter,yeongheung_coal,1,67.910795,73733.193
2023-12-08,12028.353752736,9987.334519968,2115.625015872,22.59,7.388333333333333,209.635,6,11.921252250671388,84.79166412353516,,9.761755555555554,0.0,-0.14731984,-0.9890889,8.686108112518655,29678.25806451613,0.0,34.806451612903224,1.0,0.0,76744.99516129032,26.77333333333333,91.89155992490169,77065.885709,408.805912,11.227198611111112,1009.65094,9.33,29.846659,317.014032,0.0052985842085947,4,winter,yeongheung_coal,1,61.945221,77065.885709
2023-12-09,11977.434879551998,10011.063533759998,2080.46819232,22.633333333333336,7.471666666666667,253.65666666666667,6,11.585834503173828,91.625,,4.653435277777778,0.0,-0.9533255,-0.3019445,19.68975488657812,29678.25806451613,0.0,34.806451612903224,1.0,0.0,76744.99516129032,26.77333333333333,91.89155992490169,78152.55,163.387425,7.080253888888889,1014.1263,8.37,9.833547,86.98670999999999,0.0021244423495277,5,winter,yeongheung_coal,1,66.56716800000001,78152.55
2023-12-10,11473.501907664,10059.168253535998,2032.369469712,25.373333333333335,7.421666666666667,203.44000000000003,6,9.031665802001951,61.54166793823242,,5.812225833333333,0.0,0.38125032,0.92447186,10.58831327325388,29678.25806451613,0.0,34.806451612903224,1.0,0.0,76744.99516129032,26.77333333333333,91.89155992490169,77719.46,153.342893,6.870953333333333,1020.65155,9.44,25.84433,60.719753,0.0019940989217704,6,winter,yeongheung_coal,1,66.77881,77719.46
2023-12-11,12501.186459696002,10094.927446512002,1949.007677904,30.471666666666664,7.415,206.38166666666663,6,9.727499961853027,86.91666412353516,,8.285370277777778,14.30000114440918,0.9325844,0.36095202,10.490377763399986,29678.25806451613,0.0,34.806451612903224,1.0,0.0,76744.99516129032,26.77333333333333,91.89155992490169,77858.12,312.248682,11.510863888888888,1014.99634,1.66,2.462799,251.077515,0.0040521652011719,0,winter,yeongheung_coal,1,58.708368,77858.12
2023-12-12,12864.841600176,9791.763513984,1843.5831147359995,25.31833333333333,7.683333333333334,199.14833333333337,6,6.435832977294922,72.375,,6.279254444444444,0.1000000014901161,0.6706108,0.74180937,11.526049890211668,29678.25806451613,0.0,34.806451612903224,1.0,0.0,76744.99516129032,26.77333333333333,91.89155992490169,78262.348,167.765956,11.12879,1018.71313,4.73,15.581108,98.878294,0.0021812499455605,1,winter,yeongheung_coal,1,53.306554,78262.348
2023-12-13,12715.89527592,9764.078269824002,1813.425981408,23.901666666666667,9.878333333333334,200.225,6,6.8545823097229,84.79166412353516,,3.467347777777778,0.0,0.99959576,0.028431118,24.45432923312876,29678.25806451613,0.0,34.806451612903224,1.0,0.0,76744.99516129032,26.77333333333333,91.89155992490169,77751.432,97.517277,5.503635277777778,1025.2358,8.97,13.166994,8.023133,0.0012690537295785,2,winter,yeongheung_coal,1,76.32715,77751.432
2023-12-14,19245.84938784,13526.319121056,2460.484183536,47.035,8.546666666666667,207.7516666666667,6,-1.1420000000000006,78.41,109.136,1.998,0.0,0.9447431285761146,-0.3278115632619064,39.24424424424424,29678.25806451613,0.0,34.806451612903224,1.0,0.0,76744.99516129032,26.77333333333333,91.89155992490169,78725.5,214.273256,35.864742,1020.4771,0.6,2.283728,136.73984099999998,0.0027842423714082,3,winter,yeongheung_coal,1,75.24968700000001,78725.5
2023-12-15,18909.580001328,13390.14449232,2423.039044896,48.28,7.73,205.75833333333333,6,-3.6959999999999993,75.40599999999999,303.158,1.024,0.0,-0.8371654734141477,0.5469496961542861,73.63867187499999,29678.25806451613,0.0,34.806451612903224,1.0,0.0,76744.99516129032,26.77333333333333,91.89155992490169,77450.962,231.197792,35.9946,1009.9981,1.62,1.979558,152.821219,0.003003497355868,4,winter,yeongheung_coal,1,76.397015,77450.962
2023-12-16,17142.322245552,12996.502017984,2340.75501576,23.30333333333333,7.313333333333333,189.43499999999997,6,-1.0912500619888306,80.20833587646484,,14.091625,2.5,-0.87016827,0.49275467,5.691915295536522,29678.25806451613,0.0,34.806451612903224,1.0,0.0,76744.99516129032,26.77333333333333,91.89155992490169,78045.728,485.254225,17.90753888888889,1018.5843,2.87,2.593849,400.656159,0.0062832145287121,5,winter,yeongheung_coal,1,82.00421700000001,78045.728
2023-12-17,17318.796833952,12779.781664032,2226.9176292959996,31.34166666666667,7.123333333333334,168.01666666666668,6,-6.50166654586792,77.29166412353516,,9.567596666666669,0.3000000119209289,-0.36964518,0.929173,8.07848269699933,29678.25806451613,0.0,34.806451612903224,1.0,0.0,76744.99516129032,26.77333333333333,91.89155992490169,77193.344,284.979213,12.781627777777778,1030.7474,8.25,18.219244999999997,182.087375,0.0036995885733426,6,winter,yeongheung_coal,1,84.67259299999999,77193.344
2023-12-18,17500.279326336,13083.901465536,2345.57705592,30.388333333333335,7.598333333333334,175.13,6,-4.562083721160889,65.08333587646484,,5.329808611111111,0.0,0.22969347,0.973263,12.2111956779808,29678.25806451613,0.0,34.806451612903224,1.0,0.0,76744.99516129032,26.77333333333333,91.89155992490169,77756.884,115.315944,7.602630555555555,1032.7682,8.05,17.188624,18.506966,0.0015003314759164,0,winter,yeongheung_coal,1,79.62035399999999,77756.884
2023-12-19,16963.221687552,13268.113065216,2767.123809504,22.206666666666667,8.936666666666666,177.83166666666668,6,-1.2891666889190674,58.16666793823242,,4.413134444444444,1.100000023841858,0.9751729,0.221445,13.180352574904353,29678.25806451613,0.0,34.806451612903224,1.0,0.0,76744.99516129032,26.77333333333333,91.89155992490169,78068.378,113.218196,10.234255555555556,1026.2177,2.87,12.674889,29.616306,0.001473078686772,1,winter,yeongheung_coal,1,70.92700099999999,78068.378
2023-12-20,15800.362541424,13349.769067152,2530.832121504,12.99,7.963333333333334,176.605,6,-4.374582767486572,72.33333587646484,,10.355551944444445,0.3000000119209289,-0.54664296,0.8373658,6.984981222103791,29678.25806451613,0.0,34.806451612903224,1.0,0.0,76744.99516129032,26.77333333333333,91.89155992490169,77763.325,309.071015,11.745637222222223,1025.0193,6.98,13.709896,231.527232,0.0040110928642348,2,winter,yeongheung_coal,1,63.833887,77763.325
2023-12-21,17149.856984064,13035.927626928,2320.9538362559997,25.258333333333336,7.748333333333332,172.31500000000003,6,-7.634998798370361,78.75,,10.235450555555555,0.8000000715255737,-0.44029328,0.89785403,7.693847923211978,29678.25806451613,0.0,34.806451612903224,1.0,0.0,76744.99516129032,26.77333333333333,91.89155992490169,77655.119,213.858327,12.048651388888889,1027.2738,7.43,20.308301,127.040549,0.002778865813438,3,winter,yeongheung_coal,1,66.509477,77655.119
2023-12-22,17110.759557311998,13149.451636848,2362.313922336,30.411666666666665,7.928333333333334,169.96833333333333,6,-7.316250324249268,78.875,,8.752136666666667,0.0,-0.42016092,0.9074496,9.012085048946142,29678.25806451613,0.0,34.806451612903224,1.0,0.0,76744.99516129032,26.77333333333333,91.89155992490169,77739.811,220.895496,10.97679361111111,1033.0845,8.56,34.558321,116.766372,0.002870044043063,4,winter,yeongheung_coal,1,69.570803,77739.811
2023-12-23,16220.992539168,13246.78113144,2957.2789057920004,33.17333333333333,8.625,169.66333333333336,6,-3.639166831970215,75.33333587646484,,4.014739444444444,0.0,0.82111704,0.57075983,18.764190533139168,29678.25806451613,0.0,34.806451612903224,1.0,0.0,76744.99516129032,26.77333333333333,91.89155992490169,77735.451,106.287502,7.854934166666666,1034.2081,8.26,29.472842,10.632302,0.0013830283414484,5,winter,yeongheung_coal,1,66.18235800000001,77735.451
2023-12-24,16254.910835856,13359.154388544,3126.790388592,30.555000000000003,8.748333333333333,177.21833333333333,6,-0.7579167485237122,76.125,,3.7832705555555552,0.9000000357627869,0.9829808,-0.18370841,20.121479255088964,29678.25806451613,0.0,34.806451612903224,1.0,0.0,76744.99516129032,26.77333333333333,91.89155992490169,77149.512,96.102651,6.685057222222222,1028.5045,8.56,24.581885999999997,8.309231,0.0012506673347479,6,winter,yeongheung_coal,1,63.211534,77149.512
2023-12-25,15916.881152736,13170.958792704,3488.086786608,29.41333333333333,8.084999999999999,181.96333333333337,6,2.7775003910064697,66.16666412353516,,7.011259444444445,1.100000023841858,-0.969778,0.2439891,9.43720092628494,29678.25806451613,0.0,34.806451612903224,1.0,0.0,76744.99516129032,26.77333333333333,91.89155992490169,77783.171,121.741451,9.610410277777778,1025.6653,6.31,14.882356,45.25798699999999,0.0015837988753712,0,winter,yeongheung_coal,1,61.601108,77783.171
2023-12-26,14550.040046016,12516.844867488,3160.3147549920004,14.103333333333332,7.966666666666666,193.90333333333336,6,5.060833930969238,66.5,,6.788118611111111,0.0,-0.99028295,0.13906704,9.7965288778469,29678.25806451613,0.0,34.806451612903224,1.0,0.0,76744.99516129032,26.77333333333333,91.89155992490169,76270.081,125.955759,8.409518055555555,1026.3052,9.66,32.3422,33.110887000000005,0.0016385352007757,1,winter,yeongheung_coal,1,60.502672,76270.081
2023-12-27,15698.388109536,12738.81042648,3025.295825184,16.513333333333332,10.201666666666666,194.69999999999996,6,1.5316667556762695,75.29166412353516,,2.855223333333333,0.0,0.13856654,0.9903531,26.36979855289843,29678.25806451613,0.0,34.806451612903224,1.0,0.0,76744.99516129032,26.77333333333333,91.89155992490169,77651.605,94.337123,5.885575555555555,1028.2145,9.37,29.581878,6.932279,0.0012277191927042,2,winter,yeongheung_coal,1,57.822966,77651.605
2023-12-28,12931.832959488,11468.103797376,2025.75750408,10.251666666666669,8.265,194.6,6,3.187916040420532,69.29166412353516,,2.9011372222222223,0.0,-0.67221975,0.7403517,23.88431115659497,29678.25806451613,0.0,34.806451612903224,1.0,0.0,76744.99516129032,26.77333333333333,91.89155992490169,68145.02,70.993622,4.545327222222222,1026.135,9.48,11.279542,0.183634,0.0009242037123323,3,winter,yeongheung_coal,1,59.530446,68145.02
2023-12-29,16138.529948736,13176.388066608,3022.149924864,14.835,9.581666666666669,194.64,6,-6.714,66.684,159.134,0.514,0.0,0.356183568446939,-0.9344160024145588,129.73540856031127,29678.25806451613,0.0,34.806451612903224,1.0,0.0,76744.99516129032,26.77333333333333,91.89155992490169,77552.609,64.339097,17.294992,1024.5795,8.69,7.817853,0.50688,0.0008376468514053,4,winter,yeongheung_coal,1,56.014364,77552.609
2023-12-30,16490.71681632,13352.003828784002,2734.418853936,13.425,9.246666666666668,204.275,6,-5.302,76.976,135.81,1.976,0.0,0.6970399677313084,-0.7170322749954402,38.955465587044536,29678.25806451613,0.0,34.806451612903224,1.0,0.0,76744.99516129032,26.77333333333333,91.89155992490169,77536.731,150.04062800000003,29.74306,1015.9053,1.35,1.964678,96.075054,0.0019512394585671,5,winter,yeongheung_coal,1,52.000896,77536.731
2023-12-31,16583.090474016,13372.612730063998,2611.037456208,20.525,8.131666666666666,204.67666666666665,6,-7.38,78.33,241.612,0.376,0.0,-0.8797481680744419,-0.4754399654737321,208.3244680851064,29678.25806451613,0.0,34.806451612903224,1.0,0.0,76744.99516129032,26.77333333333333,91.89155992490169,77785.686,225.500085,43.039196,1014.2759,6.02,16.506484,155.976581,0.0029296951290029,6,winter,yeongheung_coal,1,53.01702,77785.686
2024-01-01,16433.349644448,12340.450294848,2552.55532272,26.625,8.148333333333333,193.9716666666667,6,-4.532,67.19,270.87600000000003,0.8400000000000001,0.0,-0.9998831242281656,0.0152884886016559,79.98809523809523,27199.225806451617,0.0,42.806451612903224,1.0,0.0,70231.39129032257,26.798333333333332,86.31293294741333,75789.702,66.224436,19.8,1024.8376,8.83,13.616657000000002,14.732144,0.0009420580672013,0,winter,yeongheung_coal,1,37.875635,75789.702
2024-01-02,17303.754928608,13619.143389888,3065.398829136,22.505,8.191666666666666,192.95333333333335,6,-6.074,61.956,259.856,0.4939999999999999,0.0,-0.9843682177097424,-0.1761227184747753,125.41700404858304,27199.225806451617,0.0,42.806451612903224,1.0,0.0,70231.39129032257,26.798333333333332,86.31293294741333,77170.867,49.967005,22.461807,1020.1277,6.49,8.276481,2.982291,0.0007109567346441,1,winter,yeongheung_coal,1,38.708233,77170.867
2024-01-03,17182.132119072,14115.182146128,3083.658555456,11.281666666666666,8.366666666666667,195.105,6,-6.766,51.73,295.33,1.294,0.0,-0.9038586616873115,0.4278311813003136,39.97681607418856,27199.225806451617,0.0,42.806451612903224,1.0,0.0,70231.39129032257,26.798333333333332,86.31293294741333,78339.754,80.49952099999999,31.122828,1017.01825,5.91,8.605036,31.287723999999997,0.0011448919958078,2,winter,yeongheung_coal,1,40.606761,78339.754
2024-01-04,17022.119217120002,14076.828522143998,3122.901513648,24.251666666666665,8.918333333333333,193.91,6,-3.951999999999999,67.984,139.352,1.7600000000000002,0.0,0.6514100744652357,-0.7587258496223759,38.62727272727272,27199.225806451617,0.0,42.806451612903224,1.0,0.0,70231.39129032257,26.798333333333332,86.31293294741333,77663.583,132.69611600000002,32.978832,1019.1499,9.13,20.564007,72.692524,0.0018858500250807,3,winter,yeongheung_coal,1,39.439585,77663.583
2024-01-05,17004.86776944,13801.276985616,3410.79516576,72.48333333333333,8.343333333333334,200.51833333333337,6,-6.274,63.458000000000006,288.464,1.9579999999999995,0.0,-0.9485228363970036,0.3167087444851866,32.409601634320744,27199.225806451617,0.0,42.806451612903224,1.0,0.0,70231.39129032257,26.798333333333332,86.31293294741333,77900.171,160.014031,33.371437,1017.57965,8.78,23.817346,96.415287,0.0022732040974259,4,winter,yeongheung_coal,1,39.781398,77900.171
2024-01-06,16377.92786736,14003.737008192,3324.437127072,20.406666666666663,8.288333333333334,190.84,6,-7.766,57.806,298.396,2.184,0.0,-0.8796817755567411,0.47556279685583,26.467948717948715,27199.225806451617,0.0,42.806451612903224,1.0,0.0,70231.39129032257,26.798333333333332,86.31293294741333,77852.297,157.234829,33.1845,1019.6472,10.38,33.318568,83.355298,0.0022338101717379,5,winter,yeongheung_coal,1,40.560963,77852.297
2024-01-07,16248.164313888,13734.066327264,3222.036760896,19.848333333333333,8.13,185.26833333333337,6,-12.822,48.372,217.372,1.814,0.0,-0.606987542990853,-0.79471134549214,26.66593164277839,27199.225806451617,0.0,42.806451612903224,1.0,0.0,70231.39129032257,26.798333333333332,86.31293294741333,77687.119,365.587597,40.513996,1024.2589,10.52,31.259745,292.720719,0.0051785161739499,6,winter,yeongheung_coal,1,41.607133000000005,77687.119
2024-01-08,14900.332675248,13487.614030368002,3158.905900032,25.488333333333333,8.41,182.83,6,-8.75,56.698,139.682,1.584,0.0,0.6470293469108923,-0.7624650970608846,35.79419191919192,27199.225806451617,0.0,42.806451612903224,1.0,0.0,70231.39129032257,26.798333333333332,86.31293294741333,77063.15,100.756276,27.248457,1024.8905,10.57,36.791066,23.432595999999997,0.0014325778393868,0,winter,yeongheung_coal,1,40.532613999999995,77063.15
2024-01-09,15437.513310336,14095.617282431998,3249.1298060639997,15.741666666666667,10.438333333333333,196.34,6,-7.394,71.272,314.838,1.184,0.0,-0.7091032494067447,0.7051046600901146,60.19594594594595,27199.225806451617,0.0,42.806451612903224,1.0,0.0,70231.39129032257,26.798333333333332,86.31293294741333,77671.486,76.921412,24.149532,1017.1635,4.04,1.804712,34.460762,0.0010940585692288,1,winter,yeongheung_coal,1,40.655938,77671.486
2024-01-10,16147.30862952,14104.970395776,3208.374183312,9.83,9.938333333333333,197.30999999999997,6,-9.774,77.328,128.908,0.394,0.0,0.7781554607566855,-0.6280717147703362,196.26395939086296,27199.225806451617,0.0,42.806451612903224,1.0,0.0,70231.39129032257,26.798333333333332,86.31293294741333,77788.297,95.641573,29.237675,1018.4996,11.03,12.595806,27.723882999999997,0.0013599546163972,2,winter,yeongheung_coal,1,55.321884,77788.297
2024-01-11,16352.466382224,14156.881355808,3063.6334872,12.631666666666668,9.026666666666666,199.23,6,-4.4559999999999995,66.384,274.756,1.582,0.0,-0.9965568253782828,0.0829125671533483,41.962073324905184,27199.225806451617,0.0,42.806451612903224,1.0,0.0,70231.39129032257,26.798333333333332,86.31293294741333,77881.503,124.860649,32.023815,1015.5969,9.54,14.270331,52.462165,0.001774691595392,3,winter,yeongheung_coal,1,58.128153000000005,77881.503
2024-01-12,14943.833376912,13229.81974152,3140.929207584,13.730000000000002,8.101666666666667,195.975,6,-6.766000000000001,33.739999999999995,307.264,1.45,0.0,-0.7958540775509642,0.6054884699525698,23.268965517241377,27199.225806451617,0.0,42.806451612903224,1.0,0.0,70231.39129032257,26.798333333333332,86.31293294741333,76764.996,162.789485,28.082308,1016.98755,11.1,36.310751,66.786004,0.0023125417926174,4,winter,yeongheung_coal,1,59.69273,76764.996
2024-01-13,13042.101277872,11151.827882064,2246.70214584,18.461666666666662,8.138333333333334,193.35333333333335,6,-7.702,62.024,184.104,0.852,0.0,-0.0715670786614173,-0.997435789037004,72.7981220657277,27199.225806451617,0.0,42.806451612903224,1.0,0.0,70231.39129032257,26.798333333333332,86.31293294741333,64011.658,116.663628,24.967497,1022.11304,11.19,35.602547,34.027809999999995,0.0016583774510247,5,winter,yeongheung_coal,1,47.033271,64011.658
2024-01-14,16390.531287504,13911.808542336,3302.433450432,16.281666666666666,9.098333333333334,197.91166666666663,6,-9.52,46.838,311.92600000000004,2.614,0.0,-0.7440084168061576,0.668170244564658,17.91813312930375,27199.225806451617,0.0,42.806451612903224,1.0,0.0,70231.39129032257,26.798333333333332,86.31293294741333,77091.713,199.461929,41.041576,1019.3811,2.73,2.3791990000000003,155.183443,0.0028320248851575,6,winter,yeongheung_coal,1,41.899286999999994,77091.713
2024-01-15,15754.830710832,13698.710991648,3395.1014003520004,30.525,8.200000000000001,183.39166666666665,6,-9.982,38.61,215.556,1.4860000000000002,0.0,-0.581498382009315,-0.8135475595935057,25.982503364737543,27199.225806451617,0.0,42.806451612903224,1.0,0.0,70231.39129032257,26.798333333333332,86.31293294741333,77543.942,260.49772099999996,41.556225,1026.0732,11.44,42.805083,173.35920199999998,0.0036954282918728,0,winter,yeongheung_coal,1,44.333436,77543.942
2024-01-16,14877.22953888,13422.661372944,3307.045599648,16.62333333333333,9.571666666666667,186.26,6,-9.271999999999998,54.456,237.956,0.484,0.0,-0.8476408973518345,-0.5305703620977871,112.51239669421489,27199.225806451617,0.0,42.806451612903224,1.0,0.0,70231.39129032257,26.798333333333332,86.31293294741333,76206.506,100.100103,23.510508,1030.0289,10.37,32.612455000000004,26.459046,0.0014232614866674,1,winter,yeongheung_coal,1,41.028602,76206.506
2024-01-17,10798.802659152,10079.145145584002,5648.952681792,8.875,12.688333333333333,423.8766666666666,6,-6.061999999999999,78.602,116.372,1.22,0.0,0.8959289430135144,-0.4441973987662318,64.42786885245903,27199.225806451617,0.0,42.806451612903224,1.0,0.0,70231.39129032257,26.798333333333332,86.31293294741333,58037.343,51.014524,22.45315,1024.2712,1.92,3.295254,4.781528000000001,0.0007258505654284,2,winter,yeongheung_coal,1,42.937742,58037.343
2024-01-18,10667.862745055998,10003.634754336,2682.0950891039997,10.381666666666666,7.260000000000001,253.525,6,-3.364,61.802,63.158,1.05,0.0,0.8922550681688657,0.4515317190707347,58.859047619047615,27199.225806451617,0.0,42.806451612903224,1.0,0.0,70231.39129032257,26.798333333333332,86.31293294741333,58210.314,103.147606,28.04305,1020.69165,9.82,35.045703,23.824392,0.0014665285024765,3,winter,yeongheung_coal,1,44.277511,58210.314
2024-01-19,10851.368895792,10086.747656112,2800.484983584,14.271666666666668,6.761666666666667,207.0283333333333,6,-3.998,54.14,137.88799999999998,1.4240000000000002,0.0,0.6705820033103056,-0.7418354108805654,38.01966292134831,27199.225806451617,0.0,42.806451612903224,1.0,0.0,70231.39129032257,26.798333333333332,86.31293294741333,58154.315,143.481798,32.619255,1025.1136,7.94,27.578764,71.87814599999999,0.0020388214103054,4,winter,yeongheung_coal,1,44.024888,58154.315
2024-01-20,11417.295006864,10130.948794224,2825.8157211840003,31.541666666666668,6.7,210.17166666666665,6,-5.916,69.066,122.534,1.316,0.0,0.8430724573306239,-0.5377999922745476,52.48176291793313,27199.225806451617,0.0,42.806451612903224,1.0,0.0,70231.39129032257,26.798333333333332,86.31293294741333,58006.496,143.629576,36.217144,1023.405,2.29,5.659157,95.963623,0.0020409169934432,5,winter,yeongheung_coal,1,42.006796,58006.496
2024-01-21,10537.877820096,11910.492363599998,8260.418566800001,13.24,10.16,202.765,6,-9.59,57.828,234.12999999999997,3.632,0.0,-0.8103485532410437,-0.5859481395653947,15.92180616740088,27199.225806451617,0.0,42.806451612903224,1.0,0.0,70231.39129032257,26.798333333333332,86.31293294741333,62259.294,196.01959,36.881996,1023.37994,2.92,6.317788999999999,142.38847399999997,0.0027832854786199,6,winter,yeongheung_coal,1,47.313327,62259.294
2024-01-22,10700.866357776,10254.313025279998,34235.44226783999,36.535,6.93,225.13666666666663,6,-15.666,54.362,246.892,3.056,0.0,-0.9197667077600186,-0.3924655440880087,17.78861256544503,27199.225806451617,0.0,42.806451612903224,1.0,0.0,70231.39129032257,26.798333333333332,86.31293294741333,64408.845,331.55958699999996,49.407948,1026.2953,8.73,13.528808,267.70573699999994,0.0046987772319277,0,winter,yeongheung_coal,1,50.325042,64408.845
2024-01-23,9765.4839696,9461.183079312,3083.653619856,25.721666666666668,5.918333333333333,231.60666666666668,6,-13.632,47.098,223.86,3.0040000000000004,0.0,-0.6928986197657525,-0.7210350218447888,15.67842876165113,27199.225806451617,0.0,42.806451612903224,1.0,0.0,70231.39129032257,26.798333333333332,86.31293294741333,57642.982,360.8304480000001,51.171944,1024.8312,9.66,12.519847,297.300973,0.0051114760113027,1,winter,yeongheung_coal,1,51.009628,57642.982
2024-01-24,10275.285904992,9557.995193136,2482.375670208,26.868333333333336,5.948333333333333,201.99333333333337,6,-11.598,41.878,304.46999999999997,2.712,0.0,-0.8244226452511756,0.5659746478395073,15.44174041297935,27199.225806451617,0.0,42.806451612903224,1.0,0.0,70231.39129032257,26.798333333333332,86.31293294741333,57538.161,299.048065,47.428547,1024.5205,,43.008935,208.256715,0.0042399858519728,2,winter,yeongheung_coal,1,47.782415,57538.161
2024-01-25,5135.564201904,5663.94626376,1869.375528144,11.963333333333331,5.878333333333334,214.76166666666668,6,-9.62,46.239999999999995,228.888,1.06,0.0,-0.7534256954256274,-0.6575330573229073,43.622641509433954,27199.225806451617,0.0,42.806451612903224,1.0,0.0,70231.39129032257,26.798333333333332,86.31293294741333,58166.674,196.789601,40.01024,1026.6754,,44.972562,106.057536,0.0027941883278749,3,winter,yeongheung_coal,1,45.759502999999995,58166.674
2024-01-26,6443.617007088,5733.470498256001,1691.0889564960005,9.74,6.351666666666667,215.10333333333332,6,-8.322,67.944,225.758,0.376,0.0,-0.7163993663701057,-0.6976904384213037,180.70212765957447,27199.225806451617,0.0,42.806451612903224,1.0,0.0,70231.39129032257,26.798333333333332,86.31293294741333,58054.954,79.848801,21.30093,1026.6188,,20.073836,15.513363000000002,0.0011356477413325,4,winter,yeongheung_coal,1,44.261602,58054.954
2024-01-27,7003.6976704319995,5934.18180096,2648.689182144,17.955000000000002,7.565,209.8133333333333,6,-8.592,51.565999999999995,269.206,2.476,0.0,-0.9999039806428284,-0.0138574707153226,20.82633279483037,27199.225806451617,0.0,42.806451612903224,1.0,0.0,70231.39129032257,26.798333333333332,86.31293294741333,57640.296,91.833213,24.535526,1025.0345,,34.850014,12.522005000000002,0.0013058731827016,5,winter,yeongheung_coal,1,44.461194000000006,57640.296
2024-01-28,9242.608553856,12749.912243856,2160.391482144,21.435,10.803333333333336,186.16833333333332,6,-9.824,66.482,257.058,0.276,0.0,-0.9745972814319463,-0.2239645932406715,240.87681159420288,27199.225806451617,0.0,42.806451612903224,1.0,0.0,70231.39129032257,26.798333333333332,86.31293294741333,73417.193,93.695561,26.36616,1025.8834,,26.084132,23.864231,0.001332320587077,6,winter,yeongheung_coal,1,43.747198,73417.193
2024-01-29,10731.769285391998,9666.994342464,2316.2535642239995,28.56833333333333,8.388333333333334,191.11166666666668,6,-9.072,70.15,222.284,0.504,0.0,-0.6728059433052872,-0.7398190066854748,139.18650793650795,27199.225806451617,0.0,42.806451612903224,1.0,0.0,70231.39129032257,26.798333333333332,86.31293294741333,76856.487,67.27730199999999,16.179987,1028.7236,,22.171684000000003,0.47424,0.0009570209983656,0,winter,yeongheung_coal,1,44.631378,76856.487
2024-01-30,11488.589295264,9489.484115856,2417.5718167680006,40.303333333333335,10.203333333333331,194.285,6,-6.932,57.846,226.3,0.456,0.0,-0.7229671459095683,-0.6908824110768582,126.85526315789473,27199.225806451617,0.0,42.806451612903224,1.0,0.0,70231.39129032257,26.798333333333332,86.31293294741333,78292.396,66.431636,15.192682,1026.8838,,20.874682,1.00416,0.000945002750222,1,winter,yeongheung_coal,1,44.552794,78292.396
2024-01-31,11340.799941024,9212.570857728,2368.9437540480003,15.198333333333332,10.998333333333331,196.23666666666668,6,-6.566,76.30199999999999,249.054,0.844,0.0,-0.9339177656493752,-0.3574879116900019,90.40521327014216,27199.225806451617,0.0,42.806451612903224,1.0,0.0,70231.39129032257,26.798333333333332,86.31293294741333,76060.637,68.58814799999999,26.042212,1022.2915,,20.963352,4.639808,0.0009756496167993,2,winter,yeongheung_coal,1,42.984987999999994,76060.637
2024-02-01,9656.668728576,8766.086172192001,2584.5260137919995,8.565,8.148333333333333,196.67333333333332,6,-7.63,64.01,288.342,1.194,0.0,-0.9491950540862628,0.3146883367685825,53.60971524288108,27317.275862068964,0.0,71.27586206896552,1.0,0.0,68752.5375862069,26.668333333333333,82.61154455334737,75554.465,110.690347,31.104082,1023.3742,,13.366856,54.244975,0.0016073941103568,3,winter,yeongheung_coal,1,43.078516,75554.465
2024-02-02,11278.880027568,9571.247257248,2819.702704896,9.256666666666666,8.163333333333334,193.31499999999997,6,-8.613999999999999,72.58,220.884,0.654,0.0,-0.6545297140838713,-0.7560362778209031,110.97859327217124,27317.275862068964,0.0,71.27586206896552,1.0,0.0,68752.5375862069,26.668333333333333,82.61154455334737,77656.25,79.881524,12.979984,1024.7775,,22.078042,12.312994,0.0011605218156302,4,winter,yeongheung_coal,1,45.490488,77656.25
2024-02-03,11664.271288656,9508.947759504,2314.445747616,13.901666666666666,9.956666666666669,196.64166666666668,6,-5.152,76.47999999999999,258.0,0.62,0.0,-0.9781476007338056,-0.2079116908177598,123.3548387096774,27317.275862068964,0.0,71.27586206896552,1.0,0.0,68752.5375862069,26.668333333333333,82.61154455334737,76349.624,63.731463000000005,19.083395,1025.1465,,5.85526,12.479724,0.0009261104079099,5,winter,yeongheung_coal,1,45.396479,76349.624
2024-02-04,11895.457345632,9225.821806992,2575.011438288,15.321666666666664,8.635,199.16166666666663,6,-2.772,61.23599999999999,75.676,0.804,0.0,0.9689121836938152,0.2474048914020954,76.1641791044776,27317.275862068964,0.0,71.27586206896552,1.0,0.0,68752.5375862069,26.668333333333333,82.61154455334737,75247.352,65.56636900000001,22.180206,1023.07855,,17.297661,4.74328,0.0009527488441511,6,winter,yeongheung_coal,1,43.525428,75247.352
2024-02-05,11778.799807872005,9148.360969439998,2694.1045163040003,10.695,8.388333333333334,193.49166666666667,6,-7.198,77.686,113.27,1.122,0.0,0.918653362575817,-0.3950645509636932,69.23885918003565,27317.275862068964,0.0,71.27586206896552,1.0,0.0,68752.5375862069,26.668333333333333,82.61154455334737,74451.048,176.219183,40.83898,1018.77264,,4.99697,124.539962,0.0025565408584117,0,winter,yeongheung_coal,1,46.682250999999994,74451.048
2024-02-06,12205.740716496,9531.67934376,2130.1600360320003,10.788333333333334,8.568333333333333,190.505,6,-7.394,65.946,285.494,2.3920000000000003,0.0,-0.963658433062178,0.2671374634680576,27.569397993311032,27317.275862068964,0.0,71.27586206896552,1.0,0.0,68752.5375862069,26.668333333333333,82.61154455334737,77793.811,74.568738,25.277023,1022.94525,,5.230587,24.678329,0.0010834210819316,1,winter,yeongheung_coal,1,44.659822,77793.811
2024-02-07,11834.046076032,9618.84125856,1832.80400784,12.305,8.076666666666666,189.77666666666667,6,-8.888,69.926,210.714,0.532,0.0,-0.5107530042136108,-0.8597274967609047,131.43984962406014,27317.275862068964,0.0,71.27586206896552,1.0,0.0,68752.5375862069,26.668333333333333,82.61154455334737,78297.728,97.742044,24.442913,1021.4165,,35.808538999999996,14.982238,0.0014196317651136,2,winter,yeongheung_coal,1,46.951267,78297.728
2024-02-08,11851.104510864,9546.721029792,2366.966372832,13.048333333333334,8.123333333333333,191.85666666666668,6,-8.318000000000001,68.228,262.012,0.6439999999999999,0.0,-0.9902971953684516,-0.1389656966498512,105.944099378882,27317.275862068964,0.0,71.27586206896552,1.0,0.0,68752.5375862069,26.668333333333333,82.61154455334737,77714.226,81.568276,13.849477,1019.7243,,34.542028,1.26144,0.0011849979741624,3,winter,yeongheung_coal,1,45.764807999999995,77714.226
2024-02-09,7577.593196688,5795.255868912001,14161.924379232,12.165,6.786666666666666,224.08333333333337,6,-6.654000000000001,61.95,271.83000000000004,1.056,0.0,-0.999489976721293,0.031934095159707,58.66477272727273,27317.275862068964,0.0,71.27586206896552,1.0,0.0,68752.5375862069,26.668333333333333,82.61154455334737,60974.918,106.761241,25.516865,1019.698,,40.861098,23.335552,0.00155042590933,4,winter,yeongheung_coal,1,42.564591,60974.918
2024-02-10,6816.520495584,5673.3715961279995,1517.284047024,15.808333333333332,6.45,225.615,6,-7.756,52.538,219.36400000000003,0.972,0.0,-0.6342448651199006,-0.7731322338830785,54.0514403292181,27317.275862068964,0.0,71.27586206896552,1.0,0.0,68752.5375862069,26.668333333333333,82.61154455334737,57230.431,98.17005,25.501621,1020.74335,,33.563472000000004,22.745861,0.0014258393758087,5,winter,yeongheung_coal,1,41.860716999999994,57230.431
2024-02-11,5976.855795455999,4681.043414496,1190.206668528,16.790000000000003,5.903333333333333,215.38666666666663,6,-6.692,65.822,230.07,0.59,0.0,-0.7668291844276095,-0.6418512303564489,111.5627118644068,27317.275862068964,0.0,71.27586206896552,1.0,0.0,68752.5375862069,26.668333333333333,82.61154455334737,50842.042,115.737428,27.74103,1021.7515,,28.058176,44.03040500000001,0.0016805623195313,6,winter,yeongheung_coal,1,43.648847,50842.042
2024-02-12,6710.696320752,7482.559586544,5816.872034784,12.238333333333332,10.96,207.97666666666663,6,-4.188,58.34000000000001,164.04000000000002,1.036,0.0,0.2749662014376656,-0.9614538928450708,56.31274131274132,27317.275862068964,0.0,71.27586206896552,1.0,0.0,68752.5375862069,26.668333333333333,82.61154455334737,55391.994,108.201906,24.842607,1025.9501,,40.174173,25.129526,0.0015713149001579,0,winter,yeongheung_coal,1,42.898207,55391.994
2024-02-13,11116.056073968,8527.2494112,1795.342855824,12.255,7.941666666666666,205.77,6,0.446,65.236,150.738,0.874,0.0,0.4888039659153633,-0.8723936513440549,74.64073226544623,27317.275862068964,0.0,71.27586206896552,1.0,0.0,68752.5375862069,26.668333333333333,82.61154455334737,72375.085,268.26395399999996,25.849905,1022.304,,36.512342,189.025515,0.0038867116581329,1,winter,yeongheung_coal,1,42.726097,72375.085
2024-02-14,16661.264924448,12870.400575023998,2909.3314965120003,13.42,7.82,266.6983333333333,6,-0.8880000000000002,79.2,183.402,1.254,0.0,-0.0593412186832663,-0.9982377571326306,63.15789473684211,27317.275862068964,0.0,71.27586206896552,1.0,0.0,68752.5375862069,26.668333333333333,82.61154455334737,77433.913,163.520255,18.861387,1018.3093,,21.865929,98.463478,0.0023727453386375,2,winter,yeongheung_coal,1,43.190847999999995,77433.913
2024-02-15,16366.53456432,13123.172160863998,2976.6759340319995,23.53,7.621666666666667,355.4533333333333,6,-2.252,79.2,270.986,1.008,0.0,-0.9998519297357548,0.0172080970385309,78.57142857142857,27317.275862068964,0.0,71.27586206896552,1.0,0.0,68752.5375862069,26.668333333333333,82.61154455334737,77255.232,54.189328,41.835964,1017.3538,6.34,4.525818,14.755234,0.0007875585779217,3,winter,yeongheung_coal,1,34.908276,77255.232
2024-02-16,14796.214192224,12627.737445743998,2679.103988928,20.55333333333333,7.981666666666667,194.55166666666665,6,-8.93,72.556,231.22600000000003,0.4399999999999999,0.0,-0.7796222284705042,-0.6262500945107193,164.90000000000003,27317.275862068964,0.0,71.27586206896552,1.0,0.0,68752.5375862069,26.668333333333333,82.61154455334737,74619.109,90.569685,23.78453,1022.4961,15.11,42.85695,3.353264,0.0013155955416596,4,winter,yeongheung_coal,1,44.359471,74619.109
2024-02-17,13349.054665296,10263.837457440002,2577.343994496,38.15833333333333,6.746666666666666,231.0016666666667,6,-4.086,70.48400000000001,210.28000000000003,0.852,0.0,-0.5042262111814565,-0.8635716113661873,82.72769953051645,27317.275862068964,0.0,71.27586206896552,1.0,0.0,68752.5375862069,26.668333333333333,82.61154455334737,56631.708,59.163992,19.272614,1019.2076,14.89,28.96287,9.695257,0.0008597955092384,5,winter,yeongheung_coal,1,20.505865,56631.708
2024-02-18,13826.767819248,10132.159302719998,3300.8869015200003,25.28333333333333,7.891666666666667,224.60166666666663,6,0.4379999999999995,78.23400000000001,116.088,2.598,0.07,0.8981196967082631,-0.4397510777526959,30.11316397228638,27317.275862068964,0.0,71.27586206896552,1.0,0.0,68752.5375862069,26.668333333333333,82.61154455334737,57440.595,220.868949,30.353355,1015.3689,3.26,2.0953600000000003,184.860859,0.0032022334417723,6,winter,yeongheung_coal,1,33.91273,57440.595
2024-02-19,15245.244424944,14193.979997039998,2520.4923074880003,15.12,8.833333333333334,406.77666666666664,6,-5.434,70.78999999999999,251.6,1.476,0.01,-0.9488760116444966,-0.3156490369471022,47.96070460704607,27317.275862068964,0.0,71.27586206896552,1.0,0.0,68752.5375862069,26.668333333333333,82.61154455334737,73107.436,196.196194,34.92,1008.9141,2.5,2.505355,147.43717800000002,0.0028455373034902,0,winter,yeongheung_coal,1,46.253661,73107.436
2024-02-20,14629.733334144,12709.48362552,2527.349906016,17.80333333333333,8.495,199.61833333333337,6,-4.0280000000000005,72.258,139.82799999999995,2.034,0.01,0.6450843495103152,-0.7641113675485096,35.525073746312685,27317.275862068964,0.0,71.27586206896552,1.0,0.0,68752.5375862069,26.668333333333333,82.61154455334737,75995.165,123.409594,30.608469,1019.9401,4.48,4.740824000000001,72.855754,0.0017917661978152,1,winter,yeongheung_coal,1,45.813016000000005,75995.165
2024-02-21,15130.654401312,13142.727358848,2880.360812448,26.953333333333333,8.061666666666666,198.735,6,-6.642,77.374,81.134,2.138,0.01,0.9880514988063808,0.1541240919079959,36.189897100093546,27317.275862068964,0.0,71.27586206896552,1.0,0.0,68752.5375862069,26.668333333333333,82.61154455334737,77785.18,202.617856,36.102455,1018.76025,1.31,4.170545,155.491249,0.0029384003951643,2,winter,yeongheung_coal,1,42.956062,77785.18
2024-02-22,14823.861159888,13162.062819024,2709.2473666560004,12.445,7.973333333333334,192.07,6,-7.239999999999999,68.096,96.072,1.374,0.0,0.9943897558190168,-0.1057781334785052,49.56040756914119,27317.275862068964,0.0,71.27586206896552,1.0,0.0,68752.5375862069,26.668333333333333,82.61154455334737,79259.709,170.22477899999998,38.575474,1023.9365,1.54,3.5236750000000003,120.472512,0.002469790431469,3,winter,yeongheung_coal,1,46.228592,79259.709
2024-02-23,15137.839391328,12556.959688944002,2617.2587436480003,12.86,7.983333333333333,190.32,6,-6.178,54.026,150.34,1.84,0.0,0.4948521285448584,-0.8689771981327375,29.36195652173913,27317.275862068964,0.0,71.27586206896552,1.0,0.0,68752.5375862069,26.668333333333333,82.61154455334737,76335.927,129.800329,29.68636,1027.3301,13.24,32.038513,51.469587,0.0018843775186577,4,winter,yeongheung_coal,1,46.292229,76335.927
2024-02-24,13105.296128448,9956.04583176,3291.063425136,19.763333333333332,8.65,207.97333333333333,6,-6.882,77.376,95.232,1.168,0.0,0.9958336245144842,-0.0911887728086368,66.24657534246576,27317.275862068964,0.0,71.27586206896552,1.0,0.0,68752.5375862069,26.668333333333333,82.61154455334737,55636.029,123.114921,31.780067,1026.6261,7.62,25.647329000000003,54.60554,0.0017874955302545,5,winter,yeongheung_coal,1,42.862052000000006,55636.029
2024-02-25,15625.321494624,13145.793111648,4910.466508848,22.981666666666666,9.801666666666668,199.1883333333333,6,-5.958,61.962,301.574,1.4,0.0,-0.8519646237021213,0.5235993506108491,44.25857142857144,27317.275862068964,0.0,71.27586206896552,1.0,0.0,68752.5375862069,26.668333333333333,82.61154455334737,63297.464,94.826883,23.565567,1021.5771,13.81,31.138457,25.883177,0.0013773494995935,6,winter,yeongheung_coal,1,37.805249,63297.464
2024-02-26,13210.441732800002,10272.988294128,3108.24568152,11.885,6.603333333333333,229.0533333333333,6,-6.087999999999999,71.332,195.718,0.7779999999999999,0.0,-0.2709028711491167,-0.9626066872836304,91.68637532133675,27317.275862068964,0.0,71.27586206896552,1.0,0.0,68752.5375862069,26.668333333333333,82.61154455334737,59181.824,98.443774,24.130743,1025.5853,16.68,35.384483,23.853526,0.0014298093078001,0,winter,yeongheung_coal,1,39.205765,59181.824
2024-02-27,13055.740100928,10691.918923968,2195.05165344,11.025,6.5616666666666665,209.5016666666667,6,-3.2659999999999996,51.428,123.2,0.8039999999999999,0.0,0.8367643134589617,-0.5475632234925502,63.96517412935324,27317.275862068964,0.0,71.27586206896552,1.0,0.0,68752.5375862069,26.668333333333333,82.61154455334737,61099.97,105.353265,30.737339,1027.1573,14.18,23.146602,40.237955,0.0015300100496492,1,winter,yeongheung_coal,1,41.968708,61099.97
2024-02-28,13104.740755296,10417.824244368,1848.914676576,10.638333333333334,6.513333333333333,204.4983333333333,6,-5.144,70.128,193.902,0.8560000000000001,0.0,-0.2402619267283151,-0.9707080954462044,81.9252336448598,27317.275862068964,0.0,71.27586206896552,1.0,0.0,68752.5375862069,26.668333333333333,82.61154455334737,60518.359,82.104175,26.552288,1025.95,9.66,20.316215,18.990993,0.0011927740582253,2,winter,yeongheung_coal,1,42.796966999999995,60518.359
2024-02-29,12139.06036752,9533.49369912,1914.042415968,10.395,5.6433333333333335,206.68500000000003,6,-7.086,49.664,246.704,3.2979999999999996,0.0,-0.9184739933903112,-0.3954813819456667,15.058823529411766,27317.275862068964,0.0,71.27586206896552,1.0,0.0,68752.5375862069,26.668333333333333,82.61154455334737,58346.993,143.201363,45.532528,1021.5244,8.59,14.730862,88.12504000000001,0.0020785227821647,3,winter,yeongheung_coal,1,40.345461,58346.993
2024-03-01,9169.272112032,11147.325723504,6693.2736998400005,14.111666666666666,8.068333333333333,203.17666666666665,6,-11.848,39.176,321.31,1.934,0.0,-0.6251064360114992,0.7805395208809106,20.2564632885212,22886.774193548383,0.0,116.70967741935485,1.0,0.0,57657.29774193549,26.97,74.88541638852386,47896.791,303.835018,47.986797,1022.7532,18.22,47.041475,238.881888,0.0052420476193664,4,spring,yeongheung_coal,1,17.911655,47896.791
2024-03-02,12096.793539648,9573.046775424,1906.757668512,14.838333333333331,5.558333333333333,202.98,6,-4.13,61.922,245.65,3.156,0.0,-0.9110438156205596,-0.4123095512106552,19.62040557667934,22886.774193548383,0.0,116.70967741935485,1.0,0.0,57657.29774193549,26.97,74.88541638852386,56601.987,247.072178,44.398376,1018.31476,17.35,38.913825,185.557258,0.0042669003797403,5,spring,yeongheung_coal,1,22.601095,56601.987
2024-03-03,12621.757195152,9950.353362864,1955.748121056,23.98,5.789999999999999,210.08666666666667,6,-6.311999999999999,71.268,230.892,0.844,0.0,-0.7759583405473012,-0.630784157802872,84.44075829383887,22886.774193548383,0.0,116.70967741935485,1.0,0.0,57657.29774193549,26.97,74.88541638852386,57784.718,97.833567,36.910095,1015.12225,16.7,26.882945,48.486446,0.0016939372274418,6,spring,yeongheung_coal,1,22.464176,57784.718
2024-03-04,12979.586758032,9960.868127808,1864.863287424,13.183333333333332,6.451666666666667,204.8733333333333,6,-3.2,46.684000000000005,182.772,1.0459999999999998,0.0,-0.0483616552226886,-0.9988298905740264,44.630975143403454,22886.774193548383,0.0,116.70967741935485,1.0,0.0,57657.29774193549,26.97,74.88541638852386,58313.124,65.180993,17.873554,1018.7753,17.54,36.749751,5.7009430000000005,0.0011292133399072,0,spring,yeongheung_coal,1,22.730299,58313.124
2024-03-05,13118.505668064,9869.847633792,1941.904774368,11.93,6.794999999999999,211.03666666666663,6,-3.568,59.227999999999994,132.602,1.1,0.0,0.7360734592426859,-0.6769016639058484,53.84363636363636,22886.774193548383,0.0,116.70967741935485,1.0,0.0,57657.29774193549,26.97,74.88541638852386,58873.008,78.975358,26.739542,1013.012,7.71,9.093673999999998,47.08196099999999,0.0013678638013801,1,spring,yeongheung_coal,1,22.799723,58873.008
2024-03-06,12992.729264784,9916.126628112,1962.125459136,11.143333333333333,6.016666666666667,207.68666666666664,6,-5.566,71.424,241.82200000000003,0.092,0.0,-0.8814848335611771,-0.472212333809298,714.24,22886.774193548383,0.0,116.70967741935485,1.0,0.0,57657.29774193549,26.97,74.88541638852386,57779.904,113.374695,24.087738,1014.33887,15.78,36.748584,52.525189,0.0019624956784736,2,spring,yeongheung_coal,1,24.100921999999997,57779.904
2024-03-07,12539.853889056,10055.093298912,1919.040729696,10.873333333333331,5.593333333333334,206.20333333333335,6,-5.548,60.444,266.538,3.088,0.0,-0.9981750678200504,-0.0603865380895277,19.57383419689119,22886.774193548383,0.0,116.70967741935485,1.0,0.0,57657.29774193549,26.97,74.88541638852386,58349.582,112.776252,34.966362,1014.9976,17.7,27.010657,62.478947,0.001952156959533,3,spring,yeongheung_coal,1,23.286648,58349.582
2024-03-08,11168.458184304,9024.22928664,1880.2824629760005,11.15,5.3,207.93833333333336,6,1.33,38.616,284.99,1.994,0.0,-0.9659709840219864,0.2586504553013496,19.366098294884655,22886.774193548383,0.0,116.70967741935485,1.0,0.0,57657.29774193549,26.97,74.88541638852386,55456.706,281.71311,41.598305,1016.27344,19.23,48.047121999999995,210.864336,0.0048622354068129,4,spring,yeongheung_coal,1,22.801651999999997,55456.706
2024-03-09,6572.425553856,5627.071128384001,2267.355891888,9.534999999999998,3.33,293.1416666666667,6,1.844,54.870000000000005,257.432,1.392,0.0,-0.9760384438941264,-0.2175981526592813,39.418103448275865,22886.774193548383,0.0,116.70967741935485,1.0,0.0,57657.29774193549,26.97,74.88541638852386,38448.113,124.008633,35.9153,1021.9656,19.66,48.852508,53.232389,0.002146172192704,5,spring,yeongheung_coal,1,21.923736,38448.113
2024-03-10,5930.725512096,5555.420632511999,1366.22962008,14.488333333333332,3.431666666666666,226.13833333333332,6,2.97,71.22200000000001,134.17000000000002,0.908,0.0,0.7172755441554931,-0.6967896337894539,78.43832599118943,22886.774193548383,0.0,116.70967741935485,1.0,0.0,57657.29774193549,26.97,74.88541638852386,39312.876,79.054475,17.429354,1025.8212,19.38,45.892631,11.443003,0.0013692322421576,6,spring,yeongheung_coal,1,21.718841,39312.876
2024-03-11,6203.636649647999,5672.342793024,1674.966889008,12.213333333333331,3.923333333333334,224.08333333333337,6,5.148000000000001,67.806,229.21999999999997,0.608,0.0,-0.7572230963471486,-0.6531563230639638,111.52302631578948,22886.774193548383,0.0,116.70967741935485,1.0,0.0,57657.29774193549,26.97,74.88541638852386,38587.244,53.643431,20.192118,1018.3916,11.6,17.000531,15.527654,0.0009295192542303,0,spring,yeongheung_coal,1,21.115246,38587.244
2024-03-12,6501.406649472002,5696.564661216001,1853.34884424,8.078333333333333,3.723333333333333,227.1983333333333,6,3.851999999999999,56.714,287.51,2.314,0.0,-0.9536644531597418,0.3008722499326426,24.50907519446845,22886.774193548383,0.0,116.70967741935485,1.0,0.0,57657.29774193549,26.97,74.88541638852386,38499.604,88.314384,31.863558,1013.39264,16.48,22.680212,44.791797,0.0015293696048696,1,spring,yeongheung_coal,1,20.842375,38499.604
2024-03-13,7070.601086064,6017.819143392,2609.4273844319996,8.361666666666666,6.601666666666667,217.93333333333337,6,4.766,64.28999999999999,195.344,1.496,0.0,-0.264613699006585,-0.9643544941037256,42.97459893048128,22886.774193548383,0.0,116.70967741935485,1.0,0.0,57657.29774193549,26.97,74.88541638852386,38463.964,130.103622,26.28,1018.23895,19.48,45.935763,60.910692,0.0022514184567779,2,spring,yeongheung_coal,1,23.257167000000003,38463.964
2024-03-14,11097.565015824,10513.82752992,2434.3394785920004,10.4,6.271666666666667,213.1966666666667,6,4.6739999999999995,75.162,139.946,0.7,0.0,0.6435093039754494,-0.765438289933965,107.37428571428572,22886.774193548383,0.0,116.70967741935485,1.0,0.0,57657.29774193549,26.97,74.88541638852386,56032.356,108.266527,21.578989,1018.98047,19.9,47.165911,30.202933,0.001874239927718,3,spring,yeongheung_coal,1,30.897682999999997,56032.356
2024-03-15,12404.436218208,9853.298040096,2443.538764944,12.591666666666669,5.73,307.33666666666664,6,4.574,76.738,182.69,0.458,0.0,-0.0469321108212263,-0.9988980813746036,167.55021834061134,22886.774193548383,0.0,116.70967741935485,1.0,0.0,57657.29774193549,26.97,74.88541638852386,58584.247,121.809656,22.183128,1021.10474,19.86,45.362770000000005,37.621396,0.002108195530974,4,spring,yeongheung_coal,1,38.825489999999995,58584.247
2024-03-16,12332.83382784,9721.735365312,2432.435627808,15.788333333333334,5.998333333333332,218.045,6,6.676,51.08,249.96,1.496,0.0,-0.9394536167035532,-0.3426760891317241,34.144385026737964,22886.774193548383,0.0,116.70967741935485,1.0,0.0,57657.29774193549,26.97,74.88541638852386,56989.88,89.75937400000001,15.629971,1019.57025,13.65,39.596204,12.145796,0.0015543540828374,5,spring,yeongheung_coal,1,38.017374,56989.88
2024-03-17,12249.838194768,10065.20586192,3563.1856126079997,13.488333333333337,8.161666666666667,221.33833333333337,6,4.279999999999999,41.854,317.05,2.524,0.0,-0.6813598739533,0.7319485789086165,16.582408874801903,22886.774193548383,0.0,116.70967741935485,1.0,0.0,57657.29774193549,26.97,74.88541638852386,57274.926,263.466896,39.738846,1015.30273,18.77,37.230027,185.719778,0.0045487468552416,6,spring,yeongheung_coal,1,40.517091,57274.926
2024-03-18,10816.017274944,14530.972920191998,3088.5537840479997,20.04,12.136666666666668,202.135,6,3.1159999999999997,53.538,271.22200000000004,0.432,0.0,-0.9997725684618292,0.0213263065540419,123.93055555555554,22886.774193548383,0.0,116.70967741935485,1.0,0.0,57657.29774193549,26.97,74.88541638852386,64318.232,128.127237,33.62099,1019.9292,20.73,46.903692,41.458672,0.0022172933234757,0,spring,yeongheung_coal,1,39.764873,64318.232
2024-03-19,11944.830180384,11591.622233568,3113.232442704,13.926666666666668,7.171666666666667,208.5016666666667,6,4.024,51.992,260.40999999999997,3.588,0.01,-0.9860251286899748,-0.1665966554043581,14.490523968784837,22886.774193548383,0.0,116.70967741935485,1.0,0.0,57657.29774193549,26.97,74.88541638852386,68685.838,187.0931,48.43037,1013.31757,16.06,34.269493000000004,113.43187,0.003234420784398,1,spring,yeongheung_coal,1,39.391737,68685.838
2024-03-20,11226.318676848,10923.287035968,3004.8840316799997,12.338333333333331,6.918333333333333,203.35666666666663,6,2.526,46.304,273.81,1.912,0.0,-0.997789886117022,0.0664480485987361,24.217573221757323,22886.774193548383,0.0,116.70967741935485,1.0,0.0,57657.29774193549,26.97,74.88541638852386,67014.17,215.897785,42.40824,1018.259,21.07,48.559367,124.423412,0.0037305316050764,2,spring,yeongheung_coal,1,42.91500599999999,67014.17
2024-03-21,11252.946465504005,11758.334884128,3555.033346368,14.018333333333333,6.896666666666666,202.78,6,3.0799999999999996,64.494,234.85,0.164,0.0,-0.8176476192171912,-0.5757190033240688,393.2560975609756,22886.774193548383,0.0,116.70967741935485,1.0,0.0,57657.29774193549,26.97,74.88541638852386,73528.388,101.589748,25.233404,1016.54126,20.68,42.058821,20.501612,0.0017588591542332,3,spring,yeongheung_coal,1,39.029315,73528.388
2024-03-22,11888.110358784,10858.312986336,3020.9377741919993,22.66333333333333,7.481666666666667,212.055,6,8.728,73.672,192.214,3.2119999999999997,0.0,-0.2115636179016695,-0.9773642287194454,22.93648816936488,22886.774193548383,0.0,116.70967741935485,1.0,0.0,57657.29774193549,26.97,74.88541638852386,63419.115,151.718033,38.48129,1009.69305,12.36,22.44975,89.36391,0.0026244700928774,4,spring,yeongheung_coal,1,39.904373,63419.115
2024-03-23,11638.076775552,12334.551005808,3348.067823136,12.598333333333334,7.38,232.22333333333333,6,7.346000000000001,58.681999999999995,116.66799999999998,0.648,0.0,0.8936221960502773,-0.4488199758547739,90.55864197530865,22886.774193548383,0.0,116.70967741935485,1.0,0.0,57657.29774193549,26.97,74.88541638852386,74085.918,104.226148,25.711662,1012.1672,17.49,36.911756,18.458754000000003,0.0018044217150261,5,spring,yeongheung_coal,1,48.855638,74085.918
2024-03-24,13821.53556096,12289.167318815998,3685.66361424,15.483333333333334,7.32,210.97333333333336,6,7.856,54.394000000000005,201.638,0.114,0.0,-0.3687411227939319,-0.929532131967836,477.140350877193,22886.774193548383,0.0,116.70967741935485,1.0,0.0,57657.29774193549,26.97,74.88541638852386,74115.272,120.48462700000002,19.161337,1014.3011,18.27,38.585233,35.040018,0.0020853106862194,6,spring,yeongheung_coal,1,46.859376000000005,74115.272
2024-03-25,12805.446484368002,11630.181935664,3179.0043436319997,18.801666666666662,6.988333333333333,209.9433333333333,6,6.037999999999999,71.78200000000001,65.24199999999999,1.138,0.1,0.9080847090459874,0.4187865341637247,63.0773286467487,22886.774193548383,0.0,116.70967741935485,1.0,0.0,57657.29774193549,26.97,74.88541638852386,75191.155,159.955291,28.664682,1013.437,4.83,8.626016,104.879023,0.0027665667704565,0,spring,yeongheung_coal,1,46.450252,75191.155
2024-03-26,10696.220286624,9991.98991224,50089.688723664,13.283333333333331,6.785,263.0983333333333,6,3.8239999999999994,77.598,169.858,0.622,1.0,0.1760883574345797,-0.9843743649526798,124.7556270096463,22886.774193548383,0.0,116.70967741935485,1.0,0.0,57657.29774193549,26.97,74.88541638852386,65460.239,176.04600200000002,35.670895,1016.95044,15.02,41.044405,88.296907,0.0030440225413814,1,spring,yeongheung_coal,1,46.70469,65460.239
2024-03-27,8476.83617904,8928.072695087998,3693.764593296,8.104999999999999,5.783333333333334,299.7583333333333,6,4.446,55.164,125.77,0.292,0.01,0.8113699909188589,-0.584532922799333,188.9178082191781,22886.774193548383,0.0,116.70967741935485,1.0,0.0,57657.29774193549,26.97,74.88541638852386,57633.959,87.17970700000001,19.513195,1020.4758,17.68,35.774232000000005,6.150097,0.0015097496912513,2,spring,yeongheung_coal,1,45.25537800000001,57633.959
2024-03-28,9040.718228256,8774.137393920002,2802.4929178559996,7.048333333333333,6.256666666666667,241.83666666666667,6,5.226,69.938,249.156,1.476,0.0,-0.9345526982007064,-0.3558247522106628,47.38346883468835,22886.774193548383,0.0,116.70967741935485,1.0,0.0,57657.29774193549,26.97,74.88541638852386,57649.244,84.362319,22.33161,1008.25006,6.13,14.644092,25.279994,0.0014610303706365,3,spring,yeongheung_coal,1,44.438233,57649.244
2024-03-29,9093.770608176,9246.969240624,2543.22243432,6.91,5.438333333333333,216.55666666666664,6,4.066,71.78,166.96800000000002,0.744,0.01,0.225495210135709,-0.97424427645527,96.47849462365592,22886.774193548383,0.0,116.70967741935485,1.0,0.0,57657.29774193549,26.97,74.88541638852386,57661.782,206.782862,44.763218,1004.10297,7.52,20.198607,150.235447,0.0035735962594026,4,spring,yeongheung_coal,1,36.348808,57661.782
2024-03-30,9183.64274568,8943.83123112,2625.1420536,7.005,5.771666666666667,208.51666666666665,6,6.002000000000001,44.008,267.71,1.396,0.0,-0.9992013842149536,-0.0399573996015811,31.524355300859604,22886.774193548383,0.0,116.70967741935485,1.0,0.0,57657.29774193549,26.97,74.88541638852386,57625.142,120.2943,20.88,1009.3133,19.45,34.360993,49.319821,0.0020820234237641,5,spring,yeongheung_coal,1,36.613485999999995,57625.142
2024-03-31,9266.143515264,9293.914717488,2595.332169072,8.171666666666667,5.526666666666666,210.5716666666667,6,6.0,55.452,246.67400000000004,1.47,0.0,-0.9182667939299872,-0.3959622395703187,37.72244897959184,22886.774193548383,0.0,116.70967741935485,1.0,0.0,57657.29774193549,26.97,74.88541638852386,57738.753,126.88729,23.617756,1010.70514,22.4,49.818809,39.469574,0.0021958826611446,6,spring,yeongheung_coal,1,37.598907,57738.753
2024-04-01,9482.710544928,8463.643315919999,2133.255465792,17.77,5.426666666666667,211.0016666666667,6,5.544,39.562,218.892,0.4679999999999999,0.0,-0.6278543882858763,-0.7783308211231058,84.53418803418805,21086.266666666663,0.0,68.83333333333333,1.0,0.0,54042.81533333333,20.353333333333335,86.77772243681409,56284.693,102.588391,17.713316,1012.32513,21.92,48.216592,16.12639,0.001894683277685,0,spring,yeongheung_coal,1,38.245409,56284.693
2024-04-02,10168.936052112,9068.861420928,2082.01387896,23.613333333333333,6.181666666666666,214.58333333333337,6,10.058,68.168,208.844,0.254,0.0,-0.4824264872012896,-0.8759364614209321,268.37795275590554,21086.266666666663,0.0,68.83333333333333,1.0,0.0,54042.81533333333,20.353333333333335,86.77772243681409,57444.884,107.365415,17.418196,1010.58746,18.4,45.40849,23.854217,0.0019827341943508,1,spring,yeongheung_coal,1,38.102708,57444.884
2024-04-03,9631.399602960002,8987.567680512,2103.019625808,13.48,7.051666666666667,220.47,6,8.774000000000001,67.226,173.2,0.102,0.01,0.1184039683065012,-0.9929655081065368,659.0784313725491,21086.266666666663,0.0,68.83333333333333,1.0,0.0,54042.81533333333,20.353333333333335,86.77772243681409,56317.165,63.934711,15.042659,1004.5156,4.67,11.687961,13.50911,0.0011816402010398,2,spring,yeongheung_coal,1,38.73764,56317.165
2024-04-04,7668.267153552,6626.36272536,2137.582380672,17.986666666666668,7.478333333333333,237.68166666666664,6,10.314,63.928,136.27,0.8480000000000001,0.0,0.6912608610672918,-0.7226053016388035,75.38679245283018,21086.266666666663,0.0,68.83333333333333,1.0,0.0,54042.81533333333,20.353333333333335,86.77772243681409,38744.622,83.119656,19.881649,1011.1091,9.85,35.676622,8.195808000000001,0.0015356715041759,3,spring,yeongheung_coal,1,39.247226000000005,38744.622
2024-04-05,4626.321719472,3780.417474432,731.8847067839998,18.583333333333332,6.4316666666666675,227.27,6,5.678,75.724,209.31599999999997,0.584,0.0,-0.4896259603459055,-0.8719325770696664,129.66438356164386,21086.266666666663,0.0,68.83333333333333,1.0,0.0,54042.81533333333,20.353333333333335,86.77772243681409,37611.305,116.00152599999998,21.175837,1016.3389,18.1,37.174733999999994,39.581013,0.0021418770336377,4,spring,yeongheung_coal,1,39.245779,37611.305
2024-04-06,4729.0937644800015,3907.490743872,706.683968064,18.351666666666667,5.808333333333334,222.83833333333337,6,5.286,48.596,233.42800000000005,0.252,0.0,-0.8031087497552737,-0.5958324731554342,192.84126984126985,21086.266666666663,0.0,68.83333333333333,1.0,0.0,54042.81533333333,20.353333333333335,86.77772243681409,38053.86,74.500453,17.873554,1016.97064,15.64,30.844072,4.5846409999999995,0.0013766472323598,5,spring,yeongheung_coal,1,39.07174,38053.86
2024-04-07,4774.488451344,3943.347195456,706.8774391200001,19.341666666666665,4.4816666666666665,222.455,6,6.9,46.16,201.452,0.13,0.0,-0.3657216334041143,-0.9307242807943856,355.07692307692304,21086.266666666663,0.0,68.83333333333333,1.0,0.0,54042.81533333333,20.353333333333335,86.77772243681409,38425.479,90.634558,14.336861,1015.4958,23.43,45.819335,7.782305,0.0016742801018951,6,spring,yeongheung_coal,1,37.032917999999995,38425.479
2024-04-08,12125.447243424,14876.501754384,4524.819641423999,20.90833333333333,9.118333333333334,218.78,6,8.49,70.744,187.706,1.29,0.0,-0.1340899602014428,-0.990969163280662,54.840310077519376,21086.266666666663,0.0,68.83333333333333,1.0,0.0,54042.81533333333,20.353333333333335,86.77772243681409,45399.262,79.738361,17.072504,1014.4749,16.61,26.949121,17.581094,0.0014732926581834,0,spring,yeongheung_coal,1,35.208146,45399.262
2024-04-09,10074.238312896,8780.5880712,1871.48348136,13.31,5.706666666666666,220.275,6,8.792,53.57000000000001,175.25799999999998,0.492,0.0,0.0826690599116193,-0.9965770549903952,108.88211382113823,21086.266666666663,0.0,68.83333333333333,1.0,0.0,54042.81533333333,20.353333333333335,86.77772243681409,57507.137,123.691038,32.09052,1017.4978,23.31,48.261005,69.018997,0.0022835336130421,1,spring,yeongheung_coal,1,6.411036,57507.137
2024-04-10,10539.726346512,8666.134096607999,1748.453900112,12.683333333333332,5.63,220.0533333333333,6,8.648,70.96000000000001,218.496,0.168,0.0,-0.6224599987642734,-0.7826516146654148,422.3809523809524,21086.266666666663,0.0,68.83333333333333,1.0,0.0,54042.81533333333,20.353333333333335,86.77772243681409,55304.748,67.855047,24.490587,1021.722,17.92,30.483226,37.371821,0.0012540049221911,2,spring,yeongheung_coal,1,0.0,55304.748
2024-04-11,10683.491698512,8677.8109404,1798.142898384,12.678333333333333,5.508333333333333,231.01166666666663,6,8.078,66.15599999999999,225.92,0.276,0.0,-0.7183691733996459,-0.695662080833151,239.695652173913,21086.266666666663,0.0,68.83333333333333,1.0,0.0,54042.81533333333,20.353333333333335,86.77772243681409,56729.487,56.598155,15.072783,1019.2813,11.81,26.7288,9.379398000000002,0.0010461879593612,3,spring,yeongheung_coal,1,20.489956999999997,56729.487
2024-04-12,10924.660783439998,8759.267525951998,1984.05059544,12.43,5.701666666666667,231.17666666666665,6,8.572,77.796,201.844,0.378,0.0,-0.3720807519034843,-0.9282003631021364,205.80952380952385,21086.266666666663,0.0,68.83333333333333,1.0,0.0,54042.81533333333,20.353333333333335,86.77772243681409,57609.272,95.287057,16.870138,1016.22,20.46,45.7014,13.785483,0.0017600738258793,4,spring,yeongheung_coal,1,35.800174,57609.272
2024-04-13,10138.817701152,8643.540159792,1820.261892384,12.045,5.363333333333333,244.6533333333333,6,9.246,73.182,239.104,0.144,0.0,-0.8581007555753359,-0.5134813465755476,508.20833333333337,21086.266666666663,0.0,68.83333333333333,1.0,0.0,54042.81533333333,20.353333333333335,86.77772243681409,57317.216,110.813653,17.786331,1015.67535,19.96,46.226108999999994,28.231504,0.0020462830483247,5,spring,yeongheung_coal,1,36.35604,57317.216
2024-04-14,10765.702489968,8509.152556223999,1939.25723472,12.411666666666669,5.448333333333333,219.04333333333332,6,12.786,51.25599999999999,104.202,0.658,0.0,0.9694367864613946,-0.2453412257558935,77.89665653495439,21086.266666666663,0.0,68.83333333333333,1.0,0.0,54042.81533333333,20.353333333333335,86.77772243681409,57428.398,98.834859,14.529915,1014.4788,21.63,46.704315,14.885983,0.0018254866382701,6,spring,yeongheung_coal,1,37.244561,57428.398
2024-04-15,10400.662438416,8209.21159296,1837.824872112,12.226666666666668,5.366666666666667,250.94666666666663,6,7.866,78.6,206.67200000000005,1.12,0.01,-0.448882361359337,-0.8935908603272895,70.17857142857142,21086.266666666663,0.0,68.83333333333333,1.0,0.0,54042.81533333333,20.353333333333335,86.77772243681409,56759.996,201.427149,35.06999,1007.96014,2.97,6.19108,157.903765,0.003713336932774,0,spring,yeongheung_coal,1,37.33230399999999,56759.996
2024-04-16,10533.6176688,8346.791004048,1814.267780496,15.125,5.416666666666667,321.715,6,6.406000000000001,79.1,201.82,0.522,0.01,-0.371691915613374,-0.9283561384876282,151.53256704980842,21086.266666666663,0.0,68.83333333333333,1.0,0.0,54042.81533333333,20.353333333333335,86.77772243681409,57562.09,105.936518,22.45315,1009.7678,16.55,21.229514,45.511363,0.0019563981509832,1,spring,yeongheung_coal,1,39.195641,57562.09
2024-04-17,9939.09415464,8372.395613808,1926.997193664,14.26,5.501666666666666,251.04,6,7.848000000000001,74.90599999999999,175.33800000000002,0.218,0.0,0.0812774957112131,-0.996691511296707,343.6055045871559,21086.266666666663,0.0,68.83333333333333,1.0,0.0,54042.81533333333,20.353333333333335,86.77772243681409,57836.679,59.057342000000006,19.110542,1010.36884,22.91,26.199628,12.589046,0.0010915951533582,2,spring,yeongheung_coal,1,20.268668,57836.679
2024-04-18,9758.25033768,8520.039896975999,1916.119488528,14.061666666666667,5.528333333333333,218.28666666666663,6,11.48,64.94,146.73999999999998,0.774,0.0,0.5484391806372736,-0.8361904478896635,83.90180878552971,21086.266666666663,0.0,68.83333333333333,1.0,0.0,54042.81533333333,20.353333333333335,86.77772243681409,58106.343,91.288881,19.493261,1008.4654,17.79,45.278124000000005,6.9072000000000005,0.0016863469401573,3,spring,yeongheung_coal,1,39.103557,58106.343
2024-04-19,10067.109709824,8561.323192176,1966.637709504,14.225,5.921666666666667,219.15666666666667,6,8.510832786560059,97.20833587646484,,2.99146,0.0,-0.7442852,-0.6678618,32.495281861186456,21086.266666666663,0.0,68.83333333333333,1.0,0.0,54042.81533333333,20.353333333333335,86.77772243681409,58203.623,99.840053,4.341658611111111,1010.23065,13.96,42.913468,17.783493999999997,0.0018440184044833,4,spring,yeongheung_coal,1,39.143091,58203.623
2024-04-20,7971.449882256,9285.627741552,15561.111210048,13.271666666666668,7.166666666666667,231.31333333333336,6,11.323333740234377,91.33333587646484,,4.967443611111111,9.69999885559082,0.9998912,-0.0147503475,18.386386042142817,21086.266666666663,0.0,68.83333333333333,1.0,0.0,54042.81533333333,20.353333333333335,86.77772243681409,51410.937,157.87806700000002,7.648528888888889,1007.52606,3.19,7.97264,111.498994,0.0029128421998938,5,spring,yeongheung_coal,1,38.406433,51410.937
2024-04-21,9723.154371552,8238.066870096,1734.242614992,13.451666666666666,5.493333333333333,220.14833333333337,6,13.756667137145996,84.0,,4.186289444444444,0.0,0.86235774,0.50629944,20.065502186303675,21086.266666666663,0.0,68.83333333333333,1.0,0.0,54042.81533333333,20.353333333333335,86.77772243681409,57828.575,121.50664000000002,7.060452777777777,1008.04083,5.76,15.718106,67.69450200000001,0.0022432966124789,6,spring,yeongheung_coal,1,38.094032,57828.575
2024-04-22,9755.575681824,8200.979957231999,1887.64815456,14.348333333333334,5.41,219.995,6,14.117084503173828,76.58333587646484,,3.033548888888889,0.0,0.9856327,0.16890262,25.24545958595556,21086.266666666663,0.0,68.83333333333333,1.0,0.0,54042.81533333333,20.353333333333335,86.77772243681409,57714.45,97.315006,4.2107005555555554,1010.50415,14.09,42.36709200000001,31.220621,0.0017974653069739,0,spring,yeongheung_coal,1,23.727293000000003,57714.45
2024-04-23,8426.803787856,8050.030737552001,1869.093687024,13.703333333333331,5.510000000000001,223.05166666666665,6,13.379584312438965,79.45833587646484,,3.5280141666666665,2.1000001430511475,0.98806775,-0.15401994,22.522113609180476,21086.266666666663,0.0,68.83333333333333,1.0,0.0,54042.81533333333,20.353333333333335,86.77772243681409,57378.552,101.92139,6.020797222222222,1009.2127,14.28,28.789233,49.916377999999995,0.0018823877659761,1,spring,yeongheung_coal,1,23.215779,57378.552
2024-04-24,9897.887802384,8643.442727376,1891.91731104,13.703333333333331,5.381666666666667,234.765,6,-5.986666666666667,62.71,192.0433333333333,1.68,0.01,-0.2086514134529032,-0.9779900754425402,37.32738095238096,21086.266666666663,0.0,68.83333333333333,1.0,0.0,54042.81533333333,20.353333333333335,86.77772243681409,57461.884,97.771666,26.044699,1005.06665,17.91,30.640498,31.065840000000005,0.0018058848530992,2,spring,yeongheung_coal,1,36.065328,57461.884
2024-04-25,10896.58089216,8944.226142624002,1939.469521392,14.198333333333332,5.328333333333333,214.71333333333337,6,10.242082595825195,93.16666412353516,,2.622030833333333,0.0,-0.90129006,-0.43321615,35.532253449931524,21086.266666666663,0.0,68.83333333333333,1.0,0.0,54042.81533333333,20.353333333333335,86.77772243681409,56643.563,72.60918,4.924428611111111,1009.289,20.83,25.988232,10.132812,0.0013417464734497,3,spring,yeongheung_coal,1,36.488136,56643.563
2024-04-26,10619.045909424,9489.943915632,2054.90214792,13.396666666666668,6.028333333333333,215.855,6,11.215001106262209,86.58333587646484,,2.563330555555555,0.0,-0.9727366,-0.23191275,33.77767088556376,21086.266666666663,0.0,68.83333333333333,1.0,0.0,54042.81533333333,20.353333333333335,86.77772243681409,58116.309,64.07263499999999,4.664761111111111,1008.0026,23.89,39.788456999999994,4.05504,0.0011841862913553,4,spring,yeongheung_coal,1,20.229138,58116.309
2024-04-27,10804.274195328002,8610.512828832001,1880.668507968,13.711666666666666,5.303333333333334,214.63333333333333,6,10.187915802001951,89.75,,3.211682222222222,0.0,-0.97225225,0.23393507,27.94485686628745,21086.266666666663,0.0,68.83333333333333,1.0,0.0,54042.81533333333,20.353333333333335,86.77772243681409,57487.935,93.952017,5.571354722222222,1009.3464,22.84,51.140472,6.45888,0.001735456725593,5,spring,yeongheung_coal,1,36.352665,57487.935
2024-04-28,10411.078291056,8712.175340591999,1858.68849456,13.826666666666668,5.705000000000001,212.64166666666668,6,9.735832214355469,96.66666412353516,,2.0442430555555555,0.0,-0.93120056,0.3645073,47.287265504377345,21086.266666666663,0.0,68.83333333333333,1.0,0.0,54042.81533333333,20.353333333333335,86.77772243681409,55359.104,86.91209,3.905125,1010.87915,19.71,45.276182,4.5408,0.0016056258573091,6,spring,yeongheung_coal,1,37.095108,55359.104
2024-04-29,10415.665245456,8530.03999152,1945.601828352,13.373333333333331,5.516666666666667,212.26666666666665,6,14.423336029052734,83.41666412353516,,4.076868888888889,0.0,0.9872663,-0.15907624,20.460963155052447,21086.266666666663,0.0,68.83333333333333,1.0,0.0,54042.81533333333,20.353333333333335,86.77772243681409,55318.417,98.946837,6.4124875,1006.7094,19.17,34.446141000000004,27.906011,0.0018275510998091,0,spring,yeongheung_coal,1,36.594685,55318.417
2024-04-30,11336.4258948,9511.12335312,2000.895114384,13.351666666666668,5.673333333333333,213.78,6,13.192084312438965,86.45833587646484,,3.319542777777778,0.0,-0.9869754,-0.16087131,26.045254320940906,21086.266666666663,0.0,68.83333333333333,1.0,0.0,54042.81533333333,20.353333333333335,86.77772243681409,57918.473,79.22205600000001,4.805205,1004.1589,18.22,31.008442,10.602172,0.0014637670683035,1,spring,yeongheung_coal,1,37.611442,57918.473
2024-05-01,11071.294810848,9575.891996112,2057.105894112,13.21,5.688333333333333,210.19833333333335,6,13.75250244140625,75.45833587646484,,3.811013333333333,0.0,0.42248988,0.90636766,19.800071339678208,23437.93548387097,0.0,114.87096774193547,1.0,0.0,60822.9793548387,26.64833333333333,87.54901895371295,57990.959,99.058597,4.964876666666667,1009.3245,20.31,39.704231,21.260818,0.0016259895487788,2,spring,yeongheung_coal,1,38.093548000000006,57990.959
2024-05-02,10806.965746848,9421.601307984,1943.091487008,13.686666666666667,5.956666666666667,213.11666666666667,6,13.392082214355469,80.66666412353516,,3.449346111111111,0.0,-0.96008974,-0.2796922,23.386074208004207,23437.93548387097,0.0,114.87096774193547,1.0,0.0,60822.9793548387,26.64833333333333,87.54901895371295,58142.651,106.671231,5.142956388888889,1015.86475,26.49,44.793345,22.860626,0.0017507277651251,3,spring,yeongheung_coal,1,39.01726,58142.651
2024-05-03,10312.023728448,9115.642680768002,1976.138034048,13.746666666666668,5.783333333333334,197.845,6,13.756668090820312,81.0,,2.692090555555555,0.0,-0.98148364,0.19154604,30.088140918158818,23437.93548387097,0.0,114.87096774193547,1.0,0.0,60822.9793548387,26.64833333333333,87.54901895371295,57360.576,108.648699,4.0311288888888885,1016.2132,26.8,45.664652,22.135267,0.0017831248313929,4,spring,yeongheung_coal,1,40.84878,57360.576
2024-05-04,10028.23433064,9277.2783684,1786.895469072,13.296666666666669,5.798333333333333,184.545,6,13.748336791992188,83.79166412353516,,2.4234825,0.0,-0.5726227,-0.81981903,34.574899601517714,23437.93548387097,0.0,114.87096774193547,1.0,0.0,60822.9793548387,26.64833333333333,87.54901895371295,57595.575,90.66402,4.272001666666666,1013.8906,26.23,46.061457,4.8279179999999995,0.0014884025150505,5,spring,yeongheung_coal,1,39.774645,57595.575
2024-05-05,11321.729698896,9466.57780416,1781.595453168,13.185,5.396666666666667,211.605,6,14.919167518615724,92.875,,6.579147222222223,53.0,0.3978299,-0.9174592,14.116571169938014,23437.93548387097,0.0,114.87096774193547,1.0,0.0,60822.9793548387,26.64833333333333,87.54901895371295,56828.156,287.827397,11.4179675,1006.32404,2.26,3.462568,247.042169,0.0047099263174322,6,spring,yeongheung_coal,1,37.322660000000006,56828.156
2024-05-06,10931.153546736,9400.742117568,1610.285064336,13.316666666666668,5.381666666666667,270.62166666666667,6,13.171249389648438,93.58333587646484,,6.922485,10.100001335144045,-0.6219585,-0.7830502,13.518748812957318,23437.93548387097,0.0,114.87096774193547,1.0,0.0,60822.9793548387,26.64833333333333,87.54901895371295,56596.276,253.092601,7.930951666666666,1004.02155,3.67,6.664951,209.795365,0.0041438912637178,0,spring,yeongheung_coal,1,36.632285,56596.276
2024-05-07,11261.780030592,9671.467156128,1575.6802667999998,13.79,5.57,272.2583333333334,6,13.05666446685791,85.91666412353516,,6.143371388888888,8.40000057220459,0.9942227,0.10733707,13.985262925651371,23437.93548387097,0.0,114.87096774193547,1.0,0.0,60822.9793548387,26.64833333333333,87.54901895371295,58034.249,124.686657,8.448076666666667,1007.7349,2.88,7.064856,82.026521,0.0020457987181294,1,spring,yeongheung_coal,1,35.595279999999995,58034.249
2024-05-08,11426.867283456,9484.680693312,1550.2825562399998,13.708333333333334,5.539999999999999,182.15,6,13.215001106262209,67.95833587646484,,5.004303611111111,0.0,0.19314316,0.9811706,13.579978585946742,23437.93548387097,0.0,114.87096774193547,1.0,0.0,60822.9793548387,26.64833333333333,87.54901895371295,57778.043,143.84859,7.017833888888889,1015.82983,24.71,46.837205999999995,62.118053,0.0023594566889743,2,spring,yeongheung_coal,1,34.893330999999996,57778.043
2024-05-09,11648.309699807998,8871.121028448,1480.5101829599998,12.653333333333334,5.301666666666667,201.245,6,13.62541675567627,81.5,,5.460985555555555,0.0,-0.67361426,-0.7390831,14.924046066572844,23437.93548387097,0.0,114.87096774193547,1.0,0.0,60822.9793548387,26.64833333333333,87.54901895371295,57394.987,210.53516299999995,9.158602777777778,1015.7051,24.83,35.410815,140.43301799999998,0.003449500895749,3,spring,yeongheung_coal,1,34.69133,57394.987
2024-05-10,11903.745492,9308.178113184,1615.4907451200002,12.981666666666667,5.34,201.82,6,14.646251678466797,80.04166412353516,,4.957458611111111,0.0,-0.16496634,-0.9862992,16.14570496748847,23437.93548387097,0.0,114.87096774193547,1.0,0.0,60822.9793548387,26.64833333333333,87.54901895371295,57883.748,133.515831,7.316419444444445,1014.9632,26.65,46.141387,51.955131,0.0021903462558493,4,spring,yeongheung_coal,1,35.419313,57883.748
2024-05-11,11635.313122368,9756.631864224,1641.424154112,12.045,5.419999999999999,205.585,6,14.829585075378418,89.91666412353516,,8.180035555555556,4.0,-0.3729866,-0.9278367,10.992209448584529,23437.93548387097,0.0,114.87096774193547,1.0,0.0,60822.9793548387,26.64833333333333,87.54901895371295,58028.011,243.073244,11.670902777777778,1008.8784,8.95,17.139964,191.066946,0.0039804970790697,5,spring,yeongheung_coal,1,34.866334,58028.011
2024-05-12,11463.174023472,9453.981323088,1600.986810384,12.45,5.513333333333333,209.1866666666667,6,14.294167518615724,78.5,,5.5034777777777775,0.0,-0.9224989,0.38599968,14.26370799878057,23437.93548387097,0.0,114.87096774193547,1.0,0.0,60822.9793548387,26.64833333333333,87.54901895371295,56630.945,197.172614,9.74987222222222,1008.3952,27.21,49.663443,111.026338,0.0032312704514516,6,spring,yeongheung_coal,1,36.482833,56630.945
2024-05-13,11520.681707952,9555.814993392,1730.733014736,12.838333333333331,5.668333333333333,206.07666666666668,6,14.527501106262209,82.66666412353516,,2.7664738888888887,0.0,-0.99498504,-0.10002404,29.881599264519696,23437.93548387097,0.0,114.87096774193547,1.0,0.0,60822.9793548387,26.64833333333333,87.54901895371295,57551.833,71.96986899999999,5.0249375,1011.7713,27.35,43.008328,14.793913,0.0011818692669477,0,spring,yeongheung_coal,1,14.167628,57551.833
2024-05-14,11890.834504704,9236.252798352,1684.301402448,13.113333333333337,5.978333333333333,210.3766666666667,6,14.923335075378418,73.79166412353516,,3.980785,0.0,-0.3681097,-0.9297824,18.53696296673524,23437.93548387097,0.0,114.87096774193547,1.0,0.0,60822.9793548387,26.64833333333333,87.54901895371295,57825.628,78.640457,5.166236111111111,1012.87604,27.46,48.040166,19.17295,0.0012912703675693,1,spring,yeongheung_coal,1,11.427341,57825.628
2024-05-15,11676.861594864,9739.874162448,1590.510860208,12.713333333333331,5.566666666666666,209.87,6,12.598332405090332,82.125,,7.472354444444445,9.5,-0.3353673,0.9420875,10.990511840757016,23437.93548387097,0.0,114.87096774193547,1.0,0.0,60822.9793548387,26.64833333333333,87.54901895371295,58483.651,234.272769,16.17930722222222,1010.7756,8.47,10.251883,184.177779,0.0038369360043396,2,spring,yeongheung_coal,1,39.843107,58483.651
2024-05-16,11618.255927808,9311.4081432,1684.489675824,13.338333333333331,5.398333333333333,215.495,6,7.222,56.04,92.932,0.36,0.0,0.9986909449930312,-0.051150722271792,155.66666666666666,23437.93548387097,0.0,114.87096774193547,1.0,0.0,60822.9793548387,26.64833333333333,87.54901895371295,56138.458,178.185942,28.71437,1008.018,27.75,50.684386999999994,86.67880900000002,0.002921025215386,3,spring,yeongheung_coal,1,40.822746,56138.458
2024-05-17,11798.439043247998,9641.171937744,1795.405203504,13.261666666666663,5.641666666666667,223.455,6,8.868,51.66,154.454,0.2319999999999999,0.0,0.4312355998927175,-0.90223935703624,222.67241379310352,23437.93548387097,0.0,114.87096774193547,1.0,0.0,60822.9793548387,26.64833333333333,87.54901895371295,58159.623,164.424842,22.505037,1010.4848,23.06,44.108998,81.666911,0.0026960459157978,4,spring,yeongheung_coal,1,38.648933,58159.623
2024-05-18,11357.792938944,10135.824881904,1879.746581664,13.160000000000002,5.926666666666667,220.18500000000003,6,9.142,54.922,203.86,0.12,0.0,-0.4045032184324372,-0.914536574598195,457.68333333333334,23437.93548387097,0.0,114.87096774193547,1.0,0.0,60822.9793548387,26.64833333333333,87.54901895371295,58051.987,132.247452,17.106628,1013.868,25.89,44.00850500000001,49.368727,0.0021695834619577,5,spring,yeongheung_coal,1,38.87022,58051.987
2024-05-19,11630.288385936,10137.332108736,1665.749257632,12.696666666666664,6.056666666666666,230.32,6,9.284,54.50599999999999,126.898,0.498,0.0,0.7997056166195455,-0.6003923106995561,109.44979919678714,23437.93548387097,0.0,114.87096774193547,1.0,0.0,60822.9793548387,26.64833333333333,87.54901895371295,58226.469,100.783962,15.2947035,1012.9421,26.09,47.190888,13.757676000000002,0.0016542635666786,6,spring,yeongheung_coal,1,39.835398,58226.469
2024-05-20,10934.956791504,9597.045874176,2098.750677984,11.843333333333334,7.633333333333333,257.35333333333335,6,-2.344,39.001999999999995,191.142,0.476,0.0,-0.1932412398284359,-0.9811512743861514,81.93697478991596,23437.93548387097,0.0,114.87096774193547,1.0,0.0,60822.9793548387,26.64833333333333,87.54901895371295,58518.828,81.458222,17.76081,1012.66974,12.44,30.454292,11.960634,0.0013374759745089,0,spring,yeongheung_coal,1,39.043296000000005,58518.828
2024-05-21,11279.996831952,10509.73096896,2416.478032656,12.346666666666666,11.781666666666666,354.4283333333333,6,-2.344,39.202,159.886,0.3259999999999999,0.0,0.343889148337828,-0.93901025215675,120.25153374233132,23437.93548387097,0.0,114.87096774193547,1.0,0.0,60822.9793548387,26.64833333333333,87.54901895371295,57360.038,81.195258,18.775303,1015.9628,22.76,35.238868000000004,7.899967,0.0013331640813811,1,spring,yeongheung_coal,1,38.056423,57360.038
2024-05-22,11524.522225968003,10494.604679184,2820.8025601920003,10.511666666666668,20.755,355.6066666666666,6,8.254,57.148,192.988,0.088,0.0,-0.2247469778224678,-0.9744171570532136,571.48,23437.93548387097,0.0,114.87096774193547,1.0,0.0,60822.9793548387,26.64833333333333,87.54901895371295,58667.766,73.959824,16.992609,1014.32526,20.11,31.312213,5.58336,0.0012145080688341,2,spring,yeongheung_coal,1,37.064251,58667.766
2024-05-23,12535.714056672,14991.951009888,3127.667929488,8.996666666666668,26.671666666666667,202.55500000000004,6,10.925999999999998,45.276,219.362,1.324,0.0,-0.6342178773274323,-0.7731543727343758,34.196374622356494,23437.93548387097,0.0,114.87096774193547,1.0,0.0,60822.9793548387,26.64833333333333,87.54901895371295,67231.652,99.044613,16.24394,1009.4665,20.92,48.778889,4.884689000000001,0.0016257603826866,3,spring,yeongheung_coal,1,45.381035,67231.652
2024-05-24,11448.049186656,10464.478535232,2920.239977328,8.735000000000001,25.59,243.46333333333337,6,14.40875244140625,96.75,,2.3577872222222225,0.0,-0.9538997,0.30012563,41.0342371390124,23437.93548387097,0.0,114.87096774193547,1.0,0.0,60822.9793548387,26.64833333333333,87.54901895371295,59126.032,86.160513,3.2202486111111113,1010.2742,12.91,22.883531,5.76384,0.0014145744495317,4,spring,yeongheung_coal,1,57.513141999999995,59126.032
2024-05-25,10494.939832272,9608.341186368,1516.393987344,8.393333333333333,21.65,404.4533333333334,6,16.32124900817871,89.875,,2.388236388888889,0.1000000014901161,0.6868202,-0.7268274,37.63237191181638,23437.93548387097,0.0,114.87096774193547,1.0,0.0,60822.9793548387,26.64833333333333,87.54901895371295,55783.855,83.253952,5.8412325,1012.7366,7.92,21.314211,0.976585,0.0013669200585854,5,spring,yeongheung_coal,1,60.963156000000005,55783.855
2024-05-26,10401.161006448,9809.599826016,3001.7241322560003,7.486666666666667,25.393333333333334,268.125,6,16.969167709350586,84.75,,5.730211111111111,2.5,-0.22432587,-0.9745142,14.790031005256738,23437.93548387097,0.0,114.87096774193547,1.0,0.0,60822.9793548387,26.64833333333333,87.54901895371295,54491.608,163.160379,8.514693055555556,1004.18384,9.79,10.07974,92.524137,0.0026753682018911,6,spring,yeongheung_coal,1,60.55650200000001,54491.608
2024-05-27,13121.30877192,16695.894026448,2199.9250782719996,8.92,25.85166666666667,197.99333333333337,6,16.167083740234375,78.41666412353516,,7.443238888888889,0.0,-0.9581215,0.28636202,10.535287835594517,23437.93548387097,0.0,114.87096774193547,1.0,0.0,60822.9793548387,26.64833333333333,87.54901895371295,71418.164,342.580506,8.9627,1001.5625,25.55,47.486173,237.177027,0.0056008725625895,0,spring,yeongheung_coal,1,57.917306,71418.164
2024-05-28,16163.126707104,12257.614882655998,2257.472844288,10.191666666666666,22.615,195.54166666666663,6,16.78583335876465,77.70833587646484,,4.5200499999999995,0.0,-0.47355583,0.8807638,17.19191953108148,23437.93548387097,0.0,114.87096774193547,1.0,0.0,60822.9793548387,26.64833333333333,87.54901895371295,78574.699,206.034174,6.7082033333333335,1003.84546,25.85,48.872143,94.843648,0.0033760036757376,1,spring,yeongheung_coal,1,62.318383,78574.699
2024-05-29,15352.250971968,11277.692675568,2137.776195888,10.298333333333334,22.413333333333338,193.36,6,16.479585647583008,83.04166412353516,,2.620761388888889,0.0,-0.8879083,-0.4600205,31.686083470094893,23437.93548387097,0.0,114.87096774193547,1.0,0.0,60822.9793548387,26.64833333333333,87.54901895371295,76348.006,121.701921,3.9293766666666663,1009.96674,27.88,47.247487,15.500616,0.0019969243985241,2,spring,yeongheung_coal,1,58.953818,76348.006
2024-05-30,15559.45925328,11799.090363312,2191.614958656,10.685,23.26833333333333,198.42166666666665,6,16.98166847229004,76.83333587646484,,2.071013888888889,0.0,0.33834717,-0.9410214,37.09938223431538,23437.93548387097,0.0,114.87096774193547,1.0,0.0,60822.9793548387,26.64833333333333,87.54901895371295,76479.748,93.151704,4.640043055555555,1008.9912,10.77,21.136214,5.575119,0.001529179584797,3,spring,yeongheung_coal,1,66.440371,76479.748
2024-05-31,15364.68117336,11914.88596344,2298.088115856,10.565,22.538333333333338,248.715,6,9.708000000000002,56.398,148.484,0.704,0.0,0.5227366463913408,-0.8524942219860111,80.11079545454547,23437.93548387097,0.0,114.87096774193547,1.0,0.0,60822.9793548387,26.64833333333333,87.54901895371295,76810.142,124.718771,20.304129,1007.6744,20.24,43.5584,12.874606,0.0020463245509698,4,spring,yeongheung_coal,1,68.285765,76810.142
2024-06-01,13825.105619328002,11426.508921456,2313.613878624,10.155,22.705,206.3466666666667,6,9.82,49.303999999999995,169.324,1.058,0.0,0.1852550032233895,-0.9826904821868898,46.60113421550094,26158.633333333335,0.0,123.2,1.0,0.0,68554.33633333334,27.143333333333334,84.9375748466755,74435.473,223.102928,32.112724,1008.2139,27.48,49.559729999999995,104.008043,0.0032438388284896,5,summer,yeongheung_coal,1,69.535155,74435.473
2024-06-02,14691.209715072,11521.574207136,2284.685220816,11.201666666666668,22.35166666666667,201.59833333333336,6,9.218,49.422,145.70999999999998,0.2319999999999999,0.0,0.5633818590034705,-0.8261966357628151,213.0258620689656,26158.633333333335,0.0,123.2,1.0,0.0,68554.33633333334,27.143333333333334,84.9375748466755,73919.324,155.29051,21.915693,1008.0398,27.1,47.764804000000005,38.911398,0.0022600982880329,6,summer,yeongheung_coal,1,68.61430800000001,73919.324
2024-06-03,13863.309826607998,11231.85033504,2285.978797728,11.133333333333333,22.56833333333333,201.1916666666667,6,10.47,46.602,116.828,0.356,0.0,0.8923653715441666,-0.4513136865516505,130.90449438202248,26158.633333333335,0.0,123.2,1.0,0.0,68554.33633333334,27.143333333333334,84.9375748466755,72593.595,131.878739,18.359999,1008.09546,26.97,46.850744,19.440326,0.0019200175589981,0,summer,yeongheung_coal,1,65.58766899999999,72593.595
2024-06-04,13969.883768112,11177.004450384,2271.137307552,10.258333333333333,22.915000000000003,198.505,6,10.55,45.9,108.798,0.4,0.0,0.9466605087338584,-0.3222326507412811,114.75,26158.633333333335,0.0,123.2,1.0,0.0,68554.33633333334,27.143333333333334,84.9375748466755,73098.965,140.899439,20.172853,1013.01447,27.31,47.197972,30.164415999999996,0.0020510802156202,1,summer,yeongheung_coal,1,63.537051,73098.965
2024-06-05,9398.368777824,7495.919237952,2755.197875808,9.186666666666666,11.748333333333337,286.3966666666667,6,17.00666618347168,92.25,,2.8113208333333337,0.0,-0.91704196,-0.39879066,32.81375747165107,26158.633333333335,0.0,123.2,1.0,0.0,68554.33633333334,27.143333333333334,84.9375748466755,57551.079,108.415142,5.3,1015.602,24.04,37.661424,9.411878,0.0015789513188813,2,summer,yeongheung_coal,1,61.34184,57551.079
2024-06-06,9415.964145312,7876.114811856002,1776.9363552000002,10.910000000000002,4.78,238.135,6,16.00458335876465,95.58333587646484,,3.0785375,0.0,-0.82302517,-0.5680049,31.048293508350913,26158.633333333335,0.0,123.2,1.0,0.0,68554.33633333334,27.143333333333334,84.9375748466755,58285.452,109.504935,5.920303611111111,1014.3206,23.94,43.152399,4.889889999999999,0.0015947976835735,3,summer,yeongheung_coal,1,61.462646,58285.452
2024-06-07,9522.00179424,8027.43049584,1700.263284624,9.558333333333334,4.853333333333333,270.26,6,16.542081832885742,89.75,,2.0980331666666667,0.0,-0.9128181,-0.4083665,42.77816072021105,26158.633333333335,0.0,123.2,1.0,0.0,68554.33633333334,27.143333333333334,84.9375748466755,57096.066,98.133418,3.9962483333333334,1011.47125,16.2,32.23935,4.494264,0.0014294229815103,4,summer,yeongheung_coal,1,61.399804,57096.066
2024-06-08,9937.987242048,7432.518046896,1654.1431524,8.448333333333332,4.583333333333333,254.27999999999997,6,19.019166946411133,87.58333587646484,,2.8463908333333334,4.099999904632568,-0.13901918,-0.9902897,30.76996133166235,26158.633333333335,0.0,123.2,1.0,0.0,68554.33633333334,27.143333333333334,84.9375748466755,54475.655,101.163391,4.464303055555556,1006.7756,16.1,31.232276,8.694014000000001,0.001473492894323,5,summer,yeongheung_coal,1,61.237101,54475.655
2024-06-09,9950.288371056,7571.866753871999,1731.8322252,8.136666666666667,4.516666666666667,247.35,6,17.425416946411133,96.20833587646484,,1.7015913888888887,0.0,-0.98246783,-0.18643233,56.54021083127795,26158.633333333335,0.0,123.2,1.0,0.0,68554.33633333334,27.143333333333334,84.9375748466755,56852.984,109.91009400000002,4.825971388888889,1005.8169,22.79,45.556169,2.428637,0.0016006888550989,6,summer,yeongheung_coal,1,61.925288,56852.984
2024-06-10,10265.20743744,7800.27995088,1871.768927088,8.021666666666667,4.72,243.31999999999996,6,19.331666946411133,92.5,,3.573351111111111,0.0,-0.2740519,-0.9617149,25.8860652434565,26158.633333333335,0.0,123.2,1.0,0.0,68554.33633333334,27.143333333333334,84.9375748466755,56302.923,143.121423,6.063826944444444,1004.78815,23.34,42.840086,38.517403,0.0020833583610567,0,summer,yeongheung_coal,1,61.763934,56302.923
2024-06-11,10402.6892076,7901.378716607999,1934.91331416,7.903333333333333,4.484999999999999,225.72833333333335,6,20.269166946411133,93.625,,3.679351805555555,0.0,-0.45460925,-0.890691,25.446058150414707,26158.633333333335,0.0,123.2,1.0,0.0,68554.33633333334,27.143333333333334,84.9375748466755,57166.797,123.908502,6.519202222222223,1004.65186,25.64,40.431206,27.314972,0.0018041885359343,1,summer,yeongheung_coal,1,56.16232399999999,57166.797
2024-06-12,9745.539772032,8830.262286431998,1645.02260208,7.866666666666667,5.239999999999999,220.03833333333333,6,18.569169998168945,96.29166412353516,,3.8097086111111103,0.0,-0.9894852,-0.14463395,25.27533571536104,26158.633333333335,0.0,123.2,1.0,0.0,68554.33633333334,27.143333333333334,84.9375748466755,55608.84,114.707675,6.762395555555555,1003.46387,20.42,40.987339,15.836336,0.0016704422881739,2,summer,yeongheung_coal,1,57.884,55608.84
2024-06-13,10511.701802784,9168.271605216,1655.150157072,7.748333333333334,5.38,225.51666666666665,6,18.5483341217041,94.16666412353516,,2.6045519444444443,0.0,-0.87662774,0.48116916,36.15465006347611,26158.633333333335,0.0,123.2,1.0,0.0,68554.33633333334,27.143333333333334,84.9375748466755,57592.267,113.331798,4.3566038888888885,1002.7117,24.67,46.394693,6.975384999999999,0.0016504390069463,3,summer,yeongheung_coal,1,59.96172,57592.267
2024-06-14,10523.291154192,8801.994500496,1622.63992176,7.426666666666667,5.136666666666667,224.08,6,19.02958297729492,92.41666412353516,,2.876764166666667,0.0,-0.99912024,-0.04193791,32.1252138754979,26158.633333333335,0.0,123.2,1.0,0.0,68554.33633333334,27.143333333333334,84.9375748466755,56603.368,115.590444,7.125306666666667,1002.8864,23.42,42.56635,9.972831,0.0016832760631128,4,summer,yeongheung_coal,1,63.05126299999999,56603.368
2024-06-15,10436.497021008,12138.2024904,5557.081298112,8.063333333333334,10.223333333333334,191.76166666666663,6,20.000415802001953,94.625,,2.602773611111111,2.1999998092651367,-0.9985139,0.054497898,36.35544774084484,26158.633333333335,0.0,123.2,1.0,0.0,68554.33633333334,27.143333333333334,84.9375748466755,62856.022,99.193389,4.924428611111111,1001.7824,11.92,27.505517,3.796011000000001,0.0014448403367049,5,summer,yeongheung_coal,1,67.891861,62856.022
2024-06-16,11590.152509376,11236.76997552,10271.774214576,8.783333333333333,7.218333333333334,195.67166666666665,6,20.13166618347168,88.70833587646484,,5.022430555555555,0.0,-0.98675525,0.16221623,17.662431544890197,26158.633333333335,0.0,123.2,1.0,0.0,68554.33633333334,27.143333333333334,84.9375748466755,67939.835,122.652007,6.484597222222223,1004.0066,26.47,46.15835,9.219704,0.001785925824123,6,summer,yeongheung_coal,1,67.273953,67939.835
2024-06-17,15808.984520976,13167.4986684,2090.294311968,10.415,7.221666666666667,190.285,6,19.875417709350582,89.75,,3.6975552777777776,0.0,-0.5975124,-0.8018597,24.272794659594528,26158.633333333335,0.0,123.2,1.0,0.0,68554.33633333334,27.143333333333334,84.9375748466755,77479.356,121.668478,6.981403611111111,1005.3421,22.47,43.211756,14.150283,0.0017716301106077,0,summer,yeongheung_coal,1,64.306439,77479.356
2024-06-18,15649.008575616,13015.691430479998,1944.827229024,10.461666666666668,7.38,196.135,6,12.464,56.758,100.322,0.276,0.0,0.9838163102837671,-0.1791799866604365,205.64492753623188,26158.633333333335,0.0,123.2,1.0,0.0,68554.33633333334,27.143333333333334,84.9375748466755,75779.581,133.09830799999995,16.610792,1004.3565,27.19,43.272847,23.658588,0.0019377388119821,1,summer,yeongheung_coal,1,66.166873,75779.581
2024-06-19,14862.164369472,12508.744439232,1855.307252592,9.696666666666667,7.743333333333333,181.08166666666668,6,12.666,43.828,138.946,0.204,0.0,0.6567700345301336,-0.7540909240557714,214.843137254902,26158.633333333335,0.0,123.2,1.0,0.0,68554.33633333334,27.143333333333334,84.9375748466755,74795.216,114.658346,16.563911,1006.0015,22.71,43.011752,9.712837,0.0016697251290109,2,summer,yeongheung_coal,1,61.933757,74795.216
2024-06-20,9599.689309823998,8605.645624080002,2038.440529728,6.661666666666666,5.638333333333333,184.3,6,13.116,38.239999999999995,219.894,0.892,0.0,-0.641369290705329,-0.7672323200570628,42.86995515695067,26158.633333333335,0.0,123.2,1.0,0.0,68554.33633333334,27.143333333333334,84.9375748466755,75277.329,109.560622,18.335276,1002.6179,26.12,40.694869999999995,6.841829,0.0015956073986198,3,summer,yeongheung_coal,1,62.023923,75277.329
2024-06-21,15596.618583312,13424.60642832,2103.913558512,9.483333333333333,7.866666666666667,185.65,6,12.994,52.366,155.19,0.084,0.0,0.4196105131155109,-0.9077042565081084,523.66,26158.633333333335,0.0,123.2,1.0,0.0,68554.33633333334,27.143333333333334,84.9375748466755,78294.618,107.519512,15.034041,1000.4576,19.08,39.65983,6.588267,0.0015659278456177,4,summer,yeongheung_coal,1,61.27141499999999,78294.618
2024-06-22,16495.450534656,13793.986701216,2209.3377932159997,9.585,7.768333333333333,209.635,6,0.9439999999999996,39.001999999999995,127.152,0.156,0.0,0.7970361462173011,-0.6039316034312768,250.0128205128205,26158.633333333335,0.0,123.2,1.0,0.0,68554.33633333334,27.143333333333334,84.9375748466755,79182.146,85.639557,25.264202,995.89624,2.83,5.584419,20.587641,0.0012476629819454,5,summer,yeongheung_coal,1,59.467497,79182.146
2024-06-23,16089.415552656,13432.895942976,2192.68249776,9.951666666666666,7.875,237.67,6,13.372,55.526,141.71599999999998,0.6839999999999999,0.0,0.6195598567272439,-0.7849494148874289,81.17836257309942,26158.633333333335,0.0,123.2,1.0,0.0,68554.33633333334,27.143333333333334,84.9375748466755,74352.835,114.463195,28.337282,995.94916,17.9,36.445917,18.186756000000003,0.0016668879576491,6,summer,yeongheung_coal,1,59.830521999999995,74352.835
2024-06-24,16596.999214416,12831.97485384,2181.156205824,10.485,7.388333333333333,183.485,6,12.094,48.452,185.79,1.164,0.0,-0.1008826562043163,-0.994898331326956,41.6254295532646,26158.633333333335,0.0,123.2,1.0,0.0,68554.33633333334,27.143333333333334,84.9375748466755,74901.345,165.046192,29.871325,1000.4831,23.67,37.030793,69.067082,0.0024017414874057,0,summer,yeongheung_coal,1,58.948317,74901.345
2024-06-25,15553.076330016,13065.213860208,2097.8826763680004,10.291666666666666,7.513333333333333,184.38333333333333,6,11.414,50.25,214.37399999999997,0.548,0.0,-0.5645925206399596,-0.825369787208992,91.6970802919708,26158.633333333335,0.0,123.2,1.0,0.0,68554.33633333334,27.143333333333334,84.9375748466755,75773.261,167.71835900000002,26.980793,1007.81177,24.53,40.248838000000006,68.223474,0.0024405317878062,1,summer,yeongheung_coal,1,59.246047,75773.261
2024-06-26,16212.130648704,12946.512590208002,1930.26854952,12.428333333333333,7.886666666666667,192.5016666666667,6,-3.766,38.1,152.834,0.1399999999999999,0.0,0.4565700563083648,-0.8896874640471094,272.14285714285734,26158.633333333335,0.0,123.2,1.0,0.0,68554.33633333334,27.143333333333334,84.9375748466755,77678.81,117.645713,16.279802,1012.511,26.94,49.566857000000006,10.351175,0.0017131544699062,2,summer,yeongheung_coal,1,57.727681,77678.81
2024-06-27,16173.585488592002,12756.459028464002,1963.322220672,13.555,8.225,192.3766666666667,6,14.25,36.996,247.43400000000003,0.732,0.0,-0.923438099986158,-0.3837474110583087,50.54098360655738,26158.633333333335,0.0,123.2,1.0,0.0,68554.33633333334,27.143333333333334,84.9375748466755,75054.798,90.987893,11.525623,1009.9011,23.64,37.379477,2.879041,0.0013254783778134,3,summer,yeongheung_coal,1,50.729375,75054.798
2024-06-28,16024.995527328,12524.044975056,1909.319264064,13.315,8.645,191.73333333333332,6,22.43791389465332,83.375,,2.512347777777778,0.0,-0.99893665,-0.04610381,33.18609021309417,26158.633333333335,0.0,123.2,1.0,0.0,68554.33633333334,27.143333333333334,84.9375748466755,74225.766,107.453799,4.627094444444444,1005.32477,26.08,48.666839,0.70848,0.0015649722908899,4,summer,yeongheung_coal,1,58.07848,74225.766
2024-06-29,16337.831076288,13120.017591744,2327.081154768,13.071666666666667,8.285,200.88333333333335,6,23.531667709350582,84.625,,4.732770277777778,33.79999923706055,0.5797569,-0.8147895,17.880648126393908,26158.633333333335,0.0,123.2,1.0,0.0,68554.33633333334,27.143333333333334,84.9375748466755,75199.495,160.400753,9.170605555555555,1001.0884,15.44,32.394648000000004,64.548934,0.0023342991591232,5,summer,yeongheung_coal,1,63.457171,75199.495
2024-06-30,16502.511238416,12900.682741392,2512.1928346560003,12.621666666666668,7.791666666666667,237.735,6,23.03583335876465,91.5,,8.349684722222221,7.099999904632568,-0.7565539,-0.6539314,10.958497601290004,26158.633333333335,0.0,123.2,1.0,0.0,68554.33633333334,27.143333333333334,84.9375748466755,76256.891,172.407458,12.907363055555557,994.46906,20.19,36.760852,69.304681,0.0025085934308696,6,summer,yeongheung_coal,1,66.34192499999999,76256.891
2024-07-01,13413.505010688,12892.90845888,2209.824666144,11.613333333333337,8.211666666666668,248.59666666666664,6,12.494,56.528,132.5,0.0839999999999999,0.0,0.7372773368101241,-0.6755902076156602,565.28,26989.709677419356,0.0,157.80645161290323,1.0,0.0,70083.26258064515,26.978333333333335,84.5170844851392,74354.591,108.311704,13.237039,1001.3692,25.4,43.009424,0.40896,0.0015430869745244,0,summer,yeongheung_coal,1,64.89332,74354.591
2024-07-02,13257.865707696,12679.947995903998,2389.08944664,11.528333333333334,8.001666666666667,190.79,6,14.684,54.504,140.052,2.412,0.0,0.6420921051716334,-0.7666275030784248,22.597014925373134,26989.709677419356,0.0,157.80645161290323,1.0,0.0,70083.26258064515,26.978333333333335,84.5170844851392,73833.76,132.06719900000002,41.12517,1000.639,2.48,2.606453,66.867846,0.0018808883959452,1,summer,yeongheung_coal,1,62.5929,73833.76
2024-07-03,12753.915227280002,11665.479426192,2061.0944069760003,11.388333333333334,7.771666666666667,163.8733333333333,6,1.2280000000000002,38.034000000000006,148.852,0.808,0.0,0.517250492156576,-0.8558340542206648,47.07178217821782,26989.709677419356,0.0,157.80645161290323,1.0,0.0,70083.26258064515,26.978333333333335,84.5170844851392,69470.186,130.90851500000002,37.420956,1004.8259,20.39,27.86291,45.188093,0.001864417295786,2,summer,yeongheung_coal,1,57.857512,69470.186
2024-07-04,10031.384868048,9529.961296608,4707.335704751999,12.078333333333331,13.48,584.4316666666666,6,2.0460000000000007,37.704,141.57999999999998,3.136,0.0,0.621421303053402,-0.7834765881067614,12.02295918367347,26989.709677419356,0.0,157.80645161290323,1.0,0.0,70083.26258064515,26.978333333333335,84.5170844851392,55233.777,130.561148,42.626186,1004.493,21.36,36.956471,47.474102,0.0018594792459185,3,summer,yeongheung_coal,1,46.130575,55233.777
2024-07-05,8749.058406192,7075.242618335999,1843.911681408,25.403333333333336,10.745,282.37333333333333,6,12.626,57.7,194.734,0.0839999999999999,0.0,-0.2543318881114116,-0.9671169994833532,577.0,26989.709677419356,0.0,157.80645161290323,1.0,0.0,70083.26258064515,26.978333333333335,84.5170844851392,37366.777,103.208551,45.15525,1001.69525,21.58,24.381411,28.177335,0.0014704906705797,4,summer,yeongheung_coal,1,50.64980500000001,37366.777
2024-07-06,8650.914046416,6887.2936252320005,1350.394987536,27.423333333333336,11.216666666666669,197.08,6,13.166,54.998000000000005,198.16,1.242,0.0,-0.3116716368479416,-0.9501898709124008,44.28180354267311,26989.709677419356,0.0,157.80645161290323,1.0,0.0,70083.26258064515,26.978333333333335,84.5170844851392,38224.42,172.865904,43.135452,1000.1758,10.44,23.797645,90.774019,0.0024605099616011,5,summer,yeongheung_coal,1,58.294239999999995,38224.42
2024-07-07,8899.164892367999,6875.525602367999,1363.716780768,26.073333333333338,11.975,211.14833333333337,6,1.1539999999999992,39.364,202.21,1.0699999999999998,0.0,-0.3780023759643252,-0.9258046250507312,36.788785046728975,26989.709677419356,0.0,157.80645161290323,1.0,0.0,70083.26258064515,26.978333333333335,84.5170844851392,38555.296,96.010208,19.483284,1001.6722,8.11,12.181831,22.874846,0.0013680707163944,6,summer,yeongheung_coal,1,60.953531000000005,38555.296
2024-07-08,12576.46773024,9076.067998271998,2157.384376944,17.031666666666666,16.226666666666667,342.65500000000003,6,0.7260000000000005,39.3,110.23600000000002,0.118,0.0,0.9382758802656854,-0.3458878033577551,333.0508474576271,26989.709677419356,0.0,157.80645161290323,1.0,0.0,70083.26258064515,26.978333333333335,84.5170844851392,44058.679,100.381615,16.808569,1000.375,2.48,3.984651,35.740891,0.0014302707724918,0,summer,yeongheung_coal,1,60.656073,44058.679
2024-07-09,12249.370753632002,11898.789166656,20220.125936256,11.581666666666669,13.425,295.75333333333333,6,1.124000000000001,38.552,49.122,0.9399999999999998,0.0,0.7561048158667225,0.6544505385612801,41.01276595744682,26989.709677419356,0.0,157.80645161290323,1.0,0.0,70083.26258064515,26.978333333333335,84.5170844851392,60613.306,99.617915,20.966715,1001.5064,6.27,8.927903,19.507646,0.0014194047650435,1,summer,yeongheung_coal,1,71.18236600000002,60613.306
2024-07-10,18232.338959568,13706.22563784,2123.9439183359996,12.721666666666666,8.203333333333333,165.75333333333333,6,0.5920000000000002,37.797999999999995,112.432,0.174,0.0,0.924333059579402,-0.3815866808060543,217.22988505747125,26989.709677419356,0.0,157.80645161290323,1.0,0.0,70083.26258064515,26.978333333333335,84.5170844851392,77682.61,160.539003,38.973217,997.57,22.17,42.356919000000005,40.911145000000005,0.0022854543658038,2,summer,yeongheung_coal,1,77.270939,77682.61
2024-07-11,18335.472439104,13709.76245208,2036.933789904,12.873333333333331,8.123333333333333,224.255,6,0.0900000000000005,38.8,153.724,0.1379999999999999,0.0,0.4426956326067759,-0.8966719449558386,281.15942028985523,26989.709677419356,0.0,157.80645161290323,1.0,0.0,70083.26258064515,26.978333333333335,84.5170844851392,77670.89,94.626888,15.034041,1000.009,12.26,29.203823,6.728372,0.0013483860617136,3,summer,yeongheung_coal,1,58.694693,77670.89
2024-07-12,16585.041926736,13700.928067632,1876.907794896,11.931666666666668,8.281666666666666,189.45,6,0.65,38.65,145.98600000000002,0.31,0.0,0.5593954588691145,-0.8289009112050806,124.6774193548387,26989.709677419356,0.0,157.80645161290323,1.0,0.0,70083.26258064515,26.978333333333335,84.5170844851392,77511.861,103.000956,16.09969,1000.62445,23.01,35.481141,1.87392,0.0014675372474589,4,summer,yeongheung_coal,1,65.64589500000001,77511.861
2024-07-13,18050.61472632,13337.232786,1974.037746528,12.73,8.161666666666667,188.95833333333337,6,3.798000000000001,40.614,185.116,0.192,0.0,-0.0891724405339704,-0.9960162026037606,211.53124999999997,26989.709677419356,0.0,157.80645161290323,1.0,0.0,70083.26258064515,26.978333333333335,84.5170844851392,78107.714,104.678338,16.73516,1002.966,17.59,38.52985700000001,2.936209,0.0014914006114146,5,summer,yeongheung_coal,1,63.212272,78107.714
2024-07-14,16638.434615232,13239.784202112,2219.1099661440003,12.12,7.896666666666667,189.6866666666667,6,15.386,49.182,92.542,0.432,0.0,0.9990159784869422,-0.0443517161762347,113.84722222222224,26989.709677419356,0.0,157.80645161290323,1.0,0.0,70083.26258064515,26.978333333333335,84.5170844851392,77279.091,129.820559,21.068459,1006.51807,20.3,41.917324,22.556447,0.0018489511241345,6,summer,yeongheung_coal,1,65.346788,77279.091
2024-07-15,17469.304260768,13078.322216208,1949.961066048,12.606666666666667,8.011666666666667,190.45666666666668,6,14.768,55.272000000000006,96.69,0.1399999999999999,0.0,0.9931909972965598,-0.1164973943445303,394.8000000000003,26989.709677419356,0.0,157.80645161290323,1.0,0.0,70083.26258064515,26.978333333333335,84.5170844851392,76388.192,116.361786,23.34455,1008.8098,20.48,39.957014,27.412619,0.0016575841687165,0,summer,yeongheung_coal,1,48.992153,76388.192
2024-07-16,16296.93767088,12996.35934552,1917.427468464,11.695,7.98,189.7783333333333,6,1.5460000000000007,38.85,109.866,1.718,0.0,0.9404899467342634,-0.3398215121086101,22.61350407450524,26989.709677419356,0.0,157.80645161290323,1.0,0.0,70083.26258064515,26.978333333333335,84.5170844851392,75944.134,100.766061,30.353355,1007.60547,7.94,12.350812,44.08108500000001,0.0014357406229058,1,summer,yeongheung_coal,1,44.334163999999994,75944.134
2024-07-17,17313.2916084,13465.827144144,1985.55453936,12.015,8.043333333333333,195.13333333333333,6,7.514,56.562,150.302,2.02,0.0,0.4954283471707363,-0.8686488086791304,28.0009900990099,26989.709677419356,0.0,157.80645161290323,1.0,0.0,70083.26258064515,26.978333333333335,84.5170844851392,76189.856,345.554111,37.490158,1004.83673,9.44,7.951844,301.073939,0.0049064307371927,2,summer,yeongheung_coal,1,36.528328,76189.856
2024-07-18,17967.673636272,13400.879163696,2081.744540496,12.468333333333334,8.181666666666667,265.81666666666666,6,5.956,59.59400000000001,141.59,1.478,0.0,0.6212845511285611,-0.7835850346509831,40.32070365358593,26989.709677419356,0.0,157.80645161290323,1.0,0.0,70083.26258064515,26.978333333333335,84.5170844851392,76133.271,126.587763,45.763912,999.2986,5.13,3.933399,86.83962799999999,0.0018029914945041,3,summer,yeongheung_coal,1,35.814736,76133.271
2024-07-19,17575.573234464,13272.832557504,2002.192798752,12.38,8.236666666666666,249.195,6,16.476666666666667,62.576666666666675,189.1966666666667,0.7999999999999999,0.0,-0.1598237581613263,-0.9871455649128906,78.22083333333335,26989.709677419356,0.0,157.80645161290323,1.0,0.0,70083.26258064515,26.978333333333335,84.5170844851392,76090.244,111.424738,20.929594,1002.7386,19.57,35.846745000000006,22.483259,0.0015873671107642,4,summer,yeongheung_coal,1,53.094733999999995,76090.244
2024-07-20,17857.537593983998,13100.9088312,1958.864329296,12.586666666666666,7.974999999999999,198.13333333333333,6,17.356666666666666,59.38333333333333,173.40333333333334,3.016666666666667,10.09999942779541,0.1148793582135245,-0.9933794506916522,19.685082872928177,26989.709677419356,0.0,157.80645161290323,1.0,0.0,70083.26258064515,26.978333333333335,84.5170844851392,76125.689,178.852341,44.29609,1003.3902,9.81,20.987854,98.544328,0.0025455018141633,5,summer,yeongheung_coal,1,59.320159,76125.689
2024-07-21,16795.467602352,12988.413478223998,1923.738456816,12.236666666666666,8.041666666666666,195.98166666666668,6,-4.426666666666666,30.673333333333336,189.73333333333335,1.36,0.4000000059604645,-0.1690628100516743,-0.9856052791343152,22.55392156862745,26989.709677419356,0.0,157.80645161290323,1.0,0.0,70083.26258064515,26.978333333333335,84.5170844851392,74987.829,145.25412699999998,50.05942,1003.8513,17.61,24.113278,62.058848999999995,0.0020683069187503,6,summer,yeongheung_coal,1,59.082,74987.829
2024-07-22,17375.3572716,13225.097172384,2095.536307248,12.213333333333331,8.073333333333332,193.155,6,3.1899999999999995,48.3175,119.1725,2.3625,0.0,0.8731561325414743,-0.4874406304415086,20.451851851851856,26989.709677419356,0.0,157.80645161290323,1.0,0.0,70083.26258064515,26.978333333333335,84.5170844851392,76105.783,271.6059,39.6605,1003.1814,4.24,8.435638999999998,204.613757,0.0038605132219772,0,summer,yeongheung_coal,1,58.556504,76105.783
2024-07-23,16701.087844368,13165.414221168,1900.477824912,12.126666666666663,8.125,193.92,6,3.0525,49.02,110.3925,0.425,0.0,0.9373276094360208,-0.3484493544102995,115.34117647058824,26989.709677419356,0.0,157.80645161290323,1.0,0.0,70083.26258064515,26.978333333333335,84.5170844851392,75890.05,200.24465200000003,47.328705,1001.5295,7.21,7.731086,117.196398,0.0028490987414326,1,summer,yeongheung_coal,1,75.31716800000001,75890.05
2024-07-24,17056.766633328,12926.731956623998,1946.72395872,12.605,8.091666666666667,203.17,6,7.840000000000001,58.001999999999995,141.658,0.25,0.0,0.6203541363514276,-0.7843218379668352,232.008,26989.709677419356,0.0,157.80645161290323,1.0,0.0,70083.26258064515,26.978333333333335,84.5170844851392,74815.435,224.036366,20.188908,1002.07544,11.33,29.225439,110.866023,0.0031865306924963,2,summer,yeongheung_coal,1,83.944904,74815.435
2024-07-25,17427.818422368,13505.543062272,1945.807242048,12.288333333333334,8.298333333333334,210.9766666666667,6,22.02,73.696,142.794,0.304,0.0,0.6046825239650977,-0.7964666001855941,242.42105263157896,26989.709677419356,0.0,157.80645161290323,1.0,0.0,70083.26258064515,26.978333333333335,84.5170844851392,76857.153,137.04296699999998,15.530151,1003.3899,16.28,35.735394,17.890029000000002,0.0019516145071031,3,summer,yeongheung_coal,1,83.41754399999999,76857.153
2024-07-26,17530.850231424,13437.105941232,2042.415663408,12.833333333333334,8.225,211.57333333333335,6,21.842,74.128,112.376,1.4540000000000002,0.0,0.9247055748833712,-0.3806830699934184,50.982118294360376,26989.709677419356,0.0,157.80645161290323,1.0,0.0,70083.26258064515,26.978333333333335,84.5170844851392,75806.723,173.229815,22.66857,1006.64087,9.86,30.358865,72.740302,0.0024656769658306,4,summer,yeongheung_coal,1,70.13064800000001,75806.723
2024-07-27,17512.050607056,13380.396274368,1911.209159088,12.678333333333333,8.11,215.83166666666668,6,22.654000000000003,75.026,108.976,1.028,0.0,0.9456548663147966,-0.325172068011913,72.98249027237354,26989.709677419356,0.0,157.80645161290323,1.0,0.0,70083.26258064515,26.978333333333335,84.5170844851392,77009.376,174.303251,23.675304,1011.00494,8.28,29.827703,58.29696,0.0024809178760572,5,summer,yeongheung_coal,1,86.17858799999999,77009.376
2024-07-28,16470.09436896,12954.697015968,1825.032705696,11.956666666666663,7.941666666666666,215.02833333333336,6,21.664,73.994,137.616,1.564,0.0,0.6740961456614937,-0.7386436125793807,47.31074168797954,26989.709677419356,0.0,157.80645161290323,1.0,0.0,70083.26258064515,26.978333333333335,84.5170844851392,75164.013,231.024916,29.487053,1009.979,16.57,36.676585,103.30944,0.0032856041670197,6,summer,yeongheung_coal,1,91.038891,75164.013
2024-07-29,17790.890093136,12787.230136608,1983.381274944,12.485,7.838333333333334,213.83666666666667,6,7.684,57.001999999999995,148.93,0.926,0.0,0.5160849176847752,-0.8565374234312818,61.5572354211663,26989.709677419356,0.0,157.80645161290323,1.0,0.0,70083.26258064515,26.978333333333335,84.5170844851392,74928.131,303.04420899999997,28.97944,1006.8637,15.69,20.902382,187.02336,0.0043054426751736,0,summer,yeongheung_coal,1,95.118467,74928.131
2024-07-30,16600.020453072,13123.485168768,2112.0255470879997,11.898333333333332,7.953333333333333,215.03333333333333,6,21.272,75.30199999999999,137.082,0.142,0.0,0.6809509705018313,-0.732329007873247,530.2957746478874,26989.709677419356,0.0,157.80645161290323,1.0,0.0,70083.26258064515,26.978333333333335,84.5170844851392,77183.708,226.703526,23.617756,1005.0532,18.55,36.698167,97.1808,0.0032243441229389,1,summer,yeongheung_coal,1,92.824559,77183.708
2024-07-31,18120.146568912,13536.703155168,1958.21015688,12.683333333333332,8.061666666666666,213.47666666666663,6,21.914,74.726,140.28,0.982,0.0,0.6390363497041621,-0.7691765361454936,76.09572301425662,26989.709677419356,0.0,157.80645161290323,1.0,0.0,70083.26258064515,26.978333333333335,84.5170844851392,76998.598,159.44737700000002,16.981165,1004.2048,22.59,40.709945999999995,38.317440000000005,0.0022699491106784,2,summer,yeongheung_coal,1,80.419991,76998.598
2024-08-01,16958.291556816002,12108.880330128,1910.137536288,12.325,7.8,207.2266666666667,6,22.2,75.95,136.016,0.4599999999999999,0.0,0.6944574658088584,-0.7195337575001872,165.10869565217396,27641.09677419355,0.0,212.83870967741936,1.0,0.0,74355.19838709677,26.81833333333333,89.32095520253773,70247.102,171.11242700000005,18.079027,1002.08954,17.88,31.728548000000004,47.24352,0.0022960002330832,3,summer,yeongheung_coal,1,92.140359,70247.102
2024-08-02,16974.260358336,12087.250357824,1946.59297848,12.433333333333332,7.701666666666667,255.08833333333337,6,8.008000000000001,58.794,223.106,0.352,0.0,-0.6833502323489969,-0.730090720355061,167.0284090909091,27641.09677419355,0.0,212.83870967741936,1.0,0.0,74355.19838709677,26.81833333333333,89.32095520253773,71304.935,187.335131,17.581125,1001.9372,12.29,36.250927,55.785599999999995,0.0025131307209262,4,summer,yeongheung_coal,1,95.298604,71304.935
2024-08-03,17363.8447776,13537.027054368,1976.857917984,12.716666666666669,8.306666666666667,216.0716666666667,6,21.178,77.362,153.272,0.288,0.0,0.4497555285660699,-0.8931517029733835,268.61805555555554,27641.09677419355,0.0,212.83870967741936,1.0,0.0,74355.19838709677,26.81833333333333,89.32095520253773,76506.461,135.631776,13.397612,1005.0551,14.26,43.36774,2.65536,0.0018207848630903,5,summer,yeongheung_coal,1,89.608676,76506.461
2024-08-04,17390.25507456,13672.6487064,2009.035124928,12.561666666666667,8.496666666666666,212.76333333333335,6,21.514,72.082,194.162,0.296,0.0,-0.2446643714701553,-0.9696078306888376,243.52027027027023,27641.09677419355,0.0,212.83870967741936,1.0,0.0,74355.19838709677,26.81833333333333,89.32095520253773,76535.238,128.805005,12.287555,1005.7232,18.71,41.893195,0.45312,0.0017292975556368,6,summer,yeongheung_coal,1,86.45869,76535.238
2024-08-05,16701.206877648,13615.91380944,1910.947866192,11.983333333333334,8.526666666666666,215.63833333333332,6,21.08,75.884,105.71,1.064,0.0,0.9626445030766884,-0.270768463260099,71.31954887218045,27641.09677419355,0.0,212.83870967741936,1.0,0.0,74355.19838709677,26.81833333333333,89.32095520253773,76608.822,132.333329,14.830076,1005.2579,16.37,40.224601,6.70272,0.0017765836234764,0,summer,yeongheung_coal,1,85.406008,76608.822
2024-08-06,16675.51203216,13572.120007151998,1959.981931008,12.023333333333332,8.293333333333333,213.76,6,24.164,69.098,183.968,0.24,0.0,-0.0691993180239335,-0.99760285403813,287.90833333333336,27641.09677419355,0.0,212.83870967741936,1.0,0.0,74355.19838709677,26.81833333333333,89.32095520253773,76622.93,137.669323,13.849477,1005.44183,18.81,31.503432,11.978879999999998,0.0018480873032807,1,summer,yeongheung_coal,1,94.187011,76622.93
2024-08-08,16871.440264848,13619.129905728,2343.1915908,11.343333333333334,8.506666666666666,213.27166666666665,6,6.862,58.578,198.26,0.1339999999999999,0.0,-0.3133295554797055,-0.9496444543421976,437.14925373134366,27641.09677419355,0.0,212.83870967741936,1.0,0.0,74355.19838709677,26.81833333333333,89.32095520253773,76574.96,109.397414,9.007196,1002.7662,9.89,22.783225,0.90624,0.0014691198256445,3,summer,yeongheung_coal,1,85.707949,76574.96
2024-08-09,16743.54905208,13752.204434064,2288.538456624,11.288333333333332,8.633333333333333,213.88333333333333,6,7.548,58.496,173.07,0.266,0.0,0.1206566288714985,-0.9926943023455738,219.90977443609023,27641.09677419355,0.0,212.83870967741936,1.0,0.0,74355.19838709677,26.81833333333333,89.32095520253773,76604.044,129.33551300000002,12.371645,1002.38885,23.79,40.920300000000005,1.488,0.0017364076302534,4,summer,yeongheung_coal,1,86.92721300000001,76604.044
2024-08-10,16798.45747464,13445.241650784,2187.1549864800004,11.753333333333332,8.391666666666666,215.285,6,21.202,73.574,124.362,0.1699999999999999,0.0,0.8254880170867496,-0.5644196432143254,432.7882352941179,27641.09677419355,0.0,212.83870967741936,1.0,0.0,74355.19838709677,26.81833333333333,89.32095520253773,74745.716,125.948964,13.044722,1000.987,19.7,38.928341,0.54144,0.0016910180425428,5,summer,yeongheung_coal,1,86.47918299999999,74745.716
2024-08-11,17388.029144448,13491.962061695998,2220.867126288,11.755,8.174999999999999,215.0016666666667,6,21.518,75.67,205.936,0.092,0.0,-0.4373669109312673,-0.899283150749774,756.6999999999999,27641.09677419355,0.0,212.83870967741936,1.0,0.0,74355.19838709677,26.81833333333333,89.32095520253773,76463.741,132.879327,23.188583,1000.07074,15.85,34.984435,11.12448,0.0017839006063496,6,summer,yeongheung_coal,1,86.770412,76463.741
2024-08-12,17306.71108704,13788.403255296,2239.94942424,12.01,8.438333333333333,216.6783333333333,6,19.914,73.582,147.672,0.4019999999999999,0.0,0.5347653584232294,-0.845000598479359,183.0398009950249,27641.09677419355,0.0,212.83870967741936,1.0,0.0,74355.19838709677,26.81833333333333,89.32095520253773,76658.988,130.696344,17.673029,1002.10895,20.88,40.327491,1.76448,0.0017546455536558,0,summer,yeongheung_coal,1,88.604373,76658.988
2024-08-13,17509.192262496,13825.124720784,2388.891652272,12.015,8.453333333333333,218.5016666666667,6,9.01,57.70399999999999,201.516,0.782,0.0,-0.3667610340303354,-0.9303151852555128,73.79028132992326,27641.09677419355,0.0,212.83870967741936,1.0,0.0,74355.19838709677,26.81833333333333,89.32095520253773,77645.701,134.459341,19.09358,1005.5908,20.51,39.60477,6.22464,0.0018050739539011,1,summer,yeongheung_coal,1,88.629931,77645.701
2024-08-14,18014.755818528,13771.776146688002,2345.454079776,12.105,8.501666666666667,220.79833333333332,6,21.972,71.726,160.28400000000002,0.108,0.0,0.3373581534490539,-0.9413763733499182,664.1296296296297,27641.09677419355,0.0,212.83870967741936,1.0,0.0,74355.19838709677,26.81833333333333,89.32095520253773,77376.903,136.01825200000002,19.373219,1005.6265,19.36,35.702032,8.62272,0.00182596362547,2,summer,yeongheung_coal,1,91.6935,77376.903
2024-08-15,17266.661444736,13824.370618271998,2300.550038208,11.618333333333334,8.611666666666666,220.79,6,17.174,69.588,197.51,0.3339999999999999,0.0,-0.3008722499326431,-0.9536644531597416,208.3473053892216,27641.09677419355,0.0,212.83870967741936,1.0,0.0,74355.19838709677,26.81833333333333,89.32095520253773,76580.935,133.344359,17.935081,1005.2452,12.92,38.76696,5.76768,0.0017901324698285,3,summer,yeongheung_coal,1,88.809719,76580.935
2024-08-16,17057.871329904,13384.3043664,2295.643473791999,11.681666666666668,8.225,219.77666666666664,6,21.794,74.66,176.554,0.204,0.0,0.0601077926755005,-0.9981918920025744,365.9803921568627,27641.09677419355,0.0,212.83870967741936,1.0,0.0,74355.19838709677,26.81833333333333,89.32095520253773,76535.073,135.611436,20.316889,1006.11066,19.36,41.20111,4.89984,0.0018205123064449,4,summer,yeongheung_coal,1,89.510486,76535.073
2024-08-17,17086.159334736,13561.35781968,2378.8493945279997,11.993333333333332,8.365,220.67166666666665,6,8.830000000000002,57.614,169.98200000000003,0.37,0.0,0.1739575555728528,-0.9847531512308644,155.7135135135135,27641.09677419355,0.0,212.83870967741936,1.0,0.0,74355.19838709677,26.81833333333333,89.32095520253773,76574.85,132.187661,13.1041975,1007.83136,17.67,38.172204,3.4944,0.0017746314914936,5,summer,yeongheung_coal,1,90.521057,76574.85
2024-08-18,17004.963645936,13591.504752192,2373.148812672,11.768333333333333,8.491666666666667,219.1966666666667,6,15.106,68.02799999999999,187.002,0.2639999999999999,0.0,-0.1219039897275418,-0.9925418969940298,257.68181818181824,27641.09677419355,0.0,212.83870967741936,1.0,0.0,74355.19838709677,26.81833333333333,89.32095520253773,74990.357,134.467411,15.077082,1007.3515,18.42,39.814854,1.2691199999999998,0.00180518209552,6,summer,yeongheung_coal,1,93.383437,74990.357
2024-08-19,17127.975147408,13716.97587576,2382.498702144,11.839999999999998,8.62,221.22333333333333,6,21.536,76.2,163.05599999999998,0.606,0.0,0.2914368878910407,-0.9565900586857388,125.74257425742574,27641.09677419355,0.0,212.83870967741936,1.0,0.0,74355.19838709677,26.81833333333333,89.32095520253773,78606.319,59.288951999999995,16.299694,1005.9958,15.57,22.235156,0.10176,0.000796739373206,0,summer,yeongheung_coal,1,36.952036,78606.319
2024-08-20,17340.969484368,13822.936471872,2311.32011904,11.638333333333334,8.573333333333332,223.79333333333332,6,22.986,75.474,50.174,0.208,0.0,0.7679929719329146,0.6404582695708202,362.8557692307693,27641.09677419355,0.0,212.83870967741936,1.0,0.0,74355.19838709677,26.81833333333333,89.32095520253773,77986.692,42.432377,21.67487,1006.1375,20.29,20.110217,0.0,0.0005703458102657,1,summer,yeongheung_coal,1,22.32216,77986.692
2024-08-21,15921.893547935995,13702.366109088,2458.7631636479996,11.08,8.313333333333334,208.49333333333337,6,23.156,72.494,146.61,1.894,0.0,0.5503350232617625,-0.8349439275612915,38.275607180570226,27641.09677419355,0.0,212.83870967741936,1.0,0.0,74355.19838709677,26.81833333333333,89.32095520253773,76855.151,31.187424,61.00274,1003.86993,3.46,7.256784,0.0,0.000419262525796,2,summer,yeongheung_coal,1,23.93064,76855.151
2024-08-22,15513.493555440002,13804.602853104,2575.2936831839997,10.811666666666667,8.38,204.86,6,21.594,73.424,143.11,1.2520000000000002,0.0,0.6002806448789872,-0.7997894394049394,58.64536741214057,27641.09677419355,0.0,212.83870967741936,1.0,0.0,74355.19838709677,26.81833333333333,89.32095520253773,75195.599,36.524725,47.297207,1001.2674,10.77,12.429564999999998,0.0,0.0004909783437192,3,summer,yeongheung_coal,1,24.09516,75195.599
2024-08-23,15624.309590784,13327.641478656,2521.719543024,11.106666666666667,8.378333333333332,199.27833333333336,6,7.540000000000001,57.720000000000006,148.826,0.314,0.0,0.5176388040612998,-0.8555992452836709,183.82165605095545,27641.09677419355,0.0,212.83870967741936,1.0,0.0,74355.19838709677,26.81833333333333,89.32095520253773,73280.733,53.280345,25.537172,1005.31744,14.98,15.07566,4.14528,0.0007160520670209,4,summer,yeongheung_coal,1,34.059405,73280.733
2024-08-24,15660.022836672,13534.638869232002,2260.007811504,10.9,8.551666666666668,202.15,6,7.25,57.928,226.79,0.1379999999999999,0.0,-0.7288491403103565,-0.6846743245287165,419.7681159420293,27641.09677419355,0.0,212.83870967741936,1.0,0.0,74355.19838709677,26.81833333333333,89.32095520253773,73350.462,109.319367,13.339445,1007.6717,16.17,27.9628,0.14976,0.0014680732555202,5,summer,yeongheung_coal,1,81.206807,73350.462
2024-08-25,15829.903426896,13559.991939072,2282.485083984,11.048333333333334,8.553333333333333,206.4283333333333,6,7.709999999999999,58.402,166.476,0.166,0.0,0.2338526487236747,-0.9722720497293552,351.8192771084337,27641.09677419355,0.0,212.83870967741936,1.0,0.0,74355.19838709677,26.81833333333333,89.32095520253773,73440.101,120.955549,11.681987,1006.98926,20.46,37.494966,0.81024,0.0016240842552608,6,summer,yeongheung_coal,1,82.65034299999999,73440.101
2024-08-26,15936.274480896,13426.035315408,2182.70959992,11.126666666666669,8.700000000000001,205.33166666666668,6,21.954,73.064,147.578,0.494,0.0,0.5361509541211281,-0.8441221205459575,147.90283400809716,27641.09677419355,0.0,212.83870967741936,1.0,0.0,74355.19838709677,26.81833333333333,89.32095520253773,73509.735,97.95744299999998,16.766108,1004.8577,7.77,17.171722000000003,3.97056,0.0013156922887666,0,summer,yeongheung_coal,1,76.81516099999999,73509.735
2024-08-27,13677.796185407997,11869.402434624,2112.93496944,10.328333333333331,8.203333333333333,200.79833333333332,6,20.006,73.58399999999999,172.734,0.106,0.0,0.1264759842526894,-0.9919696696004942,694.188679245283,27641.09677419355,0.0,212.83870967741936,1.0,0.0,74355.19838709677,26.81833333333333,89.32095520253773,67250.415,127.291472,24.269983,1004.1047,10.25,14.684532,21.8496,0.0017090120408273,1,summer,yeongheung_coal,1,90.75734,67250.415
2024-08-28,13308.364453536,11710.994796144,2107.942883568,10.255,7.988333333333333,180.6966666666667,6,22.212,63.129999999999995,82.89000000000001,0.542,0.0,0.992310350244224,0.1237746694529429,116.4760147601476,27641.09677419355,0.0,212.83870967741936,1.0,0.0,74355.19838709677,26.81833333333333,89.32095520253773,67137.358,145.682737,25.455843,1006.20044,21.99,40.422881,15.7824,0.0019554498524297,2,summer,yeongheung_coal,1,89.477456,67137.358
2024-08-29,12911.878454688,12219.3481428,2161.463198112,9.678333333333333,8.271666666666667,167.835,6,22.192,59.034000000000006,56.422,0.388,0.0,0.8331336664049919,0.5530716896592843,152.1494845360825,27641.09677419355,0.0,212.83870967741936,1.0,0.0,74355.19838709677,26.81833333333333,89.32095520253773,67876.954,165.78724499999998,25.809765,1004.7742,22.35,45.261723999999994,30.128477,0.0022247054785141,3,summer,yeongheung_coal,1,90.397044,67876.954
2024-08-30,13802.226251184,12527.965143936,2294.31965112,9.928333333333333,8.285,166.97833333333332,6,20.892000000000003,67.372,202.118,0.908,0.0,-0.3765153221226632,-0.9264103908133086,74.19823788546255,27641.09677419355,0.0,212.83870967741936,1.0,0.0,74355.19838709677,26.81833333333333,89.32095520253773,68172.92,183.966618,32.726357,1003.49335,19.43,43.815253000000006,46.572613,0.0024680531098976,4,summer,yeongheung_coal,1,93.578752,68172.92
2024-08-31,13438.724610528,12044.110051296,2119.715483904,9.981666666666667,7.914999999999999,167.33166666666668,6,18.662,77.744,203.074,0.154,0.0,-0.3919196744674565,-0.9199994395462004,504.8311688311688,27641.09677419355,0.0,212.83870967741936,1.0,0.0,74355.19838709677,26.81833333333333,89.32095520253773,67161.077,150.332969,23.587555,1004.51117,23.35,44.77269,12.41808,0.0020177423912526,5,summer,yeongheung_coal,1,93.142199,67161.077
2024-09-01,12622.828152528,11795.982046416,2093.330028384,9.761666666666668,7.816666666666666,165.05499999999998,6,18.172,75.586,151.996,0.284,0.0,0.4695332030122385,-0.8829148154092036,266.1478873239437,22658.866666666665,0.0,140.36666666666667,1.0,0.0,60857.89033333333,26.958333333333332,77.78265103926184,66422.293,127.872923,20.87379,1005.2098,23.17,41.306602,1.277022,0.0020967667890377,6,autumn,yeongheung_coal,1,85.289299,66422.293
2024-09-02,13023.193645008,12049.489522655998,2181.871589472,9.796666666666669,8.11,162.80833333333334,6,19.618,72.522,112.894,0.152,0.0,0.9212261494794524,-0.3890274816966811,477.1184210526316,22658.866666666665,0.0,140.36666666666667,1.0,0.0,60857.89033333333,26.958333333333332,77.78265103926184,67382.044,126.874584,31.991425,1005.9553,9.08,5.674252999999999,35.82586500000001,0.0020804308120558,0,autumn,yeongheung_coal,1,85.374466,67382.044
2024-09-03,13795.731037584,12080.647084464,2154.103183296,10.556666666666668,8.076666666666666,163.11666666666667,6,20.842,66.474,85.74000000000001,0.404,0.0,0.9972372355389866,0.0742825420577397,164.53960396039605,22658.866666666665,0.0,140.36666666666667,1.0,0.0,60857.89033333333,26.958333333333332,77.78265103926184,67450.821,167.167653,29.44307,1009.5467,16.4,39.285325,40.801002,0.0027393280484458,1,autumn,yeongheung_coal,1,87.081326,67450.821
2024-09-04,13795.263866448,11930.672519568,2077.246812672,10.295,7.998333333333334,165.29666666666665,6,20.458,71.818,141.63600000000002,0.116,0.0,0.6206552485794157,-0.7840835812659411,619.1206896551723,22658.866666666665,0.0,140.36666666666667,1.0,0.0,60857.89033333333,26.958333333333332,77.78265103926184,67204.044,169.420792,28.79325,1007.4668,15.96,40.64787199999999,45.07186,0.0027761470868683,2,autumn,yeongheung_coal,1,83.70106,67204.044
2024-09-05,13556.095060896,11970.190544832,2117.696965632,9.955,7.775,163.635,6,19.77,76.926,139.222,0.24,0.0,0.6531298905936364,-0.7572458953425529,320.52500000000003,22658.866666666665,0.0,140.36666666666667,1.0,0.0,60857.89033333333,26.958333333333332,77.78265103926184,67612.456,132.159425,30.911821,1005.0777,10.63,17.376799,44.344789,0.0021669014129955,3,autumn,yeongheung_coal,1,70.437837,67612.456
2024-09-06,13507.27194816,11843.691645168,2164.815695664,10.088333333333331,8.036666666666667,161.63666666666666,6,18.954,71.886,91.326,0.606,0.0,0.9997322112034636,-0.0231410000266418,118.62376237623762,22658.866666666665,0.0,140.36666666666667,1.0,0.0,60857.89033333333,26.958333333333332,77.78265103926184,66904.439,108.077043,21.9718,1008.27814,9.97,19.502272,12.859165,0.0017727438380967,4,autumn,yeongheung_coal,1,75.715606,66904.439
2024-09-07,12985.693683983998,10607.687973503997,2047.754665872,26.95,6.595,178.8033333333333,6,18.89,75.12,155.024,0.158,0.0,0.4222385913574927,-0.9064847334447724,475.4430379746836,22658.866666666665,0.0,140.36666666666667,1.0,0.0,60857.89033333333,26.958333333333332,77.78265103926184,57247.153,130.339384,19.513195,1010.8252,21.82,40.120856,3.3643110000000003,0.0021371235827649,5,autumn,yeongheung_coal,1,86.854217,57247.153
2024-09-08,13046.710234608,10796.769254304,1797.87379752,27.468333333333337,7.253333333333333,169.49333333333334,6,18.632,76.538,199.652,0.102,0.0,-0.3363064157028864,-0.941752618662182,750.3725490196078,22658.866666666665,0.0,140.36666666666667,1.0,0.0,60857.89033333333,26.958333333333332,77.78265103926184,57156.49,133.452864,12.768586,1011.4414,16.97,42.219842,1.91616,0.0021880623872837,6,autumn,yeongheung_coal,1,89.316862,57156.49
2024-09-09,13011.831199728002,10789.910541504,1688.961245328,27.461666666666662,7.835,170.21333333333334,6,19.95,69.66,204.12,0.33,0.0,-0.4086490747363485,-0.912691587403503,211.0909090909091,22658.866666666665,0.0,140.36666666666667,1.0,0.0,60857.89033333333,26.958333333333332,77.78265103926184,57211.015,111.61904599999998,17.49615,1010.7172,19.44,38.296237999999995,0.57984,0.0018307355124926,0,autumn,yeongheung_coal,1,72.74296799999999,57211.015
2024-09-10,13818.575338560002,10758.320517744,1691.7308779680002,27.68166666666667,7.471666666666667,171.80499999999998,6,20.732,76.72200000000001,165.224,0.3419999999999999,0.0,0.25504075350343,-0.9669303046509622,224.3333333333334,22658.866666666665,0.0,140.36666666666667,1.0,0.0,60857.89033333333,26.958333333333332,77.78265103926184,57154.456,105.789158,18.328207,1011.04034,18.36,37.612043,3.04512,0.0017352817100719,1,autumn,yeongheung_coal,1,65.13199499999999,57154.456
2024-09-11,13844.893709808,10662.780290544,1706.866969536,28.535,6.359999999999999,171.07833333333335,6,7.268000000000001,58.678,147.708,0.106,0.0,0.5342343233652235,-0.8453364346451073,553.566037735849,22658.866666666665,0.0,140.36666666666667,1.0,0.0,60857.89033333333,26.958333333333332,77.78265103926184,57107.348,103.13671,14.458382,1012.9532,12.25,25.520546000000003,8.642254000000001,0.0016918466601077,2,autumn,yeongheung_coal,1,68.97391,57107.348
2024-09-12,13224.71168928,10474.094043936,1583.5437812159996,27.735000000000003,6.103333333333334,163.28166666666667,6,7.94,58.212,87.654,0.596,0.0,0.9991618532242657,0.0409339841873591,97.67114093959732,22658.866666666665,0.0,140.36666666666667,1.0,0.0,60857.89033333333,26.958333333333332,77.78265103926184,56852.551,94.08686,21.349546,1012.35345,1.88,7.150551999999999,2.978685,0.0015436227720975,3,autumn,yeongheung_coal,1,83.957623,56852.551
2024-09-13,13565.68195248,10409.709702671998,2302.6850351999997,24.755,7.828333333333333,161.21666666666667,6,7.956,57.343999999999994,190.18400000000003,0.8240000000000001,0.0,-0.1768098941569555,-0.984245020982177,69.59223300970872,22658.866666666665,0.0,140.36666666666667,1.0,0.0,60857.89033333333,26.958333333333332,77.78265103926184,55541.707,159.723928,30.861471,1006.715,3.48,5.267749,57.08166,0.0026176691752633,4,autumn,yeongheung_coal,1,97.374519,55541.707
2024-09-14,13837.392510768,14949.10959768,2221.7907791519997,12.763333333333334,10.021666666666668,151.45666666666668,6,19.665,71.33,210.6475,0.78,0.0,-0.5097548229014486,-0.8603197199464352,91.44871794871794,22658.866666666665,0.0,140.36666666666667,1.0,0.0,60857.89033333333,26.958333333333332,77.78265103926184,65658.148,130.867526,17.49615,1003.788,11.92,25.343079,7.969347,0.0021457647375248,5,autumn,yeongheung_coal,1,97.5551,65658.148
2024-09-15,15371.790239808,12857.96256912,2077.4578921919997,13.53,7.245,152.35333333333332,6,19.8925,59.7525,67.8725,1.5725,0.0,0.9263479494747612,0.3766689216061037,37.99841017488076,22658.866666666665,0.0,140.36666666666667,1.0,0.0,60857.89033333333,26.958333333333332,77.78265103926184,73718.661,141.902091,35.364388,1006.73047,10.17,33.877283000000006,17.387974000000003,0.0023262717029081,6,autumn,yeongheung_coal,1,90.636834,73718.661
2024-09-16,14649.461461728,12469.91254776,1879.823665152,13.68,7.281666666666666,152.74666666666667,6,20.105,70.75,165.53,0.31,0.0,0.2498730488369544,-0.9682786063240916,228.2258064516129,22658.866666666665,0.0,140.36666666666667,1.0,0.0,60857.89033333333,26.958333333333332,77.78265103926184,71458.337,203.011993,36.429436,1012.4543,12.97,40.090715,79.48866000000001,0.0033247460365885,0,autumn,yeongheung_coal,1,83.432618,71458.337
2024-09-17,12696.361069103998,11248.596803664,1678.305842352,13.245,7.2,153.285,6,19.8675,72.0,176.215,0.285,0.0,0.0660126743182694,-0.9978187845642864,252.63157894736844,22658.866666666665,0.0,140.36666666666667,1.0,0.0,60857.89033333333,26.958333333333332,77.78265103926184,64988.44,124.592616,20.364674,1012.78754,7.31,34.347685,8.788878,0.0020430886046984,1,autumn,yeongheung_coal,1,81.456053,64988.44
2024-09-18,13099.094204832,11883.450210192,1893.408637104,13.175,7.353333333333333,154.58,6,19.7875,72.4925,180.175,0.27,0.0,-0.0030543214420708,-0.9999953355493856,268.49074074074076,22658.866666666665,0.0,140.36666666666667,1.0,0.0,60857.89033333333,26.958333333333332,77.78265103926184,69218.952,119.931473,10.239453,1011.25165,7.56,37.335495,2.2906310000000003,0.001966804806195,2,autumn,yeongheung_coal,1,80.305347,69218.952
2024-09-19,10327.133939616,9212.791895136,2098.332054864,12.99,5.3549999999999995,281.7416666666667,6,20.0525,71.4925,158.9175,0.3324999999999999,0.0,0.3597118368909561,-0.9330634460745604,215.01503759398503,22658.866666666665,0.0,140.36666666666667,1.0,0.0,60857.89033333333,26.958333333333332,77.78265103926184,56768.14,107.026824,11.983188,1011.5643,10.13,24.250262,3.2719579999999997,0.0017555477640327,3,autumn,yeongheung_coal,1,79.504604,56768.14
2024-09-20,11183.856216624,10116.861785279998,1617.6211745760002,12.633333333333333,5.576666666666667,268.80833333333334,6,4.492,58.17999999999999,59.75,1.534,0.0,0.8638355052043957,0.5037739770455263,37.92698826597131,22658.866666666665,0.0,140.36666666666667,1.0,0.0,60857.89033333333,26.958333333333332,77.78265103926184,58787.338,120.958938,31.667723,1007.2238,2.87,5.149347,35.034972,0.0019836211972741,4,autumn,yeongheung_coal,1,80.774619,58787.338
2024-09-21,10950.98825304,9817.525065168,1562.498891856,12.708333333333334,5.454999999999999,252.56833333333336,6,16.14,62.33,182.372,1.124,0.0,-0.0413873852237836,-0.9991431750977124,55.45373665480427,22658.866666666665,0.0,140.36666666666667,1.0,0.0,60857.89033333333,26.958333333333332,77.78265103926184,58556.091,293.532212,41.251034,1004.34375,3.31,12.768164,205.821657,0.0048000880401824,5,autumn,yeongheung_coal,1,74.942391,58556.091
2024-09-22,10760.42309832,9483.221185632,1506.709313856,13.093333333333334,5.141666666666667,258.57,6,16.778,59.236,55.814,0.432,0.0,0.8272178924613661,0.5618812671657383,137.12037037037035,22658.866666666665,0.0,140.36666666666667,1.0,0.0,60857.89033333333,26.958333333333332,77.78265103926184,59130.172,210.137822,35.728977,1010.1963,10.52,24.626631,118.106237,0.0034410448207938,6,autumn,yeongheung_coal,1,67.404954,59130.172
2024-09-23,10617.320856096,9292.763628432,1509.3948805920002,13.625,5.11,257.5,6,16.684,56.27,93.652,0.8480000000000001,0.0,0.997969330538198,-0.0636962738717153,66.35613207547169,22658.866666666665,0.0,140.36666666666667,1.0,0.0,60857.89033333333,26.958333333333332,77.78265103926184,59078.649,120.480087,34.114628,1015.4233,19.99,45.179702,44.989571,0.001975783973391,0,autumn,yeongheung_coal,1,30.310814,59078.649
2024-09-24,10607.016424176,9310.53302784,1473.586746912,13.661666666666669,5.251666666666666,268.59666666666664,6,16.308,68.958,192.276,0.2699999999999999,0.0,-0.2126211037046459,-0.9771347226761612,255.4000000000001,22658.866666666665,0.0,140.36666666666667,1.0,0.0,60857.89033333333,26.958333333333332,77.78265103926184,57933.511,88.041911,31.667723,1014.17975,20.07,45.81917,34.170126,0.0014445904387357,1,autumn,yeongheung_coal,1,8.052615,57933.511
2024-09-25,10972.961125776,9083.373654384,1479.302892,13.52,5.19,248.03,6,18.369999999999997,73.412,152.80599999999998,0.236,0.0,0.4570047850877342,-0.8894642355974263,311.0677966101695,22658.866666666665,0.0,140.36666666666667,1.0,0.0,60857.89033333333,26.958333333333332,77.78265103926184,57942.182,43.036731,23.166216,1011.92285,13.58,32.622249,10.414482,0.000706667912535,2,autumn,yeongheung_coal,1,0.0,57942.182
2024-09-26,10421.210282256,8926.514246592,1508.391286992,13.005,5.038333333333333,242.92,6,16.990000000000002,74.11,199.116,0.436,0.0,-0.3274817657335963,-0.9448574988388492,169.97706422018348,22658.866666666665,0.0,140.36666666666667,1.0,0.0,60857.89033333333,26.958333333333332,77.78265103926184,57087.5,73.56483,15.119999,1010.5273,14.69,38.228074,5.837699000000001,0.0012073374877196,3,autumn,yeongheung_coal,1,29.499057,57087.5
2024-09-27,10729.169092512,8961.402378096,1514.028877776,13.15,4.975,253.39,6,18.113999999999997,59.053999999999995,42.186,0.42,0.0,0.6715395565617803,0.7409687064733621,140.6047619047619,22658.866666666665,0.0,140.36666666666667,1.0,0.0,60857.89033333333,26.958333333333332,77.78265103926184,58153.902,129.132396,29.827904,1011.3298,13.71,38.680367,23.343940000000003,0.0021173749794788,4,autumn,yeongheung_coal,1,67.108089,58153.902
2024-09-28,8855.006718383998,8071.286765328,1377.926599968,13.343333333333334,4.986666666666667,254.90499999999997,6,18.33,60.586,96.62,0.76,0.0,0.9933325844473028,-0.1152838959926407,79.71842105263157,22658.866666666665,0.0,140.36666666666667,1.0,0.0,60857.89033333333,26.958333333333332,77.78265103926184,51714.32,152.399353,27.897097,1015.38153,17.22,40.577078,45.852917999999995,0.0024979286901196,5,autumn,yeongheung_coal,1,65.969357,51714.32
2024-09-29,7496.081940239999,7802.765398655999,1283.258710224,13.201666666666666,5.078333333333333,253.525,6,17.574,67.446,153.05599999999998,0.498,0.0,0.4531194271739273,-0.8914498217609177,135.43373493975903,22658.866666666665,0.0,140.36666666666667,1.0,0.0,60857.89033333333,26.958333333333332,77.78265103926184,48863.995,147.73439100000002,31.311722,1017.3238,17.37,43.015152,40.777619,0.0024216519651682,6,autumn,yeongheung_coal,1,63.94162,48863.995
2024-09-30,9611.69248152,8458.925602608,1474.36264152,13.411666666666669,4.901666666666666,250.6933333333333,6,16.79,73.854,175.82199999999995,0.106,0.0,0.0728552504693933,-0.9973425251532404,696.7358490566038,22658.866666666665,0.0,140.36666666666667,1.0,0.0,60857.89033333333,26.958333333333332,77.78265103926184,55431.554,134.48896100000002,31.435646,1014.01154,15.15,38.501336,32.078305,0.0022050125369104,0,autumn,yeongheung_coal,1,63.90932,55431.554
2024-10-01,10540.849463568,9059.051462111998,1533.612359376,13.2,5.058333333333333,259.505,6,13.188,43.97,218.544,0.8619999999999999,0.0,-0.6231154529378373,-0.7821298692097585,51.0092807424594,21306.225806451617,0.0,2.6129032258064515,1.0,0.0,55858.83806451613,20.248333333333335,89.21059125110983,57212.112,250.54089,39.523014,1009.32916,5.15,14.544035,169.685688,0.0044652230102759,1,autumn,yeongheung_coal,1,66.311167,57212.112
2024-10-02,10122.152901408,8455.196387088,1437.790139136,14.39,4.951666666666667,269.305,6,11.812,39.196000000000005,125.436,0.5,0.0,0.8147636617576512,-0.5797932178624234,78.39200000000001,21306.225806451617,0.0,2.6129032258064515,1.0,0.0,55858.83806451613,20.248333333333335,89.21059125110983,55607.408,185.411577,37.950554,1016.1562,19.44,46.595267,94.086103,0.0033083068858263,2,autumn,yeongheung_coal,1,44.730207,55607.408
2024-10-03,10034.172067248,8739.792858096002,1384.3187146080002,14.793333333333331,5.148333333333333,258.835,6,11.424,71.962,205.156,0.364,0.0,-0.4250843087900081,-0.90515376065093,197.69780219780225,21306.225806451617,0.0,2.6129032258064515,1.0,0.0,55858.83806451613,20.248333333333335,89.21059125110983,55464.779,111.869139,22.127556,1019.6436,18.41,42.624951,14.715671999999998,0.001998708692267,3,autumn,yeongheung_coal,1,54.528516,55464.779
2024-10-04,9769.041342864,8692.392923856001,1394.60877864,15.155,5.288333333333333,260.20166666666665,6,12.306,64.822,203.644,0.446,0.0,-0.4010526304949793,-0.91605501339879,145.34080717488789,21306.225806451617,0.0,2.6129032258064515,1.0,0.0,55858.83806451613,20.248333333333335,89.21059125110983,55100.748,77.81519800000001,18.11841,1021.54565,18.78,42.446124000000005,5.769259,0.0013911307427494,4,autumn,yeongheung_coal,1,29.599815,55100.748
2024-10-05,10394.058533904,8988.883580160002,1445.13366264,15.025,5.626666666666668,261.50166666666667,6,13.258,59.489999999999995,206.89,0.524,0.0,-0.4522790543900706,-0.8918764807752381,113.53053435114502,21306.225806451617,0.0,2.6129032258064515,1.0,0.0,55858.83806451613,20.248333333333335,89.21059125110983,57347.107,75.123804,16.1198,1020.9331,16.42,36.595421,5.766438,0.0013430803306333,5,autumn,yeongheung_coal,1,32.761945,57347.107
2024-10-06,10468.707902208002,9116.130319632,1400.09659704,15.043333333333331,5.329999999999999,265.53000000000003,6,12.612,72.716,206.456,0.2,0.0,-0.4455104213544029,-0.89527675300134,363.5799999999999,21306.225806451617,0.0,2.6129032258064515,1.0,0.0,55858.83806451613,20.248333333333335,89.21059125110983,57543.467,44.811276,16.992609,1018.3941,5.05,6.307186,4.929798000000001,0.0008015805144857,6,autumn,yeongheung_coal,1,33.574292,57543.467
2024-10-07,10585.461545424,9190.226153376,1473.019558704,14.25,5.1,263.99333333333334,6,14.812,61.779999999999994,210.696,0.42,0.0,-0.5104828876546119,-0.8598879121209978,147.09523809523807,21306.225806451617,0.0,2.6129032258064515,1.0,0.0,55858.83806451613,20.248333333333335,89.21059125110983,57972.262,55.56281799999999,19.469976,1015.32904,11.89,15.848537999999998,5.410081,0.0009937121228705,0,autumn,yeongheung_coal,1,34.304199,57972.262
2024-10-08,10492.075040832,9072.642058272,1478.563933536,13.993333333333332,5.045,265.77000000000004,6,14.35,66.414,89.44,0.274,0.0,0.9999522363688096,0.0097736881992491,242.3868613138686,21306.225806451617,0.0,2.6129032258064515,1.0,0.0,55858.83806451613,20.248333333333335,89.21059125110983,58136.788,86.364407,20.892412,1014.56586,16.71,37.150294,5.541643,0.0015437321376032,1,autumn,yeongheung_coal,1,43.67247,58136.788
2024-10-09,10508.30901216,9295.115969087998,1487.5542027359998,14.116666666666667,5.351666666666667,266.42,6,12.766,67.726,96.168,0.678,0.0,0.9942111271364116,-0.1074441002482023,99.89085545722712,21306.225806451617,0.0,2.6129032258064515,1.0,0.0,55858.83806451613,20.248333333333335,89.21059125110983,58180.154,117.694674,28.639803,1013.9236,15.04,36.950869,15.361171000000002,0.0021025717071435,2,autumn,yeongheung_coal,1,65.382634,58180.154
2024-10-10,10575.773680464,9111.747993408,1507.0574959199998,12.453333333333331,5.466666666666666,243.95333333333335,6,19.329586029052734,70.79166412353516,,5.324448888888889,1.0,-0.005016632,-0.9999874,13.295585252262237,21306.225806451617,0.0,2.6129032258064515,1.0,0.0,55858.83806451613,20.248333333333335,89.21059125110983,57504.679,140.064697,8.595929166666666,1012.3962,13.08,37.180527999999995,37.783569,0.002501204311029,3,autumn,yeongheung_coal,1,65.1006,57504.679
2024-10-11,10841.497765343998,9036.966824784,1484.841509856,12.298333333333332,5.391666666666667,231.98166666666668,6,19.148332595825195,72.95833587646484,,2.5513744444444444,0.0,-0.9930974,0.117292166,28.595699088908663,21306.225806451617,0.0,2.6129032258064515,1.0,0.0,55858.83806451613,20.248333333333335,89.21059125110983,57168.135,106.746537,4.204759166666666,1015.4526,15.95,36.219834000000006,3.516964,0.0019073603494013,4,autumn,yeongheung_coal,1,67.009739,57168.135
2024-10-12,9969.712725744,8374.798841471998,1381.6756491839997,12.159999999999998,4.978333333333333,231.34,6,18.92125129699707,68.0,,2.558105833333333,0.0,-0.46648124,0.8845311,26.58216838174861,21306.225806451617,0.0,2.6129032258064515,1.0,0.0,55858.83806451613,20.248333333333335,89.21059125110983,54539.067,111.76365,3.721558888888889,1020.57745,16.86,43.10794800000001,0.742015,0.0019968277377124,5,autumn,yeongheung_coal,1,67.91368700000001,54539.067
2024-10-13,9178.914709728,8044.676932896001,1313.44137864,12.473333333333334,5.215,230.3733333333333,6,19.10874938964844,71.125,,4.717211111111111,0.0,0.8558826,-0.51717025,15.077764875196973,21306.225806451617,0.0,2.6129032258064515,1.0,0.0,55858.83806451613,20.248333333333335,89.21059125110983,50150.961,101.209782,6.652818888888889,1020.7828,12.64,22.528971,10.447008,0.0018086078531882,6,autumn,yeongheung_coal,1,68.233803,50150.961
2024-10-14,10587.937347504,8531.184590064,1461.994557984,12.125,5.585,230.27999999999997,6,15.29,69.81800000000001,94.316,0.852,0.0,0.9971641566336796,-0.075257190520522,81.94600938967137,21306.225806451617,0.0,2.6129032258064515,1.0,0.0,55858.83806451613,20.248333333333335,89.21059125110983,56043.241,124.943629,29.024128,1016.7915,5.72,7.424366,50.233276999999994,0.002231782584535,0,autumn,yeongheung_coal,1,67.28598600000001,56043.241
2024-10-15,10781.872992,9046.21693896,1469.399424192,11.876666666666669,5.678333333333334,234.89833333333337,6,15.28,74.852,196.746,0.224,0.0,-0.2881294163395514,-0.9575914783663384,334.1607142857143,21306.225806451617,0.0,2.6129032258064515,1.0,0.0,55858.83806451613,20.248333333333335,89.21059125110983,56951.866,76.113646,24.387178,1014.7256,4.3,5.195242,14.710718,0.0013607528686878,1,autumn,yeongheung_coal,1,56.207686,56951.866
2024-10-16,10691.08252056,9088.913125296,1464.926086656,12.176666666666668,5.278333333333333,239.87833333333333,6,12.108,77.038,137.832,0.496,0.0,0.6713067412419813,-0.741179640278301,155.31854838709677,21306.225806451617,0.0,2.6129032258064515,1.0,0.0,55858.83806451613,20.248333333333335,89.21059125110983,57591.215,49.52876,22.702845,1020.05853,16.47,27.457819,5.526052,0.0008858917334405,2,autumn,yeongheung_coal,1,16.544888999999998,57591.215
2024-10-17,10289.5683012,8489.588643936,1468.639182672,12.061666666666667,5.646666666666666,237.17333333333332,6,15.848000000000004,61.778,82.462,1.2440000000000002,0.0,0.9913580750790072,0.1311837145976804,49.66077170418006,21306.225806451617,0.0,2.6129032258064515,1.0,0.0,55858.83806451613,20.248333333333335,89.21059125110983,56021.733,23.820156,21.758419,1019.69806,12.36,23.820156,0.0,0.0004262530945826,3,autumn,yeongheung_coal,1,0.0,56021.733
2024-10-18,10775.261766528,9209.49134688,1566.38488176,11.646666666666668,5.329999999999999,235.35833333333335,6,14.16,76.334,138.42000000000002,0.776,0.0,0.6636651414324584,-0.7480297989033826,98.36855670103093,21306.225806451617,0.0,2.6129032258064515,1.0,0.0,55858.83806451613,20.248333333333335,89.21059125110983,57856.102,1.82805,29.144438,1011.5207,1.33,1.82805,0.0,3.272517367144244e-05,4,autumn,yeongheung_coal,1,0.0,57856.102
2024-10-19,11255.53854024,9585.541295423998,1728.964802304,11.756666666666666,5.128333333333333,243.07833333333335,6,11.418,54.85799999999999,75.316,1.062,0.0,0.967338577646368,0.2534878225814838,51.65536723163841,21306.225806451617,0.0,2.6129032258064515,1.0,0.0,55858.83806451613,20.248333333333335,89.21059125110983,60053.271,39.966285,41.022625,1015.29315,11.99,39.966285,0.0,0.0007149756683542,5,autumn,yeongheung_coal,1,0.0,60053.271
2024-10-20,9472.60994184,8171.924782032,1465.9526535840002,12.01,5.116666666666666,245.77833333333336,6,9.924,55.552,89.72,0.728,0.0,0.9999880590209088,0.0048869024540245,76.3076923076923,21306.225806451617,0.0,2.6129032258064515,1.0,0.0,55858.83806451613,20.248333333333335,89.21059125110983,51400.28,43.602211,39.763298,1027.5009,15.87,43.602211,0.0,0.000779969725563,6,autumn,yeongheung_coal,1,0.0,51400.28
2024-10-21,10172.504075904,8344.066255920001,1440.611683632,12.97,5.055,236.45666666666668,6,12.902,70.9,69.522,0.3379999999999999,0.0,0.936806590177132,0.3498476991502088,209.76331360946753,21306.225806451617,0.0,2.6129032258064515,1.0,0.0,55858.83806451613,20.248333333333335,89.21059125110983,54615.212,48.024764000000005,30.631746,1022.13794,5.03,13.233044,3.061962,0.0008590137519843,0,autumn,yeongheung_coal,1,31.729758,54615.212
2024-10-22,11134.157899968,8662.246024463999,1677.617644608,11.676666666666668,5.053333333333334,230.64,6,12.906,69.92,210.906,2.902,0.0,-0.5136311055890053,-0.8580111231047161,24.093728463128876,21306.225806451617,0.0,2.6129032258064515,1.0,0.0,55858.83806451613,20.248333333333335,89.21059125110983,58312.301,43.098973,42.864193,1012.941,2.04,2.570938,7.89867,0.0007709745902199,1,autumn,yeongheung_coal,1,32.629365,58312.301
2024-10-23,10114.028829215998,8897.266862496,1818.075290688,13.19,5.013333333333333,256.03833333333336,6,9.25,63.605999999999995,171.334,0.304,0.0,0.1506742095686631,-0.988583472738068,209.2302631578947,21306.225806451617,0.0,2.6129032258064515,1.0,0.0,55858.83806451613,20.248333333333335,89.21059125110983,57095.928,51.311899,51.952377,1013.3852,10.63,19.991979,10.823214,0.000917756418709,2,autumn,yeongheung_coal,1,20.496706,57095.928
2024-10-24,9209.61730152,8513.760535200001,1575.840694752,17.418333333333333,4.866666666666666,269.245,6,11.56,68.966,149.81199999999998,0.244,0.0,0.5028389223078633,-0.8643801352485297,282.6475409836065,21306.225806451617,0.0,2.6129032258064515,1.0,0.0,55858.83806451613,20.248333333333335,89.21059125110983,55818.99,67.97076799999999,22.33161,1019.9826,15.07,37.193839,5.086501,0.0012153521614929,3,autumn,yeongheung_coal,1,25.690428,55818.99
2024-10-25,10166.60247408,9189.414421488002,1656.783777168,15.763333333333334,5.308333333333334,256.99833333333333,6,12.202,64.59,189.4,0.524,0.0,-0.1633259622416221,-0.9865721616069696,123.26335877862596,21306.225806451617,0.0,2.6129032258064515,1.0,0.0,55858.83806451613,20.248333333333335,89.21059125110983,57219.209,78.60041799999999,19.011953,1022.58954,14.26,32.938543,4.057154,0.0014051486827479,4,autumn,yeongheung_coal,1,41.604721,57219.209
2024-10-26,10527.79021992,9382.127047632,1669.259907216,14.308333333333332,5.536666666666666,259.52166666666665,6,13.278,73.21000000000001,162.57,0.3119999999999999,0.0,0.2995403903090302,-0.9540836203255528,234.647435897436,21306.225806451617,0.0,2.6129032258064515,1.0,0.0,55858.83806451613,20.248333333333335,89.21059125110983,57514.638,112.913979,25.501621,1018.6447,14.63,37.130488,7.924282,0.0020173386552597,5,autumn,yeongheung_coal,1,67.859209,57514.638
2024-10-27,10470.462458544,8799.780063888,1638.05939784,14.618333333333334,5.066666666666666,262.235,6,11.874,72.082,220.86,0.8140000000000001,0.0,-0.6542129689358607,-0.7563103802514723,88.55282555282554,21306.225806451617,0.0,2.6129032258064515,1.0,0.0,55858.83806451613,20.248333333333335,89.21059125110983,56189.408,93.35542,24.774696,1012.1499,5.44,10.623107,14.947348,0.0016684854370514,6,autumn,yeongheung_coal,1,67.784965,56189.408
2024-10-28,10545.17211576,9288.559522368,1709.021377584,14.298333333333332,5.1466666666666665,277.75333333333333,6,13.226,61.148,78.47,1.106,0.0,0.9798201814932872,0.1998809944403458,55.287522603978296,21306.225806451617,0.0,2.6129032258064515,1.0,0.0,55858.83806451613,20.248333333333335,89.21059125110983,55491.837,82.938898,32.619255,1012.3631,10.76,13.808512,1.787993,0.0014825931978452,0,autumn,yeongheung_coal,1,67.342393,55491.837
2024-10-29,10620.782801136,9101.273190192,1755.525803328,14.660000000000002,5.623333333333334,266.565,6,10.67,72.086,188.204,0.292,0.0,-0.1426980327742268,-0.9897662711177652,246.86986301369865,21306.225806451617,0.0,2.6129032258064515,1.0,0.0,55858.83806451613,20.248333333333335,89.21059125110983,57522.948,91.812722,34.51685,1015.90265,8.61,9.066599,19.948057,0.0016409589648978,1,autumn,yeongheung_coal,1,62.798066,57522.948
2024-10-30,9883.67207976,8348.714392319998,1685.527739136,15.221666666666666,4.808333333333334,257.92833333333334,6,11.0,77.748,193.166,0.352,0.0,-0.2277730965880594,-0.9737142375824062,220.87500000000003,21306.225806451617,0.0,2.6129032258064515,1.0,0.0,55858.83806451613,20.248333333333335,89.21059125110983,56137.937,112.719663,22.59699,1019.9507,14.09,39.184726,7.139400999999999,0.0020138739670021,2,autumn,yeongheung_coal,1,66.39553599999999,56137.937
2024-10-31,5726.617532496,5342.926821407999,1994.713520832,7.871666666666667,3.3783333333333334,187.98833333333332,6,11.38,76.398,152.118,0.476,0.0,0.4676521480126316,-0.8839125909608776,160.5,21306.225806451617,0.0,2.6129032258064515,1.0,0.0,55858.83806451613,20.248333333333335,89.21059125110983,37860.195,102.707116,19.803272,1020.8609,14.04,37.454169,0.280584,0.0018353159418435,3,autumn,yeongheung_coal,1,64.972363,37860.195
2024-11-01,6366.61974024,5590.291121568001,1170.147280176,8.334999999999999,3.855,173.33666666666667,6,13.175999999999998,63.914,117.594,0.316,0.0,0.8862520906193169,-0.4632032295579233,202.2594936708861,19743.766666666663,0.0,14.333333333333334,1.0,0.0,52138.062,20.45,83.71054884996174,39074.0,76.526915,13.527572,1017.59906,7.89,11.139449,2.317973,0.0014656232403663,4,autumn,yeongheung_coal,1,63.069493,39074.0
2024-11-02,5895.32712624,5274.486238464,1145.1143374560002,7.908333333333334,3.1316666666666664,169.40666666666667,6,13.066,68.724,145.908,0.542,0.0,0.5605233700646901,-0.8281386065214702,126.79704797047972,19743.766666666663,0.0,14.333333333333334,1.0,0.0,52138.062,20.45,83.71054884996174,38702.0,137.148348,25.661207,1015.7652,13.41,42.859344,31.831786,0.0026235829007094,5,autumn,yeongheung_coal,1,62.457218,38702.0
2024-11-03,5219.750873232,4836.144266784,1110.909164832,7.746666666666667,2.908333333333333,174.08,6,14.686000000000002,67.696,134.974,1.786,0.0,0.7074275832502028,-0.7067858335144935,37.9036954087346,19743.766666666663,0.0,14.333333333333334,1.0,0.0,52138.062,20.45,83.71054884996174,36695.0,136.44283,28.019936,1019.253,13.1,39.689769,34.851711,0.0026101219025167,6,autumn,yeongheung_coal,1,61.90135,36695.0
2024-11-04,6206.508811584,8452.77804504,1913.158245168,11.125,8.08,181.86333333333337,6,8.61,40.458,204.048,0.826,0.0,-0.4075018303074808,-0.9132043902084862,48.98062953995157,19743.766666666663,0.0,14.333333333333334,1.0,0.0,52138.062,20.45,83.71054884996174,43515.652,169.59326500000003,38.753124,1018.22894,12.14,21.864558,81.32118700000001,0.0032422264798681,0,autumn,yeongheung_coal,1,66.40752,43515.652
2024-11-05,10077.147488879998,8739.70101216,1494.6651871200002,10.648333333333332,5.048333333333333,171.50833333333333,6,8.196000000000002,37.148,237.288,1.308,0.0,-0.8413976158216045,-0.5404165542336019,28.400611620795107,19743.766666666663,0.0,14.333333333333334,1.0,0.0,52138.062,20.45,83.71054884996174,56066.882,205.672209,42.918583,1020.5474,12.41,40.759062,87.922551,0.0039292612976136,1,autumn,yeongheung_coal,1,76.99059600000001,56066.882
2024-11-06,10557.345619008,8821.582104816001,1669.1721514560002,22.233333333333334,5.036666666666666,256.7033333333333,6,5.886,39.989999999999995,124.516,0.42,0.0,0.8239679860307322,-0.5666363542841732,95.21428571428572,19743.766666666663,0.0,14.333333333333334,1.0,0.0,52138.062,20.45,83.71054884996174,57346.725,187.692245,33.168877,1024.0382,13.69,34.945287,74.737552,0.0035869954997912,2,autumn,yeongheung_coal,1,78.009406,57346.725
2024-11-07,10263.948436224,9070.961078304,1465.507673712,20.763333333333332,5.353333333333333,257.8566666666666,6,6.048,47.656,205.096,0.354,0.0,-0.4241362010831089,-0.9055984115107472,134.6214689265537,19743.766666666663,0.0,14.333333333333334,1.0,0.0,52138.062,20.45,83.71054884996174,57849.685,103.41301,25.233406,1027.6874,13.62,22.685848,2.717414,0.0019795193374652,3,autumn,yeongheung_coal,1,78.009748,57849.685
2024-11-08,10215.133138224,8843.991505632,1463.065667424,20.588333333333335,5.753333333333333,256.455,6,9.0,47.698,139.03199999999998,0.756,0.0,0.655637417344476,-0.7550758749806972,63.092592592592595,19743.766666666663,0.0,14.333333333333334,1.0,0.0,52138.062,20.45,83.71054884996174,56868.954,134.950786,18.057508,1026.1742,13.31,44.110215,12.508603,0.0025816531094634,4,autumn,yeongheung_coal,1,78.331968,56868.954
2024-11-09,9307.051046784,8883.682525007998,1417.508774352,18.006666666666668,5.591666666666666,262.185,6,10.578,66.13,143.808,0.426,0.0,0.5904929889481723,-0.8070427683853277,155.23474178403754,19743.766666666663,0.0,14.333333333333334,1.0,0.0,52138.062,20.45,83.71054884996174,56952.7,130.924959,16.78156,1024.3531,12.61,39.58624,11.53536,0.0025048306197841,5,autumn,yeongheung_coal,1,79.803359,56952.7
2024-11-10,9299.254687920002,8731.278273456,1464.7536776160002,19.893333333333334,5.739999999999999,267.32666666666665,6,10.734,70.466,196.358,0.708,0.0,-0.2816381671769777,-0.9595206838777331,99.52824858757062,19743.766666666663,0.0,14.333333333333334,1.0,0.0,52138.062,20.45,83.71054884996174,55383.5,121.362043,17.654686,1020.3254,9.54,32.502808,8.68608,0.0023222996659921,6,autumn,yeongheung_coal,1,80.173155,55383.5
2024-11-11,9803.767101984,8918.461238544,1391.520293424,18.6,6.073333333333333,268.2033333333333,6,12.25,62.742,202.846,1.0219999999999998,0.0,-0.3882555806554594,-0.9215517370662876,61.39138943248533,19743.766666666663,0.0,14.333333333333334,1.0,0.0,52138.062,20.45,83.71054884996174,56090.965,123.393591,18.844202,1018.04376,12.22,37.341922,3.751764,0.0023610821704944,0,autumn,yeongheung_coal,1,82.299905,56090.965
2024-11-12,10468.19010456,8992.984531104,1572.525543168,17.583333333333332,5.366666666666667,266.02,6,9.948,49.352,163.86200000000002,0.54,0.0,0.2779518051305394,-0.9605950208202594,91.39259259259258,19743.766666666663,0.0,14.333333333333334,1.0,0.0,52138.062,20.45,83.71054884996174,57199.94,137.286878,24.442913,1017.4663,12.14,37.435550000000006,19.676765,0.0026262259544245,1,autumn,yeongheung_coal,1,80.174563,57199.94
2024-11-13,10866.966420816,9363.062250864,1611.517756896,19.008333333333333,5.498333333333334,267.6,6,10.432,72.774,198.06,0.088,0.0,-0.3100127688103203,-0.9507323930394708,727.74,19743.766666666663,0.0,14.333333333333334,1.0,0.0,52138.062,20.45,83.71054884996174,58726.995,121.987722,21.175837,1019.8091,11.1,37.087658,8.266005000000002,0.0023342442773958,2,autumn,yeongheung_coal,1,76.634059,58726.995
2024-11-14,10801.677123792,9190.758505104,1672.9108047359998,21.316666666666663,5.403333333333333,259.41,6,11.544,70.59400000000001,168.93400000000003,0.108,0.0,0.1919396218739393,-0.981406736045198,653.6481481481483,19743.766666666663,0.0,14.333333333333334,1.0,0.0,52138.062,20.45,83.71054884996174,58805.468,109.568598,24.464113,1017.9205,3.81,8.437068,28.397872,0.0020971017584134,3,autumn,yeongheung_coal,1,72.73365799999999,58805.468
2024-11-15,10946.338571088,9354.61455264,1744.44207912,22.398333333333337,5.625,264.005,6,13.568,56.358,79.178,1.106,0.0,0.9822152290590628,0.1877584719911532,50.95660036166365,19743.766666666663,0.0,14.333333333333334,1.0,0.0,52138.062,20.45,83.71054884996174,58746.617,135.294468,29.598919,1016.0838,6.38,27.477935,34.507115,0.0025882108427994,4,autumn,yeongheung_coal,1,73.30941800000001,58746.617
2024-11-16,9483.174074016,8639.715955392001,1644.2430956639998,18.066666666666663,5.073333333333333,259.00166666666667,6,11.532,69.312,195.236,2.148,0.0,-0.2627954645928269,-0.9648515656770424,32.268156424581,19743.766666666663,0.0,14.333333333333334,1.0,0.0,52138.062,20.45,83.71054884996174,55753.938,197.50758199999996,30.827856,1013.9515,4.98,14.654851999999998,114.271656,0.0037738689686092,5,autumn,yeongheung_coal,1,68.58107399999999,55753.938
2024-11-17,9488.599247664,8031.698871839999,1551.047584032,23.705,4.911666666666666,288.0166666666667,6,3.932,27.589999999999996,237.032,2.0540000000000003,0.0,-0.8389746209477658,-0.5441705480872268,13.432327166504376,19743.766666666663,0.0,14.333333333333334,1.0,0.0,52138.062,20.45,83.71054884996174,53111.977,439.430597,52.7188,1021.07306,9.62,22.796522,354.53264800000005,0.0083577701273847,6,autumn,yeongheung_coal,1,62.101427,53111.977
2024-11-18,9466.993713888,8702.375432976,1549.652640048,23.47,5.158333333333334,263.62833333333333,6,2.702,37.483999999999995,98.02,0.314,0.0,0.9902194278351374,-0.1395187612396735,119.37579617834392,19743.766666666663,0.0,14.333333333333334,1.0,0.0,52138.062,20.45,83.71054884996174,56357.7,169.78189199999997,50.030933,1030.5651,12.37,46.635479,59.98628299999999,0.0032458208820564,0,autumn,yeongheung_coal,1,63.160129999999995,56357.7
2024-11-19,10760.211281808,8932.895827631999,1468.517927184,21.584999999999997,5.515,246.28666666666663,6,5.178,48.756,178.20999999999998,0.374,0.0,0.0312363117968644,-0.9995120273540128,130.36363636363637,19743.766666666663,0.0,14.333333333333334,1.0,0.0,52138.062,20.45,83.71054884996174,57198.737,100.406257,22.086521,1028.081,8.68,27.367331000000004,13.271855,0.0019220750598204,1,autumn,yeongheung_coal,1,59.767071,57198.737
2024-11-20,10515.822809328,9097.990843248,1532.621025648,19.63,5.618333333333333,251.79833333333332,6,7.014,78.002,186.2,0.108,0.0,-0.1079993557060226,-0.9941509639723154,722.2407407407408,19743.766666666663,0.0,14.333333333333334,1.0,0.0,52138.062,20.45,83.71054884996174,56985.363,84.617913,23.40277,1021.8566,4.5,9.386755,4.34637,0.0016203288138595,2,autumn,yeongheung_coal,1,70.884788,56985.363
2024-11-21,10752.971533776,9022.428864432,1726.744068432,18.87666666666667,5.296666666666667,262.62,6,8.546000000000001,38.586,198.496,1.4220000000000002,0.0,-0.317238450151262,-0.9483458049391188,27.13502109704641,19743.766666666663,0.0,14.333333333333334,1.0,0.0,52138.062,20.45,83.71054884996174,57338.576,195.473073,32.978832,1017.4336,6.07,17.772968000000002,100.248068,0.0037351398625629,3,autumn,yeongheung_coal,1,77.45203699999999,57338.576
2024-11-22,10552.721873328,8985.697883855999,2251.665314928,20.021666666666665,5.276666666666666,268.8,6,5.2780000000000005,37.386,103.358,0.476,0.0,0.9729454969219284,-0.2310347593314514,78.5420168067227,19743.766666666663,0.0,14.333333333333334,1.0,0.0,52138.062,20.45,83.71054884996174,57184.803,304.328313,33.441265,1021.0329,11.65,44.249132,155.466682,0.0058030976693402,4,autumn,yeongheung_coal,1,104.612499,57184.803
2024-11-23,10285.32272256,8538.37176168,1532.0101561919998,17.279999999999998,5.511666666666667,259.1583333333333,6,5.948,47.674,124.992,0.492,0.0,0.8192321226824456,-0.5734620555583555,96.89837398373984,19743.766666666663,0.0,14.333333333333334,1.0,0.0,52138.062,20.45,83.71054884996174,55445.566,164.387404,20.674156,1025.2777,11.3,38.753666,31.18027,0.0031430154012524,5,autumn,yeongheung_coal,1,94.453468,55445.566
2024-11-24,10099.3574844,8641.03050864,1545.553000944,17.52,5.7316666666666665,255.33333333333337,6,5.7299999999999995,54.94199999999999,145.69400000000002,0.36,0.0,0.5636125546586404,-0.8260392776564327,152.61666666666665,19743.766666666663,0.0,14.333333333333334,1.0,0.0,52138.062,20.45,83.71054884996174,54958.302,137.61017300000003,21.068459,1026.9459,11.08,40.653099000000005,8.476942,0.0026323941382254,6,autumn,yeongheung_coal,1,88.48013200000001,54958.302
2024-11-25,10155.91283352,8780.70011544,1794.2706231840004,15.476666666666668,5.921666666666667,260.0083333333333,6,10.55,49.202,101.756,2.218,0.0,0.9790241418020936,-0.2037442754255288,22.18304779080253,19743.766666666663,0.0,14.333333333333334,1.0,0.0,52138.062,20.45,83.71054884996174,55091.329,214.510269,40.808823,1021.6973,7.53,29.927041000000003,97.991517,0.0040974160333095,0,autumn,yeongheung_coal,1,86.59171099999999,55091.329
2024-11-26,10510.773286176,8825.923534896,1894.3381144800005,18.30666666666667,5.364999999999999,283.17,6,3.286,66.47200000000001,211.22200000000004,3.166,0.0,-0.5183554074756094,-0.8551652890177401,20.995578016424513,19743.766666666663,0.0,14.333333333333334,1.0,0.0,52138.062,20.45,83.71054884996174,55562.33,363.503403,51.48503,1009.02466,7.24,18.053814,254.432281,0.0069236678984666,1,autumn,yeongheung_coal,1,91.017308,55562.33
2024-11-27,9798.123029328,8034.123611808,1733.240158272,21.528333333333332,5.0633333333333335,290.91,6,3.428,55.698,214.432,3.306,0.0,-0.5654277455983251,-0.8247978325066063,16.8475499092559,19743.766666666663,0.0,14.333333333333334,1.0,0.0,52138.062,20.45,83.71054884996174,53196.134,169.623499,65.42201,1008.24225,3.38,1.231791,79.418296,0.0032428026088679,2,autumn,yeongheung_coal,1,88.97341200000001,53196.134
2024-11-28,7907.131220544,6033.367599264,1924.995474576,31.21666666666667,3.683333333333333,319.40166666666664,6,0.8640000000000001,62.592000000000006,124.906,0.312,0.0,0.8200919564011359,-0.5722317564118209,200.61538461538464,19743.766666666663,0.0,14.333333333333334,1.0,0.0,52138.062,20.45,83.71054884996174,36048.138,223.931789,52.921223,1007.81537,2.41,8.252661,128.271473,0.0042766092884538,3,autumn,yeongheung_coal,1,87.407655,36048.138
2024-11-29,7944.150949487999,6042.719387663999,1213.874538624,34.544999999999995,3.7433333333333327,278.33666666666664,6,3.752,53.134,230.22200000000004,1.09,0.0,-0.7685292514318685,-0.6398146526093099,48.746788990825685,19743.766666666663,0.0,14.333333333333334,1.0,0.0,52138.062,20.45,83.71054884996174,35975.941,160.240354,31.353085,1010.285,4.94,21.707608,49.092148,0.0030639685570547,4,autumn,yeongheung_coal,1,89.440598,35975.941
2024-11-30,7910.704302047999,6178.2574187519995,1321.472572272,34.07,4.263333333333333,297.79,6,4.634,78.144,147.884,0.286,0.0,0.531635119862334,-0.8469734938762615,273.2307692307693,19743.766666666663,0.0,14.333333333333334,1.0,0.0,52138.062,20.45,83.71054884996174,35907.941,144.882352,35.346058,1012.3943,3.5,8.302076999999999,50.598847,0.0027711207506709,5,autumn,yeongheung_coal,1,85.981428,35907.941
2024-12-01,8078.90789808,6170.694044112,2472.5710149119996,27.694999999999997,4.78,316.7033333333333,6,7.459999999999999,75.332,91.582,0.946,0.0,0.9996188375529376,-0.0276076005714705,79.6321353065539,21961.451612903227,0.0,16.548387096774192,1.0,0.0,56474.165483870966,20.025,90.19840857429342,36119.747,121.625609,27.021591,1012.6416,7.03,17.352337,23.995244000000003,0.0021490221560896,6,winter,yeongheung_coal,1,80.27802799999999,36119.747
2024-12-02,9314.948234016,12208.686831072,1809.9351499680004,19.566666666666663,8.255,272.2866666666667,6,2.134,48.304,198.474,0.7939999999999999,0.0,-0.3168742881258505,-0.948467545846844,60.83627204030227,21961.451612903227,0.0,16.548387096774192,1.0,0.0,56474.165483870966,20.025,90.19840857429342,50396.168,200.971617,36.55906,1013.1811,8.34,16.322802,105.22393900000002,0.0035460278930125,0,winter,yeongheung_coal,1,79.424876,50396.168
2024-12-03,11181.105877824002,9422.661929616,1674.263214432,19.43,5.328333333333333,270.0416666666667,6,2.6700000000000004,69.03,113.836,0.8539999999999999,0.0,0.9147059322730324,-0.4041201027720878,80.83138173302109,21961.451612903227,0.0,16.548387096774192,1.0,0.0,56474.165483870966,20.025,90.19840857429342,58766.257,172.67627499999998,35.97299,1021.18243,10.63,40.845431,51.643867,0.0030482948323056,1,winter,yeongheung_coal,1,80.186977,58766.257
2024-12-04,10993.60754856,9232.8048252,1633.532970816,17.971666666666668,5.43,255.42333333333332,6,4.71,45.592,207.694,1.4780000000000002,0.0,-0.464749324972334,-0.8854422990448106,30.847090663058182,21961.451612903227,0.0,16.548387096774192,1.0,0.0,56474.165483870966,20.025,90.19840857429342,57694.381,128.602529,34.137413,1019.8657,10.45,40.39893,9.664924999999998,0.0022720183749804,2,winter,yeongheung_coal,1,78.538674,57694.381
2024-12-05,11339.049469968,9466.322866416,1772.6536935360002,18.84,5.501666666666666,258.26166666666666,6,5.0200000000000005,58.15,195.778,2.526,0.0,-0.2719107617914584,-0.9623224707040716,23.020585906571657,21961.451612903227,0.0,16.548387096774192,1.0,0.0,56474.165483870966,20.025,90.19840857429342,58442.296,142.028528,40.165417,1014.69354,8.13,23.993564,65.03086400000001,0.0025086202009661,3,winter,yeongheung_coal,1,53.0041,58442.296
2024-12-06,11878.388187408002,9315.126760896,1761.3963074879998,20.846666666666668,5.333333333333333,258.08166666666665,6,1.652,48.404,144.318,0.704,0.0,0.5832860589994913,-0.8122668116923416,68.75568181818183,21961.451612903227,0.0,16.548387096774192,1.0,0.0,56474.165483870966,20.025,90.19840857429342,58234.983,188.584598,41.859188,1018.2368,10.13,35.500014,95.373184,0.0033281935262146,4,winter,yeongheung_coal,1,57.7114,58234.983
2024-12-07,12093.966574992,9485.868110832,1800.5798558880003,19.846666666666668,5.531666666666666,260.8633333333333,6,0.776,52.034000000000006,235.554,1.852,0.0,-0.8246596478238984,-0.5656292648466518,28.09611231101512,21961.451612903227,0.0,16.548387096774192,1.0,0.0,56474.165483870966,20.025,90.19840857429342,58351.731,212.529474,40.24922,1021.82886,8.6,27.003455,96.9568,0.0037491950123031,5,winter,yeongheung_coal,1,88.569219,58351.731
2024-12-08,11363.99169456,9463.53849624,1914.31059768,19.888333333333332,5.543333333333333,255.215,6,1.002,42.102,185.858,0.27,0.0,-0.1020633539870373,-0.9947779007260448,155.9333333333333,21961.451612903227,0.0,16.548387096774192,1.0,0.0,56474.165483870966,20.025,90.19840857429342,58988.812,231.88323099999997,36.749985,1023.7098,10.32,42.080892,94.283516,0.0040892151058867,6,winter,yeongheung_coal,1,95.51882299999998,58988.812
2024-12-09,10934.534954016,9094.617526032,1676.000621088,18.785,5.87,250.70666666666668,6,2.944,56.574,198.51799999999997,0.3,0.0,-0.3176025654046759,-0.9482239242121918,188.58,21961.451612903227,0.0,16.548387096774192,1.0,0.0,56474.165483870966,20.025,90.19840857429342,57867.073,116.462537,22.127556,1022.4458,8.01,33.324089,4.385458,0.0020579827627473,0,winter,yeongheung_coal,1,78.75299,57867.073
2024-12-10,5066.215780608,3983.43674808,1795.500119088,14.745,2.495,252.53333333333333,6,4.016,43.724,222.754,1.116,0.0,-0.6788520092609485,-0.7342751184143266,39.179211469534046,21961.451612903227,0.0,16.548387096774192,1.0,0.0,56474.165483870966,20.025,90.19840857429342,58125.125,84.77799300000001,24.95452,1021.6663,10.0,33.652457999999996,7.090201,0.0014989316947666,1,winter,yeongheung_coal,1,44.035334000000006,58125.125
2024-12-11,9088.473837312,9232.623481248002,1832.244844752,17.105,5.451666666666667,255.51,6,1.182,46.63,219.506,0.8779999999999999,0.0,-0.6361590211273437,-0.7715579692014722,53.10933940774488,21961.451612903227,0.0,16.548387096774192,1.0,0.0,56474.165483870966,20.025,90.19840857429342,58098.353,54.61976799999999,30.05515,1020.64764,8.65,14.976939,14.645869,0.0009662292893193,2,winter,yeongheung_coal,1,24.99696,58098.353
2024-12-12,12959.429007312,9426.276959184,1828.680032736,19.755,5.468333333333334,250.88166666666663,6,1.812,35.172000000000004,188.592,0.942,0.0,-0.1493972855517291,-0.9887772504815102,37.3375796178344,21961.451612903227,0.0,16.548387096774192,1.0,0.0,56474.165483870966,20.025,90.19840857429342,58536.892,76.80442,26.983194,1022.5869,10.36,30.699666,22.368514,0.0013581450526941,3,winter,yeongheung_coal,1,23.73624,58536.892
2024-12-13,11572.589833344,9035.874632592,1866.410345232,18.838333333333335,5.515000000000001,255.31499999999997,6,0.6759999999999999,37.642,241.23,1.172,0.0,-0.8765588055440143,-0.4812947749802099,32.11774744027304,21961.451612903227,0.0,16.548387096774192,1.0,0.0,56474.165483870966,20.025,90.19840857429342,58514.091,102.610342,39.756783,1020.0413,5.88,13.770167,65.990975,0.0018136477468388,4,winter,yeongheung_coal,1,22.8492,58514.091
2024-12-14,10514.361909312,9270.280548288,1784.744694,18.828333333333333,5.441666666666666,254.86,6,1.19,60.798,157.25799999999998,0.368,0.0,0.3865821943211086,-0.9222549577171578,165.21195652173913,21961.451612903227,0.0,16.548387096774192,1.0,0.0,56474.165483870966,20.025,90.19840857429342,58263.926,140.081653,33.34035,1022.71747,9.57,29.50434,87.68275299999999,0.0024743180397919,5,winter,yeongheung_coal,1,22.89456,58263.926
2024-12-15,10910.539121616,9009.152148096,1742.370461568,18.846666666666668,5.363333333333333,252.61166666666668,6,0.738,40.692,185.258,0.168,0.0,-0.0916406583685647,-0.9957921418317056,242.2142857142857,21961.451612903227,0.0,16.548387096774192,1.0,0.0,56474.165483870966,20.025,90.19840857429342,57371.111,115.81081000000002,43.45276,1018.4981,5.82,22.424142,75.91298800000001,0.0020464898129413,6,winter,yeongheung_coal,1,17.47368,57371.111
2024-12-16,10336.568730768,9049.630555872,1654.868277216,18.828333333333333,5.41,256.275,6,1.002,34.906,150.384,0.3359999999999999,0.0,0.4941846561113612,-0.869356961014344,103.8869047619048,21961.451612903227,0.0,16.548387096774192,1.0,0.0,56474.165483870966,20.025,90.19840857429342,57860.913,26.410490000000003,27.402597,1019.5271,4.39,8.458141,17.952349,0.0004674375357202,0,winter,yeongheung_coal,1,0.0,57860.913
2024-12-17,10786.579844688,7495.486888175999,1670.798912832,19.27,5.258333333333334,253.02166666666668,6,-1.244,38.06,237.68,1.286,0.0,-0.8450752575720966,-0.5346473688698511,29.59564541213064,21961.451612903227,0.0,16.548387096774192,1.0,0.0,56474.165483870966,20.025,90.19840857429342,58633.811,96.965458,36.158054,1022.73615,9.31,26.962028,61.223558,0.0017140448915478,1,winter,yeongheung_coal,1,8.779872,58633.811
2024-12-18,11078.475408864002,8965.424050848002,1563.495430464,18.576666666666668,5.396666666666666,243.36833333333337,6,-2.3,38.014,157.366,0.462,0.0,0.384843098936417,-0.9229820091426568,82.28138528138528,21961.451612903227,0.0,16.548387096774192,1.0,0.0,56474.165483870966,20.025,90.19840857429342,58324.656,178.478621,31.062386,1024.4865,10.31,38.64162399999999,85.17828700000001,0.0031504023125489,2,winter,yeongheung_coal,1,54.65871,58324.656
2024-12-19,9738.391150368,9114.174609840002,1551.024408528,17.71,6.62,236.34166666666667,6,-1.206,59.124,138.366,0.508,0.0,0.6643698480493213,-0.747403977112058,116.38582677165354,21961.451612903227,0.0,16.548387096774192,1.0,0.0,56474.165483870966,20.025,90.19840857429342,58189.817,98.850953,24.482647,1027.1083,10.17,32.786415999999996,18.965622,0.0017473162865605,3,winter,yeongheung_coal,1,47.098915,58189.817
2024-12-20,10147.794112512,9161.768412432,1662.287191632,18.116666666666667,8.315,244.4983333333333,6,4.194166660308838,72.25,,3.582328333333333,0.1000000014901161,-0.9954858,-0.09491106,20.16844724357576,21961.451612903227,0.0,16.548387096774192,1.0,0.0,56474.165483870966,20.025,90.19840857429342,58062.371,78.62233599999999,8.100618333333333,1019.8689,5.51,8.651995999999999,17.499827,0.001390246865467,4,winter,yeongheung_coal,1,52.470513,58062.371
2024-12-21,10847.989345104,9218.059687872,1863.2465903519997,17.73,5.573333333333333,248.845,6,1.944167137145996,69.79166412353516,,10.43992888888889,4.599999904632568,-0.7253353,0.68839574,6.685070833941571,21961.451612903227,0.0,16.548387096774192,1.0,0.0,56474.165483870966,20.025,90.19840857429342,57889.543,208.027495,13.223085277777775,1016.64935,7.8,6.3017970000000005,142.35259200000002,0.0036700678655383,5,winter,yeongheung_coal,1,59.373106,57889.543
2024-12-22,9808.23645144,8803.995654096001,1619.162968896,17.446666666666665,5.373333333333334,239.27833333333336,6,-0.5995832085609436,62.20833206176758,,8.902211111111113,0.0,-0.50224906,0.864723,6.987964145685505,21961.451612903227,0.0,16.548387096774192,1.0,0.0,56474.165483870966,20.025,90.19840857429342,55532.656,271.590667,12.478781944444444,1025.0834,10.1,37.990187,173.210557,0.0047860965369448,6,winter,yeongheung_coal,1,60.389923,55532.656
2024-12-23,9456.574597776,8699.324729760001,1580.113524096,17.976666666666667,8.34,243.52833333333336,6,3.487916946411133,69.41666412353516,,5.326838888888889,0.0,-0.69347596,0.7204798,13.031493080883209,21961.451612903227,0.0,16.548387096774192,1.0,0.0,56474.165483870966,20.025,90.19840857429342,55060.334,119.819939,8.640022777777776,1023.91156,9.36,31.771848,49.750665,0.0021171850348531,0,winter,yeongheung_coal,1,38.297426,55060.334
2024-12-24,9362.987260703998,9224.221121856,1687.7729016,17.375,5.673333333333333,247.00666666666663,6,1.3483333587646484,61.5,,4.586343888888889,0.0,-0.55383646,0.83262545,13.409373891258578,21961.451612903227,0.0,16.548387096774192,1.0,0.0,56474.165483870966,20.025,90.19840857429342,57475.524,112.886865,8.236503611111111,1025.6244,10.2,36.148358,37.230781,0.001994923932493,1,winter,yeongheung_coal,1,39.507726,57475.524
2024-12-25,9639.886350816,9304.810706016,1774.6908906239998,17.89,5.991666666666667,253.505,6,4.979583263397217,66.58333587646484,,5.412496388888889,0.0,-0.99959916,0.028311772,12.30177927012594,21961.451612903227,0.0,16.548387096774192,1.0,0.0,56474.165483870966,20.025,90.19840857429342,57492.461,127.839104,9.613011666666669,1022.852,8.14,17.980963,42.95799400000001,0.0022585614225294,2,winter,yeongheung_coal,1,66.900147,57492.461
2024-12-26,10796.029213823998,9381.61480248,1904.114584656,17.471666666666668,8.638333333333334,260.4116666666667,6,2.2108335494995117,65.08333587646484,,10.452938055555556,0.0,-0.7522217,0.6589101,6.22631986629579,21961.451612903227,0.0,16.548387096774192,1.0,0.0,56474.165483870966,20.025,90.19840857429342,57926.931,440.943355,11.819052222222222,1022.352,9.84,35.316278,342.913614,0.0077473866605145,3,winter,yeongheung_coal,1,62.713463,57926.931
2024-12-27,9756.54798552,9253.5686388,1822.231399104,15.461666666666666,9.22,247.88833333333332,6,-1.658,53.83200000000001,228.65,0.904,0.0,-0.7506878874077263,-0.6606570182018238,59.548672566371685,21961.451612903227,0.0,16.548387096774192,1.0,0.0,56474.165483870966,20.025,90.19840857429342,56937.026,195.571582,37.8,1023.7837,8.45,25.086015,101.200563,0.0034510762203232,4,winter,yeongheung_coal,1,69.285004,56937.026
2024-12-28,8124.513313824001,7518.890742048,1346.925949056,15.43,8.786666666666667,240.15833333333333,6,-0.254,54.276,175.78400000000002,0.082,0.0,0.0735166970092649,-0.997293986375556,542.76,21961.451612903227,0.0,16.548387096774192,1.0,0.0,56474.165483870966,20.025,90.19840857429342,47185.133,234.658856,37.346416,1021.88104,7.34,32.295236,132.126189,0.0041379601628421,5,winter,yeongheung_coal,1,70.237431,47185.133
2024-12-29,10599.912977904,9037.092961152,1767.262046688,16.486666666666668,9.005,248.3033333333333,6,3.162,63.05,78.314,0.71,0.0,0.9792723316728096,0.2025480200350007,88.80281690140845,21961.451612903227,0.0,16.548387096774192,1.0,0.0,56474.165483870966,20.025,90.19840857429342,57252.239,112.016764,28.227304,1022.3603,8.39,28.358541,21.322104,0.0019795780445006,6,winter,yeongheung_coal,1,62.336119,57252.239
2024-12-30,9777.06522288,9086.851969776,1735.275230064,16.363333333333333,10.615,264.83166666666665,6,5.156000000000001,56.64,208.536,2.32,0.0,-0.4777108431129134,-0.8785171315189871,24.41379310344828,21961.451612903227,0.0,16.548387096774192,1.0,0.0,56474.165483870966,20.025,90.19840857429342,55763.023,271.00915000000003,34.79917,1016.04047,7.52,22.13534,190.78326,0.0047758977172701,0,winter,yeongheung_coal,1,58.09055,55763.023
2024-12-31,9438.370526736,9243.852295824,1820.51715096,14.798333333333334,9.903333333333334,257.0416666666667,6,-0.368,55.346,202.634,0.2219999999999999,0.0,-0.3848430989364167,-0.9229820091426568,249.3063063063064,21961.451612903227,0.0,16.548387096774192,1.0,0.0,56474.165483870966,20.025,90.19840857429342,57341.746,310.410654,42.56229,1018.6976,10.29,37.219595,211.262519,0.0054664607031024,1,winter,yeongheung_coal,1,61.92854,57341.746
2025-01-01,7308.458483328,6955.766382096,18139.236965568,15.436666666666667,8.325000000000001,284.72999999999996,6,1.108,54.31,197.48200000000003,0.306,0.0,-0.3004061656533582,-0.9538113731956896,177.48366013071896,18231.16129032258,0.0,64.38709677419355,1.0,0.0,46818.74903225806,20.103333333333335,78.65178897767466,44554.975,136.854624,28.08,1019.6734,9.86,30.589755,48.595310000000005,0.002914553606889,2,winter,yeongheung_coal,1,57.669559,44554.975
2025-01-02,7784.515857599999,12682.218556944,1809.165657888,17.575,13.936666666666667,256.485,6,-0.062,45.08,184.406,1.662,0.0,-0.0768234388260234,-0.997044712762143,27.123947051744885,18231.16129032258,0.0,64.38709677419355,1.0,0.0,46818.74903225806,20.103333333333335,78.65178897767466,50834.759,144.669355,33.864883,1022.70776,10.19,34.756675,52.869553,0.003080469011158,3,winter,yeongheung_coal,1,57.043127,50834.759
2025-01-03,8877.824717904,8037.381527424,1605.9051662400002,21.458333333333332,9.113333333333332,250.88166666666663,6,-0.294,45.605999999999995,223.31,1.61,0.0,-0.6859453627893949,-0.7276530486899134,28.326708074534157,18231.16129032258,0.0,64.38709677419355,1.0,0.0,46818.74903225806,20.103333333333335,78.65178897767466,50122.675,191.0563,33.89549,1023.715,8.15,26.269046,106.013066,0.0040641797737651,4,winter,yeongheung_coal,1,58.774188,50122.675
2025-01-04,7776.341557776,6672.64884192,1661.258666448,22.913333333333338,7.765,291.86833333333334,6,1.302,61.31,98.584,0.8800000000000001,0.0,0.9887981006392932,-0.149259224747171,69.67045454545453,18231.16129032258,0.0,64.38709677419355,1.0,0.0,46818.74903225806,20.103333333333335,78.65178897767466,39033.451,123.885523,27.162708,1024.1403,9.94,28.766128,37.791447999999995,0.0026390833018579,5,winter,yeongheung_coal,1,57.327947,39033.451
2025-01-05,8084.952606672001,6715.131443424,1553.707191168,29.988333333333333,8.655000000000001,285.4533333333333,6,3.096,77.6,113.382,0.752,0.0,0.9178793480821144,-0.3968595499220757,103.19148936170212,18231.16129032258,0.0,64.38709677419355,1.0,0.0,46818.74903225806,20.103333333333335,78.65178897767466,39072.452,158.56699199999997,38.30407,1016.5339,5.97,8.942226,91.75741399999998,0.0033753948803315,6,winter,yeongheung_coal,1,57.867352,39072.452
2025-01-06,7948.984543919999,9042.778806336,5716.914321744,30.978333333333335,12.933333333333335,265.65,6,-0.4640000000000001,44.424,189.656,2.194,0.0,-0.1677323640337079,-0.9858325689769352,20.247948951686418,18231.16129032258,0.0,64.38709677419355,1.0,0.0,46818.74903225806,20.103333333333335,78.65178897767466,46395.177,299.121862,44.296093,1014.10834,9.37,12.345923999999998,225.407955,0.0063483739040605,0,winter,yeongheung_coal,1,61.367983,46395.177
2025-01-07,10362.157532064,9064.229366016,1688.575029696,31.983333333333334,9.5,254.24,6,-1.226,51.944,167.86,0.128,0.0,0.210301133239691,-0.9776366571268192,405.8125,18231.16129032258,0.0,64.38709677419355,1.0,0.0,46818.74903225806,20.103333333333335,78.65178897767466,58336.537,236.673861,41.77396,1016.34344,8.35,21.881519,148.562174,0.0050296830088399,1,winter,yeongheung_coal,1,66.230168,58336.537
2025-01-08,9935.682687936,8345.998804320001,1754.115720912,22.24666666666667,7.023333333333333,244.35,6,-3.846,44.192,195.532,3.2119999999999997,0.0,-0.2677765271444715,-0.963481048859004,13.75840597758406,18231.16129032258,0.0,64.38709677419355,1.0,0.0,46818.74903225806,20.103333333333335,78.65178897767466,54009.371,261.316575,46.6405,1017.7497,7.73,14.130734,178.528228,0.0055504717682405,2,winter,yeongheung_coal,1,68.657613,54009.371
2025-01-09,8928.76590864,7717.710767616002,1682.0644289759998,20.653333333333332,5.06,246.6233333333333,6,-7.103999999999999,38.07,223.514,1.262,0.0,-0.6885317975380526,-0.7252061526069798,30.166402535657685,18231.16129032258,0.0,64.38709677419355,1.0,0.0,46818.74903225806,20.103333333333335,78.65178897767466,50272.371,415.233255,55.60806,1023.50195,7.66,22.923952,321.10323,0.0087909855339894,3,winter,yeongheung_coal,1,71.206073,50272.371
2025-01-10,8025.098252112,6207.878951568,2067.655362912,21.316666666666663,3.776666666666667,279.65500000000003,6,-3.632,48.376,181.24,0.842,0.0,-0.021640393312098,-0.9997658192683412,57.45368171021378,18231.16129032258,0.0,64.38709677419355,1.0,0.0,46818.74903225806,20.103333333333335,78.65178897767466,39106.566,147.078813,34.47176,1029.1779,9.57,40.157553,39.267625,0.0031316133399073,4,winter,yeongheung_coal,1,67.653635,39106.566
2025-01-11,8474.563339776,6555.158824319999,1735.7881075199998,20.76,4.035,245.265,6,-4.052,66.67999999999999,209.702,0.348,0.0,-0.4954889890903777,-0.8686142191388508,191.60919540229884,18231.16129032258,0.0,64.38709677419355,1.0,0.0,46818.74903225806,20.103333333333335,78.65178897767466,39254.565,110.213211,27.026386,1026.8226,10.32,39.33421,8.539712,0.0023485115743387,5,winter,yeongheung_coal,1,62.339289,39254.565
2025-01-12,8282.872316736,6454.193205888001,1527.3795528,20.563333333333333,4.090000000000001,257.64833333333337,6,-0.474,54.722,151.29000000000002,0.2299999999999999,0.0,0.4803765810139682,-0.8770623355345561,237.9217391304349,18231.16129032258,0.0,64.38709677419355,1.0,0.0,46818.74903225806,20.103333333333335,78.65178897767466,39225.68,98.945601,23.675303,1022.19965,9.82,34.705523,2.98944,0.0021089186451599,6,winter,yeongheung_coal,1,61.250638,39225.68
2025-01-13,7825.977005760001,6265.193822496,1386.1926803519998,20.616666666666664,4.405,268.1066666666666,6,1.904,72.676,98.304,0.36,0.0,0.9895157086935508,-0.1444252825813404,201.8777777777778,18231.16129032258,0.0,64.38709677419355,1.0,0.0,46818.74903225806,20.103333333333335,78.65178897767466,38915.485,92.281511,29.07989,1022.35913,8.78,14.559743,23.75616,0.0019671601738722,0,winter,yeongheung_coal,1,53.965608,38915.485
2025-01-14,8129.769724800001,6543.413274816,1548.383726304,20.911666666666665,4.265,274.9316666666667,6,-0.384,40.562,181.496,1.514,0.0,-0.0261071589972884,-0.999659150035196,26.79128137384412,18231.16129032258,0.0,64.38709677419355,1.0,0.0,46818.74903225806,20.103333333333335,78.65178897767466,38923.627,134.293736,36.68822,1021.5589,9.66,17.697323,68.59967999999999,0.0028601711003655,1,winter,yeongheung_coal,1,47.996733,38923.627
2025-01-15,7227.592664256,6445.9211250240005,1683.9858234239996,20.07166666666667,3.96,288.1933333333333,6,-3.5799999999999996,49.774,179.946,0.148,0.0,0.0009424776565485,-0.9999995558678348,336.31081081081084,18231.16129032258,0.0,64.38709677419355,1.0,0.0,46818.74903225806,20.103333333333335,78.65178897767466,38749.737,248.721511,40.192837,1026.5144,11.04,45.970962,155.41248000000002,0.0052843611124462,2,winter,yeongheung_coal,1,47.338069,38749.737
2025-01-16,4859.099025551999,6651.069129504,1412.0681627519998,20.006666666666668,4.573333333333333,277.68,6,-0.034,42.488,193.608,1.034,0.0,-0.2352778221673292,-0.971928159071543,41.090909090909086,18231.16129032258,0.0,64.38709677419355,1.0,0.0,46818.74903225806,20.103333333333335,78.65178897767466,39015.12,106.616915,30.293522,1022.4116,7.93,11.588767,50.404104,0.0022720529259128,3,winter,yeongheung_coal,1,44.624044,39015.12
2025-01-17,5580.769342895999,6518.4341292,1739.005800336,22.09166666666667,4.45,273.82166666666666,6,-1.086,53.926,207.612,0.542,0.0,-0.4634816310008923,-0.8861065273006135,99.49446494464944,18231.16129032258,0.0,64.38709677419355,1.0,0.0,46818.74903225806,20.103333333333335,78.65178897767466,39208.679,127.391514,27.72,1024.6827,11.29,43.126638,26.450484,0.0027135673458497,4,winter,yeongheung_coal,1,57.814392,39208.679
2025-01-18,7282.152263088001,6334.257988512,1753.656388704,20.505,4.838333333333333,256.62666666666667,6,-0.1399999999999999,81.325,176.41,0.1674999999999999,0.0,0.0626163300495038,-0.9980376722404478,485.5223880597018,18231.16129032258,0.0,64.38709677419355,1.0,0.0,46818.74903225806,20.103333333333335,78.65178897767466,38759.291,91.594888,15.575981,1022.1734,10.89,33.804781999999996,0.5433600000000001,0.0019525520459986,5,winter,yeongheung_coal,1,57.246746,38759.291
2025-01-19,6737.737301856001,6450.359678063999,1604.82907656,19.651666666666667,4.953333333333334,272.5,6,3.3150000000000004,91.9375,98.4375,0.3075,0.0,0.989176509964781,-0.1467304744553616,298.9837398373984,18231.16129032258,0.0,64.38709677419355,1.0,0.0,46818.74903225806,20.103333333333335,78.65178897767466,39106.428,114.205251,21.578989,1014.8157,8.78,29.294165,28.001157,0.0024333701712176,6,winter,yeongheung_coal,1,56.909929000000005,39106.428
2025-01-20,6483.041312544,6673.126585823999,1660.30554528,19.33,5.1000000000000005,338.2616666666667,6,2.2025,94.795,166.405,0.5599999999999999,0.0,0.2350572926090375,-0.9719815168979856,169.27678571428572,18231.16129032258,0.0,64.38709677419355,1.0,0.0,46818.74903225806,20.103333333333335,78.65178897767466,39250.509,74.163695,16.039202,1013.8133,6.15,13.383813,0.623528,0.0015815544543235,0,winter,yeongheung_coal,1,60.15635400000001,39250.509
2025-01-21,5495.353972272001,5974.097258304,1284.122322,20.0,6.195,463.07666666666665,6,2.88,95.675,90.5775,0.4125,0.0,0.999949204523357,-0.0100791057691391,231.9393939393939,18231.16129032258,0.0,64.38709677419355,1.0,0.0,46818.74903225806,20.103333333333335,78.65178897767466,34636.504,89.024097,15.856354,1019.44366,8.79,23.957985,1.831892,0.0018978538323421,1,winter,yeongheung_coal,1,63.23422,34636.504
2025-01-22,6238.777702176,7616.889541296,1389.170733408,21.188333333333336,12.36,1127.753333333333,6,1.6375,88.775,179.9325,0.4525,0.0,0.0011780969725799,-0.9999993060435208,196.18784530386745,18231.16129032258,0.0,64.38709677419355,1.0,0.0,46818.74903225806,20.103333333333335,78.65178897767466,35208.571,91.016551,22.415602,1021.68774,10.79,18.147673,8.616093000000001,0.0019402474062348,2,winter,yeongheung_coal,1,64.252785,35208.571
2025-01-23,9938.30989752,9075.34265616,2048.8167335519997,22.436666666666667,5.8933333333333335,822.2716666666666,6,-0.172,63.24400000000001,178.446,0.33,0.0,0.0271190913748431,-0.9996322098066884,191.64848484848488,18231.16129032258,0.0,64.38709677419355,1.0,0.0,46818.74903225806,20.103333333333335,78.65178897767466,58180.177,122.791223,21.313093,1022.98804,11.96,45.666502,8.868751,0.0026158328493757,3,winter,yeongheung_coal,1,68.25597,58180.177
2025-01-24,11017.443917376,9069.490590048,2192.874638688,23.683333333333337,6.345,288.5833333333333,6,-0.19,63.510000000000005,195.19,0.4559999999999999,0.0,-0.2620207474967041,-0.9650622404183412,139.27631578947373,18231.16129032258,0.0,64.38709677419355,1.0,0.0,46818.74903225806,20.103333333333335,78.65178897767466,58655.314,127.318267,22.314192,1024.1526,12.01,43.315952,11.411288,0.0027120113424711,4,winter,yeongheung_coal,1,72.591027,58655.314
2025-01-25,10993.339692287998,8975.930459184001,1858.92094512,24.185,6.611666666666667,258.89,6,3.8879165649414062,71.54166412353516,,4.816669444444444,0.0,0.96480924,0.26295072,14.852932082780033,18231.16129032258,0.0,64.38709677419355,1.0,0.0,46818.74903225806,20.103333333333335,78.65178897767466,58267.286,164.05399599999998,8.130190555555554,1026.2795,11.88,44.294011,47.917272,0.0034917881740969,5,winter,yeongheung_coal,1,71.842713,58267.286
2025-01-26,10811.77329096,9326.904317568,1788.477293664,23.53333333333333,5.605,271.1933333333333,6,3.337916612625122,67.75,,5.586093888888889,0.0,0.9189397,-0.39439803,12.128331773076576,18231.16129032258,0.0,64.38709677419355,1.0,0.0,46818.74903225806,20.103333333333335,78.65178897767466,58075.593,167.09331600000002,8.30240888888889,1023.27435,6.79,14.811183000000002,83.94278999999999,0.0035562481728327,6,winter,yeongheung_coal,1,68.33934300000001,58075.593
2025-01-27,10816.078676256,9332.417539152,2033.381961504,23.498333333333335,11.181666666666668,242.55,6,0.8545834422111511,78.0,,9.361213888888887,14.800000190734863,-0.9655421,-0.260247,8.332252731943301,18231.16129032258,0.0,64.38709677419355,1.0,0.0,46818.74903225806,20.103333333333335,78.65178897767466,57370.832,399.967319,13.612494444444446,1012.5498,7.29,18.66161,313.644136,0.0084705250355528,0,winter,yeongheung_coal,1,67.661573,57370.832
2025-01-28,10990.877049504,9337.155985296,1924.08313248,24.045,16.55666666666667,216.98166666666663,6,-1.5808334350585938,76.70833587646484,,13.459761944444445,0.6000000238418579,-0.9394177,0.34277454,5.699085629677605,18231.16129032258,0.0,64.38709677419355,1.0,0.0,46818.74903225806,20.103333333333335,78.65178897767466,57732.372,315.96195800000004,15.280052777777778,1013.5363,2.09,4.155474,245.05396500000003,0.0067033816769408,1,winter,yeongheung_coal,1,66.752519,57732.372
2025-01-29,10406.486212992,8810.787656448,1835.24530104,23.723333333333333,16.401666666666667,210.08,6,-2.176666498184204,66.25,,10.085468333333331,0.0,-0.80361533,0.5951491,6.568857073403137,18231.16129032258,0.0,64.38709677419355,1.0,0.0,46818.74903225806,20.103333333333335,78.65178897767466,56313.912,395.0925610000001,11.52562361111111,1021.92084,10.96,36.529106,292.41209200000003,0.0083681511113558,2,winter,yeongheung_coal,1,66.151363,56313.912
2025-01-30,10777.387997088,9503.446816944,2549.078778816,24.39,15.713333333333331,228.80999999999997,6,-3.3370838165283203,52.54166793823242,,4.581368333333334,0.0,0.027632616,0.9996182,11.468553522742823,18231.16129032258,0.0,64.38709677419355,1.0,0.0,46818.74903225806,20.103333333333335,78.65178897767466,56981.306,113.684033,8.402379999999999,1025.9742,11.65,22.458098999999997,30.643521,0.0024222914853343,3,winter,yeongheung_coal,1,60.582413,56981.306
2025-01-31,10390.819583376,9276.811952976002,2743.764781536,22.596666666666668,9.316666666666666,254.31166666666664,6,0.768,77.204,133.27,0.204,0.0,0.7281317515291637,-0.6854371980094692,378.4509803921569,18231.16129032258,0.0,64.38709677419355,1.0,0.0,46818.74903225806,20.103333333333335,78.65178897767466,57811.902,80.704629,23.277834,1024.213,3.6,4.539752999999999,20.944251,0.0017208010477671,4,winter,yeongheung_coal,1,55.220625,57811.902
2025-02-01,10923.384426336,9334.463971824,1783.3533592319998,20.783333333333335,6.1066666666666665,256.925,6,-0.2160000000000001,67.14,138.78000000000003,0.616,0.0,0.6589520623337164,-0.7521849370641118,108.9935064935065,26797.821428571428,0.0,61.07142857142857,1.0,0.0,70123.07928571428,26.676666666666662,86.4201001988738,58087.262,92.383646,20.808498,1019.77814,12.01,34.505581,29.994503,0.0013157165408115,5,winter,yeongheung_coal,1,27.883562,58087.262
2025-02-02,10777.430056464002,8914.536371808,2708.134949952,19.798333333333332,7.108333333333333,254.255,6,1.114,62.904,188.932,1.514,0.0,-0.155262143022641,-0.9878733051075006,41.54821664464993,26797.821428571428,0.0,61.07142857142857,1.0,0.0,70123.07928571428,26.676666666666662,86.4201001988738,56548.136,109.519655,28.515089,1016.9216,10.79,39.133796,44.025219,0.0015593849103099,6,winter,yeongheung_coal,1,26.36064,56548.136
2025-02-03,11167.69678488,11996.585642880002,4169.209727232,18.886666666666667,18.173333333333336,212.26333333333335,6,-4.882,46.164,209.83,1.45,0.0,-0.4974282538115701,-0.8675051194719096,31.837241379310345,26797.821428571428,0.0,61.07142857142857,1.0,0.0,70123.07928571428,26.676666666666662,86.4201001988738,58618.68,458.582569,46.37437,1018.1138,12.73,47.19801,373.688174,0.0064971914368345,0,winter,yeongheung_coal,1,37.696385,58618.68
2025-02-04,11381.614461792,10666.612322496,6036.657820992,20.666666666666668,15.028333333333334,217.545,6,-6.5200000000000005,52.412,241.77799999999996,1.148,0.0,-0.8811219406339831,-0.4728891262583689,45.65505226480837,26797.821428571428,0.0,61.07142857142857,1.0,0.0,70123.07928571428,26.676666666666662,86.4201001988738,58563.169,363.9673900000001,45.42424,1018.2891,12.32,24.665457999999997,286.15941900000007,0.0051636067499676,1,winter,yeongheung_coal,1,53.142513,58563.169
2025-02-05,12146.270173776,15671.970004176,25387.774559136,19.853333333333335,12.993333333333332,219.52666666666664,6,-6.044,42.616,146.35,0.55,0.0,0.5541181993382285,-0.8324379983891649,77.48363636363635,26797.821428571428,0.0,61.07142857142857,1.0,0.0,70123.07928571428,26.676666666666662,86.4201001988738,67453.587,248.315981,38.96823,1016.61847,11.67,31.439675,148.584048,0.0035286493902651,2,winter,yeongheung_coal,1,68.292258,67453.587
2025-02-06,11015.269279632,9316.283226768,1916.796201408,17.485,9.313333333333333,331.74333333333334,6,-2.875,54.17,183.885,0.395,1.0,-0.0677540952039682,-0.997702051006758,137.13924050632912,26797.821428571428,0.0,61.07142857142857,1.0,0.0,70123.07928571428,26.676666666666662,86.4201001988738,59797.159,156.633595,41.140926,1018.3859,10.9,26.516275,61.424693999999995,0.002228717059016,3,winter,yeongheung_coal,1,68.692626,59797.159
2025-02-07,10297.045118592,9033.672688272,1740.101594112,16.916666666666668,6.883333333333333,339.6933333333333,6,-6.2425,42.3425,249.0075,2.21,1.6000001430511477,-0.9336273287536424,-0.3582457410833209,19.15950226244344,26797.821428571428,0.0,61.07142857142857,1.0,0.0,70123.07928571428,26.676666666666662,86.4201001988738,56783.597,284.68437,53.88588,1018.9423,10.44,11.444265,192.87552,0.0040433661746746,4,winter,yeongheung_coal,1,80.36458499999999,56783.597
2025-02-08,11041.060161024,8891.783280144,1760.970853296,17.843333333333334,10.508333333333333,320.43666666666667,6,-4.2925,42.1325,284.7175,1.015,0.0,-0.9671902017056888,0.254053367866889,41.509852216748776,26797.821428571428,0.0,61.07142857142857,1.0,0.0,70123.07928571428,26.676666666666662,86.4201001988738,57975.708,244.192427,41.548428,1026.3461,14.07,39.538793,124.8288,0.0034702557177,5,winter,yeongheung_coal,1,79.824834,57975.708
2025-02-09,9068.19474528,8500.10251248,3524.298867792,16.688333333333333,5.936666666666667,295.93666666666667,6,-2.7625,45.5275,243.295,0.9075,0.0,-0.8933321744465932,-0.4493969582657649,50.168044077134994,26797.821428571428,0.0,61.07142857142857,1.0,0.0,70123.07928571428,26.676666666666662,86.4201001988738,57230.581,130.28598499999998,26.420174,1025.4272,13.84,32.240517,28.32768,0.0018545159295637,6,winter,yeongheung_coal,1,69.717788,57230.581
2025-02-10,12467.994950448,18026.1713916,2041.167697776,18.835,11.318333333333332,174.86833333333334,6,-2.908,70.586,211.44,0.296,0.0,-0.5216053956951078,-0.8531868559593204,238.46621621621625,26797.821428571428,0.0,61.07142857142857,1.0,0.0,70123.07928571428,26.676666666666662,86.4201001988738,72579.624,101.783804,25.076267,1024.3623,10.14,21.30362,11.5008,0.0014493983971171,0,winter,yeongheung_coal,1,68.97938400000001,72579.624
2025-02-11,14037.873617088002,12451.12871688,2104.0146144,19.36,8.233333333333333,187.0716666666667,6,1.058,40.738,180.91,0.112,0.0,-0.0158818284652039,-0.9998738758086452,363.7321428571428,26797.821428571428,0.0,61.07142857142857,1.0,0.0,70123.07928571428,26.676666666666662,86.4201001988738,74951.89,127.797753,22.039528,1025.5277,14.45,42.317988,18.779406,0.0018191623846855,1,winter,yeongheung_coal,1,66.70035899999999,74951.89
2025-02-12,14731.158019536,12650.5902024,2266.54078536,19.003333333333337,7.648333333333333,224.3216666666667,6,1.538,70.586,180.618,2.32,0.0,-0.0107859256341234,-0.9999418302122456,30.425,26797.821428571428,0.0,61.07142857142857,1.0,0.0,70123.07928571428,26.676666666666662,86.4201001988738,74846.65,210.26764999999995,48.40896,1015.0017,3.34,4.263916,141.97625399999998,0.0029895868625758,2,winter,yeongheung_coal,1,64.02748,74846.65
2025-02-13,10784.32752672,9111.103967232,1737.698033376,18.80333333333333,7.171666666666667,209.02666666666664,6,2.884,55.294,164.26,0.6,0.0,0.2712724656038612,-0.9625025970901075,92.15666666666668,26797.821428571428,0.0,61.07142857142857,1.0,0.0,70123.07928571428,26.676666666666662,86.4201001988738,75928.89,231.39907899999997,42.035297,1020.96686,14.82,44.989521999999994,120.791009,0.0032890454791013,3,winter,yeongheung_coal,1,65.61854799999999,75928.89
2025-02-14,9542.924601408,9097.772228064,1616.283587808,17.731666666666666,7.46,204.5,6,0.8640000000000001,76.928,206.64,0.088,0.0,-0.4483832160900325,-0.8938414241512637,769.28,26797.821428571428,0.0,61.07142857142857,1.0,0.0,70123.07928571428,26.676666666666662,86.4201001988738,75987.24,155.91707699999998,23.565567,1019.3977,14.53,42.14408399999999,50.865786,0.0022185444452749,4,winter,yeongheung_coal,1,62.90720699999999,75987.24
2025-02-15,10076.7562776,9250.94196288,1519.6425622559998,15.863333333333337,8.136666666666667,198.9333333333333,6,1.906,70.236,171.18,0.158,0.0,0.1533307837369605,-0.9881749191102804,444.53164556962025,26797.821428571428,0.0,61.07142857142857,1.0,0.0,70123.07928571428,26.676666666666662,86.4201001988738,75735.74,105.483072,17.654688,1015.68243,8.77,28.165623,13.922004,0.0015019967440414,5,winter,yeongheung_coal,1,63.39544500000001,75735.74
2025-02-16,9932.70969288,9039.827354112,1606.03474608,14.968333333333334,7.651666666666666,213.59166666666667,6,1.148,45.93,178.632,2.028,0.0,0.0238738357300563,-0.999714979365386,22.64792899408284,26797.821428571428,0.0,61.07142857142857,1.0,0.0,70123.07928571428,26.676666666666662,86.4201001988738,74714.08,240.113526,44.34288,1013.7024,10.29,26.089787,149.94965599999998,0.0034124876431136,6,winter,yeongheung_coal,1,64.074083,74714.08
2025-02-17,9695.53148544,8735.174076528001,1553.0106879359998,16.281666666666666,7.021666666666666,209.43166666666664,6,-1.418,40.948,230.562,1.4,0.0,-0.7723124343599116,-0.6352428698797549,29.24857142857143,26797.821428571428,0.0,61.07142857142857,1.0,0.0,70123.07928571428,26.676666666666662,86.4201001988738,75158.16,421.472485,43.987816,1022.1696,15.77,51.14539,309.001245,0.0059745575586032,0,winter,yeongheung_coal,1,61.32585,75158.16
2025-02-18,10033.144163856,8995.894713648,1556.121066048,17.465,7.183333333333334,206.74,6,-0.524,39.962,184.112,1.91,0.0,-0.0717063462721142,-0.9974257866650048,20.92251308900524,26797.821428571428,0.0,61.07142857142857,1.0,0.0,70123.07928571428,26.676666666666662,86.4201001988738,76184.27,408.302379,40.24922,1024.5408,15.83,55.956501,284.627526,0.005788946272752,1,winter,yeongheung_coal,1,67.718352,76184.27
2025-02-19,10576.34656488,8690.572846944,1565.226031536,17.985,7.003333333333333,205.64166666666668,6,-2.17,33.146,239.744,0.8560000000000001,0.0,-0.863782745380472,-0.50386443492568,38.721962616822424,26797.821428571428,0.0,61.07142857142857,1.0,0.0,70123.07928571428,26.676666666666662,86.4201001988738,76048.15,325.68645100000003,35.261627,1026.7393,16.16,55.064814,200.252491,0.0046230256498343,2,winter,yeongheung_coal,1,70.36914599999999,76048.15
2025-02-20,10138.893776064,9209.92933152,1517.361101424,17.968333333333334,7.3,202.77166666666668,6,-2.822,39.746,215.756,0.7819999999999999,0.0,-0.5843346502624246,-0.8115127950332576,50.82608695652175,26797.821428571428,0.0,61.07142857142857,1.0,0.0,70123.07928571428,26.676666666666662,86.4201001988738,75731.33,263.67447599999997,38.08861,1028.1527,16.31,55.439191,137.59857699999998,0.0037460809301226,3,winter,yeongheung_coal,1,70.636708,75731.33
2025-02-21,10614.558658032,9001.589856192,1549.330898688,18.881666666666664,7.28,201.51833333333332,6,-1.088,47.178,203.06,1.582,0.0,-0.391694864499197,-0.9200951761230768,29.82174462705436,26797.821428571428,0.0,61.07142857142857,1.0,0.0,70123.07928571428,26.676666666666662,86.4201001988738,76307.53,273.98204999999996,35.670895,1028.7123,16.45,56.524523,143.46174599999998,0.0038919529423737,4,winter,yeongheung_coal,1,73.995781,76307.53
2025-02-22,10708.599848256,8886.946419792,1636.8428096639998,19.185,7.283333333333334,201.30166666666665,6,-2.59,39.316,240.034,1.234,0.0,-0.8663219572597557,-0.4994860021758628,31.860615883306323,26797.821428571428,0.0,61.07142857142857,1.0,0.0,70123.07928571428,26.676666666666662,86.4201001988738,75256.54,285.916553,35.129066,1030.1115,16.66,57.64875,150.781717,0.0040607957775019,5,winter,yeongheung_coal,1,77.48608600000001,75256.54
2025-02-23,10557.498293712,8851.461382080002,1736.021397168,18.75,7.215,199.63833333333332,6,-2.59,39.282,201.734,1.192,0.0,-0.3702980505076459,-0.9289129958129756,32.95469798657718,26797.821428571428,0.0,61.07142857142857,1.0,0.0,70123.07928571428,26.676666666666662,86.4201001988738,74731.99,393.39673199999993,41.945793,1029.3699,16.63,48.911499000000006,265.07998499999997,0.0055787917124669,6,winter,yeongheung_coal,1,79.40524799999999,74731.99
2025-02-24,10150.646596848,9035.574575904,1883.684153808,19.21,7.281666666666666,200.15166666666664,6,-0.6880000000000001,62.148,155.96999999999997,0.154,0.0,0.4072149185824409,-0.913332365617192,403.5584415584416,26797.821428571428,0.0,61.07142857142857,1.0,0.0,70123.07928571428,26.676666666666662,86.4201001988738,75202.18,233.182206,34.11083,1029.3838,16.87,56.870696,96.704497,0.0033143063752394,0,winter,yeongheung_coal,1,79.60701300000001,75202.18
2025-02-25,10412.152647552,9272.851444944,1966.398039504,20.35333333333333,7.375,212.49,6,2.878,69.53,188.24,0.482,0.0,-0.1433198930550695,-0.9896764159333512,144.25311203319504,26797.821428571428,0.0,61.07142857142857,1.0,0.0,70123.07928571428,26.676666666666662,86.4201001988738,75842.52,215.63969200000005,29.131096,1024.4688,13.65,31.843502,113.16295800000002,0.0030657324320666,1,winter,yeongheung_coal,1,70.633232,75842.52
2025-02-26,14704.246673136,12832.187121648,2367.500728752,24.60166666666667,8.138333333333334,217.385,6,-0.1639999999999999,64.05,141.558,0.0679999999999999,0.0,0.6217220906500824,-0.7832379217055891,640.4999999999999,26797.821428571428,0.0,61.07142857142857,1.0,0.0,70123.07928571428,26.676666666666662,86.4201001988738,75934.05,169.803992,22.539564,1022.1159,17.5,57.148129,43.498699,0.0024156640627349,2,winter,yeongheung_coal,1,69.15716400000001,75934.05
2025-02-27,14236.729607232,13098.915357984,2168.462791584,26.486666666666665,9.183333333333334,221.79666666666665,6,2.836,25.802,205.08199999999997,0.086,0.0,-0.4239149089880376,-0.9057020204999344,258.02,26797.821428571428,0.0,61.07142857142857,1.0,0.0,70123.07928571428,26.676666666666662,86.4201001988738,75627.8,125.646062,19.969458,1019.7781,16.46,49.563737,11.247594,0.0017885884957781,3,winter,yeongheung_coal,1,64.834731,75627.8
2025-02-28,14611.24214136,12924.499414752,2294.5387095359997,29.061666666666667,8.168333333333333,229.29833333333332,6,1.5659999999999998,78.6,250.37600000000003,0.892,0.0,-0.9419168565199244,-0.3358461484126683,88.11659192825111,26797.821428571428,0.0,61.07142857142857,1.0,0.0,70123.07928571428,26.676666666666662,86.4201001988738,75619.7,99.23352,11.770403,1017.87744,14.43,34.397426,2.0358180000000003,0.0014131337467416,4,winter,yeongheung_coal,1,62.800276,75619.7
2025-03-01,14701.634643312,13192.091405856,2480.618724912,28.371666666666663,9.171666666666669,272.6983333333333,6,6.308,68.94200000000001,169.03,0.098,0.0,0.1902949904529987,-0.9817269562401212,689.4200000000001,23520.25806451613,0.0,94.12903225806453,1.0,0.0,59891.95774193548,26.33,77.6432053780671,75494.162,97.508105,15.7908325,1015.94366,2.55,15.37013,20.049497,0.0016254204571314,5,spring,yeongheung_coal,1,62.088477999999995,75494.162
2025-03-04,13311.406405007998,12130.09375464,2189.504171664,26.46666666666667,8.299999999999999,219.43,6,3.4275,75.765,68.535,0.6025,0.0,0.930641277231662,0.3659327986292303,125.75103734439833,23520.25806451613,0.0,94.12903225806453,1.0,0.0,59891.95774193548,26.33,77.6432053780671,72259.465,193.662186,38.16679,1019.3349,3.92,15.203934,130.272152,0.0032231037348415,1,spring,yeongheung_coal,1,48.1861,72259.465
2025-03-05,15073.229772144,12574.355139504,2592.365203584,27.971666666666664,8.211666666666666,172.95166666666668,6,2.158,62.934000000000005,178.74200000000002,0.6419999999999999,0.0,0.0219544779343327,-0.9997589714019228,98.0280373831776,23520.25806451613,0.0,94.12903225806453,1.0,0.0,59891.95774193548,26.33,77.6432053780671,74237.532,152.311195,26.099379,1020.1966,4.98,17.358542999999997,82.678849,0.0025366483379116,2,spring,yeongheung_coal,1,52.273803,74237.532
2025-03-06,15237.945527472,12816.305424288,2793.7671624,29.168333333333333,7.794999999999999,146.565,6,1.85,61.553999999999995,174.022,0.918,0.0,0.1041465865772075,-0.9945619581023176,67.05228758169933,23520.25806451613,0.0,94.12903225806453,1.0,0.0,59891.95774193548,26.33,77.6432053780671,75726.382,212.18916499999995,25.812277,1023.57513,18.37,55.464402,96.318093,0.0035303581519683,3,spring,yeongheung_coal,1,60.40667,75726.382
2025-03-07,14432.51654784,12448.918678176,2660.208864048,29.174999999999997,7.984999999999999,148.8233333333333,6,1.7560000000000002,62.574,108.292,0.3219999999999999,0.0,0.9494693100044566,-0.313859888102416,194.3291925465839,23520.25806451613,0.0,94.12903225806453,1.0,0.0,59891.95774193548,26.33,77.6432053780671,74579.913,140.038861,18.089775,1025.2611,17.65,47.37512400000001,21.873004,0.002332737022329,4,spring,yeongheung_coal,1,70.79073299999999,74579.913
2025-03-08,8859.468766464,9222.887806848,2554.46859312,25.955,6.478333333333334,146.66833333333332,6,2.084,77.334,102.156,0.124,0.0,0.9775778918533916,-0.2105741326931655,623.6612903225807,23520.25806451613,0.0,94.12903225806453,1.0,0.0,59891.95774193548,26.33,77.6432053780671,55810.86,126.949969,14.372974,1023.67944,17.96,49.976893,3.5366220000000004,0.0021151662674605,5,spring,yeongheung_coal,1,73.436454,55810.86
2025-03-09,7920.293688719999,7007.551256880001,28168.769330639996,22.573333333333338,5.8066666666666675,171.96,6,1.72,77.8,175.726,0.3279999999999999,0.0,0.0745262108623661,-0.9972190551200364,237.19512195121956,23520.25806451613,0.0,94.12903225806453,1.0,0.0,59891.95774193548,26.33,77.6432053780671,42397.63,121.858844,12.371645,1027.5519,13.98,45.584368999999995,0.55296,0.0020305131540085,6,spring,yeongheung_coal,1,75.721515,42397.63
2025-03-10,10648.168090128,19817.103124368,4234.388761584,24.149999999999995,15.311666666666666,128.62,6,2.4520000000000004,73.184,202.664,0.418,0.0,-0.385326318410762,-0.9227803792560872,175.08133971291866,23520.25806451613,0.0,94.12903225806453,1.0,0.0,59891.95774193548,26.33,77.6432053780671,63849.876,122.90581000000002,13.661038,1024.3274,15.71,52.336845,4.731191,0.0020479228432076,0,spring,yeongheung_coal,1,65.83777400000001,63849.876
2025-03-11,13060.59304536,11408.767413696,2436.8984936639995,26.028333333333332,7.876666666666666,131.03833333333333,6,3.492,67.696,213.224,0.096,0.0,-0.5479136784606726,-0.8365348773097836,676.9599999999999,23520.25806451613,0.0,94.12903225806453,1.0,0.0,59891.95774193548,26.33,77.6432053780671,66851.642,120.114692,15.072783,1019.0871,17.16,57.074039,6.443823,0.0020015088152842,1,spring,yeongheung_coal,1,56.59683,66851.642
2025-03-12,12122.721989424,11245.888470384,2064.026813184,25.918333333333333,7.8066666666666675,211.635,6,2.956,79.4,146.06199999999998,0.22,0.0,0.5582954712662124,-0.8296421920102893,360.90909090909093,23520.25806451613,0.0,94.12903225806453,1.0,0.0,59891.95774193548,26.33,77.6432053780671,63074.334,103.730379,23.090569,1014.4072,8.41,12.025853,37.630684,0.0017289639013874,2,spring,yeongheung_coal,1,54.073842,63074.334
2025-03-13,15363.535101264,12728.753059248,2580.0139399679997,27.51833333333333,7.175,176.13333333333333,6,4.688000000000001,50.954,198.432,0.7260000000000001,0.0,-0.3161789400287132,-0.948699571983839,70.18457300275482,23520.25806451613,0.0,94.12903225806453,1.0,0.0,59891.95774193548,26.33,77.6432053780671,75218.505,133.607855,19.67195,1020.3975,18.26,49.036288,31.794218,0.0022258491639572,3,spring,yeongheung_coal,1,52.777349,75218.505
2025-03-14,15179.554210464,12461.482556784,2967.1728753599996,27.15,7.273333333333333,151.605,6,8.065999999999999,32.45399999999999,128.99,0.442,0.0,0.7772557867485408,-0.6291847439074686,73.42533936651583,23520.25806451613,0.0,94.12903225806453,1.0,0.0,59891.95774193548,26.33,77.6432053780671,74903.215,208.500842,21.188072,1023.03033,19.58,52.253646999999994,105.454346,0.0034692055087867,4,spring,yeongheung_coal,1,50.792849,74903.215
2025-03-15,11562.870570623998,10358.850244464,2734.746632352,26.52333333333333,5.898333333333333,165.83666666666667,6,5.5120000000000005,64.78,113.298,0.588,0.0,0.9184601879262572,-0.3955134424952764,110.17006802721087,23520.25806451613,0.0,94.12903225806453,1.0,0.0,59891.95774193548,26.33,77.6432053780671,56934.845,173.882289,23.039999,1019.5987,16.63,39.657356,85.749728,0.0028948615204656,5,spring,yeongheung_coal,1,48.475205,56934.845
2025-03-16,11962.889900064,10060.810862112,2330.2750007520003,25.081666666666667,5.815,158.16166666666666,6,2.0780000000000003,39.212,190.6,2.476,0.0,-0.18395135061272,-0.9829353491495544,15.836833602584816,23520.25806451613,0.0,94.12903225806453,1.0,0.0,59891.95774193548,26.33,77.6432053780671,55755.272,374.311245,47.391644,1012.60675,17.28,40.722796,280.940766,0.0062109576599331,6,spring,yeongheung_coal,1,52.64768300000001,55755.272
2025-03-17,16345.746821088,12428.553728592,34519.758384527995,31.156666666666663,8.674999999999999,199.86,6,0.378,78.55,100.15,1.578,0.0,0.984349768784424,-0.1762258003075917,49.77820025348542,23520.25806451613,0.0,94.12903225806453,1.0,0.0,59891.95774193548,26.33,77.6432053780671,49736.28,236.606334,37.44346,1014.9727,19.44,53.522523,129.869104,0.0039350072238743,0,spring,yeongheung_coal,1,53.214707,49736.28
2025-03-18,10693.664759664,9207.176221295998,1802.861235072,27.203333333333333,5.861666666666667,156.47833333333335,6,1.798,43.336,206.07199999999995,1.178,0.0,-0.4395002582770546,-0.8982424633551913,36.787775891341255,23520.25806451613,0.0,94.12903225806453,1.0,0.0,59891.95774193548,26.33,77.6432053780671,50376.406,347.885001,39.966484,1012.1431,16.05,34.510141,262.10388,0.0057749984920204,1,spring,yeongheung_coal,1,51.270979999999994,50376.406
2025-03-19,7427.198410704001,6565.204226016,1806.680934288,29.391666666666666,8.171666666666667,214.73333333333335,6,1.614,61.458000000000006,115.26399999999998,0.192,0.0,0.9043508880491886,-0.4267897272482597,320.09375,23520.25806451613,0.0,94.12903225806453,1.0,0.0,59891.95774193548,26.33,77.6432053780671,38946.926,155.736805,29.379175,1021.61957,21.32,60.879594,52.346312000000005,0.002593551778716,2,spring,yeongheung_coal,1,42.510898999999995,38946.926
2025-03-20,8013.148669295999,9876.548250576,12743.328909744,23.808333333333337,10.068333333333332,169.48166666666668,6,8.4,54.98,134.274,2.156,0.0,0.7160095908078464,-0.6980904424723062,25.500927643784784,23520.25806451613,0.0,94.12903225806453,1.0,0.0,59891.95774193548,26.33,77.6432053780671,43229.948,240.563302,30.77105,1016.0923,20.46,54.49144,147.08769,0.0040005524103044,3,spring,yeongheung_coal,1,38.98417200000001,43229.948
2025-03-21,12778.1247024,10236.097898208,2002.521705408,24.368333333333336,5.843333333333334,151.54000000000002,6,6.328,61.398,128.176,1.096,0.0,0.7861158625276496,-0.6180791621486762,56.020072992700726,23520.25806451613,0.0,94.12903225806453,1.0,0.0,59891.95774193548,26.33,77.6432053780671,56898.024,225.316634,24.408424,1009.73944,20.52,55.628833,127.716175,0.0037479515886068,4,spring,yeongheung_coal,1,41.971626,56898.024
2025-03-22,12608.045921952002,10356.106407552,1989.976470768,24.236666666666668,6.161666666666666,151.33166666666668,6,7.017999999999999,63.544,148.108,0.8700000000000001,0.0,0.5283197907620009,-0.849045463264009,73.0390804597701,23520.25806451613,0.0,94.12903225806453,1.0,0.0,59891.95774193548,26.33,77.6432053780671,55212.456,230.62227300000004,22.89611,1007.39557,20.66,55.34748200000001,134.77715700000002,0.0038358678709847,5,spring,yeongheung_coal,1,40.497634,55212.456
2025-03-23,12486.157787951995,10358.073827568,1846.721850768,23.813333333333333,6.083333333333333,151.495,6,9.184,53.81,113.154,0.916,0.0,0.9194513198331908,-0.3932038535632672,58.74454148471616,23520.25806451613,0.0,94.12903225806453,1.0,0.0,59891.95774193548,26.33,77.6432053780671,54971.157,137.821763,18.792551,1007.31464,19.11,48.481919000000005,46.429225,0.0022958898756019,6,spring,yeongheung_coal,1,42.910619,54971.157
2025-03-24,12309.649655472,10316.552564304,1940.52505536,23.651666666666667,6.051666666666667,153.08166666666668,6,6.506,77.074,119.404,1.2,0.0,0.8711795374498782,-0.4909645746167602,64.22833333333334,23520.25806451613,0.0,94.12903225806453,1.0,0.0,59891.95774193548,26.33,77.6432053780671,54837.464,248.712586,23.34455,1001.0266,20.36,45.629029,160.112799,0.0041355140314169,0,spring,yeongheung_coal,1,42.970758,54837.464
2025-03-25,10970.422368912,10400.69815128,1898.561717856,22.91,6.075,169.395,6,6.01,64.262,153.952,1.232,0.0,0.4391239648075787,-0.8984264819848491,52.160714285714285,23520.25806451613,0.0,94.12903225806453,1.0,0.0,59891.95774193548,26.33,77.6432053780671,54388.613,168.312393,40.93249,998.3614,17.1,34.028957999999996,92.265719,0.0028023915413943,1,spring,yeongheung_coal,1,42.017716,54388.613
2025-03-26,10435.599356399998,9427.450629744,1706.7331411200005,22.11666666666667,5.983333333333333,140.36333333333332,6,13.418,51.612,132.908,1.646,0.0,0.7324478450834344,-0.6808231446070508,31.356014580801947,23520.25806451613,0.0,94.12903225806453,1.0,0.0,59891.95774193548,26.33,77.6432053780671,50145.13,183.686772,26.932714,1001.5261,19.43,49.896265,94.299209,0.0030575913664545,2,spring,yeongheung_coal,1,39.49129799999999,50145.13
2025-03-27,10807.94655,10475.474292864,2016.400833072,20.746666666666663,6.0633333333333335,147.31500000000003,6,5.088,59.714,201.208,1.7879999999999998,0.0,-0.3617547435168481,-0.9322732998123776,33.39709172259508,23520.25806451613,0.0,94.12903225806453,1.0,0.0,59891.95774193548,26.33,77.6432053780671,55208.364,287.49019400000003,38.50654,999.49335,10.58,27.700687,222.082507,0.0047772155421905,3,spring,yeongheung_coal,1,37.707,55208.364
2025-03-28,11342.282996736,10163.959639488,1850.127325488,20.4,5.713333333333334,154.55833333333334,6,2.838,34.346,202.762,0.474,0.0,-0.3869040984737369,-0.922119958890504,72.45991561181434,23520.25806451613,0.0,94.12903225806453,1.0,0.0,59891.95774193548,26.33,77.6432053780671,55563.49,464.003569,38.808266,1011.9639,22.66,59.815096,364.677707,0.0076877835912445,4,spring,yeongheung_coal,1,39.510766,55563.49
2025-03-29,12091.247310239998,10106.223673248,1905.2403192,21.213333333333335,5.82,159.315,6,1.632,36.992,219.192,1.356,0.0,-0.6319210938415494,-0.7750327290883268,27.280235988200587,23520.25806451613,0.0,94.12903225806453,1.0,0.0,59891.95774193548,26.33,77.6432053780671,56770.356,298.529454,41.668346,1020.1335,21.27,48.140847,214.006777,0.004959744768774,5,spring,yeongheung_coal,1,36.38183,56770.356
2025-03-30,11400.331722912,9234.322851888,1677.622586976,24.011666666666667,5.378333333333333,150.83333333333334,6,2.84,61.922,217.648,0.158,0.0,-0.6108086967314335,-0.7917782113680875,391.9113924050633,23520.25806451613,0.0,94.12903225806453,1.0,0.0,59891.95774193548,26.33,77.6432053780671,53320.993,147.438588,32.647057,1025.7665,21.84,58.853459,52.131759,0.0024556973755994,6,spring,yeongheung_coal,1,36.45337,53320.993
2025-03-31,12033.878689151998,9932.406397056,1658.49678144,22.706666666666667,5.743333333333333,127.73666666666666,6,4.944,72.968,127.346,0.466,0.0,0.7949867058683994,-0.6066268519382496,156.58369098712447,23520.25806451613,0.0,94.12903225806453,1.0,0.0,59891.95774193548,26.33,77.6432053780671,54977.899,120.063584,16.279802,1023.21906,20.96,57.323071000000006,26.834528,0.0020006588904565,0,spring,yeongheung_coal,1,35.905985,54977.899
2025-04-01,11212.16024592,9388.370843424,1682.478661104,21.705,6.25,134.715,6,3.959999999999999,69.428,149.634,0.798,0.0,0.5055218491397945,-0.8628138038083784,87.00250626566415,23160.133333333335,0.0,77.6,1.0,0.0,58707.820666666674,26.143333333333334,76.90843904612777,53089.442,111.295601,19.174856,1020.4317,20.85,58.677274,17.185139,0.0018921671739087,1,spring,yeongheung_coal,1,35.433188,53089.442
2025-04-02,11216.6313408,9045.39684024,1729.099762128,21.175,5.575,112.69,6,5.593999999999999,65.208,98.618,0.8940000000000001,0.0,0.988709354340966,-0.1498459630376155,72.93959731543623,23160.133333333335,0.0,77.6,1.0,0.0,58707.820666666674,26.143333333333334,76.90843904612777,51579.391,80.870269,17.148247,1017.0546,11.06,25.508619,25.035372,0.0013756092832292,2,spring,yeongheung_coal,1,30.326278,51579.391
2025-04-03,12034.103937984002,9474.288195456,1735.76713752,20.368333333333336,5.636666666666667,97.76,6,3.882,74.468,200.55,0.174,0.0,-0.3510246484923547,-0.9363662190354898,427.9770114942529,23160.133333333335,0.0,77.6,1.0,0.0,58707.820666666674,26.143333333333334,76.90843904612777,54282.609,126.699366,22.238562,1018.14545,22.78,57.600033,30.288916,0.0021534868633185,3,spring,yeongheung_coal,1,38.810417,54282.609
2025-04-04,9546.954827616,6854.0753845439995,948.945522384,20.366666666666667,5.696666666666666,99.04500000000002,6,5.894,64.60799999999999,96.388,0.542,0.0,0.9937912433632246,-0.1112607954967793,119.20295202952026,23160.133333333335,0.0,77.6,1.0,0.0,58707.820666666674,26.143333333333334,76.90843904612777,54910.942,104.631276,17.906157,1017.65015,19.97,55.764787000000005,9.36527,0.0017790667204625,4,spring,yeongheung_coal,1,39.501219,54910.942
2025-04-05,9103.987379808,7214.857049376001,782.71488144,20.398333333333333,5.7316666666666665,131.035,6,5.348,77.26,213.22600000000003,1.428,0.0,-0.5479428787026929,-0.8365157510047292,54.10364145658264,23160.133333333335,0.0,77.6,1.0,0.0,58707.820666666674,26.143333333333334,76.90843904612777,55707.115,91.593727,25.364037,1010.0578,4.24,2.2536419999999997,48.592708,0.0015577319594847,5,spring,yeongheung_coal,1,40.747377,55707.115
2025-04-06,9179.569458576,7139.228350751999,869.219565264,20.503333333333337,5.743333333333333,102.77166666666666,6,5.984,70.3,158.996,0.474,0.0,0.3584331248810243,-0.9335554054195304,148.31223628691984,23160.133333333335,0.0,77.6,1.0,0.0,58707.820666666674,26.143333333333334,76.90843904612777,54116.071,160.57349800000003,24.546085,1012.3415,23.36,56.12172,60.723138000000006,0.0027276690706195,6,spring,yeongheung_coal,1,43.72864,54116.071
2025-04-07,11751.485728176,10172.887005456,1964.063154384,20.408333333333335,5.758333333333333,103.40833333333336,6,12.02,66.465,151.8275,1.76,0.0,0.4721277151642006,-0.8815301586297722,37.76420454545455,23160.133333333335,0.0,77.6,1.0,0.0,58707.820666666674,26.143333333333334,76.90843904612777,55899.007,271.731778,32.957207,1013.52704,22.74,55.779503,172.510187,0.0046072200743627,0,spring,yeongheung_coal,1,43.442088000000005,55899.007
2025-04-08,12077.142269616,10095.526874592,1919.590770096,20.901666666666667,5.711666666666666,111.705,6,5.6240000000000006,69.978,202.17,0.204,0.0,-0.3773559503424517,-0.9260682948579684,343.02941176470586,23160.133333333335,0.0,77.6,1.0,0.0,58707.820666666674,26.143333333333334,76.90843904612777,55589.786,169.215266,28.091534,1011.50543,18.8,48.241907999999995,78.876016,0.0028740452592334,1,spring,yeongheung_coal,1,42.097342,55589.786
2025-04-09,12617.874518832,10256.412178656,1845.3777065280003,28.556666666666672,6.37,121.11333333333332,6,6.526000000000001,68.91,163.586,0.248,0.0,0.2825758530357691,-0.959244956870302,277.86290322580646,23160.133333333335,0.0,77.6,1.0,0.0,58707.820666666674,26.143333333333334,76.90843904612777,55653.143,71.12833,12.4811535,1009.36566,10.37,22.96165,7.990666,0.001210098703943,2,spring,yeongheung_coal,1,40.176013999999995,55653.143
2025-04-10,11913.343772831997,10186.010614512,1872.2279023199997,33.83166666666667,6.146666666666667,142.0033333333333,6,5.502,73.798,197.53,0.1399999999999999,0.0,-0.3012051232890347,-0.95355937083353,527.1285714285718,23160.133333333335,0.0,77.6,1.0,0.0,58707.820666666674,26.143333333333334,76.90843904612777,55440.449,108.777158,22.180206,1005.12164,22.69,57.881041,6.818839,0.001849429617202,3,spring,yeongheung_coal,1,44.077278,55440.449
2025-04-11,12159.318010752,10155.647824416,1790.809577424,34.67000000000001,6.136666666666667,141.84333333333333,6,8.0,64.61,101.278,0.304,0.0,0.9806898241746064,-0.1955696008084574,212.5328947368421,23160.133333333335,0.0,77.6,1.0,0.0,58707.820666666674,26.143333333333334,76.90843904612777,55468.038,115.785518,13.32,1008.35504,20.92,57.677678,5.371899999999999,0.0019683512370273,4,spring,yeongheung_coal,1,52.73594,55468.038
2025-04-12,12622.695208848,10147.845495744,1914.4092552479997,35.13833333333333,5.958333333333333,144.09833333333333,6,1.828,77.224,142.25799999999998,0.308,0.0,0.6121068729756786,-0.7907750476943088,250.72727272727275,23160.133333333335,0.0,77.6,1.0,0.0,58707.820666666674,26.143333333333334,76.90843904612777,55142.69,265.824116,42.67177,1004.0134,6.98,13.583523,202.433153,0.0045075069885816,5,spring,yeongheung_coal,1,49.80744,55142.69
2025-04-13,12178.255492656,9975.095927567998,1913.528953872,35.02,5.703333333333333,141.81333333333333,6,4.634,58.512,140.544,1.854,0.0,0.6354854676347904,-0.7721128288177782,31.55987055016181,23160.133333333335,0.0,77.6,1.0,0.0,58707.820666666674,26.143333333333334,76.90843904612777,54125.438,254.07943900000004,49.795948,997.6202,16.66,44.293586000000005,157.09978900000002,0.0043092138914224,6,spring,yeongheung_coal,1,52.686064,54125.438
2025-04-14,12401.663701104,10044.0579888,1834.100785728,34.925000000000004,5.81,141.96333333333334,6,4.97,67.718,183.226,0.734,0.0,-0.0562745772769424,-0.99841533038726,92.25885558583109,23160.133333333335,0.0,77.6,1.0,0.0,58707.820666666674,26.143333333333334,76.90843904612777,55706.01,149.058908,38.439167,995.2801,7.69,13.403473,84.52705999999999,0.0025325655909247,0,spring,yeongheung_coal,1,51.128375,55706.01
2025-04-15,12127.145884560005,10338.450671232002,1846.11205224,35.24,5.985,141.7566666666667,6,5.888,76.55199999999999,100.702,0.6140000000000001,0.0,0.9826063149574756,-0.1857009149295995,124.6775244299674,23160.133333333335,0.0,77.6,1.0,0.0,58707.820666666674,26.143333333333334,76.90843904612777,55823.081,163.471727,25.630886,1003.9214,24.26,57.007576,54.415256,0.002776764707438,1,spring,yeongheung_coal,1,52.048894999999995,55823.081
2025-04-16,11627.390642544,10202.561545248,1978.467056064,21.72666666666667,5.96,98.50666666666666,6,11.65,65.95599999999999,97.174,2.04,0.0,0.992171473581,-0.1248830133048801,32.331372549019605,23160.133333333335,0.0,77.6,1.0,0.0,58707.820666666674,26.143333333333334,76.90843904612777,55510.311,242.707896,32.88635,1004.5993,21.45,49.717991999999995,142.08150899999998,0.0041171453745659,2,spring,yeongheung_coal,1,50.908395000000006,55510.311
2025-04-17,12451.493130911998,10244.01847824,2077.471541808,12.426666666666668,7.055,67.08666666666666,6,11.976,68.126,143.91199999999998,1.67,0.0,0.5890271194264957,-0.8081132671724458,40.79401197604791,23160.133333333335,0.0,77.6,1.0,0.0,58707.820666666674,26.143333333333334,76.90843904612777,55429.817,283.383107,36.973244,1002.1355,15.01,32.339059,200.182566,0.0048038197031419,3,spring,yeongheung_coal,1,50.861482,55429.817
2025-04-18,11847.11126184,15125.219848656,1810.247459904,12.078333333333331,19.070000000000004,61.669999999999995,6,9.656,76.426,158.724,0.4679999999999999,0.0,0.3628609327076282,-0.9318433041636078,163.30341880341885,23160.133333333335,0.0,77.6,1.0,0.0,58707.820666666674,26.143333333333334,76.90843904612777,56331.148,153.11442799999998,32.998474,1006.76447,13.75,42.814659,56.600905999999995,0.0026012911237944,4,spring,yeongheung_coal,1,53.698863,56331.148
2025-04-19,12844.330323408,15844.038214896,2278.2355277760003,12.626666666666663,9.835,103.16833333333334,6,6.4799999999999995,79.4,118.008,0.142,0.0,0.8828820336562603,-0.4695948409501387,559.1549295774648,23160.133333333335,0.0,77.6,1.0,0.0,58707.820666666674,26.143333333333334,76.90843904612777,69684.199,238.368105,35.06629,1006.16846,2.48,6.391526,178.511186,0.0040438255630629,5,spring,yeongheung_coal,1,53.465393000000006,69684.199
2025-04-20,14786.523364752,12257.942031648,1958.63860944,13.985,7.29,63.49166666666667,6,8.776,68.71000000000001,123.604,0.142,0.0,0.8328826046620043,-0.5534496967669561,483.8732394366198,23160.133333333335,0.0,77.6,1.0,0.0,58707.820666666674,26.143333333333334,76.90843904612777,71934.648,136.971493,17.58481,1010.5432,23.16,57.811164000000005,22.138277,0.0023276740043256,6,spring,yeongheung_coal,1,57.022052,71934.648
2025-04-21,12755.45864808,11924.248867056,8273.996570304002,13.033333333333331,8.51,71.33166666666666,6,13.356,75.344,178.98,0.156,0.0,0.0178014180529138,-0.999841542203216,482.97435897435895,23160.133333333335,0.0,77.6,1.0,0.0,58707.820666666674,26.143333333333334,76.90843904612777,62215.476,148.536789,21.142147,1011.88696,16.69,46.171262000000006,45.193099,0.0025237169852362,0,spring,yeongheung_coal,1,57.172428,62215.476
2025-04-22,14117.928049728,15486.191305056003,2469.059000064,13.376666666666663,9.033333333333331,74.25,6,11.128,71.92999999999999,205.87,0.938,0.0,-0.4363307211617385,-0.8997863645168653,76.68443496801706,23160.133333333335,0.0,77.6,1.0,0.0,58707.820666666674,26.143333333333334,76.90843904612777,73151.923,104.593769,22.206486,1003.71,2.52,13.345168,32.365738,0.0017784301155398,1,spring,yeongheung_coal,1,58.882863,73151.923
2025-04-23,13688.278800048,12461.78154888,2462.5985302080003,13.784999999999998,7.273333333333333,56.32,6,7.712000000000001,77.03999999999999,120.872,0.196,0.0,0.8583157668515129,-0.5131218611344671,393.06122448979585,23160.133333333335,0.0,77.6,1.0,0.0,58707.820666666674,26.143333333333334,76.90843904612777,73514.582,162.572676,19.734436,1004.32666,22.99,53.885913,49.567084,0.0027615354131186,2,spring,yeongheung_coal,1,59.119679000000005,73514.582
2025-04-24,12097.394900784,10023.795441072,2463.3466884,13.14,5.881666666666667,153.275,6,7.779999999999999,57.25600000000001,217.194,1.672,0.0,-0.6045156991294809,-0.7965932271278704,34.24401913875599,23160.133333333335,0.0,77.6,1.0,0.0,58707.820666666674,26.143333333333334,76.90843904612777,55126.131,227.375054,39.241653,1006.78687,25.47,57.743867,112.641304,0.0038580520726134,3,spring,yeongheung_coal,1,56.989883,55126.131
2025-04-25,12182.694834384,9942.235735536,1709.991804096,13.241666666666664,6.078333333333333,75.80166666666666,6,7.534000000000001,55.91,134.682,0.8019999999999999,0.0,0.7110204167559022,-0.7031713638625104,69.71321695760598,23160.133333333335,0.0,77.6,1.0,0.0,58707.820666666674,26.143333333333334,76.90843904612777,55387.398,178.88405,28.33957,1013.48145,26.48,60.936325,62.184453000000005,0.0030377663491394,4,spring,yeongheung_coal,1,55.763272,55387.398
2025-04-26,12278.752097184,9329.506816464002,1626.170834448,13.311666666666667,5.633333333333333,77.48333333333333,6,9.252,64.066,103.48600000000002,0.494,0.0,0.9724269328325484,-0.2332077620961245,129.68825910931176,23160.133333333335,0.0,77.6,1.0,0.0,58707.820666666674,26.143333333333334,76.90843904612777,55023.321,207.507043,26.14403,1015.38104,25.59,57.735961,97.316031,0.0035221232074374,5,spring,yeongheung_coal,1,52.455051,55023.321
2025-04-27,11807.580663648,10377.966588048,3918.292564464,13.103333333333332,10.186666666666667,74.25833333333334,6,7.94,60.239999999999995,138.05599999999998,0.128,0.0,0.6684039487255778,-0.7437984682211003,470.62499999999994,23160.133333333335,0.0,77.6,1.0,0.0,58707.820666666674,26.143333333333334,76.90843904612777,54704.705,241.268284,38.84832,1012.0673,17.74,39.597541,151.115782,0.0040928246440231,6,spring,yeongheung_coal,1,50.554961,54704.705
2025-04-28,14181.35670936,12868.092291600002,2411.7930414720004,14.441666666666668,7.481666666666667,56.835,6,8.724,57.898,183.018,1.3039999999999998,0.0,-0.0526496823761113,-0.9986130436488874,44.400306748466264,23160.133333333335,0.0,77.6,1.0,0.0,58707.820666666674,26.143333333333334,76.90843904612777,73543.73,219.241527,33.3559,1008.25775,26.02,60.242232,109.659901,0.003720557564527,0,spring,yeongheung_coal,1,49.339394,73543.73
2025-04-29,13879.249266528,12324.2116716,2575.0415957759997,14.5,7.21,56.401666666666664,6,13.12,23.4075,130.48,0.845,0.0,0.7606326194041273,-0.649182577013906,27.70118343195266,23160.133333333335,0.0,77.6,1.0,0.0,58707.820666666674,26.143333333333334,76.90843904612777,73260.387,146.792917,23.363974,1010.38885,26.29,59.331036,38.185172,0.0024941615968869,1,spring,yeongheung_coal,1,49.276709,73260.387
2025-04-30,9916.67977272,8803.962591983998,3219.036940944,11.513333333333334,6.751666666666666,76.435,6,13.517085075378418,65.79166412353516,,6.427638333333333,0.0,0.03053039,-0.99953383,10.235744563029266,23160.133333333335,0.0,77.6,1.0,0.0,58707.820666666674,26.143333333333334,76.90843904612777,53883.63,285.762116,7.787810555555555,1010.04926,26.25,58.814423000000005,178.214164,0.0048439525541744,2,spring,yeongheung_coal,1,48.733529,53883.63
2025-05-01,7754.277549312,6474.555634608,1989.173584944,9.643333333333333,6.203333333333333,116.83166666666666,6,11.898333549499512,85.33333587646484,,7.051218333333333,11.700000762939451,-0.41442707,-0.9100825,12.101927899901677,25615.41935483871,0.0,39.54838709677419,1.0,0.0,66673.55032258065,26.415000000000003,80.06785431458465,36081.83,218.108162,11.237881944444444,1004.4283,6.69,6.131042,162.899551,0.0032606182436077,3,spring,yeongheung_coal,1,49.077569,36081.83
2025-05-02,7215.1889508,6394.5443977919995,1312.993270368,10.333333333333334,6.228333333333333,73.84333333333333,6,8.015,60.5475,109.635,0.2375,0.0,0.941852361329632,-0.3360269772768198,254.93684210526317,25615.41935483871,0.0,39.54838709677419,1.0,0.0,66673.55032258065,26.415000000000003,80.06785431458465,36099.02,206.382312,31.487139,1008.209,22.99,54.228934,98.692266,0.00308586303649,4,spring,yeongheung_coal,1,53.461112,36099.02
2025-05-03,7754.932865231998,6500.628029664,1212.007177728,11.241666666666667,6.283333333333334,73.50333333333333,6,8.030000000000001,63.9675,215.74,1.17,0.0,-0.5841080103584343,-0.8116759404067064,54.67307692307693,25615.41935483871,0.0,39.54838709677419,1.0,0.0,66673.55032258065,26.415000000000003,80.06785431458465,36096.22,134.076435,25.919998,1006.75226,13.23,29.099337,50.299579,0.0020069031262929,5,spring,yeongheung_coal,1,54.677519,36096.22
2025-05-04,8101.323363744,6551.229814848,1737.931483008,10.840000000000002,7.260000000000001,70.58333333333333,6,7.1975,67.83,128.75,0.275,0.0,0.7798844830928817,-0.6259234721840591,246.65454545454543,25615.41935483871,0.0,39.54838709677419,1.0,0.0,66673.55032258065,26.415000000000003,80.06785431458465,36239.88,215.623189,30.631746,1009.6064,27.1,61.285618,97.169702,0.0032235887764806,6,spring,yeongheung_coal,1,57.167869,36239.88
2025-05-05,9776.214441936,13081.877455392,2103.06531888,21.846666666666668,10.975,67.44666666666667,6,8.095,62.1675,191.8725,0.4674999999999999,0.0,-0.2057345110657149,-0.9786078432940089,132.97860962566847,25615.41935483871,0.0,39.54838709677419,1.0,0.0,66673.55032258065,26.415000000000003,80.06785431458465,51623.05,100.306485,14.440443,1009.6618,7.05,13.483673,28.155739,0.0015021819885145,0,spring,yeongheung_coal,1,58.667072999999995,51623.05
2025-05-06,11878.455304943998,11475.984294432,4705.583258736,18.231666666666666,11.385,52.48666666666666,6,8.7675,63.504999999999995,176.55249999999998,1.1275,0.0,0.0601339252575227,-0.9981903180421672,56.32372505543237,25615.41935483871,0.0,39.54838709677419,1.0,0.0,66673.55032258065,26.415000000000003,80.06785431458465,60355.848,188.828364,24.826952,1005.3665,18.75,35.445997000000006,94.013264,0.0028241347033903,1,spring,yeongheung_coal,1,59.369103,60355.848
2025-05-07,15276.738397536,13013.695528704002,2366.909249184,17.12,9.813333333333334,48.126666666666665,6,7.109999999999999,72.5,206.67,0.4625,0.0,-0.4488511688805114,-0.8936065287331996,156.75675675675674,25615.41935483871,0.0,39.54838709677419,1.0,0.0,66673.55032258065,26.415000000000003,80.06785431458465,75124.896,127.777531,17.727943,1010.7762,26.29,57.56333,12.56529,0.0019127992677042,2,spring,yeongheung_coal,1,57.648911000000005,75124.896
2025-05-08,13707.32071176,13099.18995144,2536.8117899040003,15.68,8.583333333333334,55.053333333333335,6,10.5675,58.4025,173.64,0.295,0.0,0.110775124210779,-0.9938454969742966,197.9745762711865,25615.41935483871,0.0,39.54838709677419,1.0,0.0,66673.55032258065,26.415000000000003,80.06785431458465,75267.865,112.919214,15.683776,1014.5112,25.59,53.652602,1.64736,0.0016907498597174,3,spring,yeongheung_coal,1,57.619252,75267.865
2025-05-09,15063.63024096,12980.055827664002,3012.783311088,16.86,7.571666666666666,62.34,6,10.7725,73.7525,138.0525,1.455,0.0,0.6684493835412998,-0.743757636359625,50.68900343642611,25615.41935483871,0.0,39.54838709677419,1.0,0.0,66673.55032258065,26.415000000000003,80.06785431458465,75073.773,179.177409,29.427662,1003.2258,2.17,8.446781000000001,115.687899,0.0026801809751041,4,spring,yeongheung_coal,1,55.04272900000001,75073.773
2025-05-10,14752.275050016,12999.382173216,3036.564580032,22.61,7.325,65.86166666666666,6,8.29,72.7775,116.0725,0.4549999999999999,0.0,0.8982386279577034,-0.4395080969045536,159.9505494505495,25615.41935483871,0.0,39.54838709677419,1.0,0.0,66673.55032258065,26.415000000000003,80.06785431458465,75215.897,304.157536,36.551968,996.8442,4.77,11.65106,237.26497,0.0045411756496984,5,spring,yeongheung_coal,1,55.241505999999994,75215.897
2025-05-11,15674.116056048,13148.526876768,2651.355750096,28.128333333333337,7.566666666666667,59.39333333333334,6,8.3075,72.9375,148.5,0.1425,0.0,0.5224985647159489,-0.8526401643540922,511.8421052631579,25615.41935483871,0.0,39.54838709677419,1.0,0.0,66673.55032258065,26.415000000000003,80.06785431458465,74990.0,128.636185,19.161337,1003.4312,21.93,48.310519,27.143701,0.0019256283622603,6,spring,yeongheung_coal,1,53.181965000000005,74990.0
2025-05-12,14526.794554847998,12885.280684128,2585.753100576,27.42833333333333,7.441666666666666,60.12833333333333,6,12.18,58.227500000000006,90.7375,0.18,0.0,0.9999171594845432,-0.0128714477958902,323.48611111111114,25615.41935483871,0.0,39.54838709677419,1.0,0.0,66673.55032258065,26.415000000000003,80.06785431458465,74000.079,145.397785,19.493261,1006.80695,27.4,57.972784,35.788239000000004,0.0021759963171809,0,spring,yeongheung_coal,1,51.636762,74000.079
2025-05-13,15121.856577024,13013.71658856,2829.3101798400003,22.235,7.688333333333333,61.345,6,13.055,49.9825,108.13,0.2224999999999999,0.0,0.9503529315424152,-0.3111740758944055,224.64044943820235,25615.41935483871,0.0,39.54838709677419,1.0,0.0,66673.55032258065,26.415000000000003,80.06785431458465,74263.004,193.984495,23.83896,1010.8804,19.44,43.532781,98.108329,0.0029010265673649,1,spring,yeongheung_coal,1,52.343385000000005,74263.004
2025-05-14,15118.820072208,12842.105663232,2640.972410784,16.465,7.739999999999999,62.26,6,14.745,62.59,111.6675,0.27,0.0,0.9293421542427848,-0.3692196640854605,231.8148148148148,25615.41935483871,0.0,39.54838709677419,1.0,0.0,66673.55032258065,26.415000000000003,80.06785431458465,74684.204,163.720443,20.945072,1012.6943,25.74,48.455337,62.86125,0.002449538126328,2,spring,yeongheung_coal,1,52.403856,74684.204
2025-05-15,14039.349869376,12682.840911408002,2721.303098352,21.058333333333337,7.653333333333333,76.03666666666668,6,11.865,72.2525,120.78,0.0875,0.0,0.8591385812742725,-0.5117430001143448,722.525,25615.41935483871,0.0,39.54838709677419,1.0,0.0,66673.55032258065,26.415000000000003,80.06785431458465,74709.512,130.770827,24.985659,1011.7124,9.93,24.629256,52.979061,0.0019575204829518,3,spring,yeongheung_coal,1,53.16251,74709.512
2025-05-16,13555.042071408,13226.57249472,2760.0147780479997,21.956666666666663,7.785,91.53333333333332,6,13.9675,68.5975,128.3625,0.12,0.0,0.7840998297136489,-0.6206347211065675,571.6458333333334,25615.41935483871,0.0,39.54838709677419,1.0,0.0,66673.55032258065,26.415000000000003,80.06785431458465,75109.778,84.777178,21.518847,1009.74786,4.45,8.442108000000001,23.174944,0.0012699116525839,4,spring,yeongheung_coal,1,53.160126000000005,75109.778
2025-05-17,14662.536688224,13171.572133632,2617.942519152,62.16,7.741666666666667,62.39666666666667,6,9.645,71.675,175.7225,0.3,0.0,0.0745871273688427,-0.9972145007122912,238.91666666666663,25615.41935483871,0.0,39.54838709677419,1.0,0.0,66673.55032258065,26.415000000000003,80.06785431458465,74945.867,172.798385,35.069984,1003.23834,10.52,32.188814,87.433071,0.0025850085807364,5,spring,yeongheung_coal,1,53.1765,74945.867
2025-05-18,13845.613588128,12925.522671984,2622.892863312,28.236666666666665,7.631666666666667,60.49333333333333,6,8.08,60.805,198.115,0.1725,0.0,-0.3109252634178096,-0.9504343641559714,352.49275362318843,25615.41935483871,0.0,39.54838709677419,1.0,0.0,66673.55032258065,26.415000000000003,80.06785431458465,74720.149,147.900487,29.627365,1008.91876,26.23,55.249949,36.923137,0.0022133683900618,6,spring,yeongheung_coal,1,55.727401,74720.149
2025-05-19,13468.469019408,12979.90820448,2585.9958366240003,28.21166666666667,7.7,61.60166666666667,6,13.05,77.428,130.876,2.016,0.0,0.7561276600394511,-0.6544241451255174,38.40674603174603,25615.41935483871,0.0,39.54838709677419,1.0,0.0,66673.55032258065,26.415000000000003,80.06785431458465,74686.809,147.107151,32.69664,1003.7045,15.74,18.638801,74.386197,0.0022015220526401,0,spring,yeongheung_coal,1,54.082153000000005,74686.809
2025-05-20,14436.212500656,13127.991331104002,2642.983534224,58.06666666666667,7.638333333333333,61.53833333333333,6,17.082,77.17999999999999,149.426,1.532,0.0,0.5086507710106039,-0.8609729340405065,50.378590078328976,25615.41935483871,0.0,39.54838709677419,1.0,0.0,66673.55032258065,26.415000000000003,80.06785431458465,74935.064,171.44360400000002,29.157776,1004.404,7.01,19.680794,95.075502,0.0025647934711207,1,spring,yeongheung_coal,1,56.687307999999994,74935.064
2025-05-21,15217.394043744,13279.224232944,2583.604831248,39.14666666666667,7.663333333333333,81.66833333333334,6,14.538,79.4,216.114,0.4439999999999999,0.0,-0.5893937689355443,-0.8078458919496677,178.82882882882888,25615.41935483871,0.0,39.54838709677419,1.0,0.0,66673.55032258065,26.415000000000003,80.06785431458465,75075.617,143.746378,18.998314,1004.52106,12.8,48.222603,38.220891,0.0021513348354117,2,spring,yeongheung_coal,1,57.302884,75075.617
2025-05-22,14253.598092528,13149.694522512,2181.186960336,15.331666666666669,7.675,72.94,6,15.288,67.676,109.012,0.506,0.0,0.9454503680274536,-0.3257661762625956,133.74703557312253,25615.41935483871,0.0,39.54838709677419,1.0,0.0,66673.55032258065,26.415000000000003,80.06785431458465,74557.675,98.676409,16.055353,1004.7375,23.62,50.759567,8.522011000000001,0.0014778061752631,3,spring,yeongheung_coal,1,39.394831,74557.675
2025-05-23,15226.213048992,12450.137052672,1972.235238624,19.298333333333332,7.421666666666667,61.27,6,12.546,67.314,88.95599999999999,0.65,0.0,0.9998339978469628,0.0182202291247832,103.56,25615.41935483871,0.0,39.54838709677419,1.0,0.0,66673.55032258065,26.415000000000003,80.06785431458465,73319.863,98.67162,22.91026,1008.1878,6.31,16.92551,46.625156,0.0014777345598121,4,spring,yeongheung_coal,1,35.120954,73319.863
2025-05-24,12463.899059952,10380.010951008,1929.38684328,29.905,6.12,78.82833333333333,6,11.734,58.998000000000005,145.526,0.104,0.0,0.5660322020185653,-0.8243831307577891,567.2884615384617,25615.41935483871,0.0,39.54838709677419,1.0,0.0,66673.55032258065,26.415000000000003,80.06785431458465,55767.559,118.172411,27.466372,1007.5171,7.61,29.564333,34.71863,0.0017692673008505,5,spring,yeongheung_coal,1,53.889448,55767.559
2025-05-25,12816.714434255997,10613.368651247998,2296.149657408,20.52,11.48,65.59166666666667,6,10.0,75.05199999999999,179.762,0.11,0.0,0.0041538716740534,-0.999991372637842,682.290909090909,25615.41935483871,0.0,39.54838709677419,1.0,0.0,66673.55032258065,26.415000000000003,80.06785431458465,52628.269,114.815087,20.674156,1011.761,26.32,56.368373,5.856686,0.0017190881420123,6,spring,yeongheung_coal,1,52.590028,52628.269
2025-05-26,14064.150684672,13749.295759776,1703.32545312,29.035,8.72,62.38,6,11.506,70.598,160.608,0.11,0.0,0.3320294299186201,-0.9432690271963328,641.8,25615.41935483871,0.0,39.54838709677419,1.0,0.0,66673.55032258065,26.415000000000003,80.06785431458465,68095.817,109.240296,15.937878,1014.37256,25.89,55.061651,3.51744,0.0016357551846539,0,spring,yeongheung_coal,1,50.661205,68095.817
2025-05-27,15007.166875728,12254.54894064,1852.716850704,28.145,7.745,63.75666666666667,6,12.232,76.518,137.36,0.1359999999999999,0.0,0.6773896974017376,-0.7356243592037871,562.6323529411769,25615.41935483871,0.0,39.54838709677419,1.0,0.0,66673.55032258065,26.415000000000003,80.06785431458465,70149.115,104.012544,12.245294,1015.3989,20.97,51.878709,2.5529580000000003,0.0015575971858663,1,spring,yeongheung_coal,1,49.580877,70149.115
2025-05-28,15320.534530896,12082.155709824,1945.946462688,26.245,7.271666666666667,71.38833333333334,6,12.318,63.70799999999999,169.302,0.1699999999999999,0.0,0.1856323156153259,-0.982619276932471,374.7529411764707,25615.41935483871,0.0,39.54838709677419,1.0,0.0,66673.55032258065,26.415000000000003,80.06785431458465,71359.544,100.17843200000002,15.530151,1015.5469,10.43,46.057232000000006,4.504908,0.0015002671539909,2,spring,yeongheung_coal,1,49.616292,71359.544
2025-05-29,15830.764272432,12168.615176064,866.9106803520001,17.168333333333333,7.123333333333334,59.65833333333333,6,13.2,55.538,163.196,0.8019999999999999,0.0,0.2890986297489661,-0.9572993169731556,69.24937655860349,25615.41935483871,0.0,39.54838709677419,1.0,0.0,66673.55032258065,26.415000000000003,80.06785431458465,72259.066,128.465523,18.204042,1013.2482,20.43,51.740287,22.03498,0.0019230785384824,3,spring,yeongheung_coal,1,54.690256,72259.066
2025-05-30,15260.791380048,12911.05227384,1836.616794624,23.091666666666665,7.191666666666666,60.501666666666665,6,12.956,58.32000000000001,141.704,0.15,0.0,0.6197242425585902,-0.784819637359554,388.80000000000007,25615.41935483871,0.0,39.54838709677419,1.0,0.0,66673.55032258065,26.415000000000003,80.06785431458465,74786.726,116.201346,15.978486,1010.67633,27.63,49.688168,17.480706,0.001739808025887,4,spring,yeongheung_coal,1,49.032472,74786.726
2025-05-31,15995.166249888,13140.814051152,1493.090277264,29.796666666666667,7.45,60.63666666666666,6,11.44,76.042,140.31599999999997,0.1379999999999999,0.0,0.6385529357241925,-0.7695779026700386,551.0289855072468,25615.41935483871,0.0,39.54838709677419,1.0,0.0,66673.55032258065,26.415000000000003,80.06785431458465,74658.064,90.308154,16.454008,1009.3464,18.44,36.891475,3.3312,0.0013526503120199,5,spring,yeongheung_coal,1,50.08547900000001,74658.064
2025-06-01,15188.655961296,12780.085116528,1283.779929744,59.36666666666667,7.36,60.598333333333336,6,12.972,66.578,179.666,0.088,0.0,0.0058293666860367,-0.9999830090976743,665.78,26057.1,0.0,42.3,1.0,0.0,67149.87566666667,26.095,85.66453485778855,72924.578,103.369318,17.518356,1007.7227,24.26,50.563187,2.153011,0.0015370160655231,6,summer,yeongheung_coal,1,50.653119999999994,72924.578
2025-06-02,15017.053931856,12344.535302688,1252.582273152,28.208333333333332,7.213333333333334,60.156666666666666,6,13.746,68.11600000000001,187.308,0.252,0.0,-0.1272031019531489,-0.991876691355078,270.30158730158735,26057.1,0.0,42.3,1.0,0.0,67149.87566666667,26.095,85.66453485778855,72179.736,71.512584,10.948973,1002.41486,6.24,14.286964,4.170591,0.0010638367617956,0,summer,yeongheung_coal,1,53.055029,72179.736
2025-06-03,10570.728115584,9283.705525872,1148.156666208,35.845,9.625,142.085,6,13.154000000000002,60.17,164.28400000000002,0.53,0.0,0.2708692696718899,-0.9626161429912844,113.52830188679243,26057.1,0.0,42.3,1.0,0.0,67149.87566666667,26.095,85.66453485778855,57098.249,135.977013,26.758923,998.0359,26.9,53.36795,26.843207000000003,0.0020208856332304,1,summer,yeongheung_coal,1,55.765856,57098.249
2025-06-04,9310.074953184,9300.760681536,1360.451467152,23.858333333333334,7.445,113.54333333333334,6,13.714,55.39200000000001,196.398,0.41,0.0,-0.2823079702960387,-0.9593238295316816,135.10243902439026,26057.1,0.0,42.3,1.0,0.0,67149.87566666667,26.095,85.66453485778855,57831.931,214.902181,31.491255,1001.6866,27.66,56.476004,100.573472,0.0031901267675217,2,summer,yeongheung_coal,1,57.852705,57831.931
2025-06-05,6651.734920848,8711.168780159998,1822.170690144,12.143333333333333,6.058333333333334,145.7566666666667,6,14.464,53.041999999999994,107.636,0.24,0.0,0.9530004950476678,-0.3029687383854974,221.00833333333333,26057.1,0.0,42.3,1.0,0.0,67149.87566666667,26.095,85.66453485778855,56216.718,137.527783,19.45333,1007.8304,26.22,50.498503,27.700721,0.0020438860165391,3,summer,yeongheung_coal,1,59.328559,56216.718
2025-06-06,7576.323489936,9236.722212144,1512.4941504,17.035,5.521666666666667,116.73666666666666,6,16.654,45.944,148.098,0.596,0.0,0.5284679691028088,-0.8489532411342527,77.08724832214766,26057.1,0.0,42.3,1.0,0.0,67149.87566666667,26.095,85.66453485778855,57948.097,174.33890200000002,25.282152,1005.4231,24.93,49.625343,67.844513,0.0025895423083203,4,summer,yeongheung_coal,1,56.869046,57948.097
2025-06-07,6974.6757802560005,9364.576750704,1500.8725385280002,20.191666666666663,5.54,124.55,6,15.174,78.15599999999999,163.196,0.152,0.0,0.2890986297489661,-0.9572993169731556,514.1842105263157,26057.1,0.0,42.3,1.0,0.0,67149.87566666667,26.095,85.66453485778855,57836.404,169.779696,18.733839,1005.4086,15.87,35.631332,77.584118,0.002521992946716,5,summer,yeongheung_coal,1,56.564246,57836.404
2025-06-08,8110.012540320001,9510.854420448,949.819699728,56.66333333333333,5.614999999999999,123.34333333333336,6,15.766,77.83,137.766,0.562,0.0,0.6721600733249593,-0.7404058588556585,138.48754448398574,26057.1,0.0,42.3,1.0,0.0,67149.87566666667,26.095,85.66453485778855,58057.874,105.723518,14.471821,1005.64667,16.88,45.641986,4.886958,0.001571966041217,6,summer,yeongheung_coal,1,55.19457400000001,58057.874
2025-06-09,8351.159519232,9292.782247488,689.7155313600001,35.86666666666667,5.485,132.26166666666668,6,14.168,79.4,116.4,0.108,0.0,0.8957117602394128,-0.4446351791849276,735.1851851851852,26057.1,0.0,42.3,1.0,0.0,67149.87566666667,26.095,85.66453485778855,58235.011,112.142564,12.72283,1005.14575,19.59,48.109976,9.754274,0.0016672494663395,0,summer,yeongheung_coal,1,54.278314,58235.011
2025-06-10,9106.6989744,9416.282796288,941.774483088,126.11,5.565,164.71,6,13.662,73.4,132.154,0.094,0.0,0.7413436493315556,-0.6711256168525915,734.0,26057.1,0.0,42.3,1.0,0.0,67149.87566666667,26.095,85.66453485778855,58245.177,97.005212,31.688177,1004.7456,14.7,26.355061,18.566947,0.0014425235896818,1,summer,yeongheung_coal,1,52.083203999999995,58245.177
2025-06-11,8983.383755616,9324.541178496,1155.8536740000002,28.450000000000003,5.455000000000001,150.29000000000002,6,17.134999999999998,90.575,91.78,0.22,0.0,0.9995174638954168,-0.0310618635640874,411.70454545454544,26057.1,0.0,42.3,1.0,0.0,67149.87566666667,26.095,85.66453485778855,58033.874,115.071574,21.599998,1009.2727,27.71,51.278265,10.894264,0.0017107212407122,2,summer,yeongheung_coal,1,52.899045,58033.874
2025-06-12,7006.374010655999,10985.62036752,5736.849572591999,12.253333333333332,7.806666666666666,169.01666666666665,6,17.545,93.33,136.51,0.12,0.0,0.6882279634993198,-0.7254945005012642,777.75,26057.1,0.0,42.3,1.0,0.0,67149.87566666667,26.095,85.66453485778855,50253.21,110.061331,14.84318,1011.8831,25.68,53.007589,5.083629,0.0016363579258752,3,summer,yeongheung_coal,1,51.970113,50253.21
2025-06-13,8489.754299232001,9260.342533152,1190.1083470560002,22.99833333333333,5.32,147.05166666666668,6,16.02,72.47,70.39200000000001,0.718,0.0,0.9420106057295164,0.3355831025142797,100.933147632312,26057.1,0.0,42.3,1.0,0.0,67149.87566666667,26.095,85.66453485778855,58181.428,86.37879699999999,19.191748,1010.47455,10.66,19.838775,15.826482,0.0012847056649575,4,summer,yeongheung_coal,1,50.71354,58181.428
2025-06-14,7645.82438376,9541.967359824,1057.328352432,56.01666666666667,5.445,122.205,6,15.37,73.442,135.9,0.162,0.0,0.6959127965923142,-0.7181262977631889,453.3456790123456,26057.1,0.0,42.3,1.0,0.0,67149.87566666667,26.095,85.66453485778855,58752.727,127.080058,22.086521,1000.4556,24.38,52.769009,24.329245000000004,0.0018889091611112,5,summer,yeongheung_coal,1,49.981804,58752.727
2025-06-15,10996.330348799998,13865.636313792,5107.583740464,101.66999999999996,10.688333333333333,81.12833333333333,6,16.088,79.3,142.05,0.5559999999999999,0.0,0.6149735718768641,-0.788547719477402,142.62589928057554,26057.1,0.0,42.3,1.0,0.0,67149.87566666667,26.095,85.66453485778855,64701.58,132.76332200000002,26.081993,996.8232,16.88,40.040226,43.853888,0.0019732181138489,6,summer,yeongheung_coal,1,48.869208,64701.58
2025-06-16,11557.118518128,12465.696864816,1662.768496368,106.16166666666668,7.511666666666667,108.41166666666668,6,16.518,76.508,145.49200000000002,0.63,0.0,0.566521301126815,-0.8240470953589853,121.44126984126984,26057.1,0.0,42.3,1.0,0.0,67149.87566666667,26.095,85.66453485778855,70192.896,155.082732,38.30576,995.30194,10.2,15.756711,88.14443800000001,0.0023041798953563,0,summer,yeongheung_coal,1,51.181583,70192.896
2025-06-17,9472.84815024,9930.832078320002,3543.5090882880004,76.02666666666667,11.193333333333332,104.34333333333336,6,15.218,79.4,233.346,0.206,0.0,-0.8022551900111173,-0.5969812476956258,385.4368932038835,26057.1,0.0,42.3,1.0,0.0,67149.87566666667,26.095,85.66453485778855,58403.869,145.044129,28.664682,1001.7126,23.54,37.168279000000005,45.659495,0.0021553503509686,1,summer,yeongheung_coal,1,62.21635499999999,58403.869
2025-06-18,10538.819444592,15485.510723472,5070.36585096,15.648333333333332,9.135,99.34499999999998,6,19.1,87.405,164.7875,0.1125,0.0,0.2623997063391124,-0.9649592707016952,776.9333333333333,26057.1,0.0,42.3,1.0,0.0,67149.87566666667,26.095,85.66453485778855,72120.13,114.319184,12.522619,1008.2791,21.22,48.57289,1.61472,0.0016995547817646,2,summer,yeongheung_coal,1,64.131574,72120.13
2025-06-19,12233.943403632,13178.215749168,2381.200562592,28.026666666666667,7.021666666666667,62.165,6,23.3475,98.56,158.92,1.17,0.0,0.359671123975389,-0.9330791405761252,84.23931623931625,26057.1,0.0,42.3,1.0,0.0,67149.87566666667,26.095,85.66453485778855,76305.584,115.569042,18.03237,1009.59406,19.76,43.663795,6.251171,0.0017181041841102,3,summer,yeongheung_coal,1,65.654076,76305.584
2025-06-20,12690.396653472,13119.2446716,2746.662140448,35.145,6.966666666666666,75.575,6,19.555,99.25,154.35,1.3225,0.0,0.4328725815204141,-0.9014551171122456,75.04725897920605,26057.1,0.0,42.3,1.0,0.0,67149.87566666667,26.095,85.66453485778855,76165.324,308.97696099999996,48.386196,1001.7241,2.33,5.170560999999999,239.693604,0.004580228523977,4,summer,yeongheung_coal,1,64.112796,76165.324
2025-06-21,11586.402198144002,13202.07446592,2378.227795344,36.59833333333333,7.196666666666666,98.17333333333332,6,18.0325,96.045,124.015,0.3399999999999999,0.0,0.8288911477862543,-0.5594099258339863,282.48529411764713,26057.1,0.0,42.3,1.0,0.0,67149.87566666667,26.095,85.66453485778855,75874.638,96.763615,24.063513,1001.52814,6.67,13.492912,18.00384,0.0014389360722503,5,summer,yeongheung_coal,1,65.266863,75874.638
2025-06-22,11728.237091904,13242.524751216,2471.2534144799997,33.339999999999996,7.128333333333334,93.39833333333333,6,17.947499999999998,99.25,123.5925,0.42,0.0,0.8329936723583549,-0.5532825153670968,236.30952380952385,26057.1,0.0,42.3,1.0,0.0,67149.87566666667,26.095,85.66453485778855,76095.328,121.24852,19.95972,1004.1538,26.06,54.130192,13.968,0.0018023858151018,6,summer,yeongheung_coal,1,53.150328,76095.328
2025-06-23,12391.718750064,13176.262968768,2153.672562384,36.39833333333333,7.148333333333333,68.23,6,21.085,81.30250000000001,159.68,0.115,0.0,0.3472630154286188,-0.937767774086646,706.9782608695652,26057.1,0.0,42.3,1.0,0.0,67149.87566666667,26.095,85.66453485778855,76336.18,110.461347,17.25373,1005.4744,26.18,54.643734,4.65792,0.0016422954731486,0,summer,yeongheung_coal,1,51.159693,76336.18
2025-06-24,13361.34320136,13288.98751416,2223.3133992959997,36.63666666666666,7.289999999999999,62.098333333333336,6,20.6975,95.9375,53.77,0.345,0.0,0.8066509611371315,0.5910281100730673,278.07971014492756,26057.1,0.0,42.3,1.0,0.0,67149.87566666667,26.095,85.66453485778855,75786.478,81.888532,15.683774,1005.1762,12.55,19.128921,14.21184,0.0012180036174273,1,summer,yeongheung_coal,1,48.547771,75786.478
2025-06-25,13545.831281472,13198.653247104,2189.07467136,31.396666666666665,7.1433333333333335,70.38666666666667,6,19.38,99.25,137.5975,0.145,0.0,0.6743346081345071,-0.7384259179308923,684.4827586206897,26057.1,0.0,42.3,1.0,0.0,67149.87566666667,26.095,85.66453485778855,76083.524,85.91707000000001,23.576563,1003.75507,7.55,12.384528,18.64512,0.00127784720761,2,summer,yeongheung_coal,1,54.88742200000001,76083.524
2025-06-26,13508.666127792,13144.294000368,2120.7862406880004,22.201666666666668,7.483333333333333,84.52333333333333,6,19.26,97.705,164.65249999999995,0.37,0.0,0.2646726075766124,-0.964338327973433,264.06756756756755,26057.1,0.0,42.3,1.0,0.0,67149.87566666667,26.095,85.66453485778855,76514.36,105.510085,17.339897,1006.51227,19.3,46.625964,2.88192,0.0015687975590473,3,summer,yeongheung_coal,1,56.002201,76514.36
2025-06-27,13083.244398,13400.808976368,2208.2751434879997,18.026666666666667,7.191666666666666,64.565,6,21.9225,94.6125,140.39,0.1025,0.0,0.6375584599696511,-0.7704019795672431,923.048780487805,26057.1,0.0,42.3,1.0,0.0,67149.87566666667,26.095,85.66453485778855,77328.718,93.201846,12.287555,1006.25543,9.01,37.84035,0.0153599999999999,0.0013860437304114,4,summer,yeongheung_coal,1,55.346136,77328.718
2025-06-28,12824.011259424,13484.327676768,2500.305394752,35.5,7.206666666666667,86.91666666666667,6,23.6325,97.7825,127.0275,0.145,0.0,0.798346567593628,-0.6021982713454704,674.3620689655173,26057.1,0.0,42.3,1.0,0.0,67149.87566666667,26.095,85.66453485778855,76939.48,78.240861,14.039999,1005.0979,3.91,19.507278,4.110720000000001,0.0011638115871921,5,summer,yeongheung_coal,1,54.622862999999995,76939.48
2025-06-29,11776.965143472002,13291.358829552,2447.0817927840003,22.398333333333337,7.066666666666667,67.74,6,24.2825,96.005,137.865,0.21,0.0,0.6708797410924777,-0.7415661622483122,457.1666666666667,26057.1,0.0,42.3,1.0,0.0,67149.87566666667,26.095,85.66453485778855,76979.206,105.651774,14.4,1005.3649,15.29,36.716047,13.70304,0.0015709009804912,6,summer,yeongheung_coal,1,55.232687,76979.206
2025-06-30,13514.91994008,13443.108374592,2346.3681517439995,19.826666666666668,7.271666666666667,64.89,6,24.555,95.9625,140.2775,0.3399999999999999,0.0,0.6390699107535458,-0.7691486521924451,282.2426470588236,26057.1,0.0,42.3,1.0,0.0,67149.87566666667,26.095,85.66453485778855,76873.958,109.588449,16.923828,1007.8326,8.7,37.00689,16.798080000000002,0.0016293387174708,0,summer,yeongheung_coal,1,55.783479,76873.958
2025-07-01,14077.828752624,13390.09839936,2444.4235635840005,20.328333333333333,7.275,66.32333333333334,6,20.268,77.152,141.43400000000003,0.548,0.0,0.6234157233067072,-0.7818905524010218,140.7883211678832,29455.25806451613,0.0,98.38709677419357,1.0,0.0,74671.81258064516,25.429999999999996,89.62997965592398,76837.648,145.936916,20.431387,1009.63257,8.23,42.661773999999994,43.15968,0.0019505654337617,1,summer,yeongheung_coal,1,60.115462,76837.648
2025-07-02,12910.67472816,13091.387685408,2525.25956112,19.008333333333333,7.206666666666667,63.69833333333333,6,20.266,78.576,159.382,0.162,0.0,0.3521357028132553,-0.9359489552343198,485.03703703703695,29455.25806451613,0.0,98.38709677419357,1.0,0.0,74671.81258064516,25.429999999999996,89.62997965592398,77114.868,128.37369800000002,18.374111,1009.96826,5.79,38.157262,28.29504,0.0017162216350876,2,summer,yeongheung_coal,1,61.92139600000001,77114.868
2025-07-03,12197.832412032,12987.64250496,2384.7420366720003,16.346666666666668,7.32,63.46666666666667,6,19.734,76.518,145.08599999999998,0.842,0.0,0.5723462572719392,-0.820012049781467,90.87648456057008,29455.25806451613,0.0,98.38709677419357,1.0,0.0,74671.81258064516,25.429999999999996,89.62997965592398,76325.603,126.329893,19.296133,1007.85034,15.15,37.743232000000006,25.052825,0.0016889442547923,3,summer,yeongheung_coal,1,63.533836,76325.603
2025-07-04,14417.264154672,13305.975544512,2317.709850048,20.73333333333333,7.27,64.63666666666667,6,20.122,75.014,142.226,0.4479999999999999,0.0,0.6125484295892074,-0.7904330594097111,167.4419642857143,29455.25806451613,0.0,98.38709677419357,1.0,0.0,74671.81258064516,25.429999999999996,89.62997965592398,76722.895,155.343243,24.606731,1004.4411,10.14,24.911247,73.78889500000001,0.0020760276304783,4,summer,yeongheung_coal,1,56.643100999999994,76722.895
2025-07-05,14705.335470527998,13573.766900592,2243.965005072,45.39666666666667,7.325,66.32333333333334,6,20.21,75.874,139.586,0.18,0.0,0.6483059606251276,-0.7613799192373875,421.5222222222222,29455.25806451613,0.0,98.38709677419357,1.0,0.0,74671.81258064516,25.429999999999996,89.62997965592398,76880.598,129.316829,20.073025,1003.27515,21.81,50.465254,46.585717,0.001728808508917,5,summer,yeongheung_coal,1,32.265858,76880.598
2025-07-06,15931.607804208,13504.747474224,2319.19425288,75.63833333333334,7.285,65.29,6,20.276,76.542,136.19400000000002,0.232,0.0,0.6922187526295105,-0.7216877430773261,329.92241379310343,29455.25806451613,0.0,98.38709677419357,1.0,0.0,74671.81258064516,25.429999999999996,89.62997965592398,76845.163,107.536652,20.390114,1002.41675,19.9,49.580289,25.554549,0.001438052792696,6,summer,yeongheung_coal,1,32.401814,76845.163
2025-07-07,14738.740239168,13392.529769520002,2447.575565328,56.355,7.371666666666667,70.95333333333333,6,21.008,72.28999999999999,240.652,0.842,0.0,-0.8716589823701293,-0.4901128629749179,85.85510688836104,29455.25806451613,0.0,98.38709677419357,1.0,0.0,74671.81258064516,25.429999999999996,89.62997965592398,76738.11,95.824056,14.118243,1003.5253,13.13,40.151691,8.429343000000001,0.0012816247819318,0,summer,yeongheung_coal,1,47.243022,76738.11
2025-07-08,14489.479619855998,13639.947943536,2290.294050192,68.45833333333333,7.576666666666667,69.27999999999999,6,25.554582595825195,91.875,,2.3928575,1.7000000476837158,-0.7781982,0.6280188,38.39551665738558,29455.25806451613,0.0,98.38709677419357,1.0,0.0,74671.81258064516,25.429999999999996,89.62997965592398,77438.883,117.973085,4.272001666666666,1005.18774,19.1,51.046207,5.567386,0.0015773956824453,1,summer,yeongheung_coal,1,61.359492,77438.883
2025-07-09,13848.804482975998,13325.069934,2268.4758389280005,32.52,7.22,63.65833333333333,6,21.002,68.12,178.01799999999997,0.104,0.0,0.0345855270974221,-0.9994017417012008,655.0000000000001,29455.25806451613,0.0,98.38709677419357,1.0,0.0,74671.81258064516,25.429999999999996,89.62997965592398,76684.938,121.883963,17.654688,1006.6184,20.24,46.760327,15.158881,0.0016296020738709,2,summer,yeongheung_coal,1,59.964755,76684.938
2025-07-10,13173.75477216,13319.183045808,2410.424522208,16.766666666666666,7.341666666666666,61.76333333333333,6,22.674,45.596,126.224,0.262,0.0,0.8067128490330153,-0.5909436345414302,174.030534351145,29455.25806451613,0.0,98.38709677419357,1.0,0.0,74671.81258064516,25.429999999999996,89.62997965592398,76532.235,127.430799,27.757376,1008.176,24.65,52.830612,16.584654000000004,0.0017036375401983,3,summer,yeongheung_coal,1,58.015533,76532.235
2025-07-11,13290.20700192,13277.824543152,2426.099290416,17.09,7.201666666666667,62.01166666666666,6,21.596,48.646,106.106,0.0839999999999999,0.0,0.960750108567001,-0.2774152643393935,486.46,29455.25806451613,0.0,98.38709677419357,1.0,0.0,74671.81258064516,25.429999999999996,89.62997965592398,77088.979,152.114725,25.942488,1009.39526,25.93,54.494765,41.407872000000005,0.0020329690044019,4,summer,yeongheung_coal,1,56.212088,77088.979
2025-07-12,13271.330566512,13419.726207984,2433.7455564960005,26.305000000000003,7.243333333333333,62.035,6,19.104000000000003,55.303999999999995,153.058,0.158,0.0,0.4530883094288651,-0.8914656380696303,350.02531645569616,29455.25806451613,0.0,98.38709677419357,1.0,0.0,74671.81258064516,25.429999999999996,89.62997965592398,77503.421,136.43399300000002,24.472057,1007.2663,26.17,53.911612,25.726479,0.001823782794664,5,summer,yeongheung_coal,1,56.795902000000005,77503.421
2025-07-13,12644.834786064,13217.598478224,2344.62607632,24.451666666666668,7.308333333333334,60.245,6,18.124,66.628,159.794,0.108,0.0,0.3453964758645703,-0.938456858070916,616.925925925926,29455.25806451613,0.0,98.38709677419357,1.0,0.0,74671.81258064516,25.429999999999996,89.62997965592398,76727.294,76.03862,11.384199,1000.51874,8.26,15.962985,2.4326399999999997,0.0010172683064278,6,summer,yeongheung_coal,1,57.64299499999999,76727.294
2025-07-14,12264.018704496,12468.36387672,2243.429242704,18.381666666666668,7.058333333333334,58.794999999999995,6,16.904,78.54400000000001,123.366,0.106,0.0,0.8351743781005526,-0.5499852344966683,740.9811320754718,29455.25806451613,0.0,98.38709677419357,1.0,0.0,74671.81258064516,25.429999999999996,89.62997965592398,72243.037,102.68977,28.460497,993.10895,12.53,25.986421999999997,19.474503,0.001373326023869,0,summer,yeongheung_coal,1,57.228845,72243.037
2025-07-15,11403.855733104,11705.684444496,2322.505073376,17.173333333333332,6.843333333333334,58.055,6,18.26,74.652,90.818,0.244,0.0,0.9998980883178468,-0.0142763082873454,305.95081967213116,29455.25806451613,0.0,98.38709677419357,1.0,0.0,74671.81258064516,25.429999999999996,89.62997965592398,67486.566,71.989391,29.973106,993.3431,7.59,17.014705999999997,17.963192,0.0009631486370911,1,summer,yeongheung_coal,1,37.011493,67486.566
2025-07-16,11141.860282992002,12105.349779312,2245.792179888,15.883333333333333,7.055,61.745,6,18.038,77.772,107.948,0.984,0.0,0.9513365794987628,-0.3081537157127825,79.03658536585367,29455.25806451613,0.0,98.38709677419357,1.0,0.0,74671.81258064516,25.429999999999996,89.62997965592398,67361.757,91.875274,42.547066,997.7712,2.84,2.740361,58.577678,0.0012288756298194,2,summer,yeongheung_coal,1,30.557235,67361.757
2025-07-17,12362.975359488,12334.268666016,2106.140331456,15.921666666666669,7.03,67.11666666666666,6,18.79,77.524,114.58200000000002,0.62,0.0,0.9093668426437936,-0.4159951267744106,125.03870967741936,29455.25806451613,0.0,98.38709677419357,1.0,0.0,74671.81258064516,25.429999999999996,89.62997965592398,68808.039,222.070442,35.71265,999.6616,7.39,11.384322,151.92550599999998,0.0029651345749138,3,summer,yeongheung_coal,1,58.760614,68808.039
2025-07-18,14844.440423232,13366.984639536,2273.643421776,17.416666666666668,7.140000000000001,57.31666666666666,6,19.592,79.14,174.664,0.266,0.0,0.0929962014515373,-0.995666463488444,297.5187969924812,29455.25806451613,0.0,98.38709677419357,1.0,0.0,74671.81258064516,25.429999999999996,89.62997965592398,76566.967,99.375127,32.023815,1002.8809,8.98,14.816,22.446613,0.0013290564192795,4,summer,yeongheung_coal,1,62.112514,76566.967
2025-07-19,10893.972431952,13201.962286032,2585.9034934559995,14.945,7.055,59.65166666666667,6,19.972,77.71799999999999,142.2,1.784,0.0,0.6129070536529768,-0.7901550123756902,43.56390134529147,29455.25806451613,0.0,98.38709677419357,1.0,0.0,74671.81258064516,25.429999999999996,89.62997965592398,76364.957,135.722328,24.850431,1005.1079,17.39,9.985783,62.445667,0.0018142868651633,5,summer,yeongheung_coal,1,63.290878,76364.957
2025-07-20,11381.334301008,12837.55528944,2367.009513936,17.099999999999998,6.913333333333333,56.833333333333336,6,20.392,76.25800000000001,118.018,0.086,0.0,0.8828000604483645,-0.469748925780958,762.58,29455.25806451613,0.0,98.38709677419357,1.0,0.0,74671.81258064516,25.429999999999996,89.62997965592398,75927.192,218.789416,27.595825,1009.09174,16.83,41.375804,114.307558,0.0029214535624884,6,summer,yeongheung_coal,1,63.106054,75927.192
2025-07-21,11736.950894928,12164.539121568,2353.839295824,23.375,6.838333333333334,56.928333333333335,6,20.863999999999997,76.798,142.374,0.372,0.0,0.61050463070352,-0.7920126866973525,206.4462365591398,29455.25806451613,0.0,98.38709677419357,1.0,0.0,74671.81258064516,25.429999999999996,89.62997965592398,72308.987,161.835669,18.171976,1011.06104,17.39,50.717020000000005,46.391216,0.0021626056297578,0,summer,yeongheung_coal,1,64.727433,72308.987
2025-07-22,11007.145357776,11542.296482496002,2166.259991472,27.378333333333337,7.153333333333333,57.26333333333333,6,20.092,78.192,100.578,0.2279999999999999,0.0,0.9830059089364628,-0.1835739169816846,342.9473684210528,29455.25806451613,0.0,98.38709677419357,1.0,0.0,74671.81258064516,25.429999999999996,89.62997965592398,67191.297,118.983494,16.595179,1011.92206,15.98,49.754965,16.833912,0.0015908841761925,1,summer,yeongheung_coal,1,52.394617,67191.297
2025-07-23,11115.040012991998,12009.288924288,2248.572057984,40.89666666666667,7.065,57.528333333333336,6,19.982,77.14,194.08,0.126,0.0,-0.2432764477512293,-0.9699569938762972,612.2222222222222,29455.25806451613,0.0,98.38709677419357,1.0,0.0,74671.81258064516,25.429999999999996,89.62997965592398,69507.106,97.32576600000002,14.693999,1011.01556,20.38,44.136889,2.48256,0.0013016836645726,2,summer,yeongheung_coal,1,50.706317000000006,69507.106
2025-07-24,12064.134355488,13262.15878344,2281.865824944,34.055,7.25,56.294999999999995,6,24.054,57.07000000000001,220.68,0.8859999999999999,0.0,-0.6518337253008788,-0.7583619152887218,64.41309255079008,29455.25806451613,0.0,98.38709677419357,1.0,0.0,74671.81258064516,25.429999999999996,89.62997965592398,76930.343,98.784089,15.629971,1008.7601,14.49,50.149986000000006,6.781003,0.0013211622402379,3,summer,yeongheung_coal,1,41.8531,76930.343
2025-07-25,10884.178107072,13570.351158816,2147.306592672,15.213333333333331,7.211666666666667,56.13666666666666,6,20.863999999999997,69.82000000000001,147.908,0.2279999999999999,0.0,0.5312802938049714,-0.847196110363181,306.22807017543875,29455.25806451613,0.0,98.38709677419357,1.0,0.0,74671.81258064516,25.429999999999996,89.62997965592398,77098.944,73.586221,16.323528,1006.4946,24.82,51.811001,8.0765,0.0009844916500516,4,summer,yeongheung_coal,1,13.69872,77098.944
2025-07-26,11945.923733088,13562.118965952,2300.827641264,15.77,6.986666666666667,57.848333333333336,6,20.586,73.85,143.078,0.142,0.0,0.6007272379228143,-0.799454054725865,520.0704225352113,29455.25806451613,0.0,98.38709677419357,1.0,0.0,74671.81258064516,25.429999999999996,89.62997965592398,78607.178,72.443938,15.281989,1005.10455,24.72,50.317787,10.510751,0.000969224143422,5,summer,yeongheung_coal,1,11.6154,78607.178
2025-07-27,11750.7846168,13398.75807696,2181.645374544,15.681666666666668,6.945,59.12166666666667,6,26.431663513183594,89.83333587646484,,2.8865272222222225,0.0,-0.92629486,-0.37679952,31.121596631715025,29455.25806451613,0.0,98.38709677419357,1.0,0.0,74671.81258064516,25.429999999999996,89.62997965592398,77761.167,64.776,4.220189444444444,1003.32587,24.72,51.996462,10.831937999999996,0.0008667240668886,6,summer,yeongheung_coal,1,1.9476,77761.167
2025-07-28,12381.9742728,13375.224291168,2039.240022768,16.331666666666667,7.118333333333333,58.01333333333333,6,20.47,68.224,158.946,0.106,0.0,0.3592476690751319,-0.933242258078836,643.6226415094341,29455.25806451613,0.0,98.38709677419357,1.0,0.0,74671.81258064516,25.429999999999996,89.62997965592398,76565.929,74.232273,12.605142,1001.3372,16.84,53.714245000000005,7.453458,0.0009931264342527,0,summer,yeongheung_coal,1,13.06457,76565.929
2025-07-29,11704.658733792,12006.952635024,1887.72611616,21.561666666666667,6.816666666666666,59.026666666666664,6,20.93,71.946,182.988,0.112,0.0,-0.0521268026159472,-0.9986404740691408,642.375,29455.25806451613,0.0,98.38709677419357,1.0,0.0,74671.81258064516,25.429999999999996,89.62997965592398,70813.868,57.279812,13.708391,998.7407,24.4,52.262555,5.017257000000001,0.0007664995006099,1,summer,yeongheung_coal,1,0.0,70813.868
2025-07-30,11716.028242272,11820.81747888,1875.75799536,25.736666666666665,6.748333333333334,57.24333333333334,6,21.908,74.29400000000001,178.91199999999998,0.092,0.0,0.0189880410670975,-0.9998197108961366,742.94,29455.25806451613,0.0,98.38709677419357,1.0,0.0,74671.81258064516,25.429999999999996,89.62997965592398,68723.131,43.412395999999994,18.0,998.3514,20.4,37.25604,4.031276,0.0005810381486982,2,summer,yeongheung_coal,1,2.12508,68723.131
2025-07-31,13154.492594448,13160.818977984,1544.051638368,17.084999999999997,7.186666666666667,53.80166666666667,6,21.436,72.696,247.82200000000003,0.404,0.0,-0.9260155970007669,-0.377485250190406,179.94059405940592,29455.25806451613,0.0,98.38709677419357,1.0,0.0,74671.81258064516,25.429999999999996,89.62997965592398,75119.088,62.84975,15.937878,1000.3489,7.61,37.21299,10.78352,0.0008409718869396,3,summer,yeongheung_coal,1,14.85324,75119.088
2025-08-01,11662.364089872,13139.656543728,1604.4629004,15.318333333333332,7.246666666666666,47.953333333333326,6,20.592,75.474,151.224,0.136,0.0,0.4813865653645129,-0.8765083996668586,554.9558823529412,26454.032258064515,0.0,56.67741935483871,1.0,0.0,66970.08193548387,25.578333333333333,82.17878360632814,75382.648,58.648182000000006,15.517629,1000.5656,14.16,34.105992,5.6346300000000005,0.0008749708057605,4,summer,yeongheung_coal,1,18.90756,75382.648
2025-08-02,12863.672747136,13117.111469568004,1551.58845408,15.895,7.178333333333334,48.171666666666674,6,20.654000000000003,77.162,169.606,0.112,0.0,0.1804161448973752,-0.9835903693410024,688.9464285714286,26454.032258064515,0.0,56.67741935483871,1.0,0.0,66970.08193548387,25.578333333333333,82.17878360632814,75160.623,68.815955,11.165805,1000.49554,14.36,48.564395000000005,2.2944,0.001026507850896,5,summer,yeongheung_coal,1,17.95716,75160.623
2025-08-03,11408.954271263998,13103.200993824,1873.432958256,14.788333333333334,7.07,47.876666666666665,6,18.836,77.42999999999999,67.44,0.448,0.0,0.9234782808576822,0.3836507067426563,172.83482142857142,26454.032258064515,0.0,56.67741935483871,1.0,0.0,66970.08193548387,25.578333333333333,82.17878360632814,75147.651,47.409141,37.363766,998.7876,9.19,11.878304,16.890397,0.0007074144411925,6,summer,yeongheung_coal,1,18.64044,75147.651
2025-08-04,10337.065872623998,12956.694091344,1954.421413632,16.105,7.151666666666667,47.971666666666664,6,19.996,76.396,93.958,0.144,0.0,0.9976149164031048,-0.0690252024265488,530.5277777777778,26454.032258064515,0.0,56.67741935483871,1.0,0.0,66970.08193548387,25.578333333333333,82.17878360632814,74707.989,90.220546,30.018473,997.9372,19.88,49.360881,21.713065000000004,0.0013453644356124,0,summer,yeongheung_coal,1,19.1466,74707.989
2025-08-05,10854.900815184,12882.60229464,2146.901712336,29.808333333333337,7.116666666666667,48.205000000000005,6,21.184,75.326,100.05,0.156,0.0,0.9846558414224508,-0.1745075183269918,482.8589743589743,26454.032258064515,0.0,56.67741935483871,1.0,0.0,66970.08193548387,25.578333333333333,82.17878360632814,75154.756,70.049725,15.4800005,1002.07587,21.51,48.695125,2.6022,0.0010448924139164,1,summer,yeongheung_coal,1,18.7524,75154.756
2025-08-06,10448.205125472,13118.672907648,2241.277239456,23.781666666666663,7.109999999999999,55.035,6,20.052,77.098,133.108,0.576,0.0,0.7300668664872717,-0.6833757169064879,133.85069444444446,26454.032258064515,0.0,56.67741935483871,1.0,0.0,66970.08193548387,25.578333333333333,82.17878360632814,75190.26,98.838611,30.75209,999.37714,5.16,12.688168,68.794843,0.0014736872189779,2,summer,yeongheung_coal,1,17.3556,75190.26
2025-08-07,11158.955912304,13165.131177648,2343.607845264,16.758333333333336,7.235,60.38666666666666,6,19.324,75.80600000000001,137.988,0.282,0.0,0.669286235570329,-0.743004666792947,268.8156028368795,26454.032258064515,0.0,56.67741935483871,1.0,0.0,66970.08193548387,25.578333333333333,82.17878360632814,75042.198,105.212675,23.675304,1000.1651,24.44,54.042013,17.615061999999998,0.0015685756672555,3,summer,yeongheung_coal,1,33.5556,75042.198
2025-08-08,13031.968602672,13132.004811408,2311.273266912,17.908333333333335,7.218333333333334,60.34,6,19.61,77.0,169.814,0.102,0.0,0.1768442506817549,-0.9842388485529356,754.9019607843138,26454.032258064515,0.0,56.67741935483871,1.0,0.0,66970.08193548387,25.578333333333333,82.17878360632814,75153.849,93.982753,15.463244,1002.19806,16.46,41.796167,5.595439000000001,0.0014013876647136,4,summer,yeongheung_coal,1,46.591147,75153.849
2025-08-09,11485.087565328,12929.315573664,2142.4328532,16.886666666666667,7.041666666666667,61.221666666666664,6,17.926,78.382,204.104,0.15,0.0,-0.4083941872339261,-0.9128056681646652,522.5466666666667,26454.032258064515,0.0,56.67741935483871,1.0,0.0,66970.08193548387,25.578333333333333,82.17878360632814,74771.14,47.719696000000006,12.620554,1001.52814,7.09,13.455658,0.6503929999999999,0.0007120450811323,5,summer,yeongheung_coal,1,33.613645000000005,74771.14
2025-08-10,11329.387830432,11814.145404192,1986.481585296,17.451666666666664,6.883333333333334,60.87166666666667,6,18.9,76.22200000000001,148.426,0.1399999999999999,0.0,0.5235993506108493,-0.8519646237021212,544.4428571428576,26454.032258064515,0.0,56.67741935483871,1.0,0.0,66970.08193548387,25.578333333333333,82.17878360632814,70102.599,98.065518,20.929594,999.86505,24.7,54.098446,12.043023,0.0014621772290343,6,summer,yeongheung_coal,1,31.924049,70102.599
2025-08-11,11051.140335984,10986.418595808002,1559.182611024,17.881666666666664,6.72,61.626666666666665,6,17.884,77.68199999999999,149.49200000000002,0.094,0.0,0.5076586641391996,-0.8615582863186932,776.8199999999998,26454.032258064515,0.0,56.67741935483871,1.0,0.0,66970.08193548387,25.578333333333333,82.17878360632814,66055.387,52.721909999999994,16.42247,1002.1888,12.77,21.355173,1.327239,0.0007866264461502,0,summer,yeongheung_coal,1,30.039498,66055.387
2025-08-12,9637.586057807996,9273.888866304,2005.295083344,20.26,6.211666666666666,143.64666666666668,6,20.598000000000003,68.738,98.338,0.1379999999999999,0.0,0.9894298307877328,-0.1450124475600577,498.10144927536265,26454.032258064515,0.0,56.67741935483871,1.0,0.0,66970.08193548387,25.578333333333333,82.17878360632814,51026.745,87.363665,18.844202,1007.0249,24.0,52.619656000000006,4.650999,0.0013028182660057,1,summer,yeongheung_coal,1,30.09301,51026.745
2025-08-13,6385.777208928001,6647.035072752001,2318.665093776,18.263333333333335,4.381666666666667,176.25666666666666,6,20.036,77.702,147.28199999999998,0.7540000000000001,0.0,0.5405046622225631,-0.841341018919007,103.05305039787795,26454.032258064515,0.0,56.67741935483871,1.0,0.0,66970.08193548387,25.578333333333333,82.17878360632814,37477.84,215.420475,40.64175,1008.96173,4.2,7.480244,177.179504,0.0032063535624671,2,summer,yeongheung_coal,1,30.760727,37477.84
2025-08-14,6032.840245200001,6550.324688304,1345.8739763519998,13.191666666666668,4.136666666666667,85.12333333333333,6,18.732,78.964,152.73600000000002,0.086,0.0,0.4580911293132689,-0.8889052352441704,789.64,26454.032258064515,0.0,56.67741935483871,1.0,0.0,66970.08193548387,25.578333333333333,82.17878360632814,37441.87,101.24667599999998,31.557035,1011.93726,5.96,13.718824,53.87063499999999,0.0015095373551712,3,summer,yeongheung_coal,1,33.657216999999996,37441.87
2025-08-15,8291.70151848,13664.437213103998,1782.896048352,15.073333333333332,10.34,85.24833333333333,6,20.272,78.6,96.062,0.088,0.0,0.994408202440559,-0.1056045781154218,785.9999999999999,26454.032258064515,0.0,56.67741935483871,1.0,0.0,66970.08193548387,25.578333333333333,82.17878360632814,48924.87,78.09365700000001,11.631956,1012.80707,14.21,41.988128,0.428293,0.0011647394773968,4,summer,yeongheung_coal,1,35.677236,48924.87
2025-08-16,11486.350359072,9736.452674352,1584.30029544,17.215,5.786666666666666,170.1783333333333,6,20.7,75.33,143.734,0.242,0.0,0.5915348271221541,-0.8062794480213193,311.2809917355372,26454.032258064515,0.0,56.67741935483871,1.0,0.0,66970.08193548387,25.578333333333333,82.17878360632814,57597.41,99.005436,22.473343,1011.0876,21.88,47.712708,15.612118,0.0014761709139059,5,summer,yeongheung_coal,1,35.68061,57597.41
2025-08-17,12135.389389056,13086.578697119998,19266.748692768,16.758333333333333,13.2,99.86,6,21.428,76.2,124.288,0.098,0.0,0.8262163009962347,-0.5633530189571184,762.0,26454.032258064515,0.0,56.67741935483871,1.0,0.0,66970.08193548387,25.578333333333333,82.17878360632814,60384.866,92.524881,16.78156,1011.7876,12.96,38.380417,18.34477,0.0013796791594038,6,summer,yeongheung_coal,1,35.799694,60384.866
2025-08-18,10272.4378272,12815.579506032,6402.84646824,16.80666666666667,13.466666666666669,69.81,6,21.607999999999997,75.888,140.26,0.708,0.0,0.6393048040280856,-0.7689534235222645,107.18644067796612,26454.032258064515,0.0,56.67741935483871,1.0,0.0,66970.08193548387,25.578333333333333,82.17878360632814,60406.458,138.145553,20.633371,1011.6269,13.62,41.554484,61.281196,0.0020585486783078,0,summer,yeongheung_coal,1,35.309872999999996,60406.458
2025-08-19,12004.925778576002,12793.834845648002,7561.805442480002,16.991666666666664,9.733333333333333,66.20166666666667,6,21.784,76.51,137.702,0.172,0.0,0.6729866951040409,-0.7396545870965316,444.8255813953489,26454.032258064515,0.0,56.67741935483871,1.0,0.0,66970.08193548387,25.578333333333333,82.17878360632814,61669.115,156.002409,19.022177,1009.17267,17.4,48.548374,52.16668500000001,0.0023240206921561,1,summer,yeongheung_coal,1,55.28735,61669.115
2025-08-20,14765.024371824,13007.479735584,1569.077666352,17.651666666666667,7.06,58.61166666666667,6,21.908,75.912,141.988,0.15,0.0,0.6158265024077834,-0.7878817924867895,506.08,26454.032258064515,0.0,56.67741935483871,1.0,0.0,66970.08193548387,25.578333333333333,82.17878360632814,74768.845,143.771006,18.626305,1007.3423,18.88,47.544803,30.414495,0.0021421956823929,2,summer,yeongheung_coal,1,65.811708,74768.845
2025-08-21,14674.387712544,12672.041713919998,1571.80135104,17.709999999999997,6.953333333333333,60.01499999999999,6,20.630000000000003,77.688,201.662,0.086,0.0,-0.3691304519418969,-0.9293775925043444,776.88,26454.032258064515,0.0,56.67741935483871,1.0,0.0,66970.08193548387,25.578333333333333,82.17878360632814,76286.428,120.944292,14.578888,1008.02374,18.37,51.288785,5.159466,0.0018026895518026,3,summer,yeongheung_coal,1,64.49604099999999,76286.428
2025-08-22,13223.402142048,11792.850198048,1442.026248912,17.515,6.828333333333333,59.37166666666667,6,21.49,75.694,163.196,0.122,0.0,0.2890986297489661,-0.9572993169731556,620.4426229508197,26454.032258064515,0.0,56.67741935483871,1.0,0.0,66970.08193548387,25.578333333333333,82.17878360632814,71229.146,121.53948599999998,15.192682,1007.0427,22.13,52.29214,7.577403,0.0018115449205864,4,summer,yeongheung_coal,1,61.669943,71229.146
2025-08-23,15164.388347616,12199.311499104,1482.793158816,18.793333333333333,7.2,58.876666666666665,6,21.116,78.026,141.07199999999995,0.086,0.0,0.6283433039981554,-0.7779361749659683,780.2599999999999,26454.032258064515,0.0,56.67741935483871,1.0,0.0,66970.08193548387,25.578333333333333,82.17878360632814,69875.196,109.58556,13.910169,1008.04486,18.06,45.661468,2.622479,0.0016336628384059,5,summer,yeongheung_coal,1,61.301613,69875.196
2025-08-24,11987.333787024,12187.552751712,1516.972362192,16.963333333333335,7.125,59.86666666666667,6,21.494,76.058,115.65,0.166,0.0,0.9014551171122456,-0.4328725815204139,458.1807228915663,26454.032258064515,0.0,56.67741935483871,1.0,0.0,66970.08193548387,25.578333333333333,82.17878360632814,69648.081,88.410666,12.904882,1009.28485,21.06,49.578255000000006,1.274964,0.0013184111746353,6,summer,yeongheung_coal,1,37.557447,69648.081
2025-08-25,13962.275977679998,11952.048575952,1650.522947616,18.106666666666666,6.943333333333334,59.81333333333333,6,21.352,74.17,139.574,0.332,0.0,0.648465409442412,-0.7612441216565715,223.4036144578313,26454.032258064515,0.0,56.67741935483871,1.0,0.0,66970.08193548387,25.578333333333333,82.17878360632814,69680.03,135.503001,26.882141,1007.3697,18.65,43.159561,61.818947,0.0020192507244852,0,summer,yeongheung_coal,1,30.524493,69680.03
2025-08-26,13677.123278736,11570.202760896002,1684.847188656,17.851666666666667,6.803333333333334,58.82333333333333,6,19.498,78.03,190.986,0.218,0.0,-0.1905691329135094,-0.981673777576132,357.9357798165138,26454.032258064515,0.0,56.67741935483871,1.0,0.0,66970.08193548387,25.578333333333333,82.17878360632814,69714.556,90.067152,24.162945,1005.64777,14.79,35.824776,34.935505,0.0013430801038408,1,summer,yeongheung_coal,1,19.306870999999997,69714.556
2025-08-27,12988.834888032,12010.964038272,1509.24677976,17.226666666666667,7.233333333333333,57.79833333333334,6,19.5,74.49199999999999,189.736,0.168,0.0,-0.1691086820212042,-0.9855974095263498,443.4047619047618,26454.032258064515,0.0,56.67741935483871,1.0,0.0,66970.08193548387,25.578333333333333,82.17878360632814,69688.78,112.481282,16.981165,1008.8511,20.39,45.072502,5.019629000000001,0.0016767588566246,2,summer,yeongheung_coal,1,62.389151,69688.78
2025-08-28,14628.030256224,12010.939097904,1401.33470976,17.988333333333333,7.011666666666667,56.46333333333334,6,22.224,74.306,143.80599999999998,0.5599999999999999,0.0,0.590521159695443,-0.8070221557999192,132.68928571428572,26454.032258064515,0.0,56.67741935483871,1.0,0.0,66970.08193548387,25.578333333333333,82.17878360632814,69815.17,138.421986,24.503809,1009.4924,11.09,40.741235,21.459976,0.002062659393539,3,summer,yeongheung_coal,1,76.220775,69815.17
2025-08-29,14537.971905551998,11749.070371968,1403.866882944,18.081666666666667,6.941666666666666,57.77,6,21.858,76.95,139.656,0.37,0.0,0.6473752759661885,-0.7621714059630559,207.972972972973,26454.032258064515,0.0,56.67741935483871,1.0,0.0,66970.08193548387,25.578333333333333,82.17878360632814,68856.531,233.896211,24.569836,1010.2954,15.81,42.810299,109.860656,0.0034803923435927,4,summer,yeongheung_coal,1,81.22525599999999,68856.531
2025-08-30,14212.429783632,12077.236713456,1305.05636232,17.92,7.065,59.51499999999999,6,20.936,77.4,158.296,0.156,0.0,0.3698116220629697,-0.9291067560765852,496.1538461538462,26454.032258064515,0.0,56.67741935483871,1.0,0.0,66970.08193548387,25.578333333333333,82.17878360632814,69815.357,155.32851300000002,19.35314,1011.3663,19.4,49.627647,20.409568,0.0023140046662241,5,summer,yeongheung_coal,1,85.29129800000001,69815.357
2025-08-31,13537.950551424,12302.993433168,1418.798511792,17.39,7.138333333333333,60.90333333333333,6,21.686,71.726,108.962,0.7220000000000001,0.0,0.94573429260895,-0.3249409912329449,99.34349030470912,26454.032258064515,0.0,56.67741935483871,1.0,0.0,66970.08193548387,25.578333333333333,82.17878360632814,69896.15,148.00490200000002,26.415268,1007.4394,17.14,34.068692000000006,28.916609,0.0022051418473588,6,summer,yeongheung_coal,1,85.019601,69896.15
2025-09-01,12994.749546479998,12223.732728095998,1473.983540784,17.145,7.121666666666666,59.495000000000005,6,19.845999999999997,72.534,138.8,0.268,0.0,0.6586894601186803,-0.7524149088957245,270.64925373134326,25413.466666666667,0.0,18.633333333333333,1.0,0.0,63720.21200000001,25.28,81.47222260769209,69700.478,195.448923,30.222849,1003.1766,8.33,32.942335,76.014217,0.0030579191418431,0,autumn,yeongheung_coal,1,86.492371,69700.478
2025-09-02,14280.620778576,12006.392842224,1452.277307232,18.083333333333332,7.196666666666666,59.35,6,19.302,75.022,183.176,0.28,0.0,-0.0554032742188769,-0.9984640590456064,267.93571428571425,25413.466666666667,0.0,18.633333333333333,1.0,0.0,63720.21200000001,25.28,81.47222260769209,69229.693,142.588817,15.496736,1007.0031,21.55,49.16621,4.341003,0.0022327366663512,1,autumn,yeongheung_coal,1,89.08160400000001,69229.693
2025-09-03,14870.885247216,11918.616745392,1678.15911672,19.09,7.066666666666666,61.38666666666666,6,21.244,71.34400000000001,195.116,0.298,0.0,-0.2607741093017526,-0.9653998466531252,239.4093959731544,25413.466666666667,0.0,18.633333333333333,1.0,0.0,63720.21200000001,25.28,81.47222260769209,69353.797,133.896524,15.629971,1008.83514,19.4,46.063191,1.5812420000000005,0.0020969132150623,2,autumn,yeongheung_coal,1,86.25209100000001,69353.797
2025-09-04,15012.822347136002,11890.673318448,1516.18769712,19.67,7.041666666666667,61.84833333333333,6,19.96,75.70599999999999,144.824,0.086,0.0,0.5760899807548981,-0.8173862820440658,757.0599999999998,25413.466666666667,0.0,18.633333333333333,1.0,0.0,63720.21200000001,25.28,81.47222260769209,69160.603,142.851658,25.744402,1007.9172,7.18,27.520729,25.891689999999997,0.0022368431737788,3,autumn,yeongheung_coal,1,89.439239,69160.603
2025-09-05,14859.361865520004,12214.922085936,1865.76047208,19.39833333333333,7.153333333333333,62.91166666666667,6,21.596,74.93199999999999,95.192,0.2219999999999999,0.0,0.995897043603762,-0.0904935276209665,337.53153153153164,25413.466666666667,0.0,18.633333333333333,1.0,0.0,63720.21200000001,25.28,81.47222260769209,70791.874,145.267269,25.277023,1007.6409,14.66,44.946404,15.615006,0.0022745819911275,4,autumn,yeongheung_coal,1,84.705859,70791.874
2025-09-06,14733.937755216002,13478.23055376,2377.1123141759995,18.383333333333333,7.081666666666667,62.7,6,20.708,77.088,136.78199999999998,0.354,0.0,0.684776084392337,-0.7287535346358871,217.7627118644068,25413.466666666667,0.0,18.633333333333333,1.0,0.0,63720.21200000001,25.28,81.47222260769209,76578.366,195.724363,37.942017,1005.0262,12.41,33.981764000000005,91.937329,0.0030622153744007,5,autumn,yeongheung_coal,1,69.80527000000001,76578.366
2025-09-07,14657.86883664,13278.987636912,2511.0070158239996,18.360000000000003,7.025000000000001,61.83833333333334,6,17.582,72.02799999999999,174.06400000000002,0.286,0.0,0.103417506668243,-0.9946380343192812,251.84615384615384,25413.466666666667,0.0,18.633333333333333,1.0,0.0,63720.21200000001,25.28,81.47222260769209,76499.515,116.255836,24.149532,1005.6202,12.41,24.255846,20.112754,0.0018211508239877,6,autumn,yeongheung_coal,1,71.887236,76499.515
2025-09-08,14907.15474336,13025.466096192,2183.0760720000003,18.72,7.083333333333333,61.695,6,18.408,73.774,138.83800000000002,0.266,0.0,0.6581902948221583,-0.7528516027756867,277.3458646616541,25413.466666666667,0.0,18.633333333333333,1.0,0.0,63720.21200000001,25.28,81.47222260769209,76188.24,97.760698,12.015589,1008.50165,10.72,28.483754,2.4576,0.0015318678088165,0,autumn,yeongheung_coal,1,66.819344,76188.24
2025-09-09,14933.43288576,13025.189980656,2201.07941712,18.688333333333333,7.3,61.68833333333333,6,16.778,77.35799999999999,204.38,0.084,0.0,-0.4127865160967329,-0.910827805970328,773.5799999999998,25413.466666666667,0.0,18.633333333333333,1.0,0.0,63720.21200000001,25.28,81.47222260769209,76482.514,95.409371,15.617529,1010.31573,11.31,24.044370000000004,0.0115199999999999,0.0014950786179033,1,autumn,yeongheung_coal,1,71.353481,76482.514
2025-09-10,14261.725758240002,12980.727862272,2185.623359136,18.74,7.23,63.89333333333334,6,18.678,69.924,181.954,0.118,0.0,-0.0340971231606032,-0.9994185240389388,592.5762711864407,25413.466666666667,0.0,18.633333333333333,1.0,0.0,63720.21200000001,25.28,81.47222260769209,76513.236,133.760181,20.326454,1010.8471,22.15,54.883642,7.493939999999999,0.0020947824611575,2,autumn,yeongheung_coal,1,71.382599,76513.236
2025-09-11,14387.906202768,13123.724007456,2673.113585328,19.298333333333336,7.281666666666666,64.65333333333334,6,20.742,48.352,100.514,0.206,0.0,0.9832103496726984,-0.1824757745468966,234.71844660194176,25413.466666666667,0.0,18.633333333333333,1.0,0.0,63720.21200000001,25.28,81.47222260769209,76292.713,142.969732,26.562046,1013.0949,22.06,53.245467,16.403947,0.002238687896885,3,autumn,yeongheung_coal,1,73.320318,76292.713
2025-09-12,13078.906716528,13231.604282256005,2831.869052928,18.264999999999997,7.13,64.30166666666666,6,16.512,78.288,60.29600000000001,0.286,0.0,0.8685969227811303,0.4955193091446095,273.73426573426576,25413.466666666667,0.0,18.633333333333333,1.0,0.0,63720.21200000001,25.28,81.47222260769209,76617.368,127.355555,30.599998,1011.22925,5.94,14.103385,71.824851,0.0019946813931524,4,autumn,yeongheung_coal,1,41.427319,76617.368
2025-09-13,13886.039590704,13243.216790592,2748.5607447360003,18.53833333333333,7.048333333333335,63.251666666666665,6,18.264,74.806,202.93400000000003,0.168,0.0,-0.3896705240193598,-0.920954332586843,445.27380952380946,25413.466666666667,0.0,18.633333333333333,1.0,0.0,63720.21200000001,25.28,81.47222260769209,76523.65,23.439158999999997,42.476948,1003.7161,12.61,9.204279,0.03648,0.0003677097024381,5,autumn,yeongheung_coal,1,14.1984,76523.65
2025-09-14,14196.352054896002,12583.872574992,2935.200624912,18.926666666666662,6.946666666666666,62.97666666666667,6,17.682,78.67,155.748,0.18,0.0,0.4107506788625571,-0.911747706229058,437.0555555555556,25413.466666666667,0.0,18.633333333333333,1.0,0.0,63720.21200000001,25.28,81.47222260769209,74044.278,33.565141000000004,13.608762,1009.0385,17.24,18.090541,0.48384,0.0005264808220815,6,autumn,yeongheung_coal,1,14.99076,74044.278
2025-09-15,13175.591676912,10555.851986496,6402.134298816,19.145,5.798333333333333,164.67499999999998,6,18.398000000000003,78.478,193.85,0.116,0.0,-0.2393808411773841,-0.9709257504450112,676.5344827586206,25413.466666666667,0.0,18.633333333333333,1.0,0.0,63720.21200000001,25.28,81.47222260769209,57230.649,41.626566,12.72283,1012.64746,17.24,23.432526,0.16128,0.0006528445059957,0,autumn,yeongheung_coal,1,18.03276,57230.649
2025-09-16,13404.630912047998,10522.885996368,2277.865325664,18.81,5.755,69.74,6,19.384,77.772,115.762,0.22,0.0,0.9006072295667937,-0.4346338896727043,353.50909090909096,25413.466666666667,0.0,18.633333333333333,1.0,0.0,63720.21200000001,25.28,81.47222260769209,57485.251,41.219281,21.313093,1009.98,10.71,9.314401,12.30144,0.0006464610372114,1,autumn,yeongheung_coal,1,19.60344,57485.251
2025-09-17,11181.689963424,11918.296367136,1958.518377504,18.028333333333332,6.666666666666667,65.71333333333332,6,17.654000000000003,71.0,140.052,0.126,0.0,0.6420921051716334,-0.7666275030784248,563.4920634920635,25413.466666666667,0.0,18.633333333333333,1.0,0.0,63720.21200000001,25.28,81.47222260769209,56096.003,53.776184,33.657593,1007.3901,3.38,5.172104,29.44704,0.0008432306890521,2,autumn,yeongheung_coal,1,19.15704,56096.003
2025-09-18,6680.662844976,6672.135430368,1569.6817436160002,22.746666666666663,6.945,123.56666666666666,6,17.022,62.172,67.47200000000001,0.752,0.0,0.9236924077933986,0.3831348793634351,82.67553191489361,25413.466666666667,0.0,18.633333333333333,1.0,0.0,63720.21200000001,25.28,81.47222260769209,39413.332,47.021894,29.175552,1012.64386,13.25,20.023814,10.4064,0.0007373989920617,3,autumn,yeongheung_coal,1,16.59168,39413.332
2025-09-19,8959.098806928,7399.338028992001,5705.54736624,26.453333333333333,9.381666666666668,95.23833333333332,6,14.438,78.196,64.164,0.344,0.0,0.90004512993951,0.4357967003915593,227.3139534883721,25413.466666666667,0.0,18.633333333333333,1.0,0.0,63720.21200000001,25.28,81.47222260769209,40060.454,76.854824,32.28981,1013.9361,4.94,6.272024,56.5536,0.0012046764502829,4,autumn,yeongheung_coal,1,14.0292,40060.454
2025-09-20,11468.278832256,11296.79909496,2091.5140429440003,17.863333333333333,6.283333333333334,63.25833333333333,6,15.77,69.89,140.38799999999998,0.164,0.0,0.6375853516834378,-0.7703797241092908,426.1585365853658,25413.466666666667,0.0,18.633333333333333,1.0,0.0,63720.21200000001,25.28,81.47222260769209,56761.272,66.489446,38.141315,1007.0964,11.17,31.374806,21.0624,0.0010423715992946,5,autumn,yeongheung_coal,1,14.05224,56761.272
2025-09-21,11916.483624288,10285.733492208,2150.8820674559997,18.225,5.638333333333333,64.07833333333333,6,17.112000000000002,59.538,116.146,0.148,0.0,0.8976740805745176,-0.4406600107392256,402.2837837837838,25413.466666666667,0.0,18.633333333333333,1.0,0.0,63720.21200000001,25.28,81.47222260769209,57155.18,80.873906,26.674032,1014.5977,19.78,49.919186,16.82112,0.0012675945064501,6,autumn,yeongheung_coal,1,14.1336,57155.18
2025-09-22,11487.546129312,10112.110327872,2019.693276,18.035,6.18,66.2,6,17.142,58.576,80.238,0.204,0.0,0.9855205689655284,0.1695559145115878,287.13725490196083,25413.466666666667,0.0,18.633333333333333,1.0,0.0,63720.21200000001,25.28,81.47222260769209,57299.044,69.61788999999999,29.460672,1018.0024,8.84,27.150257,20.04096,0.0010913634684408,0,autumn,yeongheung_coal,1,22.426673,57299.044
2025-09-23,10726.361765711998,10424.95077816,2139.6378671999996,17.581666666666667,6.433333333333334,67.24166666666666,6,18.106,56.27,101.134,0.4,0.0,0.9811782463891242,-0.1931042433836269,140.675,25413.466666666667,0.0,18.633333333333333,1.0,0.0,63720.21200000001,25.28,81.47222260769209,57618.449,116.461916,35.58905,1016.4665,10.95,30.816932,39.398824,0.0018243731832464,1,autumn,yeongheung_coal,1,46.24616,57618.449
2025-09-24,10320.887757312,10357.06527576,2016.260012736,17.541666666666668,5.576666666666667,68.06666666666668,6,17.128,77.30199999999999,176.096,0.088,0.0,0.0680849420016868,-0.9976795280412578,773.0199999999999,25413.466666666667,0.0,18.633333333333333,1.0,0.0,63720.21200000001,25.28,81.47222260769209,57417.535,220.182971,37.52471,1010.7112,3.27,5.800935000000001,171.20916,0.0034435660133138,2,autumn,yeongheung_coal,1,43.172876,57417.535
2025-09-25,10765.074801168,9884.354165856,1759.131699984,17.828333333333333,6.021666666666666,68.45166666666667,6,16.145999999999997,76.784,185.498,0.226,0.0,-0.0958110065797915,-0.9953995434086592,339.75221238938053,25413.466666666667,0.0,18.633333333333333,1.0,0.0,63720.21200000001,25.28,81.47222260769209,57098.823,66.887766,20.188908,1015.07056,15.48,28.927676,3.995775,0.0010486096129997,3,autumn,yeongheung_coal,1,33.964315,57098.823
2025-09-26,11399.12145288,10366.516644048,1795.701159648,18.17,5.625,70.375,6,16.096,78.064,195.984,0.162,0.0,-0.275368910168025,-0.9613386309271432,481.8765432098765,25413.466666666667,0.0,18.633333333333333,1.0,0.0,63720.21200000001,25.28,81.47222260769209,57328.365,96.484054,17.595861,1016.9545,19.67,49.496965,3.00288,0.0015118935947163,4,autumn,yeongheung_coal,1,43.98420899999999,57328.365
2025-09-27,11052.475636608,10306.867047552,1937.110566816,18.02,5.505,71.54666666666667,6,16.93,73.362,156.01600000000002,0.184,0.0,0.4064815172023951,-0.91365900431881,398.7065217391304,25413.466666666667,0.0,18.633333333333333,1.0,0.0,63720.21200000001,25.28,81.47222260769209,57116.854,90.008333,20.696087,1014.9517,14.11,33.148031,6.971394999999999,0.0014105629557503,5,autumn,yeongheung_coal,1,49.888907,57116.854
2025-09-28,11174.3810604,10228.639310928002,1767.780907632,18.143333333333334,5.333333333333333,69.895,6,16.445999999999998,67.79400000000001,211.626,0.15,0.0,-0.524372353429412,-0.8514890691951952,451.9600000000001,25413.466666666667,0.0,18.633333333333333,1.0,0.0,63720.21200000001,25.28,81.47222260769209,56764.19,89.824677,44.757427,1008.97406,5.45,14.552155999999998,24.412301,0.0014076888476758,6,autumn,yeongheung_coal,1,50.86022,56764.19
2025-09-29,11840.761511424002,10253.614211856,1782.975259584,18.59166666666667,5.468333333333334,69.27166666666666,6,13.874,74.52799999999999,174.824,0.088,0.0,0.0902154171773973,-0.9959222753325222,745.2799999999999,25413.466666666667,0.0,18.633333333333333,1.0,0.0,63720.21200000001,25.28,81.47222260769209,57378.897,103.67568599999998,22.238562,1010.50946,17.28,40.97246,12.931783,0.0016244025514406,0,autumn,yeongheung_coal,1,49.771443,57378.897
2025-09-30,10476.897619392,9971.922161088,1713.71823696,18.105,5.605,70.39166666666667,6,14.207999999999998,76.58,202.378,0.114,0.0,-0.3807153480752731,-0.9246922859740552,671.7543859649122,25413.466666666667,0.0,18.633333333333333,1.0,0.0,63720.21200000001,25.28,81.47222260769209,55405.741,75.682266,12.879752,1010.73926,12.04,18.270692,2.47488,0.0011863187571983,1,autumn,yeongheung_coal,1,54.936694,55405.741
2025-10-01,12186.156607632,10067.02252344,1621.073926368,18.508333333333333,5.738333333333333,71.61666666666666,6,14.312,78.0,148.80599999999998,0.104,0.0,0.5179374329970311,-0.8554185031319149,750.0,18462.8064516129,0.0,76.54838709677419,1.0,0.0,45803.42967741935,18.895,78.43651253027737,55550.926,112.610451,18.86139,1011.3592,16.51,43.137429,12.189679,0.0024525296755784,2,autumn,yeongheung_coal,1,57.283343,55550.926
2025-10-02,12678.96380112,10228.845006144,1552.456618416,18.52,5.883333333333333,70.885,6,16.66,72.49600000000001,167.98999999999998,0.13,0.0,0.2080824066122497,-0.9781112984003684,557.6615384615385,18462.8064516129,0.0,76.54838709677419,1.0,0.0,45803.42967741935,18.895,78.43651253027737,56665.286,83.48614599999999,14.512064,1014.76544,12.05,25.6497,0.0192,0.0018193889151597,3,autumn,yeongheung_coal,1,57.817246,56665.286
2025-10-03,12463.154230608,10423.744268256,1631.570241456,18.32166666666667,5.698333333333333,71.75500000000001,6,16.798,62.004,64.86,0.128,0.0,0.9052724312891016,0.4248315256050556,484.40625,18462.8064516129,0.0,76.54838709677419,1.0,0.0,45803.42967741935,18.895,78.43651253027737,57194.961,143.79417,32.777798,1013.43646,3.7,14.592869,73.60219500000001,0.0031295507749828,4,autumn,yeongheung_coal,1,55.599106,57194.961
2025-10-04,12351.715198416,10149.553309392002,1348.8241288319998,18.538333333333338,5.711666666666667,70.71499999999999,6,17.508,75.564,163.578,0.192,0.0,0.2827097861434974,-0.959205492487766,393.56249999999994,18462.8064516129,0.0,76.54838709677419,1.0,0.0,45803.42967741935,18.895,78.43651253027737,55728.639,82.59500799999999,28.385262,1011.19037,5.74,17.445755999999996,11.898129,0.00180000356462,5,autumn,yeongheung_coal,1,53.251123,55728.639
2025-10-05,11270.037799152,9997.810444080002,1333.3646934720002,18.028333333333332,5.706666666666667,71.34166666666667,6,17.15,77.306,107.64,0.162,0.0,0.9529793415172187,-0.3030352696327743,477.1975308641975,18462.8064516129,0.0,76.54838709677419,1.0,0.0,45803.42967741935,18.895,78.43651253027737,54891.027,69.247661,13.570615,1011.69806,2.98,18.394536,0.432,0.0015095622278406,6,autumn,yeongheung_coal,1,50.421125,54891.027
2025-10-06,10791.033349968,10020.590795088,1463.459156352,17.813333333333333,5.6866666666666665,70.79666666666667,6,13.328,77.72999999999999,56.24399999999999,0.712,0.0,0.8314114285648556,0.5556573012673782,109.17134831460672,18462.8064516129,0.0,76.54838709677419,1.0,0.0,45803.42967741935,18.895,78.43651253027737,55035.872,153.201616,44.4261,1012.60767,1.02,3.706714,101.439147,0.0033336128364556,0,autumn,yeongheung_coal,1,48.055755,55035.872
2025-10-07,11231.273660832,10115.46963072,1564.471098288,17.988333333333333,5.651666666666666,70.49,6,14.998,76.586,165.44400000000002,0.32,0.0,0.2513261366945814,-0.9679024604856508,239.33125,18462.8064516129,0.0,76.54838709677419,1.0,0.0,45803.42967741935,18.895,78.43651253027737,55689.6,112.57215,39.60818,1012.38715,2.79,8.605846,56.761057,0.0024516975677262,1,autumn,yeongheung_coal,1,47.205247,55689.6
2025-10-08,8953.425448272,7165.877299631999,1843.939895328,16.848333333333333,4.446666666666666,74.39833333333334,6,16.636000000000003,61.477999999999994,180.13,0.108,0.0,-0.0022689260808396,-0.9999974259839072,569.2407407407406,18462.8064516129,0.0,76.54838709677419,1.0,0.0,45803.42967741935,18.895,78.43651253027737,37743.595,109.180718,23.051247,1014.4197,15.24,49.558292,12.139797,0.0023780115541174,2,autumn,yeongheung_coal,1,47.482629,37743.595
2025-10-09,9746.779909824,7509.275538336,1182.1435856640005,17.036666666666665,4.193333333333333,89.38666666666667,6,15.11,71.184,43.14,0.204,0.0,0.6837833565617587,0.729685083641659,348.94117647058823,18462.8064516129,0.0,76.54838709677419,1.0,0.0,45803.42967741935,18.895,78.43651253027737,37270.587,75.982507,36.783474,1015.8354,4.2,12.59261,17.585575000000002,0.0016561351460776,3,autumn,yeongheung_coal,1,45.804322,37270.587
2025-10-10,9650.76680448,7500.917486448,1067.137524144,17.201666666666668,4.233333333333333,70.48,6,15.224,77.946,104.56199999999998,0.666,0.0,0.96787613636709,-0.2514274938249882,117.03603603603602,18462.8064516129,0.0,76.54838709677419,1.0,0.0,45803.42967741935,18.895,78.43651253027737,36918.267,100.113545,35.384537,1014.18805,1.07,5.218468,49.650765,0.0021809546272912,4,autumn,yeongheung_coal,1,45.244312,36918.267
2025-10-11,10079.164034784002,7849.350218304,1281.8890373760005,17.459999999999997,4.2316666666666665,69.20166666666667,6,22.081666946411133,88.0,,7.788122222222222,5.799999713897705,-0.4700943,-0.8826162,11.299257701542665,18462.8064516129,0.0,76.54838709677419,1.0,0.0,45803.42967741935,18.895,78.43651253027737,37459.322,206.9537,9.30215,1009.64703,5.31,23.942793,136.354196,0.0044979781694574,5,autumn,yeongheung_coal,1,46.656710999999994,37459.322
2025-10-12,9396.887149152,7447.211469792001,1087.528701312,17.433333333333334,4.213333333333334,66.07666666666667,6,19.52541732788086,84.54166412353516,,4.507482777777778,0.0,0.8517162,0.5240033,18.75584850602908,18462.8064516129,0.0,76.54838709677419,1.0,0.0,45803.42967741935,18.895,78.43651253027737,36439.092,79.952686,8.507056111111112,1010.64886,5.57,21.259012,8.943027,0.0017425194456401,6,autumn,yeongheung_coal,1,49.750647,36439.092
2025-10-13,9382.331958192,7282.714850352,1106.452776672,17.403333333333332,4.153333333333333,67.615,6,12.586,73.168,34.376,0.536,0.0,0.5646213311366515,0.825350078709317,136.50746268656718,18462.8064516129,0.0,76.54838709677419,1.0,0.0,45803.42967741935,18.895,78.43651253027737,36487.274,80.903755,30.855171,1011.76605,1.87,3.146288,41.660410000000006,0.0017632108597405,0,autumn,yeongheung_coal,1,36.097057,36487.274
2025-10-14,9135.295762175998,7140.509006111999,1042.721732736,17.315,4.265,67.885,6,14.832,66.538,56.828,0.102,0.0,0.8370318034014198,0.5471542379389626,652.3333333333334,18462.8064516129,0.0,76.54838709677419,1.0,0.0,45803.42967741935,18.895,78.43651253027737,35995.52,74.033257,29.308508,1014.7548,5.68,23.259525,28.497584,0.0016137173301372,1,autumn,yeongheung_coal,1,22.276148000000003,35995.52
2025-10-15,9120.152092752,11123.92662624,1190.18330856,17.264999999999997,14.7,67.03666666666666,6,14.686000000000002,76.728,64.41,0.294,0.0,0.9019079258587116,0.4319283427528657,260.9795918367347,18462.8064516129,0.0,76.54838709677419,1.0,0.0,45803.42967741935,18.895,78.43651253027737,37504.255,107.536738,27.381308,1016.45844,8.97,31.211477,22.590603,0.002342288703465,2,autumn,yeongheung_coal,1,53.734658,37504.255
2025-10-16,13238.392436352,10955.60761536,1018.281211488,19.37666666666667,6.3500000000000005,65.34666666666668,6,15.563999999999998,63.355999999999995,129.334,0.212,0.0,0.7734642177234176,-0.633839967106447,298.8490566037736,18462.8064516129,0.0,76.54838709677419,1.0,0.0,45803.42967741935,18.895,78.43651253027737,55834.489,85.43432299999999,27.77838,1015.4888,13.52,47.552206,8.022833,0.0018617659177446,3,autumn,yeongheung_coal,1,29.859284,55834.489
2025-10-17,11038.06987776,9562.624218864,1784.65699584,18.338333333333335,5.693333333333334,65.75166666666667,6,14.336000000000002,78.53,112.5,0.2259999999999999,0.0,0.9238795325112868,-0.3826834323650897,347.47787610619486,18462.8064516129,0.0,76.54838709677419,1.0,0.0,45803.42967741935,18.895,78.43651253027737,54582.731,62.773819,30.432245,1018.42865,7.18,26.317515,1.965347,0.0013686290604998,4,autumn,yeongheung_coal,1,34.490956999999995,54582.731
2025-10-18,10882.539705168,9948.05242992,1972.220704416,18.171666666666667,5.756666666666667,64.3,6,11.144,69.346,123.348,0.086,0.0,0.8353471198407351,-0.5497228295912301,693.46,18462.8064516129,0.0,76.54838709677419,1.0,0.0,45803.42967741935,18.895,78.43651253027737,54776.332,185.020085,41.041576,1017.21124,10.33,16.370311,114.095396,0.0040231859511645,5,autumn,yeongheung_coal,1,54.554378,54776.332
2025-10-19,10498.93785648,9193.695195888,1616.12641872,18.238333333333333,5.571666666666666,65.02166666666666,6,7.5,47.818,230.31,1.398,0.0,-0.7695110293434182,-0.6386335222322995,34.204577968526465,18462.8064516129,0.0,76.54838709677419,1.0,0.0,45803.42967741935,18.895,78.43651253027737,53075.941,181.856938,43.573387,1021.30634,13.73,31.947224,98.545117,0.0039546766234359,6,autumn,yeongheung_coal,1,51.364597,53075.941
2025-10-20,12738.840949151998,9732.80136096,4906.667575728,19.21166666666667,5.87,62.57333333333333,6,7.608,38.688,175.03199999999998,0.3339999999999999,0.0,0.0865993491042915,-0.9962432196681256,115.83233532934136,18462.8064516129,0.0,76.54838709677419,1.0,0.0,45803.42967741935,18.895,78.43651253027737,55156.569,187.463949,41.12517,1025.4088,11.93,42.182532,103.647744,0.0040761101648242,0,autumn,yeongheung_coal,1,41.633673,55156.569
2025-10-21,12881.541030768,10017.933862752,2425.06428336,19.18,6.051666666666667,63.695,6,7.006,58.760000000000005,137.506,0.1,0.0,0.6755129964092975,-0.7373480804085222,587.6,18462.8064516129,0.0,76.54838709677419,1.0,0.0,45803.42967741935,18.895,78.43651253027737,55774.193,102.786497,32.561596,1026.9183,14.19,23.845008,27.673325,0.0022390540010848,1,autumn,yeongheung_coal,1,51.268164000000006,55774.193
2025-10-22,11288.450820096,9813.369598848,2097.557712864,17.688333333333336,5.845,62.78666666666667,6,11.476,67.362,159.638,0.1659999999999999,0.0,0.3479503417486451,-0.9375129650714176,405.79518072289176,18462.8064516129,0.0,76.54838709677419,1.0,0.0,45803.42967741935,18.895,78.43651253027737,55301.564,107.079273,18.345877,1025.9662,14.16,24.151877999999996,32.579174,0.0023323477662954,2,autumn,yeongheung_coal,1,50.348221,55301.564
2025-10-23,11451.523496544,9781.153586208,2018.177320464,17.341666666666665,5.668333333333333,64.17999999999999,6,11.276,64.72,131.938,0.47,0.0,0.7438684592404727,-0.6683260546673347,137.70212765957447,18462.8064516129,0.0,76.54838709677419,1.0,0.0,45803.42967741935,18.895,78.43651253027737,54231.714,116.995874,22.553936,1024.5103,12.23,36.599396,30.728738,0.002547795944726,3,autumn,yeongheung_coal,1,49.66774,54231.714
2025-10-24,9346.047919488,7372.797485616,18410.345202095996,16.513333333333332,5.038333333333333,101.72,6,11.172,70.428,195.624,0.22,0.0,-0.2693232456037232,-0.9630498374318311,320.1272727272727,18462.8064516129,0.0,76.54838709677419,1.0,0.0,45803.42967741935,18.895,78.43651253027737,39823.956,112.67592,23.469128,1023.14874,13.23,39.90483,22.389974,0.0024539520182289,4,autumn,yeongheung_coal,1,50.381116,39823.956
2025-10-25,8799.72096456,7254.052442928001,1268.953913664,15.831666666666663,4.06,75.52,6,11.734,48.316,212.634,0.444,0.0,-0.5392706114328124,-0.8421325356764697,108.81981981981984,18462.8064516129,0.0,76.54838709677419,1.0,0.0,45803.42967741935,18.895,78.43651253027737,36591.101,119.17184,23.966375,1019.2725,13.65,43.304691,31.723132,0.0025950585564015,5,autumn,yeongheung_coal,1,44.144017,36591.101
2025-10-26,9152.506402128,7351.896594816001,1677.1112940960002,15.975,3.9683333333333337,66.97666666666667,6,10.512,46.434,197.412,1.818,0.0,-0.2992406413229816,-0.954177676630831,25.54125412541254,18462.8064516129,0.0,76.54838709677419,1.0,0.0,45803.42967741935,18.895,78.43651253027737,36704.356,114.16321200000002,41.23847,1016.03516,4.51,7.334480999999999,57.57565,0.0024862629945548,6,autumn,yeongheung_coal,1,49.25308100000001,36704.356
2025-10-27,8498.174317776,7064.442247824,3167.4313663200005,15.42,4.026666666666666,71.14166666666667,6,7.308,43.522000000000006,164.43800000000002,0.298,0.0,0.2682809679126883,-0.9633407093317664,146.04697986577185,18462.8064516129,0.0,76.54838709677419,1.0,0.0,45803.42967741935,18.895,78.43651253027737,35647.39,289.53829399999995,45.834656,1019.5452,14.06,41.851979,195.45802,0.006281615325347,0,autumn,yeongheung_coal,1,52.228295,35647.39
2025-10-28,9094.20373656,7175.866594896,1966.822056432,15.726666666666668,4.548333333333333,69.23833333333333,6,7.974000000000001,60.59,102.642,0.178,0.0,0.9757565924032808,-0.2188585670736649,340.3932584269663,18462.8064516129,0.0,76.54838709677419,1.0,0.0,45803.42967741935,18.895,78.43651253027737,36305.892,101.996624,31.205997,1024.7402,14.71,41.755610999999995,7.954454,0.0022218859994955,1,autumn,yeongheung_coal,1,52.286559,36305.892
2025-10-29,9139.112238816002,7195.988441087999,1060.834411296,16.73,4.378333333333333,65.88166666666667,6,7.796000000000001,67.33,228.17,0.13,0.0,-0.7451269019252527,-0.666922709185461,517.9230769230769,18462.8064516129,0.0,76.54838709677419,1.0,0.0,45803.42967741935,18.895,78.43651253027737,36259.757,133.91236700000002,24.162947,1026.1068,12.77,40.538707,39.314508,0.0029151091691485,2,autumn,yeongheung_coal,1,54.059152000000005,36259.757
2025-10-30,9110.909075328,7292.435158799999,1109.58064704,17.25,4.541666666666667,68.38,6,8.906,74.06,211.098,0.088,0.0,-0.5165034391921527,-0.8562851144932266,740.6,18462.8064516129,0.0,76.54838709677419,1.0,0.0,45803.42967741935,18.895,78.43651253027737,36716.942,93.94236,17.917007,1022.86786,10.97,20.913927,21.927714999999996,0.0020467916969932,3,autumn,yeongheung_coal,1,51.100718,36716.942
2025-10-31,9033.972141743998,7315.232804784,971.709444,17.201666666666664,4.801666666666667,70.14166666666667,6,9.096,76.16,140.958,0.126,0.0,0.6298898996611352,-0.7766844367597983,604.4444444444445,18462.8064516129,0.0,76.54838709677419,1.0,0.0,45803.42967741935,18.895,78.43651253027737,36549.167,78.679782,20.617662,1015.3156,8.99,26.791936,16.496262,0.0017148248615201,4,autumn,yeongheung_coal,1,35.391584,36549.167
2025-11-01,8929.78394256,7357.595782752001,1197.6247321919998,17.151666666666667,4.1033333333333335,67.25,6,11.026,61.9,185.284,0.422,0.0,-0.0920925250577234,-0.9957504540940428,146.6824644549763,19479.733333333337,0.0,94.23333333333332,1.0,0.0,47467.628333333334,19.084999999999997,80.1072052194729,36788.242,231.820506,38.592266,1010.46265,13.54,41.345278,171.243668,0.0048600248355247,5,autumn,yeongheung_coal,1,19.23156,36788.242
2025-11-02,9215.186439312,7218.393276959998,2769.621454224,17.228333333333335,3.8666666666666663,69.46333333333332,6,3.79,36.886,186.854,0.584,0.0,-0.1193397635246038,-0.9928534740040404,63.1609589041096,19479.733333333337,0.0,94.23333333333332,1.0,0.0,47467.628333333334,19.084999999999997,80.1072052194729,36687.573,375.762833,43.322826,1016.48175,11.7,39.288246,319.815947,0.007854017531776,6,autumn,yeongheung_coal,1,16.65864,36687.573
2025-11-03,8529.023245248,7191.746910432,2360.040384528,16.453333333333333,4.53,74.49666666666667,6,5.29,66.796,205.36,0.086,0.0,-0.4283043819210901,-0.9036345259158666,667.96,19479.733333333337,0.0,94.23333333333332,1.0,0.0,47467.628333333334,19.084999999999997,80.1072052194729,36784.047,80.798422,32.335934,1025.9287,13.99,46.297457,19.565645,0.001699286969383,0,autumn,yeongheung_coal,1,14.93532,36784.047
2025-11-04,9391.663193328,7344.12393,1046.833241472,17.246666666666666,5.005,66.01666666666667,6,6.556,65.36,165.908,0.098,0.0,0.2434795897318453,-0.9699060209030628,653.5999999999999,19479.733333333337,0.0,94.23333333333332,1.0,0.0,47467.628333333334,19.084999999999997,80.1072052194729,37278.97,64.92483899999999,17.193533,1024.121,13.19,39.791817,3.2577320000000003,0.0013659026218223,1,autumn,yeongheung_coal,1,21.87529,37278.97
2025-11-05,9321.835167216,7014.807146016001,1364.650067232,17.404999999999998,4.41,67.395,6,8.946,70.42,200.548,0.094,0.0,-0.3509919629314513,-0.936378471536764,704.1999999999999,19479.733333333337,0.0,94.23333333333332,1.0,0.0,47467.628333333334,19.084999999999997,80.1072052194729,36251.375,86.776464,15.683776,1021.9429,13.13,39.084692,10.585411,0.0018247828854093,2,autumn,yeongheung_coal,1,37.10636100000001,36251.375
2025-11-06,9296.841141648,7366.685658336,1644.037921296,17.400000000000002,6.391666666666667,70.11166666666666,6,6.7620000000000005,51.578,147.408,0.122,0.0,0.5386531512104857,-0.8425276153877769,422.77049180327873,19479.733333333337,0.0,94.23333333333332,1.0,0.0,47467.628333333334,19.084999999999997,80.1072052194729,36880.509,90.911143,19.319628,1021.91473,12.68,32.78317,20.362792,0.0019115629706257,3,autumn,yeongheung_coal,1,37.765181,36880.509
2025-11-07,10099.934298576,17436.700279728004,1517.55014664,17.895,13.865000000000002,71.58166666666666,6,11.302,57.181999999999995,103.23,0.416,0.0,0.9734592051865378,-0.2288606035070127,137.45673076923077,19479.733333333337,0.0,94.23333333333332,1.0,0.0,47467.628333333334,19.084999999999997,80.1072052194729,46967.204,92.301115,27.475807,1021.8267,10.34,37.641031000000005,14.646214,0.0019407327990314,4,autumn,yeongheung_coal,1,40.01387,46967.204
2025-11-08,10176.359931216,10203.962864544,2761.820171279999,17.84166666666667,5.486666666666667,70.01666666666667,6,10.846,71.852,237.064,0.084,0.0,-0.8392784122502396,-0.54370189141727,718.52,19479.733333333337,0.0,94.23333333333332,1.0,0.0,47467.628333333334,19.084999999999997,80.1072052194729,56111.143,130.718337,30.121912,1020.15643,4.91,10.577862,74.45914199999999,0.0027462789391689,5,autumn,yeongheung_coal,1,45.681333,56111.143
2025-11-09,9573.930016848,10295.974638144,1613.428860096,17.468333333333334,5.508333333333334,70.56333333333333,6,10.016,36.690000000000005,207.946,1.646,0.0,-0.468639195900296,-0.8833896671718116,22.29040097205347,19479.733333333337,0.0,94.23333333333332,1.0,0.0,47467.628333333334,19.084999999999997,80.1072052194729,56223.846,248.919271,41.1614,1014.62054,12.39,36.383717,165.180212,0.0052166236556769,6,autumn,yeongheung_coal,1,47.355342,56223.846
2025-11-10,9764.456997312,10221.069050208,4108.250662848,16.82,5.785,84.2,6,6.464,37.078,142.28199999999998,0.144,0.0,0.611775580207945,-0.791031377039642,257.48611111111114,19479.733333333337,0.0,94.23333333333332,1.0,0.0,47467.628333333334,19.084999999999997,80.1072052194729,55937.186,273.496184,45.218353,1018.16534,13.18,46.035839,175.920579,0.0057287335973978,0,autumn,yeongheung_coal,1,51.53976599999999,55937.186
2025-11-11,10380.52449216,10099.649918016,2591.130016944,17.636666666666667,5.903333333333333,71.23833333333333,6,7.775999999999999,69.58399999999999,139.25799999999998,0.118,0.0,0.65265397007392,-0.7576561194544335,589.6949152542372,19479.733333333337,0.0,94.23333333333332,1.0,0.0,47467.628333333334,19.084999999999997,80.1072052194729,56079.651,85.959394,18.792551,1020.04083,11.82,31.060987,3.139839,0.0018076321495,1,autumn,yeongheung_coal,1,51.758568,56079.651
2025-11-12,10758.685501296,10045.250041967998,2262.8203848,17.535,5.736666666666667,68.44833333333334,6,7.384,64.428,207.38,0.254,0.0,-0.4598898507207617,-0.8879759710735621,253.6535433070866,19479.733333333337,0.0,94.23333333333332,1.0,0.0,47467.628333333334,19.084999999999997,80.1072052194729,56056.567,112.419705,16.135872,1020.49,12.31,38.064166,22.001395,0.002362748875525,2,autumn,yeongheung_coal,1,52.354144,56056.567
2025-11-13,11518.403789088,10196.848110672,1984.631089104,17.540000000000003,5.675,69.355,6,8.536,40.338,196.076,0.184,0.0,-0.2769121787543934,-0.9608952311555587,219.2282608695652,19479.733333333337,0.0,94.23333333333332,1.0,0.0,47467.628333333334,19.084999999999997,80.1072052194729,56066.429,139.17467,30.421598,1016.989,9.98,31.819638,49.240571,0.0029234197891896,3,autumn,yeongheung_coal,1,58.114461000000006,56066.429
2025-11-14,12050.291331072,10065.833996832,1917.220639968,17.825,5.756666666666667,69.465,6,7.07,45.989999999999995,150.56799999999998,0.104,0.0,0.4913902546102482,-0.8709395028784005,442.21153846153845,19479.733333333337,0.0,94.23333333333332,1.0,0.0,47467.628333333334,19.084999999999997,80.1072052194729,56043.681,140.443401,24.248613,1018.5848,12.43,41.997638,42.092783,0.00294999137507,4,autumn,yeongheung_coal,1,56.35298,56043.681
2025-11-15,13027.850437104,10217.164018608,1660.290032736,18.368333333333336,5.868333333333333,73.98333333333333,6,7.004,62.367999999999995,185.964,0.086,0.0,-0.103903566139613,-0.9945873762236634,623.68,19479.733333333337,0.0,94.23333333333332,1.0,0.0,47467.628333333334,19.084999999999997,80.1072052194729,56237.423,96.292553,14.565548,1023.5169,11.88,39.885245,2.7052069999999997,0.0020244872837568,5,autumn,yeongheung_coal,1,53.70210099999999,56237.423
2025-11-16,11021.191187184,8863.00268256,1298.340249264,17.485,5.3,70.90666666666667,6,8.692,51.932,189.098,1.994,0.0,-0.1581235999141201,-0.9874193269073678,26.044132397191575,19479.733333333337,0.0,94.23333333333332,1.0,0.0,47467.628333333334,19.084999999999997,80.1072052194729,50507.292,207.996859,39.555794,1022.5301,11.6,36.052333,119.99975,0.0043627505284072,6,autumn,yeongheung_coal,1,51.944776,50507.292
2025-11-17,9607.384404144,7410.748160736,1218.829519872,15.755000000000004,4.096666666666667,127.97166666666664,6,1.882,45.065999999999995,212.102,0.966,0.0,-0.5314281493277182,-0.8471033715563387,46.65217391304348,19479.733333333337,0.0,94.23333333333332,1.0,0.0,47467.628333333334,19.084999999999997,80.1072052194729,36926.648,451.0689,46.38974,1026.329,10.76,20.703277,374.569737,0.0094132129219536,0,autumn,yeongheung_coal,1,55.795886,36926.648
2025-11-18,9295.415539344,7105.4904009599995,1003.418222832,16.39166666666667,4.295,95.85166666666667,6,2.91,43.072,228.37399999999997,0.86,0.0,-0.7474967333566391,-0.6642654842915998,50.08372093023256,19479.733333333337,0.0,94.23333333333332,1.0,0.0,47467.628333333334,19.084999999999997,80.1072052194729,36461.08,233.321558,36.776424,1024.685,9.78,32.395314,145.787204,0.004891339869154,1,autumn,yeongheung_coal,1,55.13904,36461.08
2025-11-19,9866.347676352,7432.217649072,946.084532112,16.156666666666666,5.078333333333333,108.045,6,3.0940000000000003,65.096,215.908,0.086,0.0,-0.5864854541692383,-0.8099597595238311,650.96,19479.733333333337,0.0,94.23333333333332,1.0,0.0,47467.628333333334,19.084999999999997,80.1072052194729,37006.353,111.040116,26.427528,1023.29926,10.97,34.046612,25.39652,0.002333821429203,2,autumn,yeongheung_coal,1,51.596984,37006.353
2025-11-20,9391.514835743998,7469.561988288,978.309768096,15.536666666666669,4.483333333333333,93.14833333333333,6,5.43,46.8,214.358,0.54,0.0,-0.5643620119035797,-0.8255274189996016,86.66666666666666,19479.733333333337,0.0,94.23333333333332,1.0,0.0,47467.628333333334,19.084999999999997,80.1072052194729,37014.727,203.75094,36.43655,1020.8794,10.49,31.388066,123.742522,0.0042740726848231,3,autumn,yeongheung_coal,1,48.620352,37014.727
2025-11-21,9494.057714112005,7554.254118192,964.813279968,15.54,5.501666666666666,100.53833333333334,6,9.136,54.61600000000001,202.94,0.724,0.0,-0.3897669639947601,-0.920913521335368,75.4364640883978,19479.733333333337,0.0,94.23333333333332,1.0,0.0,47467.628333333334,19.084999999999997,80.1072052194729,37069.259,169.17233199999998,34.145008,1022.42926,11.03,39.988591,80.592545,0.0035512949996054,4,autumn,yeongheung_coal,1,48.591196,37069.259
2025-11-22,9634.562926272,7570.374966432,1080.562665024,15.748333333333331,5.28,92.99833333333332,6,9.244,65.67,141.782,0.238,0.0,0.6186552490604995,-0.7856625756709373,275.92436974789916,19479.733333333337,0.0,94.23333333333332,1.0,0.0,47467.628333333334,19.084999999999997,80.1072052194729,37434.161,152.750356,24.590923,1022.08417,10.76,34.396426,67.320452,0.0032076678137424,5,autumn,yeongheung_coal,1,51.033478,37434.161
2025-11-23,10243.958706,11474.007714144002,1314.644485392,16.323333333333334,9.851666666666668,91.575,6,10.232,68.226,108.394,0.734,0.0,0.948909061131494,-0.3155496691529662,92.95095367847412,19479.733333333337,0.0,94.23333333333332,1.0,0.0,47467.628333333334,19.084999999999997,80.1072052194729,42888.945,189.932448,30.027107,1018.4493,6.94,14.815999,124.449448,0.0039853581443554,6,autumn,yeongheung_coal,1,50.667001000000006,42888.945
2025-11-24,13441.744165680002,10133.323337808,1338.382106496,17.93166666666667,5.853333333333333,93.00833333333333,6,7.8,69.72999999999999,169.546,0.196,0.0,0.1814460592110616,-0.983400898716681,355.7653061224489,19479.733333333337,0.0,94.23333333333332,1.0,0.0,47467.628333333334,19.084999999999997,80.1072052194729,55692.995,125.675013,28.694056,1014.00854,9.91,21.781552,61.897555999999994,0.002640602861404,0,autumn,yeongheung_coal,1,41.995905,55692.995
2025-11-25,13465.558582992,10166.937468624,1689.8384057760002,17.881666666666668,5.698333333333334,93.65833333333332,6,5.638,55.94,208.22999999999996,0.262,0.0,-0.4730121494801643,-0.8810559042672348,213.51145038167937,19479.733333333337,0.0,94.23333333333332,1.0,0.0,47467.628333333334,19.084999999999997,80.1072052194729,56120.347,242.813943,47.500904,1012.42676,7.17,7.976065999999999,181.315658,0.0050893249237483,1,autumn,yeongheung_coal,1,53.522219,56120.347
2025-11-26,13517.805568896,10068.079552848,1842.981521616,17.278333333333332,5.786666666666666,73.02999999999999,6,5.786,59.418000000000006,135.68,0.288,0.0,0.6986650667687551,-0.715448897180652,206.31250000000003,19479.733333333337,0.0,94.23333333333332,1.0,0.0,47467.628333333334,19.084999999999997,80.1072052194729,56272.898,82.37809,25.20257,1021.21484,9.54,9.969807,19.681807999999997,0.0017324517112909,2,autumn,yeongheung_coal,1,52.726475,56272.898
2025-11-27,13679.040522960002,10239.146594784,1556.905662,16.861666666666668,5.5633333333333335,65.47000000000001,6,3.93,47.928,223.464,1.88,0.0,-0.6878986736889847,-0.7258067337362858,25.493617021276595,19479.733333333337,0.0,94.23333333333332,1.0,0.0,47467.628333333334,19.084999999999997,80.1072052194729,56299.587,213.29110699999995,47.986797,1012.387,5.31,6.7751090000000005,151.15911899999998,0.0044733010500543,3,autumn,yeongheung_coal,1,55.356879,56299.587
2025-11-28,13303.453173408,9887.862812688,1458.996792048,15.843333333333334,6.721666666666667,89.15500000000002,6,2.4539999999999997,45.192,117.242,0.21,0.0,0.8890810640786275,-0.4577497804443114,215.2,19479.733333333337,0.0,94.23333333333332,1.0,0.0,47467.628333333334,19.084999999999997,80.1072052194729,55733.916,110.755299,43.027153,1018.6386,10.98,40.470023,14.51319,0.0023278491311489,4,autumn,yeongheung_coal,1,55.772086,55733.916
2025-11-29,13477.530097152,10325.692536048,1330.094654352,17.003333333333334,5.96,71.68833333333333,6,10.984,70.098,154.424,0.778,0.0,0.4317079521809298,-0.9020134389374408,90.10025706940874,19479.733333333337,0.0,94.23333333333332,1.0,0.0,47467.628333333334,19.084999999999997,80.1072052194729,56299.949,319.61825799999997,37.540253,1013.7884,6.53,27.65584,241.349653,0.0066883589408971,5,autumn,yeongheung_coal,1,50.612765,56299.949
2025-11-30,13613.321025935998,10313.668433376,1183.2498175680005,16.978333333333335,5.586666666666667,65.96166666666666,6,9.604,67.39,189.586,1.396,0.0,-0.1665278174584154,-0.9860367569277204,48.27363896848138,19479.733333333337,0.0,94.23333333333332,1.0,0.0,47467.628333333334,19.084999999999997,80.1072052194729,55906.843,185.56141,33.46645,1011.91046,9.25,24.600978,103.67932,0.0038939976735966,6,autumn,yeongheung_coal,1,57.281112,55906.843
2025-12-01,13182.208747631998,9763.583084928,1060.222342608,16.813333333333333,5.7749999999999995,69.10666666666667,6,3.748,46.532,208.598,0.782,0.0,-0.4786612102615818,-0.8779996843911265,59.503836317135544,21333.1935483871,0.0,42.83870967741935,1.0,0.0,52687.98193548387,19.16,84.37679807895715,55296.268,251.727304,36.001797,1017.4013,10.78,38.46315,153.70232700000005,0.004754980856832,0,winter,yeongheung_coal,1,59.56182700000001,55296.268
2025-12-02,13777.915138704,10261.799401536,1248.5531540160002,16.703333333333333,6.145,101.59166666666668,6,-2.308,43.818,204.866,0.974,0.0,-0.4204974885144469,-0.9072937022558034,44.987679671457904,21333.1935483871,0.0,42.83870967741935,1.0,0.0,52687.98193548387,19.16,84.37679807895715,56730.362,373.920913,40.70548,1021.6521,10.13,30.0377,280.82462300000003,0.0070468809621795,1,winter,yeongheung_coal,1,63.058589999999995,56730.362
2025-12-03,14078.616710976,9563.207190624,1281.81520368,17.316666666666666,6.321666666666666,116.55333333333334,6,-4.456,48.072,157.77,0.312,0.0,0.3783255197072876,-0.9256726209293492,154.0769230769231,21333.1935483871,0.0,42.83870967741935,1.0,0.0,52687.98193548387,19.16,84.37679807895715,56165.102,163.073805,46.43023,1023.79034,8.51,13.527964,106.048476,0.0030855354299968,2,winter,yeongheung_coal,1,43.497364999999995,56165.102
2025-12-04,12011.603795712,10111.041873216,1509.286591008,15.206666666666663,6.715,100.03,6,-1.27,45.768,249.08599999999996,2.22,0.0,-0.9341172788963794,-0.356966257883324,20.616216216216216,21333.1935483871,0.0,42.83870967741935,1.0,0.0,52687.98193548387,19.16,84.37679807895715,56389.943,131.64693,55.99591,1023.3547,8.9,34.680192000000005,40.679199,0.002492386501527,3,winter,yeongheung_coal,1,56.287539,56389.943
2025-12-05,12289.979524032,9752.066522064,1790.47775088,15.463333333333331,6.4816666666666665,103.19,6,1.352,55.378,98.934,0.8219999999999998,0.0,0.987867884834456,-0.1552966262115763,67.36982968369831,21333.1935483871,0.0,42.83870967741935,1.0,0.0,52687.98193548387,19.16,84.37679807895715,55871.44,145.292175,41.376514,1025.0192,10.28,39.977974,56.209653,0.0027500127040426,4,winter,yeongheung_coal,1,49.104548,55871.44
2025-12-06,10512.203401008,8184.623864976001,1134.610064784,14.98,5.57,71.10666666666667,6,8.232000000000001,61.948,209.762,1.264,0.0,-0.49639832792513,-0.868094868106669,49.00949367088607,21333.1935483871,0.0,42.83870967741935,1.0,0.0,52687.98193548387,19.16,84.37679807895715,45634.735,249.888645,42.99099,1017.05597,3.5,8.301885,195.115257,0.0047204136142968,5,winter,yeongheung_coal,1,46.471503,45634.735
2025-12-07,13039.912458288,9550.136995344,1409.686291584,14.486666666666665,5.528333333333333,70.16333333333333,6,6.947999999999999,44.254000000000005,251.708,1.192,0.0,-0.9494693100044566,-0.3138598881024162,37.1258389261745,21333.1935483871,0.0,42.83870967741935,1.0,0.0,52687.98193548387,19.16,84.37679807895715,54901.663,176.684577,38.741417,1016.5847,9.59,24.037063999999997,104.666464,0.0033422054588819,6,winter,yeongheung_coal,1,47.981049,54901.663
2025-12-08,12415.130083296,9541.172874671998,1253.131266384,13.945,5.951666666666667,91.11666666666667,6,2.164,46.672,163.78400000000002,0.088,0.0,0.2792592597432118,-0.9602157392209696,466.72,21333.1935483871,0.0,42.83870967741935,1.0,0.0,52687.98193548387,19.16,84.37679807895715,55563.209,176.48126900000003,40.780228,1024.2299,10.59,38.914688000000005,86.160458,0.0033383724775064,0,winter,yeongheung_coal,1,51.406123,55563.209
2025-12-09,12251.068796592,9680.571019008,1002.104932032,14.295,5.941666666666666,75.43166666666667,6,2.8779999999999997,61.19,210.446,0.106,0.0,-0.5067260713146451,-0.862107121331233,577.2641509433962,21333.1935483871,0.0,42.83870967741935,1.0,0.0,52687.98193548387,19.16,84.37679807895715,55298.49,99.633713,19.107151,1024.9755,8.81,30.844818,18.760366,0.0018874448443261,1,winter,yeongheung_coal,1,50.02852899999999,55298.49
2025-12-10,7388.4835320480015,6479.023418208,1766.281194144,12.02,10.068333333333332,102.87166666666668,6,5.628,64.09400000000001,128.376,0.18,0.0,0.7839535743387239,-0.6208194530469698,356.07777777777784,21333.1935483871,0.0,42.83870967741935,1.0,0.0,52687.98193548387,19.16,84.37679807895715,37502.611,103.49063,25.772078,1021.4146,5.81,15.204745999999998,43.541538,0.0019603664184897,2,winter,yeongheung_coal,1,44.74434600000001,37502.611
2025-12-11,7079.6427742079995,5835.701594159999,1536.296430096,11.46,5.596666666666667,64.62833333333334,6,-0.682,41.208000000000006,202.032,0.69,0.0,-0.3751243721168779,-0.9269744901797018,59.7217391304348,21333.1935483871,0.0,42.83870967741935,1.0,0.0,52687.98193548387,19.16,84.37679807895715,49166.915,255.709857,42.92311,1018.63153,9.65,22.560574,192.565316,0.0048298456028013,3,winter,yeongheung_coal,1,40.583967,49166.915
2025-12-12,8317.719695951999,6265.26246168,1345.04793432,11.806666666666668,6.838333333333334,77.715,6,3.972,51.258,54.948,0.324,0.0,0.8186311455376848,0.5743196388385634,158.2037037037037,21333.1935483871,0.0,42.83870967741935,1.0,0.0,52687.98193548387,19.16,84.37679807895715,55960.246,120.217894,33.847656,1028.2933,8.93,32.232108,43.363921000000005,0.002276500512954,4,winter,yeongheung_coal,1,44.62186500000001,55960.246
2025-12-13,8710.053722207998,6394.326531552,1523.7040911840002,13.076666666666666,5.4816666666666665,62.31666666666667,6,0.77,63.67999999999999,135.598,0.1,0.0,0.6996882798884512,-0.7144482563396319,636.7999999999998,21333.1935483871,0.0,42.83870967741935,1.0,0.0,52687.98193548387,19.16,84.37679807895715,56202.99,117.645336,32.138947,1020.487,1.91,1.7341970000000002,72.366345,0.0022278939211376,5,winter,yeongheung_coal,1,43.544794,56202.99
2025-12-14,6384.482698608,6543.859042080001,1775.698740864,10.626666666666669,5.451666666666667,65.24666666666666,6,2.164,53.544,166.762,0.086,0.0,0.2289965218218085,-0.973427240729123,535.4399999999999,21333.1935483871,0.0,42.83870967741935,1.0,0.0,52687.98193548387,19.16,84.37679807895715,55431.135,249.445506,38.044353,1017.30835,9.22,22.377576,179.58657300000002,0.0047120821327355,6,winter,yeongheung_coal,1,47.481357,55431.135
2025-12-15,8628.221166336,6565.647750624,1421.53171848,12.581666666666663,5.816666666666666,69.11833333333334,6,3.884,65.59400000000001,107.606,0.54,0.0,0.9531589984656372,-0.3024697069856471,121.47037037037038,21333.1935483871,0.0,42.83870967741935,1.0,0.0,52687.98193548387,19.16,84.37679807895715,56119.402,103.641306,25.812277,1021.44794,8.5,7.098853,53.302876,0.0019632149882172,0,winter,yeongheung_coal,1,43.239577,56119.402
2025-12-16,7377.891620543999,6343.580015424,839.5528168799999,12.478333333333332,5.829999999999999,62.254999999999995,6,4.398000000000001,77.15,153.0,0.086,0.0,0.4539904997395468,-0.8910065241883678,771.5,21333.1935483871,0.0,42.83870967741935,1.0,0.0,52687.98193548387,19.16,84.37679807895715,54983.553,87.955157,23.936617,1018.5112,4.53,0.694387,45.405961000000005,0.0016665768879834,1,winter,yeongheung_coal,1,41.854809,54983.553
2025-12-17,7925.467579488,5873.125537440001,977.5742660640002,16.535,5.808333333333334,59.281666666666666,6,2.198,57.80800000000001,213.214,0.38,0.0,-0.5477676672370434,-0.8366304935452016,152.1263157894737,21333.1935483871,0.0,42.83870967741935,1.0,0.0,52687.98193548387,19.16,84.37679807895715,49435.891,126.59693,27.416782,1020.7849,10.06,34.972843,51.306394,0.0023970072794187,2,winter,yeongheung_coal,1,40.317693,49435.891
2025-12-18,7925.43332592,6326.326606752,967.268348784,19.083333333333332,6.006666666666668,65.69,6,0.764,67.154,199.188,0.098,0.0,-0.3286688498027129,-0.9444452271939128,671.54,21333.1935483871,0.0,42.83870967741935,1.0,0.0,52687.98193548387,19.16,84.37679807895715,55394.785,93.643154,19.33639,1023.9742,10.0,36.378519,16.278341,0.0017741620088665,3,winter,yeongheung_coal,1,40.986294,55394.785
2025-12-19,8492.908624992,6361.10012016,1050.505888608,20.09333333333333,6.603333333333333,61.73833333333334,6,7.674,62.072,109.866,0.11,0.0,0.9404899467342634,-0.3398215121086101,564.2909090909092,21333.1935483871,0.0,42.83870967741935,1.0,0.0,52687.98193548387,19.16,84.37679807895715,55392.299,138.940886,22.322903,1018.3892,7.53,24.557121,52.073513000000005,0.0026301150735112,4,winter,yeongheung_coal,1,62.310252000000006,55392.299
2025-12-20,7799.319292032002,6424.954877952,1554.15065544,19.046666666666663,6.251666666666666,64.865,6,2.066,43.826,192.214,2.564,0.0,-0.2115636179016695,-0.9773642287194454,17.09282371294852,21333.1935483871,0.0,42.83870967741935,1.0,0.0,52687.98193548387,19.16,84.37679807895715,55284.51,235.184261,40.742077,1016.1992,2.75,1.924666,170.445871,0.0044438811564457,5,winter,yeongheung_coal,1,62.813724,55284.51
2025-12-21,6160.563726048,6235.8947892,1650.005927136,18.801666666666662,5.945,80.37833333333333,6,-1.292,43.732,168.50799999999998,0.528,0.0,0.1992311091741138,-0.9799525320836986,82.82575757575756,21333.1935483871,0.0,42.83870967741935,1.0,0.0,52687.98193548387,19.16,84.37679807895715,53535.607,317.26637900000003,42.85361,1026.2808,10.26,38.710874,212.656619,0.005985565374916,6,winter,yeongheung_coal,1,65.898886,53535.607
2025-12-22,8681.068961855999,6311.826032975999,1146.867724224,22.876666666666665,8.841666666666667,83.48,6,0.466,46.6,133.31,0.088,0.0,0.7276530486899133,-0.6859453627893949,466.0,21333.1935483871,0.0,42.83870967741935,1.0,0.0,52687.98193548387,19.16,84.37679807895715,55607.193,107.482009,25.241108,1028.3505,9.83,35.389172,9.922344,0.0020358190073492,0,winter,yeongheung_coal,1,62.170493,55607.193
2025-12-23,8730.509502239998,6293.548829088,1051.107476688,21.868333333333336,7.38,71.31833333333334,6,3.514,77.002,142.166,0.124,0.0,0.6133758331348906,-0.789791166908113,620.983870967742,21333.1935483871,0.0,42.83870967741935,1.0,0.0,52687.98193548387,19.16,84.37679807895715,55244.104,159.405642,25.076267,1020.2392,1.65,2.5804389999999997,96.11968,0.0030163391097863,1,winter,yeongheung_coal,1,60.705523,55244.104
2025-12-24,12145.236426288,9460.797828624,1589.437260576,18.985000000000003,5.786666666666666,60.93666666666667,6,0.502,58.56,239.576,0.8459999999999999,0.0,-0.8623016266178468,-0.5063950085972565,69.21985815602838,21333.1935483871,0.0,42.83870967741935,1.0,0.0,52687.98193548387,19.16,84.37679807895715,53710.985,165.553695,32.449963,1016.30133,9.77,30.971464,69.070398,0.0031323106964392,2,winter,yeongheung_coal,1,65.511833,53710.985
2025-12-25,11625.032335536,8606.71201032,1503.390994272,19.575,5.4383333333333335,98.60833333333332,6,-5.838,41.146,197.79,1.746,0.0,-0.3055291223798601,-0.9521827321359028,23.565864833906073,21333.1935483871,0.0,42.83870967741935,1.0,0.0,52687.98193548387,19.16,84.37679807895715,45484.087,379.43287,52.56493,1018.69946,9.93,29.830165,284.260864,0.0071500160953909,3,winter,yeongheung_coal,1,65.341841,45484.087
2025-12-26,9927.156354048,7853.975959392,75369.300753024,22.246666666666663,7.03,283.35499999999996,6,-3.49,47.218,113.622,0.092,0.0,0.9162089390210691,-0.4007008610645685,472.18,21333.1935483871,0.0,42.83870967741935,1.0,0.0,52687.98193548387,19.16,84.37679807895715,40880.132,321.535838,49.43024,1025.0052,10.34,40.257349000000005,213.564667,0.0060656246558205,4,winter,yeongheung_coal,1,67.713822,40880.132
2025-12-27,13256.965400976002,9668.063390111998,1952.868180672,21.32,5.528333333333333,85.67333333333335,6,0.446,73.048,101.162,0.286,0.0,0.981083760694655,-0.1935837144525153,255.41258741258744,21333.1935483871,0.0,42.83870967741935,1.0,0.0,52687.98193548387,19.16,84.37679807895715,55391.542,119.136326,19.85556,1022.6153,4.7,5.555337000000001,49.71569,0.0022560656578545,5,winter,yeongheung_coal,1,63.865299,55391.542
2025-12-28,12858.870038544,9475.254305136,1819.791887904,19.915,5.510000000000001,64.64,6,4.474,74.272,125.876,0.094,0.0,0.8102871884522347,-0.5860329958544764,742.72,21333.1935483871,0.0,42.83870967741935,1.0,0.0,52687.98193548387,19.16,84.37679807895715,54006.578,155.47175300000004,30.192822,1018.5164,3.89,19.85107,70.775614,0.0029421194518533,6,winter,yeongheung_coal,1,64.84506900000001,54006.578
2025-12-29,12381.911833536,9627.454178352,1671.933325104,18.988333333333333,6.2316666666666665,65.05166666666666,6,1.392,42.862,126.406,0.32,0.0,0.8048316502622153,-0.5935031716311204,133.94375,21333.1935483871,0.0,42.83870967741935,1.0,0.0,52687.98193548387,19.16,84.37679807895715,52864.506,210.278372,31.336546,1015.1406,8.85,22.52434,125.492504,0.0039751472123602,0,winter,yeongheung_coal,1,62.261528000000006,52864.506
2025-12-30,9859.323689712,8333.553535056,1362.709783296,19.588333333333335,5.9816666666666665,118.765,6,-0.554,55.279999999999994,225.992,1.016,0.0,-0.7192428007210884,-0.6947588024709617,54.40944881889763,21333.1935483871,0.0,42.83870967741935,1.0,0.0,52687.98193548387,19.16,84.37679807895715,45482.304,169.913654,31.355152,1022.67365,10.23,37.864896,69.888042,0.0032145368654026,1,winter,yeongheung_coal,1,62.160716,45482.304
2025-12-31,9928.997967888,9572.499387792,1879.781449824,20.708333333333332,7.715,175.20833333333334,6,-5.456,41.964,216.882,0.406,0.0,-0.6001689673556373,-0.7998732465980269,103.35960591133004,21333.1935483871,0.0,42.83870967741935,1.0,0.0,52687.98193548387,19.16,84.37679807895715,48394.857,391.468692,37.798286,1025.9939,10.43,41.178054,283.128148,0.007375145887386,2,winter,yeongheung_coal,1,67.16249,48394.857
2026-01-01,7350.530613119999,6346.228365072,4055.9634197280006,26.308333333333337,8.513333333333334,661.7933333333334,6,-2.988,29.27,209.648,1.652,0.0,-0.4946701195340811,-0.8690808206606206,17.717917675544793,22343.967741935485,0.0,139.90322580645162,1.0,0.0,55116.4935483871,25.554999999999996,69.1748603036864,36400.87,318.551608,42.664177,1024.6705,9.95,36.819073,214.710815,0.0057463939481123,3,winter,yeongheung_coal,1,67.02172,36400.87
2026-01-02,6489.752774112,6582.326782607998,2197.0634476319997,26.325000000000003,13.645,287.24333333333334,6,-5.518,46.79600000000001,142.346,0.12,0.0,0.6108916082025521,-0.7917142432896478,389.9666666666667,22343.967741935485,0.0,139.90322580645162,1.0,0.0,55116.4935483871,25.554999999999996,69.1748603036864,35520.07,235.38027099999996,39.149067,1023.4029,10.0,33.794076999999994,134.19577999999998,0.0042524354598734,4,winter,yeongheung_coal,1,67.39041399999999,35520.07
2026-01-03,8204.734315008,6366.033769248,1522.977225552,31.191666666666663,9.79,309.6933333333333,6,-0.4119999999999999,59.222,157.842,0.156,0.0,0.3771619867774042,-0.9261473077918658,379.62820512820514,22343.967741935485,0.0,139.90322580645162,1.0,0.0,55116.4935483871,25.554999999999996,69.1748603036864,34663.62,93.886674,27.532352,1024.084,8.65,14.168844000000002,16.698116000000002,0.0017005257638477,5,winter,yeongheung_coal,1,63.019714,34663.62
2026-01-04,8340.742443744,9208.422070704,1248.2597916000002,34.48166666666667,11.188333333333333,310.65500000000003,6,1.02,49.206,251.962,0.486,0.0,-0.9508513593088688,-0.3096476909335457,101.24691358024693,22343.967741935485,0.0,139.90322580645162,1.0,0.0,55116.4935483871,25.554999999999996,69.1748603036864,47394.27,97.913029,26.250393,1021.70605,9.55,29.193408,9.028053,0.0017733239396998,6,winter,yeongheung_coal,1,59.691568,47394.27
2026-01-05,8101.202013503999,7848.007516224,1707.588651888,27.985,8.198333333333332,296.24666666666667,6,-1.948,36.788,231.456,0.6380000000000001,0.0,-0.7821298692097585,-0.6231154529378372,57.661442006269574,22343.967741935485,0.0,139.90322580645162,1.0,0.0,55116.4935483871,25.554999999999996,69.1748603036864,49251.54,268.645883,32.379993,1020.62775,10.66,40.913208,166.829415,0.004850504770017,0,winter,yeongheung_coal,1,60.90326,49251.54
2026-01-06,8933.33734344,7962.00243336,1636.4159244,31.891666666666666,8.49,297.0316666666667,6,4.1579999999999995,49.66,209.59,0.8700000000000001,0.0,-0.4937901035683441,-0.8695811253804696,57.080459770114935,22343.967741935485,0.0,139.90322580645162,1.0,0.0,55116.4935483871,25.554999999999996,69.1748603036864,49925.39,136.273148,26.807312,1020.4433,9.37,32.476428,46.519161,0.0024663588114748,1,winter,yeongheung_coal,1,57.277559,49925.39
2026-01-07,9679.321582128,7973.44635384,1522.682745984,43.531666666666666,9.5,258.97166666666664,6,-2.176,32.064,240.404,1.068,0.0,-0.8695294110338259,-0.493881163183177,30.02247191011236,22343.967741935485,0.0,139.90322580645162,1.0,0.0,55116.4935483871,25.554999999999996,69.1748603036864,49451.93,355.248201,41.140926,1018.22943,10.51,40.207329,255.41066,0.0064041291979789,2,winter,yeongheung_coal,1,59.630212,49451.93
2026-01-08,7389.199348416001,7831.807349616,1557.229462272,47.538333333333334,7.091666666666666,246.96333333333337,6,-2.818,46.848,199.61,0.208,0.0,-0.3356159846831414,-0.9419988910955072,225.23076923076923,22343.967741935485,0.0,139.90322580645162,1.0,0.0,55116.4935483871,25.554999999999996,69.1748603036864,48085.47,245.316083,40.417915,1024.973,10.86,42.242023,132.07229800000002,0.0044311427793523,3,winter,yeongheung_coal,1,71.001762,48085.47
2026-01-09,8742.018818592001,8003.573172144,1364.1240441599998,56.865,7.93,291.365,6,5.49,59.25600000000001,137.352,1.452,0.0,0.677492403335381,-0.7355297705890969,40.80991735537191,22343.967741935485,0.0,139.90322580645162,1.0,0.0,55116.4935483871,25.554999999999996,69.1748603036864,49653.67,280.69822,45.457035,1017.25775,6.75,11.231466,201.167866,0.0050670117209837,4,winter,yeongheung_coal,1,68.298888,49653.67
2026-01-10,10272.29748264,8096.6579473440015,1187.3058518880002,55.718333333333334,6.8116666666666665,289.0,6,-2.3419999999999996,42.29600000000001,200.894,2.786,0.0,-0.3566401676999865,-0.9342418267145426,15.1816223977028,22343.967741935485,0.0,139.90322580645162,1.0,0.0,55116.4935483871,25.554999999999996,69.1748603036864,49417.49,311.54517,59.8001,1008.61346,7.96,18.595897,221.998812,0.0056207143027893,5,winter,yeongheung_coal,1,70.95046099999999,49417.49
2026-01-11,10737.053897184,8093.155408992,1152.4247916480003,47.69833333333333,6.446666666666666,272.5183333333334,6,-6.151999999999999,44.342,163.13600000000002,0.164,0.0,0.2901009525501914,-0.9569960487533224,270.3780487804878,22343.967741935485,0.0,139.90322580645162,1.0,0.0,55116.4935483871,25.554999999999996,69.1748603036864,48965.5,354.694929,47.372498,1021.60455,10.15,34.961998,240.886747,0.0063942190303817,6,winter,yeongheung_coal,1,78.846184,48965.5
2026-01-12,9344.797396271995,8318.688555024,1062.878802624,55.923333333333325,7.536666666666666,270.69666666666666,6,4.465999999999999,66.07000000000001,223.324,2.412,0.0,-0.686123141491602,-0.7274854188983412,27.392205638474294,22343.967741935485,0.0,139.90322580645162,1.0,0.0,55116.4935483871,25.554999999999996,69.1748603036864,49508.12,213.707651,37.427883,1015.9051,6.19,6.665549,136.376866,0.0038624050946405,0,winter,yeongheung_coal,1,70.66523600000001,49508.12
2026-01-13,9148.826083104002,7862.705824176,1118.742873984,47.68333333333333,7.028333333333333,270.59833333333336,6,-3.947999999999999,41.938,192.58,0.2,0.0,-0.2178025688989893,-0.9759928488370194,209.69,22343.967741935485,0.0,139.90322580645162,1.0,0.0,55116.4935483871,25.554999999999996,69.1748603036864,48273.87,351.701127,40.28141,1015.0185,10.89,41.592771,228.99688,0.0063405908387362,1,winter,yeongheung_coal,1,81.111476,48273.87
2026-01-14,6741.780399936,6675.211318896,3687.402168000001,43.471666666666664,9.748333333333331,280.12,6,1.88,41.422,100.768,0.252,0.0,0.982391750990366,-0.1868326726942664,164.37301587301587,22343.967741935485,0.0,139.90322580645162,1.0,0.0,55116.4935483871,25.554999999999996,69.1748603036864,35529.26,200.739437,25.864943,1019.7549,10.67,33.098819999999996,91.657385,0.0036288770454774,2,winter,yeongheung_coal,1,75.98323199999999,35529.26
2026-01-15,7652.852900207999,10028.428941744,5042.845200240001,59.37166666666667,12.485,301.915,6,-0.0119999999999999,74.09,146.004,0.148,0.0,0.5591350243670196,-0.829076609563973,500.6081081081082,22343.967741935485,0.0,139.90322580645162,1.0,0.0,55116.4935483871,25.554999999999996,69.1748603036864,39027.54,188.088498,34.964508,1011.67096,9.13,21.264209,91.70428,0.0034009568654228,3,winter,yeongheung_coal,1,75.120009,39027.54
2026-01-16,8220.702033792,8029.102934736,3475.078661952,53.33500000000001,12.083333333333334,345.76,6,1.968,71.23400000000001,211.414,0.378,0.0,-0.5212181780894938,-0.8534234651268201,188.44973544973547,22343.967741935485,0.0,139.90322580645162,1.0,0.0,55116.4935483871,25.554999999999996,69.1748603036864,48581.05,117.696431,21.924562,1016.1004,9.4,12.259811,34.963091,0.0021308618999196,4,winter,yeongheung_coal,1,70.473529,48581.05
2026-01-17,8898.068663855998,13968.060483888,46318.805006256,45.425,13.773333333333332,297.97499999999997,6,-1.456,54.072,124.904,0.184,0.0,0.8201119305579708,-0.5722031294535865,293.8695652173913,22343.967741935485,0.0,139.90322580645162,1.0,0.0,55116.4935483871,25.554999999999996,69.1748603036864,50726.813,213.897141,31.92654,1019.4266,11.35,39.784975,109.668881,0.0038658165672599,5,winter,yeongheung_coal,1,64.443285,50726.813
2026-01-18,9486.918734688,8317.686328128,11887.476560064,46.61166666666667,10.62,272.115,6,0.506,71.876,202.614,0.63,0.0,-0.3845208939970536,-0.9231162884922498,114.08888888888887,22343.967741935485,0.0,139.90322580645162,1.0,0.0,55116.4935483871,25.554999999999996,69.1748603036864,39925.481,110.609238,21.603,1019.3973,4.5,15.489342,32.399794,0.0020028071801598,6,winter,yeongheung_coal,1,62.720102,39925.481
2026-01-19,12615.083061552,14107.008439439998,2905.20805392,45.748333333333335,10.85,219.555,6,-6.965999999999999,42.062,254.378,1.932,0.0,-0.9630592379998816,-0.2692896286586013,21.771221532091097,22343.967741935485,0.0,139.90322580645162,1.0,0.0,55116.4935483871,25.554999999999996,69.1748603036864,63152.642,443.074378,47.169617,1022.43243,9.89,18.000331000000003,358.751331,0.007974762845295,0,winter,yeongheung_coal,1,66.322716,63152.642
2026-01-20,13782.41395416,11807.953069968,1723.202887104,36.37,8.241666666666667,202.01166666666663,6,-5.792,53.074,191.886,0.6719999999999999,0.0,-0.2059650843935921,-0.9785593410778624,78.97916666666667,22343.967741935485,0.0,139.90322580645162,1.0,0.0,55116.4935483871,25.554999999999996,69.1748603036864,70452.526,252.05026999999995,41.899426,1026.304,11.79,39.853255,137.77066399999998,0.0045522286232909,1,winter,yeongheung_coal,1,74.426351,70452.526
2026-01-21,12839.993258688,12059.309402208,1732.686834816,30.01833333333333,8.406666666666666,213.0566666666667,6,-6.056,43.154,209.834,2.096,0.0,-0.4974888158817691,-0.8674703903145947,20.58874045801527,22343.967741935485,0.0,139.90322580645162,1.0,0.0,55116.4935483871,25.554999999999996,69.1748603036864,70115.972,376.19337300000007,41.90406,1025.8273,11.98,35.406646,270.72176900000005,0.0067791522427618,2,winter,yeongheung_coal,1,70.06495800000002,70115.972
2026-01-22,14370.933039839998,12321.804800016002,1762.278959664,31.215,8.565,215.46,6,-5.032,51.976,120.388,0.124,0.0,0.8626196337531633,-0.5058531085834685,419.1612903225806,22343.967741935485,0.0,139.90322580645162,1.0,0.0,55116.4935483871,25.554999999999996,69.1748603036864,70688.682,267.483065,41.08576,1026.3702,11.53,43.419234,164.92199499999998,0.0048296110419659,3,winter,yeongheung_coal,1,59.141836,70688.682
2026-01-23,15664.746157776,12558.65754456,1636.7158563839998,34.458333333333336,8.883333333333333,209.4333333333333,6,-0.0699999999999999,63.45,197.652,1.482,0.0,-0.3032348545115629,-0.95291585305805,42.81376518218624,22343.967741935485,0.0,139.90322580645162,1.0,0.0,55116.4935483871,25.554999999999996,69.1748603036864,70928.903,116.550536,33.108257,1023.8198,11.25,35.160447,20.927592,0.0021101595599534,4,winter,yeongheung_coal,1,60.462497,70928.903
2026-01-24,13637.931702624,12228.72395472,1483.999911936,31.43166666666667,8.556666666666667,211.19333333333336,6,-2.646,37.698,230.814,1.2520000000000002,0.0,-0.775098899460815,-0.6318399291392033,30.110223642172517,22343.967741935485,0.0,139.90322580645162,1.0,0.0,55116.4935483871,25.554999999999996,69.1748603036864,69789.419,297.01172800000006,35.949562,1023.47217,12.06,36.705528,195.87578,0.0053599158998982,5,winter,yeongheung_coal,1,64.43042,69789.419
2026-01-25,12445.035576767998,12022.4335212,1599.756185808,29.261666666666667,7.853333333333333,207.55166666666665,6,-4.304,47.227999999999994,118.224,0.128,0.0,0.8811054331526764,-0.4729198829282127,368.96874999999994,22343.967741935485,0.0,139.90322580645162,1.0,0.0,55116.4935483871,25.554999999999996,69.1748603036864,70226.45,216.699261,32.59939,1028.0101,12.44,44.718396,106.707942,0.0039162616505158,6,winter,yeongheung_coal,1,65.272923,70226.45
2026-01-26,13252.396581216,12243.433537296,1490.890977216,33.775,9.458333333333334,206.39166666666665,6,-0.1725,58.215,184.725,1.015,0.0,-0.0823733659124853,-0.9966015395273318,57.35467980295567,22343.967741935485,0.0,139.90322580645162,1.0,0.0,55116.4935483871,25.554999999999996,69.1748603036864,69391.166,94.318704,24.27265,1024.5092,6.72,23.455569,9.269088,0.001708337554768,0,winter,yeongheung_coal,1,61.594047,69391.166
2026-01-27,15291.27933552,12218.736869856,1448.860048992,32.63333333333333,8.465,213.23833333333337,6,-4.1475,34.519999999999996,243.2875,2.155,0.0,-0.8932733408689821,-0.4495138913234687,16.01856148491879,22343.967741935485,0.0,139.90322580645162,1.0,0.0,55116.4935483871,25.554999999999996,69.1748603036864,69182.766,297.61758000000003,33.29173,1023.8408,12.52,45.081388999999994,180.593126,0.0053707904708686,1,winter,yeongheung_coal,1,71.943065,69182.766
2026-01-28,12267.66985488,12091.137808031996,1569.490038432,29.826666666666668,8.236666666666666,208.9,6,-1.7475,39.692499999999995,201.2225,1.28,0.0,-0.3619906648897385,-0.932181719694548,31.009765624999996,22343.967741935485,0.0,139.90322580645162,1.0,0.0,55116.4935483871,25.554999999999996,69.1748603036864,68879.647,252.365878,33.014175,1027.3381,12.59,44.275807,137.150783,0.0045579027744922,2,winter,yeongheung_coal,1,70.939288,68879.647
2026-01-29,13330.890976176,11798.200924848,1733.287960944,32.013333333333335,9.39,208.46833333333333,6,-4.744,29.21,232.3,0.866,0.0,-0.79122353296749,-0.6115270401858313,33.72979214780601,22343.967741935485,0.0,139.90322580645162,1.0,0.0,55116.4935483871,25.554999999999996,69.1748603036864,70051.043,237.43039,37.67637,1028.0608,12.73,45.31100300000001,120.66156,0.0042893145256382,3,winter,yeongheung_coal,1,71.457827,70051.043
2026-01-30,12766.030907328,11249.229742272002,1503.937276416,32.145,8.868333333333334,213.42666666666665,6,-4.388,40.486,150.786,0.3139999999999999,0.0,0.4880729396738403,-0.8728028446093286,128.9363057324841,22343.967741935485,0.0,139.90322580645162,1.0,0.0,55116.4935483871,25.554999999999996,69.1748603036864,65152.705,252.54047999999997,33.3792,1028.7997,11.99,36.592876,145.09333299999997,0.0045610418247593,4,winter,yeongheung_coal,1,70.85427100000001,65152.705
2026-01-31,14492.86076448,12258.782155872,1679.3882330400002,33.86333333333334,9.165,209.18833333333336,6,-1.394,62.024,246.394,0.8320000000000001,0.0,-0.9163208000851436,-0.4004449916422005,74.54807692307692,22343.967741935485,0.0,139.90322580645162,1.0,0.0,55116.4935483871,25.554999999999996,69.1748603036864,70297.42,131.433219,23.18579,1026.0831,12.47,42.942449,22.671372,0.0023789710617265,5,winter,yeongheung_coal,1,65.819398,70297.42
2026-02-01,12813.007576896,11691.771167231998,10334.212801632,35.615,8.968333333333334,225.355,6,0.624,70.164,190.88,0.6719999999999999,0.0,-0.1887526632233952,-0.9820246596323716,104.41071428571428,19591.0,0.0,92.5,1.0,0.0,49685.14892857143,25.138333333333332,78.50356932698566,61327.467,149.462257,27.416782,1023.79565,12.95,41.099961,45.306412,0.0029991657092184,6,winter,yeongheung_coal,1,63.055884,61327.467
2026-02-02,15560.501603328,15804.6387228,1775.79052056,36.61333333333334,11.481666666666667,221.22166666666664,6,-2.294,48.092,197.478,1.41,0.0,-0.3003395763257195,-0.953832343178028,34.10780141843972,19591.0,0.0,92.5,1.0,0.0,49685.14892857143,25.138333333333332,78.50356932698566,69522.58,226.413753,31.796375,1024.1897,13.31,31.530031,133.045615,0.0045362986217139,0,winter,yeongheung_coal,1,61.838107,69522.58
2026-02-03,11900.301717456,10949.313452976,13926.99632184,34.88,7.659999999999999,236.6966666666667,6,-0.244,72.748,157.84,0.2179999999999999,0.0,0.3771943151873767,-0.926134141790662,333.7064220183488,19591.0,0.0,92.5,1.0,0.0,49685.14892857143,25.138333333333332,78.50356932698566,61872.361,125.546717,22.45315,1026.5514,13.08,39.696791,25.529456,0.0025204770857514,1,winter,yeongheung_coal,1,60.32047,61872.361
2026-02-04,10291.846318704,9625.604970527998,1569.030525936,36.30833333333333,6.168333333333333,236.07,6,2.02,68.032,154.416,0.146,0.0,0.4318338928075898,-0.9019531523436476,465.972602739726,19591.0,0.0,92.5,1.0,0.0,49685.14892857143,25.138333333333332,78.50356932698566,55476.307,105.290086,19.652176,1019.6464,9.96,17.334887,28.126904000000003,0.0021146647445543,2,winter,yeongheung_coal,1,59.828295,55476.307
2026-02-05,11045.077617456,10029.550979663998,1714.61185704,35.36,6.791666666666667,236.23833333333337,6,-2.316,40.465999999999994,186.452,2.0919999999999996,0.0,-0.1123708013287233,-0.993666343904603,19.34321223709369,19591.0,0.0,92.5,1.0,0.0,49685.14892857143,25.138333333333332,78.50356932698566,56309.23,234.308886,42.241364,1015.87775,11.8,26.698452,152.773921,0.0046937385992923,3,winter,yeongheung_coal,1,54.836513,56309.23
2026-02-06,11355.772271616,8807.186758608,1704.124801008,23.753333333333337,6.011666666666667,244.40833333333333,6,-6.382,33.980000000000004,247.452,1.114,0.0,-0.9235586122190728,-0.3834572854908095,30.50269299820467,19591.0,0.0,92.5,1.0,0.0,49685.14892857143,25.138333333333332,78.50356932698566,50199.817,372.093985,42.402134,1022.8474,13.82,43.686192000000005,263.277958,0.0074333695453913,4,winter,yeongheung_coal,1,65.129835,50199.817
2026-02-07,9931.446309168,9776.472742512,1874.462708736,26.02,5.908333333333334,249.39333333333332,6,-6.736,37.418,236.086,1.526,0.0,-0.829875977479236,-0.5579479025884787,24.520314547837483,19591.0,0.0,92.5,1.0,0.0,49685.14892857143,25.138333333333332,78.50356932698566,54748.287,368.715183,43.696648,1023.2503,14.24,47.803132,254.16821,0.0073663680026405,5,winter,yeongheung_coal,1,66.743841,54748.287
2026-02-08,10862.637062544,9864.090872352,1833.5182697279995,28.191666666666663,5.783333333333334,224.41333333333333,6,-4.462000000000001,42.188,245.43400000000003,0.8160000000000001,0.0,-0.9094829749392862,-0.4157411674294304,51.700980392156865,19591.0,0.0,92.5,1.0,0.0,49685.14892857143,25.138333333333332,78.50356932698566,54897.145,375.476174,39.28456,1026.6122,14.44,45.878665,257.512512,0.0075004291942154,6,winter,yeongheung_coal,1,72.084997,54897.145
2026-02-09,12181.840145568,9839.841028992,1749.37542264,33.391666666666666,6.048333333333333,233.66833333333332,6,-0.866,70.44800000000001,113.952,0.25,0.0,0.9138858839153472,-0.4059711703806866,281.79200000000003,19591.0,0.0,92.5,1.0,0.0,49685.14892857143,25.138333333333332,78.50356932698566,55052.798,127.830107,24.912935,1025.8911,12.76,41.83459,17.905396,0.0025662008069968,0,winter,yeongheung_coal,1,68.090121,55052.798
2026-02-10,10107.374966352,9580.323801456,1799.604885168,38.01,7.885000000000001,279.52666666666664,6,0.5780000000000001,58.684000000000005,114.594,1.004,0.0,0.9092796968841704,-0.4161855749953751,58.45019920318725,19591.0,0.0,92.5,1.0,0.0,49685.14892857143,25.138333333333332,78.50356932698566,55054.922,116.495474,23.177402,1018.3887,6.0,11.652597,35.511174,0.0023391893058451,1,winter,yeongheung_coal,1,69.331703,55054.922
2026-02-11,4732.3750534559995,6314.161692384,1169.819556624,38.255,7.09,230.97166666666664,6,-0.7700000000000001,71.164,206.352,0.236,0.0,-0.44388463351214,-0.8960839425699989,301.54237288135596,19591.0,0.0,92.5,1.0,0.0,49685.14892857143,25.138333333333332,78.50356932698566,54753.576,104.671581,21.829777,1018.6232,9.56,20.63099,10.39412,0.0021022686952622,2,winter,yeongheung_coal,1,73.64647099999999,54753.576
2026-02-12,5915.511410256001,6514.425897984001,1264.6537064640002,36.36000000000001,7.571666666666666,225.5916666666667,6,2.3899999999999997,71.776,125.83599999999998,0.196,0.0,0.8106961191690543,-0.5854671659147374,366.204081632653,19591.0,0.0,92.5,1.0,0.0,49685.14892857143,25.138333333333332,78.50356932698566,56646.899,137.05715000000004,19.809813,1019.72003,13.42,40.070037000000006,26.60644,0.002750924954705,3,winter,yeongheung_coal,1,70.38067300000002,56646.899
2026-02-13,6176.843447472,5524.2554721120005,877.1255123039998,39.98666666666667,7.171666666666667,241.75833333333333,6,3.308,72.83,173.43599999999998,0.122,0.0,0.114312973329714,-0.9934447866532492,596.9672131147541,19591.0,0.0,92.5,1.0,0.0,49685.14892857143,25.138333333333332,78.50356932698566,48760.789,127.12046,22.319998,1016.64386,11.98,22.390986,34.385958,0.0025519909363769,4,winter,yeongheung_coal,1,70.34351600000001,48760.789
2026-02-14,4953.25109232,5487.92658144,829.059243552,38.115,6.253333333333334,248.72666666666663,6,4.168,73.04400000000001,198.086,0.256,0.0,-0.3104441655510478,-0.9505916158242264,285.32812500000006,19591.0,0.0,92.5,1.0,0.0,49685.14892857143,25.138333333333332,78.50356932698566,48882.238,111.02588,20.188908,1014.1982,11.04,17.433358000000002,26.679612,0.0022296065998404,5,winter,yeongheung_coal,1,66.91291,48882.238
2026-02-15,5571.712547855999,6259.511504159999,1312.918437456,34.21,6.008333333333333,237.63,6,0.408,47.334,221.652,1.2479999999999998,0.0,-0.6646046191444971,-0.7471952222891939,37.92788461538463,19591.0,0.0,92.5,1.0,0.0,49685.14892857143,25.138333333333332,78.50356932698566,55161.869,238.643544,35.949562,1017.6199,14.3,39.404396,136.244581,0.0047801565582405,6,winter,yeongheung_coal,1,62.994567,55161.869
2026-02-16,4408.45636752,3545.436721248,35096.86271808,26.848333333333333,4.6049999999999995,290.69666666666666,6,-0.724,55.315999999999995,163.274,0.3419999999999999,0.0,0.2877951363087611,-0.957691996164227,161.74269005847955,19591.0,0.0,92.5,1.0,0.0,49685.14892857143,25.138333333333332,78.50356932698566,39687.142,245.614323,32.83705,1021.91644,15.45,46.813008,152.901444,0.0049190981071628,0,winter,yeongheung_coal,1,45.899871,39687.142
2026-02-17,3639.893215536,3529.549530288,641.2300845120001,29.483333333333334,4.463333333333334,270.74666666666667,6,1.982,62.15,128.002,0.5820000000000001,0.0,0.7879892624869983,-0.6156889817149537,106.786941580756,19591.0,0.0,92.5,1.0,0.0,49685.14892857143,25.138333333333332,78.50356932698566,34045.166,105.401011,22.657131,1020.8399,15.67,50.005437,39.786334,0.0021168878658283,1,winter,yeongheung_coal,1,15.60924,34045.166
2026-02-18,4537.5271729920005,8307.799453728,3528.9431385119997,29.885,11.223333333333334,233.64166666666668,6,-0.54,57.02,196.024,0.242,0.0,-0.2760399839812282,-0.961146152904772,235.61983471074385,19591.0,0.0,92.5,1.0,0.0,49685.14892857143,25.138333333333332,78.50356932698566,41326.392,225.98143400000004,28.79325,1019.1303,15.81,49.229125,161.309029,0.0045276761387368,2,winter,yeongheung_coal,1,15.44328,41326.392
2026-02-19,5395.1414011199995,6090.562152288,1267.5535068960005,46.36333333333334,6.673333333333333,252.22833333333335,6,-0.068,72.648,154.398,0.136,0.0,0.4321172284325091,-0.901817443217754,534.1764705882352,19591.0,0.0,92.5,1.0,0.0,49685.14892857143,25.138333333333332,78.50356932698566,51450.363,75.27964399999999,17.786331,1021.4297,15.78,39.952572999999994,20.274031,0.0015128415522026,3,winter,yeongheung_coal,1,15.05304,51450.363
2026-02-20,5358.599640287999,6342.465756239999,1515.761332128,67.06833333333333,4.92,592.9733333333332,6,5.034000000000001,54.414,106.494,0.714,0.0,0.9588494716281688,-0.2839149357789785,76.21008403361346,19591.0,0.0,92.5,1.0,0.0,49685.14892857143,25.138333333333332,78.50356932698566,38309.974,158.705457,25.153671,1014.78986,15.56,31.37166,112.196157,0.0031840526571705,4,winter,yeongheung_coal,1,15.13764,38309.974
2026-02-21,5439.583328256,6231.580126704,1488.9787493760002,74.765,4.053333333333334,318.4866666666667,6,9.006,47.138,146.31599999999997,2.5599999999999996,0.0,0.5546120803985565,-0.8321090314832457,18.41328125,19591.0,0.0,92.5,1.0,0.0,49685.14892857143,25.138333333333332,78.50356932698566,37068.303,377.761971,36.388508,1007.67163,15.52,33.912621,328.90575,0.0075457452275959,5,winter,yeongheung_coal,1,14.9436,37068.303
2026-02-22,6258.957898176,6411.664976687999,1453.823940096,68.06833333333334,3.823333333333333,321.04333333333335,6,1.782,27.836,192.32800000000003,1.3119999999999998,0.0,-0.213507835360054,-0.9769413514842454,21.21646341463415,19591.0,0.0,92.5,1.0,0.0,49685.14892857143,25.138333333333332,78.50356932698566,38822.946,391.340406,43.394558,1007.11273,15.7,22.56272,353.569486,0.0078148530617906,6,winter,yeongheung_coal,1,15.2082,38822.946
2026-02-23,5355.016904160001,6259.152297744,1367.017290288,57.13166666666667,22.656666666666663,395.8983333333333,6,1.5539999999999998,35.624,213.67199999999997,0.352,0.0,-0.5544377917278057,-0.8322251709146956,101.20454545454548,19591.0,0.0,92.5,1.0,0.0,49685.14892857143,25.138333333333332,78.50356932698566,38041.922,86.76670100000001,33.772907,1022.5293,14.88,29.455066,41.403235,0.0017432863473803,0,winter,yeongheung_coal,1,15.9084,38041.922
2026-02-24,5310.591039071999,6287.580426240001,1507.004728128,65.35666666666667,43.196666666666665,892.6349999999999,6,1.138,51.69,167.78799999999998,0.176,0.0,0.2115295013252205,-0.977371613087419,293.6931818181818,19591.0,0.0,92.5,1.0,0.0,49685.14892857143,25.138333333333332,78.50356932698566,38441.609,41.245327,20.00512,1022.6209,6.77,7.906565,16.120682000000002,0.0008294453603053,1,winter,yeongheung_coal,1,17.21808,38441.609
2026-02-25,5117.825169072001,6018.06494304,2820.5034495840005,55.47666666666667,27.033333333333335,240.23666666666668,6,4.218,43.614,165.98600000000002,0.186,0.0,0.2421589763473149,-0.9702365846402724,234.48387096774192,19591.0,0.0,92.5,1.0,0.0,49685.14892857143,25.138333333333332,78.50356932698566,41380.095,97.784189,17.283749,1020.58185,16.95,39.159807,19.777846,0.0019642110835266,2,winter,yeongheung_coal,1,38.846536,41380.095
2026-02-26,5108.299385328,5712.819434496,2041.186502736,61.39499999999999,7.475,294.84166666666664,6,5.14,53.008,186.792,0.182,0.0,-0.1182653230129766,-0.9929820307400512,291.25274725274727,19591.0,0.0,92.5,1.0,0.0,49685.14892857143,25.138333333333332,78.50356932698566,49568.85,130.562743,18.733839,1017.7773,11.17,23.330339,45.387029000000005,0.0026209149406673,3,winter,yeongheung_coal,1,61.845375,49568.85
2026-02-27,9717.849537408,9004.399303824,1697.2372044,62.24333333333334,8.783333333333333,250.78833333333333,6,6.2780000000000005,52.906000000000006,151.324,0.986,0.0,0.4798560371981448,-0.8773472422960551,53.65720081135903,19591.0,0.0,92.5,1.0,0.0,49685.14892857143,25.138333333333332,78.50356932698566,52676.651,146.975195,21.129883,1013.78827,15.79,31.235239999999997,54.110057,0.0029494065843056,4,winter,yeongheung_coal,1,61.629898,52676.651
2026-02-28,9733.07290896,8950.947358751999,1480.2539451839998,59.20666666666667,8.786666666666667,244.02166666666668,6,4.471250057220459,78.25,,2.7031741666666664,0.0,0.72642726,0.68724334,28.947450358513713,19591.0,0.0,92.5,1.0,0.0,49685.14892857143,25.138333333333332,78.50356932698566,51698.474,109.558631,3.764305833333333,1018.5716,17.03,35.854619,15.167054,0.0022002063345573,5,winter,yeongheung_coal,1,58.536958,51698.474
2026-03-01,9855.630970992,9362.880795744002,1470.6775604159998,58.98500000000001,7.646666666666667,244.49,6,5.833749771118164,79.375,,5.060988888888889,0.0,0.99993867,-0.011076506,15.683693788433969,21085.90322580645,0.0,116.96774193548389,1.0,0.0,53295.77483870968,25.176666666666662,78.00236638307139,54193.948,144.011617,7.294518055555556,1021.2077,7.36,13.034593999999998,77.315147,0.0026948389309032,6,spring,yeongheung_coal,1,53.66187600000001,54193.948
2026-03-02,10195.935337872,9774.754694064,1475.454709296,59.185,7.311666666666667,266.24499999999995,6,4.196249485015869,85.0,,8.429987777777777,24.899999618530273,0.9763863,0.21603182,10.083051392324414,21085.90322580645,0.0,116.96774193548389,1.0,0.0,53295.77483870968,25.176666666666662,78.00236638307139,54956.124,197.887203,11.3137075,1017.9371,1.53,4.447604999999999,143.044184,0.0036992644632499,0,spring,yeongheung_coal,1,50.395414,54956.124
2026-03-03,11252.92924224,10301.059784592,18282.250888992,57.803333333333335,9.596666666666666,205.42166666666665,6,2.746,62.764,167.884,0.2219999999999999,0.0,0.2098916033166658,-0.9777246620890564,282.72072072072086,21085.90322580645,0.0,116.96774193548389,1.0,0.0,53295.77483870968,25.176666666666662,78.00236638307139,54527.834,157.15178300000002,31.303444,1020.04126,13.85,32.641645,102.423799,0.0029400033437303,1,spring,yeongheung_coal,1,22.086339,54527.834
2026-03-04,11081.852481888,9942.40807848,3054.828070512,67.36,11.633333333333333,138.71166666666667,6,2.222,72.308,181.976,0.452,0.0,-0.0344808698023195,-0.9994053580092892,159.97345132743365,21085.90322580645,0.0,116.96774193548389,1.0,0.0,53295.77483870968,25.176666666666662,78.00236638307139,56389.252,87.968355,18.0,1022.76825,17.56,35.809145,23.466756,0.0016478491341604,2,spring,yeongheung_coal,1,28.692454,56389.252
2026-03-05,11249.700905232,9918.133457328,2896.14338136,75.62,12.013333333333334,144.36,6,1.08,77.2,228.96999999999997,0.1659999999999999,0.0,-0.7543659650802121,-0.6564541040534366,465.06024096385573,21085.90322580645,0.0,116.96774193548389,1.0,0.0,53295.77483870968,25.176666666666662,78.00236638307139,55967.268,57.06460799999999,20.696087,1020.47565,11.2,18.961883,6.983934,0.0010695702157895,3,spring,yeongheung_coal,1,31.118791,55967.268
2026-03-06,10913.324427936,9884.259312624,2606.200213392,70.06500000000001,10.103333333333332,142.15833333333333,6,0.412,49.578,172.808,1.062,0.0,0.1251947069982736,-0.9921321914642304,46.68361581920904,21085.90322580645,0.0,116.96774193548389,1.0,0.0,53295.77483870968,25.176666666666662,78.00236638307139,56457.507,193.944224,37.30302,1018.9949,14.33,14.917772,117.35389899999998,0.003625822445854,4,spring,yeongheung_coal,1,61.672553,56457.507
2026-03-07,11458.34926848,9146.322417888,1509.845428512,65.38666666666667,7.55,132.55833333333334,6,-0.102,45.989999999999995,176.02,0.298,0.0,0.0694082539578579,-0.9975883390870812,154.32885906040266,21085.90322580645,0.0,116.96774193548389,1.0,0.0,53295.77483870968,25.176666666666662,78.00236638307139,55209.408,207.68469,31.89202,1024.5857,19.02,41.253517,100.483166,0.0038817058154633,5,spring,yeongheung_coal,1,65.948007,55209.408
2026-03-08,9448.8645708,9390.58169904,26646.29483601599,71.35333333333334,9.101666666666668,165.72666666666666,6,2.684,66.372,216.332,0.4359999999999999,0.0,-0.5924632017089334,-0.8055975140358861,152.22935779816518,21085.90322580645,0.0,116.96774193548389,1.0,0.0,53295.77483870968,25.176666666666662,78.00236638307139,44008.08,118.595936,21.434364,1025.8998,17.96,33.77075,21.218461,0.0022203001604233,6,spring,yeongheung_coal,1,63.606725,44008.08
2026-03-09,9860.643651888,8734.47933384,3636.119749824,76.275,10.605,131.42833333333334,6,2.3120000000000003,54.706,184.18400000000003,0.284,0.0,-0.0729596915347332,-0.9973348903007238,192.62676056338032,21085.90322580645,0.0,116.96774193548389,1.0,0.0,53295.77483870968,25.176666666666662,78.00236638307139,49791.421,175.284805,28.963785,1024.5927,17.64,32.136838,75.06632800000001,0.003278124768201,0,spring,yeongheung_coal,1,68.081639,49791.421
2026-03-10,10015.574898528,8944.403173632,4137.557481504,67.67,10.946666666666667,116.09833333333331,6,0.0519999999999999,61.99400000000001,200.714,0.166,0.0,-0.3537034053211578,-0.9353576327075204,373.4578313253013,21085.90322580645,0.0,116.96774193548389,1.0,0.0,53295.77483870968,25.176666666666662,78.00236638307139,50717.946,124.905887,21.758419,1024.3182,19.21,39.15047,17.262151,0.0023381560343892,1,spring,yeongheung_coal,1,68.493266,50717.946
2026-03-11,9864.361291968,8941.249134,3781.269761184,65.87,12.305,102.78333333333332,6,2.06,73.912,185.406,0.218,0.0,-0.0942125678074568,-0.9955521041447932,339.04587155963304,21085.90322580645,0.0,116.96774193548389,1.0,0.0,53295.77483870968,25.176666666666662,78.00236638307139,50565.957,95.007828,17.477621,1023.5115,12.38,22.061619,2.273799,0.0017794799636687,2,spring,yeongheung_coal,1,70.67241,50565.957
2026-03-12,10746.246329279998,8915.426871408,3483.831269376,66.64333333333333,12.61,104.225,6,3.628,58.104,139.952,0.158,0.0,0.6434291439368804,-0.7655056738735861,367.746835443038,21085.90322580645,0.0,116.96774193548389,1.0,0.0,53295.77483870968,25.176666666666662,78.00236638307139,50553.812,145.478409,21.120682,1024.3986,16.76,52.065124,18.851961,0.0027222117775884,3,spring,yeongheung_coal,1,74.561324,50553.812
2026-03-13,10344.886780608002,8255.804586336,1769.326089984,60.945,8.386666666666667,113.78333333333336,6,2.496,57.58200000000001,204.426,0.612,0.01,-0.4135176424132977,-0.910496106204166,94.08823529411768,21085.90322580645,0.0,116.96774193548389,1.0,0.0,53295.77483870968,25.176666666666662,78.00236638307139,49485.539,152.16333600000002,24.863468,1027.3575,19.34,52.861614,25.301037,0.0028469449186722,4,spring,yeongheung_coal,1,74.000685,49485.539
2026-03-14,11792.873501424,9602.559116064,1961.379624384,64.94833333333334,14.183333333333332,114.80333333333331,6,4.82,72.522,196.986,0.314,0.0,-0.2921380266640169,-0.9563761672986494,230.9617834394905,21085.90322580645,0.0,116.96774193548389,1.0,0.0,53295.77483870968,25.176666666666662,78.00236638307139,57158.562,107.425122,18.79255,1026.2466,12.45,27.59603,6.109559,0.0020115858615033,5,spring,yeongheung_coal,1,73.719533,57158.562
2026-03-15,12510.687246768,8951.7587184,1847.197604736,67.73833333333333,12.553333333333336,119.2,6,2.706,65.396,194.098,0.388,0.0,-0.2435811567176314,-0.9698805184619912,168.5463917525773,21085.90322580645,0.0,116.96774193548389,1.0,0.0,53295.77483870968,25.176666666666662,78.00236638307139,53831.033,108.443273,23.269482,1023.30853,12.2,36.064006,2.8482740000000004,0.0020306125028019,6,spring,yeongheung_coal,1,69.530993,53831.033
2026-03-16,11092.458762864,8188.602224112,1636.056019584,65.36166666666666,10.146666666666668,140.44333333333333,6,1.564,49.727999999999994,174.142,0.398,0.0,0.1020633539870375,-0.9947779007260448,124.94472361809044,21085.90322580645,0.0,116.96774193548389,1.0,0.0,53295.77483870968,25.176666666666662,78.00236638307139,48157.027,104.851111,17.227419,1021.43097,17.95,44.737063,1.676476,0.0019634809355745,0,spring,yeongheung_coal,1,58.437572,48157.027
2026-03-17,9996.755840928,7759.114165872,1222.1161073279998,66.55333333333334,7.986666666666667,113.57,6,3.336,47.808,202.39,0.294,0.0,-0.3809090068233317,-0.9246125288578254,162.6122448979592,21085.90322580645,0.0,116.96774193548389,1.0,0.0,53295.77483870968,25.176666666666662,78.00236638307139,44748.562,105.854774,11.27553,1019.05884,20.13,49.619911,0.885402,0.0019822386464177,1,spring,yeongheung_coal,1,55.349461000000005,44748.562
2026-03-18,10999.736977968,8353.009897056001,63202.780538784,74.64833333333333,7.503333333333333,174.3983333333333,6,3.82,54.024,217.392,2.02,0.0,-0.6072649125970602,-0.7944994184569835,26.744554455445545,21085.90322580645,0.0,116.96774193548389,1.0,0.0,53295.77483870968,25.176666666666662,78.00236638307139,46000.637,128.991963,31.072817,1012.9446,6.17,17.583514,58.335328999999994,0.0024144600102563,2,spring,yeongheung_coal,1,53.07312,46000.637
2026-03-19,7769.994387408,5987.458236240001,3934.95454584,70.67,23.305000000000003,388.96666666666664,6,3.1979999999999995,69.65599999999999,154.798,0.316,0.0,0.4258108757281201,-0.9048121894137212,220.43037974683543,21085.90322580645,0.0,116.96774193548389,1.0,0.0,53295.77483870968,25.176666666666662,78.00236638307139,36971.64,164.961828,31.435646,1016.18365,20.98,41.402855,71.014851,0.0030856632041646,3,spring,yeongheung_coal,1,52.544121999999994,36971.64
2026-03-20,7799.517115199999,5920.1201206079995,1331.283406896,78.83,24.45,156.35333333333335,6,2.182,67.076,184.064,0.6300000000000001,0.0,-0.0708707197336833,-0.997485509210249,106.46984126984124,21085.90322580645,0.0,116.96774193548389,1.0,0.0,53295.77483870968,25.176666666666662,78.00236638307139,36717.66,112.579282,20.929594,1017.71906,20.76,38.157763,24.736719,0.0021078964864851,4,spring,yeongheung_coal,1,49.6848,36717.66
2026-03-21,9154.36155816,12250.363582368,3580.055540496,71.84166666666667,9.985,109.24333333333334,6,2.044,58.394000000000005,209.262,0.346,0.0,-0.4888039659153631,-0.872393651344055,168.76878612716766,21085.90322580645,0.0,116.96774193548389,1.0,0.0,53295.77483870968,25.176666666666662,78.00236638307139,47918.349,89.658102,15.807239,1021.17255,20.43,38.708314,1.104529,0.001679448813304,5,spring,yeongheung_coal,1,49.845259,47918.349
2026-03-22,12108.736609920004,9561.813402384,1670.20547256,64.9,6.4316666666666675,113.225,6,4.558,43.598,169.314,0.67,0.0,0.1854265122453458,-0.9826581341222016,65.07164179104477,21085.90322580645,0.0,116.96774193548389,1.0,0.0,53295.77483870968,25.176666666666662,78.00236638307139,56007.882,88.26499000000001,13.584932,1017.43915,17.95,34.396011,3.824436,0.0016533966009918,6,spring,yeongheung_coal,1,50.044543,56007.882
2026-03-23,12322.895920271998,9864.053093952,1975.097612736,73.07833333333333,8.676666666666668,113.78166666666664,6,4.792,64.954,164.07,0.3339999999999999,0.0,0.2744627476878088,-0.9615977330108773,194.4730538922156,21085.90322580645,0.0,116.96774193548389,1.0,0.0,53295.77483870968,25.176666666666662,78.00236638307139,55838.454,105.381761,16.87398,1017.3862,20.91,39.430932,14.263646,0.0019733984750542,0,spring,yeongheung_coal,1,51.687183,55838.454
2026-03-24,11578.227325488,9265.974067295998,1770.4531192319998,73.63833333333334,6.895,118.115,6,6.956,57.948,229.404,0.292,0.0,-0.7593167380956594,-0.6507212085430809,198.45205479452056,21085.90322580645,0.0,116.96774193548389,1.0,0.0,53295.77483870968,25.176666666666662,78.00236638307139,57142.448,118.154621,17.81909,1015.7525,16.47,46.971682,19.285321,0.0022120563342774,1,spring,yeongheung_coal,1,51.897618,57142.448
2026-03-25,12098.42758944,9552.351126960002,1731.882414816,71.20166666666667,9.598333333333334,123.08666666666666,6,6.006,76.05199999999999,210.224,0.482,0.0,-0.5033819290722675,-0.8640640216346718,157.7842323651452,21085.90322580645,0.0,116.96774193548389,1.0,0.0,53295.77483870968,25.176666666666662,78.00236638307139,53526.456,119.153648,18.899143,1012.6463,10.72,53.501998,10.591046,0.0022307181040155,2,spring,yeongheung_coal,1,55.06060399999999,53526.456
2026-03-26,13819.243319136,16454.224349712,1823.219140176,72.03666666666668,12.24,207.01833333333332,6,4.276,78.4,150.32999999999998,0.358,0.0,0.4950037861393815,-0.8688908169083601,218.99441340782124,21085.90322580645,0.0,116.96774193548389,1.0,0.0,53295.77483870968,25.176666666666662,78.00236638307139,69572.366,100.527342,18.455048,1013.48676,14.45,36.778284,4.5312,0.0018826648643155,3,spring,yeongheung_coal,1,59.21785799999999,69572.366
2026-03-27,14359.694725728,12366.099876096,1993.305605904,73.295,9.601666666666668,214.8116666666667,6,-4.414,79.2,209.112,0.4679999999999999,0.0,-0.4865183721820771,-0.8736703460283529,169.23076923076923,21085.90322580645,0.0,116.96774193548389,1.0,0.0,53295.77483870968,25.176666666666662,78.00236638307139,76702.782,103.683837,19.242327,1011.76984,16.37,41.2302,1.19424,0.0019416645706029,4,spring,yeongheung_coal,1,61.259397,76702.782
2026-03-28,9107.409505392,10601.871830208,12616.784242704,70.48,10.971666666666666,232.3466666666667,6,-5.186,78.25,129.346,0.328,0.0,0.7733314496281387,-0.6340019471705443,238.5670731707317,21085.90322580645,0.0,116.96774193548389,1.0,0.0,53295.77483870968,25.176666666666662,78.00236638307139,43867.586,106.567833,17.076298,1013.43964,16.76,44.330123,0.363281,0.0019955647574325,5,spring,yeongheung_coal,1,61.874429000000006,43867.586
2026-03-29,8556.947974368,7783.045786944,2986.409470176,66.08666666666667,9.695,124.85666666666668,6,-0.3179999999999996,44.264,130.026,0.618,0.0,0.7657526764918459,-0.6431351634342306,71.62459546925567,21085.90322580645,0.0,116.96774193548389,1.0,0.0,53295.77483870968,25.176666666666662,78.00236638307139,41343.61,102.822708,17.566378,1013.719,12.4,43.17968,1.297635,0.0019255694479626,6,spring,yeongheung_coal,1,58.345392999999994,41343.61
2026-03-30,12433.030316063998,13775.45180184,2143.3732441919997,68.915,10.266666666666667,117.31,6,0.1239999999999998,76.58,163.342,0.296,0.0,0.2866583221469496,-0.9580328837487238,258.7162162162162,21085.90322580645,0.0,116.96774193548389,1.0,0.0,53295.77483870968,25.176666666666662,78.00236638307139,69714.702,80.609194,13.084402,1010.9632,6.96,17.936622,6.8885190000000005,0.0015102033504293,0,spring,yeongheung_coal,1,55.784053,69714.702
2026-03-31,13897.722655152002,11524.958997552,2577.877103088,73.19,8.055,122.61666666666666,6,-0.974,69.86800000000001,160.122,0.394,0.0,0.340018480407879,-0.9404187540564664,177.3299492385787,21085.90322580645,0.0,116.96774193548389,1.0,0.0,53295.77483870968,25.176666666666662,78.00236638307139,74125.167,150.582075,23.210928,1007.9366,15.41,42.740871,53.69481699999999,0.0028174432027821,1,spring,yeongheung_coal,1,54.146387,74125.167
2026-04-01,11174.749663104,8828.335518336,6269.221867824001,79.50166666666667,8.138333333333334,658.905,6,-1.714,55.984,190.064,0.452,0.0,-0.1747481099251566,-0.9846131717977296,123.858407079646,18068.233333333337,0.0,115.66666666666669,1.0,0.0,46371.443,23.106,77.73224319789516,56218.84,96.888455,20.545246,1010.67804,11.83,34.320044,10.720745,0.0020850426939436,2,spring,yeongheung_coal,1,51.847666,56218.84
2026-04-02,11215.72205352,8381.262475872001,2777.981965776,78.71833333333333,7.3066666666666675,292.9433333333333,6,-1.988,73.242,122.444,0.42,0.0,0.843916191136899,-0.5364750342159353,174.3857142857143,18068.233333333337,0.0,115.66666666666669,1.0,0.0,46371.443,23.106,77.73224319789516,52450.13,138.360794,22.66857,1012.6905,22.83,59.511435000000006,26.049863,0.0029748737408745,3,spring,yeongheung_coal,1,52.799496,52450.13
2026-04-03,7008.870667104,5600.058169391999,2622.1265909279996,91.71,4.878333333333334,278.22999999999996,6,9.96,59.1,134.0,0.482,0.0,0.7193398003386511,-0.6946583704589974,122.61410788381744,18068.233333333337,0.0,115.66666666666669,1.0,0.0,46371.443,23.106,77.73224319789516,38533.0,120.578484,19.803272,1011.05396,16.88,40.826534,28.252888,0.0025935306779787,4,spring,yeongheung_coal,1,51.499061999999995,38533.0
2026-04-04,6997.418440703998,5711.7600195840005,2902.445190432,94.00166666666668,5.713333333333334,223.58833333333337,6,5.248,70.576,131.254,0.482,0.0,0.751793774625296,-0.6593983018135926,146.4232365145228,18068.233333333337,0.0,115.66666666666669,1.0,0.0,46371.443,23.106,77.73224319789516,38540.0,184.062925,29.827904,1000.0848,15.69,57.280462,75.030558,0.0039536231288415,5,spring,yeongheung_coal,1,51.751905,38540.0
2026-04-05,5789.9429085599995,7587.503096688,2232.5670915839996,94.40166666666666,11.853333333333332,172.01166666666666,6,6.064,75.214,111.66,0.528,0.0,0.9293904770216436,-0.36909801031905,142.45075757575756,18068.233333333337,0.0,115.66666666666669,1.0,0.0,46371.443,23.106,77.73224319789516,38924.0,116.513944,21.626984,1006.0844,22.3,45.513538,19.194678,0.0025063253293827,6,spring,yeongheung_coal,1,51.805728,38924.0
2026-04-06,5158.123989408,6149.253676176,3972.434178815999,92.09,13.583333333333334,219.225,6,5.74,40.45,219.156,0.808,0.0,-0.6314340017117717,-0.7754296238100904,50.06188118811881,18068.233333333337,0.0,115.66666666666669,1.0,0.0,46371.443,23.106,77.73224319789516,38955.0,115.58933100000002,26.87491,1008.1801,13.51,28.000949,33.94543,0.0024864854821657,0,spring,yeongheung_coal,1,53.64295200000001,38955.0
2026-04-07,5145.738293808,6002.654180975999,4724.4517480800005,81.07833333333333,8.16,206.46166666666667,6,4.7299999999999995,60.662,207.056,0.442,0.0,-0.4548611386170525,-0.8905623754549697,137.2443438914027,18068.233333333337,0.0,115.66666666666669,1.0,0.0,46371.443,23.106,77.73224319789516,39015.0,196.79351,30.574575,1014.18854,24.16,62.020296,78.857679,0.0042259171647554,1,spring,yeongheung_coal,1,55.915535000000006,39015.0
2026-04-08,5865.666396912,6669.319316112,6959.289604032,75.955,10.385,199.02833333333336,6,4.640000000000001,67.36800000000001,155.754,0.2799999999999999,0.0,0.4106551986140117,-0.9117907149402688,240.6000000000001,18068.233333333337,0.0,115.66666666666669,1.0,0.0,46371.443,23.106,77.73224319789516,39389.0,116.515877,17.377226,1016.5809,23.91,61.16470400000001,8.973219,0.0025063668058277,2,spring,yeongheung_coal,1,46.377953999999995,39389.0
2026-04-09,6469.631332991999,11484.87555744,10438.062257807998,78.94666666666667,13.226666666666668,226.795,6,8.862,78.8,137.32,1.384,0.0,0.6779030949693043,-0.7351512727534643,56.9364161849711,18068.233333333337,0.0,115.66666666666669,1.0,0.0,46371.443,23.106,77.73224319789516,44535.704,129.719134,30.652895,1003.4108,1.7,4.044815,86.81904399999999,0.0027895890779287,3,spring,yeongheung_coal,1,38.855275,44535.704
2026-04-10,6317.792011152001,8860.301527824,27030.157696512,79.24333333333333,7.893333333333333,253.88166666666663,6,6.45,75.97,215.94,0.492,0.0,-0.5869377295426313,-0.809632077946113,154.41056910569105,18068.233333333337,0.0,115.66666666666669,1.0,0.0,46371.443,23.106,77.73224319789516,38643.749,191.07045899999997,28.820242,999.20844,10.25,26.33957,124.225851,0.0041035254501079,4,spring,yeongheung_coal,1,40.505038,38643.749
2026-04-11,5721.703959744,5956.099703999999,4930.256622816,78.49833333333332,7.773333333333333,205.41333333333333,6,4.686,78.35,149.888,0.394,0.0,0.5016919230485781,-0.8650463654324082,198.85786802030455,18068.233333333337,0.0,115.66666666666669,1.0,0.0,46371.443,23.106,77.73224319789516,38558.0,84.964935,21.068459,1009.5036,11.12,27.895714,16.12836,0.0018289174470587,5,spring,yeongheung_coal,1,40.940861,38558.0
2026-04-12,5722.062931008,5600.668303871999,2117.271802752,70.95,4.745,229.44166666666663,6,7.886,52.476,115.504,0.4019999999999999,0.0,0.9025552268059168,-0.430574108099082,130.53731343283584,18068.233333333337,0.0,115.66666666666669,1.0,0.0,46371.443,23.106,77.73224319789516,38433.0,100.2364,14.561099,1013.00854,22.9,55.279437,3.87099,0.0021569351763086,6,spring,yeongheung_coal,1,41.085973,38433.0
2026-04-13,3800.654705808,16015.409984880002,2562.59779704,75.81333333333333,15.131666666666666,169.03166666666667,6,9.466,57.484,119.39,0.3399999999999999,0.0,0.8712994767185189,-0.4907516906440925,169.07058823529417,18068.233333333337,0.0,115.66666666666669,1.0,0.0,46371.443,23.106,77.73224319789516,40990.14,106.972649,17.309975,1012.98517,23.6,57.73850100000001,7.888800999999999,0.0023015554103187,0,spring,yeongheung_coal,1,41.345347,40990.14
2026-04-14,7451.689455072,14120.654203007998,4282.61874264,83.235,13.578333333333331,141.61666666666667,6,9.212,57.444,187.458,0.286,0.0,-0.1297993901746497,-0.991540275687422,200.85314685314688,18068.233333333337,0.0,115.66666666666669,1.0,0.0,46371.443,23.106,77.73224319789516,63937.718,102.272646,15.990646,1010.02094,21.56,51.055,11.32247,0.0022006556733925,1,spring,yeongheung_coal,1,39.895176,63937.718
2026-04-15,7527.723012863999,19048.091659056,9818.24663952,83.41,14.128333333333332,127.98333333333336,6,10.19,61.848,135.974,0.304,0.0,0.6949847249721623,-0.7190245003164828,203.44736842105263,18068.233333333337,0.0,115.66666666666669,1.0,0.0,46371.443,23.106,77.73224319789516,69196.88,101.731191,16.981165,1010.008,23.97,57.935249,5.459415,0.0021890303980936,2,spring,yeongheung_coal,1,38.336527,69196.88
2026-04-16,10970.923997232,15395.479541568,3141.147822768,85.22333333333333,9.831666666666663,118.09333333333336,6,11.0475,42.754999999999995,228.705,1.3325,0.0,-0.751321726653709,-0.6599361052845112,32.08630393996247,18068.233333333337,0.0,115.66666666666669,1.0,0.0,46371.443,23.106,77.73224319789516,74234.06,158.52321899999998,25.570139,1014.73145,23.74,57.424105,63.911925,0.0034069059550545,3,spring,yeongheung_coal,1,37.187189,74234.06
2026-04-17,12140.471663568,9399.600212255998,3113.593528032,85.76833333333333,16.223333333333333,232.85833333333332,6,11.219168663024902,85.33333587646484,,2.8313805555555556,0.0,-0.9038603,-0.42782778,30.138419828104418,18068.233333333337,0.0,115.66666666666669,1.0,0.0,46371.443,23.106,77.73224319789516,56285.7,100.724059,6.3780874999999995,1012.46906,14.95,40.12058,24.794144,0.0021674061136878,4,spring,yeongheung_coal,1,35.809335,56285.7
2026-04-18,11611.240462368,8921.728154448001,2470.861853136,86.24833333333333,13.76,215.01833333333332,6,9.435832023620604,96.0,,2.5077761111111108,0.0,-0.30249888,0.95314974,38.280929296142645,18068.233333333337,0.0,115.66666666666669,1.0,0.0,46371.443,23.106,77.73224319789516,54296.83,115.690548,4.123105555555555,1013.02386,19.69,58.800406,20.721642,0.0024886573804458,5,spring,yeongheung_coal,1,36.1685,54296.83
2026-04-19,7864.916712624,8410.17547656,13324.080292272,84.42833333333333,17.268333333333334,174.02666666666667,6,9.006667137145996,98.375,,2.612896388888889,0.0,-0.9594863,-0.28175533,37.64978987239256,18068.233333333337,0.0,115.66666666666669,1.0,0.0,46371.443,23.106,77.73224319789516,43325.649,95.901327,4.770743611111111,1010.564,19.47,51.77904,8.833148,0.002063843509651,6,spring,yeongheung_coal,1,35.289139000000006,43325.649
2026-04-20,11042.522147232,9054.265478976002,2206.759699296,85.89666666666666,9.45,273.8933333333333,6,6.656000000000001,57.15599999999999,216.31599999999997,0.708,0.0,-0.5922382133460538,-0.8057629295597274,80.72881355932202,18068.233333333337,0.0,115.66666666666669,1.0,0.0,46371.443,23.106,77.73224319789516,55061.271,181.33953,35.632725,1009.815,6.76,18.61491,127.1197,0.003895353191469,0,spring,yeongheung_coal,1,35.60492,55061.271
2026-04-21,10943.551643328,8658.981355104,2467.2518079840006,85.63,9.475,132.735,6,7.458,72.138,136.03000000000003,0.284,0.0,0.6942816298152443,-0.7197034239887206,254.0070422535212,18068.233333333337,0.0,115.66666666666669,1.0,0.0,46371.443,23.106,77.73224319789516,55301.58,145.75998099999998,28.775238,1015.2859,21.57,40.082924,69.30559,0.0031334640016841,1,spring,yeongheung_coal,1,36.371467,55301.58
2026-04-22,10468.342599552,8720.126630640001,6334.064231472,86.20666666666666,8.743333333333334,1100.7766666666666,6,9.654,55.334,202.224,0.8640000000000001,0.0,-0.3782285814228779,-0.9257122340094882,64.04398148148148,18068.233333333337,0.0,115.66666666666669,1.0,0.0,46371.443,23.106,77.73224319789516,55059.07,109.452611,18.328207,1012.1879,16.42,41.25209,31.561004,0.0023547870487697,2,spring,yeongheung_coal,1,36.639517,55059.07
2026-04-23,11650.063586544,8679.552973920001,2869.94826288,88.34166666666665,7.395,2298.2483333333334,6,7.825999999999999,30.839999999999996,147.89600000000002,0.106,0.0,0.5314577184898243,-0.8470848206983707,290.9433962264151,18068.233333333337,0.0,115.66666666666669,1.0,0.0,46371.443,23.106,77.73224319789516,54352.13,173.802726,25.006397,1008.5446,23.82,54.686912,81.41229200000001,0.0037340596937253,3,spring,yeongheung_coal,1,37.703522,54352.13
2026-04-24,10930.558977072,9063.035386128002,2779.2678418560004,85.10166666666666,8.323333333333332,1257.1766666666665,6,7.936,62.662,200.658,0.19,0.0,-0.3527890325828229,-0.9357028900720976,329.8,18068.233333333337,0.0,115.66666666666669,1.0,0.0,46371.443,23.106,77.73224319789516,56680.13,157.255449,19.13426,1013.2317,26.14,60.838693,57.543643,0.003379751728331,4,spring,yeongheung_coal,1,38.873113,56680.13
2026-04-25,11884.511202912,9312.709621248,2587.7371557599995,87.56,6.825,162.42333333333335,6,8.494,57.312,257.52000000000004,0.344,0.0,-0.9763714993169452,-0.2160988091628011,166.6046511627907,18068.233333333337,0.0,115.66666666666669,1.0,0.0,46371.443,23.106,77.73224319789516,57220.53,114.189974,14.264361,1015.9687,26.0,59.741150999999995,13.55328,0.0024564573330402,5,spring,yeongheung_coal,1,40.895543,57220.53
2026-04-26,11255.604149088,9017.616695616,2517.458495904,87.21666666666665,6.248333333333334,157.6783333333333,6,9.134,53.078,121.038,0.148,0.0,0.8568255260202673,-0.5156064564763442,358.63513513513516,18068.233333333337,0.0,115.66666666666669,1.0,0.0,46371.443,23.106,77.73224319789516,56292.68,107.666641,14.4,1011.2612,25.84,59.47694,6.946560000000001,0.0023164523122668,6,spring,yeongheung_coal,1,41.243141,56292.68
2026-04-27,9670.128010704,8288.911417680001,17720.620754688,87.36,8.856666666666667,174.78166666666667,6,10.4,50.518,155.06,0.324,0.01,0.4216689468925779,-0.906749854825742,155.91975308641975,18068.233333333337,0.0,115.66666666666669,1.0,0.0,46371.443,23.106,77.73224319789516,52683.92,107.985069,26.739542,1009.10626,16.08,30.902476,36.727971999999994,0.002323287387265,0,spring,yeongheung_coal,1,40.354621,52683.92
2026-04-28,8203.76540208,6313.580763120001,2092.8553587359997,85.555,5.9383333333333335,199.36833333333337,6,8.414,68.92999999999999,263.13800000000003,0.284,0.0,-0.9928368013515833,-0.1194783908577477,242.7112676056338,18068.233333333337,0.0,115.66666666666669,1.0,0.0,46371.443,23.106,77.73224319789516,36360.16,207.493961,34.955242,1010.78375,23.9,44.782536,123.104067,0.0044546736043747,1,spring,yeongheung_coal,1,39.607358,36360.16
2026-04-29,8239.08598416,6363.374187455999,1912.520178864,85.45166666666665,7.273333333333333,183.505,6,8.3,65.298,187.196,0.15,0.0,-0.1252639705865493,-0.9921234488070988,435.3200000000001,18068.233333333337,0.0,115.66666666666669,1.0,0.0,46371.443,23.106,77.73224319789516,36997.54,115.056783,19.652176,1015.9117,24.62,58.368615000000005,17.848805,0.0024750579961297,2,spring,yeongheung_coal,1,38.839363,36997.54
2026-04-30,8509.720618368001,6636.677438592002,1781.779367952,85.41000000000001,6.095,177.81833333333336,6,9.818,61.39200000000001,252.608,0.592,0.0,-0.954282073185819,-0.2989075522568394,103.70270270270272,18068.233333333337,0.0,115.66666666666669,1.0,0.0,46371.443,23.106,77.73224319789516,37115.25,159.582222,25.932495,1012.52716,26.1,61.815462,59.992849,0.0034295874900377,3,spring,yeongheung_coal,1,37.773911,37115.25
2026-05-01,8653.469219712,6297.444576143998,1685.6533935359998,85.865,5.661666666666666,166.44,6,10.64,63.758,195.076,0.412,0.0,-0.2601000695705403,-0.9655816660487088,154.75242718446603,,,,,,46371.443,,77.73224319789516,0.0,0.0,,,,0.0,0.0,0.0,4,spring,yeongheung_coal,1,0.0,0.0
2026-05-02,8203.054838256001,8065.553451696001,2538.3187114559996,86.25166666666667,8.361666666666666,162.55,6,10.916,71.036,179.582,0.208,0.88,0.007295411557802,-0.9999733881310052,341.5192307692308,,,,,,46371.443,,77.73224319789516,0.0,0.0,,,,0.0,0.0,0.0,5,spring,yeongheung_coal,1,0.0,0.0
2026-05-03,12314.28127608,9341.666014176,1655.768811744,88.36333333333333,6.1066666666666665,159.80666666666667,6,8.584,72.624,253.112,1.6760000000000002,0.01,-0.956874447596945,-0.2905017926554697,43.33174224343675,,,,,,46371.443,,77.73224319789516,0.0,0.0,,,,0.0,0.0,0.0,6,spring,yeongheung_coal,1,0.0,0.0
2026-05-04,11511.72836856,8839.444294656,1468.296078624,87.47500000000001,9.04,157.00833333333333,6,8.370000000000001,74.99199999999999,141.656,0.29,0.0,0.6203815139704162,-0.784300183044588,258.5931034482758,,,,,,46371.443,,77.73224319789516,0.0,0.0,,,,0.0,0.0,0.0,0,spring,yeongheung_coal,1,0.0,0.0
2026-05-05,11312.606781504,8941.704219648002,1465.214579856,86.49833333333333,9.981666666666667,159.025,6,9.472,56.629999999999995,158.668,0.3139999999999999,0.0,0.3637715283368355,-0.9314882045262208,180.35031847133763,,,,,,46371.443,,77.73224319789516,0.0,0.0,,,,0.0,0.0,0.0,1,spring,yeongheung_coal,1,0.0,0.0
2026-05-06,11050.520591952,8981.774146656002,1969.24470552,86.32,10.473333333333334,148.535,6,11.45,59.715999999999994,198.814,0.174,0.0,-0.3224969956580784,-0.9465704874923544,343.1954022988506,,,,,,46371.443,,77.73224319789516,0.0,0.0,,,,0.0,0.0,0.0,2,spring,yeongheung_coal,1,0.0,0.0
2026-05-07,8295.404107968,6119.670847968,844.6295904479999,86.635,18.626666666666665,120.45333333333332,6,9.424,74.22200000000001,282.548,0.8460000000000001,0.01,-0.9761143405131252,0.2172574377199235,87.73286052009456,,,,,,46371.443,,77.73224319789516,0.0,0.0,,,,0.0,0.0,0.0,3,spring,yeongheung_coal,1,0.0,0.0
2026-05-08,11174.657927903998,13134.236033088,36887.393604959994,86.89999999999999,11.338333333333331,135.61833333333334,6,9.65,62.80800000000001,240.25,0.412,0.0,-0.8681988144891424,-0.4962165036752081,152.4466019417476,,,,,,46371.443,,77.73224319789516,0.0,0.0,,,,0.0,0.0,0.0,4,spring,yeongheung_coal,1,0.0,0.0
2026-05-09,13370.477618592,10048.385783232,1326.2360472,87.44999999999999,8.813333333333334,115.46666666666664,6,8.17,54.370000000000005,174.292,0.144,0.0,0.099458684742532,-0.9950416926085488,377.5694444444445,,,,,,46371.443,,77.73224319789516,0.0,0.0,,,,0.0,0.0,0.0,5,spring,yeongheung_coal,1,0.0,0.0
