scenario,sam_util,yh_util,yd_util,ys_util,gen_sam,gen_yh,gen_yd,gen_ys,gen_bd,SOx_total,NOx_total,dust_total,social_cost_krw,gen_cost_krw,total_cost_krw
S0_normal,0.84,0.733,0.788,0.548,34112.0,59819.0,5181.0,7400.0,95.0,20868.0,24756.0,7544.0,68972182.0,6960560139.0,7029532321.0
S0_normal,0.84,0.691,0.45,0.548,34112.0,56437.0,2960.0,7400.0,5696.0,20415.0,24861.0,7561.0,68984417.0,7257559148.0,7326543565.0
S0_normal,0.84,0.691,0.45,0.45,34112.0,56437.0,2960.0,6083.0,7014.0,20302.0,24919.0,7559.0,69049010.0,7330042818.0,7399091828.0
S0_normal,0.84,0.691,0.788,0.645,34112.0,56437.0,5181.0,8718.0,2158.0,20456.0,24703.0,8111.0,69089534.0,7074063486.0,7143153021.0
S0_normal,0.84,0.691,0.9,0.45,34112.0,56437.0,5921.0,6083.0,4054.0,20301.0,24930.0,7595.0,69099416.0,7182026829.0,7251126245.0
S0_normal,0.84,0.691,0.9,0.645,34112.0,56437.0,5921.0,8718.0,1418.0,20452.0,24719.0,8083.0,69100909.0,7037059489.0,7106160399.0
S0_normal,0.84,0.691,0.9,0.742,34112.0,56437.0,5921.0,10036.0,100.0,20499.0,24768.0,7917.0,69101788.0,6964575819.0,7033677607.0
S0_normal,0.84,0.691,0.788,0.548,34112.0,56437.0,5181.0,7400.0,3476.0,20417.0,24896.0,7625.0,69109082.0,7146547156.0,7215656239.0
S0_normal,0.84,0.691,0.9,0.548,34112.0,56437.0,5921.0,7400.0,2736.0,20414.0,24928.0,7598.0,69153896.0,7109543159.0,7178697055.0
S0_normal,0.84,0.691,0.788,0.45,34112.0,56437.0,5181.0,6083.0,4794.0,20304.0,24957.0,7622.0,69179147.0,7219030826.0,7288209973.0
S0_normal,0.84,0.691,0.45,0.645,34112.0,56437.0,2960.0,8718.0,4379.0,20453.0,24772.0,8047.0,69187132.0,7185075478.0,7254262609.0
S0_normal,0.84,0.691,0.788,0.742,34112.0,56437.0,5181.0,10036.0,840.0,20503.0,24803.0,7944.0,69198117.0,7001579816.0,7070777933.0
S0_normal,0.5,0.691,0.45,0.45,20305.0,56437.0,2960.0,6083.0,20822.0,18728.0,25480.0,7325.0,69277813.0,8089449818.0,8158727630.0
S0_normal,0.84,0.733,0.45,0.548,34112.0,59819.0,2960.0,7400.0,2315.0,20865.0,24929.0,7480.0,69291371.0,7071572131.0,7140863501.0
S0_normal,0.84,0.733,0.9,0.45,34112.0,59819.0,5921.0,6083.0,672.0,20751.0,24989.0,7514.0,69387547.0,6996039812.0,7065427359.0
S0_normal,0.84,0.733,0.788,0.45,34112.0,59819.0,5181.0,6083.0,1412.0,20755.0,24986.0,7541.0,69403628.0,7033043809.0,7102447437.0
S0_normal,0.84,0.733,0.45,0.645,34112.0,59819.0,2960.0,8718.0,997.0,20903.0,24839.0,7965.0,69492177.0,6999088461.0,7068580638.0
S0_normal,0.84,0.733,0.45,0.45,34112.0,59819.0,2960.0,6083.0,3633.0,20752.0,25072.0,7477.0,69536473.0,7144055801.0,7213592274.0
S0_normal,0.84,0.691,0.562,0.548,34112.0,56437.0,3700.0,7400.0,4956.0,20421.0,25126.0,7610.0,69589171.0,7220555151.0,7290144322.0
S0_normal,0.84,0.691,0.675,0.548,34112.0,56437.0,4440.0,7400.0,4216.0,20422.0,25121.0,7632.0,69595695.0,7183551153.0,7253146849.0
S0_normal,0.84,0.733,0.562,0.645,34112.0,59819.0,3700.0,8718.0,257.0,20910.0,24878.0,8014.0,69614467.0,6962084464.0,7031698931.0
S0_normal,0.84,0.691,0.562,0.45,34112.0,56437.0,3700.0,6083.0,6274.0,20308.0,25177.0,7607.0,69639087.0,7293038821.0,7362677908.0
S0_normal,0.5,0.691,0.45,0.548,20305.0,56437.0,2960.0,7400.0,19504.0,18841.0,25632.0,7328.0,69660156.0,8016966148.0,8086626304.0
S0_normal,0.84,0.691,0.45,0.742,34112.0,56437.0,2960.0,10036.0,3061.0,20500.0,25061.0,7881.0,69697733.0,7112591808.0,7182289540.0
S0_normal,0.84,0.691,0.562,0.645,34112.0,56437.0,3700.0,8718.0,3638.0,20459.0,25008.0,8095.0,69730496.0,7148071481.0,7217801977.0
S0_normal,0.84,0.65,0.45,0.548,34112.0,53056.0,2960.0,7400.0,9078.0,20445.0,25220.0,7540.0,69746549.0,7443546165.0,7513292714.0
S0_normal,0.84,0.733,0.562,0.548,34112.0,59819.0,3700.0,7400.0,1575.0,20871.0,25169.0,7528.0,69842833.0,7034568134.0,7104410967.0
S0_normal,0.84,0.691,0.675,0.645,34112.0,56437.0,4440.0,8718.0,2898.0,20460.0,25053.0,8117.0,69844285.0,7111067484.0,7180911768.0
S0_normal,0.84,0.691,0.45,0.84,34112.0,56437.0,2960.0,11354.0,1743.0,20535.0,25247.0,7537.0,69847470.0,7040108138.0,7109955608.0
S0_normal,0.84,0.733,0.675,0.548,34112.0,59819.0,4440.0,7400.0,835.0,20872.0,25166.0,7550.0,69852382.0,6997564137.0,7067416519.0
S0_normal,0.84,0.691,0.675,0.45,34112.0,56437.0,4440.0,6083.0,5534.0,20309.0,25275.0,7629.0,69863677.0,7256034823.0,7325898501.0
S0_normal,0.84,0.691,0.562,0.742,34112.0,56437.0,3700.0,10036.0,2321.0,20506.0,25169.0,7929.0,69969169.0,7075587811.0,7145556979.0
S0_normal,0.84,0.691,0.675,0.742,34112.0,56437.0,4440.0,10036.0,1580.0,20507.0,25195.0,7951.0,70041414.0,7038583814.0,7108625228.0
S0_normal,0.84,0.65,0.788,0.548,34112.0,53056.0,5181.0,7400.0,6858.0,20447.0,25340.0,7604.0,70053556.0,7332534173.0,7402587729.0
S0_normal,0.84,0.733,0.562,0.45,34112.0,59819.0,3700.0,6083.0,2893.0,20758.0,25307.0,7525.0,70078028.0,7107051804.0,7177129832.0
S0_normal,0.84,0.65,0.9,0.548,34112.0,53056.0,5921.0,7400.0,6118.0,20444.0,25364.0,7576.0,70081858.0,7295530176.0,7365612034.0
S0_normal,0.538,0.691,0.45,0.45,21839.0,56437.0,2960.0,6083.0,19288.0,18773.0,25848.0,7325.0,70081969.0,8005071262.0,8075153231.0
S0_normal,0.84,0.691,0.675,0.84,34112.0,56437.0,4440.0,11354.0,263.0,20543.0,25339.0,7607.0,70100020.0,6966100144.0,7036200164.0
S0_normal,0.5,0.691,0.788,0.45,20305.0,56437.0,5181.0,6083.0,18601.0,18731.0,25848.0,7389.0,70111728.0,7978437826.0,8048549554.0
S0_normal,0.5,0.691,0.562,0.45,20305.0,56437.0,3700.0,6083.0,20082.0,18735.0,25859.0,7373.0,70125244.0,8052445821.0,8122571065.0
S0_normal,0.84,0.65,0.788,0.45,34112.0,53056.0,5181.0,6083.0,8176.0,20334.0,25419.0,7601.0,70161733.0,7405017843.0,7475179576.0
S0_normal,0.84,0.733,0.675,0.45,34112.0,59819.0,4440.0,6083.0,2153.0,20759.0,25345.0,7548.0,70176124.0,7070047807.0,7140223930.0
S0_normal,0.84,0.65,0.45,0.645,34112.0,53056.0,2960.0,8718.0,7760.0,20483.0,25260.0,8025.0,70223963.0,7371062495.0,7441286458.0
S0_normal,0.5,0.691,0.45,0.645,20305.0,56437.0,2960.0,8718.0,18186.0,18880.0,25733.0,7813.0,70268054.0,7944482478.0,8014750532.0
S0_normal,0.84,0.65,0.788,0.645,34112.0,53056.0,5181.0,8718.0,5540.0,20486.0,25275.0,8089.0,70308164.0,7260050503.0,7330358668.0
S0_normal,0.5,0.65,0.9,0.45,20305.0,53056.0,5921.0,6083.0,21243.0,18758.0,25971.0,7340.0,70349845.0,8127420846.0,8197770691.0
S0_normal,0.538,0.65,0.45,0.548,21839.0,53056.0,2960.0,7400.0,21351.0,18916.0,25947.0,7306.0,70351739.0,8118574609.0,8188926348.0
S0_normal,0.84,0.65,0.45,0.45,34112.0,53056.0,2960.0,6083.0,10396.0,20332.0,25534.0,7537.0,70355833.0,7516029835.0,7586385668.0
S0_normal,0.5,0.65,0.788,0.548,20305.0,53056.0,5181.0,7400.0,20665.0,18874.0,25948.0,7370.0,70381498.0,8091941173.0,8162322672.0
S0_normal,0.84,0.65,0.9,0.45,34112.0,53056.0,5921.0,6083.0,7436.0,20331.0,25534.0,7574.0,70384930.0,7368013846.0,7438398776.0
S0_normal,0.84,0.691,0.562,0.84,34112.0,56437.0,3700.0,11354.0,1003.0,20542.0,25490.0,7585.0,70405496.0,7003104141.0,7073509637.0
S0_normal,0.84,0.65,0.9,0.645,34112.0,53056.0,5921.0,8718.0,4800.0,20482.0,25333.0,8062.0,70407505.0,7223046506.0,7293454011.0
S0_normal,0.5,0.691,0.9,0.45,20305.0,56437.0,5921.0,6083.0,17861.0,18727.0,26024.0,7362.0,70462418.0,7941433829.0,8011896247.0
S0_normal,0.538,0.691,0.45,0.548,21839.0,56437.0,2960.0,7400.0,17970.0,18886.0,25999.0,7328.0,70464312.0,7932587592.0,8003051905.0
S0_normal,0.84,0.65,0.788,0.742,34112.0,53056.0,5181.0,10036.0,4222.0,20533.0,25402.0,7923.0,70472507.0,7187566833.0,7258039340.0
S0_normal,0.84,0.65,0.45,0.742,34112.0,53056.0,2960.0,10036.0,6442.0,20530.0,25431.0,7859.0,70483992.0,7298578825.0,7369062817.0
S0_normal,0.5,0.691,0.788,0.548,20305.0,56437.0,5181.0,7400.0,17284.0,18844.0,26000.0,7392.0,70494072.0,7905954156.0,7976448228.0
S0_normal,0.5,0.691,0.562,0.548,20305.0,56437.0,3700.0,7400.0,18764.0,18848.0,26011.0,7376.0,70507588.0,7979962151.0,8050469739.0
S0_normal,0.5,0.691,0.675,0.45,20305.0,56437.0,4440.0,6083.0,19342.0,18735.0,26048.0,7396.0,70544909.0,8015441823.0,8085986733.0
S0_normal,0.84,0.65,0.562,0.548,34112.0,53056.0,3700.0,7400.0,8338.0,20451.0,25582.0,7588.0,70557593.0,7406542167.0,7477099760.0
S0_normal,0.84,0.65,0.675,0.45,34112.0,53056.0,4440.0,6083.0,8916.0,20339.0,25636.0,7607.0,70631302.0,7442021840.0,7512653143.0
S0_normal,0.5,0.65,0.9,0.548,20305.0,53056.0,5921.0,7400.0,19925.0,18871.0,26123.0,7343.0,70732188.0,8054937176.0,8125669364.0
S0_normal,0.84,0.65,0.9,0.742,34112.0,53056.0,5921.0,10036.0,3482.0,20529.0,25552.0,7896.0,70769765.0,7150562836.0,7221332601.0
S0_normal,0.84,0.65,0.562,0.645,34112.0,53056.0,3700.0,8718.0,7020.0,20490.0,25499.0,8073.0,70774110.0,7334058498.0,7404832608.0
S0_normal,0.538,0.65,0.788,0.45,21839.0,53056.0,5181.0,6083.0,20449.0,18805.0,26163.0,7367.0,70803311.0,8080046288.0,8150849598.0
S0_normal,0.802,0.691,0.45,0.45,32578.0,56437.0,2960.0,6083.0,8548.0,20104.0,25800.0,7559.0,70825479.0,7414421373.0,7485246853.0
S0_normal,0.5,0.691,0.9,0.548,20305.0,56437.0,5921.0,7400.0,16543.0,18840.0,26175.0,7365.0,70844762.0,7868950159.0,7939794921.0
S0_normal,0.84,0.65,0.675,0.548,34112.0,53056.0,4440.0,7400.0,7598.0,20452.0,25724.0,7610.0,70878280.0,7369538170.0,7440416451.0
S0_normal,0.538,0.691,0.788,0.45,21839.0,56437.0,5181.0,6083.0,17067.0,18775.0,26215.0,7389.0,70915884.0,7894059271.0,7964975155.0
S0_normal,0.5,0.733,0.45,0.45,20305.0,59819.0,2960.0,6083.0,17440.0,19179.0,26176.0,7244.0,70921462.0,7903462801.0,7974384263.0
S0_normal,0.5,0.691,0.675,0.548,20305.0,56437.0,4440.0,7400.0,18024.0,18848.0,26200.0,7398.0,70927253.0,7942958153.0,8013885407.0
S0_normal,0.538,0.691,0.562,0.45,21839.0,56437.0,3700.0,6083.0,18547.0,18779.0,26227.0,7373.0,70929400.0,7968067265.0,8038996665.0
S0_normal,0.84,0.65,0.675,0.645,34112.0,53056.0,4440.0,8718.0,6280.0,20490.0,25567.0,8096.0,70936421.0,7297054500.0,7367990921.0
S0_normal,0.84,0.65,0.45,0.84,34112.0,53056.0,2960.0,11354.0,5124.0,20566.0,25764.0,7515.0,70946602.0,7226095155.0,7297041757.0
S0_normal,0.538,0.65,0.45,0.645,21839.0,53056.0,2960.0,8718.0,20033.0,18954.0,26048.0,7792.0,70959637.0,8046090939.0,8117050576.0
S0_normal,0.802,0.691,0.788,0.548,32578.0,56437.0,5181.0,7400.0,5010.0,20220.0,25812.0,7625.0,70960744.0,7230925712.0,7301886456.0
S0_normal,0.5,0.65,0.45,0.742,20305.0,53056.0,2960.0,10036.0,20250.0,18957.0,26113.0,7626.0,70970149.0,8057985825.0,8128955973.0
S0_normal,0.802,0.691,0.45,0.548,32578.0,56437.0,2960.0,7400.0,7231.0,20217.0,25843.0,7561.0,70976304.0,7341937703.0,7412914008.0
S0_normal,0.802,0.691,0.45,0.645,32578.0,56437.0,2960.0,8718.0,5913.0,20256.0,25661.0,8047.0,70981511.0,7269454033.0,7340435544.0
S0_normal,0.802,0.733,0.788,0.645,32578.0,59819.0,5181.0,8718.0,311.0,20709.0,25563.0,8029.0,70986040.0,6972455025.0,7043441065.0
S0_normal,0.5,0.65,0.788,0.645,20305.0,53056.0,5181.0,8718.0,19347.0,18913.0,26049.0,7856.0,70989396.0,8019457503.0,8090446900.0
S0_normal,0.576,0.65,0.45,0.45,23373.0,53056.0,2960.0,6083.0,21135.0,19467.0,25824.0,8121.0,70992323.0,8106679723.0,8177672046.0
S0_normal,0.5,0.65,0.562,0.645,20305.0,53056.0,3700.0,8718.0,20827.0,18916.0,26060.0,7840.0,71002912.0,8093465498.0,8164468410.0
S0_normal,0.84,0.65,0.788,0.84,34112.0,53056.0,5181.0,11354.0,2904.0,20568.0,25769.0,7579.0,71008068.0,7115083163.0,7186091231.0
S0_normal,0.802,0.691,0.788,0.45,32578.0,56437.0,5181.0,6083.0,6328.0,20107.0,25863.0,7622.0,71010660.0,7303409382.0,7374420042.0
S0_normal,0.84,0.65,0.9,0.84,34112.0,53056.0,5921.0,11354.0,2164.0,20565.0,25793.0,7552.0,71037188.0,7078079166.0,7149116355.0
S0_normal,0.538,0.691,0.45,0.645,21839.0,56437.0,2960.0,8718.0,16652.0,18924.0,26100.0,7813.0,71072210.0,7860103922.0,7931176133.0
S0_normal,0.5,0.691,0.788,0.645,20305.0,56437.0,5181.0,8718.0,15966.0,18882.0,26090.0,7877.0,71079195.0,7833470486.0,7904549681.0
S0_normal,0.5,0.691,0.45,0.742,20305.0,56437.0,2960.0,10036.0,16868.0,18927.0,26165.0,7647.0,71082722.0,7871998808.0,7943081530.0
S0_normal,0.802,0.691,0.788,0.645,32578.0,56437.0,5181.0,8718.0,3692.0,20258.0,25694.0,8111.0,71102069.0,7158442042.0,7229544111.0
S0_normal,0.576,0.691,0.45,0.45,23373.0,56437.0,2960.0,6083.0,17753.0,19437.0,25876.0,8142.0,71104896.0,7920692707.0,7991797603.0
S0_normal,0.84,0.65,0.562,0.45,34112.0,53056.0,3700.0,6083.0,9656.0,20338.0,25867.0,7585.0,71106217.0,7479025837.0,7550132054.0
S0_normal,0.5,0.691,0.562,0.645,20305.0,56437.0,3700.0,8718.0,17446.0,18886.0,26112.0,7862.0,71115486.0,7907478481.0,7978593967.0
S0_normal,0.84,0.65,0.562,0.742,34112.0,53056.0,3700.0,10036.0,5702.0,20537.0,25721.0,7907.0,71141841.0,7261574828.0,7332716669.0
S0_normal,0.802,0.691,0.9,0.645,32578.0,56437.0,5921.0,8718.0,2952.0,20255.0,25725.0,8083.0,71146882.0,7121438045.0,7192584927.0
S0_normal,0.802,0.691,0.9,0.548,32578.0,56437.0,5921.0,7400.0,4270.0,20217.0,25911.0,7598.0,71148928.0,7193921715.0,7265070642.0
S0_normal,0.538,0.65,0.9,0.45,21839.0,53056.0,5921.0,6083.0,19709.0,18802.0,26339.0,7340.0,71154001.0,8043042291.0,8114196291.0
S0_normal,0.802,0.733,0.9,0.548,32578.0,59819.0,5921.0,7400.0,889.0,20667.0,25837.0,7517.0,71154979.0,7007934698.0,7079089677.0
S0_normal,0.802,0.691,0.9,0.45,32578.0,56437.0,5921.0,6083.0,5588.0,20104.0,25947.0,7595.0,71166275.0,7266405385.0,7337571659.0
S0_normal,0.538,0.65,0.788,0.548,21839.0,53056.0,5181.0,7400.0,19131.0,18918.0,26315.0,7370.0,71185654.0,8007562618.0,8078748272.0
S0_normal,0.538,0.65,0.562,0.548,21839.0,53056.0,3700.0,7400.0,20611.0,18922.0,26326.0,7355.0,71199171.0,8081570612.0,8152769783.0
S0_normal,0.802,0.733,0.788,0.548,32578.0,59819.0,5181.0,7400.0,1629.0,20670.0,25855.0,7544.0,71214405.0,7044938695.0,7116153100.0
S0_normal,0.538,0.65,0.675,0.45,21839.0,53056.0,4440.0,6083.0,21189.0,18810.0,26363.0,7374.0,71236492.0,8117050285.0,8188286777.0
S0_normal,0.538,0.691,0.788,0.548,21839.0,56437.0,5181.0,7400.0,15749.0,18888.0,26341.0,7392.0,71242618.0,7821575601.0,7892818218.0
S0_normal,0.538,0.691,0.9,0.45,21839.0,56437.0,5921.0,6083.0,16327.0,18772.0,26391.0,7362.0,71266574.0,7857055274.0,7928321848.0
S0_normal,0.5,0.733,0.45,0.548,20305.0,59819.0,2960.0,7400.0,16122.0,19292.0,26317.0,7247.0,71281031.0,7830979131.0,7902260162.0
S0_normal,0.538,0.691,0.562,0.548,21839.0,56437.0,3700.0,7400.0,17230.0,18892.0,26378.0,7376.0,71311744.0,7895583595.0,7966895339.0
S0_normal,0.84,0.65,0.675,0.742,34112.0,53056.0,4440.0,10036.0,4962.0,20537.0,25796.0,7929.0,71318829.0,7224570830.0,7295889659.0
S0_normal,0.802,0.733,0.45,0.548,32578.0,59819.0,2960.0,7400.0,3849.0,20668.0,25931.0,7480.0,71325892.0,7155950686.0,7227276579.0
S0_normal,0.5,0.65,0.9,0.645,20305.0,53056.0,5921.0,8718.0,18607.0,18909.0,26224.0,7828.0,71340086.0,7982453506.0,8053793592.0
S0_normal,0.802,0.691,0.788,0.742,32578.0,56437.0,5181.0,10036.0,2375.0,20306.0,25855.0,7944.0,71340741.0,7085958372.0,7157299113.0
S0_normal,0.802,0.691,0.9,0.742,32578.0,56437.0,5921.0,10036.0,1634.0,20302.0,25867.0,7917.0,71344011.0,7048954375.0,7120298386.0
S0_normal,0.538,0.691,0.675,0.45,21839.0,56437.0,4440.0,6083.0,17807.0,18780.0,26415.0,7396.0,71349066.0,7931063268.0,8002412333.0
S0_normal,0.576,0.65,0.45,0.548,23373.0,53056.0,2960.0,7400.0,19817.0,19580.0,25976.0,8124.0,71374667.0,8034196053.0,8105570720.0
S0_normal,0.802,0.691,0.45,0.742,32578.0,56437.0,2960.0,10036.0,4595.0,20303.0,25900.0,7881.0,71386888.0,7196970363.0,7268357251.0
S0_normal,0.802,0.733,0.45,0.45,32578.0,59819.0,2960.0,6083.0,5167.0,20555.0,25988.0,7477.0,71388134.0,7228434356.0,7299822491.0
S0_normal,0.5,0.691,0.9,0.645,20305.0,56437.0,5921.0,8718.0,15226.0,18879.0,26250.0,7850.0,71397049.0,7796466489.0,7867863539.0
S0_normal,0.802,0.691,0.9,0.84,32578.0,56437.0,5921.0,11354.0,317.0,20337.0,26010.0,7574.0,71402617.0,6976470705.0,7047873322.0
S0_normal,0.802,0.691,0.562,0.548,32578.0,56437.0,3700.0,7400.0,6490.0,20224.0,26026.0,7610.0,71406520.0,7304933706.0,7376340226.0
S0_normal,0.5,0.733,0.788,0.548,20305.0,59819.0,5181.0,7400.0,13902.0,19294.0,26353.0,7310.0,71407829.0,7719967139.0,7791374968.0
S0_normal,0.5,0.65,0.675,0.645,20305.0,53056.0,4440.0,8718.0,20087.0,18917.0,26249.0,7862.0,71422578.0,8056461500.0,8127884078.0
S0_normal,0.802,0.733,0.788,0.45,32578.0,59819.0,5181.0,6083.0,2947.0,20557.0,25993.0,7541.0,71449600.0,7117422365.0,7188871965.0
S0_normal,0.802,0.733,0.9,0.45,32578.0,59819.0,5921.0,6083.0,2207.0,20554.0,26017.0,7514.0,71478721.0,7080418368.0,7151897089.0
S0_normal,0.576,0.691,0.45,0.548,23373.0,56437.0,2960.0,7400.0,16435.0,19550.0,26028.0,8145.0,71487240.0,7848209037.0,7919696277.0
S0_normal,0.538,0.691,0.9,0.645,21839.0,56437.0,5921.0,8718.0,13691.0,18923.0,26301.0,7850.0,71526923.0,7712087934.0,7783614857.0
S0_normal,0.5,0.691,0.675,0.645,20305.0,56437.0,4440.0,8718.0,16706.0,18887.0,26301.0,7884.0,71535151.0,7870474484.0,7942009635.0
S0_normal,0.802,0.733,0.45,0.645,32578.0,59819.0,2960.0,8718.0,2531.0,20706.0,25845.0,7965.0,71535956.0,7083467016.0,7155002973.0
S0_normal,0.538,0.65,0.9,0.548,21839.0,53056.0,5921.0,7400.0,18391.0,18915.0,26490.0,7343.0,71536344.0,7970558621.0,8042094965.0
S0_normal,0.5,0.691,0.9,0.742,20305.0,56437.0,5921.0,10036.0,13908.0,18926.0,26365.0,7684.0,71537435.0,7723982819.0,7795520254.0
S0_normal,0.802,0.691,0.562,0.45,32578.0,56437.0,3700.0,6083.0,7808.0,20111.0,26123.0,7607.0,71553464.0,7377417376.0,7448970840.0
S0_normal,0.538,0.691,0.9,0.548,21839.0,56437.0,5921.0,7400.0,15009.0,18885.0,26506.0,7365.0,71571606.0,7784571604.0,7856143209.0
S0_normal,0.802,0.691,0.562,0.645,32578.0,56437.0,3700.0,8718.0,5173.0,20262.0,25924.0,8095.0,71582158.0,7232450036.0,7304032194.0
S0_normal,0.5,0.94,0.45,0.45,20305.0,76727.0,2960.0,6083.0,532.0,21090.0,26045.0,7232.0,71590792.0,6973527716.0,7045118509.0
S0_normal,0.538,0.65,0.675,0.548,21839.0,53056.0,4440.0,7400.0,19871.0,18923.0,26515.0,7377.0,71618836.0,8044566615.0,8116185451.0
S0_normal,0.5,0.733,0.9,0.548,20305.0,59819.0,5921.0,7400.0,13162.0,19291.0,26463.0,7283.0,71619172.0,7682963142.0,7754582315.0
S0_normal,0.84,0.65,0.562,0.84,34112.0,53056.0,3700.0,11354.0,4384.0,20572.0,26067.0,7563.0,71631527.0,7189091158.0,7260722685.0
S0_normal,0.802,0.691,0.675,0.548,32578.0,56437.0,4440.0,7400.0,5750.0,20224.0,26126.0,7632.0,71636603.0,7267929709.0,7339566312.0
S0_normal,0.802,0.733,0.45,0.742,32578.0,59819.0,2960.0,10036.0,1213.0,20753.0,25967.0,7799.0,71691933.0,7010983346.0,7082675280.0
S0_normal,0.5,0.733,0.788,0.45,20305.0,59819.0,5181.0,6083.0,15220.0,19181.0,26518.0,7308.0,71699768.0,7792450809.0,7864150577.0
S0_normal,0.802,0.691,0.675,0.45,32578.0,56437.0,4440.0,6083.0,7068.0,20111.0,26184.0,7629.0,71701196.0,7340413379.0,7412114575.0
S0_normal,0.538,0.733,0.45,0.45,21839.0,59819.0,2960.0,6083.0,15906.0,19223.0,26532.0,7244.0,71702844.0,7819084245.0,7890787089.0
S0_normal,0.5,0.733,0.9,0.645,20305.0,59819.0,5921.0,8718.0,11844.0,19329.0,26326.0,7769.0,71721645.0,7610479472.0,7682201117.0
S0_normal,0.538,0.691,0.675,0.548,21839.0,56437.0,4440.0,7400.0,16489.0,18893.0,26567.0,7398.0,71731409.0,7858579598.0,7930311007.0
S0_normal,0.84,0.65,0.675,0.84,34112.0,53056.0,4440.0,11354.0,3644.0,20573.0,26113.0,7586.0,71747126.0,7152087160.0,7223834286.0
S0_normal,0.538,0.733,0.788,0.548,21839.0,59819.0,5181.0,7400.0,12368.0,19339.0,26507.0,7310.0,71759217.0,7635588584.0,7707347801.0
S0_normal,0.5,0.733,0.562,0.45,20305.0,59819.0,3700.0,6083.0,16700.0,19185.0,26555.0,7292.0,71768894.0,7866458804.0,7938227698.0
S0_normal,0.538,0.65,0.45,0.742,21839.0,53056.0,2960.0,10036.0,18715.0,19001.0,26480.0,7626.0,71774305.0,7973607269.0,8045381574.0
S0_normal,0.802,0.691,0.788,0.84,32578.0,56437.0,5181.0,11354.0,1057.0,20341.0,26176.0,7601.0,71777069.0,7013474702.0,7085251771.0
S0_normal,0.538,0.65,0.788,0.645,21839.0,53056.0,5181.0,8718.0,17813.0,18957.0,26416.0,7856.0,71793552.0,7935078948.0,8006872500.0
S0_normal,0.5,0.65,0.788,0.742,20305.0,53056.0,5181.0,10036.0,18029.0,18960.0,26480.0,7689.0,71804064.0,7946973833.0,8018777898.0
S0_normal,0.538,0.65,0.562,0.645,21839.0,53056.0,3700.0,8718.0,19293.0,18961.0,26427.0,7840.0,71807069.0,8009086942.0,8080894011.0
S0_normal,0.5,0.733,0.788,0.645,20305.0,59819.0,5181.0,8718.0,12584.0,19333.0,26358.0,7796.0,71812342.0,7647483470.0,7719295811.0
S0_normal,0.5,0.65,0.562,0.742,20305.0,53056.0,3700.0,10036.0,19510.0,18963.0,26492.0,7674.0,71817580.0,8020981828.0,8092799408.0
S0_normal,0.576,0.65,0.788,0.45,23373.0,53056.0,5181.0,6083.0,18915.0,19470.0,26192.0,8185.0,71826238.0,7995667732.0,8067493971.0
S0_normal,0.538,0.691,0.788,0.645,21839.0,56437.0,5181.0,8718.0,14432.0,18927.0,26432.0,7877.0,71828814.0,7749091931.0,7820920744.0
S0_normal,0.538,0.733,0.788,0.45,21839.0,59819.0,5181.0,6083.0,13686.0,19226.0,26568.0,7308.0,71829641.0,7708072254.0,7779901895.0
S0_normal,0.538,0.691,0.45,0.742,21839.0,56437.0,2960.0,10036.0,15334.0,18971.0,26506.0,7647.0,71831268.0,7787620252.0,7859451520.0
S0_normal,0.538,0.733,0.9,0.548,21839.0,59819.0,5921.0,7400.0,11628.0,19335.0,26552.0,7283.0,71831708.0,7598584587.0,7670416295.0
S0_normal,0.5,0.733,0.45,0.645,20305.0,59819.0,2960.0,8718.0,14804.0,19330.0,26392.0,7732.0,71834392.0,7758495461.0,7830329853.0
S0_normal,0.802,0.691,0.675,0.645,32578.0,56437.0,4440.0,8718.0,4433.0,20263.0,26036.0,8117.0,71839317.0,7195446039.0,7267285356.0
S0_normal,0.5,0.691,0.788,0.742,20305.0,56437.0,5181.0,10036.0,14648.0,18929.0,26496.0,7711.0,71839325.0,7760986816.0,7832826142.0
S0_normal,0.576,0.65,0.562,0.45,23373.0,53056.0,3700.0,6083.0,20395.0,19473.0,26203.0,8169.0,71839755.0,8069675726.0,8141515481.0
S0_normal,0.538,0.733,0.45,0.645,21839.0,59819.0,2960.0,8718.0,13270.0,19374.0,26388.0,7732.0,71846621.0,7674116905.0,7745963526.0
S0_normal,0.538,0.691,0.788,0.742,21839.0,56437.0,5181.0,10036.0,13114.0,18974.0,26492.0,7711.0,71851555.0,7676608261.0,7748459816.0
S0_normal,0.5,0.65,0.45,0.84,20305.0,53056.0,2960.0,11354.0,18932.0,18992.0,26649.0,7282.0,71865018.0,7985502155.0,8057367173.0
S0_normal,0.576,0.691,0.788,0.45,23373.0,56437.0,5181.0,6083.0,15533.0,19439.0,26218.0,8206.0,71883202.0,7809680715.0,7881563917.0
S0_normal,0.802,0.65,0.45,0.645,32578.0,53056.0,2960.0,8718.0,9294.0,20286.0,26087.0,8025.0,71887603.0,7455441050.0,7527328653.0
S0_normal,0.538,0.691,0.9,0.742,21839.0,56437.0,5921.0,10036.0,12374.0,18970.0,26520.0,7684.0,71888823.0,7639604264.0,7711493086.0
S0_normal,0.576,0.691,0.9,0.548,23373.0,56437.0,5921.0,7400.0,13475.0,19549.0,26205.0,8182.0,71891029.0,7700193048.0,7772084077.0
S0_normal,0.538,0.691,0.562,0.645,21839.0,56437.0,3700.0,8718.0,15912.0,18930.0,26469.0,7862.0,71896867.0,7823099925.0,7894996792.0
S0_normal,0.5,0.691,0.562,0.742,20305.0,56437.0,3700.0,10036.0,16128.0,18933.0,26533.0,7695.0,71907379.0,7834994811.0,7906902190.0
S0_normal,0.5,0.691,0.45,0.84,20305.0,56437.0,2960.0,11354.0,15550.0,18962.0,26675.0,7304.0,71921982.0,7799515138.0,7871437119.0
S0_normal,0.802,0.65,0.788,0.548,32578.0,53056.0,5181.0,7400.0,8392.0,20250.0,26267.0,7604.0,71929165.0,7416912729.0,7488841894.0
S0_normal,0.802,0.65,0.9,0.45,32578.0,53056.0,5921.0,6083.0,8970.0,20134.0,26308.0,7574.0,71933900.0,7452392402.0,7524326301.0
S0_normal,0.5,0.691,0.788,0.84,20305.0,56437.0,5181.0,11354.0,13330.0,18965.0,26661.0,7367.0,71942268.0,7688503146.0,7760445415.0
S0_normal,0.5,0.733,0.45,0.742,20305.0,59819.0,2960.0,10036.0,13486.0,19377.0,26494.0,7566.0,71945555.0,7686011791.0,7757957346.0
S0_normal,0.802,0.691,0.562,0.742,32578.0,56437.0,3700.0,10036.0,3855.0,20309.0,26147.0,7929.0,71952240.0,7159966366.0,7231918606.0
S0_normal,0.576,0.691,0.562,0.45,23373.0,56437.0,3700.0,6083.0,17013.0,19443.0,26255.0,8190.0,71952328.0,7883688709.0,7955641038.0
S0_normal,0.802,0.691,0.45,0.84,32578.0,56437.0,2960.0,11354.0,3277.0,20338.0,26293.0,7537.0,71977691.0,7124486693.0,7196464384.0
S0_normal,0.576,0.65,0.45,0.645,23373.0,53056.0,2960.0,8718.0,18499.0,19618.0,26077.0,8609.0,71982565.0,7961712383.0,8033694948.0
S0_normal,0.802,0.733,0.675,0.548,32578.0,59819.0,4440.0,7400.0,2369.0,20675.0,26218.0,7550.0,71995006.0,7081942692.0,7153937698.0
S0_normal,0.802,0.733,0.562,0.645,32578.0,59819.0,3700.0,8718.0,1791.0,20713.0,26050.0,8014.0,72014103.0,7046463019.0,7118477122.0
S0_normal,0.576,0.691,0.45,0.645,23373.0,56437.0,2960.0,8718.0,15118.0,19588.0,26093.0,8631.0,72017826.0,7775725367.0,7847743192.0
S0_normal,0.5,0.733,0.9,0.45,20305.0,59819.0,5921.0,6083.0,14480.0,19178.0,26683.0,7280.0,72028756.0,7755446812.0,7827475568.0
S0_normal,0.538,0.733,0.45,0.548,21839.0,59819.0,2960.0,7400.0,14588.0,19336.0,26659.0,7247.0,72030650.0,7746600575.0,7818631225.0
S0_normal,0.538,0.733,0.9,0.742,21839.0,59819.0,5921.0,10036.0,8992.0,19421.0,26513.0,7602.0,72036999.0,7453617247.0,7525654246.0
S0_normal,0.538,0.733,0.9,0.45,21839.0,59819.0,5921.0,6083.0,12946.0,19222.0,26678.0,7280.0,72040985.0,7671068257.0,7743109242.0
S0_normal,0.802,0.65,0.45,0.45,32578.0,53056.0,2960.0,6083.0,11930.0,20135.0,26377.0,7537.0,72052764.0,7600408390.0,7672461154.0
S0_normal,0.576,0.691,0.788,0.645,23373.0,56437.0,5181.0,8718.0,12897.0,19591.0,26089.0,8695.0,72059814.0,7664713375.0,7736773190.0
S0_normal,0.802,0.733,0.562,0.45,32578.0,59819.0,3700.0,6083.0,4427.0,20561.0,26290.0,7525.0,72073060.0,7191430359.0,7263503419.0
S0_normal,0.538,0.733,0.788,0.645,21839.0,59819.0,5181.0,8718.0,11050.0,19377.0,26478.0,7796.0,72088916.0,7563104914.0,7635193830.0
S0_normal,0.5,0.733,0.562,0.548,20305.0,59819.0,3700.0,7400.0,15382.0,19298.0,26681.0,7295.0,72095627.0,7793975134.0,7866070761.0
S0_normal,0.576,0.691,0.9,0.645,23373.0,56437.0,5921.0,8718.0,12157.0,19587.0,26117.0,8667.0,72097082.0,7627709378.0,7699806461.0
S0_normal,0.5,0.733,0.788,0.742,20305.0,59819.0,5181.0,10036.0,11266.0,19380.0,26542.0,7630.0,72099428.0,7574999800.0,7647099227.0
S0_normal,0.5,0.733,0.9,0.84,20305.0,59819.0,5921.0,11354.0,9208.0,19412.0,26682.0,7259.0,72127713.0,7465512132.0,7537639845.0
S0_normal,0.802,0.733,0.562,0.742,32578.0,59819.0,3700.0,10036.0,473.0,20760.0,26156.0,7847.0,72133976.0,6973979349.0,7046113325.0
S0_normal,0.538,0.65,0.9,0.645,21839.0,53056.0,5921.0,8718.0,17073.0,18953.0,26591.0,7828.0,72144242.0,7898074951.0,7970219193.0
S0_normal,0.802,0.733,0.675,0.645,32578.0,59819.0,4440.0,8718.0,1051.0,20713.0,26103.0,8036.0,72144362.0,7009459022.0,7081603384.0
S0_normal,0.802,0.65,0.788,0.645,32578.0,53056.0,5181.0,8718.0,7074.0,20289.0,26184.0,8089.0,72145683.0,7344429059.0,7416574741.0
S0_normal,0.802,0.65,0.45,0.548,32578.0,53056.0,2960.0,7400.0,10612.0,20248.0,26393.0,7540.0,72146448.0,7527924720.0,7600071168.0
S0_normal,0.802,0.733,0.562,0.548,32578.0,59819.0,3700.0,7400.0,3109.0,20674.0,26299.0,7528.0,72151337.0,7118946689.0,7191098026.0
S0_normal,0.5,0.65,0.9,0.742,20305.0,53056.0,5921.0,10036.0,17289.0,18956.0,26656.0,7662.0,72154754.0,7909969836.0,7982124590.0
S0_normal,0.538,0.733,0.45,0.742,21839.0,59819.0,2960.0,10036.0,11952.0,19422.0,26582.0,7566.0,72155863.0,7601633235.0,7673789099.0
S0_normal,0.5,0.733,0.675,0.45,20305.0,59819.0,4440.0,6083.0,15960.0,19186.0,26733.0,7314.0,72165784.0,7829454807.0,7901620591.0
S0_normal,0.576,0.65,0.9,0.45,23373.0,53056.0,5921.0,6083.0,18175.0,19466.0,26367.0,8157.0,72176928.0,7958663735.0,8030840663.0
S0_normal,0.576,0.691,0.45,0.742,23373.0,56437.0,2960.0,10036.0,13800.0,19635.0,26218.0,8464.0,72179913.0,7703241697.0,7775421610.0
S0_normal,0.802,0.65,0.9,0.548,32578.0,53056.0,5921.0,7400.0,7652.0,20247.0,26398.0,7576.0,72185759.0,7379908732.0,7452094491.0
S0_normal,0.802,0.733,0.675,0.45,32578.0,59819.0,4440.0,6083.0,3687.0,20562.0,26336.0,7548.0,72188658.0,7154426362.0,7226615020.0
S0_normal,0.576,0.691,0.788,0.548,23373.0,56437.0,5181.0,7400.0,14215.0,19552.0,26339.0,8209.0,72199227.0,7737197045.0,7809396272.0
S0_normal,0.576,0.65,0.788,0.548,23373.0,53056.0,5181.0,7400.0,17597.0,19583.0,26344.0,8188.0,72208582.0,7923184062.0,7995392644.0
S0_normal,0.576,0.733,0.9,0.645,23373.0,59819.0,5921.0,8718.0,8776.0,20038.0,26095.0,8586.0,72212119.0,7441722361.0,7513934480.0
S0_normal,0.576,0.691,0.9,0.45,23373.0,56437.0,5921.0,6083.0,14793.0,19436.0,26383.0,8179.0,72212190.0,7772676718.0,7844888908.0
S0_normal,0.538,0.733,0.9,0.645,21839.0,59819.0,5921.0,8718.0,10310.0,19374.0,26547.0,7769.0,72213959.0,7526100917.0,7598314876.0
S0_normal,0.576,0.65,0.562,0.548,23373.0,53056.0,3700.0,7400.0,19077.0,19586.0,26355.0,8172.0,72222098.0,7997192056.0,8069414155.0
S0_normal,0.538,0.733,0.562,0.548,21839.0,59819.0,3700.0,7400.0,13848.0,19342.0,26731.0,7295.0,72225501.0,7709596578.0,7781822079.0
S0_normal,0.538,0.65,0.675,0.645,21839.0,53056.0,4440.0,8718.0,18553.0,18961.0,26616.0,7862.0,72226734.0,7972082945.0,8044309679.0
S0_normal,0.5,0.899,0.788,0.548,20305.0,73345.0,5181.0,7400.0,376.0,21019.0,26337.0,7299.0,72227975.0,6976019072.0,7048247046.0
S0_normal,0.5,0.691,0.9,0.84,20305.0,56437.0,5921.0,11354.0,12590.0,18961.0,26806.0,7340.0,72228919.0,7651499149.0,7723728069.0
S0_normal,0.5,0.65,0.675,0.742,20305.0,53056.0,4440.0,10036.0,18769.0,18964.0,26680.0,7696.0,72237246.0,7983977830.0,8056215076.0
S0_normal,0.802,0.65,0.9,0.645,32578.0,53056.0,5921.0,8718.0,6334.0,20285.0,26239.0,8062.0,72239018.0,7307425062.0,7379664080.0
S0_normal,0.538,0.691,0.788,0.84,21839.0,56437.0,5181.0,11354.0,11796.0,19009.0,26790.0,7367.0,72240999.0,7604124591.0,7676365590.0
S0_normal,0.5,0.733,0.9,0.742,20305.0,59819.0,5921.0,10036.0,10526.0,19376.0,26622.0,7602.0,72247653.0,7537995802.0,7610243455.0
S0_normal,0.576,0.65,0.675,0.45,23373.0,53056.0,4440.0,6083.0,19655.0,19474.0,26392.0,8191.0,72259420.0,8032671729.0,8104931149.0
S0_normal,0.576,0.733,0.45,0.548,23373.0,59819.0,2960.0,7400.0,13054.0,20000.0,26316.0,8064.0,72261651.0,7662222020.0,7734483670.0
S0_normal,0.538,0.691,0.675,0.645,21839.0,56437.0,4440.0,8718.0,15172.0,18931.0,26632.0,7884.0,72261995.0,7786095928.0,7858357923.0
S0_normal,0.576,0.733,0.45,0.645,23373.0,59819.0,2960.0,8718.0,11736.0,20039.0,26139.0,8549.0,72277928.0,7589738350.0,7662016278.0
S0_normal,0.576,0.691,0.562,0.548,23373.0,56437.0,3700.0,7400.0,15695.0,19556.0,26381.0,8193.0,72279061.0,7811205039.0,7883484101.0
S0_normal,0.576,0.691,0.788,0.742,23373.0,56437.0,5181.0,10036.0,11579.0,19638.0,26243.0,8528.0,72282862.0,7592229705.0,7664512567.0
S0_normal,0.5,0.691,0.675,0.742,20305.0,56437.0,4440.0,10036.0,15388.0,18934.0,26706.0,7718.0,72294209.0,7797990814.0,7870285022.0
S0_normal,0.5,0.733,0.675,0.645,20305.0,59819.0,4440.0,8718.0,13324.0,19337.0,26588.0,7802.0,72309562.0,7684487467.0,7756797028.0
S0_normal,0.576,0.733,0.788,0.548,23373.0,59819.0,5181.0,7400.0,10834.0,20003.0,26322.0,8128.0,72324853.0,7551210028.0,7623534881.0
S0_normal,0.802,0.691,0.675,0.742,32578.0,56437.0,4440.0,10036.0,3115.0,20310.0,26325.0,7951.0,72349918.0,7122962369.0,7195312287.0
S0_normal,0.576,0.691,0.675,0.45,23373.0,56437.0,4440.0,6083.0,16273.0,19444.0,26444.0,8213.0,72371993.0,7846684712.0,7919056706.0
S0_normal,0.802,0.65,0.675,0.548,32578.0,53056.0,4440.0,7400.0,9132.0,20255.0,26484.0,7610.0,72398735.0,7453916726.0,7526315461.0
S0_normal,0.576,0.733,0.788,0.45,23373.0,59819.0,5181.0,6083.0,12152.0,19890.0,26384.0,8125.0,72399801.0,7623693698.0,7696093499.0
S0_normal,0.538,0.691,0.675,0.742,21839.0,56437.0,4440.0,10036.0,13854.0,18978.0,26757.0,7718.0,72424083.0,7713612258.0,7786036341.0
S0_normal,0.5,0.733,0.45,0.84,20305.0,59819.0,2960.0,11354.0,12169.0,19413.0,26841.0,7222.0,72438581.0,7613528121.0,7685966701.0
S0_normal,0.802,0.691,0.562,0.84,32578.0,56437.0,3700.0,11354.0,2537.0,20345.0,26496.0,7585.0,72449276.0,7087482696.0,7159931972.0
S0_normal,0.576,0.691,0.9,0.742,23373.0,56437.0,5921.0,10036.0,10839.0,19634.0,26334.0,8501.0,72454459.0,7555225708.0,7627680167.0
S0_normal,0.576,0.733,0.9,0.45,23373.0,59819.0,5921.0,6083.0,11411.0,19886.0,26429.0,8097.0,72472292.0,7586689701.0,7659161993.0
S0_normal,0.802,0.65,0.788,0.45,32578.0,53056.0,5181.0,6083.0,9710.0,20137.0,26552.0,7601.0,72477789.0,7489396399.0,7561874188.0
S0_normal,0.802,0.65,0.45,0.742,32578.0,53056.0,2960.0,10036.0,7976.0,20333.0,26414.0,7859.0,72479646.0,7382957380.0,7455437026.0
S0_normal,0.5,0.733,0.675,0.548,20305.0,59819.0,4440.0,7400.0,14642.0,19299.0,26859.0,7317.0,72493591.0,7756971137.0,7829464727.0
S0_normal,0.538,0.733,0.562,0.45,21839.0,59819.0,3700.0,6083.0,15166.0,19229.0,26886.0,7292.0,72495738.0,7782080248.0,7854575986.0
S0_normal,0.538,0.691,0.9,0.84,21839.0,56437.0,5921.0,11354.0,11056.0,19006.0,26925.0,7340.0,72505494.0,7567120594.0,7639626088.0
S0_normal,0.538,0.733,0.675,0.548,21839.0,59819.0,4440.0,7400.0,13108.0,19343.0,26855.0,7317.0,72505820.0,7672592581.0,7745098401.0
S0_normal,0.802,0.65,0.788,0.742,32578.0,53056.0,5181.0,10036.0,5756.0,20336.0,26406.0,7923.0,72513414.0,7271945389.0,7344458803.0
S0_normal,0.5,0.733,0.562,0.645,20305.0,59819.0,3700.0,8718.0,14064.0,19336.0,26694.0,7780.0,72517898.0,7721491464.0,7794009361.0
S0_normal,0.802,0.691,0.675,0.84,32578.0,56437.0,4440.0,11354.0,1797.0,20345.0,26529.0,7607.0,72537128.0,7050478699.0,7123015827.0
S0_normal,0.538,0.691,0.45,0.84,21839.0,56437.0,2960.0,11354.0,14016.0,19006.0,26955.0,7304.0,72540510.0,7715136582.0,7787677092.0
S0_normal,0.538,0.733,0.788,0.84,21839.0,59819.0,5181.0,11354.0,8414.0,19460.0,26857.0,7286.0,72544791.0,7418137574.0,7490682365.0
S0_normal,0.802,0.65,0.562,0.645,32578.0,53056.0,3700.0,8718.0,8554.0,20292.0,26379.0,8073.0,72550579.0,7418437053.0,7490987632.0
S0_normal,0.576,0.65,0.9,0.548,23373.0,53056.0,5921.0,7400.0,16857.0,19579.0,26519.0,8160.0,72559272.0,7886180065.0,7958739337.0
S0_normal,0.538,0.733,0.788,0.742,21839.0,59819.0,5181.0,10036.0,9732.0,19424.0,26758.0,7630.0,72580889.0,7490621244.0,7563202133.0
S0_normal,0.538,0.899,0.788,0.45,21839.0,73345.0,5181.0,6083.0,159.0,20951.0,26524.0,7296.0,72589359.0,6964124186.0,7036713545.0
S0_normal,0.576,0.733,0.788,0.645,23373.0,59819.0,5181.0,8718.0,9516.0,20041.0,26266.0,8613.0,72599930.0,7478726358.0,7551326288.0
S0_normal,0.576,0.733,0.9,0.548,23373.0,59819.0,5921.0,7400.0,10094.0,19999.0,26465.0,8100.0,72606508.0,7514206031.0,7586812539.0
S0_normal,0.538,0.65,0.788,0.742,21839.0,53056.0,5181.0,10036.0,16495.0,19004.0,26848.0,7689.0,72608220.0,7862595278.0,7935203498.0
S0_normal,0.538,0.733,0.675,0.645,21839.0,59819.0,4440.0,8718.0,11790.0,19382.0,26718.0,7802.0,72608292.0,7600108911.0,7672717203.0
S0_normal,0.5,0.733,0.675,0.742,20305.0,59819.0,4440.0,10036.0,12006.0,19384.0,26783.0,7636.0,72618804.0,7612003797.0,7684622601.0
S0_normal,0.802,0.65,0.9,0.742,32578.0,53056.0,5921.0,10036.0,5016.0,20332.0,26467.0,7896.0,72621426.0,7234941392.0,7307562818.0
S0_normal,0.538,0.65,0.562,0.742,21839.0,53056.0,3700.0,10036.0,17975.0,19008.0,26859.0,7674.0,72621737.0,7936603272.0,8009225009.0
S0_normal,0.538,0.733,0.562,0.645,21839.0,59819.0,3700.0,8718.0,12530.0,19381.0,26737.0,7780.0,72630014.0,7637112908.0,7709742922.0
S0_normal,0.576,0.691,0.675,0.645,23373.0,56437.0,4440.0,8718.0,13637.0,19595.0,26354.0,8701.0,72632342.0,7701717372.0,7774349715.0
S0_normal,0.5,0.733,0.562,0.742,20305.0,59819.0,3700.0,10036.0,12746.0,19384.0,26801.0,7614.0,72640526.0,7649007794.0,7721648319.0
S0_normal,0.576,0.65,0.675,0.548,23373.0,53056.0,4440.0,7400.0,18337.0,19587.0,26544.0,8194.0,72641763.0,7960188059.0,8032829823.0
S0_normal,0.5,0.899,0.9,0.45,20305.0,73345.0,5921.0,6083.0,953.0,20903.0,26571.0,7269.0,72645106.0,7011498745.0,7084143851.0
S0_normal,0.538,0.691,0.562,0.742,21839.0,56437.0,3700.0,10036.0,14594.0,18978.0,26875.0,7695.0,72656998.0,7750616255.0,7823273253.0
S0_normal,0.5,0.899,0.45,0.645,20305.0,73345.0,2960.0,8718.0,1278.0,21055.0,26382.0,7721.0,72666670.0,7014547393.0,7087214063.0
S0_normal,0.538,0.65,0.45,0.84,21839.0,53056.0,2960.0,11354.0,17398.0,19037.0,27016.0,7282.0,72669175.0,7901123599.0,7973792774.0
S0_normal,0.576,0.733,0.45,0.45,23373.0,59819.0,2960.0,6083.0,14372.0,19887.0,26536.0,8061.0,72671234.0,7734705690.0,7807376924.0
S0_normal,0.576,0.733,0.788,0.742,23373.0,59819.0,5181.0,10036.0,8198.0,20088.0,26350.0,8447.0,72672849.0,7406242688.0,7478915537.0
S0_normal,0.576,0.691,0.675,0.548,23373.0,56437.0,4440.0,7400.0,14955.0,19557.0,26560.0,8216.0,72677025.0,7774201042.0,7846878067.0
S0_normal,0.5,0.65,0.788,0.84,20305.0,53056.0,5181.0,11354.0,16711.0,18995.0,27017.0,7346.0,72698934.0,7874490163.0,7947189097.0
S0_normal,0.5,0.65,0.562,0.84,20305.0,53056.0,3700.0,11354.0,18192.0,18999.0,27028.0,7330.0,72712450.0,7948498158.0,8021210608.0
S0_normal,0.5,0.899,0.45,0.45,20305.0,73345.0,2960.0,6083.0,3914.0,20904.0,26625.0,7232.0,72732953.0,7159514733.0,7232247686.0
S0_normal,0.5,0.733,0.788,0.84,20305.0,59819.0,5181.0,11354.0,9948.0,19415.0,26962.0,7286.0,72746170.0,7502516130.0,7575262299.0
S0_normal,0.5,0.691,0.562,0.84,20305.0,56437.0,3700.0,11354.0,14810.0,18968.0,27044.0,7352.0,72747711.0,7762511141.0,7835258852.0
S0_normal,0.5,0.899,0.45,0.548,20305.0,73345.0,2960.0,7400.0,2596.0,21017.0,26606.0,7235.0,72750846.0,7087031063.0,7159781910.0
S0_normal,0.538,0.691,0.562,0.84,21839.0,56437.0,3700.0,11354.0,13276.0,19013.0,27039.0,7352.0,72759941.0,7678132585.0,7750892526.0
S0_normal,0.538,0.733,0.45,0.84,21839.0,59819.0,2960.0,11354.0,10634.0,19457.0,26982.0,7222.0,72762073.0,7529149565.0,7601911639.0
S0_normal,0.5,0.899,0.788,0.45,20305.0,73345.0,5181.0,6083.0,1694.0,20906.0,26616.0,7296.0,72763693.0,7048502742.0,7121266435.0
S0_normal,0.802,0.65,0.45,0.84,32578.0,53056.0,2960.0,11354.0,6658.0,20368.0,26663.0,7515.0,72763950.0,7310473710.0,7383237660.0
S0_normal,0.576,0.733,0.45,0.84,23373.0,59819.0,2960.0,11354.0,9100.0,20121.0,26535.0,8039.0,72770191.0,7444771010.0,7517541201.0
S0_normal,0.576,0.733,0.562,0.548,23373.0,59819.0,3700.0,7400.0,12314.0,20006.0,26548.0,8112.0,72795660.0,7625218023.0,7698013683.0
S0_normal,0.576,0.65,0.45,0.742,23373.0,53056.0,2960.0,10036.0,17181.0,19665.0,26509.0,8443.0,72797233.0,7889228714.0,7962025946.0
S0_normal,0.538,0.733,0.9,0.84,21839.0,59819.0,5921.0,11354.0,7674.0,19456.0,26988.0,7259.0,72801385.0,7381133577.0,7453934962.0
S0_normal,0.802,0.65,0.562,0.45,32578.0,53056.0,3700.0,6083.0,11190.0,20141.0,26715.0,7585.0,72814001.0,7563404393.0,7636218394.0
S0_normal,0.576,0.65,0.788,0.645,23373.0,53056.0,5181.0,8718.0,16279.0,19621.0,26445.0,8673.0,72816480.0,7850700392.0,7923516872.0
S0_normal,0.576,0.65,0.562,0.645,23373.0,53056.0,3700.0,8718.0,17759.0,19625.0,26456.0,8657.0,72829996.0,7924708386.0,7997538383.0
S0_normal,0.802,0.65,0.675,0.645,32578.0,53056.0,4440.0,8718.0,7814.0,20293.0,26512.0,8096.0,72850797.0,7381433056.0,7454283853.0
S0_normal,0.538,0.899,0.45,0.548,21839.0,73345.0,2960.0,7400.0,1062.0,21061.0,26648.0,7235.0,72862928.0,7002652508.0,7075515436.0
S0_normal,0.576,0.691,0.562,0.645,23373.0,56437.0,3700.0,8718.0,14378.0,19595.0,26472.0,8679.0,72865257.0,7738721369.0,7811586627.0
S0_normal,0.576,0.733,0.562,0.45,23373.0,59819.0,3700.0,6083.0,13632.0,19894.0,26608.0,8109.0,72866085.0,7697701693.0,7770567778.0
S0_normal,0.576,0.733,0.45,0.742,23373.0,59819.0,2960.0,10036.0,10418.0,20086.0,26464.0,8383.0,72866949.0,7517254680.0,7590121629.0
S0_normal,0.576,0.691,0.45,0.84,23373.0,56437.0,2960.0,11354.0,12482.0,19671.0,26659.0,8121.0,72871398.0,7630758027.0,7703629424.0
S0_normal,0.802,0.65,0.562,0.548,32578.0,53056.0,3700.0,7400.0,9872.0,20254.0,26715.0,7588.0,72873649.0,7490920723.0,7563794372.0
S0_normal,0.576,0.691,0.562,0.742,23373.0,56437.0,3700.0,10036.0,13060.0,19642.0,26532.0,8513.0,72887999.0,7666237700.0,7739125698.0
S0_normal,0.538,0.65,0.9,0.742,21839.0,53056.0,5921.0,10036.0,15755.0,19001.0,26997.0,7662.0,72903300.0,7825591281.0,7898494581.0
S0_normal,0.538,0.733,0.675,0.45,21839.0,59819.0,4440.0,6083.0,14426.0,19230.0,27074.0,7314.0,72915403.0,7745076251.0,7817991654.0
S0_normal,0.538,0.733,0.562,0.742,21839.0,59819.0,3700.0,10036.0,11212.0,19428.0,26920.0,7614.0,72917100.0,7564629238.0,7637546338.0
S0_normal,0.576,0.733,0.9,0.742,23373.0,59819.0,5921.0,10036.0,7458.0,20085.0,26478.0,8420.0,72924561.0,7369238691.0,7442163253.0
S0_normal,0.576,0.691,0.788,0.84,23373.0,56437.0,5181.0,11354.0,10262.0,19673.0,26662.0,8185.0,72929604.0,7519746035.0,7592675639.0
S0_normal,0.576,0.733,0.675,0.548,23373.0,59819.0,4440.0,7400.0,11574.0,20007.0,26606.0,8134.0,72937127.0,7588214025.0,7661151153.0
S0_normal,0.538,0.899,0.45,0.45,21839.0,73345.0,2960.0,6083.0,2380.0,20948.0,26712.0,7232.0,72939126.0,7075136178.0,7148075304.0
S0_normal,0.538,0.899,0.562,0.548,21839.0,73345.0,3700.0,7400.0,322.0,21067.0,26687.0,7283.0,72985219.0,6965648510.0,7038633729.0
S0_normal,0.576,0.691,0.675,0.742,23373.0,56437.0,4440.0,10036.0,12320.0,19642.0,26573.0,8535.0,72994242.0,7629233702.0,7702227944.0
S0_normal,0.802,0.65,0.788,0.84,32578.0,53056.0,5181.0,11354.0,4438.0,20371.0,26752.0,7579.0,73003100.0,7199461719.0,7272464819.0
S0_normal,0.5,0.691,0.675,0.84,20305.0,56437.0,4440.0,11354.0,14070.0,18969.0,27155.0,7374.0,73003451.0,7725507144.0,7798510594.0
S0_normal,0.5,0.733,0.562,0.84,20305.0,59819.0,3700.0,11354.0,11428.0,19419.0,27089.0,7270.0,73007814.0,7576524124.0,7649531938.0
S0_normal,0.802,0.65,0.675,0.45,32578.0,53056.0,4440.0,6083.0,10450.0,20142.0,26798.0,7607.0,73008019.0,7526400396.0,7599408415.0
S0_normal,0.538,0.733,0.675,0.84,21839.0,59819.0,4440.0,11354.0,9154.0,19464.0,27074.0,7293.0,73014360.0,7455141571.0,7528155931.0
S0_normal,0.576,0.691,0.9,0.84,23373.0,56437.0,5921.0,11354.0,9522.0,19670.0,26714.0,8157.0,73016507.0,7482742038.0,7555758546.0
S0_normal,0.5,0.65,0.9,0.84,20305.0,53056.0,5921.0,11354.0,15971.0,18992.0,27181.0,7319.0,73026849.0,7837486166.0,7910513015.0
S0_normal,0.538,0.65,0.675,0.742,21839.0,53056.0,4440.0,10036.0,17235.0,19008.0,27048.0,7696.0,73041402.0,7899599275.0,7972640677.0
S0_normal,0.802,0.65,0.9,0.84,32578.0,53056.0,5921.0,11354.0,3698.0,20368.0,26784.0,7552.0,73049723.0,7162457722.0,7235507445.0
S0_normal,0.764,0.691,0.45,0.548,31044.0,56437.0,2960.0,7400.0,8765.0,19913.0,26023.0,9961.0,73056313.0,7426316259.0,7499372571.0
S0_normal,0.576,0.733,0.788,0.84,23373.0,59819.0,5181.0,11354.0,6880.0,20124.0,26655.0,8103.0,73077198.0,7333759018.0,7406836216.0
S0_normal,0.576,0.733,0.9,0.84,23373.0,59819.0,5921.0,11354.0,6140.0,20120.0,26679.0,8076.0,73105500.0,7296755021.0,7369860521.0
S0_normal,0.538,0.733,0.675,0.742,21839.0,59819.0,4440.0,10036.0,10472.0,19429.0,27003.0,7636.0,73111118.0,7527625241.0,7600736360.0
S0_normal,0.576,0.65,0.9,0.645,23373.0,53056.0,5921.0,8718.0,15539.0,19618.0,26594.0,8646.0,73111560.0,7813696395.0,7886807955.0
S0_normal,0.538,0.691,0.675,0.84,21839.0,56437.0,4440.0,11354.0,12536.0,19014.0,27198.0,7374.0,73115567.0,7641128588.0,7714244155.0
S0_normal,0.576,0.733,0.562,0.645,23373.0,59819.0,3700.0,8718.0,10996.0,20045.0,26518.0,8597.0,73125360.0,7552734353.0,7625859713.0
S0_normal,0.5,0.65,0.675,0.84,20305.0,53056.0,4440.0,11354.0,17452.0,18999.0,27216.0,7352.0,73132115.0,7911494160.0,7984626276.0
S0_normal,0.802,0.65,0.562,0.742,32578.0,53056.0,3700.0,10036.0,7236.0,20339.0,26702.0,7907.0,73133728.0,7345953383.0,7419087112.0
S0_normal,0.802,0.65,0.675,0.742,32578.0,53056.0,4440.0,10036.0,6496.0,20340.0,26695.0,7929.0,73136177.0,7308949386.0,7382085563.0
S0_normal,0.576,0.733,0.675,0.742,23373.0,59819.0,4440.0,10036.0,8938.0,20093.0,26567.0,8453.0,73142418.0,7443246686.0,7516389104.0
S0_normal,0.576,0.733,0.675,0.45,23373.0,59819.0,4440.0,6083.0,12892.0,19894.0,26732.0,8131.0,73146404.0,7660697695.0,7733844099.0
S0_normal,0.84,0.774,0.45,0.45,34112.0,63201.0,2960.0,6083.0,251.0,21566.0,26536.0,7625.0,73176001.0,6958068784.0,7031244785.0
S0_normal,0.576,0.691,0.562,0.84,23373.0,56437.0,3700.0,11354.0,11742.0,19677.0,26790.0,8169.0,73191248.0,7593754030.0,7666945277.0
S0_normal,0.576,0.899,0.45,0.45,23373.0,73345.0,2960.0,6083.0,845.0,21612.0,26385.0,8050.0,73204519.0,6990757622.0,7063962141.0
S0_normal,0.764,0.691,0.788,0.548,31044.0,56437.0,5181.0,7400.0,6544.0,19916.0,26085.0,10025.0,73238245.0,7315304268.0,7388542513.0
S0_normal,0.5,0.733,0.675,0.84,20305.0,59819.0,4440.0,11354.0,10688.0,19420.0,27194.0,7293.0,73248386.0,7539520127.0,7612768512.0
S0_normal,0.576,0.65,0.675,0.645,23373.0,53056.0,4440.0,8718.0,17019.0,19625.0,26645.0,8679.0,73249661.0,7887704389.0,7960954051.0
S0_normal,0.5,0.899,0.562,0.645,20305.0,73345.0,3700.0,8718.0,538.0,21061.0,26643.0,7769.0,73261715.0,6977543396.0,7050805111.0
S0_normal,0.576,0.733,0.675,0.645,23373.0,59819.0,4440.0,8718.0,10256.0,20046.0,26590.0,8620.0,73296897.0,7515730355.0,7589027253.0
S0_normal,0.5,0.899,0.675,0.548,20305.0,73345.0,4440.0,7400.0,1116.0,21024.0,26849.0,7306.0,73325869.0,7013023069.0,7086348938.0
S0_normal,0.5,0.899,0.562,0.548,20305.0,73345.0,3700.0,7400.0,1856.0,21023.0,26858.0,7283.0,73327441.0,7050027066.0,7123354507.0
S0_normal,0.764,0.691,0.788,0.45,31044.0,56437.0,5181.0,6083.0,7862.0,19803.0,26182.0,10022.0,73385189.0,7387787937.0,7461173126.0
S0_normal,0.764,0.691,0.9,0.548,31044.0,56437.0,5921.0,7400.0,5804.0,19912.0,26171.0,9997.0,73399353.0,7278300270.0,7351699623.0
S0_normal,0.5,0.899,0.675,0.45,20305.0,73345.0,4440.0,6083.0,2434.0,20911.0,26912.0,7303.0,73402067.0,7085506739.0,7158908806.0
S0_normal,0.5,0.857,0.45,0.548,20305.0,69964.0,2960.0,7400.0,5977.0,20305.0,27072.0,7255.0,73402246.0,7273018080.0,7346420326.0
S0_normal,0.538,0.65,0.788,0.84,21839.0,53056.0,5181.0,11354.0,15177.0,19039.0,27347.0,7346.0,73425778.0,7790111608.0,7863537386.0
S0_normal,0.802,0.65,0.562,0.84,32578.0,53056.0,3700.0,11354.0,5918.0,20375.0,26955.0,7563.0,73425907.0,7273469713.0,7346895620.0
S0_normal,0.764,0.691,0.788,0.645,31044.0,56437.0,5181.0,8718.0,5227.0,19954.0,25992.0,10510.0,73433858.0,7242820598.0,7316254456.0
S0_normal,0.538,0.899,0.562,0.45,21839.0,73345.0,3700.0,6083.0,1640.0,20954.0,26928.0,7281.0,73439139.0,7038132180.0,7111571319.0
S0_normal,0.538,0.899,0.675,0.45,21839.0,73345.0,4440.0,6083.0,899.0,20955.0,26924.0,7303.0,73448688.0,7001128183.0,7074576871.0
S0_normal,0.764,0.691,0.9,0.45,31044.0,56437.0,5921.0,6083.0,7122.0,19799.0,26229.0,9994.0,73463946.0,7350783940.0,7424247886.0
S0_normal,0.538,0.733,0.562,0.84,21839.0,59819.0,3700.0,11354.0,9894.0,19463.0,27305.0,7270.0,73489274.0,7492145568.0,7565634843.0
S0_normal,0.538,0.65,0.562,0.84,21839.0,53056.0,3700.0,11354.0,16658.0,19043.0,27395.0,7330.0,73516606.0,7864119602.0,7937636208.0
S0_normal,0.651,0.691,0.9,0.645,26442.0,56437.0,5921.0,8718.0,9089.0,19936.0,26082.0,10390.0,73521920.0,7458952267.0,7532474187.0
S0_normal,0.5,0.857,0.788,0.548,20305.0,69964.0,5181.0,7400.0,3757.0,20308.0,27105.0,7319.0,73522804.0,7162006089.0,7235528892.0
S0_normal,0.538,0.857,0.9,0.645,21839.0,69964.0,5921.0,8718.0,165.0,20387.0,26922.0,7777.0,73525869.0,6968139866.0,7041665735.0
S0_normal,0.651,0.691,0.45,0.548,26442.0,56437.0,2960.0,7400.0,13367.0,19898.0,26287.0,9868.0,73538312.0,7679451925.0,7752990237.0
S0_normal,0.576,0.65,0.788,0.742,23373.0,53056.0,5181.0,10036.0,14961.0,19668.0,26840.0,8507.0,73553836.0,7778216722.0,7851770558.0
S0_normal,0.5,0.857,0.788,0.645,20305.0,69964.0,5181.0,8718.0,2439.0,20346.0,26935.0,7804.0,73554706.0,7089522419.0,7163077125.0
S0_normal,0.5,0.899,0.562,0.45,20305.0,73345.0,3700.0,6083.0,3174.0,20910.0,26994.0,7281.0,73558398.0,7122510736.0,7196069134.0
S0_normal,0.764,0.691,0.45,0.645,31044.0,56437.0,2960.0,8718.0,7447.0,19952.0,26076.0,10446.0,73561985.0,7353832589.0,7427394574.0
S0_normal,0.576,0.733,0.562,0.84,23373.0,59819.0,3700.0,11354.0,8360.0,20127.0,26897.0,8087.0,73581235.0,7407767013.0,7481348247.0
S0_normal,0.5,0.857,0.9,0.742,20305.0,69964.0,5921.0,10036.0,381.0,20390.0,27015.0,7611.0,73596809.0,6980034752.0,7053631561.0
S0_normal,0.802,0.65,0.675,0.84,32578.0,53056.0,4440.0,11354.0,5178.0,20376.0,27028.0,7586.0,73598787.0,7236465716.0,7310064503.0
S0_normal,0.5,0.857,0.45,0.645,20305.0,69964.0,2960.0,8718.0,4660.0,20344.0,26981.0,7741.0,73600853.0,7200534410.0,7274135263.0
S0_normal,0.538,0.857,0.788,0.645,21839.0,69964.0,5181.0,8718.0,905.0,20391.0,26947.0,7804.0,73601326.0,7005143863.0,7078745190.0
S0_normal,0.764,0.691,0.9,0.645,31044.0,56437.0,5921.0,8718.0,4487.0,19951.0,26082.0,10483.0,73602067.0,7205816600.0,7279418668.0
S0_normal,0.576,0.899,0.562,0.45,23373.0,73345.0,3700.0,6083.0,105.0,21618.0,26554.0,8098.0,73604931.0,6953753625.0,7027358556.0
S0_normal,0.5,0.857,0.788,0.45,20305.0,69964.0,5181.0,6083.0,5075.0,20195.0,27172.0,7316.0,73607033.0,7234489759.0,7308096792.0
S0_normal,0.576,0.691,0.675,0.84,23373.0,56437.0,4440.0,11354.0,11002.0,19678.0,26979.0,8191.0,73610913.0,7556750032.0,7630360945.0
S0_normal,0.613,0.65,0.45,0.45,24907.0,53056.0,2960.0,6083.0,19601.0,19663.0,26178.0,10417.0,73611296.0,8022301168.0,8095912464.0
S0_normal,0.576,0.733,0.562,0.742,23373.0,59819.0,3700.0,10036.0,9678.0,20092.0,26798.0,8431.0,73617332.0,7480250683.0,7553868015.0
S0_normal,0.689,0.691,0.9,0.548,27976.0,56437.0,5921.0,7400.0,8873.0,19925.0,26271.0,9997.0,73617609.0,7447057382.0,7520674990.0
S0_normal,0.5,0.857,0.45,0.45,20305.0,69964.0,2960.0,6083.0,7295.0,20192.0,27203.0,7252.0,73622593.0,7345501750.0,7419124343.0
S0_normal,0.651,0.691,0.45,0.645,26442.0,56437.0,2960.0,8718.0,12049.0,19937.0,26150.0,10353.0,73640784.0,7606968255.0,7680609039.0
S0_normal,0.576,0.65,0.562,0.742,23373.0,53056.0,3700.0,10036.0,16441.0,19672.0,26888.0,8491.0,73644664.0,7852224716.0,7925869381.0
S0_normal,0.764,0.691,0.45,0.742,31044.0,56437.0,2960.0,10036.0,6129.0,19999.0,26173.0,10280.0,73662722.0,7281348919.0,7355011641.0
S0_normal,0.764,0.733,0.45,0.45,31044.0,59819.0,2960.0,6083.0,6701.0,20251.0,26261.0,9876.0,73665636.0,7312812912.0,7386478548.0
S0_normal,0.576,0.65,0.45,0.84,23373.0,53056.0,2960.0,11354.0,15863.0,19701.0,27034.0,8099.0,73669328.0,7816745044.0,7890414371.0
S0_normal,0.764,0.691,0.45,0.45,31044.0,56437.0,2960.0,6083.0,10083.0,19800.0,26342.0,9958.0,73676256.0,7498799929.0,7572476185.0
S0_normal,0.538,0.857,0.788,0.548,21839.0,69964.0,5181.0,7400.0,2223.0,20352.0,27177.0,7319.0,73699514.0,7077627533.0,7151327047.0
S0_normal,0.5,0.857,0.9,0.645,20305.0,69964.0,5921.0,8718.0,1699.0,20343.0,27014.0,7777.0,73700203.0,7052518422.0,7126218625.0
S0_normal,0.764,0.691,0.562,0.45,31044.0,56437.0,3700.0,6083.0,9343.0,19807.0,26336.0,10006.0,73702608.0,7461795932.0,7535498539.0
S0_normal,0.538,0.857,0.9,0.548,21839.0,69964.0,5921.0,7400.0,1483.0,20349.0,27193.0,7292.0,73710889.0,7040623536.0,7114334425.0
S0_normal,0.613,0.691,0.45,0.45,24907.0,56437.0,2960.0,6083.0,16219.0,19633.0,26230.0,10438.0,73723869.0,7836314151.0,7910038020.0
S0_normal,0.689,0.691,0.45,0.548,27976.0,56437.0,2960.0,7400.0,11833.0,19926.0,26340.0,9961.0,73736473.0,7595073370.0,7668809843.0
S0_normal,0.651,0.691,0.9,0.45,26442.0,56437.0,5921.0,6083.0,11725.0,19785.0,26400.0,9901.0,73748953.0,7603919607.0,7677668560.0
S0_normal,0.727,0.691,0.788,0.45,29510.0,56437.0,5181.0,6083.0,9397.0,19938.0,26324.0,10022.0,73756719.0,7472166493.0,7545923212.0
S0_normal,0.764,0.733,0.9,0.548,31044.0,59819.0,5921.0,7400.0,2423.0,20363.0,26263.0,9916.0,73757756.0,7092313254.0,7166071010.0
S0_normal,0.727,0.691,0.45,0.645,29510.0,56437.0,2960.0,8718.0,8981.0,20087.0,26140.0,10446.0,73764979.0,7438211144.0,7511976123.0
S0_normal,0.538,0.65,0.9,0.84,21839.0,53056.0,5921.0,11354.0,14437.0,19036.0,27523.0,7319.0,73776468.0,7753107611.0,7826884078.0
S0_normal,0.764,0.733,0.45,0.645,31044.0,59819.0,2960.0,8718.0,4065.0,20402.0,26102.0,10365.0,73779032.0,7167845572.0,7241624604.0
S0_normal,0.651,0.691,0.788,0.548,26442.0,56437.0,5181.0,7400.0,11147.0,19901.0,26377.0,9932.0,73780607.0,7568439934.0,7642220541.0
S0_normal,0.764,0.691,0.788,0.742,31044.0,56437.0,5181.0,10036.0,3909.0,20001.0,26206.0,10344.0,73783965.0,7170336928.0,7244120893.0
S0_normal,0.5,0.857,0.9,0.45,20305.0,69964.0,5921.0,6083.0,4335.0,20191.0,27271.0,7289.0,73795217.0,7197485762.0,7271280978.0
S0_normal,0.576,0.65,0.788,0.84,23373.0,53056.0,5181.0,11354.0,13643.0,19704.0,27070.0,8163.0,73796125.0,7705733052.0,7779529177.0
S0_normal,0.538,0.857,0.45,0.548,21839.0,69964.0,2960.0,7400.0,4443.0,20349.0,27247.0,7255.0,73797111.0,7188639524.0,7262436636.0
S0_normal,0.538,0.857,0.45,0.45,21839.0,69964.0,2960.0,6083.0,5761.0,20236.0,27285.0,7252.0,73819951.0,7261123194.0,7334943146.0
S0_normal,0.651,0.733,0.788,0.45,26442.0,59819.0,5181.0,6083.0,9083.0,20239.0,26349.0,9847.0,73824638.0,7454936587.0,7528761225.0
S0_normal,0.689,0.691,0.788,0.645,27976.0,56437.0,5181.0,8718.0,8295.0,19967.0,26179.0,10510.0,73838428.0,7411577709.0,7485416137.0
S0_normal,0.764,0.733,0.45,0.548,31044.0,59819.0,2960.0,7400.0,5383.0,20364.0,26321.0,9879.0,73852904.0,7240329242.0,7314182146.0
S0_normal,0.689,0.691,0.45,0.742,27976.0,56437.0,2960.0,10036.0,9197.0,20012.0,26260.0,10280.0,73855569.0,7450106030.0,7523961599.0
S0_normal,0.689,0.691,0.45,0.45,27976.0,56437.0,2960.0,6083.0,13151.0,19813.0,26425.0,9958.0,73859555.0,7667557040.0,7741416595.0
S0_normal,0.576,0.65,0.9,0.742,23373.0,53056.0,5921.0,10036.0,14221.0,19665.0,26995.0,8479.0,73859910.0,7741212725.0,7815072635.0
S0_normal,0.764,0.691,0.562,0.548,31044.0,56437.0,3700.0,7400.0,8025.0,19920.0,26383.0,10009.0,73862327.0,7389312262.0,7463174588.0
S0_normal,0.764,0.691,0.562,0.645,31044.0,56437.0,3700.0,8718.0,6707.0,19958.0,26201.0,10494.0,73868202.0,7316828592.0,7390696794.0
S0_normal,0.5,0.857,0.9,0.548,20305.0,69964.0,5921.0,7400.0,3017.0,20304.0,27280.0,7292.0,73873494.0,7125002092.0,7198875585.0
S0_normal,0.764,0.733,0.788,0.45,31044.0,59819.0,5181.0,6083.0,4481.0,20253.0,26349.0,9940.0,73904785.0,7201800921.0,7275705706.0
S0_normal,0.651,0.691,0.9,0.548,26442.0,56437.0,5921.0,7400.0,10407.0,19898.0,26446.0,9904.0,73905650.0,7531435937.0,7605341587.0
S0_normal,0.576,0.733,0.675,0.84,23373.0,59819.0,4440.0,11354.0,7620.0,20128.0,27041.0,8110.0,73906804.0,7370763016.0,7444669819.0
S0_normal,0.764,0.733,0.9,0.645,31044.0,59819.0,5921.0,8718.0,1105.0,20401.0,26149.0,10401.0,73907112.0,7019829584.0,7093736696.0
S0_normal,0.5,0.857,0.788,0.742,20305.0,69964.0,5181.0,10036.0,1121.0,20393.0,27152.0,7638.0,73910832.0,7017038749.0,7090949581.0
S0_normal,0.651,0.65,0.45,0.45,26442.0,53056.0,2960.0,6083.0,18067.0,19816.0,26491.0,9843.0,73912633.0,7937922612.0,8011835246.0
S0_normal,0.538,0.65,0.675,0.84,21839.0,53056.0,4440.0,11354.0,15917.0,19044.0,27573.0,7352.0,73913497.0,7827115605.0,7901029102.0
S0_normal,0.613,0.691,0.9,0.548,24907.0,56437.0,5921.0,7400.0,11941.0,19746.0,26279.0,10478.0,73916154.0,7615814493.0,7689730646.0
S0_normal,0.689,0.691,0.788,0.45,27976.0,56437.0,5181.0,6083.0,10931.0,19816.0,26431.0,10022.0,73922757.0,7556545049.0,7630467805.0
S0_normal,0.651,0.691,0.788,0.45,26442.0,56437.0,5181.0,6083.0,12465.0,19788.0,26473.0,9929.0,73925844.0,7640923604.0,7714849449.0
S0_normal,0.727,0.691,0.9,0.45,29510.0,56437.0,5921.0,6083.0,8656.0,19935.0,26415.0,9994.0,73926202.0,7435162496.0,7509088698.0
S0_normal,0.764,0.691,0.675,0.45,31044.0,56437.0,4440.0,6083.0,8602.0,19807.0,26439.0,10028.0,73941066.0,7424791935.0,7498733000.0
S0_normal,0.538,0.857,0.788,0.45,21839.0,69964.0,5181.0,6083.0,3541.0,20239.0,27320.0,7316.0,73944616.0,7150111203.0,7224055819.0
S0_normal,0.651,0.733,0.45,0.645,26442.0,59819.0,2960.0,8718.0,8668.0,20387.0,26218.0,10272.0,73947824.0,7420981239.0,7494929062.0
S0_normal,0.651,0.691,0.45,0.45,26442.0,56437.0,2960.0,6083.0,14685.0,19786.0,26507.0,9865.0,73947895.0,7751935595.0,7825883490.0
S0_normal,0.651,0.691,0.788,0.742,26442.0,56437.0,5181.0,10036.0,8511.0,19987.0,26321.0,10251.0,73949509.0,7423472594.0,7497422104.0
S0_normal,0.764,0.733,0.9,0.45,31044.0,59819.0,5921.0,6083.0,3741.0,20250.0,26382.0,9913.0,73951408.0,7164796923.0,7238748332.0
S0_normal,0.727,0.691,0.788,0.548,29510.0,56437.0,5181.0,7400.0,8079.0,20051.0,26390.0,10025.0,73954608.0,7399682823.0,7473637431.0
S0_normal,0.5,0.816,0.45,0.548,20305.0,66582.0,2960.0,7400.0,9359.0,19998.0,27414.0,7255.0,73977196.0,7459005097.0,7532982293.0
S0_normal,0.764,0.733,0.788,0.645,31044.0,59819.0,5181.0,8718.0,1845.0,20405.0,26172.0,10428.0,73977660.0,7056833581.0,7130811240.0
S0_normal,0.764,0.733,0.788,0.548,31044.0,59819.0,5181.0,7400.0,3163.0,20366.0,26359.0,9943.0,73983062.0,7129317251.0,7203300313.0
S0_normal,0.613,0.691,0.45,0.645,24907.0,56437.0,2960.0,8718.0,13583.0,19785.0,26140.0,10927.0,73984219.0,7691346811.0,7765331030.0
S0_normal,0.538,0.857,0.9,0.45,21839.0,69964.0,5921.0,6083.0,2801.0,20236.0,27352.0,7289.0,73989429.0,7113107206.0,7187096635.0
S0_normal,0.727,0.691,0.45,0.45,29510.0,56437.0,2960.0,6083.0,11617.0,19936.0,26459.0,9958.0,73992012.0,7583178484.0,7657170496.0
S0_normal,0.613,0.65,0.45,0.548,24907.0,53056.0,2960.0,7400.0,18283.0,19776.0,26330.0,10420.0,73993640.0,7949817498.0,8023811138.0
S0_normal,0.613,0.691,0.788,0.548,24907.0,56437.0,5181.0,7400.0,12681.0,19749.0,26311.0,10505.0,74006851.0,7652818490.0,7726825340.0
S0_normal,0.576,0.65,0.9,0.84,23373.0,53056.0,5921.0,11354.0,12903.0,19700.0,27180.0,8136.0,74007469.0,7668729055.0,7742736524.0
S0_normal,0.576,0.65,0.675,0.742,23373.0,53056.0,4440.0,10036.0,15701.0,19673.0,27050.0,8513.0,74008719.0,7815220719.0,7889229438.0
S0_normal,0.689,0.691,0.788,0.548,27976.0,56437.0,5181.0,7400.0,9613.0,19929.0,26447.0,10025.0,74015437.0,7484061379.0,7558076816.0
S0_normal,0.576,0.857,0.788,0.548,23373.0,69964.0,5181.0,7400.0,689.0,21016.0,26875.0,8136.0,74016356.0,6993248978.0,7067265334.0
S0_normal,0.5,0.857,0.562,0.548,20305.0,69964.0,3700.0,7400.0,5237.0,20311.0,27344.0,7303.0,74022868.0,7236014083.0,7310036950.0
S0_normal,0.613,0.691,0.45,0.548,24907.0,56437.0,2960.0,7400.0,14901.0,19746.0,26345.0,10441.0,74028901.0,7763830481.0,7837859382.0
S0_normal,0.613,0.691,0.9,0.45,24907.0,56437.0,5921.0,6083.0,13259.0,19633.0,26365.0,10475.0,74039236.0,7688298163.0,7762337398.0
S0_normal,0.689,0.733,0.45,0.548,27976.0,59819.0,2960.0,7400.0,8451.0,20377.0,26406.0,9879.0,74040265.0,7409086353.0,7483126618.0
S0_normal,0.5,0.857,0.562,0.45,20305.0,69964.0,3700.0,6083.0,6555.0,20198.0,27386.0,7300.0,74052809.0,7308497753.0,7382550562.0
S0_normal,0.613,0.733,0.788,0.548,24907.0,59819.0,5181.0,7400.0,9300.0,20199.0,26257.0,10424.0,74053711.0,7466831473.0,7540885184.0
S0_normal,0.689,0.691,0.45,0.645,27976.0,56437.0,2960.0,8718.0,10515.0,19965.0,26305.0,10446.0,74055711.0,7522589700.0,7596645411.0
S0_normal,0.689,0.733,0.788,0.548,27976.0,59819.0,5181.0,7400.0,6231.0,20379.0,26392.0,9943.0,74061272.0,7298074362.0,7372135633.0
S0_normal,0.651,0.691,0.788,0.645,26442.0,56437.0,5181.0,8718.0,9829.0,19940.0,26326.0,10417.0,74065809.0,7495956264.0,7570022073.0
S0_normal,0.727,0.691,0.788,0.645,29510.0,56437.0,5181.0,8718.0,6761.0,20090.0,26260.0,10510.0,74071985.0,7327199153.0,7401271138.0
S0_normal,0.727,0.691,0.9,0.548,29510.0,56437.0,5921.0,7400.0,7339.0,20048.0,26456.0,9997.0,74073779.0,7362678826.0,7436752605.0
S0_normal,0.651,0.733,0.788,0.548,26442.0,59819.0,5181.0,7400.0,7765.0,20352.0,26439.0,9850.0,74076498.0,7382452917.0,7456529415.0
S0_normal,0.727,0.691,0.9,0.645,29510.0,56437.0,5921.0,8718.0,6021.0,20086.0,26274.0,10483.0,74078986.0,7290195156.0,7364274142.0
S0_normal,0.613,0.691,0.788,0.645,24907.0,56437.0,5181.0,8718.0,11363.0,19787.0,26165.0,10991.0,74087167.0,7580334820.0,7654421987.0
S0_normal,0.764,0.691,0.675,0.548,31044.0,56437.0,4440.0,7400.0,7285.0,19920.0,26481.0,10031.0,74088643.0,7352308265.0,7426396907.0
S0_normal,0.689,0.691,0.9,0.645,27976.0,56437.0,5921.0,8718.0,7555.0,19964.0,26308.0,10483.0,74090141.0,7374573712.0,7448663852.0
S0_normal,0.764,0.691,0.675,0.645,31044.0,56437.0,4440.0,8718.0,5967.0,19959.0,26299.0,10516.0,74093849.0,7279824595.0,7353918444.0
S0_normal,0.538,0.857,0.45,0.645,21839.0,69964.0,2960.0,8718.0,3125.0,20388.0,27205.0,7741.0,74100942.0,7116155855.0,7190256797.0
S0_normal,0.5,0.857,0.45,0.742,20305.0,69964.0,2960.0,10036.0,3342.0,20391.0,27269.0,7574.0,74111454.0,7128050740.0,7202162194.0
S0_normal,0.764,0.691,0.9,0.742,31044.0,56437.0,5921.0,10036.0,3169.0,19998.0,26371.0,10316.0,74112668.0,7133332930.0,7207445599.0
S0_normal,0.764,0.733,0.788,0.742,31044.0,59819.0,5181.0,10036.0,527.0,20452.0,26287.0,10262.0,74118704.0,6984349911.0,7058468615.0
S0_normal,0.651,0.733,0.788,0.645,26442.0,59819.0,5181.0,8718.0,6447.0,20390.0,26280.0,10336.0,74129756.0,7309969247.0,7384099003.0
S0_normal,0.651,0.733,0.9,0.548,26442.0,59819.0,5921.0,7400.0,7025.0,20348.0,26475.0,9823.0,74129903.0,7345448920.0,7419578823.0
S0_normal,0.651,0.733,0.9,0.45,26442.0,59819.0,5921.0,6083.0,8343.0,20235.0,26507.0,9820.0,74138939.0,7417932590.0,7492071530.0
S0_normal,0.651,0.691,0.562,0.45,26442.0,56437.0,3700.0,6083.0,13945.0,19792.0,26579.0,9913.0,74142746.0,7714931598.0,7789074344.0
S0_normal,0.727,0.691,0.45,0.548,29510.0,56437.0,2960.0,7400.0,10299.0,20048.0,26505.0,9961.0,74148709.0,7510694814.0,7584843523.0
S0_normal,0.764,0.65,0.9,0.548,31044.0,53056.0,5921.0,7400.0,9186.0,19943.0,26530.0,9976.0,74161485.0,7464287287.0,7538448772.0
S0_normal,0.5,0.857,0.562,0.645,20305.0,69964.0,3700.0,8718.0,3920.0,20350.0,27227.0,7789.0,74166205.0,7163530413.0,7237696618.0
S0_normal,0.576,0.857,0.45,0.742,23373.0,69964.0,2960.0,10036.0,273.0,21099.0,26839.0,8391.0,74178859.0,6959293629.0,7033472488.0
S0_normal,0.613,0.691,0.9,0.742,24907.0,56437.0,5921.0,10036.0,9305.0,19831.0,26269.0,10797.0,74183317.0,7470847153.0,7545030470.0
S0_normal,0.576,0.857,0.45,0.45,23373.0,69964.0,2960.0,6083.0,4227.0,20901.0,27006.0,8069.0,74187060.0,7176744639.0,7250931699.0
S0_normal,0.651,0.691,0.45,0.742,26442.0,56437.0,2960.0,10036.0,10731.0,19984.0,26457.0,10187.0,74190164.0,7534484586.0,7608674749.0
S0_normal,0.689,0.691,0.9,0.742,27976.0,56437.0,5921.0,10036.0,6237.0,20011.0,26405.0,10316.0,74190878.0,7302090042.0,7376280919.0
S0_normal,0.651,0.691,0.45,0.84,26442.0,56437.0,2960.0,11354.0,9414.0,20019.0,26576.0,9843.0,74194919.0,7462000916.0,7536195834.0
S0_normal,0.576,0.857,0.45,0.645,23373.0,69964.0,2960.0,8718.0,1591.0,21052.0,26800.0,8558.0,74200455.0,7031777299.0,7105977754.0
S0_normal,0.689,0.691,0.9,0.45,27976.0,56437.0,5921.0,6083.0,10191.0,19813.0,26574.0,9994.0,74204412.0,7519541051.0,7593745463.0
S0_normal,0.651,0.691,0.9,0.742,26442.0,56437.0,5921.0,10036.0,7771.0,19983.0,26452.0,10223.0,74206104.0,7386468597.0,7460674701.0
S0_normal,0.651,0.733,0.45,0.45,26442.0,59819.0,2960.0,6083.0,11303.0,20236.0,26553.0,9783.0,74207997.0,7565948579.0,7640156576.0
S0_normal,0.576,0.857,0.45,0.548,23373.0,69964.0,2960.0,7400.0,2909.0,21014.0,26989.0,8072.0,74210095.0,7104260969.0,7178471064.0
S0_normal,0.689,0.691,0.788,0.742,27976.0,56437.0,5181.0,10036.0,6977.0,20015.0,26406.0,10344.0,74215736.0,7339094039.0,7413309774.0
S0_normal,0.613,0.733,0.9,0.548,24907.0,59819.0,5921.0,7400.0,8559.0,20196.0,26346.0,10397.0,74219946.0,7429827476.0,7504047421.0
S0_normal,0.651,0.733,0.562,0.548,26442.0,59819.0,3700.0,7400.0,9246.0,20355.0,26512.0,9834.0,74220498.0,7456460911.0,7530681409.0
S0_normal,0.613,0.691,0.9,0.645,24907.0,56437.0,5921.0,8718.0,10623.0,19784.0,26245.0,10963.0,74235392.0,7543330823.0,7617566215.0
S0_normal,0.5,0.816,0.788,0.45,20305.0,66582.0,5181.0,6083.0,8457.0,19888.0,27543.0,7316.0,74244313.0,7420476776.0,7494721088.0
S0_normal,0.538,0.816,0.45,0.45,21839.0,66582.0,2960.0,6083.0,9143.0,19930.0,27560.0,7252.0,74250942.0,7447110211.0,7521361153.0
S0_normal,0.689,0.733,0.45,0.645,27976.0,59819.0,2960.0,8718.0,7134.0,20415.0,26323.0,10365.0,74256782.0,7336602683.0,7410859465.0
S0_normal,0.5,0.857,0.675,0.548,20305.0,69964.0,4440.0,7400.0,4497.0,20312.0,27448.0,7325.0,74260052.0,7199010086.0,7273270138.0
S0_normal,0.764,0.733,0.45,0.742,31044.0,59819.0,2960.0,10036.0,2747.0,20449.0,26380.0,10198.0,74265836.0,7095361902.0,7169627738.0
S0_normal,0.727,0.733,0.45,0.548,29510.0,59819.0,2960.0,7400.0,6917.0,20499.0,26487.0,9879.0,74273821.0,7324707797.0,7398981619.0
S0_normal,0.764,0.691,0.45,0.84,31044.0,56437.0,2960.0,11354.0,4811.0,20034.0,26576.0,9936.0,74275341.0,7208865249.0,7283140590.0
S0_normal,0.576,0.857,0.9,0.45,23373.0,69964.0,5921.0,6083.0,1267.0,20900.0,27039.0,8106.0,74283696.0,7028728651.0,7103012347.0
S0_normal,0.5,0.857,0.675,0.45,20305.0,69964.0,4440.0,6083.0,5815.0,20199.0,27488.0,7323.0,74286999.0,7271493756.0,7345780755.0
S0_normal,0.613,0.733,0.45,0.548,24907.0,59819.0,2960.0,7400.0,11520.0,20197.0,26391.0,10360.0,74289003.0,7577843464.0,7652132467.0
S0_normal,0.651,0.733,0.9,0.645,26442.0,59819.0,5921.0,8718.0,5707.0,20387.0,26366.0,10308.0,74290864.0,7272965250.0,7347256114.0
S0_normal,0.538,0.857,0.45,0.742,21839.0,69964.0,2960.0,10036.0,1808.0,20435.0,27345.0,7574.0,74294182.0,7043672185.0,7117966366.0
S0_normal,0.651,0.65,0.45,0.548,26442.0,53056.0,2960.0,7400.0,16749.0,19929.0,26643.0,9846.0,74294977.0,7865438942.0,7939733920.0
S0_normal,0.651,0.691,0.675,0.548,26442.0,56437.0,4440.0,7400.0,11887.0,19906.0,26617.0,9938.0,74299983.0,7605443931.0,7679743914.0
S0_normal,0.764,0.733,0.562,0.548,31044.0,59819.0,3700.0,7400.0,4643.0,20370.0,26512.0,9927.0,74300645.0,7203325245.0,7277625890.0
S0_normal,0.689,0.691,0.675,0.645,27976.0,56437.0,4440.0,8718.0,9035.0,19972.0,26396.0,10516.0,74307998.0,7448581706.0,7522889704.0
S0_normal,0.764,0.691,0.788,0.84,31044.0,56437.0,5181.0,11354.0,2591.0,20037.0,26571.0,10000.0,74314385.0,7097853258.0,7172167642.0
S0_normal,0.613,0.691,0.788,0.45,24907.0,56437.0,5181.0,6083.0,13999.0,19636.0,26484.0,10502.0,74316547.0,7725302160.0,7799618707.0
S0_normal,0.651,0.691,0.562,0.548,26442.0,56437.0,3700.0,7400.0,12627.0,19905.0,26636.0,9916.0,74321704.0,7642447928.0,7716769633.0
S0_normal,0.764,0.733,0.562,0.45,31044.0,59819.0,3700.0,6083.0,5961.0,20257.0,26553.0,9924.0,74327593.0,7275808915.0,7350136507.0
S0_normal,0.5,0.816,0.9,0.548,20305.0,66582.0,5921.0,7400.0,6399.0,19997.0,27566.0,7292.0,74328611.0,7310989109.0,7385317720.0
S0_normal,0.689,0.733,0.9,0.645,27976.0,59819.0,5921.0,8718.0,4173.0,20414.0,26349.0,10401.0,74338632.0,7188586695.0,7262925327.0
S0_normal,0.538,0.857,0.562,0.548,21839.0,69964.0,3700.0,7400.0,3703.0,20356.0,27483.0,7303.0,74340476.0,7151635527.0,7225976003.0
S0_normal,0.651,0.733,0.45,0.548,26442.0,59819.0,2960.0,7400.0,9986.0,20349.0,26588.0,9786.0,74342213.0,7493464909.0,7567807122.0
S0_normal,0.5,0.816,0.788,0.548,20305.0,66582.0,5181.0,7400.0,7139.0,20001.0,27562.0,7319.0,74343732.0,7347993106.0,7422336838.0
S0_normal,0.613,0.691,0.45,0.742,24907.0,56437.0,2960.0,10036.0,12266.0,19832.0,26359.0,10761.0,74346118.0,7618863141.0,7693209259.0
S0_normal,0.689,0.733,0.9,0.45,27976.0,59819.0,5921.0,6083.0,6809.0,20263.0,26567.0,9913.0,74352006.0,7333554035.0,7407906040.0
S0_normal,0.727,0.733,0.788,0.548,29510.0,59819.0,5181.0,7400.0,4697.0,20502.0,26501.0,9943.0,74354757.0,7213695806.0,7288050563.0
S0_normal,0.538,0.857,0.45,0.84,21839.0,69964.0,2960.0,11354.0,490.0,20470.0,27497.0,7231.0,74370553.0,6971188515.0,7045559068.0
S0_normal,0.538,0.857,0.562,0.645,21839.0,69964.0,3700.0,8718.0,2385.0,20394.0,27314.0,7789.0,74372378.0,7079151857.0,7153524236.0
S0_normal,0.689,0.733,0.9,0.548,27976.0,59819.0,5921.0,7400.0,5491.0,20376.0,26553.0,9916.0,74381060.0,7261070365.0,7335451424.0
S0_normal,0.727,0.733,0.788,0.45,29510.0,59819.0,5181.0,6083.0,6015.0,20389.0,26542.0,9940.0,74381704.0,7286179476.0,7360561180.0
S0_normal,0.727,0.733,0.45,0.45,29510.0,59819.0,2960.0,6083.0,8235.0,20386.0,26565.0,9876.0,74381998.0,7397191467.0,7471573466.0
S0_normal,0.764,0.65,0.788,0.645,31044.0,53056.0,5181.0,8718.0,8608.0,19985.0,26440.0,10488.0,74385553.0,7428807614.0,7503193167.0
S0_normal,0.576,0.857,0.788,0.45,23373.0,69964.0,5181.0,6083.0,2007.0,20903.0,27077.0,8133.0,74387736.0,7065732648.0,7140120383.0
S0_normal,0.727,0.691,0.675,0.548,29510.0,56437.0,4440.0,7400.0,8819.0,20056.0,26591.0,10031.0,74391037.0,7436686820.0,7511077857.0
S0_normal,0.689,0.733,0.788,0.45,27976.0,59819.0,5181.0,6083.0,7549.0,20266.0,26575.0,9940.0,74392859.0,7370558032.0,7444950891.0
S0_normal,0.764,0.691,0.9,0.84,31044.0,56437.0,5921.0,11354.0,1851.0,20033.0,26619.0,9973.0,74394237.0,7060849261.0,7135243498.0
S0_normal,0.5,0.816,0.788,0.645,20305.0,66582.0,5181.0,8718.0,5821.0,20039.0,27404.0,7804.0,74400344.0,7275509436.0,7349909780.0
S0_normal,0.5,0.816,0.45,0.645,20305.0,66582.0,2960.0,8718.0,8041.0,20037.0,27428.0,7741.0,74400639.0,7386521427.0,7460922066.0
S0_normal,0.689,0.733,0.788,0.645,27976.0,59819.0,5181.0,8718.0,4913.0,20418.0,26367.0,10428.0,74401083.0,7225590692.0,7299991775.0
S0_normal,0.651,0.691,0.562,0.645,26442.0,56437.0,3700.0,8718.0,11309.0,19943.0,26489.0,10401.0,74402021.0,7569964258.0,7644366279.0
S0_normal,0.651,0.691,0.675,0.742,26442.0,56437.0,4440.0,10036.0,9251.0,19991.0,26538.0,10257.0,74419079.0,7460476591.0,7534895670.0
S0_normal,0.538,0.857,0.675,0.742,21839.0,69964.0,4440.0,10036.0,327.0,20442.0,27378.0,7645.0,74423028.0,6969664190.0,7044087218.0
S0_normal,0.651,0.691,0.675,0.45,26442.0,56437.0,4440.0,6083.0,13205.0,19793.0,26703.0,9935.0,74423065.0,7677927601.0,7752350666.0
S0_normal,0.727,0.733,0.9,0.548,29510.0,59819.0,5921.0,7400.0,3957.0,20498.0,26544.0,9916.0,74423367.0,7176691809.0,7251115176.0
S0_normal,0.538,0.857,0.562,0.45,21839.0,69964.0,3700.0,6083.0,5021.0,20243.0,27550.0,7300.0,74424705.0,7224119197.0,7298543903.0
S0_normal,0.5,0.857,0.45,0.84,20305.0,69964.0,2960.0,11354.0,2024.0,20426.0,27533.0,7231.0,74426516.0,7055567070.0,7129993586.0
S0_normal,0.764,0.733,0.675,0.548,31044.0,59819.0,4440.0,7400.0,3903.0,20371.0,26569.0,9950.0,74438231.0,7166321248.0,7240759478.0
S0_normal,0.613,0.733,0.788,0.645,24907.0,59819.0,5181.0,8718.0,7982.0,20238.0,26253.0,10909.0,74438984.0,7394347803.0,7468786787.0
S0_normal,0.538,0.857,0.675,0.645,21839.0,69964.0,4440.0,8718.0,1645.0,20395.0,27339.0,7811.0,74444624.0,7042147860.0,7116592484.0
S0_normal,0.613,0.65,0.788,0.45,24907.0,53056.0,5181.0,6083.0,17381.0,19666.0,26546.0,10481.0,74445211.0,7911289177.0,7985734388.0
S0_normal,0.727,0.691,0.45,0.742,29510.0,56437.0,2960.0,10036.0,7663.0,20134.0,26510.0,10280.0,74449163.0,7365727474.0,7440176637.0
S0_normal,0.613,0.65,0.562,0.45,24907.0,53056.0,3700.0,6083.0,18861.0,19670.0,26557.0,10465.0,74458728.0,7985297171.0,8059755898.0
S0_normal,0.576,0.65,0.562,0.84,23373.0,53056.0,3700.0,11354.0,15123.0,19707.0,27387.0,8147.0,74462222.0,7779741046.0,7854203268.0
S0_normal,0.764,0.65,0.45,0.548,31044.0,53056.0,2960.0,7400.0,12146.0,19943.0,26689.0,9939.0,74472353.0,7612303276.0,7686775628.0
S0_normal,0.538,0.857,0.675,0.548,21839.0,69964.0,4440.0,7400.0,2963.0,20357.0,27539.0,7325.0,74476679.0,7114631530.0,7189108210.0
S0_normal,0.538,0.816,0.45,0.548,21839.0,66582.0,2960.0,7400.0,7825.0,20043.0,27638.0,7255.0,74477450.0,7374626541.0,7449103991.0
S0_normal,0.764,0.691,0.562,0.742,31044.0,56437.0,3700.0,10036.0,5389.0,20005.0,26537.0,10328.0,74479252.0,7244344922.0,7318824174.0
S0_normal,0.727,0.691,0.9,0.742,29510.0,56437.0,5921.0,10036.0,4703.0,20133.0,26514.0,10316.0,74484363.0,7217711486.0,7292195849.0
S0_normal,0.5,0.816,0.45,0.45,20305.0,66582.0,2960.0,6083.0,10677.0,19885.0,27680.0,7252.0,74484967.0,7531488767.0,7605973734.0
S0_normal,0.764,0.65,0.45,0.45,31044.0,53056.0,2960.0,6083.0,13464.0,19830.0,26726.0,9936.0,74491854.0,7684786946.0,7759278799.0
S0_normal,0.613,0.733,0.45,0.742,24907.0,59819.0,2960.0,10036.0,8884.0,20282.0,26352.0,10679.0,74494295.0,7432876124.0,7507370419.0
S0_normal,0.689,0.691,0.562,0.548,27976.0,56437.0,3700.0,7400.0,11093.0,19933.0,26678.0,10009.0,74497710.0,7558069373.0,7632567082.0
S0_normal,0.613,0.733,0.45,0.45,24907.0,59819.0,2960.0,6083.0,12838.0,20084.0,26517.0,10357.0,74498280.0,7650327134.0,7724825414.0
S0_normal,0.764,0.691,0.675,0.742,31044.0,56437.0,4440.0,10036.0,4649.0,20006.0,26538.0,10350.0,74499226.0,7207340925.0,7281840151.0
S0_normal,0.764,0.733,0.45,0.84,31044.0,59819.0,2960.0,11354.0,1429.0,20485.0,26605.0,9855.0,74499822.0,7022878232.0,7097378054.0
S0_normal,0.5,0.816,0.9,0.45,20305.0,66582.0,5921.0,6083.0,7717.0,19884.0,27674.0,7289.0,74500907.0,7383472779.0,7457973685.0
S0_normal,0.613,0.691,0.675,0.548,24907.0,56437.0,4440.0,7400.0,13421.0,19753.0,26541.0,10512.0,74504071.0,7689822487.0,7764326558.0
S0_normal,0.5,0.816,0.9,0.645,20305.0,66582.0,5921.0,8718.0,5081.0,20036.0,27464.0,7777.0,74504250.0,7238505439.0,7313009688.0
S0_normal,0.651,0.733,0.788,0.742,26442.0,59819.0,5181.0,10036.0,5130.0,20437.0,26509.0,10169.0,74512164.0,7237485577.0,7311997742.0
S0_normal,0.613,0.691,0.562,0.45,24907.0,56437.0,3700.0,6083.0,15479.0,19640.0,26583.0,10487.0,74515691.0,7799310154.0,7873825845.0
S0_normal,0.764,0.733,0.675,0.45,31044.0,59819.0,4440.0,6083.0,5221.0,20258.0,26635.0,9947.0,74520447.0,7238804918.0,7313325365.0
S0_normal,0.727,0.733,0.45,0.645,29510.0,59819.0,2960.0,8718.0,5599.0,20537.0,26422.0,10365.0,74528430.0,7252224127.0,7326752557.0
S0_normal,0.727,0.691,0.788,0.742,29510.0,56437.0,5181.0,10036.0,5443.0,20137.0,26526.0,10344.0,74533364.0,7254715483.0,7329248847.0
S0_normal,0.689,0.691,0.675,0.45,27976.0,56437.0,4440.0,6083.0,11671.0,19820.0,26715.0,10028.0,74535031.0,7593549046.0,7668084077.0
S0_normal,0.613,0.733,0.788,0.45,24907.0,59819.0,5181.0,6083.0,10617.0,20086.0,26512.0,10421.0,74538110.0,7539315143.0,7613853253.0
S0_normal,0.689,0.733,0.562,0.45,27976.0,59819.0,3700.0,6083.0,9029.0,20270.0,26650.0,9924.0,74541741.0,7444566026.0,7519107767.0
S0_normal,0.613,0.691,0.788,0.84,24907.0,56437.0,5181.0,11354.0,8727.0,19870.0,26545.0,10481.0,74546290.0,7435367480.0,7509913769.0
S0_normal,0.651,0.691,0.9,0.84,26442.0,56437.0,5921.0,11354.0,6453.0,20019.0,26727.0,9880.0,74546334.0,7313984927.0,7388531261.0
S0_normal,0.538,0.816,0.45,0.645,21839.0,66582.0,2960.0,8718.0,6507.0,20081.0,27491.0,7741.0,74556060.0,7302142871.0,7376698931.0
S0_normal,0.538,0.816,0.788,0.45,21839.0,66582.0,5181.0,6083.0,6923.0,19932.0,27680.0,7316.0,74557948.0,7336098220.0,7410656168.0
S0_normal,0.5,0.857,0.675,0.645,20305.0,69964.0,4440.0,8718.0,3179.0,20351.0,27406.0,7811.0,74563883.0,7126526416.0,7201090299.0
S0_normal,0.727,0.691,0.562,0.645,29510.0,56437.0,3700.0,8718.0,8241.0,20093.0,26502.0,10494.0,74576022.0,7401207147.0,7475783169.0
S0_normal,0.538,0.816,0.9,0.45,21839.0,66582.0,5921.0,6083.0,6182.0,19929.0,27704.0,7289.0,74586250.0,7299094223.0,7373680473.0
S0_normal,0.538,0.816,0.788,0.548,21839.0,66582.0,5181.0,7400.0,5605.0,20045.0,27666.0,7319.0,74587002.0,7263614550.0,7338201552.0
S0_normal,0.689,0.733,0.45,0.45,27976.0,59819.0,2960.0,6083.0,9769.0,20264.0,26691.0,9876.0,74588888.0,7481570023.0,7556158911.0
S0_normal,0.689,0.691,0.45,0.84,27976.0,56437.0,2960.0,11354.0,7879.0,20047.0,26723.0,9936.0,74594603.0,7377622360.0,7452216963.0
S0_normal,0.613,0.733,0.9,0.645,24907.0,59819.0,5921.0,8718.0,7242.0,20234.0,26338.0,10882.0,74596325.0,7357343806.0,7431940131.0
S0_normal,0.613,0.65,0.45,0.645,24907.0,53056.0,2960.0,8718.0,16965.0,19815.0,26431.0,10905.0,74601538.0,7877333828.0,7951935366.0
S0_normal,0.689,0.691,0.562,0.45,27976.0,56437.0,3700.0,6083.0,12411.0,19820.0,26755.0,10006.0,74601768.0,7630553043.0,7705154811.0
S0_normal,0.651,0.733,0.675,0.548,26442.0,59819.0,4440.0,7400.0,8505.0,20356.0,26684.0,9857.0,74603775.0,7419456914.0,7494060689.0
S0_normal,0.764,0.733,0.562,0.645,31044.0,59819.0,3700.0,8718.0,3325.0,20409.0,26471.0,10413.0,74604476.0,7130841575.0,7205446051.0
S0_normal,0.613,0.691,0.675,0.645,24907.0,56437.0,4440.0,8718.0,12103.0,19792.0,26405.0,10997.0,74606543.0,7617338817.0,7691945360.0
S0_normal,0.576,0.857,0.675,0.645,23373.0,69964.0,4440.0,8718.0,111.0,21059.0,26966.0,8628.0,74610416.0,6957769305.0,7032379721.0
S0_normal,0.651,0.691,0.788,0.84,26442.0,56437.0,5181.0,11354.0,7193.0,20022.0,26748.0,9907.0,74612860.0,7350988924.0,7425601785.0
S0_normal,0.764,0.65,0.9,0.645,31044.0,53056.0,5921.0,8718.0,7868.0,19981.0,26558.0,10461.0,74613547.0,7391803617.0,7466417164.0
S0_normal,0.689,0.65,0.45,0.45,27976.0,53056.0,2960.0,6083.0,16532.0,19843.0,26781.0,9936.0,74616220.0,7853544057.0,7928160277.0
S0_normal,0.5,0.857,0.562,0.742,20305.0,69964.0,3700.0,10036.0,2602.0,20397.0,27488.0,7622.0,74616422.0,7091046743.0,7165663165.0
S0_normal,0.651,0.691,0.675,0.645,26442.0,56437.0,4440.0,8718.0,10569.0,19944.0,26583.0,10423.0,74619221.0,7532960261.0,7607579482.0
S0_normal,0.651,0.733,0.45,0.742,26442.0,59819.0,2960.0,10036.0,7350.0,20434.0,26583.0,10105.0,74621168.0,7348497569.0,7423118736.0
S0_normal,0.764,0.65,0.45,0.645,31044.0,53056.0,2960.0,8718.0,10828.0,19982.0,26575.0,10424.0,74622959.0,7539819606.0,7614442565.0
S0_normal,0.689,0.733,0.45,0.742,27976.0,59819.0,2960.0,10036.0,5816.0,20462.0,26547.0,10198.0,74628621.0,7264119013.0,7338747634.0
S0_normal,0.576,0.857,0.562,0.645,23373.0,69964.0,3700.0,8718.0,851.0,21058.0,26987.0,8606.0,74637770.0,6994773302.0,7069411072.0
S0_normal,0.727,0.733,0.9,0.45,29510.0,59819.0,5921.0,6083.0,5275.0,20385.0,26674.0,9913.0,74640116.0,7249175479.0,7323815595.0
S0_normal,0.613,0.733,0.788,0.742,24907.0,59819.0,5181.0,10036.0,6664.0,20285.0,26398.0,10743.0,74643087.0,7321864133.0,7396507220.0
S0_normal,0.5,0.816,0.562,0.548,20305.0,66582.0,3700.0,7400.0,8619.0,20005.0,27708.0,7303.0,74643421.0,7422001100.0,7496644520.0
S0_normal,0.764,0.65,0.788,0.45,31044.0,53056.0,5181.0,6083.0,11244.0,19833.0,26774.0,10000.0,74645726.0,7573774954.0,7648420680.0
S0_normal,0.613,0.733,0.45,0.645,24907.0,59819.0,2960.0,8718.0,10202.0,20235.0,26376.0,10845.0,74648773.0,7505359794.0,7580008568.0
S0_normal,0.613,0.691,0.788,0.742,24907.0,56437.0,5181.0,10036.0,10045.0,19835.0,26480.0,10824.0,74653707.0,7507851150.0,7582504857.0
S0_normal,0.727,0.733,0.788,0.645,29510.0,59819.0,5181.0,8718.0,3379.0,20540.0,26459.0,10428.0,74658588.0,7141212136.0,7215870724.0
S0_normal,0.727,0.691,0.562,0.45,29510.0,56437.0,3700.0,6083.0,10877.0,19942.0,26753.0,10006.0,74660350.0,7546174487.0,7620834837.0
S0_normal,0.5,0.816,0.45,0.742,20305.0,66582.0,2960.0,10036.0,6723.0,20084.0,27601.0,7574.0,74663634.0,7314037757.0,7388701391.0
S0_normal,0.689,0.691,0.562,0.742,27976.0,56437.0,3700.0,10036.0,8457.0,20018.0,26622.0,10328.0,74666612.0,7413102033.0,7487768645.0
S0_normal,0.727,0.733,0.9,0.645,29510.0,59819.0,5921.0,8718.0,2639.0,20537.0,26474.0,10401.0,74666814.0,7104208139.0,7178874953.0
S0_normal,0.613,0.733,0.562,0.645,24907.0,59819.0,3700.0,8718.0,9462.0,20242.0,26369.0,10893.0,74675125.0,7468355797.0,7543030922.0
S0_normal,0.764,0.733,0.675,0.645,31044.0,59819.0,4440.0,8718.0,2585.0,20409.0,26499.0,10435.0,74681678.0,7093837578.0,7168519256.0
S0_normal,0.538,0.857,0.675,0.45,21839.0,69964.0,4440.0,6083.0,4281.0,20244.0,27663.0,7323.0,74681864.0,7187115200.0,7261797064.0
S0_normal,0.689,0.691,0.675,0.548,27976.0,56437.0,4440.0,7400.0,10353.0,19933.0,26761.0,10031.0,74691728.0,7521065376.0,7595757103.0
S0_normal,0.613,0.691,0.562,0.645,24907.0,56437.0,3700.0,8718.0,12843.0,19791.0,26454.0,10975.0,74692304.0,7654342814.0,7729035118.0
S0_normal,0.764,0.691,0.562,0.84,31044.0,56437.0,3700.0,11354.0,4071.0,20041.0,26753.0,9984.0,74692351.0,7171861252.0,7246553603.0
S0_normal,0.651,0.733,0.9,0.742,26442.0,59819.0,5921.0,10036.0,4390.0,20434.0,26608.0,10142.0,74700348.0,7200481580.0,7275181928.0
S0_normal,0.538,0.816,0.9,0.548,21839.0,66582.0,5921.0,7400.0,4865.0,20042.0,27730.0,7292.0,74700508.0,7226610553.0,7301311061.0
S0_normal,0.689,0.691,0.788,0.84,27976.0,56437.0,5181.0,11354.0,5659.0,20050.0,26751.0,10000.0,74704156.0,7266610369.0,7341314524.0
S0_normal,0.764,0.65,0.788,0.548,31044.0,53056.0,5181.0,7400.0,9926.0,19946.0,26775.0,10003.0,74705374.0,7501291284.0,7575996659.0
S0_normal,0.5,0.816,0.675,0.45,20305.0,66582.0,4440.0,6083.0,9197.0,19892.0,27760.0,7323.0,74713882.0,7457480773.0,7532194655.0
S0_normal,0.651,0.65,0.788,0.45,26442.0,53056.0,5181.0,6083.0,15846.0,19818.0,26848.0,9907.0,74723774.0,7826910621.0,7901634395.0
S0_normal,0.538,0.857,0.562,0.742,21839.0,69964.0,3700.0,10036.0,1067.0,20441.0,27530.0,7622.0,74728504.0,7006668187.0,7081396692.0
S0_normal,0.576,0.857,0.562,0.548,23373.0,69964.0,3700.0,7400.0,2169.0,21020.0,27217.0,8120.0,74735958.0,7067256972.0,7141992930.0
S0_normal,0.651,0.733,0.562,0.645,26442.0,59819.0,3700.0,8718.0,7928.0,20394.0,26570.0,10320.0,74736649.0,7383977241.0,7458713890.0
S0_normal,0.727,0.691,0.788,0.84,29510.0,56437.0,5181.0,11354.0,4125.0,20172.0,26742.0,10000.0,74746463.0,7182231813.0,7256978276.0
S0_normal,0.689,0.733,0.788,0.742,27976.0,59819.0,5181.0,10036.0,3595.0,20465.0,26580.0,10262.0,74749178.0,7153107022.0,7227856200.0
S0_normal,0.651,0.65,0.9,0.548,26442.0,53056.0,5921.0,7400.0,13788.0,19928.0,26843.0,9883.0,74749690.0,7717422954.0,7792172644.0
S0_normal,0.651,0.65,0.562,0.45,26442.0,53056.0,3700.0,6083.0,17327.0,19822.0,26870.0,9891.0,74760065.0,7900918615.0,7975678680.0
S0_normal,0.5,0.857,0.675,0.742,20305.0,69964.0,4440.0,10036.0,1862.0,20398.0,27549.0,7645.0,74765250.0,7054042746.0,7128807996.0
S0_normal,0.613,0.733,0.9,0.45,24907.0,59819.0,5921.0,6083.0,9877.0,20083.0,26631.0,10394.0,74768570.0,7502311146.0,7577079715.0
S0_normal,0.689,0.691,0.562,0.645,27976.0,56437.0,3700.0,8718.0,9775.0,19971.0,26628.0,10494.0,74782912.0,7485585703.0,7560368615.0
S0_normal,0.727,0.691,0.562,0.548,29510.0,56437.0,3700.0,7400.0,9559.0,20055.0,26785.0,10009.0,74786716.0,7473690817.0,7548477534.0
S0_normal,0.727,0.691,0.45,0.84,29510.0,56437.0,2960.0,11354.0,6345.0,20169.0,26786.0,9936.0,74789393.0,7293243804.0,7368033197.0
S0_normal,0.689,0.733,0.562,0.548,27976.0,59819.0,3700.0,7400.0,7711.0,20383.0,26741.0,9927.0,74793601.0,7372082356.0,7446875956.0
S0_normal,0.764,0.65,0.9,0.45,31044.0,53056.0,5921.0,6083.0,10504.0,19830.0,26855.0,9973.0,74793951.0,7536770957.0,7611564908.0
S0_normal,0.689,0.733,0.9,0.742,27976.0,59819.0,5921.0,10036.0,2855.0,20461.0,26611.0,10235.0,74793992.0,7116103025.0,7190897016.0
S0_normal,0.538,0.816,0.788,0.645,21839.0,66582.0,5181.0,8718.0,4287.0,20084.0,27579.0,7804.0,74795210.0,7191130880.0,7265926090.0
S0_normal,0.613,0.65,0.9,0.45,24907.0,53056.0,5921.0,6083.0,16640.0,19663.0,26721.0,10453.0,74795901.0,7874285180.0,7949081081.0
S0_normal,0.727,0.733,0.562,0.548,29510.0,59819.0,3700.0,7400.0,6177.0,20505.0,26715.0,9927.0,74798865.0,7287703800.0,7362502666.0
S0_normal,0.764,0.733,0.675,0.742,31044.0,59819.0,4440.0,10036.0,1267.0,20456.0,26605.0,10269.0,74804272.0,7021353908.0,7096158179.0
S0_normal,0.613,0.65,0.788,0.548,24907.0,53056.0,5181.0,7400.0,16063.0,19779.0,26687.0,10484.0,74804780.0,7838805507.0,7913610287.0
S0_normal,0.5,0.816,0.788,0.742,20305.0,66582.0,5181.0,10036.0,4503.0,20086.0,27644.0,7638.0,74805721.0,7203025766.0,7277831487.0
S0_normal,0.613,0.733,0.9,0.742,24907.0,59819.0,5921.0,10036.0,5924.0,20281.0,26487.0,10716.0,74808302.0,7284860136.0,7359668438.0
S0_normal,0.727,0.733,0.9,0.742,29510.0,59819.0,5921.0,10036.0,1321.0,20584.0,26591.0,10235.0,74811278.0,7031724469.0,7106535747.0
S0_normal,0.576,0.857,0.675,0.548,23373.0,69964.0,4440.0,7400.0,1429.0,21021.0,27247.0,8143.0,74816308.0,7030252975.0,7105069283.0
S0_normal,0.689,0.691,0.9,0.84,27976.0,56437.0,5921.0,11354.0,4919.0,20046.0,26815.0,9973.0,74817661.0,7229606372.0,7304424033.0
S0_normal,0.5,0.857,0.562,0.84,20305.0,69964.0,3700.0,11354.0,1284.0,20432.0,27699.0,7279.0,74819218.0,7018563073.0,7093382291.0
S0_normal,0.651,0.733,0.45,0.84,26442.0,59819.0,2960.0,11354.0,6032.0,20470.0,26793.0,9762.0,74819904.0,7276013899.0,7350833802.0
S0_normal,0.613,0.691,0.562,0.548,24907.0,56437.0,3700.0,7400.0,14161.0,19753.0,26703.0,10490.0,74831716.0,7726826484.0,7801658200.0
S0_normal,0.764,0.733,0.562,0.742,31044.0,59819.0,3700.0,10036.0,2007.0,20456.0,26630.0,10246.0,74839336.0,7058357905.0,7133197241.0
S0_normal,0.613,0.733,0.562,0.45,24907.0,59819.0,3700.0,6083.0,12098.0,20090.0,26659.0,10405.0,74840286.0,7613323137.0,7688163423.0
S0_normal,0.613,0.65,0.562,0.548,24907.0,53056.0,3700.0,7400.0,17543.0,19783.0,26709.0,10468.0,74841071.0,7912813501.0,7987654572.0
S0_normal,0.538,0.816,0.9,0.645,21839.0,66582.0,5921.0,8718.0,3547.0,20080.0,27612.0,7777.0,74841833.0,7154126883.0,7228968716.0
S0_normal,0.689,0.733,0.562,0.645,27976.0,59819.0,3700.0,8718.0,6393.0,20422.0,26581.0,10413.0,74846859.0,7299598686.0,7374445545.0
S0_normal,0.651,0.65,0.45,0.645,26442.0,53056.0,2960.0,8718.0,15431.0,19967.0,26718.0,10331.0,74847265.0,7792955272.0,7867802537.0
S0_normal,0.5,0.816,0.9,0.742,20305.0,66582.0,5921.0,10036.0,3763.0,20083.0,27676.0,7611.0,74852345.0,7166021769.0,7240874113.0
S0_normal,0.651,0.733,0.562,0.45,26442.0,59819.0,3700.0,6083.0,10563.0,20242.0,26836.0,9831.0,74852964.0,7528944581.0,7603797545.0
S0_normal,0.613,0.691,0.9,0.84,24907.0,56437.0,5921.0,11354.0,7987.0,19866.0,26701.0,10454.0,74855562.0,7398363483.0,7473219045.0
S0_normal,0.651,0.691,0.562,0.84,26442.0,56437.0,3700.0,11354.0,8673.0,20026.0,26869.0,9891.0,74861143.0,7424996918.0,7499858062.0
S0_normal,0.727,0.733,0.788,0.742,29510.0,59819.0,5181.0,10036.0,2061.0,20587.0,26606.0,10262.0,74867033.0,7068728466.0,7143595500.0
S0_normal,0.651,0.65,0.788,0.645,26442.0,53056.0,5181.0,8718.0,13211.0,19970.0,26703.0,10395.0,74867551.0,7681943281.0,7756810833.0
S0_normal,0.689,0.733,0.675,0.548,27976.0,59819.0,4440.0,7400.0,6971.0,20384.0,26769.0,9950.0,74870001.0,7335078359.0,7409948360.0
S0_normal,0.689,0.65,0.45,0.645,27976.0,53056.0,2960.0,8718.0,13897.0,19995.0,26691.0,10424.0,74876569.0,7708576717.0,7783453286.0
S0_normal,0.613,0.65,0.675,0.45,24907.0,53056.0,4440.0,6083.0,18121.0,19671.0,26745.0,10487.0,74878393.0,7948293174.0,8023171566.0
S0_normal,0.613,0.691,0.45,0.84,24907.0,56437.0,2960.0,11354.0,10948.0,19867.0,26726.0,10417.0,74881297.0,7546379471.0,7621260768.0
S0_normal,0.576,0.65,0.675,0.84,23373.0,53056.0,4440.0,11354.0,14383.0,19708.0,27576.0,8170.0,74881887.0,7742737049.0,7817618936.0
S0_normal,0.727,0.691,0.675,0.645,29510.0,56437.0,4440.0,8718.0,7501.0,20094.0,26644.0,10516.0,74896710.0,7364203150.0,7439099860.0
S0_normal,0.764,0.65,0.9,0.742,31044.0,53056.0,5921.0,10036.0,6550.0,20028.0,26741.0,10295.0,74898927.0,7319319947.0,7394218875.0
S0_normal,0.727,0.691,0.562,0.742,29510.0,56437.0,3700.0,10036.0,6923.0,20140.0,26703.0,10328.0,74900169.0,7328723477.0,7403623647.0
S0_normal,0.613,0.733,0.675,0.645,24907.0,59819.0,4440.0,8718.0,8722.0,20242.0,26473.0,10916.0,74913583.0,7431351800.0,7506265383.0
S0_normal,0.613,0.691,0.675,0.45,24907.0,56437.0,4440.0,6083.0,14739.0,19640.0,26761.0,10509.0,74913654.0,7762306157.0,7837219811.0
S0_normal,0.613,0.691,0.562,0.742,24907.0,56437.0,3700.0,10036.0,11525.0,19838.0,26607.0,10809.0,74915351.0,7581859144.0,7656774495.0
S0_normal,0.689,0.733,0.675,0.45,27976.0,59819.0,4440.0,6083.0,8289.0,20271.0,26822.0,9947.0,74925018.0,7407562029.0,7482487046.0
S0_normal,0.576,0.816,0.788,0.548,23373.0,66582.0,5181.0,7400.0,4071.0,20709.0,27375.0,8136.0,74928160.0,7179235995.0,7254164154.0
S0_normal,0.727,0.733,0.9,0.84,29510.0,59819.0,5921.0,11354.0,3.0,20619.0,26766.0,9891.0,74938265.0,6959240799.0,7034179064.0
S0_normal,0.5,0.816,0.675,0.548,20305.0,66582.0,4440.0,7400.0,7879.0,20005.0,27839.0,7325.0,74940390.0,7384997103.0,7459937493.0
S0_normal,0.689,0.65,0.45,0.548,27976.0,53056.0,2960.0,7400.0,15215.0,19956.0,26907.0,9939.0,74942954.0,7781060387.0,7856003340.0
S0_normal,0.727,0.733,0.45,0.742,29510.0,59819.0,2960.0,10036.0,4282.0,20584.0,26666.0,10198.0,74943407.0,7179740457.0,7254683865.0
S0_normal,0.613,0.733,0.562,0.548,24907.0,59819.0,3700.0,7400.0,10780.0,20203.0,26686.0,10408.0,74957342.0,7540839467.0,7615796809.0
S0_normal,0.651,0.733,0.562,0.742,26442.0,59819.0,3700.0,10036.0,6610.0,20441.0,26723.0,10153.0,74957940.0,7311493572.0,7386451512.0
S0_normal,0.538,0.816,0.45,0.742,21839.0,66582.0,2960.0,10036.0,5189.0,20128.0,27729.0,7574.0,74958443.0,7229659201.0,7304617644.0
S0_normal,0.651,0.733,0.788,0.84,26442.0,59819.0,5181.0,11354.0,3812.0,20473.0,26836.0,9826.0,74962448.0,7165001907.0,7239964356.0
S0_normal,0.689,0.65,0.788,0.548,27976.0,53056.0,5181.0,7400.0,12994.0,19959.0,26893.0,10003.0,74963240.0,7670048396.0,7745011636.0
S0_normal,0.764,0.65,0.788,0.742,31044.0,53056.0,5181.0,10036.0,7290.0,20032.0,26761.0,10322.0,74965454.0,7356323944.0,7431289398.0
S0_normal,0.651,0.691,0.562,0.742,26442.0,56437.0,3700.0,10036.0,9991.0,19990.0,26804.0,10235.0,74968561.0,7497480588.0,7572449149.0
S0_normal,0.576,0.816,0.45,0.548,23373.0,66582.0,2960.0,7400.0,6291.0,20707.0,27419.0,8072.0,74971090.0,7290247986.0,7365219076.0
S0_normal,0.689,0.65,0.788,0.645,27976.0,53056.0,5181.0,8718.0,11676.0,19998.0,26716.0,10488.0,74979518.0,7597564726.0,7672544243.0
S0_normal,0.651,0.733,0.675,0.645,26442.0,59819.0,4440.0,8718.0,7188.0,20395.0,26676.0,10342.0,74980154.0,7346973244.0,7421953398.0
S0_normal,0.764,0.733,0.562,0.84,31044.0,59819.0,3700.0,11354.0,689.0,20491.0,26812.0,9903.0,74980483.0,6985874235.0,7060854718.0
S0_normal,0.576,0.857,0.562,0.45,23373.0,69964.0,3700.0,6083.0,3487.0,20907.0,27360.0,8117.0,74981060.0,7139740642.0,7214721702.0
S0_normal,0.727,0.65,0.9,0.645,29510.0,53056.0,5921.0,8718.0,9402.0,20116.0,26700.0,10461.0,74985077.0,7476182173.0,7551167250.0
S0_normal,0.5,0.857,0.675,0.84,20305.0,69964.0,4440.0,11354.0,544.0,20433.0,27769.0,7301.0,74986496.0,6981559076.0,7056545572.0
S0_normal,0.689,0.691,0.675,0.742,27976.0,56437.0,4440.0,10036.0,7717.0,20019.0,26767.0,10350.0,74992182.0,7376098036.0,7451090218.0
S0_normal,0.727,0.65,0.45,0.548,29510.0,53056.0,2960.0,7400.0,13680.0,20079.0,26902.0,9939.0,74992749.0,7696681831.0,7771674580.0
S0_normal,0.727,0.691,0.675,0.742,29510.0,56437.0,4440.0,10036.0,6183.0,20141.0,26740.0,10350.0,74997446.0,7291719480.0,7366716927.0
S0_normal,0.764,0.65,0.675,0.645,31044.0,53056.0,4440.0,8718.0,9348.0,19989.0,26725.0,10495.0,74999941.0,7465811612.0,7540811552.0
S0_normal,0.689,0.65,0.9,0.548,27976.0,53056.0,5921.0,7400.0,12254.0,19956.0,26921.0,9976.0,75000508.0,7633044398.0,7708044907.0
S0_normal,0.727,0.691,0.675,0.45,29510.0,56437.0,4440.0,6083.0,10137.0,19943.0,26910.0,10028.0,75010981.0,7509170490.0,7584181471.0
S0_normal,0.5,0.816,0.562,0.645,20305.0,66582.0,3700.0,8718.0,7301.0,20043.0,27698.0,7789.0,75016552.0,7349517430.0,7424533982.0
S0_normal,0.689,0.733,0.788,0.84,27976.0,59819.0,5181.0,11354.0,2278.0,20500.0,26821.0,9919.0,75016602.0,7080623352.0,7155639954.0
S0_normal,0.5,0.816,0.675,0.645,20305.0,66582.0,4440.0,8718.0,6561.0,20044.0,27691.0,7811.0,75019001.0,7312513433.0,7387532433.0
S0_normal,0.651,0.65,0.9,0.45,26442.0,53056.0,5921.0,6083.0,15106.0,19815.0,26998.0,9880.0,75019927.0,7789906624.0,7864926551.0
S0_normal,0.689,0.733,0.9,0.84,27976.0,59819.0,5921.0,11354.0,1537.0,20497.0,26837.0,9891.0,75027977.0,7043619355.0,7118647332.0
S0_normal,0.538,0.816,0.9,0.742,21839.0,66582.0,5921.0,10036.0,2229.0,20127.0,27749.0,7611.0,75029055.0,7081643213.0,7156672268.0
S0_normal,0.727,0.733,0.788,0.84,29510.0,59819.0,5181.0,11354.0,743.0,20623.0,26801.0,9919.0,75034594.0,6996244796.0,7071279391.0
S0_normal,0.764,0.65,0.562,0.548,31044.0,53056.0,3700.0,7400.0,11406.0,19950.0,26937.0,9987.0,75041586.0,7575299279.0,7650340864.0
S0_normal,0.651,0.65,0.788,0.548,26442.0,53056.0,5181.0,7400.0,14529.0,19931.0,26974.0,9910.0,75051580.0,7754426951.0,7829478531.0
S0_normal,0.538,0.816,0.562,0.548,21839.0,66582.0,3700.0,7400.0,7085.0,20049.0,27890.0,7303.0,75052948.0,7337622544.0,7412675493.0
S0_normal,0.538,0.816,0.562,0.45,21839.0,66582.0,3700.0,6083.0,8403.0,19936.0,27921.0,7300.0,75061985.0,7410106214.0,7485168199.0
S0_normal,0.689,0.65,0.9,0.45,27976.0,53056.0,5921.0,6083.0,13572.0,19843.0,26982.0,9973.0,75070933.0,7705528068.0,7780599002.0
S0_normal,0.689,0.733,0.675,0.645,27976.0,59819.0,4440.0,8718.0,5653.0,20422.0,26679.0,10435.0,75071449.0,7262594689.0,7337666138.0
S0_normal,0.727,0.691,0.9,0.84,29510.0,56437.0,5921.0,11354.0,3385.0,20169.0,26907.0,9973.0,75075166.0,7145227816.0,7220302982.0
S0_normal,0.764,0.691,0.675,0.84,31044.0,56437.0,4440.0,11354.0,3331.0,20041.0,26932.0,10007.0,75090029.0,7134857255.0,7209947284.0
S0_normal,0.576,0.857,0.675,0.45,23373.0,69964.0,4440.0,6083.0,2747.0,20908.0,27405.0,8140.0,75094848.0,7102736645.0,7177831493.0
S0_normal,0.727,0.65,0.788,0.548,29510.0,53056.0,5181.0,7400.0,11460.0,20081.0,26926.0,10003.0,75095697.0,7585669840.0,7660765537.0
S0_normal,0.764,0.65,0.45,0.742,31044.0,53056.0,2960.0,10036.0,9511.0,20029.0,26850.0,10258.0,75104806.0,7467335936.0,7542440742.0
S0_normal,0.727,0.733,0.675,0.645,29510.0,59819.0,4440.0,8718.0,4119.0,20545.0,26670.0,10435.0,75113756.0,7178216133.0,7253329889.0
S0_normal,0.689,0.733,0.45,0.84,27976.0,59819.0,2960.0,11354.0,4498.0,20498.0,26891.0,9855.0,75114199.0,7191635343.0,7266749542.0
S0_normal,0.651,0.65,0.562,0.548,26442.0,53056.0,3700.0,7400.0,16009.0,19935.0,27011.0,9894.0,75119634.0,7828434945.0,7903554579.0
S0_normal,0.613,0.65,0.9,0.548,24907.0,53056.0,5921.0,7400.0,15323.0,19776.0,26847.0,10456.0,75122635.0,7801801510.0,7876924144.0
S0_normal,0.727,0.733,0.562,0.45,29510.0,59819.0,3700.0,6083.0,7495.0,20392.0,26898.0,9924.0,75130453.0,7360187470.0,7435317923.0
S0_normal,0.727,0.733,0.562,0.645,29510.0,59819.0,3700.0,8718.0,4859.0,20544.0,26690.0,10413.0,75138677.0,7215220130.0,7290358807.0
S0_normal,0.576,0.816,0.45,0.45,23373.0,66582.0,2960.0,6083.0,7609.0,20594.0,27527.0,8069.0,75143385.0,7362731656.0,7437875041.0
S0_normal,0.576,0.816,0.45,0.645,23373.0,66582.0,2960.0,8718.0,4973.0,20745.0,27317.0,8558.0,75146728.0,7217764316.0,7292911044.0
S0_normal,0.727,0.65,0.45,0.645,29510.0,53056.0,2960.0,8718.0,12363.0,20117.0,26790.0,10424.0,75147878.0,7624198161.0,7699346040.0
S0_normal,0.727,0.65,0.9,0.45,29510.0,53056.0,5921.0,6083.0,12038.0,19965.0,26990.0,9973.0,75150238.0,7621149513.0,7696299751.0
S0_normal,0.689,0.65,0.9,0.645,27976.0,53056.0,5921.0,8718.0,10936.0,19994.0,26807.0,10461.0,75151115.0,7560560728.0,7635711843.0
S0_normal,0.651,0.733,0.675,0.45,26442.0,59819.0,4440.0,6083.0,9823.0,20243.0,26969.0,9854.0,75152398.0,7491940584.0,7567092983.0
S0_normal,0.651,0.65,0.9,0.645,26442.0,53056.0,5921.0,8718.0,12471.0,19966.0,26849.0,10368.0,75154203.0,7644939284.0,7720093487.0
S0_normal,0.613,0.691,0.675,0.742,24907.0,56437.0,4440.0,10036.0,10785.0,19839.0,26712.0,10831.0,75155923.0,7544855147.0,7620011070.0
S0_normal,0.538,0.816,0.788,0.742,21839.0,66582.0,5181.0,10036.0,2969.0,20131.0,27798.0,7638.0,75156032.0,7118647210.0,7193803243.0
S0_normal,0.727,0.733,0.675,0.45,29510.0,59819.0,4440.0,6083.0,6755.0,20393.0,26903.0,9947.0,75158575.0,7323183473.0,7398342048.0
S0_normal,0.613,0.691,0.675,0.84,24907.0,56437.0,4440.0,11354.0,9468.0,19874.0,26830.0,10487.0,75160678.0,7472371477.0,7547532155.0
S0_normal,0.764,0.65,0.675,0.45,31044.0,53056.0,4440.0,6083.0,11984.0,19838.0,27015.0,10006.0,75165102.0,7610778951.0,7685944054.0
S0_normal,0.5,0.816,0.9,0.84,20305.0,66582.0,5921.0,11354.0,2445.0,20118.0,27942.0,7267.0,75171219.0,7093538099.0,7168709317.0
S0_normal,0.613,0.733,0.675,0.45,24907.0,59819.0,4440.0,6083.0,11357.0,20091.0,26807.0,10427.0,75173756.0,7576319140.0,7651492896.0
S0_normal,0.651,0.65,0.788,0.742,26442.0,53056.0,5181.0,10036.0,11893.0,20017.0,26898.0,10229.0,75176794.0,7609459611.0,7684636405.0
S0_normal,0.576,0.816,0.9,0.45,23373.0,66582.0,5921.0,6083.0,4648.0,20593.0,27531.0,8106.0,75178586.0,7214715667.0,7289894253.0
S0_normal,0.651,0.65,0.675,0.45,26442.0,53056.0,4440.0,6083.0,16586.0,19823.0,27059.0,9914.0,75179730.0,7863914618.0,7939094348.0
S0_normal,0.764,0.65,0.562,0.45,31044.0,53056.0,3700.0,6083.0,12724.0,19837.0,27033.0,9984.0,75186824.0,7647782949.0,7722969772.0
S0_normal,0.727,0.733,0.675,0.548,29510.0,59819.0,4440.0,7400.0,5437.0,20506.0,26889.0,9950.0,75187629.0,7250699803.0,7325887432.0
S0_normal,0.651,0.733,0.675,0.742,26442.0,59819.0,4440.0,10036.0,5870.0,20442.0,26824.0,10176.0,75192131.0,7274489574.0,7349681705.0
S0_normal,0.576,0.816,0.788,0.645,23373.0,66582.0,5181.0,8718.0,2753.0,20748.0,27322.0,8622.0,75208194.0,7106752325.0,7181960518.0
S0_normal,0.764,0.65,0.562,0.742,31044.0,53056.0,3700.0,10036.0,8770.0,20035.0,26883.0,10306.0,75213737.0,7430331939.0,7505545675.0
S0_normal,0.538,0.816,0.562,0.645,21839.0,66582.0,3700.0,8718.0,5767.0,20087.0,27781.0,7789.0,75213909.0,7265138874.0,7340352784.0
S0_normal,0.538,0.816,0.675,0.548,21839.0,66582.0,4440.0,7400.0,6345.0,20050.0,27958.0,7325.0,75215259.0,7300618547.0,7375833806.0
S0_normal,0.538,0.816,0.9,0.84,21839.0,66582.0,5921.0,11354.0,911.0,20163.0,27953.0,7267.0,75217839.0,7009159543.0,7084377382.0
S0_normal,0.651,0.691,0.675,0.84,26442.0,56437.0,4440.0,11354.0,7933.0,20027.0,27031.0,9914.0,75222202.0,7387992921.0,7463215123.0
S0_normal,0.576,0.816,0.788,0.45,23373.0,66582.0,5181.0,6083.0,5388.0,20596.0,27543.0,8133.0,75227586.0,7251719665.0,7326947251.0
S0_normal,0.5,0.816,0.562,0.742,20305.0,66582.0,3700.0,10036.0,5983.0,20090.0,27847.0,7622.0,75228529.0,7277033760.0,7352262289.0
S0_normal,0.689,0.733,0.562,0.742,27976.0,59819.0,3700.0,10036.0,5076.0,20469.0,26810.0,10246.0,75229267.0,7227115016.0,7302344283.0
S0_normal,0.727,0.733,0.45,0.84,29510.0,59819.0,2960.0,11354.0,2964.0,20620.0,26926.0,9855.0,75250748.0,7107256788.0,7182507536.0
S0_normal,0.613,0.733,0.45,0.84,24907.0,59819.0,2960.0,11354.0,7566.0,20318.0,26825.0,10335.0,75253799.0,7360392454.0,7435646253.0
S0_normal,0.576,0.816,0.9,0.548,23373.0,66582.0,5921.0,7400.0,3330.0,20706.0,27540.0,8109.0,75256862.0,7142231997.0,7217488860.0
S0_normal,0.764,0.65,0.788,0.84,31044.0,53056.0,5181.0,11354.0,5972.0,20067.0,27014.0,9978.0,75257632.0,7283840275.0,7359097907.0
S0_normal,0.764,0.65,0.45,0.84,31044.0,53056.0,2960.0,11354.0,8193.0,20064.0,27038.0,9915.0,75257927.0,7394852266.0,7470110193.0
S0_normal,0.764,0.65,0.675,0.548,31044.0,53056.0,4440.0,7400.0,10666.0,19951.0,27031.0,10009.0,75258786.0,7538295282.0,7613554068.0
S0_normal,0.613,0.65,0.675,0.548,24907.0,53056.0,4440.0,7400.0,16803.0,19784.0,26897.0,10490.0,75260736.0,7875809504.0,7951070240.0
S0_normal,0.727,0.65,0.45,0.45,29510.0,53056.0,2960.0,6083.0,14998.0,19966.0,27056.0,9936.0,75262985.0,7769165501.0,7844428487.0
S0_normal,0.802,0.774,0.45,0.548,32578.0,63201.0,2960.0,7400.0,467.0,21482.0,27535.0,7627.0,75263186.0,6969963669.0,7045226855.0
S0_normal,0.5,0.816,0.562,0.45,20305.0,66582.0,3700.0,6083.0,9937.0,19892.0,28026.0,7300.0,75263364.0,7494484770.0,7569748134.0
S0_normal,0.5,0.816,0.45,0.84,20305.0,66582.0,2960.0,11354.0,5405.0,20119.0,28000.0,7231.0,75266366.0,7241554087.0,7316820453.0
S0_normal,0.727,0.65,0.9,0.548,29510.0,53056.0,5921.0,7400.0,10720.0,20078.0,27017.0,9976.0,75267294.0,7548665843.0,7623933137.0
S0_normal,0.727,0.65,0.788,0.742,29510.0,53056.0,5181.0,10036.0,8824.0,20167.0,26872.0,10322.0,75267848.0,7440702500.0,7515970348.0
S0_normal,0.538,0.816,0.788,0.84,21839.0,66582.0,5181.0,11354.0,1651.0,20166.0,27971.0,7294.0,75277265.0,7046163540.0,7121440805.0
S0_normal,0.727,0.65,0.788,0.45,29510.0,53056.0,5181.0,6083.0,12778.0,19968.0,27040.0,10000.0,75278303.0,7658153510.0,7733431813.0
S0_normal,0.689,0.691,0.562,0.84,27976.0,56437.0,3700.0,11354.0,7139.0,20054.0,27025.0,9984.0,75278558.0,7340618363.0,7415896921.0
S0_normal,0.576,0.816,0.9,0.645,23373.0,66582.0,5921.0,8718.0,2013.0,20744.0,27369.0,8594.0,75284952.0,7069748327.0,7145033280.0
S0_normal,0.651,0.733,0.9,0.84,26442.0,59819.0,5921.0,11354.0,3072.0,20469.0,27001.0,9798.0,75291151.0,7127997910.0,7203289061.0
S0_normal,0.613,0.733,0.9,0.84,24907.0,59819.0,5921.0,11354.0,4606.0,20317.0,26830.0,10372.0,75293880.0,7212376466.0,7287670346.0
S0_normal,0.613,0.733,0.562,0.742,24907.0,59819.0,3700.0,10036.0,8144.0,20289.0,26714.0,10727.0,75305338.0,7395872127.0,7471177465.0
S0_normal,0.613,0.733,0.675,0.548,24907.0,59819.0,4440.0,7400.0,10040.0,20204.0,26843.0,10430.0,75307972.0,7503835470.0,7579143442.0
S0_normal,0.613,0.733,0.788,0.84,24907.0,59819.0,5181.0,11354.0,5346.0,20320.0,26828.0,10399.0,75311956.0,7249380463.0,7324692419.0
S0_normal,0.689,0.65,0.788,0.45,27976.0,53056.0,5181.0,6083.0,14312.0,19846.0,27092.0,10000.0,75328207.0,7742532065.0,7817860273.0
S0_normal,0.689,0.691,0.675,0.84,27976.0,56437.0,4440.0,11354.0,6399.0,20054.0,27042.0,10007.0,75332412.0,7303614366.0,7378946778.0
S0_normal,0.576,0.816,0.9,0.742,23373.0,66582.0,5921.0,10036.0,695.0,20792.0,27446.0,8428.0,75345897.0,6997264658.0,7072610555.0
S0_normal,0.613,0.65,0.788,0.645,24907.0,53056.0,5181.0,8718.0,14745.0,19818.0,26762.0,10969.0,75358141.0,7766321837.0,7841679977.0
S0_normal,0.613,0.65,0.45,0.742,24907.0,53056.0,2960.0,10036.0,15647.0,19862.0,26836.0,10739.0,75360595.0,7804850158.0,7880210753.0
S0_normal,0.576,0.816,0.788,0.742,23373.0,66582.0,5181.0,10036.0,1435.0,20795.0,27443.0,8455.0,75361978.0,7034268655.0,7109630632.0
S0_normal,0.613,0.65,0.788,0.742,24907.0,53056.0,5181.0,10036.0,13427.0,19865.0,26822.0,10803.0,75380882.0,7693838167.0,7769219049.0
S0_normal,0.764,0.65,0.9,0.84,31044.0,53056.0,5921.0,11354.0,5232.0,20064.0,27083.0,9951.0,75381512.0,7246836277.0,7322217790.0
S0_normal,0.538,0.816,0.675,0.45,21839.0,66582.0,4440.0,6083.0,7663.0,19937.0,28066.0,7323.0,75387554.0,7373102217.0,7448489772.0
S0_normal,0.538,0.816,0.45,0.84,21839.0,66582.0,2960.0,11354.0,3871.0,20164.0,28047.0,7231.0,75388752.0,7157175531.0,7232564284.0
S0_normal,0.538,0.816,0.675,0.645,21839.0,66582.0,4440.0,8718.0,5027.0,20088.0,27856.0,7811.0,75390897.0,7228134877.0,7303525774.0
S0_normal,0.5,0.816,0.788,0.84,20305.0,66582.0,5181.0,11354.0,3185.0,20122.0,28037.0,7294.0,75396524.0,7130542096.0,7205938620.0
S0_normal,0.764,0.65,0.562,0.645,31044.0,53056.0,3700.0,8718.0,10088.0,19988.0,26922.0,10473.0,75401356.0,7502815609.0,7578216965.0
S0_normal,0.689,0.65,0.562,0.45,27976.0,53056.0,3700.0,6083.0,15792.0,19850.0,27134.0,9984.0,75408042.0,7816540060.0,7891948101.0
S0_normal,0.5,0.816,0.675,0.742,20305.0,66582.0,4440.0,10036.0,5243.0,20091.0,27929.0,7645.0,75421384.0,7240029763.0,7315451146.0
S0_normal,0.651,0.65,0.9,0.742,26442.0,53056.0,5921.0,10036.0,11153.0,20013.0,27032.0,10202.0,75441289.0,7572455614.0,7647896903.0
S0_normal,0.727,0.691,0.562,0.84,29510.0,56437.0,3700.0,11354.0,5605.0,20176.0,27073.0,9984.0,75441749.0,7256239807.0,7331681557.0
S0_normal,0.576,0.816,0.788,0.84,23373.0,66582.0,5181.0,11354.0,117.0,20830.0,27597.0,8112.0,75443058.0,6961784985.0,7037228042.0
S0_normal,0.613,0.65,0.562,0.645,24907.0,53056.0,3700.0,8718.0,16225.0,19821.0,26810.0,10953.0,75448969.0,7840329831.0,7915778800.0
S0_normal,0.727,0.65,0.788,0.645,29510.0,53056.0,5181.0,8718.0,10142.0,20120.0,26911.0,10488.0,75455467.0,7513186170.0,7588641637.0
S0_normal,0.5,0.774,0.788,0.645,20305.0,63201.0,5181.0,8718.0,9203.0,20147.0,27829.0,7943.0,75466692.0,7461496453.0,7536963145.0
S0_normal,0.689,0.65,0.788,0.84,27976.0,53056.0,5181.0,11354.0,9041.0,20080.0,27112.0,9978.0,75471781.0,7452597386.0,7528069166.0
S0_normal,0.651,0.65,0.45,0.742,26442.0,53056.0,2960.0,10036.0,14113.0,20014.0,27062.0,10165.0,75476305.0,7720471602.0,7795947907.0
S0_normal,0.689,0.733,0.675,0.742,27976.0,59819.0,4440.0,10036.0,4336.0,20469.0,26922.0,10269.0,75486426.0,7190111019.0,7265597445.0
S0_normal,0.727,0.733,0.562,0.742,29510.0,59819.0,3700.0,10036.0,3541.0,20591.0,26902.0,10246.0,75486772.0,7142736460.0,7218223232.0
S0_normal,0.689,0.65,0.45,0.742,27976.0,53056.0,2960.0,10036.0,12579.0,20042.0,27027.0,10258.0,75487852.0,7636093047.0,7711580899.0
S0_normal,0.576,0.816,0.45,0.742,23373.0,66582.0,2960.0,10036.0,3655.0,20792.0,27529.0,8391.0,75494823.0,7145280646.0,7220775469.0
S0_normal,0.651,0.65,0.675,0.548,26442.0,53056.0,4440.0,7400.0,15269.0,19936.0,27184.0,9916.0,75506464.0,7791430948.0,7866937412.0
S0_normal,0.651,0.65,0.675,0.645,26442.0,53056.0,4440.0,8718.0,13951.0,19974.0,27011.0,10402.0,75529689.0,7718947278.0,7794476967.0
S0_normal,0.689,0.65,0.675,0.548,27976.0,53056.0,4440.0,7400.0,13734.0,19964.0,27158.0,10009.0,75535768.0,7707052393.0,7782588161.0
S0_normal,0.613,0.65,0.9,0.645,24907.0,53056.0,5921.0,8718.0,14005.0,19814.0,26860.0,10942.0,75544905.0,7729317840.0,7804862745.0
S0_normal,0.613,0.691,0.562,0.84,24907.0,56437.0,3700.0,11354.0,10208.0,19874.0,27027.0,10465.0,75562093.0,7509375474.0,7584937567.0
S0_normal,0.689,0.65,0.788,0.742,27976.0,53056.0,5181.0,10036.0,10359.0,20045.0,27041.0,10322.0,75568539.0,7525081056.0,7600649595.0
S0_normal,0.651,0.733,0.562,0.84,26442.0,59819.0,3700.0,11354.0,5292.0,20476.0,27128.0,9810.0,75575057.0,7239009902.0,7314584959.0
S0_normal,0.802,0.774,0.45,0.45,32578.0,63201.0,2960.0,6083.0,1785.0,21369.0,27709.0,7625.0,75575637.0,7042447339.0,7118022976.0
S0_normal,0.576,0.816,0.562,0.645,23373.0,66582.0,3700.0,8718.0,4233.0,20752.0,27502.0,8606.0,75581019.0,7180760319.0,7256341337.0
S0_normal,0.689,0.65,0.562,0.645,27976.0,53056.0,3700.0,8718.0,13157.0,20001.0,27005.0,10473.0,75584655.0,7671572720.0,7747157374.0
S0_normal,0.613,0.733,0.675,0.742,24907.0,59819.0,4440.0,10036.0,7404.0,20289.0,26838.0,10749.0,75586927.0,7358868130.0,7434455057.0
S0_normal,0.764,0.65,0.675,0.742,31044.0,53056.0,4440.0,10036.0,8030.0,20036.0,27052.0,10329.0,75591984.0,7393327942.0,7468919926.0
S0_normal,0.576,0.816,0.562,0.45,23373.0,66582.0,3700.0,6083.0,6869.0,20600.0,27720.0,8117.0,75594392.0,7325727659.0,7401322051.0
S0_normal,0.727,0.733,0.675,0.742,29510.0,59819.0,4440.0,10036.0,2801.0,20592.0,26947.0,10269.0,75600560.0,7105732463.0,7181333024.0
S0_normal,0.727,0.65,0.9,0.742,29510.0,53056.0,5921.0,10036.0,8084.0,20163.0,27045.0,10295.0,75615290.0,7403698503.0,7479313793.0
S0_normal,0.538,0.816,0.562,0.742,21839.0,66582.0,3700.0,10036.0,4449.0,20135.0,28022.0,7622.0,75623394.0,7192655204.0,7268278598.0
S0_normal,0.576,0.816,0.562,0.548,23373.0,66582.0,3700.0,7400.0,5551.0,20713.0,27706.0,8120.0,75623446.0,7253243989.0,7328867435.0
S0_normal,0.727,0.691,0.675,0.84,29510.0,56437.0,4440.0,11354.0,4865.0,20177.0,27151.0,10007.0,75624230.0,7219235810.0,7294860040.0
S0_normal,0.689,0.733,0.562,0.84,27976.0,59819.0,3700.0,11354.0,3758.0,20504.0,27127.0,9903.0,75657564.0,7154631346.0,7230288910.0
S0_normal,0.538,0.774,0.788,0.548,21839.0,63201.0,5181.0,7400.0,8986.0,20153.0,28096.0,7458.0,75662951.0,7449601567.0,7525264518.0
S0_normal,0.613,0.65,0.9,0.742,24907.0,53056.0,5921.0,10036.0,12687.0,19861.0,26967.0,10776.0,75667533.0,7656834170.0,7732501703.0
S0_normal,0.651,0.65,0.562,0.645,26442.0,53056.0,3700.0,8718.0,14691.0,19974.0,27086.0,10380.0,75672994.0,7755951275.0,7831624270.0
S0_normal,0.689,0.65,0.9,0.742,27976.0,53056.0,5921.0,10036.0,9619.0,20041.0,27103.0,10295.0,75676120.0,7488077058.0,7563753178.0
S0_normal,0.651,0.733,0.675,0.84,26442.0,59819.0,4440.0,11354.0,4552.0,20477.0,27168.0,9832.0,75677709.0,7202005904.0,7277683614.0
S0_normal,0.727,0.65,0.45,0.742,29510.0,53056.0,2960.0,10036.0,11045.0,20164.0,27091.0,10258.0,75684348.0,7551714491.0,7627398839.0
S0_normal,0.576,0.816,0.675,0.45,23373.0,66582.0,4440.0,6083.0,6128.0,20601.0,27758.0,8140.0,75691669.0,7288723662.0,7364415331.0
S0_normal,0.651,0.65,0.562,0.742,26442.0,53056.0,3700.0,10036.0,13373.0,20021.0,27146.0,10213.0,75695736.0,7683467605.0,7759163341.0
S0_normal,0.727,0.65,0.562,0.548,29510.0,53056.0,3700.0,7400.0,12940.0,20085.0,27215.0,9987.0,75700834.0,7659677834.0,7735378668.0
S0_normal,0.613,0.733,0.562,0.84,24907.0,59819.0,3700.0,11354.0,6826.0,20324.0,27020.0,10384.0,75709687.0,7323388457.0,7399098144.0
S0_normal,0.5,0.816,0.562,0.84,20305.0,66582.0,3700.0,11354.0,4665.0,20126.0,28191.0,7279.0,75714107.0,7204550090.0,7280264197.0
S0_normal,0.651,0.65,0.45,0.84,26442.0,53056.0,2960.0,11354.0,12795.0,20050.0,27291.0,9822.0,75716502.0,7647987932.0,7723704435.0
S0_normal,0.727,0.65,0.562,0.645,29510.0,53056.0,3700.0,8718.0,11622.0,20124.0,27038.0,10473.0,75717112.0,7587194164.0,7662911276.0
S0_normal,0.538,0.816,0.675,0.742,21839.0,66582.0,4440.0,10036.0,3709.0,20135.0,28068.0,7645.0,75738992.0,7155651207.0,7231390199.0
S0_normal,0.727,0.733,0.562,0.84,29510.0,59819.0,3700.0,11354.0,2224.0,20626.0,27144.0,9903.0,75754196.0,7070252790.0,7146006986.0
S0_normal,0.689,0.65,0.562,0.548,27976.0,53056.0,3700.0,7400.0,14475.0,19963.0,27276.0,9987.0,75768683.0,7744056390.0,7819825073.0
S0_normal,0.5,0.774,0.45,0.548,20305.0,63201.0,2960.0,7400.0,12741.0,20106.0,28180.0,7394.0,75769735.0,7644992114.0,7720761849.0
S0_normal,0.613,0.65,0.788,0.84,24907.0,53056.0,5181.0,11354.0,12109.0,19900.0,27121.0,10459.0,75770326.0,7621354497.0,7697124823.0
S0_normal,0.5,0.774,0.788,0.45,20305.0,63201.0,5181.0,6083.0,11838.0,19996.0,28189.0,7455.0,75779920.0,7606463793.0,7682243713.0
S0_normal,0.5,0.774,0.9,0.645,20305.0,63201.0,5921.0,8718.0,8462.0,20144.0,27988.0,7916.0,75780994.0,7424492456.0,7500273450.0
S0_normal,0.651,0.65,0.788,0.84,26442.0,53056.0,5181.0,11354.0,10575.0,20052.0,27298.0,9885.0,75783004.0,7536975941.0,7612758945.0
S0_normal,0.689,0.65,0.9,0.84,27976.0,53056.0,5921.0,11354.0,8301.0,20077.0,27270.0,9951.0,75786082.0,7415593389.0,7491379471.0
S0_normal,0.576,0.816,0.675,0.548,23373.0,66582.0,4440.0,7400.0,4811.0,20714.0,27777.0,8143.0,75791762.0,7216239992.0,7292031754.0
S0_normal,0.689,0.65,0.675,0.45,27976.0,53056.0,4440.0,6083.0,15052.0,19851.0,27313.0,10006.0,75806005.0,7779536063.0,7855342067.0
S0_normal,0.613,0.733,0.675,0.84,24907.0,59819.0,4440.0,11354.0,6086.0,20325.0,27057.0,10406.0,75806964.0,7286384460.0,7362191424.0
S0_normal,0.727,0.65,0.675,0.548,29510.0,53056.0,4440.0,7400.0,12200.0,20086.0,27257.0,10009.0,75807077.0,7622673837.0,7698480914.0
S0_normal,0.613,0.65,0.675,0.645,24907.0,53056.0,4440.0,8718.0,15485.0,19822.0,26972.0,10976.0,75813024.0,7803325834.0,7879138858.0
S0_normal,0.576,0.816,0.45,0.84,23373.0,66582.0,2960.0,11354.0,2337.0,20828.0,27795.0,8048.0,75813697.0,7072796976.0,7148610673.0
S0_normal,0.802,0.774,0.675,0.45,32578.0,63201.0,4440.0,6083.0,305.0,21376.0,27800.0,7695.0,75828186.0,6968439345.0,7044267532.0
S0_normal,0.727,0.733,0.675,0.84,29510.0,59819.0,4440.0,11354.0,1483.0,20627.0,27173.0,9925.0,75834546.0,7033248793.0,7109083339.0
S0_normal,0.5,0.774,0.45,0.645,20305.0,63201.0,2960.0,8718.0,11423.0,20144.0,28033.0,7879.0,75850052.0,7572508444.0,7648358496.0
S0_normal,0.5,0.816,0.675,0.84,20305.0,66582.0,4440.0,11354.0,3925.0,20126.0,28247.0,7301.0,75851693.0,7167546093.0,7243397786.0
S0_normal,0.689,0.65,0.45,0.84,27976.0,53056.0,2960.0,11354.0,11261.0,20077.0,27316.0,9915.0,75855140.0,7563609377.0,7639464517.0
S0_normal,0.5,0.774,0.788,0.548,20305.0,63201.0,5181.0,7400.0,10520.0,20109.0,28205.0,7458.0,75873604.0,7533980123.0,7609853727.0
S0_normal,0.727,0.65,0.675,0.45,29510.0,53056.0,4440.0,6083.0,13518.0,19973.0,27317.0,10006.0,75877502.0,7695157507.0,7771035009.0
S0_normal,0.689,0.65,0.562,0.742,27976.0,53056.0,3700.0,10036.0,11839.0,20048.0,27199.0,10306.0,75893897.0,7599089050.0,7674982947.0
S0_normal,0.576,0.816,0.675,0.645,23373.0,66582.0,4440.0,8718.0,3493.0,20752.0,27665.0,8628.0,75947252.0,7143756322.0,7219703573.0
S0_normal,0.727,0.65,0.675,0.645,29510.0,53056.0,4440.0,8718.0,10882.0,20124.0,27143.0,10495.0,75957683.0,7550190167.0,7626147851.0
S0_normal,0.689,0.65,0.675,0.645,27976.0,53056.0,4440.0,8718.0,12417.0,20002.0,27172.0,10495.0,75958481.0,7634568723.0,7710527204.0
S0_normal,0.613,0.857,0.45,0.645,24907.0,69964.0,2960.0,8718.0,57.0,21249.0,26751.0,10854.0,75962293.0,6947398743.0,7023361036.0
S0_normal,0.764,0.65,0.675,0.84,31044.0,53056.0,4440.0,11354.0,6712.0,20071.0,27347.0,9985.0,75973350.0,7320844272.0,7396817622.0
S0_normal,0.538,0.774,0.9,0.548,21839.0,63201.0,5921.0,7400.0,8246.0,20149.0,28254.0,7431.0,75977252.0,7412597570.0,7488574822.0
S0_normal,0.764,0.65,0.562,0.84,31044.0,53056.0,3700.0,11354.0,7453.0,20071.0,27371.0,9963.0,76006381.0,7357848269.0,7433854650.0
S0_normal,0.651,0.65,0.9,0.84,26442.0,53056.0,5921.0,11354.0,9835.0,20049.0,27417.0,9858.0,76013463.0,7499971944.0,7575985407.0
S0_normal,0.651,0.857,0.45,0.45,26442.0,69964.0,2960.0,6083.0,1159.0,21249.0,27162.0,9792.0,76019401.0,7007987528.0,7084006929.0
S0_normal,0.727,0.65,0.9,0.84,29510.0,53056.0,5921.0,11354.0,6766.0,20199.0,27351.0,9951.0,76019639.0,7331214833.0,7407234472.0
S0_normal,0.613,0.65,0.9,0.84,24907.0,53056.0,5921.0,11354.0,11369.0,19897.0,27255.0,10432.0,76034821.0,7584350500.0,7660385321.0
S0_normal,0.576,0.816,0.562,0.742,23373.0,66582.0,3700.0,10036.0,2915.0,20799.0,27765.0,8440.0,76036378.0,7108276649.0,7184313027.0
S0_normal,0.5,0.774,0.9,0.45,20305.0,63201.0,5921.0,6083.0,11098.0,19992.0,28323.0,7428.0,76044415.0,7569459795.0,7645504211.0
S0_normal,0.538,0.774,0.45,0.548,21839.0,63201.0,2960.0,7400.0,11206.0,20150.0,28299.0,7394.0,76046310.0,7560613558.0,7636659868.0
S0_normal,0.651,0.65,0.675,0.742,26442.0,53056.0,4440.0,10036.0,12633.0,20021.0,27305.0,10236.0,76051362.0,7646463608.0,7722514970.0
S0_normal,0.538,0.816,0.675,0.84,21839.0,66582.0,4440.0,11354.0,2391.0,20171.0,28334.0,7301.0,76057866.0,7083167537.0,7159225403.0
S0_normal,0.727,0.65,0.788,0.84,29510.0,53056.0,5181.0,11354.0,7507.0,20202.0,27360.0,9978.0,76060493.0,7368218830.0,7444279323.0
S0_normal,0.727,0.65,0.562,0.45,29510.0,53056.0,3700.0,6083.0,14258.0,19972.0,27414.0,9984.0,76065801.0,7732161504.0,7808227305.0
S0_normal,0.689,0.733,0.675,0.84,27976.0,59819.0,4440.0,11354.0,3018.0,20505.0,27316.0,9925.0,76077229.0,7117627349.0,7193704578.0
S0_normal,0.5,0.774,0.45,0.45,20305.0,63201.0,2960.0,6083.0,14059.0,19993.0,28353.0,7391.0,76079432.0,7717475784.0,7793555215.0
S0_normal,0.651,0.65,0.562,0.84,26442.0,53056.0,3700.0,11354.0,12055.0,20056.0,27445.0,9870.0,76085180.0,7610983935.0,7687069115.0
S0_normal,0.538,0.774,0.9,0.645,21839.0,63201.0,5921.0,8718.0,6928.0,20188.0,28125.0,7916.0,76094630.0,7340113900.0,7416208529.0
S0_normal,0.5,0.774,0.9,0.548,20305.0,63201.0,5921.0,7400.0,9780.0,20105.0,28324.0,7431.0,76104064.0,7496976125.0,7573080189.0
S0_normal,0.5,0.774,0.788,0.742,20305.0,63201.0,5181.0,10036.0,7885.0,20194.0,28188.0,7777.0,76125525.0,7389012783.0,7465138307.0
S0_normal,0.802,0.774,0.562,0.45,32578.0,63201.0,3700.0,6083.0,1045.0,21375.0,27952.0,7673.0,76133663.0,7005443342.0,7081577005.0
S0_normal,0.576,0.816,0.675,0.742,23373.0,66582.0,4440.0,10036.0,2175.0,20799.0,27802.0,8462.0,76134474.0,7071272652.0,7147407125.0
S0_normal,0.538,0.774,0.788,0.645,21839.0,63201.0,5181.0,8718.0,7668.0,20191.0,28135.0,7943.0,76140364.0,7377117897.0,7453258262.0
S0_normal,0.613,0.857,0.788,0.45,24907.0,69964.0,5181.0,6083.0,473.0,21100.0,27026.0,10429.0,76146590.0,6981354092.0,7057500682.0
S0_normal,0.613,0.857,0.45,0.548,24907.0,69964.0,2960.0,7400.0,1375.0,21210.0,27033.0,10368.0,76168184.0,7019882413.0,7096050598.0
S0_normal,0.5,0.774,0.562,0.548,20305.0,63201.0,3700.0,7400.0,12001.0,20112.0,28352.0,7442.0,76175780.0,7607988117.0,7684163897.0
S0_normal,0.613,0.65,0.562,0.742,24907.0,53056.0,3700.0,10036.0,14907.0,19868.0,27205.0,10787.0,76186325.0,7767846161.0,7844032486.0
S0_normal,0.613,0.65,0.45,0.84,24907.0,53056.0,2960.0,11354.0,14329.0,19897.0,27341.0,10395.0,76189147.0,7732366488.0,7808555635.0
S0_normal,0.538,0.774,0.45,0.45,21839.0,63201.0,2960.0,6083.0,12524.0,20037.0,28395.0,7391.0,76191548.0,7633097228.0,7709288776.0
S0_normal,0.727,0.65,0.562,0.84,29510.0,53056.0,3700.0,11354.0,8987.0,20206.0,27434.0,9963.0,76209374.0,7442226824.0,7518436199.0
S0_normal,0.538,0.816,0.562,0.84,21839.0,66582.0,3700.0,11354.0,3131.0,20170.0,28415.0,7279.0,76214197.0,7120171534.0,7196385731.0
S0_normal,0.538,0.774,0.45,0.742,21839.0,63201.0,2960.0,10036.0,8571.0,20236.0,28243.0,7713.0,76215213.0,7415646218.0,7491861431.0
S0_normal,0.689,0.65,0.675,0.742,27976.0,53056.0,4440.0,10036.0,11099.0,20049.0,27347.0,10329.0,76227367.0,7562085053.0,7638312420.0
S0_normal,0.727,0.65,0.45,0.84,29510.0,53056.0,2960.0,11354.0,9727.0,20200.0,27475.0,9915.0,76256522.0,7479230821.0,7555487343.0
S0_normal,0.576,0.774,0.788,0.45,23373.0,63201.0,5181.0,6083.0,8770.0,20704.0,27957.0,8272.0,76270394.0,7437706681.0,7513977076.0
S0_normal,0.538,0.774,0.788,0.45,21839.0,63201.0,5181.0,6083.0,10304.0,20040.0,28409.0,7455.0,76272235.0,7522085237.0,7598357472.0
S0_normal,0.538,0.774,0.562,0.645,21839.0,63201.0,3700.0,8718.0,9149.0,20195.0,28208.0,7928.0,76284365.0,7451125891.0,7527410256.0
S0_normal,0.5,0.774,0.562,0.45,20305.0,63201.0,3700.0,6083.0,13318.0,19999.0,28437.0,7439.0,76298862.0,7680471787.0,7756770649.0
S0_normal,0.727,0.65,0.562,0.742,29510.0,53056.0,3700.0,10036.0,10305.0,20171.0,27364.0,10306.0,76306133.0,7514710494.0,7591016627.0
S0_normal,0.5,0.774,0.45,0.84,20305.0,63201.0,2960.0,11354.0,8787.0,20227.0,28414.0,7370.0,76309174.0,7427541104.0,7503850278.0
S0_normal,0.5,0.774,0.9,0.742,20305.0,63201.0,5921.0,10036.0,7145.0,20191.0,28286.0,7750.0,76312738.0,7352008786.0,7428321523.0
S0_normal,0.576,0.816,0.562,0.84,23373.0,66582.0,3700.0,11354.0,1597.0,20834.0,28011.0,8096.0,76313709.0,7035792979.0,7112106688.0
S0_normal,0.576,0.816,0.675,0.84,23373.0,66582.0,4440.0,11354.0,857.0,20835.0,28007.0,8118.0,76323258.0,6998788982.0,7075112240.0
S0_normal,0.538,0.774,0.45,0.645,21839.0,63201.0,2960.0,8718.0,9889.0,20189.0,28249.0,7879.0,76331512.0,7488129888.0,7564461401.0
S0_normal,0.538,0.774,0.788,0.742,21839.0,63201.0,5181.0,10036.0,6350.0,20238.0,28306.0,7777.0,76400393.0,7304634227.0,7381034620.0
S0_normal,0.538,0.774,0.9,0.45,21839.0,63201.0,5921.0,6083.0,9564.0,20036.0,28486.0,7428.0,76413501.0,7485081240.0,7561494741.0
S0_normal,0.5,0.774,0.45,0.742,20305.0,63201.0,2960.0,10036.0,10105.0,20191.0,28348.0,7713.0,76416592.0,7500024774.0,7576441366.0
S0_normal,0.651,0.816,0.9,0.548,26442.0,66582.0,5921.0,7400.0,262.0,21055.0,27380.0,9831.0,76417494.0,6973474886.0,7049892380.0
S0_normal,0.651,0.65,0.675,0.84,26442.0,53056.0,4440.0,11354.0,11315.0,20057.0,27593.0,9892.0,76418650.0,7573979938.0,7650398588.0
S0_normal,0.576,0.774,0.45,0.645,23373.0,63201.0,2960.0,8718.0,8354.0,20853.0,27841.0,8697.0,76423472.0,7403751333.0,7480174805.0
S0_normal,0.613,0.65,0.562,0.84,24907.0,53056.0,3700.0,11354.0,13589.0,19904.0,27434.0,10443.0,76428614.0,7695362491.0,7771791105.0
S0_normal,0.651,0.857,0.562,0.45,26442.0,69964.0,3700.0,6083.0,419.0,21256.0,27340.0,9840.0,76439224.0,6970983531.0,7047422755.0
S0_normal,0.5,0.774,0.562,0.742,20305.0,63201.0,3700.0,10036.0,9365.0,20198.0,28342.0,7761.0,76442943.0,7463020777.0,7539463720.0
S0_normal,0.576,0.774,0.788,0.645,23373.0,63201.0,5181.0,8718.0,6134.0,20856.0,27827.0,8761.0,76444479.0,7292739341.0,7369183821.0
S0_normal,0.613,0.857,0.45,0.45,24907.0,69964.0,2960.0,6083.0,2693.0,21097.0,27191.0,10366.0,76446725.0,7092366083.0,7168812808.0
S0_normal,0.576,0.774,0.9,0.548,23373.0,63201.0,5921.0,7400.0,6712.0,20814.0,28024.0,8248.0,76448507.0,7328219014.0,7404667521.0
S0_normal,0.5,0.774,0.788,0.84,20305.0,63201.0,5181.0,11354.0,6567.0,20229.0,28475.0,7433.0,76491107.0,7316529113.0,7393020219.0
S0_normal,0.689,0.65,0.562,0.84,27976.0,53056.0,3700.0,11354.0,10521.0,20084.0,27600.0,9963.0,76500107.0,7526605380.0,7603105487.0
S0_normal,0.5,0.774,0.675,0.548,20305.0,63201.0,4440.0,7400.0,11260.0,20113.0,28500.0,7464.0,76509250.0,7570984120.0,7647493370.0
S0_normal,0.727,0.65,0.675,0.742,29510.0,53056.0,4440.0,10036.0,9565.0,20171.0,27454.0,10329.0,76516374.0,7477706497.0,7554222871.0
S0_normal,0.5,0.774,0.562,0.645,20305.0,63201.0,3700.0,8718.0,10683.0,20151.0,28328.0,7928.0,76518390.0,7535504447.0,7612022837.0
S0_normal,0.576,0.774,0.788,0.548,23373.0,63201.0,5181.0,7400.0,7452.0,20817.0,28061.0,8275.0,76550513.0,7365223011.0,7441773524.0
S0_normal,0.538,0.774,0.9,0.742,21839.0,63201.0,5921.0,10036.0,5610.0,20235.0,28390.0,7750.0,76556008.0,7267630230.0,7344186238.0
S0_normal,0.613,0.65,0.675,0.742,24907.0,53056.0,4440.0,10036.0,14167.0,19869.0,27373.0,10809.0,76561374.0,7730842164.0,7807403538.0
S0_normal,0.576,0.774,0.9,0.45,23373.0,63201.0,5921.0,6083.0,8030.0,20701.0,28113.0,8245.0,76579666.0,7400702684.0,7477282351.0
S0_normal,0.727,0.65,0.675,0.84,29510.0,53056.0,4440.0,11354.0,8247.0,20207.0,27606.0,9985.0,76592651.0,7405222827.0,7481815478.0
S0_normal,0.538,0.774,0.562,0.45,21839.0,63201.0,3700.0,6083.0,11784.0,20044.0,28567.0,7439.0,76597593.0,7596093231.0,7672690824.0
S0_normal,0.689,0.816,0.45,0.645,27976.0,66582.0,2960.0,8718.0,370.0,21122.0,27257.0,10373.0,76604802.0,6964628649.0,7041233451.0
S0_normal,0.727,0.816,0.45,0.548,29510.0,66582.0,2960.0,7400.0,154.0,21206.0,27429.0,9888.0,76639682.0,6952733764.0,7029373445.0
S0_normal,0.5,0.774,0.675,0.45,20305.0,63201.0,4440.0,6083.0,12578.0,20000.0,28596.0,7462.0,76654488.0,7643467790.0,7720122278.0
S0_normal,0.576,0.774,0.45,0.45,23373.0,63201.0,2960.0,6083.0,10990.0,20701.0,28162.0,8208.0,76655609.0,7548718673.0,7625374282.0
S0_normal,0.5,0.774,0.9,0.84,20305.0,63201.0,5921.0,11354.0,5827.0,20226.0,28564.0,7406.0,76656322.0,7279525116.0,7356181437.0
S0_normal,0.538,0.774,0.675,0.645,21839.0,63201.0,4440.0,8718.0,8408.0,20196.0,28379.0,7950.0,76667641.0,7414121894.0,7490789536.0
S0_normal,0.538,0.774,0.562,0.548,21839.0,63201.0,3700.0,7400.0,10466.0,20157.0,28572.0,7442.0,76668095.0,7523609561.0,7600277656.0
S0_normal,0.5,0.774,0.675,0.742,20305.0,63201.0,4440.0,10036.0,8625.0,20199.0,28445.0,7784.0,76681401.0,7426016780.0,7502698181.0
S0_normal,0.613,0.857,0.562,0.548,24907.0,69964.0,3700.0,7400.0,635.0,21217.0,27261.0,10417.0,76695452.0,6982878416.0,7059573869.0
S0_normal,0.576,0.774,0.562,0.548,23373.0,63201.0,3700.0,7400.0,8932.0,20821.0,28136.0,8259.0,76699394.0,7439231006.0,7515930400.0
S0_normal,0.613,0.65,0.675,0.84,24907.0,53056.0,4440.0,11354.0,12849.0,19905.0,27558.0,10466.0,76708933.0,7658358494.0,7735067427.0
S0_normal,0.689,0.816,0.9,0.45,27976.0,66582.0,5921.0,6083.0,46.0,20970.0,27509.0,9921.0,76717866.0,6961580001.0,7038297867.0
S0_normal,0.576,0.774,0.45,0.548,23373.0,63201.0,2960.0,7400.0,9672.0,20814.0,28177.0,8211.0,76746542.0,7476235003.0,7552981545.0
S0_normal,0.576,0.774,0.9,0.645,23373.0,63201.0,5921.0,8718.0,5394.0,20852.0,27988.0,8733.0,76764268.0,7255735344.0,7332499612.0
S0_normal,0.651,0.816,0.788,0.548,26442.0,66582.0,5181.0,7400.0,1002.0,21058.0,27545.0,9859.0,76791945.0,7010478883.0,7087270829.0
S0_normal,0.689,0.65,0.675,0.84,27976.0,53056.0,4440.0,11354.0,9781.0,20085.0,27732.0,9985.0,76799541.0,7489601383.0,7566400924.0
S0_normal,0.689,0.816,0.788,0.45,27976.0,66582.0,5181.0,6083.0,786.0,20973.0,27543.0,9949.0,76814195.0,6998583998.0,7075398193.0
S0_normal,0.576,0.774,0.45,0.742,23373.0,63201.0,2960.0,10036.0,7037.0,20900.0,28088.0,8530.0,76846760.0,7331267663.0,7408114423.0
S0_normal,0.538,0.774,0.788,0.84,21839.0,63201.0,5181.0,11354.0,5033.0,20274.0,28640.0,7433.0,76863003.0,7232150557.0,7309013560.0
S0_normal,0.651,0.816,0.788,0.45,26442.0,66582.0,5181.0,6083.0,2320.0,20945.0,27609.0,9856.0,76868144.0,7082962553.0,7159830697.0
S0_normal,0.5,0.774,0.675,0.645,20305.0,63201.0,4440.0,8718.0,9943.0,20151.0,28484.0,7950.0,76869021.0,7498500450.0,7575369470.0
S0_normal,0.651,0.816,0.9,0.45,26442.0,66582.0,5921.0,6083.0,1580.0,20942.0,27621.0,9828.0,76871414.0,7045958556.0,7122829970.0
S0_normal,0.538,0.774,0.45,0.84,21839.0,63201.0,2960.0,11354.0,7253.0,20271.0,28671.0,7370.0,76878564.0,7343162548.0,7420041112.0
S0_normal,0.576,0.774,0.9,0.742,23373.0,63201.0,5921.0,10036.0,4076.0,20899.0,28099.0,8567.0,76897165.0,7183251674.0,7260148840.0
S0_normal,0.651,0.816,0.45,0.45,26442.0,66582.0,2960.0,6083.0,4540.0,20943.0,27654.0,9792.0,76914291.0,7193974545.0,7270888835.0
S0_normal,0.689,0.816,0.45,0.548,27976.0,66582.0,2960.0,7400.0,1688.0,21083.0,27587.0,9888.0,76914966.0,7037112319.0,7114027285.0
S0_normal,0.538,0.774,0.675,0.45,21839.0,63201.0,4440.0,6083.0,11044.0,20044.0,28715.0,7462.0,76931063.0,7559089234.0,7636020297.0
S0_normal,0.538,0.774,0.562,0.742,21839.0,63201.0,3700.0,10036.0,7831.0,20242.0,28566.0,7761.0,76943197.0,7378642221.0,7455585418.0
S0_normal,0.576,0.774,0.788,0.742,23373.0,63201.0,5181.0,10036.0,4816.0,20903.0,28126.0,8594.0,76976897.0,7220255672.0,7297232568.0
S0_normal,0.613,0.857,0.675,0.45,24907.0,69964.0,4440.0,6083.0,1213.0,21104.0,27417.0,10436.0,76985160.0,7018358089.0,7095343250.0
S0_normal,0.538,0.774,0.675,0.548,21839.0,63201.0,4440.0,7400.0,9726.0,20157.0,28716.0,7464.0,76990711.0,7486605564.0,7563596275.0
S0_normal,0.651,0.816,0.45,0.548,26442.0,66582.0,2960.0,7400.0,3222.0,21056.0,27663.0,9795.0,76992568.0,7121490875.0,7198483442.0
S0_normal,0.651,0.816,0.45,0.645,26442.0,66582.0,2960.0,8718.0,1905.0,21094.0,27486.0,10280.0,77008351.0,7049007205.0,7126015555.0
S0_normal,0.613,0.857,0.562,0.45,24907.0,69964.0,3700.0,6083.0,1953.0,21104.0,27441.0,10414.0,77020225.0,7055362086.0,7132382311.0
S0_normal,0.613,0.816,0.45,0.45,24907.0,66582.0,2960.0,6083.0,6074.0,20790.0,27543.0,10366.0,77043545.0,7278353100.0,7355396646.0
S0_normal,0.613,0.816,0.9,0.645,24907.0,66582.0,5921.0,8718.0,478.0,20941.0,27318.0,10890.0,77043807.0,6985369772.0,7062413579.0
S0_normal,0.613,0.816,0.45,0.548,24907.0,66582.0,2960.0,7400.0,4757.0,20903.0,27518.0,10368.0,77048642.0,7205869430.0,7282918073.0
S0_normal,0.538,0.774,0.9,0.84,21839.0,63201.0,5921.0,11354.0,4293.0,20270.0,28739.0,7406.0,77051187.0,7195146560.0,7272197747.0
S0_normal,0.727,0.816,0.45,0.45,29510.0,66582.0,2960.0,6083.0,1472.0,21093.0,27659.0,9885.0,77071127.0,7025217434.0,7102288561.0
S0_normal,0.576,0.774,0.675,0.548,23373.0,63201.0,4440.0,7400.0,8192.0,20822.0,28308.0,8282.0,77082671.0,7402227009.0,7479309680.0
S0_normal,0.538,0.774,0.675,0.742,21839.0,63201.0,4440.0,10036.0,7091.0,20243.0,28627.0,7784.0,77090929.0,7341638224.0,7418729153.0
S0_normal,0.613,0.816,0.788,0.645,24907.0,66582.0,5181.0,8718.0,1218.0,20944.0,27333.0,10918.0,77098506.0,7022373769.0,7099472275.0
S0_normal,0.651,0.816,0.45,0.742,26442.0,66582.0,2960.0,10036.0,587.0,21141.0,27592.0,10114.0,77128209.0,6976523535.0,7053651744.0
S0_normal,0.613,0.816,0.9,0.548,24907.0,66582.0,5921.0,7400.0,1796.0,20903.0,27543.0,10405.0,77130703.0,7057853442.0,7134984145.0
S0_normal,0.613,0.816,0.788,0.548,24907.0,66582.0,5181.0,7400.0,2536.0,20906.0,27542.0,10432.0,77149299.0,7094857439.0,7172006738.0
S0_normal,0.5,0.774,0.562,0.84,20305.0,63201.0,3700.0,11354.0,8047.0,20233.0,28791.0,7418.0,77153358.0,7390537107.0,7467690465.0
S0_normal,0.613,0.816,0.788,0.45,24907.0,66582.0,5181.0,6083.0,3854.0,20793.0,27576.0,10429.0,77164789.0,7167341109.0,7244505898.0
S0_normal,0.576,0.774,0.562,0.645,23373.0,63201.0,3700.0,8718.0,7614.0,20859.0,28175.0,8745.0,77176808.0,7366747336.0,7443924144.0
S0_normal,0.576,0.774,0.675,0.645,23373.0,63201.0,4440.0,8718.0,6874.0,20860.0,28178.0,8767.0,77200049.0,7329743339.0,7406943387.0
S0_normal,0.689,0.816,0.675,0.548,27976.0,66582.0,4440.0,7400.0,208.0,21090.0,27695.0,9958.0,77203572.0,6963104325.0,7040307897.0
S0_normal,0.576,0.774,0.562,0.45,23373.0,63201.0,3700.0,6083.0,10250.0,20708.0,28439.0,8256.0,77286198.0,7511714676.0,7589000873.0
S0_normal,0.689,0.816,0.562,0.548,27976.0,66582.0,3700.0,7400.0,948.0,21090.0,27745.0,9936.0,77293121.0,7000108322.0,7077401443.0
S0_normal,0.576,0.774,0.45,0.84,23373.0,63201.0,2960.0,11354.0,5719.0,20935.0,28415.0,8187.0,77294693.0,7258783993.0,7336078686.0
S0_normal,0.613,0.816,0.45,0.645,24907.0,66582.0,2960.0,8718.0,3439.0,20942.0,27451.0,10854.0,77299128.0,7133385760.0,7210684888.0
S0_normal,0.538,0.774,0.562,0.84,21839.0,63201.0,3700.0,11354.0,6513.0,20278.0,28854.0,7418.0,77308779.0,7306158551.0,7383467330.0
S0_normal,0.689,0.816,0.45,0.45,27976.0,66582.0,2960.0,6083.0,3006.0,20970.0,27802.0,9885.0,77313811.0,7109595989.0,7186909800.0
S0_normal,0.5,0.774,0.675,0.84,20305.0,63201.0,4440.0,11354.0,7307.0,20234.0,28871.0,7440.0,77341504.0,7353533110.0,7430874614.0
S0_normal,0.651,0.816,0.675,0.645,26442.0,66582.0,4440.0,8718.0,424.0,21101.0,27646.0,10351.0,77405416.0,6974999211.0,7052404626.0
S0_normal,0.651,0.816,0.562,0.645,26442.0,66582.0,3700.0,8718.0,1164.0,21100.0,27657.0,10328.0,77413359.0,7012003208.0,7089416567.0
S0_normal,0.576,0.774,0.788,0.84,23373.0,63201.0,5181.0,11354.0,3498.0,20938.0,28449.0,8251.0,77419358.0,7147772002.0,7225191359.0
S0_normal,0.576,0.774,0.562,0.742,23373.0,63201.0,3700.0,10036.0,6296.0,20906.0,28347.0,8579.0,77436837.0,7294263666.0,7371700503.0
S0_normal,0.576,0.774,0.675,0.45,23373.0,63201.0,4440.0,6083.0,9510.0,20709.0,28504.0,8279.0,77442076.0,7474710679.0,7552152755.0
S0_normal,0.651,0.816,0.562,0.548,26442.0,66582.0,3700.0,7400.0,2482.0,21062.0,27866.0,9843.0,77464152.0,7084486878.0,7161951030.0
S0_normal,0.576,0.774,0.9,0.84,23373.0,63201.0,5921.0,11354.0,2758.0,20935.0,28481.0,8223.0,77464171.0,7110768004.0,7188232176.0
S0_normal,0.651,0.816,0.562,0.45,26442.0,66582.0,3700.0,6083.0,3800.0,20949.0,27901.0,9840.0,77479643.0,7156970548.0,7234450190.0
S0_normal,0.613,0.816,0.45,0.742,24907.0,66582.0,2960.0,10036.0,2121.0,20989.0,27588.0,10688.0,77486350.0,7060902090.0,7138388440.0
S0_normal,0.613,0.816,0.9,0.45,24907.0,66582.0,5921.0,6083.0,3114.0,20790.0,27741.0,10402.0,77493492.0,7130337112.0,7207830604.0
S0_normal,0.651,0.816,0.675,0.548,26442.0,66582.0,4440.0,7400.0,1742.0,21063.0,27881.0,9865.0,77514532.0,7047482881.0,7124997413.0
S0_normal,0.689,0.816,0.562,0.45,27976.0,66582.0,3700.0,6083.0,2266.0,20977.0,27886.0,9933.0,77533796.0,7072591992.0,7150125788.0
S0_normal,0.538,0.774,0.675,0.84,21839.0,63201.0,4440.0,11354.0,5773.0,20278.0,28953.0,7440.0,77538862.0,7269154554.0,7346693416.0
S0_normal,0.727,0.816,0.562,0.45,29510.0,66582.0,3700.0,6083.0,732.0,21099.0,27866.0,9933.0,77551789.0,6988213436.0,7065765225.0
S0_normal,0.613,0.816,0.562,0.548,24907.0,66582.0,3700.0,7400.0,4017.0,20910.0,27739.0,10417.0,77560649.0,7168865433.0,7246426082.0
S0_normal,0.689,0.816,0.675,0.45,27976.0,66582.0,4440.0,6083.0,1526.0,20977.0,27915.0,9955.0,77614147.0,7035587995.0,7113202142.0
S0_normal,0.764,0.774,0.9,0.45,31044.0,63201.0,5921.0,6083.0,359.0,21064.0,27875.0,10060.0,77651365.0,6978809907.0,7056461272.0
S0_normal,0.576,0.774,0.675,0.742,23373.0,63201.0,4440.0,10036.0,5556.0,20907.0,28444.0,8601.0,77661427.0,7257259669.0,7334921096.0
S0_normal,0.613,0.816,0.45,0.84,24907.0,66582.0,2960.0,11354.0,803.0,21024.0,27793.0,10344.0,77675134.0,6988418420.0,7066093555.0
S0_normal,0.764,0.774,0.45,0.645,31044.0,63201.0,2960.0,8718.0,684.0,21216.0,27756.0,10512.0,77822721.0,6981858555.0,7059681276.0
S0_normal,0.613,0.816,0.562,0.45,24907.0,66582.0,3700.0,6083.0,5334.0,20797.0,27893.0,10414.0,77829150.0,7241349103.0,7319178254.0
S0_normal,0.613,0.816,0.562,0.645,24907.0,66582.0,3700.0,8718.0,2699.0,20948.0,27686.0,10902.0,77840683.0,7096381763.0,7174222446.0
S0_normal,0.651,0.816,0.675,0.45,26442.0,66582.0,4440.0,6083.0,3060.0,20950.0,28079.0,9862.0,77877321.0,7119966551.0,7197843871.0
S0_normal,0.613,0.816,0.675,0.45,24907.0,66582.0,4440.0,6083.0,4594.0,20797.0,27909.0,10436.0,77880050.0,7204345106.0,7282225156.0
S0_normal,0.576,0.774,0.562,0.84,23373.0,63201.0,3700.0,11354.0,4979.0,20942.0,28680.0,8235.0,77899447.0,7221779996.0,7299679443.0
S0_normal,0.576,0.774,0.675,0.84,23373.0,63201.0,4440.0,11354.0,4239.0,20942.0,28675.0,8257.0,77905971.0,7184775999.0,7262681970.0
S0_normal,0.613,0.816,0.675,0.548,24907.0,66582.0,4440.0,7400.0,3276.0,20910.0,27918.0,10439.0,77958327.0,7131861436.0,7209819763.0
S0_normal,0.764,0.774,0.788,0.45,31044.0,63201.0,5181.0,6083.0,1099.0,21068.0,28011.0,10088.0,77965388.0,7015813904.0,7093779292.0
S0_normal,0.764,0.774,0.45,0.548,31044.0,63201.0,2960.0,7400.0,2002.0,21178.0,28009.0,10027.0,77968546.0,7054342225.0,7132310771.0
S0_normal,0.613,0.816,0.675,0.645,24907.0,66582.0,4440.0,8718.0,1959.0,20949.0,27747.0,10924.0,77986417.0,7059377766.0,7137364183.0
S0_normal,0.613,0.816,0.562,0.742,24907.0,66582.0,3700.0,10036.0,1381.0,20995.0,27808.0,10736.0,77994467.0,7023898093.0,7101892560.0
S0_normal,0.613,0.816,0.562,0.84,24907.0,66582.0,3700.0,11354.0,63.0,21031.0,27962.0,10392.0,78075547.0,6951414423.0,7029489970.0
S0_normal,0.651,0.774,0.45,0.548,26442.0,63201.0,2960.0,7400.0,6604.0,21163.0,28102.0,9934.0,78087150.0,7307477892.0,7385565042.0
S0_normal,0.613,0.816,0.675,0.742,24907.0,66582.0,4440.0,10036.0,641.0,20996.0,27846.0,10758.0,78093968.0,6986894096.0,7064988065.0
S0_normal,0.764,0.774,0.45,0.45,31044.0,63201.0,2960.0,6083.0,3319.0,21065.0,28129.0,10024.0,78166010.0,7126825895.0,7204991905.0
S0_normal,0.613,0.774,0.45,0.45,24907.0,63201.0,2960.0,6083.0,9456.0,20898.0,28028.0,10504.0,78236659.0,7464340117.0,7542576776.0
S0_normal,0.651,0.774,0.45,0.45,26442.0,63201.0,2960.0,6083.0,7922.0,21050.0,28228.0,9931.0,78298183.0,7379961562.0,7458259744.0
S0_normal,0.651,0.774,0.788,0.548,26442.0,63201.0,5181.0,7400.0,4384.0,21166.0,28190.0,9998.0,78326300.0,7196465900.0,7274792200.0
S0_normal,0.651,0.774,0.788,0.45,26442.0,63201.0,5181.0,6083.0,5702.0,21053.0,28229.0,9995.0,78349139.0,7268949570.0,7347298710.0
S0_normal,0.689,0.774,0.9,0.645,27976.0,63201.0,5921.0,8718.0,792.0,21229.0,27988.0,10549.0,78350876.0,7002599678.0,7080950554.0
S0_normal,0.689,0.774,0.45,0.548,27976.0,63201.0,2960.0,7400.0,5070.0,21191.0,28189.0,10027.0,78358477.0,7223099336.0,7301457813.0
S0_normal,0.764,0.774,0.562,0.548,31044.0,63201.0,3700.0,7400.0,1261.0,21184.0,28174.0,10075.0,78361248.0,7017338228.0,7095699476.0
S0_normal,0.689,0.774,0.788,0.645,27976.0,63201.0,5181.0,8718.0,1532.0,21232.0,27985.0,10576.0,78366957.0,7039603675.0,7117970632.0
S0_normal,0.651,0.774,0.9,0.548,26442.0,63201.0,5921.0,7400.0,3644.0,21162.0,28223.0,9970.0,78372923.0,7159461903.0,7237834826.0
S0_normal,0.689,0.774,0.788,0.742,27976.0,63201.0,5181.0,10036.0,214.0,21279.0,28044.0,10410.0,78388707.0,6967120005.0,7045508711.0
S0_normal,0.689,0.774,0.788,0.45,27976.0,63201.0,5181.0,6083.0,4168.0,21081.0,28211.0,10088.0,78396908.0,7184571015.0,7262967923.0
S0_normal,0.651,0.774,0.9,0.645,26442.0,63201.0,5921.0,8718.0,2326.0,21201.0,28053.0,10456.0,78404825.0,7086978233.0,7165383058.0
S0_normal,0.689,0.774,0.45,0.45,27976.0,63201.0,2960.0,6083.0,6388.0,21078.0,28240.0,10024.0,78408393.0,7295583006.0,7373991399.0
S0_normal,0.651,0.774,0.45,0.645,26442.0,63201.0,2960.0,8718.0,5286.0,21202.0,28072.0,10419.0,78417295.0,7234994222.0,7313411517.0
S0_normal,0.689,0.774,0.788,0.548,27976.0,63201.0,5181.0,7400.0,2850.0,21194.0,28194.0,10091.0,78419943.0,7112087345.0,7190507288.0
S0_normal,0.613,0.774,0.788,0.548,24907.0,63201.0,5181.0,7400.0,5918.0,21014.0,28069.0,10571.0,78434253.0,7280844456.0,7359278709.0
S0_normal,0.613,0.774,0.45,0.548,24907.0,63201.0,2960.0,7400.0,8138.0,21011.0,28093.0,10507.0,78434547.0,7391856447.0,7470290995.0
S0_normal,0.727,0.774,0.788,0.548,29510.0,63201.0,5181.0,7400.0,1315.0,21316.0,28174.0,10091.0,78437229.0,7027708789.0,7106146018.0
S0_normal,0.689,0.774,0.9,0.548,27976.0,63201.0,5921.0,7400.0,2110.0,21190.0,28218.0,10063.0,78449064.0,7075083348.0,7153532411.0
S0_normal,0.651,0.774,0.9,0.45,26442.0,63201.0,5921.0,6083.0,4962.0,21049.0,28290.0,9967.0,78457152.0,7231945573.0,7310402725.0
S0_normal,0.689,0.774,0.45,0.645,27976.0,63201.0,2960.0,8718.0,3752.0,21229.0,28071.0,10512.0,78499802.0,7150615666.0,7229115468.0
S0_normal,0.727,0.774,0.9,0.548,29510.0,63201.0,5921.0,7400.0,575.0,21312.0,28220.0,10063.0,78513663.0,6990704792.0,7069218455.0
S0_normal,0.764,0.774,0.675,0.548,31044.0,63201.0,4440.0,7400.0,521.0,21185.0,28245.0,10097.0,78528526.0,6980334231.0,7058862757.0
S0_normal,0.613,0.774,0.9,0.548,24907.0,63201.0,5921.0,7400.0,5178.0,21010.0,28129.0,10544.0,78538158.0,7243840459.0,7322378617.0
S0_normal,0.613,0.774,0.45,0.645,24907.0,63201.0,2960.0,8718.0,6820.0,21049.0,27964.0,10993.0,78551925.0,7319372777.0,7397924702.0
S0_normal,0.613,0.774,0.9,0.45,24907.0,63201.0,5921.0,6083.0,6496.0,20897.0,28180.0,10541.0,78588074.0,7316324129.0,7394912203.0
S0_normal,0.727,0.774,0.45,0.645,29510.0,63201.0,2960.0,8718.0,2218.0,21352.0,28087.0,10512.0,78596434.0,7066237111.0,7144833544.0
S0_normal,0.727,0.774,0.45,0.548,29510.0,63201.0,2960.0,7400.0,3536.0,21313.0,28281.0,10027.0,78615982.0,7138720781.0,7217336762.0
S0_normal,0.651,0.774,0.788,0.645,26442.0,63201.0,5181.0,8718.0,3066.0,21204.0,28148.0,10483.0,78630131.0,7123982230.0,7202612361.0
S0_normal,0.613,0.774,0.788,0.645,24907.0,63201.0,5181.0,8718.0,4600.0,21052.0,27978.0,11057.0,78632860.0,7208360786.0,7286993646.0
S0_normal,0.651,0.774,0.45,0.742,26442.0,63201.0,2960.0,10036.0,3968.0,21249.0,28222.0,10253.0,78632870.0,7162510552.0,7241143422.0
S0_normal,0.613,0.774,0.788,0.45,24907.0,63201.0,5181.0,6083.0,7236.0,20901.0,28200.0,10568.0,78654601.0,7353328126.0,7431982726.0
S0_normal,0.764,0.774,0.562,0.45,31044.0,63201.0,3700.0,6083.0,2579.0,21071.0,28347.0,10072.0,78670978.0,7089821898.0,7168492876.0
S0_normal,0.689,0.774,0.9,0.45,27976.0,63201.0,5921.0,6083.0,3427.0,21077.0,28361.0,10060.0,78694166.0,7147567018.0,7226261184.0
S0_normal,0.651,0.774,0.788,0.742,26442.0,63201.0,5181.0,10036.0,1748.0,21251.0,28230.0,10317.0,78699667.0,7051498560.0,7130198227.0
S0_normal,0.727,0.774,0.45,0.45,29510.0,63201.0,2960.0,6083.0,4854.0,21200.0,28348.0,10024.0,78700211.0,7211204450.0,7289904661.0
S0_normal,0.613,0.774,0.9,0.645,24907.0,63201.0,5921.0,8718.0,3860.0,21049.0,28021.0,11029.0,78701470.0,7171356789.0,7250058259.0
S0_normal,0.727,0.774,0.45,0.742,29510.0,63201.0,2960.0,10036.0,900.0,21399.0,28188.0,10346.0,78705016.0,6993753441.0,7072458457.0
S0_normal,0.727,0.774,0.788,0.45,29510.0,63201.0,5181.0,6083.0,2633.0,21203.0,28336.0,10088.0,78725090.0,7100192459.0,7178917549.0
S0_normal,0.689,0.774,0.45,0.742,27976.0,63201.0,2960.0,10036.0,2434.0,21276.0,28232.0,10346.0,78738474.0,7078131996.0,7156870470.0
S0_normal,0.651,0.774,0.562,0.548,26442.0,63201.0,3700.0,7400.0,5864.0,21170.0,28394.0,9982.0,78749107.0,7270473895.0,7349223001.0
S0_normal,0.651,0.774,0.9,0.742,26442.0,63201.0,5921.0,10036.0,1008.0,21248.0,28270.0,10289.0,78760951.0,7014494563.0,7093255514.0
S0_normal,0.764,0.774,0.675,0.45,31044.0,63201.0,4440.0,6083.0,1839.0,21072.0,28409.0,10094.0,78819806.0,7052817901.0,7131637707.0
S0_normal,0.727,0.774,0.9,0.45,29510.0,63201.0,5921.0,6083.0,1893.0,21199.0,28394.0,10060.0,78826128.0,7063188462.0,7142014591.0
S0_normal,0.651,0.774,0.788,0.84,26442.0,63201.0,5181.0,11354.0,430.0,21287.0,28430.0,9973.0,78877522.0,6979014890.0,7057892412.0
S0_normal,0.613,0.774,0.562,0.45,24907.0,63201.0,3700.0,6083.0,8716.0,20904.0,28322.0,10553.0,78902883.0,7427336120.0,7506239004.0
S0_normal,0.651,0.774,0.675,0.548,26442.0,63201.0,4440.0,7400.0,5124.0,21170.0,28467.0,10004.0,78921987.0,7233469897.0,7312391884.0
S0_normal,0.651,0.774,0.562,0.645,26442.0,63201.0,3700.0,8718.0,4546.0,21208.0,28302.0,10467.0,78947714.0,7197990225.0,7276937938.0
S0_normal,0.651,0.774,0.562,0.45,26442.0,63201.0,3700.0,6083.0,7182.0,21057.0,28525.0,9979.0,78969454.0,7342957565.0,7421927019.0
S0_normal,0.651,0.774,0.675,0.45,26442.0,63201.0,4440.0,6083.0,6442.0,21057.0,28518.0,10001.0,78971903.0,7305953567.0,7384925470.0
S0_normal,0.613,0.774,0.45,0.742,24907.0,63201.0,2960.0,10036.0,5502.0,21097.0,28229.0,10827.0,79013303.0,7246889107.0,7325902410.0
S0_normal,0.689,0.774,0.562,0.548,27976.0,63201.0,3700.0,7400.0,4330.0,21197.0,28492.0,10075.0,79043403.0,7186095339.0,7265138742.0
S0_normal,0.613,0.774,0.675,0.548,24907.0,63201.0,4440.0,7400.0,6658.0,21018.0,28356.0,10578.0,79052909.0,7317848453.0,7396901362.0
S0_normal,0.689,0.774,0.562,0.45,27976.0,63201.0,3700.0,6083.0,5648.0,21084.0,28527.0,10072.0,79060750.0,7258579009.0,7337639759.0
S0_normal,0.613,0.774,0.562,0.645,24907.0,63201.0,3700.0,8718.0,6080.0,21056.0,28191.0,11041.0,79076969.0,7282368780.0,7361445749.0
S0_normal,0.651,0.774,0.675,0.645,26442.0,63201.0,4440.0,8718.0,3806.0,21209.0,28359.0,10489.0,79085299.0,7160986227.0,7240071527.0
S0_normal,0.727,0.774,0.562,0.45,29510.0,63201.0,3700.0,6083.0,4114.0,21207.0,28519.0,10072.0,79103057.0,7174200453.0,7253303510.0
S0_normal,0.727,0.774,0.562,0.645,29510.0,63201.0,3700.0,8718.0,1478.0,21358.0,28307.0,10560.0,79104550.0,7029233113.0,7108337664.0
S0_normal,0.613,0.774,0.9,0.742,24907.0,63201.0,5921.0,10036.0,2542.0,21096.0,28266.0,10863.0,79118304.0,7098873119.0,7177991423.0
S0_normal,0.727,0.774,0.562,0.742,29510.0,63201.0,3700.0,10036.0,160.0,21405.0,28366.0,10394.0,79126300.0,6956749443.0,7035875744.0
S0_normal,0.689,0.774,0.675,0.645,27976.0,63201.0,4440.0,8718.0,2272.0,21237.0,28344.0,10582.0,79139453.0,7076607672.0,7155747125.0
S0_normal,0.613,0.774,0.788,0.742,24907.0,63201.0,5181.0,10036.0,3282.0,21099.0,28267.0,10890.0,79143461.0,7135877116.0,7215020577.0
S0_normal,0.613,0.774,0.562,0.548,24907.0,63201.0,3700.0,7400.0,7398.0,21017.0,28407.0,10556.0,79143903.0,7354852450.0,7433996353.0
S0_normal,0.727,0.774,0.675,0.645,29510.0,63201.0,4440.0,8718.0,738.0,21359.0,28324.0,10582.0,79157445.0,6992229116.0,7071386561.0
S0_normal,0.727,0.774,0.562,0.548,29510.0,63201.0,3700.0,7400.0,2796.0,21320.0,28517.0,10075.0,79157537.0,7101716783.0,7180874320.0
S0_normal,0.689,0.774,0.675,0.548,27976.0,63201.0,4440.0,7400.0,3590.0,21198.0,28538.0,10097.0,79159001.0,7149091342.0,7228250343.0
S0_normal,0.651,0.774,0.45,0.84,26442.0,63201.0,2960.0,11354.0,2650.0,21284.0,28587.0,9909.0,79163289.0,7090026882.0,7169190171.0
S0_normal,0.689,0.774,0.45,0.84,27976.0,63201.0,2960.0,11354.0,1116.0,21312.0,28553.0,10002.0,79174802.0,7005648326.0,7084823128.0
S0_normal,0.689,0.774,0.675,0.45,27976.0,63201.0,4440.0,6083.0,4908.0,21085.0,28605.0,10094.0,79243230.0,7221575012.0,7300818242.0
S0_normal,0.613,0.774,0.45,0.84,24907.0,63201.0,2960.0,11354.0,4185.0,21132.0,28460.0,10483.0,79257847.0,7174405437.0,7253663285.0
S0_normal,0.613,0.774,0.675,0.45,24907.0,63201.0,4440.0,6083.0,7976.0,20905.0,28491.0,10575.0,79281131.0,7390332123.0,7469613254.0
S0_normal,0.727,0.774,0.675,0.548,29510.0,63201.0,4440.0,7400.0,2056.0,21320.0,28573.0,10097.0,79295369.0,7064712786.0,7144008156.0
S0_normal,0.689,0.774,0.675,0.742,27976.0,63201.0,4440.0,10036.0,954.0,21284.0,28483.0,10416.0,79331102.0,7004124002.0,7083455104.0
S0_normal,0.689,0.774,0.562,0.645,27976.0,63201.0,3700.0,8718.0,3012.0,21236.0,28450.0,10560.0,79347234.0,7113611669.0,7192958903.0
S0_normal,0.613,0.774,0.9,0.84,24907.0,63201.0,5921.0,11354.0,1224.0,21131.0,28492.0,10520.0,79354483.0,7026389449.0,7105743932.0
S0_normal,0.689,0.774,0.562,0.84,27976.0,63201.0,3700.0,11354.0,376.0,21318.0,28620.0,10050.0,79357521.0,6968644329.0,7048001850.0
S0_normal,0.689,0.774,0.562,0.742,27976.0,63201.0,3700.0,10036.0,1694.0,21283.0,28515.0,10394.0,79380713.0,7041127999.0,7120508712.0
S0_normal,0.613,0.774,0.675,0.645,24907.0,63201.0,4440.0,8718.0,5340.0,21057.0,28351.0,11063.0,79434807.0,7245364783.0,7324799590.0
S0_normal,0.651,0.774,0.562,0.742,26442.0,63201.0,3700.0,10036.0,3228.0,21255.0,28591.0,10301.0,79458315.0,7125506555.0,7204964869.0
S0_normal,0.613,0.774,0.788,0.84,24907.0,63201.0,5181.0,11354.0,1964.0,21135.0,28531.0,10547.0,79458523.0,7063393446.0,7142851969.0
S0_normal,0.727,0.774,0.675,0.45,29510.0,63201.0,4440.0,6083.0,3373.0,21207.0,28697.0,10094.0,79500735.0,7137196456.0,7216697191.0
S0_normal,0.651,0.774,0.675,0.742,26442.0,63201.0,4440.0,10036.0,2488.0,21256.0,28603.0,10323.0,79502133.0,7088502558.0,7168004691.0
S0_normal,0.613,0.774,0.562,0.742,24907.0,63201.0,3700.0,10036.0,4762.0,21103.0,28446.0,10875.0,79514390.0,7209885110.0,7289399500.0
S0_normal,0.613,0.774,0.675,0.742,24907.0,63201.0,4440.0,10036.0,4022.0,21104.0,28477.0,10897.0,79598630.0,7172881113.0,7252479743.0
S0_normal,0.651,0.774,0.675,0.84,26442.0,63201.0,4440.0,11354.0,1170.0,21291.0,28830.0,9980.0,79738312.0,7016018888.0,7095757199.0
S0_normal,0.651,0.774,0.562,0.84,26442.0,63201.0,3700.0,11354.0,1910.0,21290.0,28849.0,9957.0,79761070.0,7053022885.0,7132783954.0
S0_normal,0.613,0.774,0.562,0.84,24907.0,63201.0,3700.0,11354.0,3444.0,21138.0,28814.0,10531.0,80051847.0,7137401440.0,7217453287.0
S0_normal,0.613,0.774,0.675,0.84,24907.0,63201.0,4440.0,11354.0,2704.0,21139.0,28859.0,10553.0,80165636.0,7100397443.0,7180563079.0
SA_summer_stagnation,0.84,0.899,0.45,0.45,34112.0,73345.0,2960.0,6083.0,20200.0,22871.0,29925.0,7760.0,81150790.0,10011387733.0,10092538523.0
SA_summer_stagnation,0.84,0.94,0.45,0.45,34112.0,76727.0,2960.0,6083.0,16819.0,23098.0,29980.0,7760.0,81381616.0,9825400716.0,9906782332.0
SA_summer_stagnation,0.84,0.899,0.45,0.548,34112.0,73345.0,2960.0,7400.0,18882.0,22925.0,30088.0,7763.0,81527370.0,9938904063.0,10020431433.0
SA_summer_stagnation,0.84,0.94,0.788,0.548,34112.0,76727.0,5181.0,7400.0,13281.0,23158.0,30069.0,7820.0,81647252.0,9641905055.0,9723552307.0
SA_summer_stagnation,0.84,0.94,0.45,0.548,34112.0,76727.0,2960.0,7400.0,15501.0,23153.0,30117.0,7763.0,81702585.0,9752917046.0,9834619631.0
SA_summer_stagnation,0.84,0.857,0.45,0.645,34112.0,69964.0,2960.0,8718.0,20946.0,22261.0,30151.0,8272.0,81720896.0,10052407410.0,10134128306.0
SA_summer_stagnation,0.84,0.94,0.788,0.645,34112.0,76727.0,5181.0,8718.0,11963.0,23205.0,29920.0,8311.0,81731365.0,9569421385.0,9651152750.0
SA_summer_stagnation,0.84,0.857,0.788,0.548,34112.0,69964.0,5181.0,7400.0,20044.0,22219.0,30392.0,7840.0,81881243.0,10013879089.0,10095760332.0
SA_summer_stagnation,0.84,0.899,0.788,0.45,34112.0,73345.0,5181.0,6083.0,17980.0,22876.0,30259.0,7818.0,81909085.0,9900375742.0,9982284827.0
SA_summer_stagnation,0.84,0.94,0.9,0.45,34112.0,76727.0,5921.0,6083.0,13858.0,23102.0,30222.0,7799.0,81928268.0,9677384728.0,9759312996.0
SA_summer_stagnation,0.84,0.857,0.9,0.45,34112.0,69964.0,5921.0,6083.0,20622.0,22163.0,30479.0,7819.0,82022913.0,10049358762.0,10131381675.0
SA_summer_stagnation,0.84,0.899,0.562,0.45,34112.0,73345.0,3700.0,6083.0,19460.0,22876.0,30315.0,7813.0,82024563.0,9974383736.0,10056408299.0
SA_summer_stagnation,0.84,0.94,0.9,0.548,34112.0,76727.0,5921.0,7400.0,12541.0,23156.0,30269.0,7802.0,82059318.0,9604901058.0,9686960376.0
SA_summer_stagnation,0.84,0.94,0.788,0.45,34112.0,76727.0,5181.0,6083.0,14599.0,23103.0,30278.0,7818.0,82062599.0,9714388725.0,9796451324.0
SA_summer_stagnation,0.538,0.94,0.9,0.84,21839.0,76727.0,5921.0,11354.0,20860.0,21764.0,30923.0,6946.0,82097184.0,10062478492.0,10144575676.0
SA_summer_stagnation,0.84,0.899,0.45,0.645,34112.0,73345.0,2960.0,8718.0,17565.0,22973.0,30181.0,8253.0,82125318.0,9866420393.0,9948545711.0
SA_summer_stagnation,0.576,0.94,0.9,0.742,23373.0,76727.0,5921.0,10036.0,20644.0,22312.0,30396.0,8107.0,82141350.0,10050583607.0,10132724957.0
SA_summer_stagnation,0.84,0.94,0.9,0.645,34112.0,76727.0,5921.0,8718.0,11223.0,23204.0,30130.0,8292.0,82163420.0,9532417388.0,9614580808.0
SA_summer_stagnation,0.84,0.94,0.788,0.84,34112.0,76727.0,5181.0,11354.0,9327.0,23325.0,30308.0,7796.0,82221242.0,9424454045.0,9506675287.0
SA_summer_stagnation,0.84,0.94,0.562,0.45,34112.0,76727.0,3700.0,6083.0,16079.0,23104.0,30359.0,7813.0,82232613.0,9788396719.0,9870629333.0
SA_summer_stagnation,0.84,0.94,0.45,0.645,34112.0,76727.0,2960.0,8718.0,14183.0,23200.0,30178.0,8253.0,82234215.0,9680433376.0,9762667591.0
SA_summer_stagnation,0.84,0.94,0.788,0.742,34112.0,76727.0,5181.0,10036.0,10645.0,23268.0,30204.0,8140.0,82235930.0,9496937715.0,9579173645.0
SA_summer_stagnation,0.84,0.857,0.675,0.548,34112.0,69964.0,4440.0,7400.0,20784.0,22223.0,30573.0,7838.0,82267431.0,10050883086.0,10133150517.0
SA_summer_stagnation,0.84,0.899,0.788,0.548,34112.0,73345.0,5181.0,7400.0,16662.0,22930.0,30422.0,7820.0,82285665.0,9827892072.0,9910177737.0
SA_summer_stagnation,0.84,0.899,0.675,0.45,34112.0,73345.0,4440.0,6083.0,18720.0,22880.0,30440.0,7815.0,82295273.0,9937379739.0,10019675012.0
SA_summer_stagnation,0.84,0.94,0.45,0.742,34112.0,76727.0,2960.0,10036.0,12865.0,23263.0,30293.0,8082.0,82378247.0,9607949706.0,9690327953.0
SA_summer_stagnation,0.84,0.857,0.9,0.548,34112.0,69964.0,5921.0,7400.0,19304.0,22217.0,30642.0,7822.0,82399493.0,9976875092.0,10059274585.0
SA_summer_stagnation,0.84,0.899,0.562,0.548,34112.0,73345.0,3700.0,7400.0,18142.0,22931.0,30478.0,7816.0,82401142.0,9901900066.0,9984301208.0
SA_summer_stagnation,0.84,0.94,0.562,0.645,34112.0,76727.0,3700.0,8718.0,13443.0,23206.0,30238.0,8306.0,82406003.0,9643429379.0,9725835382.0
SA_summer_stagnation,0.84,0.899,0.9,0.45,34112.0,73345.0,5921.0,6083.0,17240.0,22875.0,30509.0,7799.0,82427335.0,9863371745.0,9945799080.0
SA_summer_stagnation,0.84,0.94,0.675,0.45,34112.0,76727.0,4440.0,6083.0,15339.0,23107.0,30469.0,7815.0,82470489.0,9751392722.0,9833863211.0
SA_summer_stagnation,0.84,0.857,0.788,0.645,34112.0,69964.0,5181.0,8718.0,18726.0,22266.0,30484.0,8330.0,82479192.0,9941395419.0,10023874610.0
SA_summer_stagnation,0.84,0.94,0.675,0.645,34112.0,76727.0,4440.0,8718.0,12703.0,23209.0,30293.0,8308.0,82525204.0,9606425382.0,9688950586.0
SA_summer_stagnation,0.84,0.94,0.562,0.548,34112.0,76727.0,3700.0,7400.0,14761.0,23158.0,30496.0,7816.0,82554656.0,9715913049.0,9798467705.0
SA_summer_stagnation,0.576,0.94,0.788,0.84,23373.0,76727.0,5181.0,11354.0,20066.0,22371.0,30702.0,7782.0,82572163.0,10015103934.0,10097676097.0
SA_summer_stagnation,0.84,0.94,0.9,0.84,34112.0,76727.0,5921.0,11354.0,8587.0,23324.0,30483.0,7777.0,82579614.0,9387450048.0,9470029662.0
SA_summer_stagnation,0.84,0.857,0.562,0.645,34112.0,69964.0,3700.0,8718.0,20206.0,22267.0,30540.0,8326.0,82594669.0,10015403413.0,10097998082.0
SA_summer_stagnation,0.84,0.857,0.45,0.742,34112.0,69964.0,2960.0,10036.0,19628.0,22324.0,30616.0,8101.0,82612239.0,9979923740.0,10062535979.0
SA_summer_stagnation,0.84,0.94,0.9,0.742,34112.0,76727.0,5921.0,10036.0,9905.0,23266.0,30398.0,8121.0,82633949.0,9459933718.0,9542567667.0
SA_summer_stagnation,0.84,0.94,0.675,0.548,34112.0,76727.0,4440.0,7400.0,14021.0,23161.0,30545.0,7818.0,82661441.0,9678909052.0,9761570493.0
SA_summer_stagnation,0.84,0.899,0.675,0.548,34112.0,73345.0,4440.0,7400.0,17402.0,22934.0,30603.0,7818.0,82671853.0,9864896069.0,9947567922.0
SA_summer_stagnation,0.84,0.94,0.45,0.84,34112.0,76727.0,2960.0,11354.0,11547.0,23320.0,30568.0,7738.0,82727280.0,9535466036.0,9618193316.0
SA_summer_stagnation,0.802,0.94,0.45,0.45,32578.0,76727.0,2960.0,6083.0,18353.0,22901.0,30677.0,7760.0,82766705.0,9909779272.0,9992545976.0
SA_summer_stagnation,0.84,0.899,0.9,0.548,34112.0,73345.0,5921.0,7400.0,15922.0,22929.0,30662.0,7802.0,82781140.0,9790888075.0,9873669215.0
SA_summer_stagnation,0.84,0.899,0.788,0.645,34112.0,73345.0,5181.0,8718.0,15344.0,22977.0,30488.0,8311.0,82828003.0,9755408402.0,9838236405.0
SA_summer_stagnation,0.84,0.857,0.675,0.645,34112.0,69964.0,4440.0,8718.0,19466.0,22270.0,30666.0,8328.0,82865379.0,9978399416.0,10061264795.0
SA_summer_stagnation,0.84,0.94,0.562,0.742,34112.0,76727.0,3700.0,10036.0,12125.0,23268.0,30516.0,8135.0,82896452.0,9570945709.0,9653842162.0
SA_summer_stagnation,0.802,0.899,0.45,0.548,32578.0,73345.0,2960.0,7400.0,20417.0,22728.0,30785.0,7763.0,82912458.0,10023282619.0,10106195077.0
SA_summer_stagnation,0.84,0.94,0.675,0.742,34112.0,76727.0,4440.0,10036.0,11385.0,23271.0,30526.0,8137.0,82922701.0,9533941712.0,9616864413.0
SA_summer_stagnation,0.84,0.816,0.788,0.742,34112.0,66582.0,5181.0,10036.0,20790.0,22022.0,30814.0,8159.0,82926819.0,10054898766.0,10137825584.0
SA_summer_stagnation,0.576,0.94,0.675,0.84,23373.0,76727.0,4440.0,11354.0,20806.0,22374.0,30883.0,7780.0,82958351.0,10052107931.0,10135066282.0
SA_summer_stagnation,0.84,0.857,0.9,0.645,34112.0,69964.0,5921.0,8718.0,17986.0,22265.0,30735.0,8312.0,82997441.0,9904391422.0,9987388863.0
SA_summer_stagnation,0.84,0.899,0.562,0.645,34112.0,73345.0,3700.0,8718.0,16825.0,22978.0,30570.0,8306.0,82999090.0,9829416396.0,9912415486.0
SA_summer_stagnation,0.84,0.899,0.45,0.742,34112.0,73345.0,2960.0,10036.0,16247.0,23035.0,30646.0,8082.0,83016660.0,9793936723.0,9876953383.0
SA_summer_stagnation,0.576,0.94,0.9,0.84,23373.0,76727.0,5921.0,11354.0,19326.0,22369.0,30952.0,7764.0,83090412.0,9978099937.0,10061190349.0
SA_summer_stagnation,0.802,0.94,0.45,0.548,32578.0,76727.0,2960.0,7400.0,17035.0,22956.0,30840.0,7763.0,83143284.0,9837295602.0,9920438886.0
SA_summer_stagnation,0.84,0.899,0.675,0.645,34112.0,73345.0,4440.0,8718.0,16084.0,22981.0,30685.0,8308.0,83247026.0,9792412399.0,9875659425.0
SA_summer_stagnation,0.802,0.899,0.788,0.45,32578.0,73345.0,5181.0,6083.0,19514.0,22679.0,30956.0,7818.0,83294174.0,9984754297.0,10068048471.0
SA_summer_stagnation,0.84,0.94,0.562,0.84,34112.0,76727.0,3700.0,11354.0,10807.0,23326.0,30827.0,7791.0,83323841.0,9498462039.0,9581785881.0
SA_summer_stagnation,0.84,0.899,0.9,0.645,34112.0,73345.0,5921.0,8718.0,14604.0,22976.0,30729.0,8292.0,83324550.0,9718404405.0,9801728955.0
SA_summer_stagnation,0.613,0.94,0.788,0.645,24907.0,76727.0,5181.0,8718.0,21168.0,22447.0,30033.0,10593.0,83350731.0,10075692718.0,10159043449.0
SA_summer_stagnation,0.84,0.857,0.788,0.742,34112.0,69964.0,5181.0,10036.0,17408.0,22329.0,30950.0,8159.0,83370534.0,9868911749.0,9952282283.0
SA_summer_stagnation,0.802,0.899,0.562,0.45,32578.0,73345.0,3700.0,6083.0,20994.0,22679.0,31011.0,7813.0,83409651.0,10058762292.0,10142171943.0
SA_summer_stagnation,0.84,0.899,0.9,0.742,34112.0,73345.0,5921.0,10036.0,13286.0,23039.0,30822.0,8121.0,83423966.0,9645920735.0,9729344701.0
SA_summer_stagnation,0.84,0.816,0.9,0.742,34112.0,66582.0,5921.0,10036.0,20050.0,22020.0,31064.0,8141.0,83445068.0,10017894769.0,10101339837.0
SA_summer_stagnation,0.84,0.857,0.562,0.742,34112.0,69964.0,3700.0,10036.0,18888.0,22329.0,31006.0,8155.0,83486011.0,9942919743.0,10026405754.0
SA_summer_stagnation,0.802,0.94,0.788,0.45,32578.0,76727.0,5181.0,6083.0,16133.0,22906.0,31000.0,7818.0,83502225.0,9798767280.0,9882269505.0
SA_summer_stagnation,0.802,0.899,0.45,0.645,32578.0,73345.0,2960.0,8718.0,19099.0,22775.0,30877.0,8253.0,83510407.0,9950798949.0,10034309355.0
SA_summer_stagnation,0.651,0.94,0.788,0.548,26442.0,76727.0,5181.0,7400.0,20951.0,22552.0,30254.0,10127.0,83514243.0,10063797833.0,10147312075.0
SA_summer_stagnation,0.84,0.94,0.675,0.84,34112.0,76727.0,4440.0,11354.0,10067.0,23329.0,30920.0,7794.0,83525518.0,9461458042.0,9544983560.0
SA_summer_stagnation,0.84,0.899,0.788,0.742,34112.0,73345.0,5181.0,10036.0,14026.0,23040.0,30867.0,8140.0,83533717.0,9682924732.0,9766458449.0
SA_summer_stagnation,0.84,0.857,0.45,0.84,34112.0,69964.0,2960.0,11354.0,18310.0,22381.0,31172.0,7758.0,83561301.0,9907440070.0,9991001371.0
SA_summer_stagnation,0.802,0.94,0.562,0.45,32578.0,76727.0,3700.0,6083.0,17613.0,22907.0,31066.0,7813.0,83640477.0,9872775275.0,9956415751.0
SA_summer_stagnation,0.802,0.899,0.788,0.548,32578.0,73345.0,5181.0,7400.0,18196.0,22733.0,31119.0,7820.0,83670754.0,9912270627.0,9995941381.0
SA_summer_stagnation,0.802,0.899,0.675,0.45,32578.0,73345.0,4440.0,6083.0,20254.0,22682.0,31137.0,7815.0,83680362.0,10021758294.0,10105438656.0
SA_summer_stagnation,0.802,0.94,0.45,0.645,32578.0,76727.0,2960.0,8718.0,15717.0,23003.0,30906.0,8253.0,83685622.0,9764811932.0,9848497554.0
SA_summer_stagnation,0.84,0.899,0.788,0.84,34112.0,73345.0,5181.0,11354.0,12709.0,23098.0,31078.0,7796.0,83748595.0,9610441062.0,9694189657.0
SA_summer_stagnation,0.84,0.857,0.675,0.742,34112.0,69964.0,4440.0,10036.0,18148.0,22333.0,31131.0,8157.0,83756722.0,9905915746.0,9989672468.0
SA_summer_stagnation,0.802,0.94,0.788,0.645,32578.0,76727.0,5181.0,8718.0,13497.0,23008.0,30923.0,8311.0,83769635.0,9653799941.0,9737569575.0
SA_summer_stagnation,0.802,0.857,0.9,0.548,32578.0,69964.0,5921.0,7400.0,20838.0,22020.0,31339.0,7822.0,83784582.0,10061253647.0,10145038229.0
SA_summer_stagnation,0.802,0.899,0.562,0.548,32578.0,73345.0,3700.0,7400.0,19677.0,22734.0,31174.0,7816.0,83786231.0,9986278622.0,10070064852.0
SA_summer_stagnation,0.802,0.899,0.9,0.45,32578.0,73345.0,5921.0,6083.0,18774.0,22677.0,31206.0,7799.0,83812424.0,9947750300.0,10031562724.0
SA_summer_stagnation,0.802,0.94,0.788,0.548,32578.0,76727.0,5181.0,7400.0,14815.0,22960.0,31137.0,7820.0,83824267.0,9726283610.0,9810107877.0
SA_summer_stagnation,0.84,0.899,0.562,0.742,34112.0,73345.0,3700.0,10036.0,15507.0,23041.0,31010.0,8135.0,83834822.0,9756932726.0,9840767548.0
SA_summer_stagnation,0.84,0.899,0.9,0.84,34112.0,73345.0,5921.0,11354.0,11969.0,23096.0,31137.0,7777.0,83859193.0,9573437065.0,9657296258.0
SA_summer_stagnation,0.802,0.857,0.788,0.645,32578.0,69964.0,5181.0,8718.0,20260.0,22069.0,31181.0,8330.0,83864280.0,10025773974.0,10109638254.0
SA_summer_stagnation,0.613,0.94,0.9,0.645,24907.0,76727.0,5921.0,8718.0,20428.0,22446.0,30284.0,10574.0,83868980.0,10038688721.0,10122557702.0
SA_summer_stagnation,0.84,0.816,0.788,0.84,34112.0,66582.0,5181.0,11354.0,19472.0,22079.0,31370.0,7816.0,83875881.0,9982415096.0,10066290977.0
SA_summer_stagnation,0.84,0.899,0.45,0.84,34112.0,73345.0,2960.0,11354.0,14929.0,23093.0,31166.0,7738.0,83888410.0,9721453053.0,9805341463.0
SA_summer_stagnation,0.84,0.857,0.9,0.742,34112.0,69964.0,5921.0,10036.0,16668.0,22327.0,31200.0,8141.0,83888783.0,9831907752.0,9915796535.0
SA_summer_stagnation,0.802,0.94,0.675,0.45,32578.0,76727.0,4440.0,6083.0,16873.0,22910.0,31192.0,7815.0,83911188.0,9835771278.0,9919682465.0
SA_summer_stagnation,0.802,0.94,0.9,0.45,32578.0,76727.0,5921.0,6083.0,15393.0,22905.0,31235.0,7799.0,83987639.0,9761763283.0,9845750922.0
SA_summer_stagnation,0.84,0.816,0.562,0.84,34112.0,66582.0,3700.0,11354.0,20952.0,22080.0,31426.0,7811.0,83991358.0,10056423090.0,10140414448.0
SA_summer_stagnation,0.802,0.857,0.45,0.742,32578.0,69964.0,2960.0,10036.0,21162.0,22127.0,31313.0,8101.0,83997327.0,10064302296.0,10148299623.0
SA_summer_stagnation,0.802,0.94,0.562,0.548,32578.0,76727.0,3700.0,7400.0,16295.0,22961.0,31229.0,7816.0,84017056.0,9800291605.0,9884308661.0
SA_summer_stagnation,0.651,0.94,0.9,0.548,26442.0,76727.0,5921.0,7400.0,20211.0,22551.0,30504.0,10108.0,84032492.0,10026793836.0,10110826328.0
SA_summer_stagnation,0.802,0.899,0.675,0.548,32578.0,73345.0,4440.0,7400.0,18936.0,22737.0,31300.0,7818.0,84056942.0,9949274624.0,10033331566.0
SA_summer_stagnation,0.84,0.899,0.675,0.742,34112.0,73345.0,4440.0,10036.0,14767.0,23044.0,31125.0,8137.0,84083831.0,9719928729.0,9804012560.0
SA_summer_stagnation,0.651,0.94,0.788,0.645,26442.0,76727.0,5181.0,8718.0,19634.0,22599.0,30346.0,10617.0,84112191.0,9991314163.0,10075426353.0
SA_summer_stagnation,0.802,0.94,0.9,0.645,32578.0,76727.0,5921.0,8718.0,12757.0,23006.0,31096.0,8292.0,84121866.0,9616795943.0,9700917810.0
SA_summer_stagnation,0.802,0.94,0.788,0.742,32578.0,76727.0,5181.0,10036.0,12179.0,23070.0,31157.0,8140.0,84166064.0,9581316271.0,9665482335.0
SA_summer_stagnation,0.802,0.94,0.9,0.548,32578.0,76727.0,5921.0,7400.0,14075.0,22959.0,31311.0,7802.0,84178591.0,9689279613.0,9773458204.0
SA_summer_stagnation,0.802,0.899,0.9,0.548,32578.0,73345.0,5921.0,7400.0,17456.0,22732.0,31369.0,7802.0,84189003.0,9875266630.0,9959455634.0
SA_summer_stagnation,0.651,0.94,0.562,0.645,26442.0,76727.0,3700.0,8718.0,21114.0,22600.0,30402.0,10612.0,84227668.0,10065322157.0,10149549825.0
SA_summer_stagnation,0.802,0.94,0.675,0.548,32578.0,76727.0,4440.0,7400.0,15555.0,22964.0,31329.0,7818.0,84232157.0,9763287608.0,9847519764.0
SA_summer_stagnation,0.613,0.94,0.788,0.742,24907.0,76727.0,5181.0,10036.0,19850.0,22510.0,30499.0,10422.0,84242073.0,10003209048.0,10087451121.0
SA_summer_stagnation,0.651,0.94,0.45,0.742,26442.0,76727.0,2960.0,10036.0,20536.0,22657.0,30478.0,10388.0,84245238.0,10029842484.0,10114087722.0
SA_summer_stagnation,0.802,0.857,0.675,0.645,32578.0,69964.0,4440.0,8718.0,21000.0,22073.0,31362.0,8328.0,84250468.0,10062777971.0,10147028439.0
SA_summer_stagnation,0.84,0.816,0.675,0.84,34112.0,66582.0,4440.0,11354.0,20212.0,22083.0,31551.0,7813.0,84262069.0,10019419093.0,10103681162.0
SA_summer_stagnation,0.802,0.899,0.788,0.645,32578.0,73345.0,5181.0,8718.0,16879.0,22780.0,31211.0,8311.0,84268702.0,9839786957.0,9924055659.0
SA_summer_stagnation,0.84,0.899,0.675,0.84,34112.0,73345.0,4440.0,11354.0,13449.0,23101.0,31331.0,7794.0,84286293.0,9647445059.0,9731731352.0
SA_summer_stagnation,0.84,0.857,0.788,0.84,34112.0,69964.0,5181.0,11354.0,16090.0,22386.0,31496.0,7816.0,84296821.0,9796428079.0,9880724900.0
SA_summer_stagnation,0.613,0.94,0.562,0.742,24907.0,76727.0,3700.0,10036.0,21330.0,22510.0,30554.0,10417.0,84357550.0,10077217043.0,10161574593.0
SA_summer_stagnation,0.802,0.857,0.9,0.645,32578.0,69964.0,5921.0,8718.0,19520.0,22067.0,31431.0,8312.0,84382530.0,9988769977.0,10073152507.0
SA_summer_stagnation,0.802,0.899,0.562,0.645,32578.0,73345.0,3700.0,8718.0,18359.0,22781.0,31267.0,8306.0,84384179.0,9913794952.0,9998179130.0
SA_summer_stagnation,0.84,0.816,0.9,0.84,34112.0,66582.0,5921.0,11354.0,18732.0,22078.0,31620.0,7797.0,84394130.0,9945411099.0,10029805229.0
SA_summer_stagnation,0.802,0.899,0.45,0.742,32578.0,73345.0,2960.0,10036.0,17781.0,22838.0,31343.0,8082.0,84401749.0,9878315279.0,9962717027.0
SA_summer_stagnation,0.613,0.94,0.45,0.84,24907.0,76727.0,2960.0,11354.0,20752.0,22562.0,30721.0,10020.0,84432840.0,10041737370.0,10126170210.0
SA_summer_stagnation,0.84,0.857,0.562,0.84,34112.0,69964.0,3700.0,11354.0,17570.0,22387.0,31562.0,7811.0,84435073.0,9870436073.0,9954871146.0
SA_summer_stagnation,0.802,0.94,0.9,0.742,32578.0,76727.0,5921.0,10036.0,11439.0,23069.0,31292.0,8121.0,84439851.0,9544312273.0,9628752124.0
SA_summer_stagnation,0.651,0.94,0.675,0.645,26442.0,76727.0,4440.0,8718.0,20374.0,22603.0,30528.0,10614.0,84498379.0,10028318160.0,10112816538.0
SA_summer_stagnation,0.802,0.94,0.562,0.645,32578.0,76727.0,3700.0,8718.0,14977.0,23008.0,31285.0,8306.0,84537692.0,9727807935.0,9812345627.0
SA_summer_stagnation,0.802,0.94,0.45,0.742,32578.0,76727.0,2960.0,10036.0,14399.0,23066.0,31361.0,8082.0,84555262.0,9692328262.0,9776883524.0
SA_summer_stagnation,0.764,0.94,0.45,0.45,31044.0,76727.0,2960.0,6083.0,19887.0,22507.0,30747.0,10159.0,84567107.0,9994157827.0,10078724935.0
SA_summer_stagnation,0.689,0.94,0.788,0.45,27976.0,76727.0,5181.0,6083.0,20735.0,22525.0,30724.0,10217.0,84571054.0,10051902947.0,10136474001.0
SA_summer_stagnation,0.802,0.94,0.788,0.84,32578.0,76727.0,5181.0,11354.0,10861.0,23128.0,31468.0,7796.0,84593453.0,9508832601.0,9593426054.0
SA_summer_stagnation,0.613,0.94,0.675,0.742,24907.0,76727.0,4440.0,10036.0,20590.0,22514.0,30680.0,10420.0,84628261.0,10040213045.0,10124841306.0
SA_summer_stagnation,0.651,0.94,0.9,0.645,26442.0,76727.0,5921.0,8718.0,18893.0,22598.0,30597.0,10598.0,84630440.0,9954310166.0,10038940606.0
SA_summer_stagnation,0.802,0.899,0.675,0.645,32578.0,73345.0,4440.0,8718.0,17619.0,22784.0,31392.0,8308.0,84654890.0,9876790955.0,9961445844.0
SA_summer_stagnation,0.84,0.857,0.675,0.84,34112.0,69964.0,4440.0,11354.0,16830.0,22390.0,31688.0,7813.0,84705784.0,9833432076.0,9918137860.0
SA_summer_stagnation,0.802,0.94,0.45,0.84,32578.0,76727.0,2960.0,11354.0,13081.0,23123.0,31546.0,7738.0,84712397.0,9619844592.0,9704556989.0
SA_summer_stagnation,0.84,0.899,0.562,0.84,34112.0,73345.0,3700.0,11354.0,14189.0,23098.0,31535.0,7791.0,84717566.0,9684449056.0,9769166622.0
SA_summer_stagnation,0.802,0.857,0.788,0.742,32578.0,69964.0,5181.0,10036.0,18942.0,22131.0,31647.0,8159.0,84755622.0,9953290304.0,10038045927.0
SA_summer_stagnation,0.613,0.94,0.9,0.742,24907.0,76727.0,5921.0,10036.0,19110.0,22508.0,30749.0,10403.0,84760323.0,9966205051.0,10050965374.0
SA_summer_stagnation,0.802,0.94,0.675,0.645,32578.0,76727.0,4440.0,8718.0,14237.0,23012.0,31390.0,8308.0,84763787.0,9690803938.0,9775567724.0
SA_summer_stagnation,0.802,0.899,0.9,0.645,32578.0,73345.0,5921.0,8718.0,16138.0,22779.0,31451.0,8292.0,84764176.0,9802782960.0,9887547137.0
SA_summer_stagnation,0.802,0.94,0.562,0.742,32578.0,76727.0,3700.0,10036.0,13659.0,23071.0,31445.0,8135.0,84776454.0,9655324265.0,9740100719.0
SA_summer_stagnation,0.84,0.857,0.9,0.84,34112.0,69964.0,5921.0,11354.0,15350.0,22385.0,31731.0,7797.0,84782235.0,9759424082.0,9844206317.0
SA_summer_stagnation,0.689,0.94,0.45,0.645,27976.0,76727.0,2960.0,8718.0,20320.0,22622.0,30645.0,10652.0,84787286.0,10017947598.0,10102734885.0
SA_summer_stagnation,0.802,0.857,0.562,0.742,32578.0,69964.0,3700.0,10036.0,20422.0,22132.0,31702.0,8155.0,84871099.0,10027298299.0,10112169398.0
SA_summer_stagnation,0.802,0.94,0.675,0.742,32578.0,76727.0,4440.0,10036.0,12919.0,23074.0,31505.0,8137.0,84907818.0,9618320268.0,9703228086.0
SA_summer_stagnation,0.764,0.94,0.45,0.548,31044.0,76727.0,2960.0,7400.0,18569.0,22562.0,30910.0,10162.0,84943687.0,9921674157.0,10006617844.0
SA_summer_stagnation,0.802,0.857,0.45,0.84,32578.0,69964.0,2960.0,11354.0,19845.0,22184.0,31869.0,7758.0,84946389.0,9991818626.0,10076765015.0
SA_summer_stagnation,0.689,0.94,0.788,0.548,27976.0,76727.0,5181.0,7400.0,19417.0,22580.0,30887.0,10220.0,84947633.0,9979419277.0,10064366910.0
SA_summer_stagnation,0.651,0.94,0.788,0.742,26442.0,76727.0,5181.0,10036.0,18316.0,22662.0,30812.0,10446.0,85003533.0,9918830493.0,10003834026.0
SA_summer_stagnation,0.727,0.94,0.45,0.548,29510.0,76727.0,2960.0,7400.0,20103.0,22697.0,30910.0,10162.0,85011315.0,10006052713.0,10091064028.0
SA_summer_stagnation,0.802,0.94,0.9,0.84,32578.0,76727.0,5921.0,11354.0,10121.0,23127.0,31686.0,7777.0,85042668.0,9471828603.0,9556871271.0
SA_summer_stagnation,0.689,0.94,0.562,0.548,27976.0,76727.0,3700.0,7400.0,20897.0,22580.0,30942.0,10215.0,85063110.0,10053427271.0,10138490382.0
SA_summer_stagnation,0.689,0.94,0.9,0.45,27976.0,76727.0,5921.0,6083.0,19995.0,22524.0,30974.0,10198.0,85089303.0,10014898950.0,10099988253.0
SA_summer_stagnation,0.764,0.899,0.788,0.45,31044.0,73345.0,5181.0,6083.0,21048.0,22285.0,31026.0,10217.0,85094577.0,10069132853.0,10154227430.0
SA_summer_stagnation,0.802,0.899,0.788,0.742,32578.0,73345.0,5181.0,10036.0,15561.0,22843.0,31650.0,8140.0,85104434.0,9767303287.0,9852407721.0
SA_summer_stagnation,0.651,0.94,0.562,0.742,26442.0,76727.0,3700.0,10036.0,19796.0,22663.0,30868.0,10441.0,85119010.0,9992838487.0,10077957497.0
SA_summer_stagnation,0.802,0.857,0.675,0.742,32578.0,69964.0,4440.0,10036.0,19682.0,22135.0,31828.0,8157.0,85141810.0,9990294301.0,10075436112.0
SA_summer_stagnation,0.613,0.94,0.788,0.84,24907.0,76727.0,5181.0,11354.0,18532.0,22567.0,31055.0,10078.0,85191135.0,9930725378.0,10015916514.0
SA_summer_stagnation,0.651,0.94,0.45,0.84,26442.0,76727.0,2960.0,11354.0,19218.0,22714.0,31034.0,10044.0,85194300.0,9957358814.0,10042553114.0
SA_summer_stagnation,0.802,0.94,0.562,0.84,32578.0,76727.0,3700.0,11354.0,12341.0,23128.0,31769.0,7791.0,85230603.0,9582840595.0,9668071198.0
SA_summer_stagnation,0.802,0.94,0.675,0.84,32578.0,76727.0,4440.0,11354.0,11601.0,23132.0,31779.0,7794.0,85256851.0,9545836598.0,9631093449.0
SA_summer_stagnation,0.802,0.816,0.788,0.84,32578.0,66582.0,5181.0,11354.0,21006.0,21882.0,32067.0,7816.0,85260970.0,10066793651.0,10152054621.0
SA_summer_stagnation,0.802,0.857,0.9,0.742,32578.0,69964.0,5921.0,10036.0,18202.0,22130.0,31897.0,8141.0,85273872.0,9916286307.0,10001560179.0
SA_summer_stagnation,0.802,0.899,0.562,0.742,32578.0,73345.0,3700.0,10036.0,17041.0,22844.0,31732.0,8135.0,85275521.0,9841311282.0,9926586803.0
SA_summer_stagnation,0.651,0.899,0.9,0.742,26442.0,73345.0,5921.0,10036.0,20957.0,22433.0,31007.0,10427.0,85290957.0,10067813513.0,10153104469.0
SA_summer_stagnation,0.613,0.94,0.562,0.84,24907.0,76727.0,3700.0,11354.0,20012.0,22568.0,31111.0,10074.0,85306612.0,10004733373.0,10090039985.0
SA_summer_stagnation,0.764,0.899,0.45,0.645,31044.0,73345.0,2960.0,8718.0,20633.0,22382.0,30947.0,10652.0,85310809.0,10035177504.0,10120488314.0
SA_summer_stagnation,0.764,0.94,0.788,0.45,31044.0,76727.0,5181.0,6083.0,17667.0,22512.0,31081.0,10217.0,85325403.0,9883145836.0,9968471239.0
SA_summer_stagnation,0.689,0.94,0.675,0.548,27976.0,76727.0,4440.0,7400.0,20157.0,22583.0,31068.0,10217.0,85333821.0,10016423274.0,10101757095.0
SA_summer_stagnation,0.802,0.899,0.45,0.84,32578.0,73345.0,2960.0,11354.0,16463.0,22896.0,31899.0,7738.0,85350811.0,9805831609.0,9891182420.0
SA_summer_stagnation,0.651,0.94,0.675,0.742,26442.0,76727.0,4440.0,10036.0,19056.0,22666.0,30993.0,10444.0,85389721.0,9955834490.0,10041224211.0
SA_summer_stagnation,0.727,0.94,0.788,0.45,29510.0,76727.0,5181.0,6083.0,19201.0,22648.0,31081.0,10217.0,85393030.0,9967524392.0,10052917422.0
SA_summer_stagnation,0.764,0.94,0.562,0.45,31044.0,76727.0,3700.0,6083.0,19147.0,22513.0,31137.0,10212.0,85440880.0,9957153830.0,10042594710.0
SA_summer_stagnation,0.689,0.94,0.9,0.548,27976.0,76727.0,5921.0,7400.0,18677.0,22578.0,31137.0,10201.0,85465883.0,9942415280.0,10027881163.0
SA_summer_stagnation,0.764,0.899,0.788,0.548,31044.0,73345.0,5181.0,7400.0,19731.0,22339.0,31189.0,10220.0,85471156.0,9996649183.0,10082120339.0
SA_summer_stagnation,0.613,0.899,0.9,0.84,24907.0,73345.0,5921.0,11354.0,21173.0,22338.0,31250.0,10060.0,85478559.0,10079708398.0,10165186957.0
SA_summer_stagnation,0.727,0.94,0.562,0.45,29510.0,76727.0,3700.0,6083.0,20681.0,22648.0,31137.0,10212.0,85508507.0,10041532386.0,10127040893.0
SA_summer_stagnation,0.651,0.94,0.9,0.742,26442.0,76727.0,5921.0,10036.0,17576.0,22661.0,31062.0,10427.0,85521782.0,9881826496.0,9967348278.0
SA_summer_stagnation,0.727,0.899,0.788,0.548,29510.0,73345.0,5181.0,7400.0,21265.0,22474.0,31189.0,10220.0,85538784.0,10081027739.0,10166566523.0
SA_summer_stagnation,0.764,0.94,0.45,0.645,31044.0,76727.0,2960.0,8718.0,17251.0,22609.0,31002.0,10652.0,85541635.0,9849190487.0,9934732122.0
SA_summer_stagnation,0.689,0.94,0.788,0.645,27976.0,76727.0,5181.0,8718.0,18099.0,22627.0,30979.0,10710.0,85545581.0,9906935607.0,9992481188.0
SA_summer_stagnation,0.802,0.899,0.675,0.742,32578.0,73345.0,4440.0,10036.0,16301.0,22847.0,31858.0,8137.0,85546232.0,9804307285.0,9889853516.0
SA_summer_stagnation,0.613,0.94,0.675,0.84,24907.0,76727.0,4440.0,11354.0,19272.0,22571.0,31236.0,10076.0,85577323.0,9967729375.0,10053306699.0
SA_summer_stagnation,0.764,0.899,0.562,0.548,31044.0,73345.0,3700.0,7400.0,21211.0,22340.0,31245.0,10215.0,85586634.0,10070657177.0,10156243811.0
SA_summer_stagnation,0.802,0.899,0.9,0.742,32578.0,73345.0,5921.0,10036.0,14821.0,22842.0,31891.0,8121.0,85600981.0,9730299290.0,9815900272.0
SA_summer_stagnation,0.727,0.94,0.45,0.645,29510.0,76727.0,2960.0,8718.0,18785.0,22744.0,31002.0,10652.0,85609263.0,9933569043.0,10019178306.0
SA_summer_stagnation,0.764,0.899,0.9,0.45,31044.0,73345.0,5921.0,6083.0,20308.0,22284.0,31276.0,10198.0,85612826.0,10032128856.0,10117741682.0
SA_summer_stagnation,0.689,0.94,0.562,0.645,27976.0,76727.0,3700.0,8718.0,19580.0,22628.0,31035.0,10705.0,85661058.0,9980943601.0,10066604660.0
SA_summer_stagnation,0.689,0.94,0.45,0.742,27976.0,76727.0,2960.0,10036.0,19002.0,22685.0,31111.0,10481.0,85678628.0,9945463929.0,10031142557.0
SA_summer_stagnation,0.764,0.94,0.788,0.548,31044.0,76727.0,5181.0,7400.0,16349.0,22567.0,31244.0,10220.0,85701982.0,9810662166.0,9896364148.0
SA_summer_stagnation,0.802,0.857,0.788,0.84,32578.0,69964.0,5181.0,11354.0,17624.0,22189.0,32203.0,7816.0,85704684.0,9880806634.0,9966511319.0
SA_summer_stagnation,0.613,0.94,0.9,0.84,24907.0,76727.0,5921.0,11354.0,17792.0,22566.0,31305.0,10060.0,85709385.0,9893721381.0,9979430766.0
SA_summer_stagnation,0.764,0.94,0.675,0.45,31044.0,76727.0,4440.0,6083.0,18407.0,22516.0,31262.0,10214.0,85711590.0,9920149833.0,10005861424.0
SA_summer_stagnation,0.651,0.899,0.788,0.84,26442.0,73345.0,5181.0,11354.0,20379.0,22492.0,31313.0,10102.0,85721769.0,10032333840.0,10118055609.0
SA_summer_stagnation,0.727,0.94,0.788,0.548,29510.0,76727.0,5181.0,7400.0,17883.0,22702.0,31244.0,10220.0,85769610.0,9895040722.0,9980810331.0
SA_summer_stagnation,0.727,0.94,0.675,0.45,29510.0,76727.0,4440.0,6083.0,19941.0,22651.0,31262.0,10214.0,85779218.0,10004528389.0,10090307607.0
SA_summer_stagnation,0.802,0.816,0.9,0.84,32578.0,66582.0,5921.0,11354.0,20266.0,21881.0,32317.0,7797.0,85779219.0,10029789654.0,10115568873.0
SA_summer_stagnation,0.764,0.94,0.562,0.548,31044.0,76727.0,3700.0,7400.0,17829.0,22567.0,31300.0,10215.0,85817459.0,9884670160.0,9970487619.0
SA_summer_stagnation,0.802,0.857,0.562,0.84,32578.0,69964.0,3700.0,11354.0,19105.0,22190.0,32259.0,7811.0,85820162.0,9954814629.0,10040634790.0
SA_summer_stagnation,0.689,0.899,0.9,0.645,27976.0,73345.0,5921.0,8718.0,20741.0,22398.0,31175.0,10691.0,85833005.0,10055918627.0,10141751632.0
SA_summer_stagnation,0.764,0.94,0.9,0.45,31044.0,76727.0,5921.0,6083.0,16927.0,22511.0,31331.0,10198.0,85843652.0,9846141839.0,9931985491.0
SA_summer_stagnation,0.764,0.899,0.675,0.548,31044.0,73345.0,4440.0,7400.0,20471.0,22343.0,31370.0,10217.0,85857344.0,10033653180.0,10119510524.0
SA_summer_stagnation,0.727,0.94,0.562,0.548,29510.0,76727.0,3700.0,7400.0,19363.0,22703.0,31300.0,10215.0,85885087.0,9969048716.0,10054933803.0
SA_summer_stagnation,0.802,0.899,0.9,0.84,32578.0,73345.0,5921.0,11354.0,13503.0,22899.0,32141.0,7777.0,85897463.0,9657815620.0,9743713083.0
SA_summer_stagnation,0.727,0.94,0.9,0.45,29510.0,76727.0,5921.0,6083.0,18461.0,22646.0,31331.0,10198.0,85911280.0,9930520394.0,10016431674.0
SA_summer_stagnation,0.689,0.94,0.675,0.645,27976.0,76727.0,4440.0,8718.0,18839.0,22631.0,31160.0,10707.0,85931769.0,9943939604.0,10029871373.0
SA_summer_stagnation,0.651,0.94,0.788,0.84,26442.0,76727.0,5181.0,11354.0,16998.0,22719.0,31368.0,10102.0,85952595.0,9846346823.0,9932299418.0
SA_summer_stagnation,0.802,0.899,0.788,0.84,32578.0,73345.0,5181.0,11354.0,14243.0,22900.0,32176.0,7796.0,85987178.0,9694819617.0,9780806795.0
SA_summer_stagnation,0.764,0.899,0.9,0.548,31044.0,73345.0,5921.0,7400.0,18990.0,22338.0,31439.0,10201.0,85989406.0,9959645186.0,10045634592.0
SA_summer_stagnation,0.727,0.899,0.9,0.548,29510.0,73345.0,5921.0,7400.0,20525.0,22473.0,31439.0,10201.0,86057034.0,10044023741.0,10130080775.0
SA_summer_stagnation,0.689,0.94,0.9,0.645,27976.0,76727.0,5921.0,8718.0,17359.0,22626.0,31230.0,10691.0,86063831.0,9869931610.0,9955995441.0
SA_summer_stagnation,0.651,0.94,0.562,0.84,26442.0,76727.0,3700.0,11354.0,18478.0,22720.0,31424.0,10098.0,86068072.0,9920354817.0,10006422889.0
SA_summer_stagnation,0.764,0.899,0.788,0.645,31044.0,73345.0,5181.0,8718.0,18413.0,22387.0,31281.0,10710.0,86069105.0,9924165513.0,10010234618.0
SA_summer_stagnation,0.764,0.94,0.675,0.548,31044.0,76727.0,4440.0,7400.0,17089.0,22570.0,31425.0,10217.0,86088170.0,9847666163.0,9933754333.0
SA_summer_stagnation,0.802,0.857,0.675,0.84,32578.0,69964.0,4440.0,11354.0,18364.0,22193.0,32384.0,7813.0,86090872.0,9917810631.0,10003901504.0
SA_summer_stagnation,0.651,0.899,0.675,0.84,26442.0,73345.0,4440.0,11354.0,21119.0,22496.0,31494.0,10100.0,86107957.0,10069337837.0,10155445794.0
SA_summer_stagnation,0.727,0.899,0.788,0.645,29510.0,73345.0,5181.0,8718.0,19947.0,22522.0,31281.0,10710.0,86136732.0,10008544069.0,10094680801.0
SA_summer_stagnation,0.727,0.94,0.675,0.548,29510.0,76727.0,4440.0,7400.0,18623.0,22706.0,31425.0,10217.0,86155798.0,9932044719.0,10018200516.0
SA_summer_stagnation,0.764,0.94,0.9,0.548,31044.0,76727.0,5921.0,7400.0,15609.0,22565.0,31468.0,10201.0,86164621.0,9773658169.0,9859822790.0
SA_summer_stagnation,0.802,0.899,0.562,0.84,32578.0,73345.0,3700.0,11354.0,15723.0,22901.0,32262.0,7791.0,86168973.0,9768827612.0,9854996584.0
SA_summer_stagnation,0.764,0.857,0.9,0.645,31044.0,69964.0,5921.0,8718.0,21054.0,21674.0,31502.0,10711.0,86182932.0,10073148533.0,10159331465.0
SA_summer_stagnation,0.764,0.899,0.562,0.645,31044.0,73345.0,3700.0,8718.0,19893.0,22387.0,31337.0,10705.0,86184582.0,9998173507.0,10084358089.0
SA_summer_stagnation,0.764,0.899,0.45,0.742,31044.0,73345.0,2960.0,10036.0,19315.0,22444.0,31413.0,10481.0,86202152.0,9962693834.0,10048895986.0
SA_summer_stagnation,0.689,0.899,0.788,0.742,27976.0,73345.0,5181.0,10036.0,20163.0,22462.0,31390.0,10539.0,86206098.0,10020438954.0,10106645052.0
SA_summer_stagnation,0.764,0.94,0.788,0.645,31044.0,76727.0,5181.0,8718.0,15031.0,22614.0,31300.0,10710.0,86222618.0,9738178496.0,9824401114.0
SA_summer_stagnation,0.802,0.857,0.9,0.84,32578.0,69964.0,5921.0,11354.0,16884.0,22188.0,32453.0,7797.0,86222934.0,9843802637.0,9930025571.0
SA_summer_stagnation,0.651,0.899,0.9,0.84,26442.0,73345.0,5921.0,11354.0,19639.0,22491.0,31564.0,10084.0,86240019.0,9995329843.0,10081569862.0
SA_summer_stagnation,0.727,0.899,0.45,0.742,29510.0,73345.0,2960.0,10036.0,20849.0,22580.0,31413.0,10481.0,86269779.0,10047072390.0,10133342169.0
SA_summer_stagnation,0.727,0.94,0.9,0.548,29510.0,76727.0,5921.0,7400.0,17143.0,22701.0,31494.0,10201.0,86287859.0,9858036725.0,9944324584.0
SA_summer_stagnation,0.651,0.94,0.675,0.84,26442.0,76727.0,4440.0,11354.0,17738.0,22723.0,31549.0,10100.0,86338783.0,9883350820.0,9969689603.0
SA_summer_stagnation,0.727,0.94,0.788,0.645,29510.0,76727.0,5181.0,8718.0,16565.0,22749.0,31336.0,10710.0,86367558.0,9822557052.0,9908924610.0
SA_summer_stagnation,0.689,0.899,0.45,0.84,27976.0,73345.0,2960.0,11354.0,21065.0,22515.0,31612.0,10137.0,86396865.0,10058967275.0,10145364140.0
SA_summer_stagnation,0.764,0.94,0.45,0.742,31044.0,76727.0,2960.0,10036.0,15933.0,22672.0,31457.0,10481.0,86410202.0,9776706817.0,9863117020.0
SA_summer_stagnation,0.764,0.94,0.562,0.645,31044.0,76727.0,3700.0,8718.0,16511.0,22615.0,31392.0,10705.0,86415407.0,9812186490.0,9898601898.0
SA_summer_stagnation,0.802,0.899,0.675,0.84,32578.0,73345.0,4440.0,11354.0,14983.0,22904.0,32378.0,7794.0,86417982.0,9731823615.0,9818241596.0
SA_summer_stagnation,0.689,0.94,0.788,0.742,27976.0,76727.0,5181.0,10036.0,16782.0,22690.0,31445.0,10539.0,86436924.0,9834451937.0,9920888861.0
SA_summer_stagnation,0.764,0.899,0.675,0.645,31044.0,73345.0,4440.0,8718.0,19153.0,22390.0,31463.0,10707.0,86455292.0,9961169510.0,10047624802.0
SA_summer_stagnation,0.764,0.94,0.788,0.742,31044.0,76727.0,5181.0,10036.0,13713.0,22677.0,31459.0,10539.0,86461380.0,9665694826.0,9752156206.0
SA_summer_stagnation,0.651,0.94,0.9,0.84,26442.0,76727.0,5921.0,11354.0,16258.0,22718.0,31619.0,10084.0,86470845.0,9809342826.0,9895813670.0
SA_summer_stagnation,0.727,0.94,0.562,0.645,29510.0,76727.0,3700.0,8718.0,18045.0,22750.0,31392.0,10705.0,86483035.0,9896565046.0,9983048081.0
SA_summer_stagnation,0.727,0.94,0.45,0.742,29510.0,76727.0,2960.0,10036.0,17468.0,22807.0,31468.0,10481.0,86500605.0,9861085373.0,9947585978.0
SA_summer_stagnation,0.727,0.899,0.675,0.645,29510.0,73345.0,4440.0,8718.0,20687.0,22526.0,31463.0,10707.0,86522920.0,10045548066.0,10132070986.0
SA_summer_stagnation,0.689,0.94,0.562,0.742,27976.0,76727.0,3700.0,10036.0,18262.0,22690.0,31500.0,10534.0,86552401.0,9908459931.0,9995012332.0
SA_summer_stagnation,0.764,0.857,0.788,0.742,31044.0,69964.0,5181.0,10036.0,20476.0,21738.0,31717.0,10559.0,86556025.0,10037668860.0,10124224885.0
SA_summer_stagnation,0.764,0.899,0.9,0.645,31044.0,73345.0,5921.0,8718.0,17673.0,22385.0,31532.0,10691.0,86587354.0,9887161516.0,9973748870.0
SA_summer_stagnation,0.689,0.899,0.675,0.742,27976.0,73345.0,4440.0,10036.0,20903.0,22466.0,31571.0,10536.0,86592286.0,10057442951.0,10144035237.0
SA_summer_stagnation,0.689,0.94,0.45,0.84,27976.0,76727.0,2960.0,11354.0,17684.0,22742.0,31667.0,10137.0,86627691.0,9872980259.0,9959607949.0
SA_summer_stagnation,0.764,0.94,0.675,0.645,31044.0,76727.0,4440.0,8718.0,15771.0,22618.0,31492.0,10707.0,86630508.0,9775182493.0,9861813001.0
SA_summer_stagnation,0.727,0.899,0.9,0.645,29510.0,73345.0,5921.0,8718.0,19207.0,22520.0,31532.0,10691.0,86654982.0,9971540071.0,10058195053.0
SA_summer_stagnation,0.764,0.94,0.9,0.645,31044.0,76727.0,5921.0,8718.0,14291.0,22613.0,31530.0,10691.0,86696251.0,9701174499.0,9787870750.0
SA_summer_stagnation,0.689,0.899,0.9,0.742,27976.0,73345.0,5921.0,10036.0,19423.0,22461.0,31640.0,10520.0,86724347.0,9983434957.0,10070159304.0
SA_summer_stagnation,0.727,0.94,0.675,0.645,29510.0,76727.0,4440.0,8718.0,17305.0,22753.0,31518.0,10707.0,86753746.0,9859561049.0,9946314795.0
SA_summer_stagnation,0.689,0.94,0.675,0.742,27976.0,76727.0,4440.0,10036.0,17522.0,22693.0,31626.0,10536.0,86823111.0,9871455934.0,9958279046.0
SA_summer_stagnation,0.727,0.94,0.9,0.645,29510.0,76727.0,5921.0,8718.0,15825.0,22748.0,31561.0,10691.0,86830197.0,9785553055.0,9872383252.0
SA_summer_stagnation,0.764,0.94,0.9,0.742,31044.0,76727.0,5921.0,10036.0,12973.0,22675.0,31644.0,10520.0,86840283.0,9628690829.0,9715531112.0
SA_summer_stagnation,0.689,0.94,0.9,0.742,27976.0,76727.0,5921.0,10036.0,16041.0,22688.0,31684.0,10520.0,86932398.0,9797447940.0,9884380338.0
SA_summer_stagnation,0.764,0.857,0.675,0.742,31044.0,69964.0,4440.0,10036.0,21216.0,21742.0,31898.0,10556.0,86942213.0,10074672857.0,10161615070.0
SA_summer_stagnation,0.764,0.899,0.788,0.742,31044.0,73345.0,5181.0,10036.0,17095.0,22449.0,31747.0,10539.0,86960447.0,9851681843.0,9938642290.0
SA_summer_stagnation,0.727,0.899,0.788,0.742,29510.0,73345.0,5181.0,10036.0,18629.0,22584.0,31747.0,10539.0,87028074.0,9936060399.0,10023088473.0
SA_summer_stagnation,0.764,0.857,0.9,0.742,31044.0,69964.0,5921.0,10036.0,19736.0,21736.0,31967.0,10540.0,87074275.0,10000664863.0,10087739138.0
SA_summer_stagnation,0.764,0.899,0.562,0.742,31044.0,73345.0,3700.0,10036.0,18575.0,22450.0,31803.0,10534.0,87075924.0,9925689837.0,10012765761.0
SA_summer_stagnation,0.764,0.94,0.788,0.84,31044.0,76727.0,5181.0,11354.0,12395.0,22734.0,31881.0,10195.0,87123733.0,9593211156.0,9680334889.0
SA_summer_stagnation,0.727,0.857,0.9,0.742,29510.0,69964.0,5921.0,10036.0,21270.0,21872.0,31967.0,10540.0,87141902.0,10085043418.0,10172185321.0
SA_summer_stagnation,0.727,0.899,0.562,0.742,29510.0,73345.0,3700.0,10036.0,20109.0,22585.0,31803.0,10534.0,87143551.0,10010068393.0,10097211944.0
SA_summer_stagnation,0.764,0.899,0.45,0.84,31044.0,73345.0,2960.0,11354.0,17997.0,22502.0,31969.0,10137.0,87151214.0,9890210164.0,9977361378.0
SA_summer_stagnation,0.689,0.899,0.788,0.84,27976.0,73345.0,5181.0,11354.0,18845.0,22520.0,31946.0,10195.0,87155160.0,9947955284.0,10035110444.0
SA_summer_stagnation,0.764,0.94,0.9,0.84,31044.0,76727.0,5921.0,11354.0,11655.0,22733.0,31919.0,10176.0,87189316.0,9556207159.0,9643396475.0
SA_summer_stagnation,0.727,0.94,0.788,0.742,29510.0,76727.0,5181.0,10036.0,15247.0,22812.0,31776.0,10539.0,87203290.0,9750073382.0,9837276671.0
SA_summer_stagnation,0.727,0.899,0.45,0.84,29510.0,73345.0,2960.0,11354.0,19531.0,22637.0,31969.0,10137.0,87218841.0,9974588720.0,10061807561.0
SA_summer_stagnation,0.764,0.94,0.562,0.742,31044.0,76727.0,3700.0,10036.0,15193.0,22677.0,31832.0,10534.0,87251139.0,9739702820.0,9826953959.0
SA_summer_stagnation,0.689,0.899,0.562,0.84,27976.0,73345.0,3700.0,11354.0,20325.0,22520.0,32002.0,10191.0,87270637.0,10021963278.0,10109233915.0
SA_summer_stagnation,0.764,0.94,0.45,0.84,31044.0,76727.0,2960.0,11354.0,14616.0,22729.0,31988.0,10137.0,87304727.0,9704223147.0,9791527875.0
SA_summer_stagnation,0.689,0.94,0.788,0.84,27976.0,76727.0,5181.0,11354.0,15464.0,22747.0,31975.0,10195.0,87330375.0,9761968267.0,9849298643.0
SA_summer_stagnation,0.764,0.899,0.675,0.742,31044.0,73345.0,4440.0,10036.0,17835.0,22453.0,31928.0,10536.0,87346635.0,9888685840.0,9976032475.0
SA_summer_stagnation,0.727,0.94,0.562,0.742,29510.0,76727.0,3700.0,10036.0,16728.0,22813.0,31858.0,10534.0,87374377.0,9824081376.0,9911455753.0
SA_summer_stagnation,0.727,0.899,0.675,0.742,29510.0,73345.0,4440.0,10036.0,19369.0,22588.0,31928.0,10536.0,87414262.0,9973064396.0,10060478658.0
SA_summer_stagnation,0.727,0.94,0.45,0.84,29510.0,76727.0,2960.0,11354.0,16150.0,22864.0,32014.0,10137.0,87426892.0,9788601703.0,9876028595.0
SA_summer_stagnation,0.727,0.94,0.788,0.84,29510.0,76727.0,5181.0,11354.0,13929.0,22869.0,32016.0,10195.0,87478070.0,9677589712.0,9765067781.0
SA_summer_stagnation,0.764,0.899,0.9,0.742,31044.0,73345.0,5921.0,10036.0,16355.0,22448.0,31997.0,10520.0,87478696.0,9814677846.0,9902156542.0
SA_summer_stagnation,0.764,0.94,0.675,0.742,31044.0,76727.0,4440.0,10036.0,14453.0,22680.0,31947.0,10536.0,87500148.0,9702698823.0,9790198971.0
SA_summer_stagnation,0.689,0.94,0.562,0.84,27976.0,76727.0,3700.0,11354.0,16944.0,22748.0,32057.0,10191.0,87501463.0,9835976261.0,9923477724.0
SA_summer_stagnation,0.764,0.857,0.788,0.84,31044.0,69964.0,5181.0,11354.0,19158.0,21795.0,32273.0,10215.0,87505087.0,9965185190.0,10052690277.0
SA_summer_stagnation,0.764,0.94,0.562,0.84,31044.0,76727.0,3700.0,11354.0,13875.0,22735.0,32071.0,10191.0,87525919.0,9667219150.0,9754745069.0
SA_summer_stagnation,0.689,0.899,0.675,0.84,27976.0,73345.0,4440.0,11354.0,19585.0,22524.0,32127.0,10193.0,87541348.0,9984959281.0,10072500629.0
SA_summer_stagnation,0.727,0.899,0.9,0.742,29510.0,73345.0,5921.0,10036.0,17889.0,22583.0,31997.0,10520.0,87546324.0,9899056401.0,9986602725.0
SA_summer_stagnation,0.727,0.857,0.788,0.84,29510.0,69964.0,5181.0,11354.0,20693.0,21930.0,32273.0,10215.0,87572715.0,10049563746.0,10137136461.0
SA_summer_stagnation,0.764,0.857,0.562,0.84,31044.0,69964.0,3700.0,11354.0,20639.0,21796.0,32329.0,10210.0,87620564.0,10039193184.0,10126813749.0
SA_summer_stagnation,0.727,0.94,0.675,0.742,29510.0,76727.0,4440.0,10036.0,15987.0,22816.0,31972.0,10536.0,87622313.0,9787077379.0,9874699692.0
SA_summer_stagnation,0.764,0.94,0.675,0.84,31044.0,76727.0,4440.0,11354.0,13135.0,22738.0,32131.0,10193.0,87657283.0,9630215153.0,9717872437.0
SA_summer_stagnation,0.689,0.899,0.9,0.84,27976.0,73345.0,5921.0,11354.0,18105.0,22518.0,32196.0,10176.0,87673410.0,9910951287.0,9998624697.0
SA_summer_stagnation,0.727,0.94,0.9,0.742,29510.0,76727.0,5921.0,10036.0,14507.0,22811.0,32016.0,10520.0,87699837.0,9713069385.0,9800769222.0
SA_summer_stagnation,0.689,0.94,0.675,0.84,27976.0,76727.0,4440.0,11354.0,16204.0,22751.0,32182.0,10193.0,87772174.0,9798972264.0,9886744438.0
SA_summer_stagnation,0.689,0.94,0.9,0.84,27976.0,76727.0,5921.0,11354.0,14724.0,22746.0,32215.0,10176.0,87826923.0,9724964270.0,9812791193.0
SA_summer_stagnation,0.764,0.899,0.788,0.84,31044.0,73345.0,5181.0,11354.0,15777.0,22507.0,32277.0,10195.0,87853899.0,9779198173.0,9867052072.0
SA_summer_stagnation,0.727,0.94,0.9,0.84,29510.0,76727.0,5921.0,11354.0,13189.0,22868.0,32201.0,10176.0,87856973.0,9640585715.0,9728442687.0
SA_summer_stagnation,0.764,0.857,0.675,0.84,31044.0,69964.0,4440.0,11354.0,19899.0,21799.0,32455.0,10213.0,87891275.0,10002189187.0,10090080462.0
SA_summer_stagnation,0.727,0.899,0.788,0.84,29510.0,73345.0,5181.0,11354.0,17311.0,22642.0,32303.0,10195.0,87977137.0,9863576729.0,9951553865.0
SA_summer_stagnation,0.764,0.857,0.9,0.84,31044.0,69964.0,5921.0,11354.0,18418.0,21794.0,32524.0,10196.0,88023337.0,9928181193.0,10016204530.0
SA_summer_stagnation,0.764,0.899,0.562,0.84,31044.0,73345.0,3700.0,11354.0,17257.0,22507.0,32359.0,10191.0,88024986.0,9853206167.0,9941231153.0
SA_summer_stagnation,0.727,0.857,0.9,0.84,29510.0,69964.0,5921.0,11354.0,19953.0,21929.0,32524.0,10196.0,88090965.0,10012559748.0,10100650713.0
SA_summer_stagnation,0.727,0.899,0.562,0.84,29510.0,73345.0,3700.0,11354.0,18791.0,22643.0,32359.0,10191.0,88092614.0,9937584723.0,10025677336.0
SA_summer_stagnation,0.727,0.94,0.562,0.84,29510.0,76727.0,3700.0,11354.0,15410.0,22870.0,32388.0,10191.0,88267829.0,9751597706.0,9839865535.0
SA_summer_stagnation,0.764,0.899,0.675,0.84,31044.0,73345.0,4440.0,11354.0,16517.0,22510.0,32484.0,10193.0,88295697.0,9816202170.0,9904497867.0
SA_summer_stagnation,0.764,0.899,0.9,0.84,31044.0,73345.0,5921.0,11354.0,15037.0,22505.0,32517.0,10176.0,88350446.0,9742194176.0,9830544622.0
SA_summer_stagnation,0.727,0.899,0.675,0.84,29510.0,73345.0,4440.0,11354.0,18051.0,22646.0,32484.0,10193.0,88363325.0,9900580726.0,9988944050.0
SA_summer_stagnation,0.727,0.899,0.9,0.84,29510.0,73345.0,5921.0,11354.0,16571.0,22641.0,32554.0,10176.0,88495386.0,9826572732.0,9915068118.0
SA_summer_stagnation,0.727,0.94,0.675,0.84,29510.0,76727.0,4440.0,11354.0,14670.0,22873.0,32503.0,10193.0,88516838.0,9714593709.0,9803110547.0
SE_spring_dust,0.5,0.691,0.45,0.45,20305.0,56437.0,2960.0,6083.0,20605.0,18730.0,25488.0,7021.0,69062004.0,8063409818.0,8132471822.0
SE_spring_dust,0.5,0.691,0.45,0.548,20305.0,56437.0,2960.0,7400.0,19287.0,18833.0,25640.0,7024.0,69439138.0,7990926148.0,8060365286.0
SE_spring_dust,0.84,0.691,0.45,0.645,34112.0,56437.0,2960.0,8718.0,4162.0,20470.0,24941.0,8345.0,69784271.0,7159035478.0,7228819749.0
SE_spring_dust,0.84,0.691,0.788,0.45,34112.0,56437.0,5181.0,6083.0,4577.0,20323.0,25153.0,7914.0,69830558.0,7192990826.0,7262821384.0
SE_spring_dust,0.84,0.691,0.45,0.45,34112.0,56437.0,2960.0,6083.0,6797.0,20320.0,25178.0,7852.0,69834994.0,7304002818.0,7373837811.0
SE_spring_dust,0.84,0.691,0.45,0.548,34112.0,56437.0,2960.0,7400.0,5479.0,20423.0,25153.0,7855.0,69836484.0,7231519148.0,7301355632.0
SE_spring_dust,0.538,0.691,0.45,0.45,21839.0,56437.0,2960.0,6083.0,19071.0,18726.0,25856.0,7021.0,69841563.0,7979031262.0,8048872825.0
SE_spring_dust,0.5,0.691,0.788,0.45,20305.0,56437.0,5181.0,6083.0,18384.0,18733.0,25836.0,7083.0,69850676.0,7952397826.0,8022248503.0
SE_spring_dust,0.84,0.691,0.9,0.645,34112.0,56437.0,5921.0,8718.0,1201.0,20469.0,24983.0,8380.0,69900886.0,7011019489.0,7080920375.0
SE_spring_dust,0.5,0.691,0.562,0.45,20305.0,56437.0,3700.0,6083.0,19865.0,18737.0,25866.0,7069.0,69906557.0,8026405821.0,8096312377.0
SE_spring_dust,0.84,0.691,0.788,0.645,34112.0,56437.0,5181.0,8718.0,1941.0,20473.0,24978.0,8407.0,69911958.0,7048023486.0,7117935444.0
SE_spring_dust,0.84,0.691,0.788,0.548,34112.0,56437.0,5181.0,7400.0,3259.0,20425.0,25172.0,7917.0,69925980.0,7120507156.0,7190433136.0
SE_spring_dust,0.84,0.691,0.9,0.548,34112.0,56437.0,5921.0,7400.0,2519.0,20422.0,25186.0,7890.0,69931445.0,7083503159.0,7153434605.0
SE_spring_dust,0.84,0.691,0.9,0.45,34112.0,56437.0,5921.0,6083.0,3837.0,20319.0,25217.0,7887.0,69943744.0,7155986829.0,7225930573.0
SE_spring_dust,0.5,0.65,0.45,0.645,20305.0,53056.0,2960.0,8718.0,21351.0,18911.0,25738.0,7493.0,70046965.0,8104429495.0,8174476459.0
SE_spring_dust,0.5,0.691,0.45,0.645,20305.0,56437.0,2960.0,8718.0,17969.0,18880.0,25741.0,7514.0,70055025.0,7918442478.0,7988497502.0
SE_spring_dust,0.84,0.733,0.45,0.645,34112.0,59819.0,2960.0,8718.0,780.0,20936.0,24992.0,8264.0,70063269.0,6973048461.0,7043111730.0
SE_spring_dust,0.84,0.691,0.788,0.742,34112.0,56437.0,5181.0,10036.0,623.0,20520.0,25104.0,8236.0,70072805.0,6975539816.0,7045612622.0
SE_spring_dust,0.84,0.733,0.45,0.548,34112.0,59819.0,2960.0,7400.0,2098.0,20889.0,25205.0,7774.0,70117793.0,7045532131.0,7115649924.0
SE_spring_dust,0.84,0.733,0.9,0.45,34112.0,59819.0,5921.0,6083.0,455.0,20786.0,25224.0,7805.0,70130726.0,6969999812.0,7040130539.0
SE_spring_dust,0.84,0.733,0.788,0.45,34112.0,59819.0,5181.0,6083.0,1195.0,20789.0,25229.0,7833.0,70164276.0,7007003809.0,7077168085.0
SE_spring_dust,0.538,0.65,0.45,0.548,21839.0,53056.0,2960.0,7400.0,21134.0,18858.0,26004.0,7003.0,70210638.0,8092534609.0,8162745247.0
SE_spring_dust,0.538,0.691,0.45,0.548,21839.0,56437.0,2960.0,7400.0,17753.0,18828.0,26007.0,7024.0,70218698.0,7906547592.0,7976766290.0
SE_spring_dust,0.5,0.65,0.788,0.548,20305.0,53056.0,5181.0,7400.0,20448.0,18866.0,25985.0,7064.0,70219751.0,8065901173.0,8136120924.0
SE_spring_dust,0.5,0.691,0.788,0.548,20305.0,56437.0,5181.0,7400.0,17067.0,18836.0,25988.0,7086.0,70227811.0,7879914156.0,7950141967.0
SE_spring_dust,0.5,0.65,0.9,0.45,20305.0,53056.0,5921.0,6083.0,21026.0,18760.0,26029.0,7034.0,70237882.0,8101380846.0,8171618729.0
SE_spring_dust,0.84,0.691,0.45,0.742,34112.0,56437.0,2960.0,10036.0,2844.0,20517.0,25207.0,8174.0,70244463.0,7086551808.0,7156796271.0
SE_spring_dust,0.5,0.691,0.9,0.45,20305.0,56437.0,5921.0,6083.0,17644.0,18730.0,26032.0,7056.0,70245942.0,7915393829.0,7985639772.0
SE_spring_dust,0.5,0.691,0.562,0.548,20305.0,56437.0,3700.0,7400.0,18547.0,18839.0,26018.0,7072.0,70283691.0,7953922151.0,8024205841.0
SE_spring_dust,0.5,0.691,0.675,0.45,20305.0,56437.0,4440.0,6083.0,19125.0,18738.0,26038.0,7090.0,70289718.0,7989401823.0,8059691542.0
SE_spring_dust,0.84,0.691,0.562,0.548,34112.0,56437.0,3700.0,7400.0,4739.0,20429.0,25349.0,7903.0,70292040.0,7194515151.0,7264807191.0
SE_spring_dust,0.84,0.691,0.562,0.45,34112.0,56437.0,3700.0,6083.0,6057.0,20326.0,25384.0,7900.0,70313503.0,7266998821.0,7337312323.0
SE_spring_dust,0.84,0.691,0.675,0.548,34112.0,56437.0,4440.0,7400.0,3999.0,20430.0,25375.0,7924.0,70364654.0,7157511153.0,7227875808.0
SE_spring_dust,0.84,0.733,0.45,0.45,34112.0,59819.0,2960.0,6083.0,3416.0,20786.0,25369.0,7771.0,70411849.0,7118015801.0,7188427650.0
SE_spring_dust,0.84,0.733,0.562,0.645,34112.0,59819.0,3700.0,8718.0,40.0,20943.0,25170.0,8311.0,70483044.0,6936044464.0,7006527508.0
SE_spring_dust,0.84,0.691,0.45,0.84,34112.0,56437.0,2960.0,11354.0,1526.0,20572.0,25432.0,7831.0,70486390.0,7014068138.0,7084554528.0
SE_spring_dust,0.84,0.691,0.562,0.645,34112.0,56437.0,3700.0,8718.0,3421.0,20476.0,25304.0,8393.0,70597746.0,7122031481.0,7192629227.0
SE_spring_dust,0.5,0.65,0.9,0.548,20305.0,53056.0,5921.0,7400.0,19708.0,18862.0,26181.0,7037.0,70615017.0,8028897176.0,8099512193.0
SE_spring_dust,0.538,0.65,0.788,0.45,21839.0,53056.0,5181.0,6083.0,20232.0,18759.0,26200.0,7061.0,70622176.0,8054006288.0,8124628463.0
SE_spring_dust,0.5,0.691,0.9,0.548,20305.0,56437.0,5921.0,7400.0,16326.0,18832.0,26184.0,7059.0,70623077.0,7842910159.0,7913533236.0
SE_spring_dust,0.538,0.691,0.788,0.45,21839.0,56437.0,5181.0,6083.0,16850.0,18728.0,26203.0,7083.0,70630236.0,7868019271.0,7938649506.0
SE_spring_dust,0.84,0.691,0.675,0.45,34112.0,56437.0,4440.0,6083.0,5317.0,20327.0,25533.0,7921.0,70647602.0,7229994823.0,7300642425.0
SE_spring_dust,0.84,0.733,0.562,0.548,34112.0,59819.0,3700.0,7400.0,1358.0,20895.0,25437.0,7821.0,70651114.0,7008528134.0,7079179248.0
SE_spring_dust,0.5,0.65,0.675,0.548,20305.0,53056.0,4440.0,7400.0,21188.0,18870.0,26187.0,7071.0,70658793.0,8102905170.0,8173563963.0
SE_spring_dust,0.84,0.691,0.675,0.645,34112.0,56437.0,4440.0,8718.0,2681.0,20477.0,25326.0,8414.0,70661078.0,7085027484.0,7155688561.0
SE_spring_dust,0.5,0.691,0.675,0.548,20305.0,56437.0,4440.0,7400.0,17807.0,18840.0,26190.0,7093.0,70666853.0,7916918153.0,7987585006.0
SE_spring_dust,0.538,0.691,0.562,0.45,21839.0,56437.0,3700.0,6083.0,18330.0,18732.0,26233.0,7069.0,70686116.0,7942027265.0,8012713381.0
SE_spring_dust,0.84,0.65,0.45,0.548,34112.0,53056.0,2960.0,7400.0,8861.0,20453.0,25558.0,7834.0,70697837.0,7417506165.0,7488204001.0
SE_spring_dust,0.5,0.733,0.45,0.45,20305.0,59819.0,2960.0,6083.0,17223.0,19197.0,26184.0,6940.0,70713681.0,7877422801.0,7948136481.0
SE_spring_dust,0.84,0.733,0.675,0.548,34112.0,59819.0,4440.0,7400.0,618.0,20896.0,25470.0,7842.0,70736538.0,6971524137.0,7042260674.0
SE_spring_dust,0.84,0.691,0.562,0.742,34112.0,56437.0,3700.0,10036.0,2104.0,20523.0,25420.0,8222.0,70737655.0,7049547811.0,7120285466.0
SE_spring_dust,0.5,0.691,0.788,0.645,20305.0,56437.0,5181.0,8718.0,15749.0,18883.0,26062.0,7576.0,70788087.0,7807430486.0,7878218573.0
SE_spring_dust,0.84,0.691,0.675,0.742,34112.0,56437.0,4440.0,10036.0,1363.0,20524.0,25446.0,8243.0,70809585.0,7012543814.0,7083353398.0
SE_spring_dust,0.84,0.65,0.788,0.548,34112.0,53056.0,5181.0,7400.0,6641.0,20455.0,25589.0,7895.0,70812172.0,7306494173.0,7377306345.0
SE_spring_dust,0.538,0.65,0.45,0.645,21839.0,53056.0,2960.0,8718.0,19816.0,18906.0,26105.0,7493.0,70826524.0,8020050939.0,8090877463.0
SE_spring_dust,0.538,0.691,0.45,0.645,21839.0,56437.0,2960.0,8718.0,16435.0,18876.0,26108.0,7514.0,70834584.0,7834063922.0,7904898506.0
SE_spring_dust,0.5,0.65,0.788,0.645,20305.0,53056.0,5181.0,8718.0,19130.0,18913.0,26086.0,7554.0,70835637.0,7993417503.0,8064253141.0
SE_spring_dust,0.5,0.65,0.45,0.742,20305.0,53056.0,2960.0,10036.0,20033.0,18958.0,26170.0,7322.0,70858064.0,8031945825.0,8102803889.0
SE_spring_dust,0.576,0.65,0.45,0.45,23373.0,53056.0,2960.0,6083.0,20918.0,19426.0,25881.0,7817.0,70859569.0,8080639723.0,8151499293.0
SE_spring_dust,0.5,0.691,0.45,0.742,20305.0,56437.0,2960.0,10036.0,16651.0,18927.0,26173.0,7343.0,70866124.0,7845958808.0,7916824932.0
SE_spring_dust,0.576,0.691,0.45,0.45,23373.0,56437.0,2960.0,6083.0,17536.0,19396.0,25884.0,7839.0,70867629.0,7894652707.0,7965520336.0
SE_spring_dust,0.5,0.65,0.562,0.645,20305.0,53056.0,3700.0,8718.0,20610.0,18917.0,26116.0,7540.0,70891517.0,8067425498.0,8138317015.0
SE_spring_dust,0.5,0.691,0.562,0.645,20305.0,56437.0,3700.0,8718.0,17229.0,18887.0,26119.0,7562.0,70899577.0,7881438481.0,7952338058.0
SE_spring_dust,0.84,0.691,0.675,0.84,34112.0,56437.0,4440.0,11354.0,46.0,20579.0,25614.0,7899.0,70930148.0,6940060144.0,7010990292.0
SE_spring_dust,0.84,0.733,0.562,0.45,34112.0,59819.0,3700.0,6083.0,2676.0,20793.0,25596.0,7818.0,70936572.0,7081011804.0,7151948376.0
SE_spring_dust,0.5,0.94,0.45,0.45,20305.0,76727.0,2960.0,6083.0,315.0,21109.0,25850.0,6929.0,70950454.0,6947487716.0,7018438170.0
SE_spring_dust,0.538,0.691,0.788,0.548,21839.0,56437.0,5181.0,7400.0,15532.0,18831.0,26329.0,7086.0,70951760.0,7795535601.0,7866487361.0
SE_spring_dust,0.84,0.691,0.562,0.84,34112.0,56437.0,3700.0,11354.0,786.0,20578.0,25642.0,7878.0,70971764.0,6977064141.0,7048035905.0
SE_spring_dust,0.538,0.65,0.788,0.548,21839.0,53056.0,5181.0,7400.0,18914.0,18861.0,26352.0,7064.0,70999310.0,7981522618.0,8052521928.0
SE_spring_dust,0.538,0.691,0.9,0.45,21839.0,56437.0,5921.0,6083.0,16110.0,18725.0,26388.0,7056.0,71002727.0,7831015274.0,7902018001.0
SE_spring_dust,0.84,0.733,0.675,0.45,34112.0,59819.0,4440.0,6083.0,1936.0,20794.0,25623.0,7839.0,71009655.0,7044007807.0,7115017462.0
SE_spring_dust,0.538,0.65,0.9,0.45,21839.0,53056.0,5921.0,6083.0,19492.0,18755.0,26396.0,7034.0,71017442.0,8017002291.0,8088019732.0
SE_spring_dust,0.84,0.65,0.9,0.548,34112.0,53056.0,5921.0,7400.0,5901.0,20452.0,25698.0,7868.0,71021963.0,7269490176.0,7340512139.0
SE_spring_dust,0.538,0.65,0.562,0.548,21839.0,53056.0,3700.0,7400.0,20394.0,18865.0,26382.0,7050.0,71055190.0,8055530612.0,8126585802.0
SE_spring_dust,0.538,0.65,0.675,0.45,21839.0,53056.0,4440.0,6083.0,20972.0,18763.0,26403.0,7068.0,71061217.0,8091010285.0,8162071502.0
SE_spring_dust,0.538,0.691,0.562,0.548,21839.0,56437.0,3700.0,7400.0,17013.0,18835.0,26385.0,7072.0,71063250.0,7869543595.0,7940606845.0
SE_spring_dust,0.84,0.65,0.788,0.45,34112.0,53056.0,5181.0,6083.0,7959.0,20353.0,25734.0,7892.0,71067957.0,7378977843.0,7450045801.0
SE_spring_dust,0.5,0.733,0.45,0.548,20305.0,59819.0,2960.0,7400.0,15905.0,19299.0,26325.0,6943.0,71068040.0,7804939131.0,7876007171.0
SE_spring_dust,0.538,0.691,0.675,0.45,21839.0,56437.0,4440.0,6083.0,17590.0,18733.0,26406.0,7090.0,71069277.0,7905023268.0,7976092545.0
SE_spring_dust,0.5,0.733,0.788,0.548,20305.0,59819.0,5181.0,7400.0,13685.0,19302.0,26340.0,7005.0,71149595.0,7693927139.0,7765076734.0
SE_spring_dust,0.5,0.691,0.9,0.645,20305.0,56437.0,5921.0,8718.0,15009.0,18880.0,26249.0,7549.0,71161651.0,7770426489.0,7841588140.0
SE_spring_dust,0.84,0.65,0.788,0.645,34112.0,53056.0,5181.0,8718.0,5323.0,20503.0,25580.0,8385.0,71193521.0,7234010503.0,7305204024.0
SE_spring_dust,0.84,0.65,0.9,0.645,34112.0,53056.0,5921.0,8718.0,4583.0,20499.0,25599.0,8358.0,71210785.0,7197006506.0,7268217291.0
SE_spring_dust,0.84,0.65,0.45,0.645,34112.0,53056.0,2960.0,8718.0,7543.0,20500.0,25611.0,8324.0,71211498.0,7345022495.0,7416233993.0
SE_spring_dust,0.5,0.65,0.9,0.645,20305.0,53056.0,5921.0,8718.0,18390.0,18910.0,26282.0,7527.0,71230903.0,7956413506.0,8027644410.0
SE_spring_dust,0.576,0.65,0.45,0.548,23373.0,53056.0,2960.0,7400.0,19600.0,19529.0,26033.0,7820.0,71236704.0,8008156053.0,8079392757.0
SE_spring_dust,0.538,0.691,0.9,0.645,21839.0,56437.0,5921.0,8718.0,13474.0,18875.0,26285.0,7549.0,71237706.0,7686047934.0,7757285640.0
SE_spring_dust,0.576,0.691,0.45,0.548,23373.0,56437.0,2960.0,7400.0,16218.0,19499.0,26036.0,7842.0,71244764.0,7822169037.0,7893413800.0
SE_spring_dust,0.84,0.65,0.9,0.45,34112.0,53056.0,5921.0,6083.0,7219.0,20349.0,25840.0,7865.0,71269874.0,7341973846.0,7413243720.0
SE_spring_dust,0.5,0.65,0.675,0.645,20305.0,53056.0,4440.0,8718.0,19870.0,18918.0,26288.0,7561.0,71274679.0,8030421500.0,8101696180.0
SE_spring_dust,0.5,0.691,0.675,0.645,20305.0,56437.0,4440.0,8718.0,16489.0,18887.0,26291.0,7583.0,71282739.0,7844434484.0,7915717223.0
SE_spring_dust,0.84,0.65,0.45,0.742,34112.0,53056.0,2960.0,10036.0,6225.0,20547.0,25697.0,8153.0,71286312.0,7272538825.0,7343825137.0
SE_spring_dust,0.84,0.65,0.45,0.45,34112.0,53056.0,2960.0,6083.0,10179.0,20350.0,25864.0,7831.0,71294035.0,7489989835.0,7561283869.0
SE_spring_dust,0.5,0.733,0.788,0.645,20305.0,59819.0,5181.0,8718.0,12367.0,19349.0,26229.0,7495.0,71312713.0,7621443470.0,7692756182.0
SE_spring_dust,0.5,0.691,0.9,0.742,20305.0,56437.0,5921.0,10036.0,13691.0,18927.0,26374.0,7378.0,71320170.0,7697942819.0,7769262989.0
SE_spring_dust,0.538,0.691,0.9,0.548,21839.0,56437.0,5921.0,7400.0,14792.0,18827.0,26515.0,7059.0,71325324.0,7758531604.0,7829856927.0
SE_spring_dust,0.84,0.65,0.788,0.742,34112.0,53056.0,5181.0,10036.0,4005.0,20550.0,25702.0,8214.0,71344538.0,7161526833.0,7232871372.0
SE_spring_dust,0.84,0.65,0.562,0.45,34112.0,53056.0,3700.0,6083.0,9439.0,20357.0,25869.0,7878.0,71346462.0,7452985837.0,7524332300.0
SE_spring_dust,0.538,0.65,0.9,0.548,21839.0,53056.0,5921.0,7400.0,18174.0,18858.0,26548.0,7037.0,71394576.0,7944518621.0,8015913197.0
SE_spring_dust,0.5,0.733,0.9,0.645,20305.0,59819.0,5921.0,8718.0,11627.0,19346.0,26281.0,7467.0,71400825.0,7584439472.0,7655840297.0
SE_spring_dust,0.5,0.733,0.9,0.548,20305.0,59819.0,5921.0,7400.0,12945.0,19299.0,26471.0,6977.0,71405514.0,7656923142.0,7728328657.0
SE_spring_dust,0.5,0.733,0.788,0.45,20305.0,59819.0,5181.0,6083.0,15003.0,19200.0,26495.0,7002.0,71425041.0,7766410809.0,7837835850.0
SE_spring_dust,0.538,0.733,0.45,0.45,21839.0,59819.0,2960.0,6083.0,15689.0,19192.0,26525.0,6940.0,71437629.0,7793044245.0,7864481875.0
SE_spring_dust,0.538,0.65,0.675,0.548,21839.0,53056.0,4440.0,7400.0,19654.0,18866.0,26554.0,7071.0,71438352.0,8018526615.0,8089964967.0
SE_spring_dust,0.538,0.691,0.675,0.548,21839.0,56437.0,4440.0,7400.0,16272.0,18835.0,26558.0,7093.0,71446412.0,7832539598.0,7903986010.0
SE_spring_dust,0.538,0.733,0.788,0.548,21839.0,59819.0,5181.0,7400.0,12151.0,19297.0,26495.0,7005.0,71476386.0,7609548584.0,7681024969.0
SE_spring_dust,0.538,0.733,0.788,0.45,21839.0,59819.0,5181.0,6083.0,13469.0,19195.0,26532.0,7002.0,71501096.0,7682032254.0,7753533350.0
SE_spring_dust,0.538,0.691,0.788,0.645,21839.0,56437.0,5181.0,8718.0,14215.0,18878.0,26398.0,7576.0,71501328.0,7723051931.0,7794553259.0
SE_spring_dust,0.84,0.65,0.562,0.548,34112.0,53056.0,3700.0,7400.0,8121.0,20459.0,25935.0,7881.0,71539141.0,7380502167.0,7452041309.0
SE_spring_dust,0.84,0.65,0.675,0.45,34112.0,53056.0,4440.0,6083.0,8699.0,20357.0,25957.0,7899.0,71548417.0,7415981840.0,7487530257.0
SE_spring_dust,0.5,0.733,0.562,0.45,20305.0,59819.0,3700.0,6083.0,16483.0,19203.0,26562.0,6987.0,71558233.0,7840418804.0,7911977037.0
SE_spring_dust,0.576,0.691,0.9,0.548,23373.0,56437.0,5921.0,7400.0,13258.0,19498.0,26172.0,7876.0,71559463.0,7674153048.0,7745712511.0
SE_spring_dust,0.538,0.733,0.9,0.548,21839.0,59819.0,5921.0,7400.0,11411.0,19294.0,26547.0,6977.0,71564498.0,7572544587.0,7644109085.0
SE_spring_dust,0.538,0.691,0.788,0.742,21839.0,56437.0,5181.0,10036.0,12897.0,18925.0,26479.0,7405.0,71565117.0,7650568261.0,7722133378.0
SE_spring_dust,0.538,0.691,0.45,0.742,21839.0,56437.0,2960.0,10036.0,15117.0,18923.0,26504.0,7343.0,71568371.0,7761580252.0,7833148623.0
SE_spring_dust,0.5,0.691,0.788,0.742,20305.0,56437.0,5181.0,10036.0,14431.0,18930.0,26484.0,7405.0,71577484.0,7734946816.0,7806524301.0
SE_spring_dust,0.576,0.691,0.788,0.45,23373.0,56437.0,5181.0,6083.0,15316.0,19399.0,26206.0,7900.0,71600692.0,7783640715.0,7855241407.0
SE_spring_dust,0.538,0.733,0.788,0.645,21839.0,59819.0,5181.0,8718.0,10833.0,19345.0,26368.0,7495.0,71606025.0,7537064914.0,7608670939.0
SE_spring_dust,0.538,0.65,0.788,0.645,21839.0,53056.0,5181.0,8718.0,17596.0,18908.0,26453.0,7554.0,71615197.0,7909038948.0,7980654144.0
SE_spring_dust,0.538,0.733,0.45,0.645,21839.0,59819.0,2960.0,8718.0,13053.0,19342.0,26396.0,7433.0,71617021.0,7648076905.0,7719693927.0
SE_spring_dust,0.538,0.691,0.562,0.645,21839.0,56437.0,3700.0,8718.0,15695.0,18882.0,26460.0,7562.0,71623526.0,7797059925.0,7868683451.0
SE_spring_dust,0.5,0.733,0.45,0.645,20305.0,59819.0,2960.0,8718.0,14587.0,19347.0,26400.0,7433.0,71629389.0,7732455461.0,7804084850.0
SE_spring_dust,0.538,0.65,0.45,0.742,21839.0,53056.0,2960.0,10036.0,18498.0,18953.0,26537.0,7322.0,71637623.0,7947567269.0,8019204893.0
SE_spring_dust,0.5,0.65,0.788,0.742,20305.0,53056.0,5181.0,10036.0,17812.0,18960.0,26517.0,7384.0,71646737.0,7920933833.0,7992580570.0
SE_spring_dust,0.538,0.691,0.9,0.742,21839.0,56437.0,5921.0,10036.0,12157.0,18922.0,26528.0,7378.0,71646961.0,7613564264.0,7685211225.0
SE_spring_dust,0.576,0.65,0.788,0.45,23373.0,53056.0,5181.0,6083.0,18698.0,19429.0,26229.0,7879.0,71648242.0,7969627732.0,8041275974.0
SE_spring_dust,0.5,0.733,0.45,0.742,20305.0,59819.0,2960.0,10036.0,13269.0,19394.0,26460.0,7262.0,71648562.0,7659971791.0,7731620353.0
SE_spring_dust,0.802,0.691,0.788,0.548,32578.0,56437.0,5181.0,7400.0,4793.0,20228.0,26035.0,7917.0,71663900.0,7204885712.0,7276549612.0
SE_spring_dust,0.802,0.691,0.788,0.45,32578.0,56437.0,5181.0,6083.0,6111.0,20125.0,26060.0,7914.0,71664013.0,7277369382.0,7349033395.0
SE_spring_dust,0.84,0.65,0.562,0.645,34112.0,53056.0,3700.0,8718.0,6803.0,20506.0,25805.0,8371.0,71664507.0,7308018498.0,7379683005.0
SE_spring_dust,0.576,0.691,0.9,0.645,23373.0,56437.0,5921.0,8718.0,11940.0,19545.0,26035.0,8366.0,71669924.0,7601669378.0,7673339302.0
SE_spring_dust,0.538,0.65,0.562,0.645,21839.0,53056.0,3700.0,8718.0,19076.0,18912.0,26483.0,7540.0,71671077.0,7983046942.0,8054718019.0
SE_spring_dust,0.5,0.691,0.562,0.742,20305.0,56437.0,3700.0,10036.0,15911.0,18934.0,26540.0,7391.0,71687902.0,7808954811.0,7880642713.0
SE_spring_dust,0.5,0.691,0.788,0.84,20305.0,56437.0,5181.0,11354.0,13113.0,18985.0,26648.0,7062.0,71690077.0,7662463146.0,7734153224.0
SE_spring_dust,0.802,0.691,0.45,0.548,32578.0,56437.0,2960.0,7400.0,7014.0,20225.0,26073.0,7855.0,71696357.0,7315897703.0,7387594060.0
SE_spring_dust,0.5,0.65,0.562,0.742,20305.0,53056.0,3700.0,10036.0,19293.0,18964.0,26548.0,7369.0,71702617.0,7994941828.0,8066644444.0
SE_spring_dust,0.84,0.65,0.675,0.645,34112.0,53056.0,4440.0,8718.0,6063.0,20507.0,25816.0,8392.0,71702927.0,7271014500.0,7342717427.0
SE_spring_dust,0.576,0.65,0.562,0.45,23373.0,53056.0,3700.0,6083.0,20178.0,19433.0,26259.0,7864.0,71704122.0,8043635726.0,8115339848.0
SE_spring_dust,0.802,0.691,0.9,0.548,32578.0,56437.0,5921.0,7400.0,4053.0,20225.0,26065.0,7890.0,71705967.0,7167881715.0,7239587682.0
SE_spring_dust,0.802,0.691,0.45,0.45,32578.0,56437.0,2960.0,6083.0,8331.0,20123.0,26105.0,7852.0,71710603.0,7388381373.0,7460091976.0
SE_spring_dust,0.576,0.691,0.562,0.45,23373.0,56437.0,3700.0,6083.0,16796.0,19402.0,26262.0,7886.0,71712182.0,7857648709.0,7929360891.0
SE_spring_dust,0.5,0.691,0.45,0.84,20305.0,56437.0,2960.0,11354.0,15333.0,18982.0,26683.0,7000.0,71715034.0,7773475138.0,7845190171.0
SE_spring_dust,0.576,0.691,0.788,0.645,23373.0,56437.0,5181.0,8718.0,12680.0,19549.0,26046.0,8393.0,71716045.0,7638673375.0,7710389420.0
SE_spring_dust,0.84,0.65,0.9,0.742,34112.0,53056.0,5921.0,10036.0,3265.0,20546.0,25898.0,8187.0,71740171.0,7124522836.0,7196263008.0
SE_spring_dust,0.538,0.733,0.9,0.45,21839.0,59819.0,5921.0,6083.0,12729.0,19191.0,26656.0,6974.0,71743900.0,7645028257.0,7716772157.0
SE_spring_dust,0.5,0.65,0.45,0.84,20305.0,53056.0,2960.0,11354.0,18715.0,19012.0,26706.0,6978.0,71762584.0,7959462155.0,8031224739.0
SE_spring_dust,0.538,0.733,0.9,0.742,21839.0,59819.0,5921.0,10036.0,8775.0,19388.0,26506.0,7296.0,71770024.0,7427577247.0,7499347271.0
SE_spring_dust,0.576,0.733,0.788,0.645,23373.0,59819.0,5181.0,8718.0,9299.0,20015.0,25992.0,8312.0,71770932.0,7452686358.0,7524457290.0
SE_spring_dust,0.5,0.691,0.9,0.84,20305.0,56437.0,5921.0,11354.0,12373.0,18981.0,26697.0,7034.0,71771921.0,7625459149.0,7697231071.0
SE_spring_dust,0.5,0.733,0.9,0.45,20305.0,59819.0,5921.0,6083.0,14263.0,19196.0,26670.0,6974.0,71775691.0,7729406812.0,7801182503.0
SE_spring_dust,0.576,0.691,0.45,0.645,23373.0,56437.0,2960.0,8718.0,14901.0,19546.0,26101.0,8332.0,71783338.0,7749685367.0,7821468704.0
SE_spring_dust,0.84,0.65,0.675,0.548,34112.0,53056.0,4440.0,7400.0,7381.0,20460.0,26042.0,7902.0,71784227.0,7343498170.0,7415282398.0
SE_spring_dust,0.576,0.691,0.788,0.548,23373.0,56437.0,5181.0,7400.0,13998.0,19501.0,26270.0,7903.0,71792198.0,7711157045.0,7782949243.0
SE_spring_dust,0.538,0.733,0.45,0.548,21839.0,59819.0,2960.0,7400.0,14371.0,19295.0,26667.0,6943.0,71793062.0,7720560575.0,7792353637.0
SE_spring_dust,0.538,0.733,0.45,0.742,21839.0,59819.0,2960.0,10036.0,11735.0,19389.0,26536.0,7262.0,71807545.0,7575593235.0,7647400781.0
SE_spring_dust,0.802,0.733,0.788,0.645,32578.0,59819.0,5181.0,8718.0,94.0,20742.0,25836.0,8326.0,71812253.0,6946415025.0,7018227278.0
SE_spring_dust,0.5,0.733,0.788,0.742,20305.0,59819.0,5181.0,10036.0,11049.0,19397.0,26516.0,7324.0,71816659.0,7548959800.0,7620776458.0
SE_spring_dust,0.538,0.691,0.45,0.84,21839.0,56437.0,2960.0,11354.0,13799.0,18977.0,26733.0,7000.0,71820310.0,7689096582.0,7760916893.0
SE_spring_dust,0.5,0.733,0.562,0.645,20305.0,59819.0,3700.0,8718.0,13847.0,19353.0,26472.0,7480.0,71821361.0,7695451464.0,7767272825.0
SE_spring_dust,0.802,0.691,0.45,0.645,32578.0,56437.0,2960.0,8718.0,5696.0,20273.0,25953.0,8345.0,71842952.0,7243414033.0,7315256986.0
SE_spring_dust,0.538,0.691,0.788,0.84,21839.0,56437.0,5181.0,11354.0,11579.0,18980.0,26724.0,7062.0,71849061.0,7578084591.0,7649933652.0
SE_spring_dust,0.576,0.65,0.45,0.645,23373.0,53056.0,2960.0,8718.0,18282.0,19576.0,26134.0,8310.0,71852590.0,7935672383.0,8007524974.0
SE_spring_dust,0.5,0.733,0.562,0.548,20305.0,59819.0,3700.0,7400.0,15165.0,19306.0,26677.0,6990.0,71858055.0,7767935134.0,7839793189.0
SE_spring_dust,0.5,0.733,0.675,0.45,20305.0,59819.0,4440.0,6083.0,15743.0,19204.0,26708.0,7008.0,71885785.0,7803414807.0,7875300591.0
SE_spring_dust,0.5,0.899,0.788,0.548,20305.0,73345.0,5181.0,7400.0,159.0,21027.0,26295.0,6993.0,71905710.0,6949979072.0,7021884782.0
SE_spring_dust,0.84,0.65,0.45,0.84,34112.0,53056.0,2960.0,11354.0,4907.0,20602.0,26107.0,7809.0,71922746.0,7200055155.0,7271977900.0
SE_spring_dust,0.802,0.691,0.788,0.645,32578.0,56437.0,5181.0,8718.0,3475.0,20275.0,25970.0,8407.0,71926955.0,7132402042.0,7204328997.0
SE_spring_dust,0.5,0.733,0.9,0.84,20305.0,59819.0,5921.0,11354.0,8991.0,19448.0,26690.0,6953.0,71928125.0,7439472132.0,7511400257.0
SE_spring_dust,0.84,0.65,0.788,0.84,34112.0,53056.0,5181.0,11354.0,2687.0,20604.0,26088.0,7871.0,71929595.0,7089043163.0,7160972759.0
SE_spring_dust,0.538,0.733,0.9,0.645,21839.0,59819.0,5921.0,8718.0,10093.0,19341.0,26531.0,7467.0,71932256.0,7500060917.0,7571993173.0
SE_spring_dust,0.576,0.733,0.788,0.45,23373.0,59819.0,5181.0,6083.0,11935.0,19865.0,26282.0,7819.0,71933314.0,7597653698.0,7669587012.0
SE_spring_dust,0.576,0.691,0.45,0.742,23373.0,56437.0,2960.0,10036.0,13583.0,19593.0,26226.0,8161.0,71941857.0,7677201697.0,7749143554.0
SE_spring_dust,0.576,0.691,0.788,0.742,23373.0,56437.0,5181.0,10036.0,11362.0,19596.0,26217.0,8222.0,71970607.0,7566189705.0,7638160313.0
SE_spring_dust,0.576,0.691,0.9,0.45,23373.0,56437.0,5921.0,6083.0,14576.0,19395.0,26392.0,7873.0,71974256.0,7746636718.0,7818610974.0
SE_spring_dust,0.802,0.733,0.788,0.548,32578.0,59819.0,5181.0,7400.0,1412.0,20694.0,26103.0,7836.0,71980322.0,7018898695.0,7090879017.0
SE_spring_dust,0.576,0.733,0.9,0.645,23373.0,59819.0,5921.0,8718.0,8559.0,20012.0,26102.0,8285.0,71981743.0,7415682361.0,7487664104.0
SE_spring_dust,0.538,0.691,0.675,0.645,21839.0,56437.0,4440.0,8718.0,14955.0,18883.0,26622.0,7583.0,71984986.0,7760055928.0,7832040914.0
SE_spring_dust,0.538,0.733,0.562,0.548,21839.0,59819.0,3700.0,7400.0,13631.0,19301.0,26738.0,6990.0,71985034.0,7683556578.0,7755541612.0
SE_spring_dust,0.5,0.733,0.9,0.742,20305.0,59819.0,5921.0,10036.0,10309.0,19393.0,26606.0,7296.0,71986278.0,7511955802.0,7583942080.0
SE_spring_dust,0.576,0.733,0.788,0.548,23373.0,59819.0,5181.0,7400.0,10617.0,19968.0,26285.0,7822.0,71992833.0,7525170028.0,7597162862.0
SE_spring_dust,0.802,0.691,0.9,0.45,32578.0,56437.0,5921.0,6083.0,5371.0,20122.0,26227.0,7887.0,71997452.0,7240365385.0,7312362837.0
SE_spring_dust,0.802,0.691,0.9,0.645,32578.0,56437.0,5921.0,8718.0,2735.0,20272.0,26016.0,8380.0,72002391.0,7095398045.0,7167400436.0
SE_spring_dust,0.538,0.65,0.9,0.645,21839.0,53056.0,5921.0,8718.0,16856.0,18905.0,26649.0,7527.0,72010462.0,7872034951.0,7944045413.0
SE_spring_dust,0.84,0.65,0.9,0.84,34112.0,53056.0,5921.0,11354.0,1947.0,20601.0,26138.0,7844.0,72014783.0,7052039166.0,7124053949.0
SE_spring_dust,0.802,0.733,0.9,0.548,32578.0,59819.0,5921.0,7400.0,672.0,20691.0,26131.0,7808.0,72016410.0,6981894698.0,7053911108.0
SE_spring_dust,0.5,0.691,0.675,0.742,20305.0,56437.0,4440.0,10036.0,15171.0,18935.0,26687.0,7412.0,72016526.0,7771950814.0,7843967340.0
SE_spring_dust,0.576,0.733,0.45,0.645,23373.0,59819.0,2960.0,8718.0,11519.0,20012.0,26133.0,8250.0,72022512.0,7563698350.0,7635720862.0
SE_spring_dust,0.576,0.65,0.788,0.548,23373.0,53056.0,5181.0,7400.0,17380.0,19531.0,26381.0,7882.0,72025376.0,7897144062.0,7969169439.0
SE_spring_dust,0.576,0.733,0.45,0.548,23373.0,59819.0,2960.0,7400.0,12837.0,19965.0,26324.0,7760.0,72027201.0,7636182020.0,7708209221.0
SE_spring_dust,0.576,0.691,0.562,0.548,23373.0,56437.0,3700.0,7400.0,15478.0,19505.0,26388.0,7889.0,72033706.0,7785165039.0,7857198745.0
SE_spring_dust,0.5,0.65,0.9,0.742,20305.0,53056.0,5921.0,10036.0,17072.0,18957.0,26713.0,7356.0,72042003.0,7883929836.0,7955971839.0
SE_spring_dust,0.576,0.65,0.9,0.45,23373.0,53056.0,5921.0,6083.0,17958.0,19425.0,26425.0,7851.0,72043508.0,7932623735.0,8004667243.0
SE_spring_dust,0.5,0.733,0.45,0.84,20305.0,59819.0,2960.0,11354.0,11952.0,19449.0,26759.0,6918.0,72047656.0,7587488121.0,7659535777.0
SE_spring_dust,0.538,0.65,0.675,0.645,21839.0,53056.0,4440.0,8718.0,18336.0,18913.0,26655.0,7561.0,72054238.0,7946042945.0,8018097183.0
SE_spring_dust,0.5,0.733,0.675,0.645,20305.0,59819.0,4440.0,8718.0,13107.0,19354.0,26579.0,7501.0,72065177.0,7658447467.0,7730512643.0
SE_spring_dust,0.538,0.691,0.9,0.84,21839.0,56437.0,5921.0,11354.0,10839.0,18977.0,26836.0,7034.0,72065234.0,7541080594.0,7613145827.0
SE_spring_dust,0.802,0.691,0.788,0.742,32578.0,56437.0,5181.0,10036.0,2158.0,20322.0,26086.0,8236.0,72066863.0,7059918372.0,7131985235.0
SE_spring_dust,0.576,0.691,0.675,0.45,23373.0,56437.0,4440.0,6083.0,16056.0,19403.0,26424.0,7907.0,72072569.0,7820644712.0,7892717281.0
SE_spring_dust,0.576,0.65,0.562,0.548,23373.0,53056.0,3700.0,7400.0,18860.0,19535.0,26411.0,7867.0,72081256.0,7971152056.0,8043233313.0
SE_spring_dust,0.5,0.65,0.675,0.742,20305.0,53056.0,4440.0,10036.0,18552.0,18965.0,26720.0,7390.0,72085779.0,7957937830.0,8030023609.0
SE_spring_dust,0.576,0.65,0.675,0.45,23373.0,53056.0,4440.0,6083.0,19438.0,19433.0,26431.0,7885.0,72087284.0,8006631729.0,8078719013.0
SE_spring_dust,0.84,0.65,0.675,0.742,34112.0,53056.0,4440.0,10036.0,4745.0,20554.0,26050.0,8221.0,72094128.0,7198530830.0,7270624958.0
SE_spring_dust,0.84,0.65,0.562,0.742,34112.0,53056.0,3700.0,10036.0,5485.0,20553.0,26061.0,8200.0,72099963.0,7235534828.0,7307634790.0
SE_spring_dust,0.538,0.733,0.788,0.742,21839.0,59819.0,5181.0,10036.0,9515.0,19392.0,26656.0,7324.0,72113259.0,7464581244.0,7536694503.0
SE_spring_dust,0.802,0.733,0.45,0.645,32578.0,59819.0,2960.0,8718.0,2314.0,20739.0,26003.0,8264.0,72118768.0,7057427016.0,7129545785.0
SE_spring_dust,0.538,0.691,0.675,0.742,21839.0,56437.0,4440.0,10036.0,13637.0,18930.0,26747.0,7412.0,72143505.0,7687572258.0,7759715763.0
SE_spring_dust,0.538,0.733,0.562,0.645,21839.0,59819.0,3700.0,8718.0,12313.0,19348.0,26626.0,7480.0,72148152.0,7611072908.0,7683221060.0
SE_spring_dust,0.802,0.691,0.9,0.742,32578.0,56437.0,5921.0,10036.0,1417.0,20319.0,26136.0,8209.0,72150898.0,7022914375.0,7095065272.0
SE_spring_dust,0.576,0.691,0.9,0.742,23373.0,56437.0,5921.0,10036.0,10622.0,19592.0,26318.0,8195.0,72163408.0,7529185708.0,7601349117.0
SE_spring_dust,0.802,0.733,0.45,0.548,32578.0,59819.0,2960.0,7400.0,3632.0,20692.0,26217.0,7774.0,72174072.0,7129910686.0,7202084759.0
SE_spring_dust,0.576,0.733,0.9,0.45,23373.0,59819.0,5921.0,6083.0,11194.0,19862.0,26424.0,7792.0,72213430.0,7560649701.0,7632863131.0
SE_spring_dust,0.576,0.691,0.675,0.645,23373.0,56437.0,4440.0,8718.0,13420.0,19553.0,26279.0,8400.0,72219125.0,7675677372.0,7747896498.0
SE_spring_dust,0.538,0.733,0.675,0.645,21839.0,59819.0,4440.0,8718.0,11573.0,19349.0,26654.0,7501.0,72224160.0,7574068911.0,7646293071.0
SE_spring_dust,0.538,0.733,0.675,0.548,21839.0,59819.0,4440.0,7400.0,12891.0,19302.0,26845.0,7011.0,72228849.0,7646552581.0,7718781430.0
SE_spring_dust,0.576,0.691,0.9,0.84,23373.0,56437.0,5921.0,11354.0,9305.0,19647.0,26461.0,7851.0,72230140.0,7456702038.0,7528932178.0
SE_spring_dust,0.802,0.691,0.45,0.742,32578.0,56437.0,2960.0,10036.0,4378.0,20320.0,26186.0,8174.0,72231094.0,7170930363.0,7243161457.0
SE_spring_dust,0.5,0.899,0.45,0.548,20305.0,73345.0,2960.0,7400.0,2379.0,21024.0,26473.0,6932.0,72236449.0,7060991063.0,7133227512.0
SE_spring_dust,0.5,0.733,0.675,0.548,20305.0,59819.0,4440.0,7400.0,14425.0,19307.0,26849.0,7011.0,72241217.0,7730931137.0,7803172354.0
SE_spring_dust,0.802,0.733,0.45,0.45,32578.0,59819.0,2960.0,6083.0,4950.0,20589.0,26282.0,7771.0,72258931.0,7202394356.0,7274653287.0
SE_spring_dust,0.538,0.733,0.562,0.45,21839.0,59819.0,3700.0,6083.0,14949.0,19198.0,26892.0,6987.0,72260480.0,7756040248.0,7828300728.0
SE_spring_dust,0.802,0.691,0.562,0.548,32578.0,56437.0,3700.0,7400.0,6273.0,20232.0,26319.0,7903.0,72261201.0,7278893706.0,7351154907.0
SE_spring_dust,0.802,0.733,0.788,0.45,32578.0,59819.0,5181.0,6083.0,2730.0,20592.0,26262.0,7833.0,72265781.0,7091382365.0,7163648146.0
SE_spring_dust,0.5,0.691,0.675,0.84,20305.0,56437.0,4440.0,11354.0,13853.0,18989.0,26916.0,7068.0,72268466.0,7699467144.0,7771735609.0
SE_spring_dust,0.802,0.691,0.9,0.84,32578.0,56437.0,5921.0,11354.0,100.0,20374.0,26304.0,7865.0,72271461.0,6950430705.0,7022702166.0
SE_spring_dust,0.538,0.733,0.788,0.84,21839.0,59819.0,5181.0,11354.0,8197.0,19446.0,26844.0,6980.0,72276030.0,7392097574.0,7464373604.0
SE_spring_dust,0.5,0.899,0.788,0.45,20305.0,73345.0,5181.0,6083.0,1477.0,20925.0,26501.0,6990.0,72291660.0,7022462742.0,7094754402.0
SE_spring_dust,0.576,0.733,0.9,0.548,23373.0,59819.0,5921.0,7400.0,9877.0,19964.0,26438.0,7794.0,72296824.0,7488166031.0,7560462855.0
SE_spring_dust,0.538,0.899,0.45,0.548,21839.0,73345.0,2960.0,7400.0,845.0,21020.0,26504.0,6932.0,72300503.0,6976612508.0,7048913010.0
SE_spring_dust,0.802,0.691,0.788,0.84,32578.0,56437.0,5181.0,11354.0,840.0,20377.0,26308.0,7892.0,72300973.0,6987434702.0,7059735675.0
SE_spring_dust,0.5,0.899,0.9,0.45,20305.0,73345.0,5921.0,6083.0,736.0,20921.0,26528.0,6963.0,72327748.0,6985458745.0,7057786492.0
SE_spring_dust,0.84,0.65,0.562,0.84,34112.0,53056.0,3700.0,11354.0,4167.0,20608.0,26283.0,7857.0,72336383.0,7163051158.0,7235387540.0
SE_spring_dust,0.802,0.733,0.9,0.45,32578.0,59819.0,5921.0,6083.0,1990.0,20588.0,26313.0,7805.0,72350968.0,7054378368.0,7126729336.0
SE_spring_dust,0.576,0.733,0.788,0.742,23373.0,59819.0,5181.0,10036.0,7981.0,20062.0,26319.0,8141.0,72359406.0,7380202688.0,7452562095.0
SE_spring_dust,0.576,0.733,0.562,0.548,23373.0,59819.0,3700.0,7400.0,12097.0,19971.0,26464.0,7808.0,72366328.0,7599178023.0,7671544351.0
SE_spring_dust,0.576,0.733,0.45,0.45,23373.0,59819.0,2960.0,6083.0,14155.0,19863.0,26509.0,7757.0,72369417.0,7708665690.0,7781035107.0
SE_spring_dust,0.5,0.733,0.675,0.742,20305.0,59819.0,4440.0,10036.0,11789.0,19401.0,26773.0,7330.0,72370850.0,7585963797.0,7658334647.0
SE_spring_dust,0.576,0.691,0.45,0.84,23373.0,56437.0,2960.0,11354.0,12265.0,19648.0,26550.0,7817.0,72393608.0,7604718027.0,7677111635.0
SE_spring_dust,0.576,0.691,0.675,0.548,23373.0,56437.0,4440.0,7400.0,14738.0,19506.0,26550.0,7910.0,72395166.0,7748161042.0,7820556208.0
SE_spring_dust,0.802,0.691,0.675,0.645,32578.0,56437.0,4440.0,8718.0,4216.0,20280.0,26187.0,8414.0,72397074.0,7169406039.0,7241803113.0
SE_spring_dust,0.538,0.691,0.562,0.742,21839.0,56437.0,3700.0,10036.0,14377.0,18929.0,26881.0,7391.0,72412924.0,7724576255.0,7796989179.0
SE_spring_dust,0.576,0.65,0.9,0.548,23373.0,53056.0,5921.0,7400.0,16640.0,19528.0,26577.0,7854.0,72420642.0,7860140065.0,7932560707.0
SE_spring_dust,0.538,0.65,0.788,0.742,21839.0,53056.0,5181.0,10036.0,16278.0,18955.0,26884.0,7384.0,72426296.0,7836555278.0,7908981574.0
SE_spring_dust,0.5,0.733,0.788,0.84,20305.0,59819.0,5181.0,11354.0,9731.0,19451.0,26914.0,6980.0,72427438.0,7476476130.0,7548903567.0
SE_spring_dust,0.5,0.733,0.562,0.742,20305.0,59819.0,3700.0,10036.0,12529.0,19400.0,26808.0,7309.0,72429075.0,7622967794.0,7695396869.0
SE_spring_dust,0.5,0.899,0.45,0.645,20305.0,73345.0,2960.0,8718.0,1061.0,21072.0,26381.0,7422.0,72442185.0,6988507393.0,7060949578.0
SE_spring_dust,0.802,0.691,0.562,0.645,32578.0,56437.0,3700.0,8718.0,4956.0,20279.0,26217.0,8393.0,72444828.0,7206410036.0,7278854864.0
SE_spring_dust,0.802,0.691,0.675,0.45,32578.0,56437.0,4440.0,6083.0,6851.0,20130.0,26424.0,7921.0,72447797.0,7314373379.0,7386821176.0
SE_spring_dust,0.802,0.691,0.675,0.548,32578.0,56437.0,4440.0,7400.0,5533.0,20232.0,26400.0,7924.0,72449287.0,7241889709.0,7314338996.0
SE_spring_dust,0.802,0.691,0.562,0.45,32578.0,56437.0,3700.0,6083.0,7591.0,20129.0,26436.0,7900.0,72456178.0,7351377376.0,7423833554.0
SE_spring_dust,0.576,0.65,0.675,0.548,23373.0,53056.0,4440.0,7400.0,18120.0,19536.0,26583.0,7888.0,72464418.0,7934148059.0,8006612477.0
SE_spring_dust,0.538,0.65,0.562,0.742,21839.0,53056.0,3700.0,10036.0,17758.0,18959.0,26915.0,7369.0,72482176.0,7910563272.0,7983045448.0
SE_spring_dust,0.5,0.899,0.45,0.45,20305.0,73345.0,2960.0,6083.0,3697.0,20922.0,26615.0,6929.0,72485410.0,7133474733.0,7205960143.0
SE_spring_dust,0.538,0.733,0.45,0.84,21839.0,59819.0,2960.0,11354.0,10417.0,19444.0,26966.0,6918.0,72486418.0,7503109565.0,7575595983.0
SE_spring_dust,0.576,0.733,0.562,0.45,23373.0,59819.0,3700.0,6083.0,13415.0,19869.0,26550.0,7805.0,72494619.0,7671661693.0,7744156312.0
SE_spring_dust,0.576,0.691,0.675,0.742,23373.0,56437.0,4440.0,10036.0,12103.0,19600.0,26473.0,8229.0,72524799.0,7603193702.0,7675718502.0
SE_spring_dust,0.538,0.691,0.562,0.84,21839.0,56437.0,3700.0,11354.0,13059.0,18984.0,27046.0,7047.0,72525517.0,7652092585.0,7724618102.0
SE_spring_dust,0.5,0.691,0.562,0.84,20305.0,56437.0,3700.0,11354.0,14593.0,18988.0,27050.0,7047.0,72537884.0,7736471141.0,7809009025.0
SE_spring_dust,0.538,0.65,0.45,0.84,21839.0,53056.0,2960.0,11354.0,17181.0,19007.0,27073.0,6978.0,72542143.0,7875083599.0,7947625742.0
SE_spring_dust,0.576,0.733,0.45,0.84,23373.0,59819.0,2960.0,11354.0,8883.0,20114.0,26543.0,7736.0,72549812.0,7418731010.0,7491280821.0
SE_spring_dust,0.5,0.65,0.788,0.84,20305.0,53056.0,5181.0,11354.0,16494.0,19015.0,27053.0,7040.0,72551256.0,7848450163.0,7921001420.0
SE_spring_dust,0.802,0.733,0.45,0.742,32578.0,59819.0,2960.0,10036.0,996.0,20786.0,26257.0,8093.0,72552266.0,6984943346.0,7057495613.0
SE_spring_dust,0.576,0.733,0.9,0.742,23373.0,59819.0,5921.0,10036.0,7241.0,20059.0,26425.0,8114.0,72561323.0,7343198691.0,7415760015.0
SE_spring_dust,0.538,0.733,0.9,0.84,21839.0,59819.0,5921.0,11354.0,7457.0,19443.0,26994.0,6953.0,72572318.0,7355093577.0,7427665895.0
SE_spring_dust,0.5,0.899,0.562,0.645,20305.0,73345.0,3700.0,8718.0,321.0,21078.0,26426.0,7469.0,72577476.0,6951503396.0,7024080872.0
SE_spring_dust,0.576,0.691,0.562,0.645,23373.0,56437.0,3700.0,8718.0,14161.0,19552.0,26458.0,8379.0,72583274.0,7712681369.0,7785264644.0
SE_spring_dust,0.576,0.733,0.45,0.742,23373.0,59819.0,2960.0,10036.0,10201.0,20060.0,26448.0,8079.0,72585484.0,7491214680.0,7563800163.0
SE_spring_dust,0.538,0.899,0.45,0.45,21839.0,73345.0,2960.0,6083.0,2163.0,20917.0,26667.0,6929.0,72593779.0,7049096178.0,7121689956.0
SE_spring_dust,0.538,0.691,0.675,0.84,21839.0,56437.0,4440.0,11354.0,12319.0,18984.0,27071.0,7068.0,72595256.0,7615088588.0,7687683844.0
SE_spring_dust,0.538,0.733,0.675,0.45,21839.0,59819.0,4440.0,6083.0,14209.0,19199.0,27044.0,7008.0,72599026.0,7719036251.0,7791635277.0
SE_spring_dust,0.5,0.65,0.562,0.84,20305.0,53056.0,3700.0,11354.0,17975.0,19019.0,27084.0,7026.0,72607136.0,7922458158.0,7995065294.0
SE_spring_dust,0.576,0.65,0.788,0.645,23373.0,53056.0,5181.0,8718.0,16062.0,19579.0,26471.0,8372.0,72618488.0,7824660392.0,7897278880.0
SE_spring_dust,0.576,0.691,0.788,0.84,23373.0,56437.0,5181.0,11354.0,10045.0,19650.0,26636.0,7879.0,72626999.0,7493706035.0,7566333035.0
SE_spring_dust,0.576,0.733,0.788,0.84,23373.0,59819.0,5181.0,11354.0,6663.0,20117.0,26558.0,7797.0,72631006.0,7307719018.0,7380350025.0
SE_spring_dust,0.576,0.733,0.675,0.548,23373.0,59819.0,4440.0,7400.0,11357.0,19972.0,26582.0,7828.0,72634340.0,7562174025.0,7634808365.0
SE_spring_dust,0.576,0.733,0.562,0.742,23373.0,59819.0,3700.0,10036.0,9461.0,20066.0,26454.0,8127.0,72637911.0,7454210683.0,7526848594.0
SE_spring_dust,0.576,0.691,0.562,0.742,23373.0,56437.0,3700.0,10036.0,12843.0,19599.0,26539.0,8208.0,72647063.0,7640197700.0,7712844763.0
SE_spring_dust,0.538,0.733,0.562,0.742,21839.0,59819.0,3700.0,10036.0,10995.0,19395.0,26914.0,7309.0,72652098.0,7538589238.0,7611241336.0
SE_spring_dust,0.576,0.65,0.45,0.742,23373.0,53056.0,2960.0,10036.0,16964.0,19623.0,26566.0,8139.0,72663690.0,7863188714.0,7935852403.0
SE_spring_dust,0.802,0.733,0.562,0.45,32578.0,59819.0,3700.0,6083.0,4210.0,20596.0,26458.0,7818.0,72672568.0,7165390359.0,7238062927.0
SE_spring_dust,0.802,0.733,0.675,0.645,32578.0,59819.0,4440.0,8718.0,834.0,20746.0,26238.0,8332.0,72676072.0,6983419022.0,7056095094.0
SE_spring_dust,0.802,0.733,0.562,0.645,32578.0,59819.0,3700.0,8718.0,1574.0,20745.0,26247.0,8311.0,72677660.0,7020423019.0,7093100679.0
SE_spring_dust,0.576,0.733,0.562,0.645,23373.0,59819.0,3700.0,8718.0,10779.0,20019.0,26427.0,8298.0,72687971.0,7526694353.0,7599382324.0
SE_spring_dust,0.84,0.65,0.675,0.84,34112.0,53056.0,4440.0,11354.0,3427.0,20609.0,26441.0,7877.0,72688467.0,7126047160.0,7198735627.0
SE_spring_dust,0.576,0.65,0.562,0.645,23373.0,53056.0,3700.0,8718.0,17542.0,19583.0,26512.0,8357.0,72697143.0,7898668386.0,7971365529.0
SE_spring_dust,0.802,0.733,0.562,0.548,32578.0,59819.0,3700.0,7400.0,2892.0,20698.0,26445.0,7821.0,72698795.0,7092906689.0,7165605484.0
SE_spring_dust,0.802,0.733,0.562,0.742,32578.0,59819.0,3700.0,10036.0,256.0,20793.0,26308.0,8140.0,72700104.0,6947939349.0,7020639453.0
SE_spring_dust,0.538,0.899,0.562,0.548,21839.0,73345.0,3700.0,7400.0,105.0,21026.0,26682.0,6979.0,72720278.0,6939608510.0,7012328788.0
SE_spring_dust,0.802,0.733,0.675,0.548,32578.0,59819.0,4440.0,7400.0,2152.0,20699.0,26452.0,7842.0,72730596.0,7055902692.0,7128633288.0
SE_spring_dust,0.802,0.65,0.45,0.645,32578.0,53056.0,2960.0,8718.0,9077.0,20303.0,26371.0,8324.0,72731952.0,7429401050.0,7502133002.0
SE_spring_dust,0.5,0.899,0.675,0.548,20305.0,73345.0,4440.0,7400.0,899.0,21032.0,26687.0,7000.0,72748658.0,6986983069.0,7059731727.0
SE_spring_dust,0.5,0.899,0.562,0.548,20305.0,73345.0,3700.0,7400.0,1639.0,21031.0,26695.0,6979.0,72750246.0,7023987066.0,7096737312.0
SE_spring_dust,0.538,0.733,0.675,0.84,21839.0,59819.0,4440.0,11354.0,8937.0,19451.0,27064.0,6987.0,72751460.0,7429101571.0,7501853031.0
SE_spring_dust,0.538,0.65,0.9,0.742,21839.0,53056.0,5921.0,10036.0,15538.0,18952.0,27054.0,7356.0,72765952.0,7799551281.0,7872317232.0
SE_spring_dust,0.5,0.733,0.562,0.84,20305.0,59819.0,3700.0,11354.0,11211.0,19455.0,27083.0,6966.0,72777058.0,7550484124.0,7623261182.0
SE_spring_dust,0.538,0.733,0.675,0.742,21839.0,59819.0,4440.0,10036.0,10255.0,19396.0,26969.0,7330.0,72787132.0,7501585241.0,7574372373.0
SE_spring_dust,0.802,0.691,0.562,0.742,32578.0,56437.0,3700.0,10036.0,3638.0,20326.0,26432.0,8222.0,72793934.0,7133926366.0,7206720300.0
SE_spring_dust,0.576,0.733,0.675,0.45,23373.0,59819.0,4440.0,6083.0,12675.0,19870.0,26692.0,7825.0,72813742.0,7634657695.0,7707471438.0
SE_spring_dust,0.576,0.733,0.675,0.742,23373.0,59819.0,4440.0,10036.0,8721.0,20067.0,26541.0,8147.0,72839866.0,7417206686.0,7490046551.0
SE_spring_dust,0.576,0.733,0.9,0.84,23373.0,59819.0,5921.0,11354.0,5923.0,20113.0,26667.0,7770.0,72840798.0,7270715021.0,7343555819.0
SE_spring_dust,0.802,0.691,0.45,0.84,32578.0,56437.0,2960.0,11354.0,3060.0,20374.0,26590.0,7831.0,72853901.0,7098446693.0,7171300594.0
SE_spring_dust,0.802,0.691,0.675,0.742,32578.0,56437.0,4440.0,10036.0,2898.0,20327.0,26454.0,8243.0,72857266.0,7096922369.0,7169779635.0
SE_spring_dust,0.538,0.65,0.675,0.742,21839.0,53056.0,4440.0,10036.0,17018.0,18960.0,27087.0,7390.0,72865338.0,7873559275.0,7946424613.0
SE_spring_dust,0.802,0.65,0.788,0.548,32578.0,53056.0,5181.0,7400.0,8175.0,20258.0,26601.0,7895.0,72868350.0,7390872729.0,7463741079.0
SE_spring_dust,0.802,0.65,0.9,0.45,32578.0,53056.0,5921.0,6083.0,8753.0,20152.0,26647.0,7865.0,72889730.0,7426352402.0,7499242131.0
SE_spring_dust,0.5,0.65,0.9,0.84,20305.0,53056.0,5921.0,11354.0,15754.0,19011.0,27223.0,7013.0,72890912.0,7811446166.0,7884337078.0
SE_spring_dust,0.802,0.65,0.45,0.45,32578.0,53056.0,2960.0,6083.0,11713.0,20153.0,26677.0,7831.0,72927251.0,7574368390.0,7647295641.0
SE_spring_dust,0.576,0.691,0.562,0.84,23373.0,56437.0,3700.0,11354.0,11525.0,19654.0,26783.0,7864.0,72931007.0,7567714030.0,7640645037.0
SE_spring_dust,0.5,0.733,0.675,0.84,20305.0,59819.0,4440.0,11354.0,10471.0,19456.0,27149.0,6987.0,72934573.0,7513480127.0,7586414700.0
SE_spring_dust,0.576,0.65,0.9,0.645,23373.0,53056.0,5921.0,8718.0,15322.0,19575.0,26652.0,8344.0,72980918.0,7787656395.0,7860637313.0
SE_spring_dust,0.5,0.65,0.675,0.84,20305.0,53056.0,4440.0,11354.0,17235.0,19019.0,27256.0,7046.0,72990298.0,7885454160.0,7958444459.0
SE_spring_dust,0.802,0.65,0.788,0.645,32578.0,53056.0,5181.0,8718.0,6857.0,20305.0,26471.0,8385.0,72993716.0,7318389059.0,7391382775.0
SE_spring_dust,0.576,0.733,0.675,0.645,23373.0,59819.0,4440.0,8718.0,10039.0,20020.0,26567.0,8318.0,73002098.0,7489690355.0,7562692454.0
SE_spring_dust,0.576,0.899,0.45,0.45,23373.0,73345.0,2960.0,6083.0,628.0,21587.0,26410.0,7746.0,73010875.0,6964717622.0,7037728497.0
SE_spring_dust,0.802,0.733,0.675,0.45,32578.0,59819.0,4440.0,6083.0,3470.0,20596.0,26615.0,7839.0,73024652.0,7128386362.0,7201411014.0
SE_spring_dust,0.5,0.899,0.562,0.45,20305.0,73345.0,3700.0,6083.0,2957.0,20928.0,26853.0,6976.0,73032548.0,7096470736.0,7169503284.0
SE_spring_dust,0.5,0.899,0.675,0.45,20305.0,73345.0,4440.0,6083.0,2217.0,20929.0,26850.0,6997.0,73041934.0,7059466739.0,7132508673.0
SE_spring_dust,0.802,0.65,0.9,0.645,32578.0,53056.0,5921.0,8718.0,6117.0,20302.0,26506.0,8358.0,73044239.0,7281385062.0,7354429301.0
SE_spring_dust,0.802,0.691,0.562,0.84,32578.0,56437.0,3700.0,11354.0,2320.0,20381.0,26674.0,7878.0,73072358.0,7061442696.0,7134515055.0
SE_spring_dust,0.802,0.65,0.45,0.548,32578.0,53056.0,2960.0,7400.0,10395.0,20256.0,26723.0,7834.0,73078738.0,7501884720.0,7574963459.0
SE_spring_dust,0.576,0.65,0.675,0.645,23373.0,53056.0,4440.0,8718.0,16802.0,19583.0,26684.0,8378.0,73080305.0,7861664389.0,7934744694.0
SE_spring_dust,0.802,0.691,0.675,0.84,32578.0,56437.0,4440.0,11354.0,1580.0,20382.0,26691.0,7899.0,73124764.0,7024438699.0,7097563463.0
SE_spring_dust,0.538,0.899,0.562,0.45,21839.0,73345.0,3700.0,6083.0,1423.0,20923.0,26898.0,6976.0,73127100.0,7012092180.0,7085219280.0
SE_spring_dust,0.576,0.691,0.675,0.84,23373.0,56437.0,4440.0,11354.0,10785.0,19655.0,26871.0,7885.0,73135076.0,7530710032.0,7603845108.0
SE_spring_dust,0.802,0.65,0.9,0.548,32578.0,53056.0,5921.0,7400.0,7435.0,20255.0,26737.0,7868.0,73136123.0,7353868732.0,7427004854.0
SE_spring_dust,0.538,0.899,0.675,0.45,21839.0,73345.0,4440.0,6083.0,682.0,20924.0,26902.0,6997.0,73151083.0,6975088183.0,7048239266.0
SE_spring_dust,0.5,0.857,0.45,0.548,20305.0,69964.0,2960.0,7400.0,5760.0,20313.0,27067.0,6951.0,73162793.0,7246978080.0,7320140873.0
SE_spring_dust,0.5,0.857,0.788,0.645,20305.0,69964.0,5181.0,8718.0,2222.0,20363.0,26870.0,7503.0,73191491.0,7063482419.0,7136673910.0
SE_spring_dust,0.802,0.65,0.788,0.45,32578.0,53056.0,5181.0,6083.0,9493.0,20156.0,26797.0,7892.0,73232964.0,7463356399.0,7536589363.0
SE_spring_dust,0.5,0.857,0.788,0.548,20305.0,69964.0,5181.0,7400.0,3540.0,20316.0,27084.0,7013.0,73246795.0,7135966089.0,7209212884.0
SE_spring_dust,0.538,0.65,0.788,0.84,21839.0,53056.0,5181.0,11354.0,14960.0,19010.0,27384.0,7040.0,73253503.0,7764071608.0,7837325111.0
SE_spring_dust,0.5,0.857,0.45,0.45,20305.0,69964.0,2960.0,6083.0,7078.0,20210.0,27136.0,6948.0,73254950.0,7319461750.0,7392716700.0
SE_spring_dust,0.538,0.733,0.562,0.84,21839.0,59819.0,3700.0,11354.0,9677.0,19450.0,27312.0,6966.0,73262877.0,7466105568.0,7539368445.0
SE_spring_dust,0.5,0.857,0.9,0.45,20305.0,69964.0,5921.0,6083.0,4118.0,20210.0,27128.0,6983.0,73264560.0,7171445762.0,7244710321.0
SE_spring_dust,0.538,0.857,0.45,0.548,21839.0,69964.0,2960.0,7400.0,4226.0,20308.0,27118.0,6951.0,73268760.0,7162599524.0,7235868284.0
SE_spring_dust,0.5,0.857,0.9,0.645,20305.0,69964.0,5921.0,8718.0,1482.0,20359.0,26920.0,7476.0,73275525.0,7026478422.0,7099753947.0
SE_spring_dust,0.538,0.857,0.788,0.645,21839.0,69964.0,5181.0,8718.0,688.0,20358.0,26922.0,7503.0,73300640.0,6979103863.0,7052404503.0
SE_spring_dust,0.5,0.857,0.9,0.548,20305.0,69964.0,5921.0,7400.0,2800.0,20312.0,27130.0,6986.0,73322232.0,7098962092.0,7172284323.0
SE_spring_dust,0.5,0.857,0.9,0.742,20305.0,69964.0,5921.0,10036.0,164.0,20407.0,26993.0,7305.0,73323540.0,6953994752.0,7027318292.0
SE_spring_dust,0.5,0.857,0.788,0.45,20305.0,69964.0,5181.0,6083.0,4858.0,20213.0,27149.0,7010.0,73331654.0,7208449759.0,7281781413.0
SE_spring_dust,0.5,0.857,0.788,0.742,20305.0,69964.0,5181.0,10036.0,904.0,20410.0,26987.0,7332.0,73332180.0,6990998749.0,7064330929.0
SE_spring_dust,0.802,0.65,0.675,0.548,32578.0,53056.0,4440.0,7400.0,8915.0,20263.0,26821.0,7902.0,73343780.0,7427876726.0,7501220506.0
SE_spring_dust,0.5,0.857,0.45,0.645,20305.0,69964.0,2960.0,8718.0,4443.0,20360.0,26970.0,7441.0,73355722.0,7174494410.0,7247850132.0
SE_spring_dust,0.576,0.733,0.562,0.84,23373.0,59819.0,3700.0,11354.0,8143.0,20121.0,26904.0,7783.0,73357976.0,7381727013.0,7455084989.0
SE_spring_dust,0.576,0.65,0.788,0.742,23373.0,53056.0,5181.0,10036.0,14744.0,19626.0,26877.0,8201.0,73375050.0,7752176722.0,7825551772.0
SE_spring_dust,0.538,0.857,0.9,0.548,21839.0,69964.0,5921.0,7400.0,1266.0,20307.0,27161.0,6986.0,73385375.0,7014583536.0,7087968911.0
SE_spring_dust,0.538,0.65,0.562,0.84,21839.0,53056.0,3700.0,11354.0,16441.0,19014.0,27451.0,7026.0,73386696.0,7838079602.0,7911466298.0
SE_spring_dust,0.538,0.857,0.788,0.548,21839.0,69964.0,5181.0,7400.0,2006.0,20311.0,27155.0,7013.0,73396446.0,7051587533.0,7124983980.0
SE_spring_dust,0.802,0.65,0.45,0.742,32578.0,53056.0,2960.0,10036.0,7759.0,20350.0,26742.0,8153.0,73412568.0,7356917380.0,7430329948.0
SE_spring_dust,0.802,0.65,0.788,0.742,32578.0,53056.0,5181.0,10036.0,5539.0,20353.0,26727.0,8214.0,73429171.0,7245905389.0,7319334560.0
SE_spring_dust,0.613,0.691,0.45,0.45,24907.0,56437.0,2960.0,6083.0,16002.0,19593.0,26227.0,10135.0,73463827.0,7810274151.0,7883737978.0
SE_spring_dust,0.613,0.65,0.45,0.45,24907.0,53056.0,2960.0,6083.0,19384.0,19623.0,26235.0,10113.0,73478542.0,7996261168.0,8069739710.0
SE_spring_dust,0.576,0.65,0.788,0.84,23373.0,53056.0,5181.0,11354.0,13426.0,19681.0,27041.0,7857.0,73487643.0,7679693052.0,7753180695.0
SE_spring_dust,0.576,0.65,0.562,0.742,23373.0,53056.0,3700.0,10036.0,16224.0,19630.0,26944.0,8186.0,73508242.0,7826184716.0,7899692959.0
SE_spring_dust,0.576,0.65,0.45,0.84,23373.0,53056.0,2960.0,11354.0,15646.0,19678.0,27076.0,7795.0,73512599.0,7790705044.0,7864217643.0
SE_spring_dust,0.538,0.857,0.45,0.645,21839.0,69964.0,2960.0,8718.0,2908.0,20355.0,27055.0,7441.0,73533739.0,7090115855.0,7163649593.0
SE_spring_dust,0.802,0.65,0.562,0.645,32578.0,53056.0,3700.0,8718.0,8337.0,20309.0,26732.0,8371.0,73540116.0,7392397053.0,7465937170.0
SE_spring_dust,0.613,0.691,0.788,0.45,24907.0,56437.0,5181.0,6083.0,13782.0,19595.0,26242.0,10196.0,73545382.0,7699262160.0,7772807542.0
SE_spring_dust,0.613,0.691,0.9,0.548,24907.0,56437.0,5921.0,7400.0,11724.0,19694.0,26234.0,10172.0,73557860.0,7589774493.0,7663332353.0
SE_spring_dust,0.538,0.857,0.45,0.45,21839.0,69964.0,2960.0,6083.0,5544.0,20206.0,27280.0,6948.0,73559725.0,7235083194.0,7308642919.0
SE_spring_dust,0.802,0.65,0.9,0.742,32578.0,53056.0,5921.0,10036.0,4799.0,20349.0,26805.0,8187.0,73573088.0,7208901392.0,7282474480.0
SE_spring_dust,0.576,0.733,0.675,0.84,23373.0,59819.0,4440.0,11354.0,7403.0,20121.0,27011.0,7804.0,73603062.0,7344723016.0,7418326077.0
SE_spring_dust,0.538,0.65,0.9,0.84,21839.0,53056.0,5921.0,11354.0,14220.0,19007.0,27559.0,7013.0,73604153.0,7727067611.0,7800671764.0
SE_spring_dust,0.576,0.65,0.9,0.742,23373.0,53056.0,5921.0,10036.0,14004.0,19622.0,26996.0,8173.0,73606390.0,7715172725.0,7788779115.0
SE_spring_dust,0.576,0.857,0.788,0.548,23373.0,69964.0,5181.0,7400.0,472.0,20981.0,26803.0,7830.0,73609579.0,6967208978.0,7040818557.0
SE_spring_dust,0.613,0.691,0.45,0.645,24907.0,56437.0,2960.0,8718.0,13366.0,19743.0,26083.0,10628.0,73610384.0,7665306811.0,7738917195.0
SE_spring_dust,0.5,0.816,0.45,0.548,20305.0,66582.0,2960.0,7400.0,9142.0,20006.0,27352.0,6951.0,73616138.0,7432965097.0,7506581235.0
SE_spring_dust,0.613,0.733,0.788,0.548,24907.0,59819.0,5181.0,7400.0,9083.0,20164.0,26175.0,10118.0,73625951.0,7440791473.0,7514417424.0
SE_spring_dust,0.538,0.857,0.788,0.45,21839.0,69964.0,5181.0,6083.0,3324.0,20208.0,27299.0,7010.0,73649220.0,7124071203.0,7197720423.0
SE_spring_dust,0.802,0.65,0.788,0.84,32578.0,53056.0,5181.0,11354.0,4221.0,20407.0,26949.0,7871.0,73665591.0,7173421719.0,7247087310.0
SE_spring_dust,0.538,0.857,0.9,0.45,21839.0,69964.0,5921.0,6083.0,2584.0,20205.0,27328.0,6983.0,73688070.0,7087067206.0,7160755276.0
SE_spring_dust,0.538,0.857,0.45,0.742,21839.0,69964.0,2960.0,10036.0,1591.0,20403.0,27187.0,7271.0,73707817.0,7017632185.0,7091340001.0
SE_spring_dust,0.538,0.65,0.675,0.84,21839.0,53056.0,4440.0,11354.0,15700.0,19015.0,27597.0,7046.0,73714247.0,7801075605.0,7874789852.0
SE_spring_dust,0.613,0.691,0.788,0.548,24907.0,56437.0,5181.0,7400.0,12464.0,19698.0,26299.0,10199.0,73719131.0,7626778490.0,7700497621.0
SE_spring_dust,0.802,0.65,0.45,0.84,32578.0,53056.0,2960.0,11354.0,6441.0,20405.0,27007.0,7809.0,73740094.0,7284433710.0,7358173804.0
SE_spring_dust,0.802,0.65,0.562,0.45,32578.0,53056.0,3700.0,6083.0,10973.0,20159.0,27040.0,7878.0,73740519.0,7537364393.0,7611104912.0
SE_spring_dust,0.651,0.691,0.788,0.548,26442.0,56437.0,5181.0,7400.0,10930.0,19850.0,26267.0,10223.0,73744961.0,7542399934.0,7616144895.0
SE_spring_dust,0.651,0.691,0.9,0.645,26442.0,56437.0,5921.0,8718.0,8872.0,19894.0,26090.0,10686.0,73746887.0,7432912267.0,7506659154.0
SE_spring_dust,0.651,0.691,0.45,0.548,26442.0,56437.0,2960.0,7400.0,13150.0,19847.0,26295.0,10162.0,73755957.0,7653411925.0,7727167883.0
SE_spring_dust,0.5,0.857,0.562,0.548,20305.0,69964.0,3700.0,7400.0,5020.0,20319.0,27331.0,6999.0,73764668.0,7209974083.0,7283738751.0
SE_spring_dust,0.613,0.691,0.788,0.645,24907.0,56437.0,5181.0,8718.0,11146.0,19745.0,26139.0,10689.0,73778481.0,7554294820.0,7628073300.0
SE_spring_dust,0.613,0.691,0.45,0.548,24907.0,56437.0,2960.0,7400.0,14684.0,19695.0,26353.0,10138.0,73786424.0,7737790481.0,7811576905.0
SE_spring_dust,0.613,0.691,0.9,0.742,24907.0,56437.0,5921.0,10036.0,9088.0,19789.0,26208.0,10491.0,73796526.0,7444807153.0,7518603679.0
SE_spring_dust,0.613,0.691,0.9,0.45,24907.0,56437.0,5921.0,6083.0,13042.0,19592.0,26373.0,10169.0,73801301.0,7662258163.0,7736059464.0
SE_spring_dust,0.576,0.65,0.9,0.84,23373.0,53056.0,5921.0,11354.0,12686.0,19677.0,27207.0,7830.0,73818870.0,7642689055.0,7716507925.0
SE_spring_dust,0.5,0.857,0.562,0.45,20305.0,69964.0,3700.0,6083.0,6338.0,20217.0,27382.0,6996.0,73819794.0,7282457753.0,7356277546.0
SE_spring_dust,0.538,0.857,0.45,0.84,21839.0,69964.0,2960.0,11354.0,273.0,20457.0,27353.0,6927.0,73823680.0,6945148515.0,7018972195.0
SE_spring_dust,0.802,0.65,0.675,0.645,32578.0,53056.0,4440.0,8718.0,7597.0,20310.0,26858.0,8392.0,73824301.0,7355393056.0,7429217357.0
SE_spring_dust,0.576,0.65,0.675,0.742,23373.0,53056.0,4440.0,10036.0,15484.0,19630.0,27090.0,8207.0,73835794.0,7789180719.0,7863016513.0
SE_spring_dust,0.651,0.691,0.788,0.45,26442.0,56437.0,5181.0,6083.0,12248.0,19748.0,26343.0,10220.0,73854073.0,7614883604.0,7688737677.0
SE_spring_dust,0.802,0.65,0.562,0.548,32578.0,53056.0,3700.0,7400.0,9655.0,20262.0,27068.0,7881.0,73855198.0,7464880723.0,7538735921.0
SE_spring_dust,0.613,0.65,0.45,0.548,24907.0,53056.0,2960.0,7400.0,18066.0,19725.0,26387.0,10116.0,73855676.0,7923777498.0,7997633174.0
SE_spring_dust,0.651,0.691,0.45,0.645,26442.0,56437.0,2960.0,8718.0,11832.0,19895.0,26158.0,10652.0,73866418.0,7580928255.0,7654794673.0
SE_spring_dust,0.5,0.816,0.788,0.548,20305.0,66582.0,5181.0,7400.0,6922.0,20009.0,27452.0,7013.0,73877902.0,7321953106.0,7395831007.0
SE_spring_dust,0.5,0.857,0.45,0.742,20305.0,69964.0,2960.0,10036.0,3125.0,20407.0,27269.0,7271.0,73885109.0,7102010740.0,7175895849.0
SE_spring_dust,0.576,0.857,0.45,0.45,23373.0,69964.0,2960.0,6083.0,4010.0,20876.0,26981.0,7766.0,73886247.0,7150704639.0,7224590886.0
SE_spring_dust,0.576,0.857,0.788,0.45,23373.0,69964.0,5181.0,6083.0,1790.0,20879.0,26959.0,7827.0,73889734.0,7039692648.0,7113582382.0
SE_spring_dust,0.576,0.857,0.45,0.645,23373.0,69964.0,2960.0,8718.0,1374.0,21026.0,26772.0,8259.0,73897212.0,7005737299.0,7079634511.0
SE_spring_dust,0.764,0.691,0.45,0.548,31044.0,56437.0,2960.0,7400.0,8548.0,19862.0,26327.0,10255.0,73903443.0,7400276259.0,7474179702.0
SE_spring_dust,0.802,0.65,0.675,0.45,32578.0,53056.0,4440.0,6083.0,10233.0,20160.0,27110.0,7899.0,73906837.0,7500360396.0,7574267233.0
SE_spring_dust,0.613,0.691,0.45,0.742,24907.0,56437.0,2960.0,10036.0,12049.0,19790.0,26277.0,10457.0,73916057.0,7592823141.0,7666739199.0
SE_spring_dust,0.5,0.857,0.562,0.645,20305.0,69964.0,3700.0,8718.0,3703.0,20367.0,27215.0,7489.0,73918562.0,7137490413.0,7211408975.0
SE_spring_dust,0.576,0.857,0.45,0.742,23373.0,69964.0,2960.0,10036.0,56.0,21073.0,26836.0,8088.0,73924356.0,6933253629.0,7007177985.0
SE_spring_dust,0.5,0.816,0.9,0.548,20305.0,66582.0,5921.0,7400.0,6182.0,20005.0,27487.0,6986.0,73928425.0,7284949109.0,7358877534.0
SE_spring_dust,0.651,0.691,0.9,0.45,26442.0,56437.0,5921.0,6083.0,11508.0,19744.0,26395.0,10193.0,73942186.0,7577879607.0,7651821793.0
SE_spring_dust,0.576,0.857,0.45,0.548,23373.0,69964.0,2960.0,7400.0,2692.0,20979.0,26983.0,7769.0,73943918.0,7078220969.0,7152164887.0
SE_spring_dust,0.613,0.691,0.9,0.645,24907.0,56437.0,5921.0,8718.0,10406.0,19742.0,26229.0,10662.0,73948100.0,7517290823.0,7591238922.0
SE_spring_dust,0.802,0.65,0.562,0.742,32578.0,53056.0,3700.0,10036.0,7019.0,20356.0,26980.0,8200.0,73959835.0,7319913383.0,7393873219.0
SE_spring_dust,0.5,0.857,0.675,0.548,20305.0,69964.0,4440.0,7400.0,4280.0,20320.0,27419.0,7020.0,73967550.0,7172970086.0,7246937636.0
SE_spring_dust,0.613,0.691,0.562,0.548,24907.0,56437.0,3700.0,7400.0,13944.0,19702.0,26425.0,10185.0,73978396.0,7700786484.0,7774764880.0
SE_spring_dust,0.613,0.733,0.9,0.548,24907.0,59819.0,5921.0,7400.0,8342.0,20161.0,26354.0,10091.0,73984829.0,7403787476.0,7477772305.0
SE_spring_dust,0.5,0.816,0.788,0.45,20305.0,66582.0,5181.0,6083.0,8240.0,19906.0,27531.0,7010.0,73991288.0,7394436776.0,7468428064.0
SE_spring_dust,0.5,0.857,0.675,0.645,20305.0,69964.0,4440.0,8718.0,2962.0,20367.0,27248.0,7510.0,74004309.0,7100486416.0,7174490725.0
SE_spring_dust,0.5,0.857,0.675,0.45,20305.0,69964.0,4440.0,6083.0,5598.0,20218.0,27463.0,7017.0,74007880.0,7245453756.0,7319461636.0
SE_spring_dust,0.651,0.733,0.788,0.45,26442.0,59819.0,5181.0,6083.0,8866.0,20214.0,26336.0,10139.0,74010277.0,7428896587.0,7502906864.0
SE_spring_dust,0.538,0.816,0.45,0.45,21839.0,66582.0,2960.0,6083.0,8926.0,19899.0,27568.0,6948.0,74018563.0,7421070211.0,7495088774.0
SE_spring_dust,0.764,0.691,0.788,0.548,31044.0,56437.0,5181.0,7400.0,6327.0,19865.0,26359.0,10316.0,74021026.0,7289264268.0,7363285294.0
SE_spring_dust,0.613,0.733,0.45,0.548,24907.0,59819.0,2960.0,7400.0,11303.0,20162.0,26386.0,10056.0,74025598.0,7551803464.0,7625829062.0
SE_spring_dust,0.538,0.857,0.562,0.645,21839.0,69964.0,3700.0,8718.0,2168.0,20362.0,27267.0,7489.0,74026931.0,7053111857.0,7127138788.0
SE_spring_dust,0.802,0.65,0.9,0.84,32578.0,53056.0,5921.0,11354.0,3481.0,20404.0,27131.0,7844.0,74029780.0,7136417722.0,7210447501.0
SE_spring_dust,0.576,0.857,0.9,0.45,23373.0,69964.0,5921.0,6083.0,1050.0,20875.0,27038.0,7800.0,74034306.0,7002688651.0,7076722957.0
SE_spring_dust,0.84,0.774,0.45,0.45,34112.0,63201.0,2960.0,6083.0,34.0,21601.0,26830.0,7918.0,74044678.0,6932028784.0,7006073462.0
SE_spring_dust,0.802,0.65,0.675,0.742,32578.0,53056.0,4440.0,10036.0,6279.0,20357.0,27021.0,8221.0,74063288.0,7282909386.0,7356972674.0
SE_spring_dust,0.651,0.691,0.9,0.548,26442.0,56437.0,5921.0,7400.0,10190.0,19847.0,26431.0,10196.0,74071192.0,7505395937.0,7579467129.0
SE_spring_dust,0.5,0.816,0.45,0.645,20305.0,66582.0,2960.0,8718.0,7824.0,20053.0,27380.0,7441.0,74076189.0,7360481427.0,7434557616.0
SE_spring_dust,0.538,0.857,0.562,0.548,21839.0,69964.0,3700.0,7400.0,3486.0,20315.0,27482.0,6999.0,74082235.0,7125595527.0,7199677762.0
SE_spring_dust,0.538,0.857,0.675,0.45,21839.0,69964.0,4440.0,6083.0,4064.0,20213.0,27502.0,7017.0,74087895.0,7161075200.0,7235163095.0
SE_spring_dust,0.538,0.857,0.675,0.645,21839.0,69964.0,4440.0,8718.0,1428.0,20363.0,27294.0,7510.0,74098860.0,7016107860.0,7090206721.0
SE_spring_dust,0.651,0.691,0.788,0.645,26442.0,56437.0,5181.0,8718.0,9612.0,19897.0,26245.0,10713.0,74100140.0,7469916264.0,7544016404.0
SE_spring_dust,0.5,0.857,0.562,0.742,20305.0,69964.0,3700.0,10036.0,2385.0,20414.0,27353.0,7318.0,74103566.0,7065006743.0,7139110309.0
SE_spring_dust,0.613,0.733,0.788,0.645,24907.0,59819.0,5181.0,8718.0,7765.0,20212.0,26215.0,10608.0,74111354.0,7368307803.0,7442419156.0
SE_spring_dust,0.5,0.857,0.45,0.84,20305.0,69964.0,2960.0,11354.0,1807.0,20462.0,27490.0,6927.0,74118100.0,7029527070.0,7103645170.0
SE_spring_dust,0.5,0.816,0.788,0.645,20305.0,66582.0,5181.0,8718.0,5604.0,20056.0,27377.0,7503.0,74118144.0,7249469436.0,7323587580.0
SE_spring_dust,0.538,0.857,0.675,0.742,21839.0,69964.0,4440.0,10036.0,110.0,20410.0,27357.0,7339.0,74126004.0,6943624190.0,7017750194.0
SE_spring_dust,0.651,0.691,0.788,0.742,26442.0,56437.0,5181.0,10036.0,8294.0,19945.0,26308.0,10542.0,74126332.0,7397432594.0,7471558926.0
SE_spring_dust,0.538,0.816,0.788,0.45,21839.0,66582.0,5181.0,6083.0,6706.0,19901.0,27597.0,7010.0,74130655.0,7310058220.0,7384188875.0
SE_spring_dust,0.651,0.733,0.788,0.645,26442.0,59819.0,5181.0,8718.0,6230.0,20364.0,26180.0,10632.0,74131646.0,7283929247.0,7358060894.0
SE_spring_dust,0.538,0.857,0.675,0.548,21839.0,69964.0,4440.0,7400.0,2746.0,20315.0,27504.0,7020.0,74145567.0,7088591530.0,7162737097.0
SE_spring_dust,0.538,0.857,0.562,0.45,21839.0,69964.0,3700.0,6083.0,4804.0,20212.0,27540.0,6996.0,74152929.0,7198079197.0,7272232126.0
SE_spring_dust,0.5,0.857,0.675,0.742,20305.0,69964.0,4440.0,10036.0,1645.0,20414.0,27370.0,7339.0,74155972.0,7028002746.0,7102158718.0
SE_spring_dust,0.538,0.857,0.562,0.742,21839.0,69964.0,3700.0,10036.0,850.0,20409.0,27384.0,7318.0,74167620.0,6980628187.0,7054795807.0
SE_spring_dust,0.651,0.691,0.45,0.45,26442.0,56437.0,2960.0,6083.0,14468.0,19745.0,26515.0,10159.0,74170750.0,7725895595.0,7800066345.0
SE_spring_dust,0.651,0.733,0.45,0.645,26442.0,59819.0,2960.0,8718.0,8451.0,20361.0,26225.0,10570.0,74178237.0,7394941239.0,7469119475.0
SE_spring_dust,0.538,0.816,0.788,0.645,21839.0,66582.0,5181.0,8718.0,4070.0,20051.0,27416.0,7503.0,74198159.0,7165090880.0,7239289039.0
SE_spring_dust,0.5,0.816,0.45,0.45,20305.0,66582.0,2960.0,6083.0,10460.0,19904.0,27652.0,6948.0,74201676.0,7505448767.0,7579650443.0
SE_spring_dust,0.764,0.691,0.788,0.645,31044.0,56437.0,5181.0,8718.0,5010.0,19912.0,26257.0,10806.0,74204653.0,7216780598.0,7290985251.0
SE_spring_dust,0.613,0.733,0.45,0.45,24907.0,59819.0,2960.0,6083.0,12621.0,20059.0,26495.0,10053.0,74205001.0,7624287134.0,7698492135.0
SE_spring_dust,0.613,0.733,0.9,0.645,24907.0,59819.0,5921.0,8718.0,7025.0,20208.0,26271.0,10581.0,74209335.0,7331303806.0,7405513141.0
SE_spring_dust,0.613,0.733,0.788,0.45,24907.0,59819.0,5181.0,6083.0,10400.0,20062.0,26475.0,10115.0,74211490.0,7513275143.0,7587486632.0
SE_spring_dust,0.764,0.691,0.9,0.45,31044.0,56437.0,5921.0,6083.0,6905.0,19759.0,26488.0,10286.0,74219726.0,7324743940.0,7398963667.0
SE_spring_dust,0.689,0.691,0.788,0.548,27976.0,56437.0,5181.0,7400.0,9396.0,19878.0,26450.0,10316.0,74220121.0,7458021379.0,7532241499.0
SE_spring_dust,0.764,0.691,0.788,0.45,31044.0,56437.0,5181.0,6083.0,7645.0,19762.0,26478.0,10313.0,74220885.0,7361747937.0,7435968823.0
SE_spring_dust,0.764,0.691,0.9,0.548,31044.0,56437.0,5921.0,7400.0,5587.0,19861.0,26464.0,10289.0,74221217.0,7252260270.0,7326481487.0
SE_spring_dust,0.613,0.691,0.675,0.548,24907.0,56437.0,4440.0,7400.0,13204.0,19702.0,26532.0,10206.0,74222212.0,7663782487.0,7738004698.0
SE_spring_dust,0.613,0.733,0.45,0.742,24907.0,59819.0,2960.0,10036.0,8667.0,20256.0,26345.0,10375.0,74231124.0,7406836124.0,7481067248.0
SE_spring_dust,0.651,0.65,0.45,0.45,26442.0,53056.0,2960.0,6083.0,17850.0,19775.0,26548.0,10137.0,74240002.0,7911882612.0,7986122614.0
SE_spring_dust,0.651,0.733,0.788,0.548,26442.0,59819.0,5181.0,7400.0,7548.0,20317.0,26425.0,10142.0,74252045.0,7356412917.0,7430664963.0
SE_spring_dust,0.651,0.733,0.9,0.548,26442.0,59819.0,5921.0,7400.0,6808.0,20313.0,26437.0,10114.0,74255768.0,7319408920.0,7393664688.0
SE_spring_dust,0.538,0.816,0.9,0.548,21839.0,66582.0,5921.0,7400.0,4648.0,20001.0,27643.0,6986.0,74259618.0,7200570553.0,7274830171.0
SE_spring_dust,0.538,0.816,0.45,0.548,21839.0,66582.0,2960.0,7400.0,7608.0,20001.0,27658.0,6951.0,74265213.0,7348586541.0,7422851755.0
SE_spring_dust,0.613,0.65,0.788,0.45,24907.0,53056.0,5181.0,6083.0,17164.0,19626.0,26582.0,10175.0,74267215.0,7885249177.0,7959516391.0
SE_spring_dust,0.613,0.691,0.788,0.84,24907.0,56437.0,5181.0,11354.0,8510.0,19847.0,26531.0,10175.0,74269392.0,7409327480.0,7483596872.0
SE_spring_dust,0.5,0.857,0.675,0.84,20305.0,69964.0,4440.0,11354.0,327.0,20469.0,27536.0,6995.0,74271836.0,6955519076.0,7029790912.0
SE_spring_dust,0.613,0.691,0.562,0.45,24907.0,56437.0,3700.0,6083.0,15262.0,19599.0,26590.0,10182.0,74275544.0,7773270154.0,7847545698.0
SE_spring_dust,0.5,0.816,0.9,0.645,20305.0,66582.0,5921.0,8718.0,4864.0,20053.0,27462.0,7476.0,74276226.0,7212465439.0,7286741664.0
SE_spring_dust,0.651,0.691,0.45,0.84,26442.0,56437.0,2960.0,11354.0,9197.0,19997.0,26514.0,10137.0,74278567.0,7435960916.0,7510239483.0
SE_spring_dust,0.538,0.816,0.788,0.548,21839.0,66582.0,5181.0,7400.0,5388.0,20004.0,27643.0,7013.0,74281817.0,7237574550.0,7311856367.0
SE_spring_dust,0.5,0.816,0.9,0.45,20305.0,66582.0,5921.0,6083.0,7500.0,19903.0,27680.0,6983.0,74287576.0,7357432779.0,7431720355.0
SE_spring_dust,0.764,0.691,0.45,0.645,31044.0,56437.0,2960.0,8718.0,7230.0,19909.0,26319.0,10745.0,74287811.0,7327792589.0,7402080400.0
SE_spring_dust,0.613,0.691,0.788,0.742,24907.0,56437.0,5181.0,10036.0,9828.0,19792.0,26432.0,10518.0,74295840.0,7481811150.0,7556106989.0
SE_spring_dust,0.613,0.733,0.562,0.645,24907.0,59819.0,3700.0,8718.0,9245.0,20215.0,26307.0,10594.0,74297718.0,7442315797.0,7516613515.0
SE_spring_dust,0.538,0.816,0.45,0.645,21839.0,66582.0,2960.0,8718.0,6290.0,20049.0,27488.0,7441.0,74304106.0,7276102871.0,7350406977.0
SE_spring_dust,0.538,0.816,0.9,0.45,21839.0,66582.0,5921.0,6083.0,5965.0,19898.0,27692.0,6983.0,74309549.0,7273054223.0,7347363772.0
SE_spring_dust,0.613,0.65,0.562,0.45,24907.0,53056.0,3700.0,6083.0,18644.0,19629.0,26613.0,10161.0,74323095.0,7959257171.0,8033580265.0
SE_spring_dust,0.613,0.691,0.675,0.645,24907.0,56437.0,4440.0,8718.0,11886.0,19750.0,26395.0,10696.0,74332672.0,7591298817.0,7665631489.0
SE_spring_dust,0.576,0.65,0.562,0.84,23373.0,53056.0,3700.0,11354.0,14906.0,19684.0,27443.0,7843.0,74335450.0,7753701046.0,7828036496.0
SE_spring_dust,0.5,0.816,0.45,0.742,20305.0,66582.0,2960.0,10036.0,6506.0,20101.0,27553.0,7271.0,74335646.0,7287997757.0,7362333403.0
SE_spring_dust,0.613,0.733,0.788,0.742,24907.0,59819.0,5181.0,10036.0,6447.0,20259.0,26375.0,10437.0,74345459.0,7295824133.0,7370169592.0
SE_spring_dust,0.651,0.691,0.45,0.742,26442.0,56437.0,2960.0,10036.0,10514.0,19942.0,26441.0,10481.0,74359902.0,7508444586.0,7582804488.0
SE_spring_dust,0.651,0.691,0.562,0.45,26442.0,56437.0,3700.0,6083.0,13728.0,19751.0,26586.0,10206.0,74362722.0,7688891598.0,7763254320.0
SE_spring_dust,0.651,0.691,0.675,0.548,26442.0,56437.0,4440.0,7400.0,11670.0,19855.0,26553.0,10230.0,74363096.0,7579403931.0,7653767027.0
SE_spring_dust,0.651,0.733,0.9,0.45,26442.0,59819.0,5921.0,6083.0,8126.0,20211.0,26515.0,10112.0,74369154.0,7391892590.0,7466261744.0
SE_spring_dust,0.613,0.691,0.562,0.645,24907.0,56437.0,3700.0,8718.0,12626.0,19749.0,26430.0,10675.0,74390897.0,7628302814.0,7702693711.0
SE_spring_dust,0.613,0.733,0.45,0.645,24907.0,59819.0,2960.0,8718.0,9985.0,20209.0,26370.0,10546.0,74393357.0,7479319794.0,7553713151.0
SE_spring_dust,0.802,0.65,0.562,0.84,32578.0,53056.0,3700.0,11354.0,5701.0,20411.0,27296.0,7857.0,74395064.0,7247429713.0,7321824777.0
SE_spring_dust,0.764,0.691,0.562,0.45,31044.0,56437.0,3700.0,6083.0,9126.0,19766.0,26570.0,10299.0,74407250.0,7435755932.0,7510163181.0
SE_spring_dust,0.651,0.733,0.45,0.45,26442.0,59819.0,2960.0,6083.0,11086.0,20211.0,26547.0,10077.0,74409924.0,7539908579.0,7614318502.0
SE_spring_dust,0.727,0.691,0.788,0.45,29510.0,56437.0,5181.0,6083.0,9180.0,19898.0,26539.0,10313.0,74418997.0,7446126493.0,7520545490.0
SE_spring_dust,0.764,0.691,0.9,0.645,31044.0,56437.0,5921.0,8718.0,4270.0,19909.0,26369.0,10779.0,74419639.0,7179776600.0,7254196239.0
SE_spring_dust,0.651,0.691,0.9,0.742,26442.0,56437.0,5921.0,10036.0,7554.0,19941.0,26458.0,10515.0,74422621.0,7360428597.0,7434851218.0
SE_spring_dust,0.5,0.816,0.562,0.548,20305.0,66582.0,3700.0,7400.0,8402.0,20012.0,27713.0,6999.0,74424302.0,7395961100.0,7470385402.0
SE_spring_dust,0.689,0.691,0.9,0.548,27976.0,56437.0,5921.0,7400.0,8656.0,19874.0,26561.0,10289.0,74434180.0,7421017382.0,7495451561.0
SE_spring_dust,0.764,0.733,0.788,0.645,31044.0,59819.0,5181.0,8718.0,1628.0,20379.0,26286.0,10725.0,74437486.0,7030793581.0,7105231066.0
SE_spring_dust,0.651,0.733,0.562,0.548,26442.0,59819.0,3700.0,7400.0,9029.0,20320.0,26519.0,10128.0,74443291.0,7430420911.0,7504864203.0
SE_spring_dust,0.576,0.857,0.562,0.645,23373.0,69964.0,3700.0,8718.0,634.0,21032.0,27010.0,8306.0,74444027.0,6968733302.0,7043177329.0
SE_spring_dust,0.764,0.733,0.9,0.645,31044.0,59819.0,5921.0,8718.0,888.0,20375.0,26302.0,10697.0,74448002.0,6993789584.0,7068237585.0
SE_spring_dust,0.764,0.733,0.45,0.548,31044.0,59819.0,2960.0,7400.0,5166.0,20329.0,26504.0,10173.0,74451771.0,7214289242.0,7288741013.0
SE_spring_dust,0.576,0.857,0.675,0.548,23373.0,69964.0,4440.0,7400.0,1212.0,20986.0,27196.0,7837.0,74455217.0,7004212975.0,7078668191.0
SE_spring_dust,0.764,0.691,0.45,0.45,31044.0,56437.0,2960.0,6083.0,9866.0,19760.0,26612.0,10252.0,74457276.0,7472759929.0,7547217205.0
SE_spring_dust,0.764,0.733,0.788,0.548,31044.0,59819.0,5181.0,7400.0,2946.0,20331.0,26485.0,10235.0,74458620.0,7103277251.0,7177735871.0
SE_spring_dust,0.764,0.733,0.788,0.742,31044.0,59819.0,5181.0,10036.0,310.0,20426.0,26348.0,10554.0,74459929.0,6958309911.0,7032769840.0
SE_spring_dust,0.5,0.816,0.675,0.45,20305.0,66582.0,4440.0,6083.0,8980.0,19911.0,27751.0,7017.0,74466718.0,7431440773.0,7505907491.0
SE_spring_dust,0.613,0.65,0.45,0.645,24907.0,53056.0,2960.0,8718.0,16748.0,19773.0,26488.0,10606.0,74471563.0,7851293828.0,7925765391.0
SE_spring_dust,0.689,0.691,0.45,0.548,27976.0,56437.0,2960.0,7400.0,11616.0,19875.0,26591.0,10255.0,74471701.0,7569033370.0,7643505071.0
SE_spring_dust,0.764,0.691,0.45,0.742,31044.0,56437.0,2960.0,10036.0,5912.0,19957.0,26457.0,10574.0,74473865.0,7255308919.0,7329782784.0
SE_spring_dust,0.576,0.857,0.562,0.548,23373.0,69964.0,3700.0,7400.0,1952.0,20985.0,27215.0,7816.0,74478393.0,7041216972.0,7115695365.0
SE_spring_dust,0.651,0.733,0.45,0.548,26442.0,59819.0,2960.0,7400.0,9769.0,20314.0,26561.0,10080.0,74493318.0,7467424909.0,7541918226.0
SE_spring_dust,0.651,0.691,0.562,0.548,26442.0,56437.0,3700.0,7400.0,12410.0,19854.0,26623.0,10209.0,74495292.0,7616407928.0,7690903220.0
SE_spring_dust,0.651,0.733,0.9,0.645,26442.0,59819.0,5921.0,8718.0,5490.0,20360.0,26362.0,10605.0,74496011.0,7246925250.0,7321421261.0
SE_spring_dust,0.764,0.733,0.9,0.548,31044.0,59819.0,5921.0,7400.0,2206.0,20328.0,26516.0,10207.0,74502526.0,7066273254.0,7140775779.0
SE_spring_dust,0.764,0.733,0.45,0.45,31044.0,59819.0,2960.0,6083.0,6484.0,20226.0,26555.0,10170.0,74506896.0,7286772912.0,7361279808.0
SE_spring_dust,0.5,0.816,0.788,0.742,20305.0,66582.0,5181.0,10036.0,4286.0,20103.0,27612.0,7332.0,74511779.0,7176985766.0,7251497545.0
SE_spring_dust,0.613,0.691,0.45,0.84,24907.0,56437.0,2960.0,11354.0,10731.0,19844.0,26675.0,10113.0,74526334.0,7520339471.0,7594865805.0
SE_spring_dust,0.802,0.65,0.675,0.84,32578.0,53056.0,4440.0,11354.0,4961.0,20412.0,27354.0,7877.0,74535548.0,7210425716.0,7284961264.0
SE_spring_dust,0.613,0.733,0.9,0.45,24907.0,59819.0,5921.0,6083.0,9660.0,20058.0,26639.0,10088.0,74538662.0,7476271146.0,7550809808.0
SE_spring_dust,0.576,0.816,0.45,0.548,23373.0,66582.0,2960.0,7400.0,6074.0,20672.0,27339.0,7769.0,74550112.0,7264207986.0,7338758098.0
SE_spring_dust,0.613,0.733,0.9,0.742,24907.0,59819.0,5921.0,10036.0,5707.0,20255.0,26483.0,10410.0,74551143.0,7258820136.0,7333371279.0
SE_spring_dust,0.764,0.691,0.788,0.742,31044.0,56437.0,5181.0,10036.0,3692.0,19959.0,26472.0,10635.0,74553760.0,7144296928.0,7218850687.0
SE_spring_dust,0.613,0.691,0.9,0.84,24907.0,56437.0,5921.0,11354.0,7770.0,19844.0,26683.0,10148.0,74570562.0,7372323483.0,7446894045.0
SE_spring_dust,0.727,0.691,0.45,0.645,29510.0,56437.0,2960.0,8718.0,8764.0,20045.0,26429.0,10745.0,74590205.0,7412171144.0,7486761350.0
SE_spring_dust,0.651,0.691,0.9,0.84,26442.0,56437.0,5921.0,11354.0,6236.0,19996.0,26648.0,10171.0,74590855.0,7287944927.0,7362535782.0
SE_spring_dust,0.651,0.691,0.788,0.84,26442.0,56437.0,5181.0,11354.0,6976.0,19999.0,26639.0,10199.0,74593491.0,7324948924.0,7399542415.0
SE_spring_dust,0.538,0.816,0.9,0.645,21839.0,66582.0,5921.0,8718.0,3330.0,20048.0,27612.0,7476.0,74593792.0,7128086883.0,7202680675.0
SE_spring_dust,0.651,0.691,0.562,0.645,26442.0,56437.0,3700.0,8718.0,11092.0,19901.0,26482.0,10699.0,74595820.0,7543924258.0,7618520079.0
SE_spring_dust,0.5,0.857,0.562,0.84,20305.0,69964.0,3700.0,11354.0,1067.0,20468.0,27696.0,6974.0,74597935.0,6992523073.0,7067121008.0
SE_spring_dust,0.651,0.733,0.45,0.742,26442.0,59819.0,2960.0,10036.0,7133.0,20408.0,26472.0,10399.0,74597956.0,7322457569.0,7397055524.0
SE_spring_dust,0.651,0.691,0.675,0.742,26442.0,56437.0,4440.0,10036.0,9034.0,19949.0,26528.0,10549.0,74601762.0,7434436591.0,7509038353.0
SE_spring_dust,0.764,0.733,0.45,0.645,31044.0,59819.0,2960.0,8718.0,3848.0,20376.0,26388.0,10663.0,74605297.0,7141805572.0,7216410869.0
SE_spring_dust,0.651,0.691,0.675,0.45,26442.0,56437.0,4440.0,6083.0,12988.0,19752.0,26693.0,10227.0,74606537.0,7651887601.0,7726494138.0
SE_spring_dust,0.613,0.733,0.562,0.45,24907.0,59819.0,3700.0,6083.0,11881.0,20065.0,26666.0,10101.0,74608166.0,7587283137.0,7661891303.0
SE_spring_dust,0.576,0.816,0.788,0.548,23373.0,66582.0,5181.0,7400.0,3854.0,20674.0,27344.0,7830.0,74608339.0,7153195995.0,7227804333.0
SE_spring_dust,0.651,0.65,0.45,0.548,26442.0,53056.0,2960.0,7400.0,16532.0,19878.0,26700.0,10140.0,74617136.0,7839398942.0,7914016079.0
SE_spring_dust,0.613,0.65,0.788,0.548,24907.0,53056.0,5181.0,7400.0,15846.0,19728.0,26723.0,10178.0,74621574.0,7812765507.0,7887387081.0
SE_spring_dust,0.5,0.816,0.9,0.742,20305.0,66582.0,5921.0,10036.0,3546.0,20100.0,27676.0,7305.0,74625332.0,7139981769.0,7214607101.0
SE_spring_dust,0.764,0.691,0.562,0.548,31044.0,56437.0,3700.0,7400.0,7808.0,19869.0,26649.0,10302.0,74628548.0,7363272262.0,7437900810.0
SE_spring_dust,0.764,0.691,0.9,0.742,31044.0,56437.0,5921.0,10036.0,2952.0,19956.0,26518.0,10608.0,74629196.0,7107292930.0,7181922126.0
SE_spring_dust,0.613,0.691,0.675,0.45,24907.0,56437.0,4440.0,6083.0,14522.0,19600.0,26752.0,10203.0,74637004.0,7736266157.0,7810903161.0
SE_spring_dust,0.651,0.733,0.9,0.742,26442.0,59819.0,5921.0,10036.0,4173.0,20408.0,26480.0,10434.0,74639010.0,7174441580.0,7249080591.0
SE_spring_dust,0.727,0.691,0.788,0.548,29510.0,56437.0,5181.0,7400.0,7862.0,20000.0,26618.0,10316.0,74640296.0,7373642823.0,7448283119.0
SE_spring_dust,0.613,0.733,0.675,0.645,24907.0,59819.0,4440.0,8718.0,8505.0,20216.0,26462.0,10614.0,74644491.0,7405311800.0,7479956291.0
SE_spring_dust,0.613,0.691,0.562,0.742,24907.0,56437.0,3700.0,10036.0,11308.0,19796.0,26601.0,10504.0,74645460.0,7555819144.0,7630464604.0
SE_spring_dust,0.5,0.816,0.562,0.645,20305.0,66582.0,3700.0,8718.0,7084.0,20060.0,27630.0,7489.0,74648808.0,7323477430.0,7398126238.0
SE_spring_dust,0.689,0.691,0.788,0.645,27976.0,56437.0,5181.0,8718.0,8078.0,19925.0,26464.0,10806.0,74651552.0,7385537709.0,7460189261.0
SE_spring_dust,0.613,0.65,0.9,0.45,24907.0,53056.0,5921.0,6083.0,16423.0,19622.0,26778.0,10148.0,74662481.0,7848245180.0,7922907660.0
SE_spring_dust,0.613,0.733,0.562,0.548,24907.0,59819.0,3700.0,7400.0,10563.0,20168.0,26668.0,10104.0,74667686.0,7514799467.0,7589467153.0
SE_spring_dust,0.576,0.65,0.675,0.84,23373.0,53056.0,4440.0,11354.0,14166.0,19685.0,27595.0,7864.0,74673995.0,7716697049.0,7791371045.0
SE_spring_dust,0.651,0.733,0.788,0.742,26442.0,59819.0,5181.0,10036.0,4913.0,20411.0,26486.0,10461.0,74674660.0,7211445577.0,7286120237.0
SE_spring_dust,0.538,0.816,0.45,0.742,21839.0,66582.0,2960.0,10036.0,4972.0,20096.0,27717.0,7271.0,74682946.0,7203619201.0,7278302147.0
SE_spring_dust,0.764,0.733,0.788,0.45,31044.0,59819.0,5181.0,6083.0,4264.0,20229.0,26615.0,10232.0,74683029.0,7175760921.0,7250443949.0
SE_spring_dust,0.538,0.816,0.788,0.742,21839.0,66582.0,5181.0,10036.0,2752.0,20098.0,27697.0,7332.0,74689796.0,7092607210.0,7167297006.0
SE_spring_dust,0.764,0.691,0.562,0.645,31044.0,56437.0,3700.0,8718.0,6490.0,19916.0,26491.0,10792.0,74692793.0,7290788592.0,7365481384.0
SE_spring_dust,0.576,0.816,0.788,0.45,23373.0,66582.0,5181.0,6083.0,5171.0,20572.0,27409.0,7827.0,74693564.0,7225679665.0,7300373229.0
SE_spring_dust,0.613,0.65,0.562,0.548,24907.0,53056.0,3700.0,7400.0,17326.0,19732.0,26765.0,10163.0,74700229.0,7886773501.0,7961473730.0
SE_spring_dust,0.689,0.691,0.788,0.45,27976.0,56437.0,5181.0,6083.0,10714.0,19775.0,26702.0,10313.0,74704146.0,7530505049.0,7605209195.0
SE_spring_dust,0.727,0.691,0.788,0.645,29510.0,56437.0,5181.0,8718.0,6544.0,20047.0,26460.0,10806.0,74704540.0,7301159153.0,7375863693.0
SE_spring_dust,0.613,0.65,0.675,0.45,24907.0,53056.0,4440.0,6083.0,17904.0,19630.0,26785.0,10181.0,74706256.0,7922253174.0,7996959430.0
SE_spring_dust,0.689,0.691,0.45,0.742,27976.0,56437.0,2960.0,10036.0,8980.0,19970.0,26565.0,10574.0,74710367.0,7424066030.0,7498776397.0
SE_spring_dust,0.538,0.816,0.562,0.548,21839.0,66582.0,3700.0,7400.0,6868.0,20008.0,27850.0,6999.0,74713341.0,7311582544.0,7386295885.0
SE_spring_dust,0.5,0.816,0.675,0.548,20305.0,66582.0,4440.0,7400.0,7662.0,20013.0,27841.0,7020.0,74713368.0,7358957103.0,7433670471.0
SE_spring_dust,0.689,0.691,0.45,0.45,27976.0,56437.0,2960.0,6083.0,12934.0,19773.0,26730.0,10252.0,74715142.0,7641517040.0,7716232182.0
SE_spring_dust,0.576,0.857,0.675,0.45,23373.0,69964.0,4440.0,6083.0,2530.0,20883.0,27348.0,7834.0,74724528.0,7076696645.0,7151421173.0
SE_spring_dust,0.576,0.857,0.562,0.45,23373.0,69964.0,3700.0,6083.0,3270.0,20882.0,27359.0,7813.0,74731167.0,7113700642.0,7188431808.0
SE_spring_dust,0.764,0.691,0.675,0.548,31044.0,56437.0,4440.0,7400.0,7068.0,19869.0,26693.0,10323.0,74739777.0,7326268265.0,7401008041.0
SE_spring_dust,0.613,0.691,0.675,0.84,24907.0,56437.0,4440.0,11354.0,9251.0,19851.0,26751.0,10181.0,74744822.0,7446331477.0,7521076299.0
SE_spring_dust,0.538,0.816,0.675,0.548,21839.0,66582.0,4440.0,7400.0,6128.0,20008.0,27860.0,7020.0,74751760.0,7274578547.0,7349330308.0
SE_spring_dust,0.5,0.816,0.675,0.645,20305.0,66582.0,4440.0,8718.0,6344.0,20061.0,27671.0,7510.0,74752261.0,7286473433.0,7361225694.0
SE_spring_dust,0.651,0.691,0.675,0.645,26442.0,56437.0,4440.0,8718.0,10352.0,19902.0,26548.0,10720.0,74753335.0,7506920261.0,7581673597.0
SE_spring_dust,0.764,0.691,0.675,0.45,31044.0,56437.0,4440.0,6083.0,8385.0,19767.0,26725.0,10320.0,74754023.0,7398751935.0,7473505957.0
SE_spring_dust,0.727,0.691,0.9,0.548,29510.0,56437.0,5921.0,7400.0,7122.0,19997.0,26687.0,10289.0,74763629.0,7336638826.0,7411402455.0
SE_spring_dust,0.538,0.816,0.9,0.742,21839.0,66582.0,5921.0,10036.0,2012.0,20095.0,27748.0,7305.0,74774983.0,7055603213.0,7130378196.0
SE_spring_dust,0.727,0.691,0.9,0.45,29510.0,56437.0,5921.0,6083.0,8439.0,19894.0,26719.0,10286.0,74777875.0,7409122496.0,7483900371.0
SE_spring_dust,0.576,0.816,0.45,0.645,23373.0,66582.0,2960.0,8718.0,4756.0,20719.0,27263.0,8259.0,74788752.0,7191724316.0,7266513068.0
SE_spring_dust,0.651,0.733,0.675,0.548,26442.0,59819.0,4440.0,7400.0,8288.0,20321.0,26674.0,10148.0,74790065.0,7393416914.0,7468206979.0
SE_spring_dust,0.764,0.733,0.9,0.45,31044.0,59819.0,5921.0,6083.0,3524.0,20225.0,26679.0,10205.0,74796582.0,7138756923.0,7213553505.0
SE_spring_dust,0.689,0.691,0.9,0.645,27976.0,56437.0,5921.0,8718.0,7338.0,19922.0,26551.0,10779.0,74815299.0,7348533712.0,7423349011.0
SE_spring_dust,0.613,0.733,0.788,0.84,24907.0,59819.0,5181.0,11354.0,5129.0,20313.0,26708.0,10093.0,74817720.0,7223340463.0,7298158183.0
SE_spring_dust,0.727,0.691,0.45,0.45,29510.0,56437.0,2960.0,6083.0,11400.0,19895.0,26750.0,10252.0,74818644.0,7557138484.0,7631957128.0
SE_spring_dust,0.613,0.691,0.675,0.742,24907.0,56437.0,4440.0,10036.0,10568.0,19797.0,26678.0,10525.0,74826157.0,7518815147.0,7593641304.0
SE_spring_dust,0.538,0.816,0.562,0.45,21839.0,66582.0,3700.0,6083.0,8186.0,19905.0,27928.0,6996.0,74826727.0,7384066214.0,7458892941.0
SE_spring_dust,0.5,0.816,0.45,0.84,20305.0,66582.0,2960.0,11354.0,5188.0,20155.0,27895.0,6927.0,74827881.0,7215514087.0,7290341968.0
SE_spring_dust,0.689,0.733,0.788,0.548,27976.0,59819.0,5181.0,7400.0,6014.0,20344.0,26656.0,10235.0,74830778.0,7272034362.0,7346865140.0
SE_spring_dust,0.764,0.691,0.788,0.84,31044.0,56437.0,5181.0,11354.0,2374.0,20014.0,26714.0,10292.0,74832184.0,7071813258.0,7146645441.0
SE_spring_dust,0.576,0.816,0.9,0.645,23373.0,66582.0,5921.0,8718.0,1796.0,20718.0,27272.0,8293.0,74834306.0,7043708327.0,7118542633.0
SE_spring_dust,0.576,0.816,0.788,0.645,23373.0,66582.0,5181.0,8718.0,2536.0,20722.0,27262.0,8320.0,74834792.0,7080712325.0,7155547117.0
SE_spring_dust,0.5,0.816,0.9,0.84,20305.0,66582.0,5921.0,11354.0,2228.0,20154.0,27897.0,6961.0,74858661.0,7067498099.0,7142356760.0
SE_spring_dust,0.689,0.691,0.45,0.645,27976.0,56437.0,2960.0,8718.0,10298.0,19923.0,26586.0,10745.0,74861941.0,7496549700.0,7571411641.0
SE_spring_dust,0.576,0.816,0.45,0.45,23373.0,66582.0,2960.0,6083.0,7392.0,20569.0,27515.0,7766.0,74870165.0,7336691656.0,7411561821.0
SE_spring_dust,0.613,0.733,0.675,0.45,24907.0,59819.0,4440.0,6083.0,11140.0,20066.0,26784.0,10122.0,74876178.0,7550279140.0,7625155318.0
SE_spring_dust,0.764,0.691,0.675,0.645,31044.0,56437.0,4440.0,8718.0,5750.0,19917.0,26574.0,10813.0,74886372.0,7253784595.0,7328670967.0
SE_spring_dust,0.764,0.691,0.9,0.84,31044.0,56437.0,5921.0,11354.0,1634.0,20010.0,26755.0,10264.0,74896694.0,7034809261.0,7109705954.0
SE_spring_dust,0.689,0.733,0.45,0.548,27976.0,59819.0,2960.0,7400.0,8234.0,20342.0,26711.0,10173.0,74898670.0,7383046353.0,7457945023.0
SE_spring_dust,0.576,0.816,0.9,0.45,23373.0,66582.0,5921.0,6083.0,4431.0,20568.0,27520.0,7800.0,74908550.0,7188675667.0,7263584218.0
SE_spring_dust,0.727,0.691,0.9,0.645,29510.0,56437.0,5921.0,8718.0,5804.0,20044.0,26567.0,10779.0,74910224.0,7264155156.0,7339065380.0
SE_spring_dust,0.613,0.65,0.9,0.645,24907.0,53056.0,5921.0,8718.0,13788.0,19772.0,26688.0,10640.0,74925609.0,7703277840.0,7778203448.0
SE_spring_dust,0.651,0.733,0.562,0.645,26442.0,59819.0,3700.0,8718.0,7711.0,20368.0,26558.0,10618.0,74928694.0,7357937241.0,7432865935.0
SE_spring_dust,0.538,0.816,0.788,0.84,21839.0,66582.0,5181.0,11354.0,1434.0,20153.0,27922.0,6989.0,74931723.0,7020123540.0,7095055263.0
SE_spring_dust,0.727,0.691,0.45,0.548,29510.0,56437.0,2960.0,7400.0,10082.0,19997.0,26785.0,10255.0,74947651.0,7484654814.0,7559602465.0
SE_spring_dust,0.764,0.691,0.45,0.84,31044.0,56437.0,2960.0,11354.0,4594.0,20011.0,26793.0,10230.0,74951319.0,7182825249.0,7257776568.0
SE_spring_dust,0.727,0.733,0.45,0.548,29510.0,59819.0,2960.0,7400.0,6700.0,20464.0,26707.0,10173.0,74951658.0,7298667797.0,7373619455.0
SE_spring_dust,0.538,0.816,0.562,0.645,21839.0,66582.0,3700.0,8718.0,5550.0,20055.0,27774.0,7489.0,74953583.0,7239098874.0,7314052458.0
SE_spring_dust,0.613,0.733,0.675,0.548,24907.0,59819.0,4440.0,7400.0,9823.0,20169.0,26798.0,10124.0,74959572.0,7477795470.0,7552755042.0
SE_spring_dust,0.613,0.65,0.9,0.548,24907.0,53056.0,5921.0,7400.0,15106.0,19725.0,26894.0,10150.0,74962303.0,7775761510.0,7850723812.0
SE_spring_dust,0.538,0.816,0.9,0.84,21839.0,66582.0,5921.0,11354.0,694.0,20150.0,27950.0,6961.0,74967810.0,6983119543.0,7058087353.0
SE_spring_dust,0.651,0.733,0.675,0.645,26442.0,59819.0,4440.0,8718.0,6971.0,20368.0,26569.0,10638.0,74968590.0,7320933244.0,7395901835.0
SE_spring_dust,0.5,0.816,0.788,0.84,20305.0,66582.0,5181.0,11354.0,2968.0,20158.0,27939.0,6989.0,74970854.0,7104502096.0,7179472950.0
SE_spring_dust,0.689,0.691,0.788,0.742,27976.0,56437.0,5181.0,10036.0,6760.0,19972.0,26665.0,10635.0,74972131.0,7313054039.0,7388026170.0
SE_spring_dust,0.651,0.65,0.788,0.45,26442.0,53056.0,5181.0,6083.0,15629.0,19778.0,26869.0,10199.0,74973064.0,7800870621.0,7875843685.0
SE_spring_dust,0.5,0.816,0.562,0.45,20305.0,66582.0,3700.0,6083.0,9720.0,19910.0,27998.0,6996.0,74978136.0,7468444770.0,7543422905.0
SE_spring_dust,0.576,0.816,0.9,0.742,23373.0,66582.0,5921.0,10036.0,478.0,20765.0,27395.0,8122.0,74988116.0,6971224658.0,7046212774.0
SE_spring_dust,0.5,0.816,0.562,0.742,20305.0,66582.0,3700.0,10036.0,5766.0,20107.0,27841.0,7318.0,74990617.0,7250993760.0,7325984377.0
SE_spring_dust,0.613,0.733,0.45,0.84,24907.0,59819.0,2960.0,11354.0,7349.0,20311.0,26814.0,10032.0,74994320.0,7334352454.0,7409346774.0
SE_spring_dust,0.576,0.816,0.788,0.742,23373.0,66582.0,5181.0,10036.0,1218.0,20769.0,27390.0,8149.0,74999446.0,7008228655.0,7083228100.0
SE_spring_dust,0.727,0.691,0.562,0.548,29510.0,56437.0,3700.0,7400.0,9342.0,20004.0,26791.0,10302.0,75000078.0,7447650817.0,7522650896.0
SE_spring_dust,0.689,0.691,0.9,0.742,27976.0,56437.0,5921.0,10036.0,6020.0,19969.0,26690.0,10608.0,75001353.0,7276050042.0,7351051395.0
SE_spring_dust,0.576,0.816,0.9,0.548,23373.0,66582.0,5921.0,7400.0,3113.0,20671.0,27540.0,7803.0,75003972.0,7116191997.0,7191195969.0
SE_spring_dust,0.613,0.733,0.562,0.742,24907.0,59819.0,3700.0,10036.0,7927.0,20262.0,26695.0,10423.0,75017070.0,7369832127.0,7444849198.0
SE_spring_dust,0.689,0.733,0.788,0.645,27976.0,59819.0,5181.0,8718.0,4696.0,20392.0,26557.0,10725.0,75019600.0,7199550692.0,7274570291.0
SE_spring_dust,0.689,0.733,0.45,0.645,27976.0,59819.0,2960.0,8718.0,6917.0,20389.0,26582.0,10663.0,75024036.0,7310562683.0,7385586719.0
SE_spring_dust,0.764,0.733,0.45,0.742,31044.0,59819.0,2960.0,10036.0,2530.0,20423.0,26637.0,10492.0,75026963.0,7069321902.0,7144348865.0
SE_spring_dust,0.651,0.733,0.562,0.45,26442.0,59819.0,3700.0,6083.0,10346.0,20218.0,26819.0,10125.0,75028829.0,7502904581.0,7577933411.0
SE_spring_dust,0.689,0.691,0.9,0.45,27976.0,56437.0,5921.0,6083.0,9974.0,19772.0,26866.0,10286.0,75030377.0,7493501051.0,7568531429.0
SE_spring_dust,0.613,0.733,0.9,0.84,24907.0,59819.0,5921.0,11354.0,4389.0,20310.0,26820.0,10066.0,75032705.0,7186336466.0,7261369171.0
SE_spring_dust,0.689,0.733,0.9,0.45,27976.0,59819.0,5921.0,6083.0,6592.0,20238.0,26788.0,10205.0,75034385.0,7307514035.0,7382548419.0
SE_spring_dust,0.651,0.733,0.45,0.84,26442.0,59819.0,2960.0,11354.0,5815.0,20463.0,26790.0,10056.0,75037292.0,7249973899.0,7325011190.0
SE_spring_dust,0.651,0.65,0.9,0.548,26442.0,53056.0,5921.0,7400.0,13571.0,19877.0,26901.0,10174.0,75071182.0,7691382954.0,7766454136.0
SE_spring_dust,0.764,0.691,0.562,0.742,31044.0,56437.0,3700.0,10036.0,5172.0,19963.0,26719.0,10621.0,75071633.0,7218304922.0,7293376554.0
SE_spring_dust,0.689,0.733,0.788,0.45,27976.0,59819.0,5181.0,6083.0,7332.0,20242.0,26798.0,10232.0,75078689.0,7344518032.0,7419596721.0
SE_spring_dust,0.613,0.65,0.675,0.548,24907.0,53056.0,4440.0,7400.0,16586.0,19733.0,26937.0,10184.0,75083391.0,7849769504.0,7924852894.0
SE_spring_dust,0.651,0.65,0.562,0.45,26442.0,53056.0,3700.0,6083.0,17110.0,19781.0,26926.0,10184.0,75084555.0,7874878615.0,7949963170.0
SE_spring_dust,0.538,0.816,0.675,0.645,21839.0,66582.0,4440.0,8718.0,4810.0,20056.0,27829.0,7510.0,75085396.0,7202094877.0,7277180274.0
SE_spring_dust,0.651,0.691,0.562,0.84,26442.0,56437.0,3700.0,11354.0,8456.0,20003.0,26875.0,10184.0,75086732.0,7398956918.0,7474043650.0
SE_spring_dust,0.689,0.691,0.675,0.645,27976.0,56437.0,4440.0,8718.0,8818.0,19930.0,26668.0,10813.0,75093842.0,7422541706.0,7497635548.0
SE_spring_dust,0.538,0.816,0.562,0.742,21839.0,66582.0,3700.0,10036.0,4232.0,20102.0,27892.0,7318.0,75096583.0,7166615204.0,7241711788.0
SE_spring_dust,0.727,0.691,0.788,0.742,29510.0,56437.0,5181.0,10036.0,5226.0,20095.0,26698.0,10635.0,75103355.0,7228675483.0,7303778838.0
SE_spring_dust,0.538,0.816,0.675,0.45,21839.0,66582.0,4440.0,6083.0,7446.0,19906.0,28054.0,7017.0,75110911.0,7347062217.0,7422173129.0
SE_spring_dust,0.651,0.691,0.562,0.742,26442.0,56437.0,3700.0,10036.0,9774.0,19948.0,26776.0,10528.0,75113180.0,7471440588.0,7546553768.0
SE_spring_dust,0.764,0.65,0.9,0.548,31044.0,53056.0,5921.0,7400.0,8969.0,19892.0,26885.0,10267.0,75115710.0,7438247287.0,7513362997.0
SE_spring_dust,0.764,0.733,0.562,0.548,31044.0,59819.0,3700.0,7400.0,4426.0,20335.0,26798.0,10220.0,75116043.0,7177285245.0,7252401288.0
SE_spring_dust,0.651,0.733,0.788,0.84,26442.0,59819.0,5181.0,11354.0,3595.0,20466.0,26805.0,10117.0,75117186.0,7138961907.0,7214079094.0
SE_spring_dust,0.538,0.816,0.45,0.84,21839.0,66582.0,2960.0,11354.0,3654.0,20150.0,28036.0,6927.0,75125473.0,7131135531.0,7206261004.0
SE_spring_dust,0.727,0.733,0.788,0.548,29510.0,59819.0,5181.0,7400.0,4480.0,20467.0,26767.0,10235.0,75127791.0,7187655806.0,7262783597.0
SE_spring_dust,0.5,0.816,0.675,0.742,20305.0,66582.0,4440.0,10036.0,5026.0,20108.0,27900.0,7339.0,75131101.0,7213989763.0,7289120864.0
SE_spring_dust,0.689,0.733,0.9,0.645,27976.0,59819.0,5921.0,8718.0,3956.0,20388.0,26620.0,10697.0,75132786.0,7162546695.0,7237679480.0
SE_spring_dust,0.689,0.733,0.9,0.548,27976.0,59819.0,5921.0,7400.0,5274.0,20341.0,26809.0,10207.0,75133766.0,7235030365.0,7310164131.0
SE_spring_dust,0.689,0.691,0.562,0.548,27976.0,56437.0,3700.0,7400.0,10876.0,19882.0,26884.0,10302.0,75137160.0,7532029373.0,7607166533.0
SE_spring_dust,0.651,0.65,0.788,0.645,26442.0,53056.0,5181.0,8718.0,12994.0,19928.0,26740.0,10692.0,75152456.0,7655903281.0,7731055737.0
SE_spring_dust,0.764,0.733,0.562,0.45,31044.0,59819.0,3700.0,6083.0,5744.0,20232.0,26844.0,10218.0,75161866.0,7249768915.0,7324930781.0
SE_spring_dust,0.651,0.733,0.562,0.742,26442.0,59819.0,3700.0,10036.0,6393.0,20415.0,26719.0,10447.0,75162799.0,7285453572.0,7360616371.0
SE_spring_dust,0.727,0.733,0.788,0.45,29510.0,59819.0,5181.0,6083.0,5798.0,20364.0,26814.0,10232.0,75173614.0,7260139476.0,7335313090.0
SE_spring_dust,0.651,0.65,0.45,0.645,26442.0,53056.0,2960.0,8718.0,15214.0,19925.0,26775.0,10630.0,75177412.0,7766915272.0,7842092685.0
SE_spring_dust,0.576,0.816,0.562,0.45,23373.0,66582.0,3700.0,6083.0,6652.0,20576.0,27642.0,7813.0,75181704.0,7299687659.0,7374869363.0
SE_spring_dust,0.613,0.65,0.788,0.645,24907.0,53056.0,5181.0,8718.0,14528.0,19775.0,26799.0,10668.0,75182923.0,7740281837.0,7815464760.0
SE_spring_dust,0.651,0.733,0.9,0.84,26442.0,59819.0,5921.0,11354.0,2855.0,20462.0,26851.0,10090.0,75192623.0,7101957910.0,7177150533.0
SE_spring_dust,0.651,0.733,0.675,0.45,26442.0,59819.0,4440.0,6083.0,9606.0,20218.0,26890.0,10145.0,75197837.0,7465900584.0,7541098422.0
SE_spring_dust,0.727,0.691,0.675,0.548,29510.0,56437.0,4440.0,7400.0,8602.0,20005.0,26879.0,10323.0,75202033.0,7410646820.0,7485848853.0
SE_spring_dust,0.613,0.65,0.788,0.742,24907.0,53056.0,5181.0,10036.0,13210.0,19822.0,26858.0,10497.0,75202096.0,7667798167.0,7743000262.0
SE_spring_dust,0.764,0.733,0.675,0.645,31044.0,59819.0,4440.0,8718.0,2368.0,20383.0,26644.0,10731.0,75207283.0,7067797578.0,7143004861.0
SE_spring_dust,0.727,0.733,0.45,0.45,29510.0,59819.0,2960.0,6083.0,8018.0,20361.0,26852.0,10170.0,75207443.0,7371151467.0,7446358911.0
SE_spring_dust,0.5,0.774,0.788,0.645,20305.0,63201.0,5181.0,8718.0,8986.0,20164.0,27817.0,7642.0,75216447.0,7435456453.0,7510672899.0
SE_spring_dust,0.764,0.733,0.675,0.548,31044.0,59819.0,4440.0,7400.0,3686.0,20336.0,26837.0,10241.0,75217492.0,7140281248.0,7215498740.0
SE_spring_dust,0.613,0.733,0.675,0.742,24907.0,59819.0,4440.0,10036.0,7187.0,20263.0,26784.0,10444.0,75224072.0,7332828130.0,7408052202.0
SE_spring_dust,0.613,0.65,0.45,0.742,24907.0,53056.0,2960.0,10036.0,15430.0,19820.0,26893.0,10435.0,75227052.0,7778810158.0,7854037210.0
SE_spring_dust,0.727,0.733,0.9,0.645,29510.0,59819.0,5921.0,8718.0,2422.0,20510.0,26638.0,10697.0,75231135.0,7078168139.0,7153399274.0
SE_spring_dust,0.651,0.65,0.9,0.645,26442.0,53056.0,5921.0,8718.0,12254.0,19924.0,26789.0,10664.0,75234300.0,7618899284.0,7694133584.0
SE_spring_dust,0.764,0.65,0.45,0.548,31044.0,53056.0,2960.0,7400.0,11929.0,19892.0,26953.0,10233.0,75235241.0,7586263276.0,7661498517.0
SE_spring_dust,0.727,0.733,0.9,0.548,29510.0,59819.0,5921.0,7400.0,3740.0,20463.0,26831.0,10207.0,75241344.0,7150651809.0,7225893153.0
SE_spring_dust,0.689,0.691,0.562,0.45,27976.0,56437.0,3700.0,6083.0,12194.0,19779.0,26961.0,10299.0,75246273.0,7604513043.0,7679759316.0
SE_spring_dust,0.576,0.816,0.45,0.742,23373.0,66582.0,2960.0,10036.0,3438.0,20766.0,27529.0,8088.0,75247019.0,7119240646.0,7194487665.0
SE_spring_dust,0.689,0.733,0.45,0.45,27976.0,59819.0,2960.0,6083.0,9552.0,20239.0,26907.0,10170.0,75263284.0,7455530023.0,7530793307.0
SE_spring_dust,0.764,0.691,0.675,0.742,31044.0,56437.0,4440.0,10036.0,4432.0,19964.0,26807.0,10642.0,75274514.0,7181300925.0,7256575439.0
SE_spring_dust,0.576,0.816,0.562,0.645,23373.0,66582.0,3700.0,8718.0,4016.0,20725.0,27475.0,8306.0,75280105.0,7154720319.0,7230000424.0
SE_spring_dust,0.651,0.65,0.788,0.548,26442.0,53056.0,5181.0,7400.0,14312.0,19880.0,26990.0,10202.0,75283880.0,7728386951.0,7803670831.0
SE_spring_dust,0.764,0.733,0.45,0.84,31044.0,59819.0,2960.0,11354.0,1212.0,20478.0,26869.0,10149.0,75285037.0,6996838232.0,7072123269.0
SE_spring_dust,0.613,0.65,0.562,0.645,24907.0,53056.0,3700.0,8718.0,16008.0,19779.0,26855.0,10654.0,75293341.0,7814289831.0,7889583172.0
SE_spring_dust,0.727,0.691,0.9,0.742,29510.0,56437.0,5921.0,10036.0,4486.0,20091.0,26800.0,10608.0,75298366.0,7191671486.0,7266969852.0
SE_spring_dust,0.727,0.691,0.45,0.742,29510.0,56437.0,2960.0,10036.0,7446.0,20092.0,26813.0,10574.0,75299079.0,7339687474.0,7414986554.0
SE_spring_dust,0.764,0.65,0.788,0.645,31044.0,53056.0,5181.0,8718.0,8391.0,19942.0,26772.0,10785.0,75299942.0,7402767614.0,7478067556.0
SE_spring_dust,0.613,0.691,0.562,0.84,24907.0,56437.0,3700.0,11354.0,9991.0,19851.0,27020.0,10161.0,75301852.0,7483335474.0,7558637326.0
SE_spring_dust,0.764,0.733,0.675,0.45,31044.0,59819.0,4440.0,6083.0,5004.0,20233.0,26902.0,10238.0,75302351.0,7212764918.0,7288067268.0
SE_spring_dust,0.613,0.733,0.562,0.84,24907.0,59819.0,3700.0,11354.0,6609.0,20317.0,26942.0,10079.0,75305859.0,7297348457.0,7372654316.0
SE_spring_dust,0.651,0.65,0.45,0.742,26442.0,53056.0,2960.0,10036.0,13896.0,19972.0,26890.0,10459.0,75314230.0,7694431602.0,7769745832.0
SE_spring_dust,0.689,0.691,0.675,0.45,27976.0,56437.0,4440.0,6083.0,11454.0,19780.0,26989.0,10320.0,75322281.0,7567509046.0,7642831327.0
SE_spring_dust,0.727,0.733,0.9,0.45,29510.0,59819.0,5921.0,6083.0,5058.0,20361.0,26896.0,10205.0,75326203.0,7223135479.0,7298461682.0
SE_spring_dust,0.576,0.816,0.675,0.548,23373.0,66582.0,4440.0,7400.0,4594.0,20679.0,27679.0,7837.0,75329460.0,7190199992.0,7265529452.0
SE_spring_dust,0.576,0.816,0.562,0.548,23373.0,66582.0,3700.0,7400.0,5334.0,20678.0,27688.0,7816.0,75332838.0,7227203989.0,7302536827.0
SE_spring_dust,0.651,0.65,0.788,0.742,26442.0,53056.0,5181.0,10036.0,11676.0,19975.0,26880.0,10521.0,75342980.0,7583419611.0,7658762591.0
SE_spring_dust,0.651,0.65,0.9,0.45,26442.0,53056.0,5921.0,6083.0,14889.0,19774.0,27055.0,10171.0,75346628.0,7763866624.0,7839213252.0
SE_spring_dust,0.538,0.774,0.788,0.548,21839.0,63201.0,5181.0,7400.0,8769.0,20112.0,28068.0,7152.0,75346979.0,7423561567.0,7498908546.0
SE_spring_dust,0.651,0.733,0.675,0.742,26442.0,59819.0,4440.0,10036.0,5653.0,20415.0,26800.0,10467.0,75350886.0,7248449574.0,7323800460.0
SE_spring_dust,0.764,0.65,0.45,0.45,31044.0,53056.0,2960.0,6083.0,13247.0,19790.0,27038.0,10230.0,75363532.0,7658746946.0,7734110478.0
SE_spring_dust,0.689,0.733,0.562,0.45,27976.0,59819.0,3700.0,6083.0,8812.0,20245.0,26939.0,10218.0,75369336.0,7418526026.0,7493895362.0
SE_spring_dust,0.727,0.733,0.45,0.645,29510.0,59819.0,2960.0,8718.0,5382.0,20511.0,26717.0,10663.0,75372469.0,7226184127.0,7301556597.0
SE_spring_dust,0.651,0.691,0.675,0.84,26442.0,56437.0,4440.0,11354.0,7716.0,20004.0,27003.0,10205.0,75375798.0,7361952921.0,7437328719.0
SE_spring_dust,0.576,0.816,0.675,0.45,23373.0,66582.0,4440.0,6083.0,5911.0,20576.0,27727.0,7834.0,75379391.0,7262683662.0,7338063053.0
SE_spring_dust,0.5,0.774,0.45,0.45,20305.0,63201.0,2960.0,6083.0,13842.0,20011.0,28131.0,7087.0,75382995.0,7691435784.0,7766818779.0
SE_spring_dust,0.727,0.691,0.562,0.645,29510.0,56437.0,3700.0,8718.0,8024.0,20051.0,26788.0,10792.0,75393340.0,7375167147.0,7450560487.0
SE_spring_dust,0.651,0.65,0.562,0.548,26442.0,53056.0,3700.0,7400.0,15792.0,19884.0,27052.0,10187.0,75406079.0,7802394945.0,7877801024.0
SE_spring_dust,0.5,0.774,0.788,0.45,20305.0,63201.0,5181.0,6083.0,11621.0,20014.0,28122.0,7149.0,75411745.0,7580423793.0,7655835538.0
SE_spring_dust,0.538,0.816,0.675,0.742,21839.0,66582.0,4440.0,10036.0,3492.0,20103.0,28050.0,7339.0,75448667.0,7129611207.0,7205059875.0
SE_spring_dust,0.689,0.691,0.562,0.645,27976.0,56437.0,3700.0,8718.0,9558.0,19929.0,26843.0,10792.0,75449181.0,7459545703.0,7534994884.0
SE_spring_dust,0.764,0.733,0.562,0.645,31044.0,59819.0,3700.0,8718.0,3108.0,20382.0,26766.0,10711.0,75450217.0,7104801575.0,7180251792.0
SE_spring_dust,0.689,0.691,0.675,0.548,27976.0,56437.0,4440.0,7400.0,10136.0,19882.0,27024.0,10323.0,75451287.0,7495025376.0,7570476663.0
SE_spring_dust,0.689,0.733,0.45,0.742,27976.0,59819.0,2960.0,10036.0,5599.0,20436.0,26837.0,10492.0,75459491.0,7238079013.0,7313538504.0
SE_spring_dust,0.727,0.691,0.562,0.45,29510.0,56437.0,3700.0,6083.0,10660.0,19901.0,27033.0,10299.0,75460732.0,7520134487.0,7595595219.0
SE_spring_dust,0.727,0.733,0.788,0.645,29510.0,59819.0,5181.0,8718.0,3162.0,20514.0,26736.0,10725.0,75461964.0,7115172136.0,7190634101.0
SE_spring_dust,0.727,0.691,0.45,0.84,29510.0,56437.0,2960.0,11354.0,6128.0,20146.0,27003.0,10230.0,75467313.0,7267203804.0,7342671118.0
SE_spring_dust,0.651,0.65,0.675,0.45,26442.0,53056.0,4440.0,6083.0,16369.0,19782.0,27098.0,10205.0,75467716.0,7837874618.0,7913342334.0
SE_spring_dust,0.5,0.816,0.562,0.84,20305.0,66582.0,3700.0,11354.0,4448.0,20162.0,28179.0,6974.0,75472179.0,7178510090.0,7253982269.0
SE_spring_dust,0.764,0.733,0.562,0.742,31044.0,59819.0,3700.0,10036.0,1790.0,20429.0,26829.0,10540.0,75475764.0,7032317905.0,7107793669.0
SE_spring_dust,0.689,0.691,0.9,0.84,27976.0,56437.0,5921.0,11354.0,4702.0,20023.0,27025.0,10264.0,75478808.0,7203566372.0,7279045180.0
SE_spring_dust,0.576,0.816,0.45,0.84,23373.0,66582.0,2960.0,11354.0,2120.0,20821.0,27750.0,7744.0,75480348.0,7046756976.0,7122237324.0
SE_spring_dust,0.727,0.733,0.45,0.742,29510.0,59819.0,2960.0,10036.0,4065.0,20558.0,26820.0,10492.0,75484024.0,7153700457.0,7229184482.0
SE_spring_dust,0.689,0.691,0.45,0.84,27976.0,56437.0,2960.0,11354.0,7662.0,20024.0,27040.0,10230.0,75484403.0,7351582360.0,7427066763.0
SE_spring_dust,0.689,0.691,0.788,0.84,27976.0,56437.0,5181.0,11354.0,5442.0,20027.0,27025.0,10292.0,75501007.0,7240570369.0,7316071375.0
SE_spring_dust,0.613,0.733,0.675,0.84,24907.0,59819.0,4440.0,11354.0,5869.0,20318.0,27027.0,10100.0,75503546.0,7260344460.0,7335848006.0
SE_spring_dust,0.764,0.65,0.45,0.742,31044.0,53056.0,2960.0,10036.0,9294.0,19987.0,26943.0,10552.0,75506824.0,7441295936.0,7516802760.0
SE_spring_dust,0.764,0.691,0.562,0.84,31044.0,56437.0,3700.0,11354.0,3854.0,20018.0,27038.0,10277.0,75513792.0,7145821252.0,7221335044.0
SE_spring_dust,0.689,0.691,0.562,0.742,27976.0,56437.0,3700.0,10036.0,8240.0,19976.0,26926.0,10621.0,75518532.0,7387062033.0,7462580565.0
SE_spring_dust,0.689,0.733,0.562,0.645,27976.0,59819.0,3700.0,8718.0,6176.0,20395.0,26798.0,10711.0,75523846.0,7273558686.0,7349082532.0
SE_spring_dust,0.727,0.691,0.788,0.84,29510.0,56437.0,5181.0,11354.0,3908.0,20149.0,27008.0,10292.0,75525540.0,7156191813.0,7231717353.0
SE_spring_dust,0.764,0.65,0.788,0.45,31044.0,53056.0,5181.0,6083.0,11027.0,19792.0,27094.0,10292.0,75531629.0,7547734954.0,7623266583.0
SE_spring_dust,0.613,0.65,0.9,0.742,24907.0,53056.0,5921.0,10036.0,12470.0,19819.0,27025.0,10470.0,75533323.0,7630794170.0,7706327492.0
SE_spring_dust,0.764,0.65,0.45,0.645,31044.0,53056.0,2960.0,8718.0,10611.0,19940.0,26905.0,10723.0,75533512.0,7513779606.0,7589313118.0
SE_spring_dust,0.538,0.774,0.9,0.45,21839.0,63201.0,5921.0,6083.0,9347.0,20006.0,28197.0,7122.0,75546318.0,7459041240.0,7534587558.0
SE_spring_dust,0.613,0.857,0.788,0.45,24907.0,69964.0,5181.0,6083.0,256.0,21075.0,26862.0,10123.0,75548752.0,6955314092.0,7030862844.0
SE_spring_dust,0.689,0.733,0.788,0.742,27976.0,59819.0,5181.0,10036.0,3378.0,20439.0,26856.0,10554.0,75548986.0,7127067022.0,7202616008.0
SE_spring_dust,0.5,0.774,0.45,0.548,20305.0,63201.0,2960.0,7400.0,12524.0,20114.0,28188.0,7090.0,75556744.0,7618952114.0,7694508858.0
SE_spring_dust,0.651,0.65,0.9,0.742,26442.0,53056.0,5921.0,10036.0,10936.0,19971.0,26992.0,10493.0,75559153.0,7546415614.0,7621974767.0
SE_spring_dust,0.5,0.774,0.788,0.548,20305.0,63201.0,5181.0,7400.0,10303.0,20116.0,28168.0,7152.0,75563233.0,7507940123.0,7583503356.0
SE_spring_dust,0.5,0.816,0.675,0.84,20305.0,66582.0,4440.0,11354.0,3708.0,20162.0,28219.0,6995.0,75573628.0,7141506093.0,7217079721.0
SE_spring_dust,0.5,0.774,0.9,0.645,20305.0,63201.0,5921.0,8718.0,8245.0,20160.0,27996.0,7615.0,75575324.0,7398452456.0,7474027780.0
SE_spring_dust,0.689,0.65,0.45,0.45,27976.0,53056.0,2960.0,6083.0,16315.0,19803.0,27135.0,10230.0,75576322.0,7827504057.0,7903080378.0
SE_spring_dust,0.727,0.691,0.675,0.645,29510.0,56437.0,4440.0,8718.0,7284.0,20052.0,26869.0,10813.0,75583153.0,7338163150.0,7413746303.0
SE_spring_dust,0.689,0.733,0.9,0.742,27976.0,59819.0,5921.0,10036.0,2638.0,20435.0,26885.0,10527.0,75587836.0,7090063025.0,7165650860.0
SE_spring_dust,0.764,0.65,0.9,0.645,31044.0,53056.0,5921.0,8718.0,7651.0,19939.0,26924.0,10757.0,75601112.0,7365763617.0,7441364730.0
SE_spring_dust,0.613,0.65,0.788,0.84,24907.0,53056.0,5181.0,11354.0,11892.0,19877.0,27157.0,10153.0,75601190.0,7595314497.0,7670915686.0
SE_spring_dust,0.727,0.691,0.562,0.742,29510.0,56437.0,3700.0,10036.0,6706.0,20098.0,26937.0,10621.0,75602417.0,7302683477.0,7378285894.0
SE_spring_dust,0.764,0.733,0.675,0.742,31044.0,59819.0,4440.0,10036.0,1050.0,20430.0,26883.0,10560.0,75608232.0,6995313908.0,7070922140.0
SE_spring_dust,0.727,0.733,0.788,0.742,29510.0,59819.0,5181.0,10036.0,1844.0,20561.0,26856.0,10554.0,75609664.0,7042688466.0,7118298130.0
SE_spring_dust,0.727,0.733,0.562,0.548,29510.0,59819.0,3700.0,7400.0,5960.0,20470.0,26998.0,10220.0,75610736.0,7261663800.0,7337274536.0
SE_spring_dust,0.764,0.65,0.788,0.548,31044.0,53056.0,5181.0,7400.0,9709.0,19895.0,27108.0,10295.0,75615023.0,7475251284.0,7550866307.0
SE_spring_dust,0.5,0.774,0.45,0.645,20305.0,63201.0,2960.0,8718.0,11206.0,20161.0,28028.0,7580.0,75616094.0,7546468444.0,7622084538.0
SE_spring_dust,0.5,0.774,0.9,0.45,20305.0,63201.0,5921.0,6083.0,10881.0,20010.0,28234.0,7122.0,75627918.0,7543419795.0,7619047714.0
SE_spring_dust,0.727,0.733,0.9,0.742,29510.0,59819.0,5921.0,10036.0,1104.0,20558.0,26877.0,10527.0,75632084.0,7005684469.0,7081316553.0
SE_spring_dust,0.651,0.733,0.562,0.84,26442.0,59819.0,3700.0,11354.0,5075.0,20469.0,27052.0,10103.0,75635060.0,7212969902.0,7288604961.0
SE_spring_dust,0.689,0.733,0.675,0.548,27976.0,59819.0,4440.0,7400.0,6754.0,20349.0,27031.0,10241.0,75635863.0,7309038359.0,7384674222.0
SE_spring_dust,0.613,0.65,0.675,0.645,24907.0,53056.0,4440.0,8718.0,15268.0,19780.0,27012.0,10674.0,75643667.0,7777285834.0,7852929501.0
SE_spring_dust,0.689,0.733,0.562,0.548,27976.0,59819.0,3700.0,7400.0,7494.0,20348.0,27042.0,10220.0,75644245.0,7346042356.0,7421686601.0
SE_spring_dust,0.538,0.816,0.562,0.84,21839.0,66582.0,3700.0,11354.0,2914.0,20157.0,28264.0,6974.0,75650195.0,7094131534.0,7169781730.0
SE_spring_dust,0.576,0.816,0.675,0.645,23373.0,66582.0,4440.0,8718.0,3276.0,20726.0,27647.0,8327.0,75663634.0,7117716322.0,7193379956.0
SE_spring_dust,0.764,0.65,0.9,0.45,31044.0,53056.0,5921.0,6083.0,10287.0,19789.0,27174.0,10264.0,75678767.0,7510730957.0,7586409724.0
SE_spring_dust,0.538,0.816,0.675,0.84,21839.0,66582.0,4440.0,11354.0,2174.0,20158.0,28271.0,6995.0,75681996.0,7057127537.0,7132809534.0
SE_spring_dust,0.538,0.774,0.9,0.548,21839.0,63201.0,5921.0,7400.0,8029.0,20108.0,28244.0,7125.0,75700827.0,7386557570.0,7462258397.0
SE_spring_dust,0.538,0.774,0.45,0.45,21839.0,63201.0,2960.0,6083.0,12307.0,20006.0,28286.0,7087.0,75709786.0,7607057228.0,7682767014.0
SE_spring_dust,0.764,0.65,0.788,0.742,31044.0,53056.0,5181.0,10036.0,7073.0,19989.0,27020.0,10614.0,75719661.0,7330283944.0,7406003605.0
SE_spring_dust,0.764,0.733,0.562,0.84,31044.0,59819.0,3700.0,11354.0,472.0,20484.0,27056.0,10196.0,75722994.0,6959834235.0,7035557229.0
SE_spring_dust,0.651,0.65,0.675,0.645,26442.0,53056.0,4440.0,8718.0,13734.0,19932.0,27008.0,10698.0,75730844.0,7692907278.0,7768638123.0
SE_spring_dust,0.538,0.774,0.45,0.548,21839.0,63201.0,2960.0,7400.0,10989.0,20109.0,28279.0,7090.0,75748482.0,7534573558.0,7610322040.0
SE_spring_dust,0.689,0.733,0.675,0.45,27976.0,59819.0,4440.0,6083.0,8072.0,20246.0,27109.0,10238.0,75749250.0,7381522029.0,7457271279.0
SE_spring_dust,0.727,0.691,0.675,0.45,29510.0,56437.0,4440.0,6083.0,9920.0,19902.0,27162.0,10320.0,75752618.0,7483130490.0,7558883108.0
SE_spring_dust,0.689,0.65,0.9,0.548,27976.0,53056.0,5921.0,7400.0,12037.0,19905.0,27185.0,10267.0,75762730.0,7607004398.0,7682767128.0
SE_spring_dust,0.576,0.774,0.45,0.548,23373.0,63201.0,2960.0,7400.0,9455.0,20779.0,27834.0,7908.0,75765580.0,7450195003.0,7525960583.0
SE_spring_dust,0.727,0.733,0.675,0.548,29510.0,59819.0,4440.0,7400.0,5220.0,20471.0,27064.0,10241.0,75767087.0,7224659803.0,7300426891.0
SE_spring_dust,0.651,0.65,0.675,0.548,26442.0,53056.0,4440.0,7400.0,15052.0,19885.0,27214.0,10208.0,75767538.0,7765390948.0,7841158486.0
SE_spring_dust,0.727,0.691,0.675,0.742,29510.0,56437.0,4440.0,10036.0,5966.0,20099.0,27007.0,10642.0,75769207.0,7265679480.0,7341448687.0
SE_spring_dust,0.576,0.816,0.562,0.742,23373.0,66582.0,3700.0,10036.0,2698.0,20772.0,27757.0,8135.0,75771742.0,7082236649.0,7158008391.0
SE_spring_dust,0.764,0.65,0.675,0.645,31044.0,53056.0,4440.0,8718.0,9131.0,19947.0,26992.0,10791.0,75775372.0,7439771612.0,7515546984.0
SE_spring_dust,0.5,0.774,0.9,0.548,20305.0,63201.0,5921.0,7400.0,9563.0,20113.0,28280.0,7125.0,75778030.0,7470936125.0,7546714156.0
SE_spring_dust,0.727,0.65,0.9,0.645,29510.0,53056.0,5921.0,8718.0,9185.0,20074.0,26985.0,10757.0,75799224.0,7450142173.0,7525941397.0
SE_spring_dust,0.727,0.733,0.562,0.645,29510.0,59819.0,3700.0,8718.0,4642.0,20518.0,26898.0,10711.0,75799557.0,7189180130.0,7264979688.0
SE_spring_dust,0.727,0.733,0.675,0.45,29510.0,59819.0,4440.0,6083.0,6538.0,20368.0,27105.0,10238.0,75802238.0,7297143473.0,7372945711.0
SE_spring_dust,0.689,0.691,0.675,0.742,27976.0,56437.0,4440.0,10036.0,7500.0,19977.0,27052.0,10642.0,75802716.0,7350058036.0,7425860752.0
SE_spring_dust,0.538,0.774,0.9,0.645,21839.0,63201.0,5921.0,8718.0,6711.0,20155.0,28104.0,7615.0,75803210.0,7314073900.0,7389877110.0
SE_spring_dust,0.689,0.733,0.788,0.84,27976.0,59819.0,5181.0,11354.0,2061.0,20493.0,27087.0,10210.0,75803539.0,7054583352.0,7130386891.0
SE_spring_dust,0.689,0.733,0.9,0.84,27976.0,59819.0,5921.0,11354.0,1320.0,20490.0,27105.0,10183.0,75820442.0,7017579355.0,7093399797.0
SE_spring_dust,0.802,0.774,0.45,0.548,32578.0,63201.0,2960.0,7400.0,250.0,21506.0,27688.0,7921.0,75827772.0,6943923669.0,7019751442.0
SE_spring_dust,0.764,0.65,0.9,0.742,31044.0,53056.0,5921.0,10036.0,6333.0,19986.0,27085.0,10586.0,75835218.0,7293279947.0,7369115165.0
SE_spring_dust,0.651,0.733,0.675,0.84,26442.0,59819.0,4440.0,11354.0,4335.0,20470.0,27140.0,10124.0,75837941.0,7175965904.0,7251803845.0
SE_spring_dust,0.689,0.65,0.45,0.645,27976.0,53056.0,2960.0,8718.0,13680.0,19953.0,27045.0,10723.0,75839450.0,7682536717.0,7758376167.0
SE_spring_dust,0.576,0.816,0.675,0.742,23373.0,66582.0,4440.0,10036.0,1958.0,20773.0,27783.0,8156.0,75844825.0,7045232652.0,7121077477.0
SE_spring_dust,0.689,0.65,0.788,0.548,27976.0,53056.0,5181.0,7400.0,12777.0,19908.0,27214.0,10295.0,75846218.0,7644008396.0,7719854614.0
SE_spring_dust,0.613,0.857,0.45,0.548,24907.0,69964.0,2960.0,7400.0,1158.0,21175.0,27000.0,10065.0,75846475.0,6993842413.0,7069688888.0
SE_spring_dust,0.727,0.733,0.562,0.45,29510.0,59819.0,3700.0,6083.0,7278.0,20368.0,27140.0,10218.0,75858647.0,7334147470.0,7410006117.0
SE_spring_dust,0.538,0.774,0.788,0.645,21839.0,63201.0,5181.0,8718.0,7451.0,20159.0,28121.0,7642.0,75860640.0,7351077897.0,7426938537.0
SE_spring_dust,0.689,0.65,0.788,0.645,27976.0,53056.0,5181.0,8718.0,11459.0,19955.0,27036.0,10785.0,75868200.0,7571524726.0,7647392926.0
SE_spring_dust,0.613,0.65,0.675,0.742,24907.0,53056.0,4440.0,10036.0,13950.0,19827.0,27169.0,10503.0,75870094.0,7704802164.0,7780672258.0
SE_spring_dust,0.689,0.733,0.675,0.645,27976.0,59819.0,4440.0,8718.0,5436.0,20396.0,26955.0,10731.0,75876106.0,7236554689.0,7312430795.0
SE_spring_dust,0.689,0.65,0.45,0.548,27976.0,53056.0,2960.0,7400.0,14998.0,19905.0,27251.0,10233.0,75876144.0,7755020387.0,7830896530.0
SE_spring_dust,0.613,0.65,0.9,0.84,24907.0,53056.0,5921.0,11354.0,11152.0,19874.0,27299.0,10126.0,75881306.0,7558310500.0,7634191805.0
SE_spring_dust,0.689,0.65,0.9,0.45,27976.0,53056.0,5921.0,6083.0,13355.0,19802.0,27271.0,10264.0,75891021.0,7679488068.0,7755379089.0
SE_spring_dust,0.5,0.774,0.9,0.742,20305.0,63201.0,5921.0,10036.0,6928.0,20207.0,28197.0,7444.0,75895903.0,7325968786.0,7401864689.0
SE_spring_dust,0.727,0.65,0.45,0.548,29510.0,53056.0,2960.0,7400.0,13463.0,20028.0,27232.0,10233.0,75896717.0,7670641831.0,7746538548.0
SE_spring_dust,0.5,0.774,0.788,0.742,20305.0,63201.0,5181.0,10036.0,7668.0,20211.0,28187.0,7471.0,75897062.0,7362972783.0,7438869845.0
SE_spring_dust,0.764,0.691,0.675,0.84,31044.0,56437.0,4440.0,11354.0,3114.0,20018.0,27211.0,10298.0,75897321.0,7108817255.0,7184714576.0
SE_spring_dust,0.727,0.733,0.788,0.84,29510.0,59819.0,5181.0,11354.0,526.0,20616.0,27102.0,10210.0,75897423.0,6970204796.0,7046102220.0
SE_spring_dust,0.727,0.733,0.675,0.645,29510.0,59819.0,4440.0,8718.0,3902.0,20518.0,26938.0,10731.0,75900639.0,7152176133.0,7228076772.0
SE_spring_dust,0.727,0.691,0.9,0.84,29510.0,56437.0,5921.0,11354.0,3168.0,20146.0,27204.0,10264.0,75921173.0,7119187816.0,7195108989.0
SE_spring_dust,0.651,0.857,0.45,0.45,26442.0,69964.0,2960.0,6083.0,942.0,21225.0,27017.0,10086.0,75925446.0,6981947528.0,7057872973.0
SE_spring_dust,0.689,0.691,0.562,0.84,27976.0,56437.0,3700.0,11354.0,6922.0,20031.0,27232.0,10277.0,75932531.0,7314578363.0,7390510894.0
SE_spring_dust,0.538,0.774,0.788,0.742,21839.0,63201.0,5181.0,10036.0,6133.0,20206.0,28206.0,7471.0,75935454.0,7278594227.0,7354529681.0
SE_spring_dust,0.538,0.774,0.788,0.45,21839.0,63201.0,5181.0,6083.0,10087.0,20009.0,28373.0,7149.0,75943177.0,7496045237.0,7571988414.0
SE_spring_dust,0.613,0.65,0.45,0.84,24907.0,53056.0,2960.0,11354.0,14112.0,19874.0,27342.0,10092.0,75945944.0,7706326488.0,7782272432.0
SE_spring_dust,0.689,0.733,0.45,0.84,27976.0,59819.0,2960.0,11354.0,4281.0,20491.0,27177.0,10149.0,75946546.0,7165595343.0,7241541889.0
SE_spring_dust,0.5,0.774,0.562,0.548,20305.0,63201.0,3700.0,7400.0,11784.0,20120.0,28359.0,7138.0,75959910.0,7581948117.0,7657908027.0
SE_spring_dust,0.764,0.65,0.562,0.548,31044.0,53056.0,3700.0,7400.0,11189.0,19899.0,27277.0,10280.0,75964643.0,7549259279.0,7625223922.0
SE_spring_dust,0.689,0.691,0.675,0.84,27976.0,56437.0,4440.0,11354.0,6182.0,20031.0,27242.0,10298.0,75970950.0,7277574366.0,7353545316.0
SE_spring_dust,0.727,0.65,0.788,0.548,29510.0,53056.0,5181.0,7400.0,11243.0,20030.0,27246.0,10295.0,75976391.0,7559629840.0,7635606231.0
SE_spring_dust,0.538,0.774,0.45,0.742,21839.0,63201.0,2960.0,10036.0,8354.0,20203.0,28251.0,7409.0,75982045.0,7389606218.0,7465588263.0
SE_spring_dust,0.689,0.733,0.675,0.742,27976.0,59819.0,4440.0,10036.0,4119.0,20443.0,27058.0,10560.0,75987661.0,7164071019.0,7240058680.0
SE_spring_dust,0.576,0.774,0.788,0.45,23373.0,63201.0,5181.0,6083.0,8553.0,20679.0,27943.0,7966.0,75992663.0,7411666681.0,7487659344.0
SE_spring_dust,0.651,0.65,0.562,0.645,26442.0,53056.0,3700.0,8718.0,14474.0,19931.0,27142.0,10677.0,76000263.0,7729911275.0,7805911538.0
SE_spring_dust,0.764,0.65,0.675,0.45,31044.0,53056.0,4440.0,6083.0,11767.0,19797.0,27314.0,10298.0,76007423.0,7584738951.0,7660746375.0
SE_spring_dust,0.576,0.816,0.562,0.84,23373.0,66582.0,3700.0,11354.0,1380.0,20827.0,27982.0,7792.0,76013669.0,7009752979.0,7085766648.0
SE_spring_dust,0.651,0.65,0.45,0.84,26442.0,53056.0,2960.0,11354.0,12578.0,20027.0,27330.0,10115.0,76015364.0,7621947932.0,7697963296.0
SE_spring_dust,0.651,0.65,0.562,0.742,26442.0,53056.0,3700.0,10036.0,13156.0,19978.0,27202.0,10506.0,76019436.0,7657427605.0,7733447041.0
SE_spring_dust,0.651,0.65,0.788,0.84,26442.0,53056.0,5181.0,11354.0,10358.0,20029.0,27310.0,10177.0,76021853.0,7510935941.0,7586957794.0
SE_spring_dust,0.689,0.65,0.9,0.742,27976.0,53056.0,5921.0,10036.0,9402.0,19999.0,27175.0,10586.0,76034313.0,7462037058.0,7538071371.0
SE_spring_dust,0.613,0.65,0.562,0.742,24907.0,53056.0,3700.0,10036.0,14690.0,19826.0,27261.0,10483.0,76049903.0,7741806161.0,7817856064.0
SE_spring_dust,0.538,0.774,0.562,0.645,21839.0,63201.0,3700.0,8718.0,8932.0,20163.0,28215.0,7628.0,76051886.0,7425085891.0,7501137777.0
SE_spring_dust,0.689,0.733,0.562,0.742,27976.0,59819.0,3700.0,10036.0,4859.0,20442.0,27103.0,10540.0,76066859.0,7201075016.0,7277141875.0
SE_spring_dust,0.727,0.733,0.45,0.84,29510.0,59819.0,2960.0,11354.0,2747.0,20613.0,27206.0,10149.0,76069081.0,7081216788.0,7157285869.0
SE_spring_dust,0.5,0.774,0.562,0.742,20305.0,63201.0,3700.0,10036.0,9148.0,20215.0,28279.0,7457.0,76083426.0,7436980777.0,7513064203.0
SE_spring_dust,0.689,0.65,0.9,0.645,27976.0,53056.0,5921.0,8718.0,10719.0,19952.0,27148.0,10757.0,76084373.0,7534520728.0,7610605101.0
SE_spring_dust,0.5,0.774,0.562,0.45,20305.0,63201.0,3700.0,6083.0,13101.0,20018.0,28444.0,7135.0,76088201.0,7654431787.0,7730519988.0
SE_spring_dust,0.576,0.774,0.9,0.548,23373.0,63201.0,5921.0,7400.0,6495.0,20779.0,27976.0,7942.0,76093974.0,7302179014.0,7378272988.0
SE_spring_dust,0.576,0.816,0.675,0.84,23373.0,66582.0,4440.0,11354.0,640.0,20828.0,28014.0,7812.0,76099093.0,6972748982.0,7048848075.0
SE_spring_dust,0.538,0.774,0.45,0.645,21839.0,63201.0,2960.0,8718.0,9672.0,20156.0,28257.0,7580.0,76101913.0,7462089888.0,7538191801.0
SE_spring_dust,0.5,0.774,0.45,0.84,20305.0,63201.0,2960.0,11354.0,8570.0,20263.0,28420.0,7066.0,76107005.0,7401501104.0,7477608109.0
SE_spring_dust,0.727,0.65,0.9,0.45,29510.0,53056.0,5921.0,6083.0,11821.0,19924.0,27345.0,10264.0,76109673.0,7595109513.0,7671219185.0
SE_spring_dust,0.727,0.65,0.45,0.645,29510.0,53056.0,2960.0,8718.0,12146.0,20075.0,27144.0,10723.0,76110759.0,7598158161.0,7674268920.0
SE_spring_dust,0.613,0.857,0.45,0.45,24907.0,69964.0,2960.0,6083.0,2476.0,21073.0,27151.0,10062.0,76115786.0,7066326083.0,7142441870.0
SE_spring_dust,0.764,0.65,0.675,0.548,31044.0,53056.0,4440.0,7400.0,10449.0,19899.0,27343.0,10301.0,76122158.0,7512255282.0,7588377440.0
SE_spring_dust,0.689,0.65,0.788,0.45,27976.0,53056.0,5181.0,6083.0,14095.0,19805.0,27369.0,10292.0,76123756.0,7716492065.0,7792615821.0
SE_spring_dust,0.576,0.774,0.788,0.645,23373.0,63201.0,5181.0,8718.0,5917.0,20829.0,27794.0,8459.0,76129120.0,7266699341.0,7342828461.0
SE_spring_dust,0.5,0.774,0.45,0.742,20305.0,63201.0,2960.0,10036.0,9888.0,20208.0,28321.0,7409.0,76133453.0,7473984774.0,7550118227.0
SE_spring_dust,0.576,0.774,0.788,0.548,23373.0,63201.0,5181.0,7400.0,7235.0,20782.0,27986.0,7969.0,76138279.0,7339183011.0,7415321290.0
SE_spring_dust,0.764,0.65,0.562,0.45,31044.0,53056.0,3700.0,6083.0,12507.0,19796.0,27386.0,10277.0,76144046.0,7621742949.0,7697886994.0
SE_spring_dust,0.764,0.65,0.788,0.84,31044.0,53056.0,5181.0,11354.0,5755.0,20044.0,27336.0,10270.0,76154889.0,7257800275.0,7333955164.0
SE_spring_dust,0.727,0.65,0.788,0.45,29510.0,53056.0,5181.0,6083.0,12561.0,19928.0,27356.0,10292.0,76155794.0,7632113510.0,7708269303.0
SE_spring_dust,0.5,0.774,0.675,0.45,20305.0,63201.0,4440.0,6083.0,12361.0,20018.0,28469.0,7156.0,76157941.0,7617427790.0,7693585731.0
SE_spring_dust,0.613,0.65,0.562,0.84,24907.0,53056.0,3700.0,11354.0,13372.0,19881.0,27425.0,10139.0,76162495.0,7669322491.0,7745484986.0
SE_spring_dust,0.764,0.65,0.562,0.742,31044.0,53056.0,3700.0,10036.0,8553.0,19993.0,27234.0,10599.0,76166921.0,7404291939.0,7480458860.0
SE_spring_dust,0.727,0.65,0.9,0.548,29510.0,53056.0,5921.0,7400.0,10503.0,20027.0,27347.0,10267.0,76169192.0,7522625843.0,7598795035.0
SE_spring_dust,0.727,0.65,0.788,0.742,29510.0,53056.0,5181.0,10036.0,8607.0,20125.0,27205.0,10614.0,76181917.0,7414662500.0,7490844417.0
SE_spring_dust,0.764,0.65,0.45,0.84,31044.0,53056.0,2960.0,11354.0,7976.0,20041.0,27374.0,10208.0,76188719.0,7368812266.0,7445000985.0
SE_spring_dust,0.576,0.774,0.45,0.645,23373.0,63201.0,2960.0,8718.0,8137.0,20827.0,27849.0,8398.0,76197011.0,7377711333.0,7453908344.0
SE_spring_dust,0.689,0.65,0.45,0.742,27976.0,53056.0,2960.0,10036.0,12362.0,20000.0,27264.0,10552.0,76197781.0,7610053047.0,7686250828.0
SE_spring_dust,0.651,0.65,0.9,0.84,26442.0,53056.0,5921.0,11354.0,9618.0,20026.0,27406.0,10150.0,76202965.0,7473931944.0,7550134909.0
SE_spring_dust,0.802,0.774,0.45,0.45,32578.0,63201.0,2960.0,6083.0,1568.0,21403.0,27897.0,7918.0,76220561.0,7016407339.0,7092627900.0
SE_spring_dust,0.727,0.65,0.45,0.45,29510.0,53056.0,2960.0,6083.0,14781.0,19925.0,27410.0,10230.0,76223087.0,7743125501.0,7819348588.0
SE_spring_dust,0.5,0.774,0.788,0.84,20305.0,63201.0,5181.0,11354.0,6350.0,20265.0,28452.0,7128.0,76224588.0,7290489113.0,7366713701.0
SE_spring_dust,0.5,0.774,0.675,0.548,20305.0,63201.0,4440.0,7400.0,11043.0,20121.0,28477.0,7159.0,76227922.0,7544944120.0,7621172041.0
SE_spring_dust,0.5,0.774,0.562,0.645,20305.0,63201.0,3700.0,8718.0,10466.0,20167.0,28299.0,7628.0,76235000.0,7509464447.0,7585699446.0
SE_spring_dust,0.727,0.691,0.675,0.84,29510.0,56437.0,4440.0,11354.0,4648.0,20154.0,27343.0,10298.0,76246661.0,7193195810.0,7269442472.0
SE_spring_dust,0.538,0.774,0.562,0.45,21839.0,63201.0,3700.0,6083.0,11567.0,20013.0,28520.0,7135.0,76247185.0,7570053231.0,7646300416.0
SE_spring_dust,0.576,0.774,0.45,0.45,23373.0,63201.0,2960.0,6083.0,10773.0,20677.0,28087.0,7905.0,76249605.0,7522678673.0,7598928278.0
SE_spring_dust,0.613,0.857,0.562,0.548,24907.0,69964.0,3700.0,7400.0,418.0,21182.0,27176.0,10112.0,76262212.0,6956838416.0,7033100628.0
SE_spring_dust,0.576,0.774,0.9,0.45,23373.0,63201.0,5921.0,6083.0,7813.0,20676.0,28083.0,7939.0,76268482.0,7374662684.0,7450931166.0
SE_spring_dust,0.576,0.774,0.9,0.645,23373.0,63201.0,5921.0,8718.0,5177.0,20826.0,27874.0,8432.0,76277601.0,7229695344.0,7305972945.0
SE_spring_dust,0.727,0.691,0.562,0.84,29510.0,56437.0,3700.0,11354.0,5388.0,20153.0,27367.0,10277.0,76280964.0,7230199807.0,7306480772.0
SE_spring_dust,0.764,0.65,0.562,0.645,31044.0,53056.0,3700.0,8718.0,9871.0,19946.0,27240.0,10770.0,76286790.0,7476775609.0,7553062398.0
SE_spring_dust,0.651,0.65,0.675,0.742,26442.0,53056.0,4440.0,10036.0,12416.0,19979.0,27325.0,10527.0,76297379.0,7620423608.0,7696720987.0
SE_spring_dust,0.727,0.65,0.788,0.645,29510.0,53056.0,5181.0,8718.0,9925.0,20078.0,27209.0,10785.0,76298537.0,7487146170.0,7563444707.0
SE_spring_dust,0.538,0.774,0.9,0.742,21839.0,63201.0,5921.0,10036.0,5393.0,20203.0,28388.0,7444.0,76299819.0,7241590230.0,7317890049.0
SE_spring_dust,0.764,0.65,0.9,0.84,31044.0,53056.0,5921.0,11354.0,5015.0,20041.0,27418.0,10243.0,76307478.0,7220796277.0,7297103756.0
SE_spring_dust,0.727,0.733,0.562,0.742,29510.0,59819.0,3700.0,10036.0,3324.0,20565.0,27198.0,10540.0,76328944.0,7116696460.0,7193025404.0
SE_spring_dust,0.727,0.733,0.675,0.742,29510.0,59819.0,4440.0,10036.0,2584.0,20565.0,27203.0,10560.0,76355689.0,7079692463.0,7156048152.0
SE_spring_dust,0.689,0.65,0.788,0.84,27976.0,53056.0,5181.0,11354.0,8824.0,20057.0,27430.0,10270.0,76362359.0,7426557386.0,7502919745.0
SE_spring_dust,0.689,0.65,0.562,0.45,27976.0,53056.0,3700.0,6083.0,15575.0,19809.0,27487.0,10277.0,76365264.0,7790500060.0,7866865323.0
SE_spring_dust,0.651,0.857,0.562,0.45,26442.0,69964.0,3700.0,6083.0,202.0,21231.0,27206.0,10133.0,76366092.0,6944943531.0,7021309623.0
SE_spring_dust,0.538,0.774,0.562,0.548,21839.0,63201.0,3700.0,7400.0,10249.0,20115.0,28555.0,7138.0,76376191.0,7497569561.0,7573945753.0
SE_spring_dust,0.538,0.774,0.675,0.645,21839.0,63201.0,4440.0,8718.0,8191.0,20163.0,28370.0,7649.0,76398659.0,7388081894.0,7464480554.0
SE_spring_dust,0.651,0.65,0.562,0.84,26442.0,53056.0,3700.0,11354.0,11838.0,20033.0,27501.0,10163.0,76418530.0,7584943935.0,7661362465.0
SE_spring_dust,0.5,0.774,0.9,0.84,20305.0,63201.0,5921.0,11354.0,5610.0,20262.0,28557.0,7100.0,76424779.0,7253485116.0,7329909895.0
SE_spring_dust,0.576,0.774,0.562,0.548,23373.0,63201.0,3700.0,7400.0,8715.0,20786.0,28127.0,7955.0,76428926.0,7413191006.0,7489619931.0
SE_spring_dust,0.5,0.774,0.675,0.742,20305.0,63201.0,4440.0,10036.0,8408.0,20215.0,28434.0,7478.0,76430200.0,7399976780.0,7476406979.0
SE_spring_dust,0.764,0.65,0.675,0.742,31044.0,53056.0,4440.0,10036.0,7813.0,19994.0,27350.0,10620.0,76430636.0,7367287942.0,7443718577.0
SE_spring_dust,0.689,0.65,0.788,0.742,27976.0,53056.0,5181.0,10036.0,10142.0,20002.0,27351.0,10614.0,76431172.0,7499041056.0,7575472227.0
SE_spring_dust,0.727,0.65,0.45,0.742,29510.0,53056.0,2960.0,10036.0,10828.0,20122.0,27347.0,10552.0,76435611.0,7525674491.0,7602110103.0
SE_spring_dust,0.538,0.774,0.675,0.45,21839.0,63201.0,4440.0,6083.0,10827.0,20013.0,28608.0,7156.0,76451253.0,7533049234.0,7609500487.0
SE_spring_dust,0.689,0.65,0.675,0.548,27976.0,53056.0,4440.0,7400.0,13517.0,19913.0,27494.0,10301.0,76451278.0,7681012393.0,7757463670.0
SE_spring_dust,0.727,0.65,0.9,0.742,29510.0,53056.0,5921.0,10036.0,7867.0,20121.0,27344.0,10586.0,76454488.0,7377658503.0,7454112991.0
SE_spring_dust,0.613,0.65,0.675,0.84,24907.0,53056.0,4440.0,11354.0,12632.0,19882.0,27567.0,10160.0,76481618.0,7632318494.0,7708800112.0
SE_spring_dust,0.613,0.816,0.9,0.645,24907.0,66582.0,5921.0,8718.0,261.0,20915.0,27175.0,10589.0,76493324.0,6959329772.0,7035823096.0
SE_spring_dust,0.538,0.774,0.45,0.84,21839.0,63201.0,2960.0,11354.0,7036.0,20258.0,28604.0,7066.0,76495184.0,7317122548.0,7393617732.0
SE_spring_dust,0.538,0.774,0.9,0.84,21839.0,63201.0,5921.0,11354.0,4076.0,20257.0,28596.0,7100.0,76504794.0,7169106560.0,7245611354.0
SE_spring_dust,0.689,0.733,0.562,0.84,27976.0,59819.0,3700.0,11354.0,3541.0,20497.0,27423.0,10196.0,76509386.0,7128591346.0,7205100732.0
SE_spring_dust,0.576,0.774,0.788,0.742,23373.0,63201.0,5181.0,10036.0,4599.0,20876.0,28025.0,8288.0,76513154.0,7194215672.0,7270728826.0
SE_spring_dust,0.576,0.774,0.45,0.742,23373.0,63201.0,2960.0,10036.0,6820.0,20874.0,28050.0,8227.0,76517590.0,7305227663.0,7381745253.0
SE_spring_dust,0.538,0.774,0.675,0.548,21839.0,63201.0,4440.0,7400.0,9509.0,20116.0,28617.0,7159.0,76524522.0,7460565564.0,7537090086.0
SE_spring_dust,0.727,0.65,0.675,0.548,29510.0,53056.0,4440.0,7400.0,11983.0,20035.0,27503.0,10301.0,76530583.0,7596633837.0,7673164420.0
SE_spring_dust,0.689,0.65,0.562,0.645,27976.0,53056.0,3700.0,8718.0,12940.0,19959.0,27358.0,10770.0,76544656.0,7645532720.0,7722077376.0
SE_spring_dust,0.5,0.774,0.675,0.645,20305.0,63201.0,4440.0,8718.0,9726.0,20168.0,28440.0,7649.0,76550068.0,7472460450.0,7549010517.0
SE_spring_dust,0.538,0.774,0.788,0.84,21839.0,63201.0,5181.0,11354.0,4816.0,20261.0,28610.0,7128.0,76557723.0,7206110557.0,7282668280.0
SE_spring_dust,0.613,0.857,0.562,0.45,24907.0,69964.0,3700.0,6083.0,1736.0,21079.0,27343.0,10109.0,76564587.0,7029322086.0,7105886673.0
SE_spring_dust,0.689,0.733,0.675,0.84,27976.0,59819.0,4440.0,11354.0,2801.0,20498.0,27445.0,10217.0,76572718.0,7091587349.0,7168160067.0
SE_spring_dust,0.727,0.733,0.675,0.84,29510.0,59819.0,4440.0,11354.0,1266.0,20620.0,27419.0,10217.0,76580379.0,7007208793.0,7083789173.0
SE_spring_dust,0.727,0.65,0.562,0.548,29510.0,53056.0,3700.0,7400.0,12723.0,20034.0,27538.0,10280.0,76588808.0,7633637834.0,7710226642.0
SE_spring_dust,0.613,0.816,0.788,0.548,24907.0,66582.0,5181.0,7400.0,2319.0,20871.0,27403.0,10126.0,76601583.0,7068817439.0,7145419022.0
SE_spring_dust,0.727,0.733,0.562,0.84,29510.0,59819.0,3700.0,11354.0,2007.0,20619.0,27438.0,10196.0,76603555.0,7044212790.0,7120816346.0
SE_spring_dust,0.689,0.65,0.675,0.645,27976.0,53056.0,4440.0,8718.0,12200.0,19960.0,27383.0,10791.0,76614396.0,7608528723.0,7685143118.0
SE_spring_dust,0.576,0.774,0.675,0.45,23373.0,63201.0,4440.0,6083.0,9293.0,20684.0,28232.0,7973.0,76616160.0,7448670679.0,7525286838.0
SE_spring_dust,0.651,0.816,0.9,0.548,26442.0,66582.0,5921.0,7400.0,45.0,21020.0,27377.0,10123.0,76618026.0,6947434886.0,7024052912.0
SE_spring_dust,0.576,0.774,0.9,0.742,23373.0,63201.0,5921.0,10036.0,3859.0,20873.0,28089.0,8261.0,76626340.0,7157211674.0,7233838015.0
SE_spring_dust,0.651,0.816,0.788,0.548,26442.0,66582.0,5181.0,7400.0,785.0,21023.0,27380.0,10150.0,76647538.0,6984438883.0,7061086421.0
SE_spring_dust,0.727,0.65,0.562,0.645,29510.0,53056.0,3700.0,8718.0,11405.0,20081.0,27378.0,10770.0,76648158.0,7561154164.0,7637802322.0
SE_spring_dust,0.802,0.774,0.675,0.45,32578.0,63201.0,4440.0,6083.0,88.0,21411.0,28076.0,7987.0,76657481.0,6942399345.0,7019056826.0
SE_spring_dust,0.727,0.65,0.675,0.45,29510.0,53056.0,4440.0,6083.0,13301.0,19932.0,27588.0,10298.0,76658874.0,7669117507.0,7745776381.0
SE_spring_dust,0.613,0.816,0.9,0.548,24907.0,66582.0,5921.0,7400.0,1579.0,20868.0,27444.0,10099.0,76666093.0,7031813442.0,7108479535.0
SE_spring_dust,0.689,0.65,0.562,0.548,27976.0,53056.0,3700.0,7400.0,14258.0,19912.0,27608.0,10280.0,76676080.0,7718016390.0,7794692470.0
SE_spring_dust,0.613,0.857,0.675,0.45,24907.0,69964.0,4440.0,6083.0,996.0,21080.0,27392.0,10130.0,76684509.0,6992318089.0,7069002598.0
SE_spring_dust,0.651,0.65,0.675,0.84,26442.0,53056.0,4440.0,11354.0,11098.0,20034.0,27619.0,10184.0,76686541.0,7547939938.0,7624626480.0
SE_spring_dust,0.802,0.774,0.562,0.45,32578.0,63201.0,3700.0,6083.0,828.0,21410.0,28104.0,7966.0,76699097.0,6979403342.0,7056102439.0
SE_spring_dust,0.538,0.774,0.675,0.742,21839.0,63201.0,4440.0,10036.0,6874.0,20210.0,28571.0,7478.0,76719238.0,7315598224.0,7392317462.0
SE_spring_dust,0.613,0.816,0.45,0.548,24907.0,66582.0,2960.0,7400.0,4540.0,20868.0,27482.0,10065.0,76720719.0,7179829430.0,7256550149.0
SE_spring_dust,0.689,0.65,0.675,0.45,27976.0,53056.0,4440.0,6083.0,14835.0,19810.0,27649.0,10298.0,76726723.0,7753496063.0,7830222786.0
SE_spring_dust,0.538,0.774,0.562,0.742,21839.0,63201.0,3700.0,10036.0,7614.0,20210.0,28585.0,7457.0,76732501.0,7352602221.0,7429334723.0
SE_spring_dust,0.689,0.65,0.562,0.742,27976.0,53056.0,3700.0,10036.0,11622.0,20006.0,27498.0,10599.0,76735180.0,7573049050.0,7649784229.0
SE_spring_dust,0.576,0.774,0.675,0.645,23373.0,63201.0,4440.0,8718.0,6657.0,20834.0,28084.0,8466.0,76753636.0,7303703339.0,7380456975.0
SE_spring_dust,0.689,0.65,0.9,0.84,27976.0,53056.0,5921.0,11354.0,8084.0,20054.0,27625.0,10243.0,76754377.0,7389553389.0,7466307766.0
SE_spring_dust,0.613,0.816,0.45,0.45,24907.0,66582.0,2960.0,6083.0,5857.0,20766.0,27531.0,10062.0,76770649.0,7252313100.0,7329083750.0
SE_spring_dust,0.576,0.774,0.675,0.548,23373.0,63201.0,4440.0,7400.0,7975.0,20786.0,28280.0,7976.0,76770670.0,7376187009.0,7452957678.0
SE_spring_dust,0.764,0.65,0.675,0.84,31044.0,53056.0,4440.0,11354.0,6495.0,20049.0,27627.0,10277.0,76783513.0,7294804272.0,7371587785.0
SE_spring_dust,0.689,0.65,0.45,0.84,27976.0,53056.0,2960.0,11354.0,11044.0,20054.0,27656.0,10208.0,76795147.0,7537569377.0,7614364524.0
SE_spring_dust,0.727,0.65,0.675,0.742,29510.0,53056.0,4440.0,10036.0,9348.0,20129.0,27493.0,10620.0,76802166.0,7451666497.0,7528468663.0
SE_spring_dust,0.613,0.816,0.788,0.645,24907.0,66582.0,5181.0,8718.0,1001.0,20918.0,27312.0,10616.0,76807319.0,6996333769.0,7073141088.0
SE_spring_dust,0.727,0.65,0.9,0.84,29510.0,53056.0,5921.0,11354.0,6549.0,20176.0,27621.0,10243.0,76807365.0,7305174833.0,7381982198.0
SE_spring_dust,0.727,0.65,0.675,0.645,29510.0,53056.0,4440.0,8718.0,10665.0,20082.0,27455.0,10791.0,76828854.0,7524150167.0,7600979021.0
SE_spring_dust,0.5,0.774,0.562,0.84,20305.0,63201.0,3700.0,11354.0,7830.0,20269.0,28742.0,7113.0,76832110.0,7364497107.0,7441329217.0
SE_spring_dust,0.764,0.65,0.562,0.84,31044.0,53056.0,3700.0,11354.0,7236.0,20048.0,27662.0,10256.0,76839922.0,7331808269.0,7408648191.0
SE_spring_dust,0.613,0.816,0.788,0.45,24907.0,66582.0,5181.0,6083.0,3637.0,20768.0,27545.0,10123.0,76850544.0,7141301109.0,7218151653.0
SE_spring_dust,0.727,0.65,0.788,0.84,29510.0,53056.0,5181.0,11354.0,7290.0,20179.0,27631.0,10270.0,76851670.0,7342178830.0,7419030500.0
SE_spring_dust,0.576,0.774,0.562,0.645,23373.0,63201.0,3700.0,8718.0,7397.0,20833.0,28162.0,8445.0,76903488.0,7340707336.0,7417610824.0
SE_spring_dust,0.727,0.65,0.562,0.45,29510.0,53056.0,3700.0,6083.0,14041.0,19931.0,27711.0,10277.0,76903714.0,7706121504.0,7783025218.0
SE_spring_dust,0.613,0.816,0.9,0.45,24907.0,66582.0,5921.0,6083.0,2897.0,20765.0,27591.0,10096.0,76925980.0,7104297112.0,7181223092.0
SE_spring_dust,0.651,0.816,0.45,0.742,26442.0,66582.0,2960.0,10036.0,370.0,21115.0,27399.0,10408.0,76930777.0,6950483535.0,7027414312.0
SE_spring_dust,0.689,0.65,0.675,0.742,27976.0,53056.0,4440.0,10036.0,10882.0,20007.0,27586.0,10620.0,76939248.0,7536045053.0,7612984301.0
SE_spring_dust,0.651,0.816,0.788,0.45,26442.0,66582.0,5181.0,6083.0,2103.0,20921.0,27543.0,10147.0,76940813.0,7056922553.0,7133863367.0
SE_spring_dust,0.5,0.774,0.675,0.84,20305.0,63201.0,4440.0,11354.0,7090.0,20270.0,28786.0,7134.0,76943339.0,7327493110.0,7404436449.0
SE_spring_dust,0.651,0.816,0.45,0.645,26442.0,66582.0,2960.0,8718.0,1688.0,21068.0,27388.0,10579.0,77016926.0,7022967205.0,7099984131.0
SE_spring_dust,0.576,0.774,0.562,0.742,23373.0,63201.0,3700.0,10036.0,6079.0,20880.0,28266.0,8274.0,77017401.0,7268223666.0,7345241066.0
SE_spring_dust,0.651,0.816,0.9,0.45,26442.0,66582.0,5921.0,6083.0,1363.0,20917.0,27593.0,10120.0,77024848.0,7019918556.0,7096943404.0
SE_spring_dust,0.576,0.774,0.562,0.45,23373.0,63201.0,3700.0,6083.0,10033.0,20683.0,28432.0,7952.0,77025123.0,7485674676.0,7562699799.0
SE_spring_dust,0.727,0.65,0.45,0.84,29510.0,53056.0,2960.0,11354.0,9510.0,20177.0,27741.0,10208.0,77036265.0,7453190821.0,7530227086.0
SE_spring_dust,0.576,0.774,0.45,0.84,23373.0,63201.0,2960.0,11354.0,5502.0,20928.0,28410.0,7883.0,77046466.0,7232743993.0,7309790459.0
SE_spring_dust,0.613,0.816,0.45,0.645,24907.0,66582.0,2960.0,8718.0,3222.0,20916.0,27451.0,10555.0,77054892.0,7107345760.0,7184400653.0
SE_spring_dust,0.538,0.774,0.562,0.84,21839.0,63201.0,3700.0,11354.0,6296.0,20264.0,28850.0,7113.0,77060027.0,7280118551.0,7357178579.0
SE_spring_dust,0.651,0.816,0.45,0.45,26442.0,66582.0,2960.0,6083.0,4323.0,20918.0,27643.0,10086.0,77105044.0,7167934545.0,7245039589.0
SE_spring_dust,0.576,0.774,0.788,0.84,23373.0,63201.0,5181.0,11354.0,3281.0,20931.0,28429.0,7945.0,77135961.0,7121732002.0,7198867963.0
SE_spring_dust,0.576,0.774,0.9,0.84,23373.0,63201.0,5921.0,11354.0,2541.0,20928.0,28442.0,7917.0,77141427.0,7084728004.0,7161869431.0
SE_spring_dust,0.727,0.65,0.562,0.84,29510.0,53056.0,3700.0,11354.0,8770.0,20183.0,27772.0,10256.0,77142317.0,7416186824.0,7493329141.0
SE_spring_dust,0.651,0.816,0.45,0.548,26442.0,66582.0,2960.0,7400.0,3005.0,21021.0,27663.0,10089.0,77200466.0,7095450875.0,7172651341.0
SE_spring_dust,0.727,0.65,0.562,0.742,29510.0,53056.0,3700.0,10036.0,10088.0,20128.0,27693.0,10599.0,77211129.0,7488670494.0,7565881623.0
SE_spring_dust,0.613,0.816,0.45,0.742,24907.0,66582.0,2960.0,10036.0,1904.0,20963.0,27581.0,10384.0,77223777.0,7034862090.0,7112085867.0
SE_spring_dust,0.538,0.774,0.675,0.84,21839.0,63201.0,4440.0,11354.0,5556.0,20265.0,28931.0,7134.0,77248114.0,7243114554.0,7320362668.0
SE_spring_dust,0.613,0.816,0.562,0.548,24907.0,66582.0,3700.0,7400.0,3800.0,20875.0,27727.0,10112.0,77283191.0,7142825433.0,7220108625.0
SE_spring_dust,0.651,0.816,0.675,0.645,26442.0,66582.0,4440.0,8718.0,207.0,21075.0,27494.0,10647.0,77298559.0,6948959211.0,7026257770.0
SE_spring_dust,0.576,0.774,0.675,0.742,23373.0,63201.0,4440.0,10036.0,5339.0,20881.0,28409.0,8295.0,77338736.0,7231219669.0,7308558404.0
SE_spring_dust,0.613,0.816,0.562,0.45,24907.0,66582.0,3700.0,6083.0,5117.0,20772.0,27793.0,10109.0,77368417.0,7215309103.0,7292677520.0
SE_spring_dust,0.651,0.816,0.562,0.548,26442.0,66582.0,3700.0,7400.0,2265.0,21027.0,27726.0,10136.0,77373828.0,7058446878.0,7135820706.0
SE_spring_dust,0.689,0.816,0.45,0.645,27976.0,66582.0,2960.0,8718.0,153.0,21096.0,27522.0,10672.0,77386293.0,6938588649.0,7015974943.0
SE_spring_dust,0.651,0.816,0.562,0.645,26442.0,66582.0,3700.0,8718.0,947.0,21074.0,27550.0,10626.0,77401392.0,6985963208.0,7063364599.0
SE_spring_dust,0.689,0.65,0.562,0.84,27976.0,53056.0,3700.0,11354.0,10304.0,20061.0,27928.0,10256.0,77414052.0,7500565380.0,7577979432.0
SE_spring_dust,0.651,0.816,0.675,0.548,26442.0,66582.0,4440.0,7400.0,1525.0,21028.0,27752.0,10157.0,77445758.0,7021442881.0,7098888638.0
SE_spring_dust,0.727,0.65,0.675,0.84,29510.0,53056.0,4440.0,11354.0,8030.0,20184.0,27925.0,10277.0,77484061.0,7379182827.0,7456666888.0
SE_spring_dust,0.613,0.816,0.45,0.84,24907.0,66582.0,2960.0,11354.0,586.0,21017.0,27817.0,10040.0,77490351.0,6962378420.0,7039868772.0
SE_spring_dust,0.613,0.816,0.675,0.645,24907.0,66582.0,4440.0,8718.0,1742.0,20923.0,27632.0,10623.0,77497054.0,7033337766.0,7110834820.0
SE_spring_dust,0.613,0.816,0.562,0.645,24907.0,66582.0,3700.0,8718.0,2482.0,20922.0,27646.0,10602.0,77509645.0,7070341763.0,7147851408.0
SE_spring_dust,0.576,0.774,0.562,0.84,23373.0,63201.0,3700.0,11354.0,4762.0,20935.0,28625.0,7930.0,77544674.0,7195739996.0,7273284669.0
SE_spring_dust,0.689,0.816,0.45,0.548,27976.0,66582.0,2960.0,7400.0,1471.0,21048.0,27789.0,10182.0,77554363.0,7011072319.0,7088626682.0
SE_spring_dust,0.613,0.816,0.675,0.45,24907.0,66582.0,4440.0,6083.0,4377.0,20773.0,27880.0,10130.0,77571299.0,7178305106.0,7255876405.0
SE_spring_dust,0.576,0.774,0.675,0.84,23373.0,63201.0,4440.0,11354.0,4022.0,20936.0,28631.0,7951.0,77574636.0,7158735999.0,7236310634.0
SE_spring_dust,0.689,0.65,0.675,0.84,27976.0,53056.0,4440.0,11354.0,9564.0,20062.0,28016.0,10277.0,77616745.0,7463561383.0,7541178128.0
SE_spring_dust,0.613,0.816,0.675,0.742,24907.0,66582.0,4440.0,10036.0,424.0,20970.0,27744.0,10452.0,77628645.0,6960854096.0,7038482741.0
SE_spring_dust,0.613,0.816,0.675,0.548,24907.0,66582.0,4440.0,7400.0,3059.0,20875.0,27900.0,10133.0,77666720.0,7105821436.0,7183488156.0
SE_spring_dust,0.651,0.816,0.562,0.45,26442.0,66582.0,3700.0,6083.0,3583.0,20924.0,27889.0,10133.0,77667884.0,7130930548.0,7208598432.0
SE_spring_dust,0.689,0.816,0.788,0.45,27976.0,66582.0,5181.0,6083.0,569.0,20948.0,27845.0,10240.0,77668164.0,6972543998.0,7050212161.0
SE_spring_dust,0.613,0.816,0.562,0.742,24907.0,66582.0,3700.0,10036.0,1164.0,20969.0,27774.0,10431.0,77674298.0,6997858093.0,7075532392.0
SE_spring_dust,0.651,0.816,0.675,0.45,26442.0,66582.0,4440.0,6083.0,2843.0,20925.0,27911.0,10154.0,77731216.0,7093926551.0,7171657766.0
SE_spring_dust,0.689,0.816,0.45,0.45,27976.0,66582.0,2960.0,6083.0,2789.0,20946.0,27948.0,10179.0,77839821.0,7083555989.0,7161395810.0
SE_spring_dust,0.727,0.816,0.45,0.45,29510.0,66582.0,2960.0,6083.0,1255.0,21068.0,27923.0,10179.0,77847483.0,6999177434.0,7077024916.0
SE_spring_dust,0.613,0.774,0.45,0.45,24907.0,63201.0,2960.0,6083.0,9239.0,20873.0,27966.0,10201.0,77859352.0,7438300117.0,7516159469.0
SE_spring_dust,0.689,0.816,0.562,0.548,27976.0,66582.0,3700.0,7400.0,731.0,21055.0,27998.0,10229.0,78039737.0,6974068322.0,7052108059.0
SE_spring_dust,0.613,0.774,0.788,0.548,24907.0,63201.0,5181.0,7400.0,5701.0,20979.0,28044.0,10265.0,78128099.0,7254804456.0,7332932554.0
SE_spring_dust,0.613,0.774,0.45,0.548,24907.0,63201.0,2960.0,7400.0,7921.0,20976.0,28075.0,10204.0,78144739.0,7365816447.0,7443961186.0
SE_spring_dust,0.613,0.774,0.45,0.645,24907.0,63201.0,2960.0,8718.0,6603.0,21023.0,27887.0,10694.0,78144895.0,7293332777.0,7371477672.0
SE_spring_dust,0.651,0.774,0.788,0.548,26442.0,63201.0,5181.0,7400.0,4167.0,21131.0,28041.0,10289.0,78215966.0,7170425900.0,7248641866.0
SE_spring_dust,0.613,0.774,0.788,0.45,24907.0,63201.0,5181.0,6083.0,7019.0,20876.0,28113.0,10262.0,78220255.0,7327288126.0,7405508381.0
SE_spring_dust,0.613,0.774,0.9,0.548,24907.0,63201.0,5921.0,7400.0,4961.0,20975.0,28127.0,10238.0,78280687.0,7217800459.0,7296081146.0
SE_spring_dust,0.651,0.774,0.45,0.548,26442.0,63201.0,2960.0,7400.0,6387.0,21128.0,28099.0,10228.0,78290468.0,7281437892.0,7359728360.0
SE_spring_dust,0.613,0.774,0.788,0.645,24907.0,63201.0,5181.0,8718.0,4383.0,21026.0,27947.0,10755.0,78321027.0,7182320786.0,7260641813.0
SE_spring_dust,0.613,0.774,0.9,0.45,24907.0,63201.0,5921.0,6083.0,6279.0,20873.0,28178.0,10235.0,78335812.0,7290284129.0,7368619941.0
SE_spring_dust,0.689,0.816,0.675,0.45,27976.0,66582.0,4440.0,6083.0,1309.0,20953.0,28166.0,10247.0,78359036.0,7009547995.0,7087907031.0
SE_spring_dust,0.689,0.816,0.562,0.45,27976.0,66582.0,3700.0,6083.0,2049.0,20952.0,28177.0,10226.0,78366395.0,7046551992.0,7124918387.0
SE_spring_dust,0.764,0.774,0.9,0.45,31044.0,63201.0,5921.0,6083.0,142.0,21040.0,28140.0,10352.0,78429411.0,6952769907.0,7031199317.0
SE_spring_dust,0.613,0.774,0.9,0.645,24907.0,63201.0,5921.0,8718.0,3643.0,21022.0,28011.0,10728.0,78434581.0,7145316789.0,7223751370.0
SE_spring_dust,0.727,0.816,0.562,0.45,29510.0,66582.0,3700.0,6083.0,515.0,21074.0,28186.0,10226.0,78448121.0,6962173436.0,7040621558.0
SE_spring_dust,0.764,0.774,0.788,0.45,31044.0,63201.0,5181.0,6083.0,882.0,21043.0,28143.0,10379.0,78458922.0,6989773904.0,7068232826.0
SE_spring_dust,0.651,0.774,0.45,0.645,26442.0,63201.0,2960.0,8718.0,5069.0,21175.0,27997.0,10718.0,78474095.0,7208954222.0,7287428317.0
SE_spring_dust,0.651,0.774,0.788,0.645,26442.0,63201.0,5181.0,8718.0,2849.0,21178.0,27977.0,10779.0,78480945.0,7097942230.0,7176423175.0
SE_spring_dust,0.651,0.774,0.45,0.45,26442.0,63201.0,2960.0,6083.0,7705.0,21026.0,28218.0,10225.0,78490327.0,7353921562.0,7432411889.0
SE_spring_dust,0.651,0.774,0.788,0.45,26442.0,63201.0,5181.0,6083.0,5485.0,21028.0,28203.0,10286.0,78506931.0,7242909570.0,7321416501.0
SE_spring_dust,0.651,0.774,0.9,0.45,26442.0,63201.0,5921.0,6083.0,4745.0,21025.0,28217.0,10259.0,78513200.0,7205905573.0,7284418773.0
SE_spring_dust,0.651,0.774,0.9,0.645,26442.0,63201.0,5921.0,8718.0,2109.0,21175.0,28009.0,10752.0,78524850.0,7060938233.0,7139463083.0
SE_spring_dust,0.764,0.774,0.45,0.645,31044.0,63201.0,2960.0,8718.0,467.0,21190.0,28001.0,10811.0,78562030.0,6955818555.0,7034380585.0
SE_spring_dust,0.651,0.774,0.9,0.548,26442.0,63201.0,5921.0,7400.0,3427.0,21127.0,28223.0,10262.0,78580154.0,7133421903.0,7212002057.0
SE_spring_dust,0.764,0.774,0.45,0.548,31044.0,63201.0,2960.0,7400.0,1785.0,21143.0,28209.0,10320.0,78603432.0,7028302225.0,7106905657.0
SE_spring_dust,0.613,0.774,0.9,0.742,24907.0,63201.0,5921.0,10036.0,2325.0,21070.0,28148.0,10557.0,78619585.0,7072833119.0,7151452704.0
SE_spring_dust,0.651,0.774,0.788,0.742,26442.0,63201.0,5181.0,10036.0,1531.0,21225.0,28098.0,10608.0,78629452.0,7025458560.0,7104088012.0
SE_spring_dust,0.651,0.774,0.9,0.742,26442.0,63201.0,5921.0,10036.0,791.0,21222.0,28125.0,10581.0,78665539.0,6988454563.0,7067120102.0
SE_spring_dust,0.613,0.774,0.562,0.45,24907.0,63201.0,3700.0,6083.0,8499.0,20880.0,28327.0,10248.0,78667516.0,7401296120.0,7479963636.0
SE_spring_dust,0.613,0.774,0.45,0.742,24907.0,63201.0,2960.0,10036.0,5285.0,21070.0,28188.0,10523.0,78678241.0,7220849107.0,7299527349.0
SE_spring_dust,0.613,0.774,0.675,0.548,24907.0,63201.0,4440.0,7400.0,6441.0,20983.0,28336.0,10272.0,78756723.0,7291808453.0,7370565176.0
SE_spring_dust,0.651,0.774,0.788,0.84,26442.0,63201.0,5181.0,11354.0,213.0,21280.0,28276.0,10265.0,78770887.0,6952974890.0,7031745777.0
SE_spring_dust,0.613,0.774,0.562,0.645,24907.0,63201.0,3700.0,8718.0,5863.0,21030.0,28178.0,10741.0,78803972.0,7256328780.0,7335132753.0
SE_spring_dust,0.613,0.774,0.562,0.548,24907.0,63201.0,3700.0,7400.0,7181.0,20982.0,28370.0,10251.0,78813131.0,7328812450.0,7407625582.0
SE_spring_dust,0.651,0.774,0.45,0.742,26442.0,63201.0,2960.0,10036.0,3751.0,21223.0,28212.0,10547.0,78823201.0,7136470552.0,7215293753.0
SE_spring_dust,0.613,0.774,0.788,0.742,24907.0,63201.0,5181.0,10036.0,3065.0,21073.0,28246.0,10584.0,78850414.0,7109837116.0,7188687530.0
SE_spring_dust,0.764,0.774,0.675,0.548,31044.0,63201.0,4440.0,7400.0,304.0,21150.0,28308.0,10389.0,78871192.0,6954294231.0,7033165423.0
SE_spring_dust,0.651,0.774,0.562,0.45,26442.0,63201.0,3700.0,6083.0,6965.0,21032.0,28410.0,10272.0,78938455.0,7316917565.0,7395856020.0
SE_spring_dust,0.651,0.774,0.562,0.548,26442.0,63201.0,3700.0,7400.0,5647.0,21135.0,28385.0,10275.0,78939945.0,7244433895.0,7323373840.0
SE_spring_dust,0.613,0.774,0.675,0.645,24907.0,63201.0,4440.0,8718.0,5123.0,21030.0,28234.0,10762.0,78940350.0,7219324783.0,7298265133.0
SE_spring_dust,0.727,0.774,0.9,0.548,29510.0,63201.0,5921.0,7400.0,358.0,21277.0,28325.0,10355.0,78943876.0,6964664792.0,7043608668.0
SE_spring_dust,0.613,0.774,0.675,0.45,24907.0,63201.0,4440.0,6083.0,7759.0,20881.0,28455.0,10269.0,78956582.0,7364292123.0,7443248705.0
SE_spring_dust,0.613,0.774,0.45,0.84,24907.0,63201.0,2960.0,11354.0,3968.0,21125.0,28434.0,10179.0,78965894.0,7148365437.0,7227331331.0
SE_spring_dust,0.613,0.774,0.788,0.84,24907.0,63201.0,5181.0,11354.0,1747.0,21128.0,28413.0,10241.0,78969381.0,7037353446.0,7116322827.0
SE_spring_dust,0.651,0.774,0.675,0.45,26442.0,63201.0,4440.0,6083.0,6225.0,21033.0,28420.0,10293.0,78976874.0,7279913567.0,7358890442.0
SE_spring_dust,0.764,0.774,0.45,0.45,31044.0,63201.0,2960.0,6083.0,3102.0,21040.0,28426.0,10318.0,79011851.0,7100785895.0,7179797746.0
SE_spring_dust,0.689,0.774,0.45,0.45,27976.0,63201.0,2960.0,6083.0,6171.0,21053.0,28457.0,10318.0,79085480.0,7269543006.0,7348628486.0
SE_spring_dust,0.651,0.774,0.675,0.548,26442.0,63201.0,4440.0,7400.0,4907.0,21135.0,28446.0,10296.0,79085923.0,7207429897.0,7286515820.0
SE_spring_dust,0.651,0.774,0.45,0.84,26442.0,63201.0,2960.0,11354.0,2433.0,21277.0,28454.0,10203.0,79101626.0,7063986882.0,7143088508.0
SE_spring_dust,0.689,0.774,0.788,0.645,27976.0,63201.0,5181.0,8718.0,1315.0,21206.0,28232.0,10872.0,79108764.0,7013563675.0,7092672439.0
SE_spring_dust,0.613,0.774,0.9,0.84,24907.0,63201.0,5921.0,11354.0,1007.0,21124.0,28492.0,10214.0,79113954.0,7000349449.0,7079463403.0
SE_spring_dust,0.651,0.774,0.562,0.645,26442.0,63201.0,3700.0,8718.0,4329.0,21182.0,28290.0,10765.0,79138367.0,7171950225.0,7251088592.0
SE_spring_dust,0.689,0.774,0.788,0.45,27976.0,63201.0,5181.0,6083.0,3951.0,21056.0,28462.0,10379.0,79143706.0,7158531015.0,7237674721.0
SE_spring_dust,0.689,0.774,0.788,0.548,27976.0,63201.0,5181.0,7400.0,2633.0,21159.0,28447.0,10382.0,79164791.0,7086047345.0,7165212136.0
SE_spring_dust,0.613,0.774,0.562,0.742,24907.0,63201.0,3700.0,10036.0,4545.0,21077.0,28409.0,10570.0,79188007.0,7183845110.0,7263033117.0
SE_spring_dust,0.689,0.774,0.45,0.548,27976.0,63201.0,2960.0,7400.0,4853.0,21156.0,28483.0,10320.0,79194528.0,7197059336.0,7276253864.0
SE_spring_dust,0.764,0.774,0.562,0.548,31044.0,63201.0,3700.0,7400.0,1044.0,21149.0,28469.0,10368.0,79197292.0,6991298228.0,7070495519.0
SE_spring_dust,0.727,0.774,0.788,0.548,29510.0,63201.0,5181.0,7400.0,1098.0,21281.0,28439.0,10382.0,79209039.0,7001668789.0,7080877828.0
SE_spring_dust,0.764,0.774,0.562,0.45,31044.0,63201.0,3700.0,6083.0,2362.0,21047.0,28510.0,10365.0,79230308.0,7063781898.0,7143012206.0
SE_spring_dust,0.651,0.774,0.675,0.645,26442.0,63201.0,4440.0,8718.0,3589.0,21183.0,28330.0,10786.0,79239816.0,7134946227.0,7214186044.0
SE_spring_dust,0.727,0.774,0.788,0.45,29510.0,63201.0,5181.0,6083.0,2416.0,21178.0,28479.0,10379.0,79242055.0,7074152459.0,7153394515.0
SE_spring_dust,0.689,0.774,0.9,0.645,27976.0,63201.0,5921.0,8718.0,575.0,21202.0,28310.0,10845.0,79252200.0,6976559678.0,7055811878.0
SE_spring_dust,0.689,0.774,0.9,0.548,27976.0,63201.0,5921.0,7400.0,1893.0,21155.0,28509.0,10355.0,79274259.0,7049043348.0,7128317607.0
SE_spring_dust,0.764,0.774,0.675,0.45,31044.0,63201.0,4440.0,6083.0,1622.0,21047.0,28527.0,10386.0,79282714.0,7026777901.0,7106060614.0
SE_spring_dust,0.613,0.774,0.675,0.742,24907.0,63201.0,4440.0,10036.0,3805.0,21077.0,28448.0,10591.0,79289089.0,7146841113.0,7226130202.0
SE_spring_dust,0.689,0.774,0.45,0.645,27976.0,63201.0,2960.0,8718.0,3535.0,21203.0,28367.0,10811.0,79348422.0,7124575666.0,7203924088.0
SE_spring_dust,0.727,0.774,0.45,0.45,29510.0,63201.0,2960.0,6083.0,4637.0,21176.0,28558.0,10318.0,79361191.0,7185164450.0,7264525641.0
SE_spring_dust,0.651,0.774,0.675,0.742,26442.0,63201.0,4440.0,10036.0,2271.0,21230.0,28447.0,10615.0,79379725.0,7062462558.0,7141842283.0
SE_spring_dust,0.727,0.774,0.45,0.645,29510.0,63201.0,2960.0,8718.0,2001.0,21325.0,28383.0,10811.0,79442591.0,7040197111.0,7119639702.0
SE_spring_dust,0.727,0.774,0.45,0.548,29510.0,63201.0,2960.0,7400.0,3319.0,21278.0,28578.0,10320.0,79456613.0,7112680781.0,7192137393.0
SE_spring_dust,0.727,0.774,0.9,0.45,29510.0,63201.0,5921.0,6083.0,1676.0,21175.0,28594.0,10352.0,79463991.0,7037148462.0,7116612453.0
SE_spring_dust,0.689,0.774,0.45,0.742,27976.0,63201.0,2960.0,10036.0,2217.0,21250.0,28484.0,10640.0,79488331.0,7052091996.0,7131580327.0
SE_spring_dust,0.689,0.774,0.9,0.45,27976.0,63201.0,5921.0,6083.0,3210.0,21053.0,28658.0,10352.0,79539339.0,7121527018.0,7201066357.0
SE_spring_dust,0.727,0.774,0.45,0.742,29510.0,63201.0,2960.0,10036.0,683.0,21373.0,28480.0,10640.0,79541998.0,6967713441.0,7047255438.0
SE_spring_dust,0.689,0.774,0.562,0.548,27976.0,63201.0,3700.0,7400.0,4113.0,21162.0,28644.0,10368.0,79576721.0,7160055339.0,7239632060.0
SE_spring_dust,0.651,0.774,0.562,0.742,26442.0,63201.0,3700.0,10036.0,3011.0,21229.0,28590.0,10594.0,79667754.0,7099466555.0,7179134309.0
SE_spring_dust,0.651,0.774,0.675,0.84,26442.0,63201.0,4440.0,11354.0,953.0,21284.0,28707.0,10271.0,79695922.0,6989978888.0,7069674810.0
SE_spring_dust,0.689,0.774,0.45,0.84,27976.0,63201.0,2960.0,11354.0,899.0,21305.0,28705.0,10296.0,79722440.0,6979608326.0,7059330766.0
SE_spring_dust,0.651,0.774,0.562,0.84,26442.0,63201.0,3700.0,11354.0,1693.0,21284.0,28750.0,10250.0,79772848.0,7026982885.0,7106755732.0
SE_spring_dust,0.613,0.774,0.675,0.84,24907.0,63201.0,4440.0,11354.0,2487.0,21132.0,28802.0,10247.0,79804175.0,7074357443.0,7154161618.0
SE_spring_dust,0.613,0.774,0.562,0.84,24907.0,63201.0,3700.0,11354.0,3227.0,21131.0,28813.0,10227.0,79810814.0,7111361440.0,7191172254.0
SE_spring_dust,0.689,0.774,0.675,0.45,27976.0,63201.0,4440.0,6083.0,4691.0,21060.0,28797.0,10386.0,79864828.0,7195535012.0,7275399840.0
SE_spring_dust,0.689,0.774,0.562,0.645,27976.0,63201.0,3700.0,8718.0,2795.0,21210.0,28595.0,10858.0,79873144.0,7087571669.0,7167444813.0
SE_spring_dust,0.727,0.774,0.562,0.645,29510.0,63201.0,3700.0,8718.0,1261.0,21332.0,28570.0,10858.0,79880806.0,7003193113.0,7083073919.0
SE_spring_dust,0.689,0.774,0.562,0.45,27976.0,63201.0,3700.0,6083.0,5431.0,21060.0,28821.0,10365.0,79899131.0,7232539009.0,7312438140.0
SE_spring_dust,0.727,0.774,0.562,0.45,29510.0,63201.0,3700.0,6083.0,3897.0,21182.0,28804.0,10365.0,79923664.0,7148160453.0,7228084117.0
SE_spring_dust,0.689,0.774,0.675,0.645,27976.0,63201.0,4440.0,8718.0,2055.0,21210.0,28618.0,10879.0,79938327.0,7050567672.0,7130505999.0
SE_spring_dust,0.727,0.774,0.562,0.548,29510.0,63201.0,3700.0,7400.0,2579.0,21285.0,28788.0,10368.0,79944749.0,7075676783.0,7155621532.0
SE_spring_dust,0.689,0.774,0.675,0.548,27976.0,63201.0,4440.0,7400.0,3373.0,21163.0,28817.0,10389.0,79960249.0,7123051342.0,7203011591.0
SE_spring_dust,0.727,0.774,0.675,0.645,29510.0,63201.0,4440.0,8718.0,521.0,21333.0,28628.0,10879.0,80020053.0,6966189116.0,7046209170.0
SE_spring_dust,0.727,0.774,0.675,0.548,29510.0,63201.0,4440.0,7400.0,1839.0,21285.0,28816.0,10389.0,80020927.0,7038672786.0,7118693713.0
SE_spring_dust,0.689,0.774,0.562,0.742,27976.0,63201.0,3700.0,10036.0,1477.0,21257.0,28716.0,10687.0,80021651.0,7015087999.0,7095109650.0
SE_spring_dust,0.689,0.774,0.675,0.742,27976.0,63201.0,4440.0,10036.0,737.0,21257.0,28719.0,10708.0,80045635.0,6978084002.0,7058129636.0
SE_spring_dust,0.689,0.774,0.562,0.84,27976.0,63201.0,3700.0,11354.0,159.0,21311.0,28893.0,10343.0,80163086.0,6942604329.0,7022767415.0
SE_spring_dust,0.727,0.774,0.675,0.45,29510.0,63201.0,4440.0,6083.0,3156.0,21183.0,28976.0,10386.0,80307193.0,7111156456.0,7191463649.0
SF_winter_stagnation,0.8,0.693,0.45,0.45,32488.0,56554.0,2960.0,6083.0,21336.0,20047.0,27374.0,7955.0,74454921.0,8950651472.0,9025106393.0
SF_winter_stagnation,0.8,0.693,0.45,0.538,32488.0,56554.0,2960.0,7265.0,20153.0,20137.0,27477.0,7955.0,74718769.0,8885602025.0,8960320794.0
SF_winter_stagnation,0.8,0.714,0.45,0.45,32488.0,58303.0,2960.0,6083.0,19587.0,20285.0,27478.0,7955.0,74795378.0,8854451291.0,8929246669.0
SF_winter_stagnation,0.8,0.714,0.45,0.538,32488.0,58303.0,2960.0,7265.0,18404.0,20375.0,27580.0,7955.0,75059226.0,8789401844.0,8864461069.0
SF_winter_stagnation,0.8,0.671,0.8,0.45,32488.0,54805.0,5263.0,6083.0,20783.0,20011.0,27717.0,7992.0,75196924.0,8931728107.0,9006925031.0
SF_winter_stagnation,0.567,0.736,0.8,0.8,23012.0,60052.0,5263.0,10813.0,20280.0,19970.0,27953.0,7422.0,75239871.0,8904091440.0,8979331312.0
SF_winter_stagnation,0.8,0.671,0.45,0.625,32488.0,54805.0,2960.0,8448.0,20720.0,20123.0,27546.0,8475.0,75259293.0,8916752759.0,8992012051.0
SF_winter_stagnation,0.8,0.693,0.538,0.45,32488.0,56554.0,3536.0,6083.0,20760.0,20052.0,27741.0,7987.0,75264139.0,8921870586.0,8997134725.0
SF_winter_stagnation,0.8,0.693,0.8,0.45,32488.0,56554.0,5263.0,6083.0,19034.0,20049.0,27766.0,8014.0,75337085.0,8835527926.0,8910865011.0
SF_winter_stagnation,0.8,0.671,0.538,0.538,32488.0,54805.0,3536.0,7265.0,21327.0,20104.0,27795.0,7965.0,75387826.0,8953021319.0,9028409145.0
SF_winter_stagnation,0.8,0.693,0.45,0.625,32488.0,56554.0,2960.0,8448.0,18971.0,20161.0,27595.0,8497.0,75399454.0,8820552577.0,8895952032.0
SF_winter_stagnation,0.8,0.65,0.45,0.712,32488.0,53056.0,2960.0,9631.0,21286.0,20205.0,27703.0,8229.0,75447583.0,8947903492.0,9023351076.0
SF_winter_stagnation,0.8,0.671,0.45,0.712,32488.0,54805.0,2960.0,9631.0,19537.0,20205.0,27707.0,8229.0,75454075.0,8851703311.0,8927157386.0
SF_winter_stagnation,0.8,0.65,0.8,0.538,32488.0,53056.0,5263.0,7265.0,21349.0,20101.0,27817.0,7992.0,75454280.0,8962878841.0,9038333120.0
SF_winter_stagnation,0.8,0.671,0.8,0.538,32488.0,54805.0,5263.0,7265.0,19600.0,20101.0,27820.0,7992.0,75460772.0,8866678659.0,8942139431.0
SF_winter_stagnation,0.8,0.693,0.538,0.538,32488.0,56554.0,3536.0,7265.0,19578.0,20142.0,27844.0,7987.0,75527987.0,8856821138.0,8932349125.0
SF_winter_stagnation,0.8,0.693,0.45,0.712,32488.0,56554.0,2960.0,9631.0,17788.0,20243.0,27756.0,8251.0,75594237.0,8755503130.0,8831097367.0
SF_winter_stagnation,0.8,0.693,0.8,0.538,32488.0,56554.0,5263.0,7265.0,17851.0,20139.0,27869.0,8014.0,75600933.0,8770478478.0,8846079412.0
SF_winter_stagnation,0.8,0.714,0.538,0.45,32488.0,58303.0,3536.0,6083.0,19011.0,20290.0,27845.0,7987.0,75604596.0,8825670404.0,8901275000.0
SF_winter_stagnation,0.8,0.714,0.8,0.45,32488.0,58303.0,5263.0,6083.0,17285.0,20287.0,27870.0,8014.0,75677542.0,8739327745.0,8815005286.0
SF_winter_stagnation,0.8,0.693,0.625,0.45,32488.0,56554.0,4112.0,6083.0,20185.0,20048.0,27953.0,8015.0,75736417.0,8893089699.0,8968826116.0
SF_winter_stagnation,0.8,0.714,0.45,0.625,32488.0,58303.0,2960.0,8448.0,17222.0,20399.0,27699.0,8497.0,75739911.0,8724352396.0,8800092307.0
SF_winter_stagnation,0.8,0.671,0.625,0.538,32488.0,54805.0,4112.0,7265.0,20751.0,20100.0,28007.0,7994.0,75860103.0,8924240433.0,9000100536.0
SF_winter_stagnation,0.8,0.714,0.538,0.538,32488.0,58303.0,3536.0,7265.0,17829.0,20380.0,27948.0,7987.0,75868444.0,8760620957.0,8836489401.0
SF_winter_stagnation,0.8,0.714,0.45,0.712,32488.0,58303.0,2960.0,9631.0,16039.0,20482.0,27849.0,8251.0,75911918.0,8659302949.0,8735214867.0
SF_winter_stagnation,0.8,0.714,0.8,0.538,32488.0,58303.0,5263.0,7265.0,16102.0,20377.0,27962.0,8014.0,75918615.0,8674278297.0,8750196912.0
SF_winter_stagnation,0.6,0.714,0.8,0.8,24366.0,58303.0,5263.0,10813.0,20676.0,20262.0,27404.0,9722.0,75986722.0,8925839955.0,9001826677.0
SF_winter_stagnation,0.8,0.693,0.625,0.538,32488.0,56554.0,4112.0,7265.0,19002.0,20138.0,28056.0,8015.0,76000265.0,8828040252.0,8904040516.0
SF_winter_stagnation,0.6,0.736,0.8,0.625,24366.0,60052.0,5263.0,8448.0,21292.0,20347.0,27196.0,10317.0,76044658.0,8959738669.0,9035783327.0
SF_winter_stagnation,0.8,0.671,0.538,0.625,32488.0,54805.0,3536.0,8448.0,20144.0,20128.0,27913.0,8507.0,76068511.0,8887971872.0,8964040383.0
SF_winter_stagnation,0.8,0.714,0.625,0.45,32488.0,58303.0,4112.0,6083.0,18436.0,20286.0,28057.0,8015.0,76076873.0,8796889518.0,8872966391.0
SF_winter_stagnation,0.8,0.714,0.8,0.712,32488.0,58303.0,5263.0,9631.0,13736.0,20484.0,27909.0,8309.0,76086964.0,8544179402.0,8620266367.0
SF_winter_stagnation,0.8,0.736,0.45,0.45,32488.0,60052.0,2960.0,6083.0,17838.0,20462.0,28074.0,7874.0,76092062.0,8758251110.0,8834343172.0
SF_winter_stagnation,0.8,0.65,0.8,0.625,32488.0,53056.0,5263.0,8448.0,20166.0,20125.0,27935.0,8534.0,76134965.0,8897829393.0,8973964358.0
SF_winter_stagnation,0.8,0.671,0.8,0.625,32488.0,54805.0,5263.0,8448.0,18417.0,20125.0,27938.0,8534.0,76141457.0,8801629212.0,8877770669.0
SF_winter_stagnation,0.8,0.693,0.538,0.625,32488.0,56554.0,3536.0,8448.0,18395.0,20166.0,27962.0,8529.0,76208672.0,8791771691.0,8867980363.0
SF_winter_stagnation,0.8,0.671,0.712,0.45,32488.0,54805.0,4687.0,6083.0,21358.0,20015.0,28162.0,8078.0,76212876.0,8960508994.0,9036721870.0
SF_winter_stagnation,0.6,0.736,0.8,0.712,24366.0,60052.0,5263.0,9631.0,20109.0,20430.0,27357.0,10071.0,76239441.0,8894689221.0,8970928662.0
SF_winter_stagnation,0.567,0.736,0.712,0.8,23012.0,60052.0,4687.0,10813.0,20856.0,19974.0,28398.0,7508.0,76255824.0,8932872327.0,9009128151.0
SF_winter_stagnation,0.8,0.65,0.538,0.712,32488.0,53056.0,3536.0,9631.0,20711.0,20211.0,28071.0,8261.0,76256801.0,8919122606.0,8995379407.0
SF_winter_stagnation,0.8,0.671,0.538,0.712,32488.0,54805.0,3536.0,9631.0,18961.0,20211.0,28074.0,8261.0,76263293.0,8822922425.0,8899185718.0
SF_winter_stagnation,0.8,0.693,0.8,0.625,32488.0,56554.0,5263.0,8448.0,16668.0,20163.0,27987.0,8555.0,76281618.0,8705429031.0,8781710649.0
SF_winter_stagnation,0.8,0.65,0.8,0.712,32488.0,53056.0,5263.0,9631.0,18984.0,20208.0,28096.0,8288.0,76329747.0,8832779946.0,8909109693.0
SF_winter_stagnation,0.8,0.671,0.8,0.712,32488.0,54805.0,5263.0,9631.0,17235.0,20208.0,28099.0,8288.0,76336239.0,8736579765.0,8812916004.0
SF_winter_stagnation,0.8,0.714,0.625,0.538,32488.0,58303.0,4112.0,7265.0,17253.0,20376.0,28160.0,8015.0,76340721.0,8731840070.0,8808180791.0
SF_winter_stagnation,0.8,0.693,0.712,0.45,32488.0,56554.0,4687.0,6083.0,19609.0,20053.0,28211.0,8100.0,76353038.0,8864308812.0,8940661850.0
SF_winter_stagnation,0.8,0.736,0.45,0.538,32488.0,60052.0,2960.0,7265.0,16655.0,20552.0,28177.0,7874.0,76355910.0,8693201663.0,8769557573.0
SF_winter_stagnation,0.767,0.714,0.45,0.45,31134.0,58303.0,2960.0,6083.0,20941.0,20222.0,27548.0,9844.0,76367857.0,8928902958.0,9005270815.0
SF_winter_stagnation,0.6,0.736,0.45,0.8,24366.0,60052.0,2960.0,10813.0,21229.0,20436.0,27608.0,9582.0,76401242.0,8944763320.0,9021164562.0
SF_winter_stagnation,0.8,0.693,0.538,0.712,32488.0,56554.0,3536.0,9631.0,17212.0,20249.0,28123.0,8283.0,76403455.0,8726722243.0,8803125698.0
SF_winter_stagnation,0.8,0.693,0.8,0.712,32488.0,56554.0,5263.0,9631.0,15485.0,20246.0,28122.0,8309.0,76420790.0,8640379583.0,8716800374.0
SF_winter_stagnation,0.8,0.671,0.712,0.538,32488.0,54805.0,4687.0,7265.0,20176.0,20105.0,28265.0,8078.0,76476724.0,8895459546.0,8971936270.0
SF_winter_stagnation,0.8,0.65,0.45,0.8,32488.0,53056.0,2960.0,10813.0,20103.0,20214.0,28347.0,7799.0,76491549.0,8882854045.0,8959345594.0
SF_winter_stagnation,0.8,0.671,0.45,0.8,32488.0,54805.0,2960.0,10813.0,18354.0,20214.0,28350.0,7799.0,76498041.0,8786653864.0,8863151904.0
SF_winter_stagnation,0.8,0.65,0.625,0.625,32488.0,53056.0,4112.0,8448.0,21318.0,20124.0,28122.0,8535.0,76534296.0,8955391166.0,9031925463.0
SF_winter_stagnation,0.8,0.671,0.625,0.625,32488.0,54805.0,4112.0,8448.0,19569.0,20124.0,28125.0,8535.0,76540788.0,8859190985.0,8935731774.0
SF_winter_stagnation,0.8,0.714,0.8,0.625,32488.0,58303.0,5263.0,8448.0,14919.0,20401.0,28055.0,8555.0,76544762.0,8609228850.0,8685773612.0
SF_winter_stagnation,0.8,0.714,0.538,0.625,32488.0,58303.0,3536.0,8448.0,16646.0,20404.0,28066.0,8529.0,76549129.0,8695571510.0,8772120638.0
SF_winter_stagnation,0.5,0.8,0.45,0.712,20305.0,65300.0,2960.0,9631.0,21225.0,20210.0,28522.0,7405.0,76558655.0,8944567224.0,9021125879.0
SF_winter_stagnation,0.5,0.8,0.8,0.538,20305.0,65300.0,5263.0,7265.0,21288.0,20105.0,28635.0,7168.0,76565352.0,8959542573.0,9036107924.0
SF_winter_stagnation,0.8,0.693,0.712,0.538,32488.0,56554.0,4687.0,7265.0,18427.0,20143.0,28314.0,8100.0,76616886.0,8799259365.0,8875876251.0
SF_winter_stagnation,0.767,0.714,0.45,0.538,31134.0,58303.0,2960.0,7265.0,19758.0,20311.0,27651.0,9844.0,76631705.0,8863853510.0,8940485216.0
SF_winter_stagnation,0.8,0.693,0.45,0.8,32488.0,56554.0,2960.0,10813.0,16605.0,20252.0,28399.0,7821.0,76638202.0,8690453683.0,8767091885.0
SF_winter_stagnation,0.6,0.736,0.625,0.712,24366.0,60052.0,4112.0,9631.0,21261.0,20429.0,27544.0,10072.0,76638772.0,8952250994.0,9028889766.0
SF_winter_stagnation,0.8,0.693,0.625,0.625,32488.0,56554.0,4112.0,8448.0,17819.0,20162.0,28174.0,8557.0,76680950.0,8762990804.0,8839671754.0
SF_winter_stagnation,0.8,0.714,0.538,0.712,32488.0,58303.0,3536.0,9631.0,15463.0,20487.0,28201.0,8283.0,76688301.0,8630522062.0,8707210363.0
SF_winter_stagnation,0.8,0.714,0.712,0.45,32488.0,58303.0,4687.0,6083.0,17860.0,20291.0,28315.0,8100.0,76693494.0,8768108631.0,8844802125.0
SF_winter_stagnation,0.8,0.65,0.625,0.712,32488.0,53056.0,4112.0,9631.0,20135.0,20207.0,28283.0,8289.0,76729079.0,8890341719.0,8967070798.0
SF_winter_stagnation,0.8,0.736,0.8,0.712,32488.0,60052.0,5263.0,9631.0,11987.0,20661.0,28199.0,8228.0,76730467.0,8447979221.0,8524709689.0
SF_winter_stagnation,0.8,0.671,0.625,0.712,32488.0,54805.0,4112.0,9631.0,18386.0,20207.0,28286.0,8289.0,76735570.0,8794141538.0,8870877108.0
SF_winter_stagnation,0.8,0.693,0.625,0.712,32488.0,56554.0,4112.0,9631.0,16637.0,20245.0,28335.0,8311.0,76875732.0,8697941357.0,8774817089.0
SF_winter_stagnation,0.8,0.714,0.8,0.8,32488.0,58303.0,5263.0,10813.0,12554.0,20492.0,28438.0,7879.0,76885400.0,8479129955.0,8556015355.0
SF_winter_stagnation,0.8,0.736,0.538,0.45,32488.0,60052.0,3536.0,6083.0,17262.0,20467.0,28442.0,7905.0,76901280.0,8729470223.0,8806371503.0
SF_winter_stagnation,0.8,0.714,0.45,0.8,32488.0,58303.0,2960.0,10813.0,14856.0,20490.0,28467.0,7821.0,76901346.0,8594253501.0,8671154848.0
SF_winter_stagnation,0.567,0.8,0.45,0.538,23012.0,65300.0,2960.0,7265.0,20884.0,20560.0,28640.0,7300.0,76904459.0,8925762786.0,9002667245.0
SF_winter_stagnation,0.767,0.693,0.8,0.45,31134.0,56554.0,5263.0,6083.0,20387.0,19986.0,27837.0,9902.0,76909565.0,8909979592.0,8986889157.0
SF_winter_stagnation,0.667,0.693,0.8,0.712,27073.0,56554.0,5263.0,9631.0,20900.0,20157.0,27506.0,10708.0,76912494.0,8938186250.0,9015098744.0
SF_winter_stagnation,0.8,0.736,0.8,0.45,32488.0,60052.0,5263.0,6083.0,15535.0,20464.0,28441.0,7932.0,76918616.0,8643127563.0,8720046179.0
SF_winter_stagnation,0.8,0.714,0.712,0.538,32488.0,58303.0,4687.0,7265.0,16677.0,20381.0,28418.0,8100.0,76957342.0,8703059184.0,8780016526.0
SF_winter_stagnation,0.767,0.693,0.45,0.625,31134.0,56554.0,2960.0,8448.0,20324.0,20097.0,27665.0,10386.0,76971934.0,8895004244.0,8971976178.0
SF_winter_stagnation,0.8,0.736,0.45,0.625,32488.0,60052.0,2960.0,8448.0,15472.0,20576.0,28269.0,8416.0,76980985.0,8628152215.0,8705133200.0
SF_winter_stagnation,0.8,0.714,0.625,0.625,32488.0,58303.0,4112.0,8448.0,16070.0,20400.0,28267.0,8557.0,76998631.0,8666790623.0,8743789254.0
SF_winter_stagnation,0.6,0.714,0.712,0.8,24366.0,58303.0,4687.0,10813.0,21251.0,20266.0,27849.0,9808.0,77002674.0,8954620842.0,9031623516.0
SF_winter_stagnation,0.767,0.671,0.45,0.712,31134.0,54805.0,2960.0,9631.0,20891.0,20142.0,27777.0,10118.0,77026555.0,8926154978.0,9003181533.0
SF_winter_stagnation,0.767,0.671,0.8,0.538,31134.0,54805.0,5263.0,7265.0,20954.0,20038.0,27890.0,9881.0,77033251.0,8941130326.0,9018163578.0
SF_winter_stagnation,0.733,0.714,0.45,0.538,29781.0,58303.0,2960.0,7265.0,21112.0,20356.0,27651.0,10354.0,77046982.0,8938305177.0,9015352159.0
SF_winter_stagnation,0.8,0.736,0.8,0.625,32488.0,60052.0,5263.0,8448.0,13170.0,20578.0,28280.0,8474.0,77049520.0,8513028669.0,8590078189.0
SF_winter_stagnation,0.667,0.714,0.8,0.625,27073.0,58303.0,5263.0,8448.0,20334.0,20312.0,27449.0,10955.0,77058168.0,8907035516.0,8984093684.0
SF_winter_stagnation,0.7,0.714,0.8,0.45,28427.0,58303.0,5263.0,6083.0,21346.0,20237.0,27665.0,10413.0,77062043.0,8962682745.0,9039744788.0
SF_winter_stagnation,0.533,0.8,0.8,0.45,21659.0,65300.0,5263.0,6083.0,21117.0,20011.0,28900.0,7168.0,77081061.0,8950140353.0,9027221414.0
SF_winter_stagnation,0.767,0.693,0.538,0.538,31134.0,56554.0,3536.0,7265.0,20931.0,20079.0,27914.0,9876.0,77100467.0,8931272805.0,9008373272.0
SF_winter_stagnation,0.8,0.736,0.45,0.712,32488.0,60052.0,2960.0,9631.0,14290.0,20658.0,28399.0,8169.0,77109449.0,8563102768.0,8640212217.0
SF_winter_stagnation,0.7,0.714,0.45,0.625,28427.0,58303.0,2960.0,8448.0,21283.0,20348.0,27493.0,10896.0,77124412.0,8947707396.0,9024831808.0
SF_winter_stagnation,0.8,0.714,0.625,0.712,32488.0,58303.0,4112.0,9631.0,14888.0,20483.0,28403.0,8311.0,77138876.0,8601741176.0,8678880052.0
SF_winter_stagnation,0.8,0.736,0.538,0.538,32488.0,60052.0,3536.0,7265.0,16080.0,20557.0,28534.0,7905.0,77142353.0,8664420776.0,8741563129.0
SF_winter_stagnation,0.533,0.8,0.45,0.625,21659.0,65300.0,2960.0,8448.0,21055.0,20122.0,28728.0,7652.0,77143430.0,8935165005.0,9012308435.0
SF_winter_stagnation,0.8,0.65,0.712,0.625,32488.0,53056.0,4687.0,8448.0,20742.0,20129.0,28380.0,8620.0,77150917.0,8926610280.0,9003761197.0
SF_winter_stagnation,0.8,0.671,0.712,0.625,32488.0,54805.0,4687.0,8448.0,18993.0,20129.0,28383.0,8620.0,77157409.0,8830410099.0,8907567508.0
SF_winter_stagnation,0.8,0.736,0.8,0.538,32488.0,60052.0,5263.0,7265.0,14353.0,20554.0,28533.0,7932.0,77160762.0,8578078116.0,8655238878.0
SF_winter_stagnation,0.767,0.693,0.45,0.712,31134.0,56554.0,2960.0,9631.0,19142.0,20180.0,27826.0,10140.0,77166716.0,8829954797.0,8907121513.0
SF_winter_stagnation,0.767,0.693,0.8,0.538,31134.0,56554.0,5263.0,7265.0,19205.0,20076.0,27939.0,9902.0,77173413.0,8844930145.0,8922103558.0
SF_winter_stagnation,0.767,0.714,0.538,0.45,31134.0,58303.0,3536.0,6083.0,20365.0,20227.0,27915.0,9876.0,77177075.0,8900122071.0,8977299146.0
SF_winter_stagnation,0.667,0.714,0.538,0.712,27073.0,58303.0,3536.0,9631.0,20878.0,20398.0,27585.0,10682.0,77180004.0,8928328729.0,9005508733.0
SF_winter_stagnation,0.6,0.736,0.538,0.8,24366.0,60052.0,3536.0,10813.0,20653.0,20441.0,27975.0,9614.0,77210460.0,8915982434.0,8993192894.0
SF_winter_stagnation,0.5,0.8,0.8,0.625,20305.0,65300.0,5263.0,8448.0,20106.0,20129.0,28753.0,7710.0,77246037.0,8894493125.0,8971739162.0
SF_winter_stagnation,0.767,0.714,0.8,0.45,31134.0,58303.0,5263.0,6083.0,18638.0,20224.0,27941.0,9902.0,77250021.0,8813779411.0,8891029433.0
SF_winter_stagnation,0.667,0.714,0.8,0.712,27073.0,58303.0,5263.0,9631.0,19151.0,20395.0,27610.0,10708.0,77252950.0,8841986069.0,8919239019.0
SF_winter_stagnation,0.6,0.736,0.712,0.712,24366.0,60052.0,4687.0,9631.0,20685.0,20434.0,27802.0,10157.0,77255393.0,8923470108.0,9000725501.0
SF_winter_stagnation,0.6,0.736,0.8,0.8,24366.0,60052.0,5263.0,10813.0,18927.0,20438.0,28001.0,9640.0,77283406.0,8829639774.0,8906923180.0
SF_winter_stagnation,0.8,0.693,0.712,0.625,32488.0,56554.0,4687.0,8448.0,17244.0,20167.0,28432.0,8642.0,77297571.0,8734209918.0,8811507488.0
SF_winter_stagnation,0.8,0.65,0.538,0.8,32488.0,53056.0,3536.0,10813.0,19528.0,20219.0,28714.0,7831.0,77300767.0,8854073158.0,8931373925.0
SF_winter_stagnation,0.8,0.671,0.538,0.8,32488.0,54805.0,3536.0,10813.0,17779.0,20219.0,28717.0,7831.0,77307259.0,8757872977.0,8835180236.0
SF_winter_stagnation,0.8,0.736,0.538,0.712,32488.0,60052.0,3536.0,9631.0,13714.0,20664.0,28481.0,8201.0,77310703.0,8534321881.0,8611632584.0
SF_winter_stagnation,0.767,0.714,0.45,0.625,31134.0,58303.0,2960.0,8448.0,18575.0,20335.0,27769.0,10386.0,77312390.0,8798804063.0,8876116453.0
SF_winter_stagnation,0.7,0.714,0.45,0.712,28427.0,58303.0,2960.0,9631.0,20100.0,20431.0,27654.0,10650.0,77319194.0,8882657949.0,8959977143.0
SF_winter_stagnation,0.7,0.714,0.8,0.538,28427.0,58303.0,5263.0,7265.0,20163.0,20327.0,27767.0,10413.0,77325891.0,8897633297.0,8974959188.0
SF_winter_stagnation,0.533,0.8,0.45,0.712,21659.0,65300.0,2960.0,9631.0,19872.0,20205.0,28889.0,7405.0,77338212.0,8870115558.0,8947453770.0
SF_winter_stagnation,0.533,0.8,0.8,0.538,21659.0,65300.0,5263.0,7265.0,19935.0,20101.0,29002.0,7168.0,77344909.0,8885090906.0,8962435815.0
SF_winter_stagnation,0.8,0.65,0.712,0.712,32488.0,53056.0,4687.0,9631.0,19559.0,20212.0,28541.0,8374.0,77345700.0,8861560832.0,8938906532.0
SF_winter_stagnation,0.8,0.671,0.712,0.712,32488.0,54805.0,4687.0,9631.0,17810.0,20212.0,28544.0,8374.0,77352192.0,8765360651.0,8842712843.0
SF_winter_stagnation,0.8,0.671,0.8,0.8,32488.0,54805.0,5263.0,10813.0,16052.0,20216.0,28732.0,7857.0,77357430.0,8671530317.0,8748887747.0
SF_winter_stagnation,0.5,0.8,0.538,0.712,20305.0,65300.0,3536.0,9631.0,20650.0,20215.0,28889.0,7437.0,77367873.0,8915786338.0,8993154211.0
SF_winter_stagnation,0.8,0.736,0.625,0.45,32488.0,60052.0,4112.0,6083.0,16687.0,20463.0,28654.0,7934.0,77373557.0,8700689337.0,8778062894.0
SF_winter_stagnation,0.8,0.65,0.8,0.8,32488.0,53056.0,5263.0,10813.0,17801.0,20216.0,28740.0,7857.0,77373713.0,8767730498.0,8845104211.0
SF_winter_stagnation,0.8,0.693,0.8,0.8,32488.0,56554.0,5263.0,10813.0,14303.0,20254.0,28735.0,7879.0,77398438.0,8575330136.0,8652728574.0
SF_winter_stagnation,0.8,0.736,0.45,0.8,32488.0,60052.0,2960.0,10813.0,13107.0,20667.0,28692.0,7739.0,77406104.0,8498053320.0,8575459424.0
SF_winter_stagnation,0.667,0.736,0.8,0.45,27073.0,60052.0,5263.0,6083.0,20950.0,20375.0,27825.0,10331.0,77410319.0,8940934230.0,9018344549.0
SF_winter_stagnation,0.8,0.736,0.8,0.8,32488.0,60052.0,5263.0,10813.0,10805.0,20669.0,28673.0,7798.0,77411028.0,8382929774.0,8460340802.0
SF_winter_stagnation,0.667,0.714,0.45,0.8,27073.0,58303.0,2960.0,10813.0,20271.0,20401.0,27862.0,10220.0,77414752.0,8892060168.0,8969474920.0
SF_winter_stagnation,0.8,0.693,0.538,0.8,32488.0,56554.0,3536.0,10813.0,16030.0,20257.0,28756.0,7852.0,77424645.0,8661672796.0,8739097441.0
SF_winter_stagnation,0.5,0.8,0.8,0.712,20305.0,65300.0,5263.0,9631.0,18923.0,20212.0,28914.0,7464.0,77440819.0,8829443678.0,8906884497.0
SF_winter_stagnation,0.767,0.714,0.538,0.538,31134.0,58303.0,3536.0,7265.0,19182.0,20317.0,28018.0,9876.0,77440923.0,8835072624.0,8912513547.0
SF_winter_stagnation,0.8,0.693,0.712,0.712,32488.0,56554.0,4687.0,9631.0,16061.0,20250.0,28582.0,8395.0,77469578.0,8669160470.0,8746630048.0
SF_winter_stagnation,0.667,0.736,0.45,0.625,27073.0,60052.0,2960.0,8448.0,20887.0,20487.0,27654.0,10815.0,77472688.0,8925958882.0,9003431570.0
SF_winter_stagnation,0.767,0.714,0.45,0.712,31134.0,58303.0,2960.0,9631.0,17393.0,20418.0,27930.0,10140.0,77507173.0,8733754616.0,8811261788.0
SF_winter_stagnation,0.767,0.714,0.8,0.538,31134.0,58303.0,5263.0,7265.0,17455.0,20314.0,28043.0,9902.0,77513869.0,8748729964.0,8826243833.0
SF_winter_stagnation,0.567,0.8,0.8,0.45,23012.0,65300.0,5263.0,6083.0,19764.0,20472.0,28930.0,7359.0,77522775.0,8875688687.0,8953211462.0
SF_winter_stagnation,0.8,0.714,0.625,0.8,32488.0,58303.0,4112.0,10813.0,13705.0,20491.0,28740.0,7881.0,77530261.0,8536691728.0,8614221989.0
SF_winter_stagnation,0.767,0.693,0.625,0.538,31134.0,56554.0,4112.0,7265.0,20356.0,20075.0,28126.0,9904.0,77572744.0,8902491918.0,8980064662.0
SF_winter_stagnation,0.8,0.736,0.625,0.538,32488.0,60052.0,4112.0,7265.0,15504.0,20553.0,28731.0,7934.0,77581795.0,8635639889.0,8713221684.0
SF_winter_stagnation,0.733,0.693,0.45,0.712,29781.0,56554.0,2960.0,9631.0,20495.0,20224.0,27826.0,10650.0,77581993.0,8904406463.0,8981988456.0
SF_winter_stagnation,0.8,0.714,0.712,0.625,32488.0,58303.0,4687.0,8448.0,15495.0,20405.0,28510.0,8642.0,77582417.0,8638009736.0,8715592153.0
SF_winter_stagnation,0.567,0.8,0.45,0.625,23012.0,65300.0,2960.0,8448.0,19701.0,20583.0,28758.0,7842.0,77585144.0,8860713338.0,8938298483.0
SF_winter_stagnation,0.733,0.693,0.8,0.538,29781.0,56554.0,5263.0,7265.0,20558.0,20120.0,27939.0,10413.0,77588689.0,8919381812.0,8996970501.0
SF_winter_stagnation,0.5,0.8,0.45,0.8,20305.0,65300.0,2960.0,10813.0,20043.0,20218.0,29166.0,6975.0,77602621.0,8879517777.0,8957120398.0
SF_winter_stagnation,0.5,0.779,0.8,0.712,20305.0,63550.0,5263.0,9631.0,20672.0,20320.0,28850.0,7809.0,77622216.0,8925643859.0,9003266075.0
SF_winter_stagnation,0.8,0.736,0.625,0.712,32488.0,60052.0,4112.0,9631.0,13139.0,20660.0,28628.0,8229.0,77643634.0,8505540994.0,8583184628.0
SF_winter_stagnation,0.5,0.8,0.625,0.625,20305.0,65300.0,4112.0,8448.0,21257.0,20128.0,28940.0,7712.0,77645368.0,8952054898.0,9029700267.0
SF_winter_stagnation,0.767,0.714,0.625,0.45,31134.0,58303.0,4112.0,6083.0,19789.0,20223.0,28128.0,9904.0,77649353.0,8871341184.0,8948990537.0
SF_winter_stagnation,0.667,0.714,0.625,0.712,27073.0,58303.0,4112.0,9631.0,20302.0,20394.0,27797.0,10710.0,77652282.0,8899547842.0,8977200124.0
SF_winter_stagnation,0.767,0.736,0.45,0.45,31134.0,60052.0,2960.0,6083.0,19192.0,20398.0,28145.0,9762.0,77664542.0,8832702777.0,8910367318.0
SF_winter_stagnation,0.733,0.714,0.8,0.45,29781.0,58303.0,5263.0,6083.0,19992.0,20268.0,27941.0,10413.0,77665298.0,8888231078.0,8965896376.0
SF_winter_stagnation,0.8,0.714,0.538,0.8,32488.0,58303.0,3536.0,10813.0,14281.0,20495.0,28813.0,7852.0,77665948.0,8565472615.0,8643138563.0
SF_winter_stagnation,0.7,0.693,0.8,0.625,28427.0,56554.0,5263.0,8448.0,20729.0,20112.0,27782.0,10955.0,77666120.0,8928784031.0,9006450151.0
SF_winter_stagnation,0.667,0.736,0.45,0.712,27073.0,60052.0,2960.0,9631.0,19704.0,20570.0,27814.0,10569.0,77667471.0,8860909434.0,8938576905.0
SF_winter_stagnation,0.667,0.736,0.8,0.538,27073.0,60052.0,5263.0,7265.0,19767.0,20465.0,27928.0,10331.0,77674167.0,8875884783.0,8953558950.0
SF_winter_stagnation,0.6,0.736,0.625,0.8,24366.0,60052.0,4112.0,10813.0,20078.0,20437.0,28188.0,9642.0,77682738.0,8887201547.0,8964884285.0
SF_winter_stagnation,0.8,0.714,0.712,0.712,32488.0,58303.0,4687.0,9631.0,14312.0,20488.0,28640.0,8395.0,77710881.0,8572960289.0,8650671170.0
SF_winter_stagnation,0.567,0.8,0.538,0.538,23012.0,65300.0,3536.0,7265.0,20308.0,20565.0,29007.0,7332.0,77713677.0,8896981899.0,8974695576.0
SF_winter_stagnation,0.767,0.671,0.8,0.625,31134.0,54805.0,5263.0,8448.0,19771.0,20061.0,28008.0,10422.0,77713937.0,8876080879.0,8953794815.0
SF_winter_stagnation,0.7,0.671,0.8,0.712,28427.0,54805.0,5263.0,9631.0,21296.0,20157.0,27894.0,10687.0,77720740.0,8959934765.0,9037655505.0
SF_winter_stagnation,0.7,0.714,0.625,0.538,28427.0,58303.0,4112.0,7265.0,21314.0,20326.0,27955.0,10414.0,77725222.0,8955195070.0,9032920293.0
SF_winter_stagnation,0.733,0.714,0.45,0.625,29781.0,58303.0,2960.0,8448.0,19929.0,20380.0,27769.0,10896.0,77727667.0,8873255730.0,8950983396.0
SF_winter_stagnation,0.7,0.736,0.45,0.538,28427.0,60052.0,2960.0,7265.0,20716.0,20501.0,27972.0,10273.0,77740411.0,8916556663.0,8994297074.0
SF_winter_stagnation,0.533,0.8,0.625,0.538,21659.0,65300.0,4112.0,7265.0,21086.0,20100.0,29190.0,7170.0,77744240.0,8942652679.0,9020396919.0
SF_winter_stagnation,0.8,0.736,0.538,0.625,32488.0,60052.0,3536.0,8448.0,14897.0,20581.0,28626.0,8447.0,77768501.0,8599371328.0,8677139829.0
SF_winter_stagnation,0.8,0.65,0.625,0.8,32488.0,53056.0,4112.0,10813.0,18952.0,20215.0,28927.0,7859.0,77773044.0,8825292272.0,8903065316.0
SF_winter_stagnation,0.8,0.671,0.625,0.8,32488.0,54805.0,4112.0,10813.0,17203.0,20215.0,28930.0,7859.0,77779536.0,8729092090.0,8806871627.0
SF_winter_stagnation,0.567,0.8,0.45,0.712,23012.0,65300.0,2960.0,9631.0,18518.0,20666.0,28919.0,7596.0,77779927.0,8795663891.0,8873443817.0
SF_winter_stagnation,0.767,0.693,0.538,0.625,31134.0,56554.0,3536.0,8448.0,19749.0,20102.0,28032.0,10417.0,77781152.0,8866223357.0,8944004509.0
SF_winter_stagnation,0.567,0.8,0.8,0.538,23012.0,65300.0,5263.0,7265.0,18581.0,20562.0,29033.0,7359.0,77786623.0,8810639239.0,8888425862.0
SF_winter_stagnation,0.7,0.693,0.538,0.712,28427.0,56554.0,3536.0,9631.0,21273.0,20198.0,27917.0,10682.0,77787956.0,8950077243.0,9027865199.0
SF_winter_stagnation,0.633,0.714,0.8,0.712,25720.0,58303.0,5263.0,9631.0,20505.0,20253.0,27065.0,13048.0,77821381.0,8916437736.0,8994259117.0
SF_winter_stagnation,0.767,0.671,0.538,0.712,31134.0,54805.0,3536.0,9631.0,20315.0,20147.0,28144.0,10150.0,77835773.0,8897374091.0,8975209864.0
SF_winter_stagnation,0.5,0.8,0.625,0.712,20305.0,65300.0,4112.0,9631.0,20074.0,20211.0,29101.0,7466.0,77840151.0,8887005451.0,8964845602.0
SF_winter_stagnation,0.767,0.693,0.8,0.625,31134.0,56554.0,5263.0,8448.0,18022.0,20099.0,28057.0,10444.0,77854098.0,8779880698.0,8857734796.0
SF_winter_stagnation,0.733,0.714,0.538,0.538,29781.0,58303.0,3536.0,7265.0,20536.0,20361.0,28018.0,10386.0,77856200.0,8909524290.0,8987380490.0
SF_winter_stagnation,0.7,0.693,0.8,0.712,28427.0,56554.0,5263.0,9631.0,19546.0,20195.0,27943.0,10708.0,77860902.0,8863734583.0,8941595485.0
SF_winter_stagnation,0.8,0.693,0.625,0.8,32488.0,56554.0,4112.0,10813.0,15454.0,20253.0,28953.0,7881.0,77864087.0,8632891909.0,8710755996.0
SF_winter_stagnation,0.767,0.65,0.8,0.712,31134.0,53056.0,5263.0,9631.0,20337.0,20144.0,28166.0,10176.0,77902227.0,8907231612.0,8985133839.0
SF_winter_stagnation,0.767,0.671,0.8,0.712,31134.0,54805.0,5263.0,9631.0,18588.0,20144.0,28169.0,10176.0,77908719.0,8811031431.0,8888940150.0
SF_winter_stagnation,0.767,0.714,0.625,0.538,31134.0,58303.0,4112.0,7265.0,18607.0,20313.0,28230.0,9904.0,77913201.0,8806291737.0,8884204938.0
SF_winter_stagnation,0.567,0.8,0.625,0.45,23012.0,65300.0,4112.0,6083.0,20915.0,20471.0,29117.0,7360.0,77922107.0,8933250460.0,9011172566.0
SF_winter_stagnation,0.733,0.714,0.45,0.712,29781.0,58303.0,2960.0,9631.0,18746.0,20463.0,27930.0,10650.0,77922449.0,8808206282.0,8886128731.0
SF_winter_stagnation,0.767,0.693,0.712,0.45,31134.0,56554.0,4687.0,6083.0,20963.0,19990.0,28282.0,9988.0,77925517.0,8938760479.0,9016685996.0
SF_winter_stagnation,0.767,0.736,0.45,0.538,31134.0,60052.0,2960.0,7265.0,18009.0,20488.0,28248.0,9762.0,77928390.0,8767653329.0,8845581719.0
SF_winter_stagnation,0.733,0.714,0.8,0.538,29781.0,58303.0,5263.0,7265.0,18809.0,20358.0,28043.0,10413.0,77929146.0,8823181630.0,8901110776.0
SF_winter_stagnation,0.533,0.757,0.8,0.712,21659.0,61801.0,5263.0,9631.0,21068.0,19806.0,28854.0,8533.0,77932581.0,8947392373.0,9025324955.0
SF_winter_stagnation,0.7,0.714,0.538,0.625,28427.0,58303.0,3536.0,8448.0,20707.0,20354.0,27860.0,10928.0,77933630.0,8918926510.0,8996860140.0
SF_winter_stagnation,0.533,0.8,0.538,0.625,21659.0,65300.0,3536.0,8448.0,20479.0,20127.0,29095.0,7683.0,77952648.0,8906384118.0,8984336766.0
SF_winter_stagnation,0.667,0.693,0.8,0.8,27073.0,56554.0,5263.0,10813.0,19717.0,20165.0,28150.0,10278.0,77956459.0,8873136803.0,8951093262.0
SF_winter_stagnation,0.567,0.779,0.45,0.712,23012.0,63550.0,2960.0,9631.0,20267.0,20774.0,28854.0,7941.0,77961323.0,8891864072.0,8969825395.0
SF_winter_stagnation,0.8,0.736,0.712,0.45,32488.0,60052.0,4687.0,6083.0,16111.0,20468.0,28901.0,8018.0,77967404.0,8671908450.0,8749875854.0
SF_winter_stagnation,0.567,0.779,0.8,0.538,23012.0,63550.0,5263.0,7265.0,20330.0,20669.0,28968.0,7704.0,77968020.0,8906839420.0,8984807440.0
SF_winter_stagnation,0.767,0.693,0.538,0.712,31134.0,56554.0,3536.0,9631.0,18566.0,20185.0,28193.0,10171.0,77975934.0,8801173910.0,8879149844.0
SF_winter_stagnation,0.7,0.714,0.8,0.625,28427.0,58303.0,5263.0,8448.0,18980.0,20350.0,27886.0,10955.0,78006576.0,8832583850.0,8910590426.0
SF_winter_stagnation,0.8,0.714,0.712,0.8,32488.0,58303.0,4687.0,10813.0,13129.0,20496.0,28933.0,7965.0,78007536.0,8507910842.0,8585918378.0
SF_winter_stagnation,0.7,0.693,0.45,0.8,28427.0,56554.0,2960.0,10813.0,20666.0,20201.0,28194.0,10220.0,78022703.0,8913808683.0,8991831386.0
SF_winter_stagnation,0.533,0.8,0.8,0.625,21659.0,65300.0,5263.0,8448.0,18752.0,20124.0,29121.0,7710.0,78025594.0,8820041458.0,8898067053.0
SF_winter_stagnation,0.767,0.693,0.8,0.712,31134.0,56554.0,5263.0,9631.0,16839.0,20182.0,28218.0,10198.0,78048880.0,8714831250.0,8792880130.0
SF_winter_stagnation,0.733,0.714,0.625,0.45,29781.0,58303.0,4112.0,6083.0,21143.0,20267.0,28128.0,10414.0,78064629.0,8945792851.0,9023857480.0
SF_winter_stagnation,0.767,0.671,0.45,0.8,31134.0,54805.0,2960.0,10813.0,19708.0,20150.0,28421.0,9688.0,78070520.0,8861105530.0,8939176051.0
SF_winter_stagnation,0.667,0.736,0.625,0.538,27073.0,60052.0,4112.0,7265.0,20919.0,20464.0,28115.0,10333.0,78073499.0,8933446556.0,9011520055.0
SF_winter_stagnation,0.667,0.714,0.712,0.625,27073.0,58303.0,4687.0,8448.0,20909.0,20316.0,27894.0,11041.0,78074121.0,8935816403.0,9013890524.0
SF_winter_stagnation,0.733,0.736,0.45,0.45,29781.0,60052.0,2960.0,6083.0,20545.0,20443.0,28145.0,10273.0,78079818.0,8907154443.0,8985234261.0
SF_winter_stagnation,0.8,0.736,0.538,0.8,32488.0,60052.0,3536.0,10813.0,12531.0,20672.0,29009.0,7771.0,78109139.0,8469272434.0,8547381572.0
SF_winter_stagnation,0.767,0.671,0.625,0.625,31134.0,54805.0,4112.0,8448.0,20922.0,20061.0,28196.0,10424.0,78113268.0,8933642652.0,9011755920.0
SF_winter_stagnation,0.767,0.714,0.538,0.625,31134.0,58303.0,3536.0,8448.0,18000.0,20341.0,28136.0,10417.0,78121608.0,8770023176.0,8848144785.0
SF_winter_stagnation,0.7,0.714,0.538,0.712,28427.0,58303.0,3536.0,9631.0,19524.0,20437.0,28021.0,10682.0,78128412.0,8853877062.0,8932005475.0
SF_winter_stagnation,0.733,0.671,0.8,0.625,29781.0,54805.0,5263.0,8448.0,21125.0,20106.0,28008.0,10933.0,78129213.0,8950532545.0,9028661758.0
SF_winter_stagnation,0.533,0.8,0.538,0.712,21659.0,65300.0,3536.0,9631.0,19296.0,20210.0,29256.0,7437.0,78147430.0,8841334671.0,8919482101.0
SF_winter_stagnation,0.8,0.736,0.712,0.712,32488.0,60052.0,4687.0,9631.0,12563.0,20665.0,28836.0,8314.0,78154072.0,8476760108.0,8554914179.0
SF_winter_stagnation,0.8,0.736,0.625,0.8,32488.0,60052.0,4112.0,10813.0,11956.0,20668.0,29030.0,7799.0,78173764.0,8440491547.0,8518665311.0
SF_winter_stagnation,0.8,0.736,0.712,0.538,32488.0,60052.0,4687.0,7265.0,14928.0,20558.0,28978.0,8018.0,78176714.0,8606859003.0,8685035717.0
SF_winter_stagnation,0.567,0.757,0.8,0.625,23012.0,61801.0,5263.0,8448.0,20897.0,20185.0,28723.0,8970.0,78179513.0,8937990154.0,9016169668.0
SF_winter_stagnation,0.567,0.8,0.625,0.538,23012.0,65300.0,4112.0,7265.0,19732.0,20561.0,29220.0,7360.0,78185955.0,8868201012.0,8946386967.0
SF_winter_stagnation,0.767,0.693,0.712,0.538,31134.0,56554.0,4687.0,7265.0,19780.0,20080.0,28384.0,9988.0,78189365.0,8873711032.0,8951900397.0
SF_winter_stagnation,0.767,0.714,0.8,0.625,31134.0,58303.0,5263.0,8448.0,16273.0,20337.0,28161.0,10444.0,78194554.0,8683680516.0,8761875071.0
SF_winter_stagnation,0.8,0.736,0.625,0.625,32488.0,60052.0,4112.0,8448.0,14321.0,20577.0,28818.0,8476.0,78196162.0,8570590442.0,8648786604.0
SF_winter_stagnation,0.733,0.693,0.538,0.625,29781.0,56554.0,3536.0,8448.0,21102.0,20147.0,28032.0,10928.0,78196428.0,8940675024.0,9018871452.0
SF_winter_stagnation,0.5,0.757,0.8,0.8,20305.0,61801.0,5263.0,10813.0,21238.0,19819.0,29130.0,8103.0,78196990.0,8956794593.0,9034991583.0
SF_winter_stagnation,0.7,0.714,0.8,0.712,28427.0,58303.0,5263.0,9631.0,17797.0,20433.0,28047.0,10708.0,78201358.0,8767534402.0,8845735761.0
SF_winter_stagnation,0.8,0.736,0.712,0.625,32488.0,60052.0,4687.0,8448.0,13746.0,20582.0,28790.0,8560.0,78204819.0,8541809555.0,8620014374.0
SF_winter_stagnation,0.533,0.779,0.8,0.625,21659.0,63550.0,5263.0,8448.0,20501.0,20232.0,29056.0,8055.0,78206991.0,8916241640.0,8994448630.0
SF_winter_stagnation,0.767,0.693,0.45,0.8,31134.0,56554.0,2960.0,10813.0,17959.0,20188.0,28470.0,9709.0,78210682.0,8764905349.0,8843116031.0
SF_winter_stagnation,0.533,0.8,0.8,0.712,21659.0,65300.0,5263.0,9631.0,17569.0,20207.0,29281.0,7464.0,78220376.0,8754992011.0,8833212387.0
SF_winter_stagnation,0.667,0.714,0.538,0.8,27073.0,58303.0,3536.0,10813.0,19695.0,20406.0,28229.0,10251.0,78223970.0,8863279281.0,8941503251.0
SF_winter_stagnation,0.633,0.736,0.45,0.712,25720.0,60052.0,2960.0,9631.0,21058.0,20428.0,27269.0,12908.0,78235902.0,8935361101.0,9013597003.0
SF_winter_stagnation,0.633,0.736,0.8,0.538,25720.0,60052.0,5263.0,7265.0,21121.0,20324.0,27382.0,12670.0,78242598.0,8950336449.0,9028579048.0
SF_winter_stagnation,0.767,0.693,0.625,0.625,31134.0,56554.0,4112.0,8448.0,19173.0,20099.0,28245.0,10446.0,78253429.0,8837442471.0,8915695900.0
SF_winter_stagnation,0.7,0.693,0.625,0.712,28427.0,56554.0,4112.0,9631.0,20698.0,20194.0,28130.0,10710.0,78260233.0,8921296357.0,8999556590.0
SF_winter_stagnation,0.5,0.8,0.712,0.625,20305.0,65300.0,4687.0,8448.0,20681.0,20133.0,29198.0,7796.0,78261990.0,8923274012.0,9001536001.0
SF_winter_stagnation,0.767,0.714,0.712,0.45,31134.0,58303.0,4687.0,6083.0,19214.0,20228.0,28385.0,9988.0,78265974.0,8842560298.0,8920826272.0
SF_winter_stagnation,0.667,0.714,0.712,0.712,27073.0,58303.0,4687.0,9631.0,19727.0,20399.0,28055.0,10795.0,78268903.0,8870766956.0,8949035858.0
SF_winter_stagnation,0.733,0.693,0.8,0.625,29781.0,56554.0,5263.0,8448.0,19376.0,20144.0,28057.0,10955.0,78269374.0,8854332364.0,8932601739.0
SF_winter_stagnation,0.667,0.736,0.538,0.625,27073.0,60052.0,3536.0,8448.0,20312.0,20492.0,28021.0,10846.0,78281906.0,8897177995.0,8975459902.0
SF_winter_stagnation,0.7,0.736,0.538,0.45,28427.0,60052.0,3536.0,6083.0,21323.0,20417.0,28236.0,10305.0,78285781.0,8952825223.0,9031111005.0
SF_winter_stagnation,0.667,0.714,0.8,0.8,27073.0,58303.0,5263.0,10813.0,17968.0,20403.0,28254.0,10278.0,78296916.0,8776936622.0,8855233537.0
SF_winter_stagnation,0.6,0.736,0.712,0.8,24366.0,60052.0,4687.0,10813.0,19502.0,20442.0,28445.0,9727.0,78299359.0,8858420660.0,8936720019.0
SF_winter_stagnation,0.767,0.671,0.625,0.712,31134.0,54805.0,4112.0,9631.0,19739.0,20143.0,28356.0,10178.0,78308050.0,8868593205.0,8946901255.0
SF_winter_stagnation,0.767,0.714,0.8,0.712,31134.0,58303.0,5263.0,9631.0,15090.0,20420.0,28286.0,10198.0,78312024.0,8618631069.0,8696943093.0
SF_winter_stagnation,0.767,0.714,0.538,0.712,31134.0,58303.0,3536.0,9631.0,16817.0,20423.0,28297.0,10171.0,78316391.0,8704973729.0,8783290120.0
SF_winter_stagnation,0.733,0.671,0.8,0.712,29781.0,54805.0,5263.0,9631.0,19942.0,20189.0,28169.0,10687.0,78323995.0,8885483098.0,8963807093.0
SF_winter_stagnation,0.733,0.714,0.625,0.538,29781.0,58303.0,4112.0,7265.0,19960.0,20357.0,28230.0,10414.0,78328477.0,8880743404.0,8959071881.0
SF_winter_stagnation,0.533,0.779,0.538,0.712,21659.0,63550.0,3536.0,9631.0,21045.0,20318.0,29191.0,7782.0,78328827.0,8937534852.0,9015863679.0
SF_winter_stagnation,0.7,0.714,0.712,0.538,28427.0,58303.0,4687.0,7265.0,20738.0,20331.0,28212.0,10499.0,78341844.0,8926414184.0,9004756027.0
SF_winter_stagnation,0.733,0.736,0.45,0.538,29781.0,60052.0,2960.0,7265.0,19363.0,20533.0,28248.0,10273.0,78343666.0,8842104996.0,8920448662.0
SF_winter_stagnation,0.667,0.736,0.8,0.625,27073.0,60052.0,5263.0,8448.0,18585.0,20489.0,28046.0,10873.0,78354852.0,8810835335.0,8889190188.0
SF_winter_stagnation,0.667,0.693,0.625,0.8,27073.0,56554.0,4112.0,10813.0,20869.0,20164.0,28337.0,10280.0,78355791.0,8930698576.0,9009054367.0
SF_winter_stagnation,0.7,0.736,0.8,0.45,28427.0,60052.0,5263.0,6083.0,19596.0,20414.0,28261.0,10331.0,78358727.0,8866482563.0,8944841291.0
SF_winter_stagnation,0.533,0.8,0.712,0.538,21659.0,65300.0,4687.0,7265.0,20510.0,20105.0,29447.0,7254.0,78360862.0,8913871792.0,8992232654.0
SF_winter_stagnation,0.7,0.714,0.45,0.8,28427.0,58303.0,2960.0,10813.0,18917.0,20439.0,28298.0,10220.0,78363160.0,8817608501.0,8895971661.0
SF_winter_stagnation,0.567,0.757,0.8,0.712,23012.0,61801.0,5263.0,9631.0,19714.0,20268.0,28884.0,8724.0,78374296.0,8872940707.0,8951315002.0
SF_winter_stagnation,0.533,0.8,0.45,0.8,21659.0,65300.0,2960.0,10813.0,18689.0,20213.0,29533.0,6975.0,78382178.0,8805066110.0,8883448288.0
SF_winter_stagnation,0.8,0.65,0.712,0.8,32488.0,53056.0,4687.0,10813.0,18377.0,20220.0,29185.0,7943.0,78389665.0,8796511385.0,8874901050.0
SF_winter_stagnation,0.733,0.693,0.538,0.712,29781.0,56554.0,3536.0,9631.0,19920.0,20230.0,28193.0,10682.0,78391211.0,8875625577.0,8954016787.0
SF_winter_stagnation,0.567,0.8,0.538,0.625,23012.0,65300.0,3536.0,8448.0,19125.0,20589.0,29125.0,7874.0,78394362.0,8831932452.0,8910326814.0
SF_winter_stagnation,0.8,0.671,0.712,0.8,32488.0,54805.0,4687.0,10813.0,16627.0,20220.0,29188.0,7943.0,78396157.0,8700311204.0,8778707361.0
SF_winter_stagnation,0.533,0.779,0.8,0.712,21659.0,63550.0,5263.0,9631.0,19318.0,20315.0,29217.0,7809.0,78401773.0,8851192192.0,8929593965.0
SF_winter_stagnation,0.7,0.714,0.625,0.625,28427.0,58303.0,4112.0,8448.0,20131.0,20350.0,28073.0,10956.0,78405907.0,8890145623.0,8968551530.0
SF_winter_stagnation,0.5,0.8,0.538,0.8,20305.0,65300.0,3536.0,10813.0,19467.0,20223.0,29533.0,7007.0,78411839.0,8850736890.0,8929148729.0
SF_winter_stagnation,0.7,0.736,0.45,0.625,28427.0,60052.0,2960.0,8448.0,19533.0,20525.0,28090.0,10815.0,78421097.0,8851507215.0,8929928312.0
SF_winter_stagnation,0.533,0.8,0.625,0.625,21659.0,65300.0,4112.0,8448.0,19903.0,20123.0,29308.0,7712.0,78424925.0,8877603232.0,8956028157.0
SF_winter_stagnation,0.767,0.693,0.625,0.712,31134.0,56554.0,4112.0,9631.0,17990.0,20181.0,28406.0,10200.0,78448212.0,8772393023.0,8850841235.0
SF_winter_stagnation,0.5,0.8,0.712,0.712,20305.0,65300.0,4687.0,9631.0,19499.0,20216.0,29359.0,7550.0,78456772.0,8858224564.0,8936681336.0
SF_winter_stagnation,0.8,0.693,0.712,0.8,32488.0,56554.0,4687.0,10813.0,14878.0,20258.0,29200.0,7965.0,78459006.0,8604111023.0,8682570029.0
SF_winter_stagnation,0.733,0.693,0.8,0.712,29781.0,56554.0,5263.0,9631.0,18193.0,20227.0,28218.0,10708.0,78464157.0,8789282917.0,8867747073.0
SF_winter_stagnation,0.567,0.8,0.8,0.625,23012.0,65300.0,5263.0,8448.0,17398.0,20586.0,29151.0,7901.0,78467308.0,8745589792.0,8824057100.0
SF_winter_stagnation,0.767,0.736,0.538,0.45,31134.0,60052.0,3536.0,6083.0,18616.0,20404.0,28512.0,9794.0,78473760.0,8803921890.0,8882395650.0
SF_winter_stagnation,0.667,0.736,0.538,0.712,27073.0,60052.0,3536.0,9631.0,19129.0,20575.0,28182.0,10600.0,78476689.0,8832128548.0,8910605236.0
SF_winter_stagnation,0.5,0.8,0.8,0.8,20305.0,65300.0,5263.0,10813.0,17740.0,20220.0,29558.0,7034.0,78484785.0,8764394230.0,8842879015.0
SF_winter_stagnation,0.733,0.671,0.45,0.8,29781.0,54805.0,2960.0,10813.0,21062.0,20195.0,28421.0,10198.0,78485797.0,8935557197.0,9014042994.0
SF_winter_stagnation,0.633,0.693,0.8,0.8,25720.0,56554.0,5263.0,10813.0,21071.0,20023.0,27605.0,12617.0,78524890.0,8947588469.0,9026113360.0
SF_winter_stagnation,0.767,0.714,0.712,0.538,31134.0,58303.0,4687.0,7265.0,18031.0,20318.0,28488.0,9988.0,78529822.0,8777510850.0,8856040672.0
SF_winter_stagnation,0.567,0.757,0.45,0.8,23012.0,61801.0,2960.0,10813.0,20834.0,20274.0,29135.0,8235.0,78536097.0,8923014806.0,9001550903.0
SF_winter_stagnation,0.733,0.714,0.538,0.625,29781.0,58303.0,3536.0,8448.0,19353.0,20385.0,28136.0,10928.0,78536885.0,8844474843.0,8923011728.0
SF_winter_stagnation,0.567,0.8,0.712,0.45,23012.0,65300.0,4687.0,6083.0,20339.0,20476.0,29375.0,7445.0,78538728.0,8904469573.0,8983008301.0
SF_winter_stagnation,0.767,0.736,0.8,0.45,31134.0,60052.0,5263.0,6083.0,16889.0,20401.0,28537.0,9821.0,78546706.0,8717579230.0,8796125936.0
SF_winter_stagnation,0.7,0.736,0.538,0.538,28427.0,60052.0,3536.0,7265.0,20141.0,20507.0,28339.0,10305.0,78549629.0,8887775776.0,8966325405.0
SF_winter_stagnation,0.667,0.736,0.8,0.712,27073.0,60052.0,5263.0,9631.0,17402.0,20572.0,28207.0,10627.0,78549635.0,8745785888.0,8824335523.0
SF_winter_stagnation,0.767,0.714,0.45,0.8,31134.0,58303.0,2960.0,10813.0,16210.0,20426.0,28574.0,9709.0,78551138.0,8668705168.0,8747256306.0
SF_winter_stagnation,0.533,0.779,0.45,0.8,21659.0,63550.0,2960.0,10813.0,20438.0,20321.0,29468.0,7320.0,78563575.0,8901266291.0,8979829866.0
SF_winter_stagnation,0.567,0.779,0.538,0.625,23012.0,63550.0,3536.0,8448.0,20874.0,20696.0,29061.0,8219.0,78575759.0,8928132633.0,9006708392.0
SF_winter_stagnation,0.567,0.8,0.538,0.712,23012.0,65300.0,3536.0,9631.0,17943.0,20672.0,29286.0,7628.0,78589145.0,8766883004.0,8845472149.0
SF_winter_stagnation,0.5,0.779,0.538,0.8,20305.0,63550.0,3536.0,10813.0,21216.0,20331.0,29468.0,7352.0,78593235.0,8946937071.0,9025530307.0
SF_winter_stagnation,0.767,0.714,0.625,0.625,31134.0,58303.0,4112.0,8448.0,17424.0,20337.0,28349.0,10446.0,78593886.0,8741242290.0,8819836175.0
SF_winter_stagnation,0.7,0.714,0.625,0.712,28427.0,58303.0,4112.0,9631.0,18949.0,20433.0,28234.0,10710.0,78600690.0,8825096176.0,8903696865.0
SF_winter_stagnation,0.733,0.693,0.712,0.538,29781.0,56554.0,4687.0,7265.0,21134.0,20124.0,28384.0,10499.0,78604642.0,8948162698.0,9026767340.0
SF_winter_stagnation,0.767,0.736,0.45,0.625,31134.0,60052.0,2960.0,8448.0,16826.0,20512.0,28366.0,10304.0,78609075.0,8702603882.0,8781212957.0
SF_winter_stagnation,0.733,0.714,0.8,0.625,29781.0,58303.0,5263.0,8448.0,17626.0,20382.0,28161.0,10955.0,78609831.0,8758132183.0,8836742014.0
SF_winter_stagnation,0.7,0.736,0.45,0.712,28427.0,60052.0,2960.0,9631.0,18351.0,20608.0,28251.0,10569.0,78615879.0,8786457768.0,8865073646.0
SF_winter_stagnation,0.533,0.8,0.625,0.712,21659.0,65300.0,4112.0,9631.0,18721.0,20206.0,29469.0,7466.0,78619708.0,8812553784.0,8891173492.0
SF_winter_stagnation,0.7,0.736,0.8,0.538,28427.0,60052.0,5263.0,7265.0,18414.0,20503.0,28364.0,10331.0,78622575.0,8801433116.0,8880055691.0
SF_winter_stagnation,0.733,0.693,0.45,0.8,29781.0,56554.0,2960.0,10813.0,19313.0,20233.0,28470.0,10220.0,78625958.0,8839357016.0,8917982974.0
SF_winter_stagnation,0.5,0.779,0.712,0.712,20305.0,63550.0,4687.0,9631.0,21248.0,20324.0,29295.0,7895.0,78638168.0,8954424745.0,9033062914.0
SF_winter_stagnation,0.567,0.779,0.8,0.625,23012.0,63550.0,5263.0,8448.0,19147.0,20693.0,29086.0,8246.0,78648705.0,8841789973.0,8920438678.0
SF_winter_stagnation,0.567,0.8,0.8,0.712,23012.0,65300.0,5263.0,9631.0,16216.0,20668.0,29312.0,7655.0,78662091.0,8680540344.0,8759202435.0
SF_winter_stagnation,0.5,0.779,0.8,0.8,20305.0,63550.0,5263.0,10813.0,19489.0,20328.0,29493.0,7378.0,78666182.0,8860594411.0,8939260593.0
SF_winter_stagnation,0.733,0.693,0.625,0.625,29781.0,56554.0,4112.0,8448.0,20527.0,20143.0,28245.0,10956.0,78668706.0,8911894137.0,8990562843.0
SF_winter_stagnation,0.733,0.714,0.712,0.45,29781.0,58303.0,4687.0,6083.0,20567.0,20272.0,28385.0,10499.0,78681250.0,8917011965.0,8995693215.0
SF_winter_stagnation,0.7,0.693,0.712,0.625,28427.0,56554.0,4687.0,8448.0,21305.0,20116.0,28227.0,11041.0,78682072.0,8957564918.0,9036246990.0
SF_winter_stagnation,0.6,0.8,0.45,0.45,24366.0,65300.0,2960.0,6083.0,20713.0,20938.0,28585.0,9519.0,78684146.0,8916360566.0,8995044712.0
SF_winter_stagnation,0.667,0.736,0.712,0.538,27073.0,60052.0,4687.0,7265.0,20343.0,20469.0,28373.0,10417.0,78690120.0,8904665669.0,8983355789.0
SF_winter_stagnation,0.667,0.714,0.625,0.8,27073.0,58303.0,4112.0,10813.0,19120.0,20402.0,28441.0,10280.0,78696247.0,8834498395.0,8913194642.0
SF_winter_stagnation,0.767,0.714,0.8,0.8,31134.0,58303.0,5263.0,10813.0,13907.0,20428.0,28623.0,9768.0,78703410.0,8553581622.0,8632285031.0
SF_winter_stagnation,0.8,0.736,0.712,0.8,32488.0,60052.0,4687.0,10813.0,11380.0,20673.0,29248.0,7884.0,78704191.0,8411710660.0,8490414852.0
SF_winter_stagnation,0.667,0.736,0.45,0.8,27073.0,60052.0,2960.0,10813.0,18522.0,20578.0,28458.0,10138.0,78711436.0,8795859987.0,8874571423.0
SF_winter_stagnation,0.733,0.671,0.625,0.712,29781.0,54805.0,4112.0,9631.0,21093.0,20188.0,28356.0,10688.0,78723326.0,8943044871.0,9021768198.0
SF_winter_stagnation,0.767,0.671,0.712,0.625,31134.0,54805.0,4687.0,8448.0,20347.0,20065.0,28453.0,10509.0,78729889.0,8904861765.0,8983591654.0
SF_winter_stagnation,0.733,0.714,0.538,0.712,29781.0,58303.0,3536.0,9631.0,18171.0,20468.0,28297.0,10682.0,78731667.0,8779425396.0,8858157063.0
SF_winter_stagnation,0.767,0.736,0.538,0.538,31134.0,60052.0,3536.0,7265.0,17433.0,20494.0,28615.0,9794.0,78737608.0,8738872443.0,8817610050.0
SF_winter_stagnation,0.767,0.736,0.45,0.712,31134.0,60052.0,2960.0,9631.0,15643.0,20595.0,28501.0,10058.0,78748247.0,8637554434.0,8716302681.0
SF_winter_stagnation,0.667,0.736,0.625,0.625,27073.0,60052.0,4112.0,8448.0,19736.0,20488.0,28233.0,10875.0,78754184.0,8868397109.0,8947151292.0
SF_winter_stagnation,0.767,0.736,0.8,0.538,31134.0,60052.0,5263.0,7265.0,15706.0,20490.0,28614.0,9821.0,78754943.0,8652529783.0,8731284726.0
SF_winter_stagnation,0.7,0.736,0.625,0.45,28427.0,60052.0,4112.0,6083.0,20748.0,20413.0,28449.0,10333.0,78758059.0,8924044337.0,9002802395.0
SF_winter_stagnation,0.7,0.671,0.8,0.8,28427.0,54805.0,5263.0,10813.0,20113.0,20165.0,28537.0,10257.0,78764706.0,8894885317.0,8973650023.0
SF_winter_stagnation,0.567,0.779,0.538,0.712,23012.0,63550.0,3536.0,9631.0,19692.0,20779.0,29222.0,7973.0,78770541.0,8863083185.0,8941853727.0
SF_winter_stagnation,0.567,0.757,0.625,0.712,23012.0,61801.0,4112.0,9631.0,20865.0,20267.0,29071.0,8726.0,78773627.0,8930502480.0,9009276107.0
SF_winter_stagnation,0.767,0.714,0.625,0.712,31134.0,58303.0,4112.0,9631.0,16241.0,20420.0,28509.0,10200.0,78788668.0,8676192842.0,8754981510.0
SF_winter_stagnation,0.633,0.714,0.538,0.8,25720.0,58303.0,3536.0,10813.0,21049.0,20265.0,27683.0,12591.0,78792401.0,8937730948.0,9016523349.0
SF_winter_stagnation,0.533,0.779,0.625,0.712,21659.0,63550.0,4112.0,9631.0,20470.0,20314.0,29404.0,7810.0,78801104.0,8908753965.0,8987555070.0
SF_winter_stagnation,0.567,0.8,0.712,0.538,23012.0,65300.0,4687.0,7265.0,19157.0,20566.0,29477.0,7445.0,78802576.0,8839420126.0,8918222702.0
SF_winter_stagnation,0.733,0.714,0.8,0.712,29781.0,58303.0,5263.0,9631.0,16444.0,20465.0,28322.0,10708.0,78804613.0,8693082736.0,8771887349.0
SF_winter_stagnation,0.767,0.736,0.8,0.712,31134.0,60052.0,5263.0,9631.0,13341.0,20597.0,28511.0,10117.0,78816782.0,8522430888.0,8601247670.0
SF_winter_stagnation,0.567,0.8,0.45,0.8,23012.0,65300.0,2960.0,10813.0,17335.0,20674.0,29563.0,7166.0,78823892.0,8730614443.0,8809438336.0
SF_winter_stagnation,0.7,0.693,0.538,0.8,28427.0,56554.0,3536.0,10813.0,20091.0,20207.0,28561.0,10251.0,78831921.0,8885027796.0,8963859717.0
SF_winter_stagnation,0.633,0.714,0.712,0.712,25720.0,58303.0,4687.0,9631.0,21080.0,20257.0,27510.0,13134.0,78837334.0,8945218622.0,9024055956.0
SF_winter_stagnation,0.567,0.779,0.8,0.712,23012.0,63550.0,5263.0,9631.0,17965.0,20776.0,29247.0,7999.0,78843487.0,8776740526.0,8855584013.0
SF_winter_stagnation,0.733,0.693,0.625,0.712,29781.0,56554.0,4112.0,9631.0,19344.0,20226.0,28406.0,10710.0,78863488.0,8846844690.0,8925708178.0
SF_winter_stagnation,0.633,0.714,0.8,0.8,25720.0,58303.0,5263.0,10813.0,19322.0,20262.0,27709.0,12617.0,78865347.0,8851388288.0,8930253635.0
SF_winter_stagnation,0.567,0.8,0.625,0.625,23012.0,65300.0,4112.0,8448.0,18550.0,20585.0,29338.0,7902.0,78866640.0,8803151565.0,8882018205.0
SF_winter_stagnation,0.767,0.693,0.712,0.625,31134.0,56554.0,4687.0,8448.0,18597.0,20103.0,28502.0,10530.0,78870051.0,8808661584.0,8887531635.0
SF_winter_stagnation,0.767,0.65,0.538,0.8,31134.0,53056.0,3536.0,10813.0,20881.0,20156.0,28785.0,9719.0,78873246.0,8928524825.0,9007398071.0
SF_winter_stagnation,0.7,0.693,0.712,0.712,28427.0,56554.0,4687.0,9631.0,20122.0,20199.0,28388.0,10795.0,78876854.0,8892515470.0,8971392325.0
SF_winter_stagnation,0.767,0.671,0.538,0.8,31134.0,54805.0,3536.0,10813.0,19132.0,20156.0,28788.0,9719.0,78879738.0,8832324644.0,8911204382.0
SF_winter_stagnation,0.5,0.8,0.625,0.8,20305.0,65300.0,4112.0,10813.0,18892.0,20219.0,29745.0,7035.0,78884116.0,8821956004.0,8900840120.0
SF_winter_stagnation,0.733,0.736,0.538,0.45,29781.0,60052.0,3536.0,6083.0,19970.0,20448.0,28512.0,10305.0,78889036.0,8878373557.0,8957262593.0
SF_winter_stagnation,0.7,0.693,0.8,0.8,28427.0,56554.0,5263.0,10813.0,18364.0,20203.0,28586.0,10278.0,78904868.0,8798685136.0,8877590004.0
SF_winter_stagnation,0.767,0.65,0.712,0.712,31134.0,53056.0,4687.0,9631.0,20913.0,20148.0,28611.0,10262.0,78918179.0,8936012499.0,9014930679.0
SF_winter_stagnation,0.8,0.8,0.45,0.712,32488.0,65300.0,2960.0,9631.0,9042.0,21365.0,29155.0,7972.0,78921311.0,8274502224.0,8353423535.0
SF_winter_stagnation,0.633,0.736,0.8,0.625,25720.0,60052.0,5263.0,8448.0,19938.0,20347.0,27501.0,13212.0,78923283.0,8885287002.0,8964210285.0
SF_winter_stagnation,0.767,0.671,0.712,0.712,31134.0,54805.0,4687.0,9631.0,19164.0,20148.0,28614.0,10262.0,78924671.0,8839812318.0,8918736989.0
SF_winter_stagnation,0.8,0.8,0.8,0.538,32488.0,65300.0,5263.0,7265.0,9105.0,21261.0,29269.0,7735.0,78928008.0,8289477573.0,8368405580.0
SF_winter_stagnation,0.733,0.714,0.712,0.538,29781.0,58303.0,4687.0,7265.0,19385.0,20362.0,28488.0,10499.0,78945098.0,8851962517.0,8930907615.0
SF_winter_stagnation,0.767,0.736,0.625,0.45,31134.0,60052.0,4112.0,6083.0,18040.0,20400.0,28724.0,9822.0,78946037.0,8775141003.0,8854087040.0
SF_winter_stagnation,0.767,0.65,0.8,0.8,31134.0,53056.0,5263.0,10813.0,19155.0,20152.0,28810.0,9746.0,78946192.0,8842182165.0,8921128358.0
SF_winter_stagnation,0.6,0.8,0.45,0.538,24366.0,65300.0,2960.0,7265.0,19530.0,21028.0,28687.0,9519.0,78947994.0,8851311119.0,8930259113.0
SF_winter_stagnation,0.667,0.736,0.625,0.712,27073.0,60052.0,4112.0,9631.0,18553.0,20571.0,28394.0,10629.0,78948966.0,8803347661.0,8882296627.0
SF_winter_stagnation,0.767,0.671,0.8,0.8,31134.0,54805.0,5263.0,10813.0,17406.0,20152.0,28813.0,9746.0,78952684.0,8745981984.0,8824934668.0
SF_winter_stagnation,0.733,0.736,0.8,0.45,29781.0,60052.0,5263.0,6083.0,18243.0,20445.0,28537.0,10331.0,78961982.0,8792030897.0,8870992879.0
SF_winter_stagnation,0.733,0.714,0.45,0.8,29781.0,58303.0,2960.0,10813.0,17563.0,20471.0,28574.0,10220.0,78966415.0,8743156835.0,8822123249.0
SF_winter_stagnation,0.667,0.693,0.712,0.8,27073.0,56554.0,4687.0,10813.0,20293.0,20169.0,28595.0,10364.0,78972412.0,8901917689.0,8980890101.0
SF_winter_stagnation,0.533,0.757,0.8,0.8,21659.0,61801.0,5263.0,10813.0,19885.0,19814.0,29498.0,8103.0,78976547.0,8882342926.0,8961319473.0
SF_winter_stagnation,0.567,0.779,0.712,0.538,23012.0,63550.0,4687.0,7265.0,20906.0,20674.0,29413.0,7790.0,78983973.0,8935620307.0,9014604279.0
SF_winter_stagnation,0.567,0.779,0.45,0.8,23012.0,63550.0,2960.0,10813.0,19085.0,20782.0,29498.0,7511.0,79005289.0,8826814625.0,8905819913.0
SF_winter_stagnation,0.733,0.714,0.625,0.625,29781.0,58303.0,4112.0,8448.0,18778.0,20381.0,28349.0,10956.0,79009162.0,8815693956.0,8894703118.0
SF_winter_stagnation,0.767,0.693,0.538,0.8,31134.0,56554.0,3536.0,10813.0,17383.0,20193.0,28837.0,9741.0,79019900.0,8736124463.0,8815144362.0
SF_winter_stagnation,0.7,0.736,0.625,0.538,28427.0,60052.0,4112.0,7265.0,19565.0,20503.0,28551.0,10333.0,79021907.0,8858994889.0,8938016796.0
SF_winter_stagnation,0.7,0.714,0.712,0.625,28427.0,58303.0,4687.0,8448.0,19556.0,20355.0,28330.0,11041.0,79022529.0,8861364736.0,8940387265.0
SF_winter_stagnation,0.733,0.736,0.45,0.625,29781.0,60052.0,2960.0,8448.0,18180.0,20556.0,28366.0,10815.0,79024351.0,8777055548.0,8856079900.0
SF_winter_stagnation,0.767,0.693,0.8,0.8,31134.0,56554.0,5263.0,10813.0,15656.0,20190.0,28836.0,9768.0,79037235.0,8649781803.0,8728819038.0
SF_winter_stagnation,0.533,0.8,0.712,0.625,21659.0,65300.0,4687.0,8448.0,19328.0,20128.0,29565.0,7796.0,79041547.0,8848822345.0,8927863892.0
SF_winter_stagnation,0.633,0.736,0.538,0.712,25720.0,60052.0,3536.0,9631.0,20482.0,20433.0,27636.0,12939.0,79045120.0,8906580214.0,8985625334.0
SF_winter_stagnation,0.567,0.779,0.625,0.625,23012.0,63550.0,4112.0,8448.0,20299.0,20692.0,29273.0,8247.0,79048036.0,8899351746.0,8978399783.0
SF_winter_stagnation,0.567,0.8,0.625,0.712,23012.0,65300.0,4112.0,9631.0,17367.0,20668.0,29499.0,7656.0,79061422.0,8738102118.0,8817163540.0
SF_winter_stagnation,0.767,0.693,0.712,0.712,31134.0,56554.0,4687.0,9631.0,17415.0,20186.0,28663.0,10284.0,79064833.0,8743612137.0,8822676970.0
SF_winter_stagnation,0.5,0.779,0.625,0.8,20305.0,63550.0,4112.0,10813.0,20641.0,20327.0,29680.0,7380.0,79065513.0,8918156185.0,8997221698.0
SF_winter_stagnation,0.633,0.736,0.8,0.712,25720.0,60052.0,5263.0,9631.0,18756.0,20430.0,27662.0,12966.0,79118066.0,8820237555.0,8899355620.0
SF_winter_stagnation,0.6,0.779,0.45,0.538,24366.0,63550.0,2960.0,7265.0,21279.0,21136.0,28623.0,9864.0,79129391.0,8947511300.0,9026640691.0
SF_winter_stagnation,0.733,0.736,0.538,0.538,29781.0,60052.0,3536.0,7265.0,18787.0,20538.0,28615.0,10305.0,79152884.0,8813324109.0,8892476993.0
SF_winter_stagnation,0.7,0.671,0.625,0.8,28427.0,54805.0,4112.0,10813.0,21264.0,20165.0,28724.0,10258.0,79164037.0,8952447090.0,9031611128.0
SF_winter_stagnation,0.7,0.714,0.538,0.8,28427.0,58303.0,3536.0,10813.0,18342.0,20445.0,28665.0,10251.0,79172378.0,8788827615.0,8867999993.0
SF_winter_stagnation,0.533,0.8,0.538,0.8,21659.0,65300.0,3536.0,10813.0,18113.0,20218.0,29900.0,7007.0,79191396.0,8776285224.0,8855476619.0
SF_winter_stagnation,0.733,0.714,0.625,0.712,29781.0,58303.0,4112.0,9631.0,17595.0,20464.0,28509.0,10710.0,79203944.0,8750644509.0,8829848453.0
SF_winter_stagnation,0.767,0.736,0.625,0.538,31134.0,60052.0,4112.0,7265.0,16858.0,20490.0,28827.0,9822.0,79209885.0,8710091556.0,8789301441.0
SF_winter_stagnation,0.767,0.714,0.712,0.625,31134.0,58303.0,4687.0,8448.0,16848.0,20341.0,28606.0,10530.0,79210507.0,8712461403.0,8791671910.0
SF_winter_stagnation,0.7,0.714,0.712,0.712,28427.0,58303.0,4687.0,9631.0,18373.0,20437.0,28491.0,10795.0,79217311.0,8796315289.0,8875532600.0
SF_winter_stagnation,0.733,0.736,0.45,0.712,29781.0,60052.0,2960.0,9631.0,16997.0,20639.0,28527.0,10569.0,79219133.0,8712006101.0,8791225234.0
SF_winter_stagnation,0.533,0.779,0.712,0.625,21659.0,63550.0,4687.0,8448.0,21077.0,20236.0,29501.0,8141.0,79222943.0,8945022526.0,9024245470.0
SF_winter_stagnation,0.733,0.736,0.8,0.538,29781.0,60052.0,5263.0,7265.0,17060.0,20535.0,28640.0,10331.0,79225830.0,8726981449.0,8806207279.0
SF_winter_stagnation,0.7,0.736,0.538,0.625,28427.0,60052.0,3536.0,8448.0,18958.0,20530.0,28457.0,10846.0,79230315.0,8822726328.0,8901956643.0
SF_winter_stagnation,0.533,0.8,0.712,0.712,21659.0,65300.0,4687.0,9631.0,18145.0,20211.0,29726.0,7550.0,79236329.0,8783772898.0,8863009227.0
SF_winter_stagnation,0.567,0.779,0.625,0.712,23012.0,63550.0,4112.0,9631.0,19116.0,20775.0,29434.0,8001.0,79242819.0,8834302299.0,8913545117.0
SF_winter_stagnation,0.7,0.714,0.8,0.8,28427.0,58303.0,5263.0,10813.0,16615.0,20441.0,28690.0,10278.0,79245324.0,8702484955.0,8781730279.0
SF_winter_stagnation,0.533,0.8,0.8,0.8,21659.0,65300.0,5263.0,10813.0,16387.0,20215.0,29925.0,7034.0,79264342.0,8689942564.0,8769206906.0
SF_winter_stagnation,0.633,0.714,0.625,0.8,25720.0,58303.0,4112.0,10813.0,20473.0,20261.0,27896.0,12619.0,79264678.0,8908950062.0,8988214740.0
SF_winter_stagnation,0.633,0.736,0.45,0.8,25720.0,60052.0,2960.0,10813.0,19875.0,20436.0,27913.0,12477.0,79279867.0,8870311654.0,8949591521.0
SF_winter_stagnation,0.733,0.693,0.712,0.625,29781.0,56554.0,4687.0,8448.0,19951.0,20148.0,28502.0,11041.0,79285327.0,8883113251.0,8962398578.0
SF_winter_stagnation,0.733,0.671,0.538,0.8,29781.0,54805.0,3536.0,10813.0,20486.0,20200.0,28788.0,10230.0,79295015.0,8906776310.0,8986071325.0
SF_winter_stagnation,0.7,0.736,0.8,0.625,28427.0,60052.0,5263.0,8448.0,17231.0,20527.0,28482.0,10873.0,79303261.0,8736383669.0,8815686929.0
SF_winter_stagnation,0.7,0.693,0.625,0.8,28427.0,56554.0,4112.0,10813.0,19515.0,20203.0,28773.0,10280.0,79304199.0,8856246909.0,8935551108.0
SF_winter_stagnation,0.767,0.714,0.538,0.8,31134.0,58303.0,3536.0,10813.0,15634.0,20432.0,28915.0,9741.0,79304746.0,8639924281.0,8719229027.0
SF_winter_stagnation,0.667,0.714,0.712,0.8,27073.0,58303.0,4687.0,10813.0,18544.0,20407.0,28699.0,10364.0,79312868.0,8805717508.0,8885030377.0
SF_winter_stagnation,0.633,0.736,0.625,0.625,25720.0,60052.0,4112.0,8448.0,21090.0,20346.0,27688.0,13214.0,79322615.0,8942848775.0,9022171390.0
SF_winter_stagnation,0.733,0.671,0.712,0.712,29781.0,54805.0,4687.0,9631.0,20518.0,20193.0,28614.0,10773.0,79339948.0,8914263985.0,8993603932.0
SF_winter_stagnation,0.567,0.757,0.538,0.8,23012.0,61801.0,3536.0,10813.0,20258.0,20279.0,29502.0,8267.0,79345315.0,8894233919.0,8973579234.0
SF_winter_stagnation,0.767,0.65,0.625,0.8,31134.0,53056.0,4112.0,10813.0,20306.0,20152.0,28997.0,9748.0,79345524.0,8899743938.0,8979089462.0
SF_winter_stagnation,0.767,0.714,0.712,0.712,31134.0,58303.0,4687.0,9631.0,15666.0,20424.0,28741.0,10284.0,79349679.0,8647411956.0,8726761635.0
SF_winter_stagnation,0.8,0.8,0.8,0.712,32488.0,65300.0,5263.0,9631.0,6740.0,21367.0,29335.0,8031.0,79349886.0,8159378678.0,8238728564.0
SF_winter_stagnation,0.767,0.671,0.625,0.8,31134.0,54805.0,4112.0,10813.0,18557.0,20152.0,29000.0,9748.0,79352016.0,8803543757.0,8882895773.0
SF_winter_stagnation,0.8,0.8,0.45,0.538,32488.0,65300.0,2960.0,7265.0,11408.0,21258.0,29490.0,7676.0,79352826.0,8404601119.0,8483953945.0
SF_winter_stagnation,0.733,0.736,0.625,0.45,29781.0,60052.0,4112.0,6083.0,19394.0,20444.0,28724.0,10333.0,79361313.0,8849592670.0,8928953983.0
SF_winter_stagnation,0.733,0.65,0.8,0.8,29781.0,53056.0,5263.0,10813.0,20508.0,20197.0,28810.0,10257.0,79361469.0,8916633832.0,8995995300.0
SF_winter_stagnation,0.733,0.671,0.8,0.8,29781.0,54805.0,5263.0,10813.0,18759.0,20197.0,28813.0,10257.0,79367961.0,8820433651.0,8899801611.0
SF_winter_stagnation,0.667,0.736,0.712,0.625,27073.0,60052.0,4687.0,8448.0,19160.0,20493.0,28491.0,10959.0,79370805.0,8839616222.0,8918987027.0
SF_winter_stagnation,0.533,0.779,0.538,0.8,21659.0,63550.0,3536.0,10813.0,19863.0,20326.0,29835.0,7352.0,79372793.0,8872485405.0,8951858197.0
SF_winter_stagnation,0.7,0.736,0.712,0.45,28427.0,60052.0,4687.0,6083.0,20172.0,20418.0,28706.0,10417.0,79374680.0,8895263450.0,8974638130.0
SF_winter_stagnation,0.533,0.757,0.625,0.8,21659.0,61801.0,4112.0,10813.0,21036.0,19814.0,29685.0,8105.0,79375878.0,8939904699.0,9019280578.0
SF_winter_stagnation,0.567,0.757,0.712,0.712,23012.0,61801.0,4687.0,9631.0,20289.0,20272.0,29329.0,8810.0,79390248.0,8901721593.0,8981111842.0
SF_winter_stagnation,0.767,0.736,0.8,0.625,31134.0,60052.0,5263.0,8448.0,14524.0,20514.0,28722.0,10363.0,79413927.0,8587480335.0,8666894262.0
SF_winter_stagnation,0.533,0.779,0.712,0.712,21659.0,63550.0,4687.0,9631.0,19894.0,20319.0,29662.0,7895.0,79417726.0,8879973079.0,8959390804.0
SF_winter_stagnation,0.567,0.757,0.8,0.8,23012.0,61801.0,5263.0,10813.0,18531.0,20276.0,29528.0,8294.0,79418261.0,8807891259.0,8887309521.0
SF_winter_stagnation,0.767,0.736,0.538,0.625,31134.0,60052.0,3536.0,8448.0,16251.0,20517.0,28733.0,10336.0,79418293.0,8673822995.0,8753241288.0
SF_winter_stagnation,0.7,0.736,0.538,0.712,28427.0,60052.0,3536.0,9631.0,17775.0,20613.0,28618.0,10600.0,79425097.0,8757676881.0,8837101978.0
SF_winter_stagnation,0.733,0.693,0.538,0.8,29781.0,56554.0,3536.0,10813.0,18737.0,20238.0,28837.0,10251.0,79435176.0,8810576129.0,8890011305.0
SF_winter_stagnation,0.533,0.779,0.8,0.8,21659.0,63550.0,5263.0,10813.0,18136.0,20323.0,29861.0,7378.0,79445739.0,8786142745.0,8865588483.0
SF_winter_stagnation,0.7,0.736,0.8,0.712,28427.0,60052.0,5263.0,9631.0,16048.0,20610.0,28633.0,10627.0,79475268.0,8671334221.0,8750809489.0
SF_winter_stagnation,0.733,0.693,0.712,0.712,29781.0,56554.0,4687.0,9631.0,18768.0,20231.0,28663.0,10795.0,79480109.0,8818063803.0,8897543913.0
SF_winter_stagnation,0.567,0.8,0.712,0.625,23012.0,65300.0,4687.0,8448.0,17974.0,20590.0,29596.0,7987.0,79483261.0,8774370678.0,8853853939.0
SF_winter_stagnation,0.767,0.693,0.625,0.8,31134.0,56554.0,4112.0,10813.0,16808.0,20190.0,29049.0,9769.0,79492177.0,8707343576.0,8786835753.0
SF_winter_stagnation,0.6,0.8,0.538,0.45,24366.0,65300.0,3536.0,6083.0,20137.0,20943.0,28952.0,9551.0,79493364.0,8887579680.0,8967073044.0
SF_winter_stagnation,0.5,0.8,0.712,0.8,20305.0,65300.0,4687.0,10813.0,18316.0,20224.0,30003.0,7120.0,79500737.0,8793175117.0,8872675854.0
SF_winter_stagnation,0.767,0.736,0.8,0.8,31134.0,60052.0,5263.0,10813.0,12158.0,20605.0,28988.0,9686.0,79505181.0,8457381440.0,8536886622.0
SF_winter_stagnation,0.733,0.693,0.8,0.8,29781.0,56554.0,5263.0,10813.0,17010.0,20235.0,28862.0,10278.0,79508122.0,8724233469.0,8803741592.0
SF_winter_stagnation,0.633,0.736,0.625,0.712,25720.0,60052.0,4112.0,9631.0,19907.0,20429.0,27849.0,12968.0,79517397.0,8877799328.0,8957316725.0
SF_winter_stagnation,0.667,0.736,0.538,0.8,27073.0,60052.0,3536.0,10813.0,17946.0,20583.0,28825.0,10170.0,79520654.0,8767079100.0,8846599755.0
SF_winter_stagnation,0.6,0.757,0.45,0.712,24366.0,61801.0,2960.0,9631.0,20663.0,20734.0,28539.0,10884.0,79535666.0,8913612587.0,8993148253.0
SF_winter_stagnation,0.767,0.736,0.538,0.712,31134.0,60052.0,3536.0,9631.0,15068.0,20600.0,28857.0,10090.0,79535763.0,8608773548.0,8688309311.0
SF_winter_stagnation,0.6,0.757,0.8,0.538,24366.0,61801.0,5263.0,7265.0,20726.0,20629.0,28652.0,10647.0,79542363.0,8928587935.0,9008130298.0
SF_winter_stagnation,0.767,0.736,0.712,0.45,31134.0,60052.0,4687.0,6083.0,17465.0,20405.0,28982.0,9907.0,79562658.0,8746360117.0,8825922775.0
SF_winter_stagnation,0.667,0.736,0.712,0.712,27073.0,60052.0,4687.0,9631.0,17978.0,20576.0,28652.0,10713.0,79565587.0,8774566774.0,8854132362.0
SF_winter_stagnation,0.6,0.8,0.8,0.45,24366.0,65300.0,5263.0,6083.0,18410.0,20940.0,28977.0,9578.0,79566310.0,8801237020.0,8880803330.0
SF_winter_stagnation,0.8,0.8,0.45,0.45,32488.0,65300.0,2960.0,6083.0,12591.0,21168.0,29619.0,7676.0,79582824.0,8469650566.0,8549233391.0
SF_winter_stagnation,0.8,0.8,0.8,0.625,32488.0,65300.0,5263.0,8448.0,7923.0,21284.0,29378.0,8277.0,79590266.0,8224428125.0,8304018392.0
SF_winter_stagnation,0.667,0.736,0.8,0.8,27073.0,60052.0,5263.0,10813.0,16219.0,20580.0,28851.0,10197.0,79593600.0,8680736440.0,8760330041.0
SF_winter_stagnation,0.8,0.8,0.8,0.45,32488.0,65300.0,5263.0,6083.0,10288.0,21171.0,29617.0,7735.0,79624897.0,8354527020.0,8434151917.0
SF_winter_stagnation,0.733,0.736,0.625,0.538,29781.0,60052.0,4112.0,7265.0,18211.0,20534.0,28827.0,10333.0,79625161.0,8784543223.0,8864168384.0
SF_winter_stagnation,0.733,0.714,0.712,0.625,29781.0,58303.0,4687.0,8448.0,18202.0,20386.0,28606.0,11041.0,79625783.0,8786913070.0,8866538853.0
SF_winter_stagnation,0.6,0.8,0.45,0.625,24366.0,65300.0,2960.0,8448.0,18347.0,21052.0,28806.0,10061.0,79628679.0,8786261672.0,8865890351.0
SF_winter_stagnation,0.567,0.8,0.8,0.8,23012.0,65300.0,5263.0,10813.0,15033.0,20677.0,29919.0,7224.0,79628744.0,8615490897.0,8695119641.0
SF_winter_stagnation,0.567,0.8,0.538,0.8,23012.0,65300.0,3536.0,10813.0,16760.0,20680.0,29930.0,7198.0,79633110.0,8701833557.0,8781466667.0
SF_winter_stagnation,0.7,0.736,0.712,0.538,28427.0,60052.0,4687.0,7265.0,18989.0,20508.0,28809.0,10417.0,79638528.0,8830214003.0,8909852531.0
SF_winter_stagnation,0.7,0.714,0.625,0.8,28427.0,58303.0,4112.0,10813.0,17766.0,20441.0,28877.0,10280.0,79644655.0,8760046728.0,8839691383.0
SF_winter_stagnation,0.7,0.736,0.45,0.8,28427.0,60052.0,2960.0,10813.0,17168.0,20616.0,28895.0,10138.0,79659844.0,8721408320.0,8801068165.0
SF_winter_stagnation,0.533,0.8,0.625,0.8,21659.0,65300.0,4112.0,10813.0,17538.0,20214.0,30112.0,7035.0,79663673.0,8747504337.0,8827168010.0
SF_winter_stagnation,0.567,0.779,0.712,0.625,23012.0,63550.0,4687.0,8448.0,19723.0,20697.0,29531.0,8332.0,79664658.0,8870570860.0,8950235517.0
SF_winter_stagnation,0.567,0.8,0.712,0.712,23012.0,65300.0,4687.0,9631.0,16791.0,20673.0,29757.0,7741.0,79678043.0,8709321231.0,8788999274.0
SF_winter_stagnation,0.5,0.779,0.712,0.8,20305.0,63550.0,4687.0,10813.0,20065.0,20332.0,29938.0,7465.0,79682134.0,8889375298.0,8969057432.0
SF_winter_stagnation,0.8,0.8,0.45,0.625,32488.0,65300.0,2960.0,8448.0,10225.0,21282.0,29445.0,8218.0,79687266.0,8339551672.0,8419238938.0
SF_winter_stagnation,0.7,0.736,0.625,0.625,28427.0,60052.0,4112.0,8448.0,18382.0,20526.0,28669.0,10875.0,79702592.0,8793945442.0,8873648034.0
SF_winter_stagnation,0.8,0.8,0.538,0.712,32488.0,65300.0,3536.0,9631.0,8467.0,21370.0,29528.0,8004.0,79743313.0,8245721338.0,8325464651.0
SF_winter_stagnation,0.6,0.779,0.8,0.45,24366.0,63550.0,5263.0,6083.0,20159.0,21048.0,28912.0,9922.0,79747707.0,8897437201.0,8977184908.0
SF_winter_stagnation,0.767,0.714,0.625,0.8,31134.0,58303.0,4112.0,10813.0,15059.0,20428.0,29117.0,9769.0,79755321.0,8611143395.0,8690898716.0
SF_winter_stagnation,0.6,0.8,0.538,0.538,24366.0,65300.0,3536.0,7265.0,18954.0,21033.0,29055.0,9551.0,79757212.0,8822530232.0,8902287444.0
SF_winter_stagnation,0.733,0.671,0.625,0.8,29781.0,54805.0,4112.0,10813.0,19910.0,20196.0,29000.0,10258.0,79767292.0,8877995424.0,8957762716.0
SF_winter_stagnation,0.767,0.736,0.45,0.8,31134.0,60052.0,2960.0,10813.0,14461.0,20603.0,29134.0,9628.0,79770510.0,8572504987.0,8652275497.0
SF_winter_stagnation,0.733,0.714,0.538,0.8,29781.0,58303.0,3536.0,10813.0,16988.0,20476.0,28941.0,10251.0,79775633.0,8714375948.0,8794151581.0
SF_winter_stagnation,0.7,0.671,0.712,0.8,28427.0,54805.0,4687.0,10813.0,20688.0,20169.0,28982.0,10343.0,79780659.0,8923666204.0,9003446862.0
SF_winter_stagnation,0.733,0.714,0.8,0.8,29781.0,58303.0,5263.0,10813.0,15261.0,20473.0,28940.0,10278.0,79792968.0,8628033288.0,8707826256.0
SF_winter_stagnation,0.6,0.779,0.45,0.625,24366.0,63550.0,2960.0,8448.0,20096.0,21159.0,28741.0,10406.0,79810076.0,8882461853.0,8962271929.0
SF_winter_stagnation,0.567,0.779,0.538,0.8,23012.0,63550.0,3536.0,10813.0,18509.0,20787.0,29865.0,7542.0,79814507.0,8798033738.0,8877848245.0
SF_winter_stagnation,0.567,0.757,0.625,0.8,23012.0,61801.0,4112.0,10813.0,19682.0,20275.0,29715.0,8295.0,79817593.0,8865453033.0,8945270625.0
SF_winter_stagnation,0.733,0.714,0.712,0.712,29781.0,58303.0,4687.0,9631.0,17019.0,20469.0,28767.0,10795.0,79820566.0,8721863622.0,8801684188.0
SF_winter_stagnation,0.6,0.8,0.45,0.712,24366.0,65300.0,2960.0,9631.0,17164.0,21135.0,28967.0,9815.0,79823461.0,8721212224.0,8801035685.0
SF_winter_stagnation,0.767,0.736,0.712,0.538,31134.0,60052.0,4687.0,7265.0,16282.0,20494.0,29085.0,9907.0,79826506.0,8681310669.0,8761137176.0
SF_winter_stagnation,0.6,0.8,0.8,0.538,24366.0,65300.0,5263.0,7265.0,17227.0,21030.0,29080.0,9578.0,79830158.0,8736187573.0,8816017730.0
SF_winter_stagnation,0.733,0.736,0.538,0.625,29781.0,60052.0,3536.0,8448.0,17604.0,20562.0,28733.0,10846.0,79833569.0,8748274662.0,8828108231.0
SF_winter_stagnation,0.767,0.736,0.625,0.625,31134.0,60052.0,4112.0,8448.0,15675.0,20513.0,28919.0,10364.0,79834960.0,8645042109.0,8724877068.0
SF_winter_stagnation,0.533,0.779,0.625,0.8,21659.0,63550.0,4112.0,10813.0,19287.0,20322.0,30048.0,7380.0,79845070.0,8843704518.0,8923549588.0
SF_winter_stagnation,0.567,0.779,0.712,0.712,23012.0,63550.0,4687.0,9631.0,18540.0,20780.0,29692.0,8085.0,79859440.0,8805521412.0,8885380852.0
SF_winter_stagnation,0.633,0.714,0.712,0.8,25720.0,58303.0,4687.0,10813.0,19898.0,20266.0,28153.0,12703.0,79881299.0,8880169175.0,8960050474.0
SF_winter_stagnation,0.8,0.8,0.45,0.8,32488.0,65300.0,2960.0,10813.0,7860.0,21373.0,29760.0,7542.0,79882761.0,8209452777.0,8289335538.0
SF_winter_stagnation,0.733,0.736,0.8,0.625,29781.0,60052.0,5263.0,8448.0,15877.0,20559.0,28747.0,10873.0,79883740.0,8661932002.0,8741815742.0
SF_winter_stagnation,0.8,0.8,0.538,0.538,32488.0,65300.0,3536.0,7265.0,10832.0,21264.0,29727.0,7708.0,79884834.0,8375820232.0,8455705066.0
SF_winter_stagnation,0.567,0.779,0.8,0.8,23012.0,63550.0,5263.0,10813.0,16782.0,20784.0,29891.0,7569.0,79887453.0,8711691078.0,8791578531.0
SF_winter_stagnation,0.7,0.736,0.625,0.712,28427.0,60052.0,4112.0,9631.0,17200.0,20609.0,28830.0,10629.0,79897374.0,8728895994.0,8808793369.0
SF_winter_stagnation,0.733,0.693,0.625,0.8,29781.0,56554.0,4112.0,10813.0,18161.0,20234.0,29049.0,10280.0,79907453.0,8781795243.0,8861702696.0
SF_winter_stagnation,0.7,0.693,0.712,0.8,28427.0,56554.0,4687.0,10813.0,18939.0,20207.0,29031.0,10364.0,79920820.0,8827466023.0,8907386843.0
SF_winter_stagnation,0.767,0.736,0.538,0.8,31134.0,60052.0,3536.0,10813.0,13885.0,20608.0,29195.0,9660.0,79927148.0,8543724100.0,8623651248.0
SF_winter_stagnation,0.6,0.779,0.538,0.538,24366.0,63550.0,3536.0,7265.0,20703.0,21141.0,28990.0,9896.0,79938609.0,8918730414.0,8998669022.0
SF_winter_stagnation,0.633,0.736,0.712,0.625,25720.0,60052.0,4687.0,8448.0,20514.0,20351.0,27945.0,13298.0,79939236.0,8914067889.0,8994007125.0
SF_winter_stagnation,0.767,0.65,0.712,0.8,31134.0,53056.0,4687.0,10813.0,19730.0,20156.0,29255.0,9832.0,79962145.0,8870963052.0,8950925197.0
SF_winter_stagnation,0.6,0.8,0.625,0.45,24366.0,65300.0,4112.0,6083.0,19561.0,20939.0,29164.0,9579.0,79965641.0,8858798793.0,8938764434.0
SF_winter_stagnation,0.767,0.671,0.712,0.8,31134.0,54805.0,4687.0,10813.0,17981.0,20156.0,29258.0,9832.0,79968637.0,8774762871.0,8854731507.0
SF_winter_stagnation,0.767,0.736,0.712,0.712,31134.0,60052.0,4687.0,9631.0,13917.0,20601.0,29021.0,10203.0,79972081.0,8551211774.0,8631183856.0
SF_winter_stagnation,0.733,0.736,0.712,0.45,29781.0,60052.0,4687.0,6083.0,18818.0,20449.0,28982.0,10417.0,79977935.0,8820811783.0,8900789718.0
SF_winter_stagnation,0.8,0.8,0.538,0.45,32488.0,65300.0,3536.0,6083.0,12015.0,21174.0,29794.0,7708.0,79984391.0,8440869680.0,8520854070.0
SF_winter_stagnation,0.533,0.757,0.712,0.8,21659.0,61801.0,4687.0,10813.0,20460.0,19819.0,29942.0,8189.0,79992500.0,8911123813.0,8991116312.0
SF_winter_stagnation,0.667,0.736,0.625,0.8,27073.0,60052.0,4112.0,10813.0,17370.0,20579.0,29038.0,10198.0,79992932.0,8738298214.0,8818291145.0
SF_winter_stagnation,0.8,0.779,0.8,0.712,32488.0,63550.0,5263.0,9631.0,8489.0,21475.0,29489.0,8375.0,79997656.0,8255578859.0,8335576515.0
SF_winter_stagnation,0.6,0.779,0.45,0.712,24366.0,63550.0,2960.0,9631.0,18914.0,21242.0,28902.0,10160.0,80004858.0,8817412405.0,8897417263.0
SF_winter_stagnation,0.8,0.8,0.625,0.625,32488.0,65300.0,4112.0,8448.0,9074.0,21284.0,29574.0,8278.0,80008024.0,8281989898.0,8361997922.0
SF_winter_stagnation,0.767,0.736,0.625,0.712,31134.0,60052.0,4112.0,9631.0,14492.0,20596.0,29070.0,10118.0,80008040.0,8579992661.0,8660000701.0
SF_winter_stagnation,0.6,0.779,0.8,0.538,24366.0,63550.0,5263.0,7265.0,18977.0,21138.0,29015.0,9922.0,80011555.0,8832387754.0,8912399308.0
SF_winter_stagnation,0.733,0.736,0.8,0.712,29781.0,60052.0,5263.0,9631.0,14695.0,20642.0,28883.0,10627.0,80023985.0,8596882555.0,8676906540.0
SF_winter_stagnation,0.733,0.736,0.538,0.712,29781.0,60052.0,3536.0,9631.0,16421.0,20645.0,28894.0,10600.0,80028351.0,8683225214.0,8763253566.0
SF_winter_stagnation,0.8,0.8,0.8,0.8,32488.0,65300.0,5263.0,10813.0,5557.0,21375.0,29824.0,7600.0,80065359.0,8094329230.0,8174394589.0
SF_winter_stagnation,0.633,0.736,0.538,0.8,25720.0,60052.0,3536.0,10813.0,19300.0,20441.0,28280.0,12509.0,80089085.0,8841530767.0,8921619852.0
SF_winter_stagnation,0.567,0.8,0.625,0.8,23012.0,65300.0,4112.0,10813.0,16184.0,20676.0,30142.0,7226.0,80105388.0,8673052670.0,8753158058.0
SF_winter_stagnation,0.767,0.693,0.712,0.8,31134.0,56554.0,4687.0,10813.0,16232.0,20194.0,29307.0,9854.0,80108798.0,8678562689.0,8758671488.0
SF_winter_stagnation,0.8,0.8,0.625,0.712,32488.0,65300.0,4112.0,9631.0,7891.0,21366.0,29696.0,8032.0,80120291.0,8216940451.0,8297060742.0
SF_winter_stagnation,0.8,0.779,0.45,0.712,32488.0,63550.0,2960.0,9631.0,10792.0,21473.0,29574.0,8317.0,80132480.0,8370702405.0,8450834885.0
SF_winter_stagnation,0.633,0.736,0.712,0.712,25720.0,60052.0,4687.0,9631.0,19331.0,20434.0,28106.0,13052.0,80134018.0,8849018441.0,8929152459.0
SF_winter_stagnation,0.8,0.779,0.45,0.538,32488.0,63550.0,2960.0,7265.0,13157.0,21366.0,29707.0,8021.0,80134252.0,8500801300.0,8580935553.0
SF_winter_stagnation,0.8,0.779,0.8,0.538,32488.0,63550.0,5263.0,7265.0,10855.0,21368.0,29687.0,8080.0,80139177.0,8385677754.0,8465816930.0
SF_winter_stagnation,0.6,0.779,0.625,0.45,24366.0,63550.0,4112.0,6083.0,21310.0,21047.0,29100.0,9924.0,80147038.0,8954998974.0,9035146012.0
SF_winter_stagnation,0.6,0.757,0.538,0.625,24366.0,61801.0,3536.0,8448.0,21270.0,20656.0,28745.0,11162.0,80150102.0,8949881147.0,9030031249.0
SF_winter_stagnation,0.633,0.736,0.8,0.8,25720.0,60052.0,5263.0,10813.0,17573.0,20438.0,28305.0,12536.0,80162031.0,8755188107.0,8835350138.0
SF_winter_stagnation,0.733,0.736,0.45,0.8,29781.0,60052.0,2960.0,10813.0,15814.0,20647.0,29144.0,10138.0,80207489.0,8646956654.0,8727164142.0
SF_winter_stagnation,0.6,0.757,0.8,0.625,24366.0,61801.0,5263.0,8448.0,19543.0,20653.0,28770.0,11189.0,80223048.0,8863538487.0,8943761536.0
SF_winter_stagnation,0.6,0.8,0.625,0.538,24366.0,65300.0,4112.0,7265.0,18379.0,21029.0,29267.0,9579.0,80229489.0,8793749346.0,8873978835.0
SF_winter_stagnation,0.8,0.779,0.8,0.45,32488.0,63550.0,5263.0,6083.0,12037.0,21278.0,29755.0,8080.0,80238733.0,8450727201.0,8530965934.0
SF_winter_stagnation,0.733,0.736,0.712,0.538,29781.0,60052.0,4687.0,7265.0,17636.0,20539.0,29085.0,10417.0,80241783.0,8755762336.0,8836004119.0
SF_winter_stagnation,0.8,0.757,0.45,0.45,32488.0,61801.0,2960.0,6083.0,16089.0,20768.0,29638.0,8746.0,80247677.0,8662050929.0,8742298606.0
SF_winter_stagnation,0.733,0.714,0.625,0.8,29781.0,58303.0,4112.0,10813.0,16412.0,20472.0,29153.0,10280.0,80247910.0,8685595062.0,8765842971.0
SF_winter_stagnation,0.767,0.736,0.625,0.8,31134.0,60052.0,4112.0,10813.0,13309.0,20604.0,29342.0,9688.0,80260079.0,8514943214.0,8595203293.0
SF_winter_stagnation,0.7,0.714,0.712,0.8,28427.0,58303.0,4687.0,10813.0,17190.0,20446.0,29135.0,10364.0,80261277.0,8731265842.0,8811527118.0
SF_winter_stagnation,0.533,0.8,0.712,0.8,21659.0,65300.0,4687.0,10813.0,16962.0,20219.0,30370.0,7120.0,80280294.0,8718723450.0,8799003745.0
SF_winter_stagnation,0.567,0.779,0.625,0.8,23012.0,63550.0,4112.0,10813.0,17933.0,20783.0,30078.0,7571.0,80286784.0,8769252851.0,8849539636.0
SF_winter_stagnation,0.8,0.8,0.625,0.538,32488.0,65300.0,4112.0,7265.0,10257.0,21260.0,29907.0,7736.0,80288077.0,8347039346.0,8427327422.0
SF_winter_stagnation,0.8,0.779,0.45,0.625,32488.0,63550.0,2960.0,8448.0,11974.0,21390.0,29583.0,8563.0,80301103.0,8435751853.0,8516052955.0
SF_winter_stagnation,0.733,0.736,0.625,0.625,29781.0,60052.0,4112.0,8448.0,17029.0,20558.0,28945.0,10875.0,80305847.0,8719493775.0,8799799622.0
SF_winter_stagnation,0.7,0.736,0.712,0.625,28427.0,60052.0,4687.0,8448.0,17807.0,20531.0,28927.0,10959.0,80319213.0,8765164555.0,8845483768.0
SF_winter_stagnation,0.6,0.757,0.538,0.712,24366.0,61801.0,3536.0,9631.0,20087.0,20739.0,28906.0,10916.0,80344884.0,8884831700.0,8965176584.0
SF_winter_stagnation,0.8,0.8,0.625,0.45,32488.0,65300.0,4112.0,6083.0,11439.0,21170.0,29966.0,7736.0,80370474.0,8412088793.0,8492459267.0
SF_winter_stagnation,0.767,0.714,0.712,0.8,31134.0,58303.0,4687.0,10813.0,14483.0,20432.0,29375.0,9854.0,80371942.0,8582362508.0,8662734451.0
SF_winter_stagnation,0.733,0.65,0.712,0.8,29781.0,53056.0,4687.0,10813.0,21084.0,20201.0,29255.0,10343.0,80377421.0,8945414718.0,9025792140.0
SF_winter_stagnation,0.733,0.671,0.712,0.8,29781.0,54805.0,4687.0,10813.0,19335.0,20201.0,29258.0,10343.0,80383913.0,8849214537.0,8929598450.0
SF_winter_stagnation,0.6,0.779,0.625,0.538,24366.0,63550.0,4112.0,7265.0,20128.0,21137.0,29202.0,9924.0,80410886.0,8889949527.0,8970360413.0
SF_winter_stagnation,0.733,0.736,0.8,0.8,29781.0,60052.0,5263.0,10813.0,13512.0,20650.0,29220.0,10197.0,80415370.0,8531833107.0,8612248477.0
SF_winter_stagnation,0.6,0.757,0.8,0.712,24366.0,61801.0,5263.0,9631.0,18360.0,20736.0,28931.0,10943.0,80417830.0,8798489040.0,8878906870.0
SF_winter_stagnation,0.8,0.8,0.538,0.625,32488.0,65300.0,3536.0,8448.0,9650.0,21288.0,29777.0,8250.0,80421916.0,8310770785.0,8391192701.0
SF_winter_stagnation,0.8,0.757,0.8,0.45,32488.0,61801.0,5263.0,6083.0,13786.0,20770.0,29699.0,8804.0,80422723.0,8546927382.0,8627350106.0
SF_winter_stagnation,0.767,0.736,0.712,0.625,31134.0,60052.0,4687.0,8448.0,15099.0,20518.0,29167.0,10449.0,80429879.0,8616261222.0,8696691101.0
SF_winter_stagnation,0.567,0.757,0.712,0.8,23012.0,61801.0,4687.0,10813.0,19107.0,20280.0,29973.0,8380.0,80434214.0,8836672146.0,8917106360.0
SF_winter_stagnation,0.8,0.757,0.45,0.712,32488.0,61801.0,2960.0,9631.0,12541.0,20964.0,29573.0,9042.0,80434345.0,8466902587.0,8547336931.0
SF_winter_stagnation,0.6,0.8,0.538,0.625,24366.0,65300.0,3536.0,8448.0,17772.0,21057.0,29173.0,10093.0,80437897.0,8757480785.0,8837918682.0
SF_winter_stagnation,0.8,0.757,0.8,0.538,32488.0,61801.0,5263.0,7265.0,12604.0,20860.0,29686.0,8804.0,80441041.0,8481877935.0,8562318976.0
SF_winter_stagnation,0.8,0.757,0.45,0.538,32488.0,61801.0,2960.0,7265.0,14906.0,20858.0,29715.0,8746.0,80456988.0,8597001481.0,8677458469.0
SF_winter_stagnation,0.533,0.779,0.712,0.8,21659.0,63550.0,4687.0,10813.0,18711.0,20327.0,30305.0,7465.0,80461691.0,8814923631.0,8895385323.0
SF_winter_stagnation,0.7,0.736,0.8,0.8,28427.0,60052.0,5263.0,10813.0,14866.0,20618.0,29251.0,10197.0,80464696.0,8606284774.0,8686749470.0
SF_winter_stagnation,0.7,0.736,0.538,0.8,28427.0,60052.0,3536.0,10813.0,16592.0,20621.0,29262.0,10170.0,80469062.0,8692627434.0,8773096496.0
SF_winter_stagnation,0.8,0.757,0.8,0.712,32488.0,61801.0,5263.0,9631.0,10238.0,20966.0,29571.0,9100.0,80476418.0,8351779040.0,8432255458.0
SF_winter_stagnation,0.733,0.736,0.625,0.712,29781.0,60052.0,4112.0,9631.0,15846.0,20641.0,29096.0,10629.0,80477854.0,8654444328.0,8734922182.0
SF_winter_stagnation,0.8,0.757,0.45,0.625,32488.0,61801.0,2960.0,8448.0,13723.0,20881.0,29527.0,9288.0,80485092.0,8531952034.0,8612437126.0
SF_winter_stagnation,0.6,0.8,0.8,0.625,24366.0,65300.0,5263.0,8448.0,16045.0,21054.0,29187.0,10120.0,80488068.0,8671138125.0,8751626193.0
SF_winter_stagnation,0.7,0.736,0.712,0.712,28427.0,60052.0,4687.0,9631.0,16624.0,20614.0,29088.0,10713.0,80513995.0,8700115108.0,8780629103.0
SF_winter_stagnation,0.733,0.693,0.712,0.8,29781.0,56554.0,4687.0,10813.0,17586.0,20239.0,29307.0,10364.0,80524075.0,8753014356.0,8833538431.0
SF_winter_stagnation,0.6,0.757,0.712,0.538,24366.0,61801.0,4687.0,7265.0,21301.0,20633.0,29097.0,10733.0,80558316.0,8957368821.0,9037927137.0
SF_winter_stagnation,0.8,0.757,0.8,0.8,32488.0,61801.0,5263.0,10813.0,9055.0,20975.0,29764.0,8670.0,80559646.0,8286729593.0,8367289238.0
SF_winter_stagnation,0.633,0.736,0.625,0.8,25720.0,60052.0,4112.0,10813.0,18724.0,20437.0,28492.0,12538.0,80561363.0,8812749880.0,8893311243.0
SF_winter_stagnation,0.6,0.757,0.45,0.8,24366.0,61801.0,2960.0,10813.0,19480.0,20742.0,29183.0,10454.0,80579632.0,8848563139.0,8929142771.0
SF_winter_stagnation,0.8,0.8,0.538,0.8,32488.0,65300.0,3536.0,10813.0,7284.0,21379.0,30075.0,7574.0,80579908.0,8180671890.0,8261251798.0
SF_winter_stagnation,0.6,0.8,0.712,0.45,24366.0,65300.0,4687.0,6083.0,18986.0,20944.0,29422.0,9664.0,80582262.0,8830017907.0,8910600169.0
SF_winter_stagnation,0.667,0.736,0.712,0.8,27073.0,60052.0,4687.0,10813.0,16795.0,20584.0,29296.0,10283.0,80609553.0,8709517327.0,8790126880.0
SF_winter_stagnation,0.6,0.779,0.538,0.625,24366.0,63550.0,3536.0,8448.0,19521.0,21165.0,29108.0,10438.0,80619294.0,8853680966.0,8934300260.0
SF_winter_stagnation,0.6,0.757,0.625,0.625,24366.0,61801.0,4112.0,8448.0,20694.0,20652.0,28957.0,11191.0,80622379.0,8921100261.0,9001722640.0
SF_winter_stagnation,0.8,0.8,0.712,0.712,32488.0,65300.0,4687.0,9631.0,7316.0,21371.0,29901.0,8117.0,80624841.0,8188159564.0,8268784405.0
SF_winter_stagnation,0.8,0.757,0.8,0.625,32488.0,61801.0,5263.0,8448.0,11421.0,20884.0,29573.0,9346.0,80627881.0,8416828487.0,8497456368.0
SF_winter_stagnation,0.6,0.8,0.8,0.712,24366.0,65300.0,5263.0,9631.0,14862.0,21137.0,29323.0,9873.0,80628313.0,8606088678.0,8686716991.0
SF_winter_stagnation,0.6,0.8,0.538,0.712,24366.0,65300.0,3536.0,9631.0,16589.0,21140.0,29334.0,9847.0,80632679.0,8692431338.0,8773064017.0
SF_winter_stagnation,0.8,0.8,0.712,0.625,32488.0,65300.0,4687.0,8448.0,8498.0,21288.0,29838.0,8363.0,80637430.0,8253209012.0,8333846441.0
SF_winter_stagnation,0.8,0.779,0.45,0.45,32488.0,63550.0,2960.0,6083.0,14340.0,21276.0,29976.0,8021.0,80662331.0,8565850748.0,8646513079.0
SF_winter_stagnation,0.567,0.8,0.712,0.8,23012.0,65300.0,4687.0,10813.0,15609.0,20681.0,30374.0,7310.0,80666398.0,8644271784.0,8724938182.0
SF_winter_stagnation,0.8,0.779,0.8,0.625,32488.0,63550.0,5263.0,8448.0,9672.0,21392.0,29738.0,8621.0,80676259.0,8320628306.0,8401304565.0
SF_winter_stagnation,0.6,0.779,0.8,0.625,24366.0,63550.0,5263.0,8448.0,17794.0,21162.0,29133.0,10464.0,80692240.0,8767338306.0,8848030546.0
SF_winter_stagnation,0.8,0.8,0.712,0.45,32488.0,65300.0,4687.0,6083.0,10864.0,21175.0,30094.0,7821.0,80709885.0,8383307907.0,8464017791.0
SF_winter_stagnation,0.8,0.8,0.625,0.8,32488.0,65300.0,4112.0,10813.0,6709.0,21375.0,30137.0,7602.0,80732031.0,8151891004.0,8232623034.0
SF_winter_stagnation,0.6,0.779,0.712,0.45,24366.0,63550.0,4687.0,6083.0,20735.0,21052.0,29357.0,10009.0,80763659.0,8926218088.0,9006981747.0
SF_winter_stagnation,0.767,0.736,0.712,0.8,31134.0,60052.0,4687.0,10813.0,12734.0,20609.0,29550.0,9772.0,80770517.0,8486162327.0,8566932844.0
SF_winter_stagnation,0.6,0.779,0.538,0.712,24366.0,63550.0,3536.0,9631.0,18338.0,21248.0,29269.0,10191.0,80814076.0,8788631519.0,8869445595.0
SF_winter_stagnation,0.6,0.757,0.625,0.712,24366.0,61801.0,4112.0,9631.0,19511.0,20735.0,29118.0,10945.0,80817162.0,8856050813.0,8936867975.0
SF_winter_stagnation,0.8,0.779,0.538,0.45,32488.0,63550.0,3536.0,6083.0,13764.0,21281.0,30036.0,8053.0,80818969.0,8537069861.0,8617888830.0
SF_winter_stagnation,0.8,0.8,0.712,0.538,32488.0,65300.0,4687.0,7265.0,9681.0,21265.0,30129.0,7821.0,80830130.0,8318258459.0,8399088589.0
SF_winter_stagnation,0.8,0.779,0.8,0.8,32488.0,63550.0,5263.0,10813.0,7306.0,21483.0,30035.0,7945.0,80834251.0,8190529411.0,8271363662.0
SF_winter_stagnation,0.8,0.757,0.538,0.712,32488.0,61801.0,3536.0,9631.0,11965.0,20970.0,29749.0,9073.0,80835911.0,8438121700.0,8518957611.0
SF_winter_stagnation,0.8,0.779,0.538,0.538,32488.0,63550.0,3536.0,7265.0,12581.0,21371.0,30024.0,8053.0,80837287.0,8472020414.0,8552857701.0
SF_winter_stagnation,0.733,0.714,0.712,0.8,29781.0,58303.0,4687.0,10813.0,15837.0,20477.0,29400.0,10364.0,80841756.0,8656814175.0,8737655931.0
SF_winter_stagnation,0.6,0.8,0.45,0.8,24366.0,65300.0,2960.0,10813.0,15982.0,21143.0,29600.0,9385.0,80844652.0,8656162777.0,8737007429.0
SF_winter_stagnation,0.6,0.8,0.712,0.538,24366.0,65300.0,4687.0,7265.0,17803.0,21034.0,29525.0,9664.0,80846110.0,8764968459.0,8845814570.0
SF_winter_stagnation,0.8,0.779,0.538,0.712,32488.0,63550.0,3536.0,9631.0,10216.0,21478.0,29909.0,8349.0,80872663.0,8341921519.0,8422794182.0
SF_winter_stagnation,0.6,0.779,0.8,0.712,24366.0,63550.0,5263.0,9631.0,16611.0,21244.0,29294.0,10218.0,80887022.0,8702288859.0,8783175881.0
SF_winter_stagnation,0.8,0.779,0.45,0.8,32488.0,63550.0,2960.0,10813.0,9609.0,21481.0,30086.0,7887.0,80895192.0,8305652958.0,8386548150.0
SF_winter_stagnation,0.8,0.779,0.625,0.538,32488.0,63550.0,4112.0,7265.0,12006.0,21367.0,30045.0,8081.0,80901913.0,8443239527.0,8524141440.0
SF_winter_stagnation,0.567,0.779,0.712,0.8,23012.0,63550.0,4687.0,10813.0,17358.0,20788.0,30336.0,7655.0,80903405.0,8740471965.0,8821375370.0
SF_winter_stagnation,0.6,0.8,0.625,0.625,24366.0,65300.0,4112.0,8448.0,17196.0,21053.0,29385.0,10121.0,80910174.0,8728699898.0,8809610073.0
SF_winter_stagnation,0.7,0.736,0.625,0.8,28427.0,60052.0,4112.0,10813.0,16017.0,20617.0,29463.0,10198.0,80918565.0,8663846547.0,8744765112.0
SF_winter_stagnation,0.733,0.736,0.712,0.625,29781.0,60052.0,4687.0,8448.0,16453.0,20563.0,29203.0,10959.0,80922468.0,8690712889.0,8771635356.0
SF_winter_stagnation,0.8,0.779,0.538,0.8,32488.0,63550.0,3536.0,10813.0,9033.0,21486.0,30101.0,7918.0,80955891.0,8276872071.0,8357827963.0
SF_winter_stagnation,0.667,0.757,0.45,0.538,27073.0,61801.0,2960.0,7265.0,20321.0,20769.0,29110.0,11145.0,80970393.0,8894808148.0,8975778541.0
SF_winter_stagnation,0.8,0.757,0.45,0.8,32488.0,61801.0,2960.0,10813.0,11358.0,20972.0,29985.0,8611.0,80984464.0,8401853139.0,8482837604.0
SF_winter_stagnation,0.667,0.8,0.45,0.45,27073.0,65300.0,2960.0,6083.0,18005.0,21080.0,29435.0,10075.0,80994340.0,8767457233.0,8848451573.0
SF_winter_stagnation,0.8,0.779,0.712,0.712,32488.0,63550.0,4687.0,9631.0,9065.0,21479.0,29928.0,8461.0,81000824.0,8284359745.0,8365360570.0
SF_winter_stagnation,0.733,0.736,0.538,0.8,29781.0,60052.0,3536.0,10813.0,15239.0,20653.0,29511.0,10170.0,81016707.0,8618175767.0,8699192474.0
SF_winter_stagnation,0.6,0.8,0.8,0.8,24366.0,65300.0,5263.0,10813.0,13679.0,21145.0,29660.0,9443.0,81019698.0,8541039230.0,8622058929.0
SF_winter_stagnation,0.8,0.757,0.538,0.45,32488.0,61801.0,3536.0,6083.0,15513.0,20773.0,29990.0,8778.0,81024060.0,8633270042.0,8714294102.0
SF_winter_stagnation,0.8,0.779,0.538,0.625,32488.0,63550.0,3536.0,8448.0,11399.0,21395.0,29910.0,8595.0,81024126.0,8406970966.0,8487995092.0
SF_winter_stagnation,0.6,0.779,0.712,0.538,24366.0,63550.0,4687.0,7265.0,19552.0,21142.0,29460.0,10009.0,81027507.0,8861168640.0,8942196148.0
SF_winter_stagnation,0.6,0.779,0.45,0.8,24366.0,63550.0,2960.0,10813.0,17731.0,21250.0,29546.0,9729.0,81048824.0,8752362958.0,8833411782.0
SF_winter_stagnation,0.733,0.736,0.712,0.712,29781.0,60052.0,4687.0,9631.0,15270.0,20646.0,29338.0,10713.0,81061640.0,8625663441.0,8706725081.0
SF_winter_stagnation,0.6,0.8,0.625,0.712,24366.0,65300.0,4112.0,9631.0,16013.0,21136.0,29535.0,9875.0,81082182.0,8663650451.0,8744732633.0
SF_winter_stagnation,0.8,0.757,0.625,0.538,32488.0,61801.0,4112.0,7265.0,13755.0,20859.0,29989.0,8806.0,81085903.0,8539439708.0,8620525611.0
SF_winter_stagnation,0.6,0.779,0.625,0.625,24366.0,63550.0,4112.0,8448.0,18945.0,21161.0,29320.0,10466.0,81091571.0,8824900080.0,8905991651.0
SF_winter_stagnation,0.8,0.8,0.712,0.8,32488.0,65300.0,4687.0,10813.0,6133.0,21379.0,30284.0,7686.0,81112213.0,8123110117.0,8204222330.0
SF_winter_stagnation,0.8,0.779,0.625,0.45,32488.0,63550.0,4112.0,6083.0,13188.0,21278.0,30183.0,8081.0,81151900.0,8508288974.0,8589440874.0
SF_winter_stagnation,0.8,0.757,0.538,0.625,32488.0,61801.0,3536.0,8448.0,13148.0,20887.0,29829.0,9320.0,81154964.0,8503171147.0,8584326111.0
SF_winter_stagnation,0.667,0.779,0.45,0.45,27073.0,63550.0,2960.0,6083.0,19754.0,21187.0,29370.0,10420.0,81175737.0,8863657414.0,8944833151.0
SF_winter_stagnation,0.633,0.736,0.712,0.8,25720.0,60052.0,4687.0,10813.0,18149.0,20442.0,28750.0,12622.0,81177984.0,8783968994.0,8865146978.0
SF_winter_stagnation,0.767,0.8,0.8,0.625,31134.0,65300.0,5263.0,8448.0,9276.0,21221.0,29457.0,10165.0,81181172.0,8298879792.0,8380060964.0
SF_winter_stagnation,0.8,0.779,0.625,0.625,32488.0,63550.0,4112.0,8448.0,10823.0,21391.0,29992.0,8623.0,81219193.0,8378190080.0,8459409273.0
SF_winter_stagnation,0.8,0.757,0.625,0.712,32488.0,61801.0,4112.0,9631.0,11389.0,20966.0,29921.0,9102.0,81221994.0,8409340813.0,8490562808.0
SF_winter_stagnation,0.6,0.757,0.712,0.625,24366.0,61801.0,4687.0,8448.0,20119.0,20657.0,29215.0,11275.0,81239001.0,8892319374.0,8973558375.0
SF_winter_stagnation,0.667,0.8,0.45,0.538,27073.0,65300.0,2960.0,7265.0,16823.0,21170.0,29538.0,10075.0,81258188.0,8702407786.0,8783665974.0
SF_winter_stagnation,0.8,0.757,0.538,0.538,32488.0,61801.0,3536.0,7265.0,14330.0,20863.0,30083.0,8778.0,81266206.0,8568220595.0,8649486800.0
SF_winter_stagnation,0.8,0.779,0.625,0.712,32488.0,63550.0,4112.0,9631.0,9640.0,21474.0,30086.0,8377.0,81270373.0,8313140632.0,8394411005.0
SF_winter_stagnation,0.6,0.779,0.625,0.712,24366.0,63550.0,4112.0,9631.0,17762.0,21244.0,29481.0,10220.0,81286353.0,8759850632.0,8841136985.0
SF_winter_stagnation,0.767,0.8,0.8,0.712,31134.0,65300.0,5263.0,9631.0,8094.0,21304.0,29624.0,9919.0,81388739.0,8233830344.0,8315219083.0
SF_winter_stagnation,0.6,0.757,0.538,0.8,24366.0,61801.0,3536.0,10813.0,18904.0,20747.0,29550.0,10486.0,81388850.0,8819782252.0,8901171102.0
SF_winter_stagnation,0.767,0.8,0.45,0.45,31134.0,65300.0,2960.0,6083.0,13944.0,21105.0,29804.0,9565.0,81400834.0,8544102233.0,8625503067.0
SF_winter_stagnation,0.8,0.779,0.712,0.538,32488.0,63550.0,4687.0,7265.0,11430.0,21372.0,30262.0,8166.0,81432340.0,8414458640.0,8495890980.0
SF_winter_stagnation,0.6,0.757,0.712,0.712,24366.0,61801.0,4687.0,9631.0,18936.0,20740.0,29376.0,11029.0,81433783.0,8827269927.0,8908703710.0
SF_winter_stagnation,0.667,0.779,0.45,0.538,27073.0,63550.0,2960.0,7265.0,18572.0,21277.0,29473.0,10420.0,81439585.0,8798607967.0,8880047552.0
SF_winter_stagnation,0.8,0.779,0.625,0.8,32488.0,63550.0,4112.0,10813.0,8458.0,21482.0,30320.0,7947.0,81440953.0,8248091185.0,8329532138.0
SF_winter_stagnation,0.6,0.757,0.8,0.8,24366.0,61801.0,5263.0,10813.0,17177.0,20744.0,29575.0,10513.0,81461796.0,8733439593.0,8814901389.0
SF_winter_stagnation,0.733,0.736,0.625,0.8,29781.0,60052.0,4112.0,10813.0,14663.0,20649.0,29714.0,10198.0,81467282.0,8589394880.0,8670862162.0
SF_winter_stagnation,0.8,0.757,0.625,0.45,32488.0,61801.0,4112.0,6083.0,14938.0,20769.0,30192.0,8806.0,81474635.0,8604489155.0,8685963790.0
SF_winter_stagnation,0.767,0.8,0.45,0.712,31134.0,65300.0,2960.0,9631.0,10396.0,21302.0,29687.0,9861.0,81477009.0,8348953891.0,8430430900.0
SF_winter_stagnation,0.767,0.8,0.8,0.538,31134.0,65300.0,5263.0,7265.0,10459.0,21197.0,29801.0,9623.0,81483706.0,8363929239.0,8445412945.0
SF_winter_stagnation,0.767,0.8,0.45,0.538,31134.0,65300.0,2960.0,7265.0,12762.0,21195.0,29829.0,9565.0,81498664.0,8479052786.0,8560551450.0
SF_winter_stagnation,0.7,0.736,0.712,0.8,28427.0,60052.0,4687.0,10813.0,15441.0,20622.0,29706.0,10283.0,81502351.0,8635065660.0,8716568011.0
SF_winter_stagnation,0.667,0.757,0.538,0.45,27073.0,61801.0,3536.0,6083.0,20928.0,20684.0,29374.0,11177.0,81515763.0,8931076709.0,9012592472.0
SF_winter_stagnation,0.8,0.757,0.538,0.8,32488.0,61801.0,3536.0,10813.0,10782.0,20978.0,30222.0,8643.0,81516472.0,8373072252.0,8454588724.0
SF_winter_stagnation,0.8,0.757,0.625,0.625,32488.0,61801.0,4112.0,8448.0,12572.0,20883.0,29991.0,9348.0,81521058.0,8474390261.0,8555911319.0
SF_winter_stagnation,0.6,0.8,0.712,0.625,24366.0,65300.0,4687.0,8448.0,16620.0,21058.0,29643.0,10206.0,81526796.0,8699919012.0,8781445807.0
SF_winter_stagnation,0.767,0.8,0.45,0.8,31134.0,65300.0,2960.0,10813.0,9213.0,21310.0,29869.0,9430.0,81537756.0,8283904443.0,8365442200.0
SF_winter_stagnation,0.767,0.8,0.8,0.45,31134.0,65300.0,5263.0,6083.0,11642.0,21107.0,29850.0,9623.0,81543622.0,8428978687.0,8510522309.0
SF_winter_stagnation,0.8,0.757,0.712,0.712,32488.0,61801.0,4687.0,9631.0,10814.0,20970.0,30048.0,9186.0,81561405.0,8380559927.0,8462121332.0
SF_winter_stagnation,0.633,0.8,0.45,0.45,25720.0,65300.0,2960.0,6083.0,19359.0,20938.0,28889.0,12415.0,81562771.0,8841908900.0,8923471671.0
SF_winter_stagnation,0.8,0.757,0.712,0.538,32488.0,61801.0,4687.0,7265.0,13179.0,20864.0,30181.0,8890.0,81563177.0,8510658821.0,8592221999.0
SF_winter_stagnation,0.667,0.757,0.8,0.45,27073.0,61801.0,5263.0,6083.0,19201.0,20681.0,29400.0,11203.0,81588709.0,8844734049.0,8926322758.0
SF_winter_stagnation,0.767,0.8,0.45,0.625,31134.0,65300.0,2960.0,8448.0,11579.0,21219.0,29678.0,10107.0,81605991.0,8414003338.0,8495609329.0
SF_winter_stagnation,0.6,0.8,0.538,0.8,24366.0,65300.0,3536.0,10813.0,15406.0,21148.0,29951.0,9416.0,81621034.0,8627381890.0,8709002925.0
SF_winter_stagnation,0.667,0.757,0.45,0.625,27073.0,61801.0,2960.0,8448.0,19138.0,20793.0,29228.0,11687.0,81651078.0,8829758701.0,8911409779.0
SF_winter_stagnation,0.7,0.757,0.45,0.45,28427.0,61801.0,2960.0,6083.0,20150.0,20717.0,29444.0,11145.0,81654953.0,8885405929.0,8967060882.0
SF_winter_stagnation,0.8,0.779,0.712,0.45,32488.0,63550.0,4687.0,6083.0,12613.0,21282.0,30391.0,8166.0,81662338.0,8479508088.0,8561170425.0
SF_winter_stagnation,0.6,0.8,0.712,0.712,24366.0,65300.0,4687.0,9631.0,15438.0,21141.0,29778.0,9960.0,81665967.0,8634869564.0,8716535532.0
SF_winter_stagnation,0.6,0.779,0.712,0.625,24366.0,63550.0,4687.0,8448.0,18369.0,21166.0,29578.0,10550.0,81708192.0,8796119193.0,8877827385.0
SF_winter_stagnation,0.8,0.757,0.712,0.625,32488.0,61801.0,4687.0,8448.0,11997.0,20888.0,30058.0,9432.0,81730027.0,8445609374.0,8527339402.0
SF_winter_stagnation,0.633,0.779,0.45,0.45,25720.0,63550.0,2960.0,6083.0,21108.0,21046.0,28825.0,12759.0,81744168.0,8938109081.0,9019853249.0
SF_winter_stagnation,0.8,0.779,0.712,0.625,32488.0,63550.0,4687.0,8448.0,10247.0,21396.0,30218.0,8708.0,81766780.0,8349409193.0,8431175973.0
SF_winter_stagnation,0.767,0.8,0.625,0.712,31134.0,65300.0,4112.0,9631.0,9245.0,21303.0,29805.0,9921.0,81775286.0,8291392118.0,8373167404.0
SF_winter_stagnation,0.667,0.757,0.538,0.538,27073.0,61801.0,3536.0,7265.0,19745.0,20774.0,29477.0,11177.0,81779611.0,8866027261.0,8947806872.0
SF_winter_stagnation,0.667,0.8,0.8,0.712,27073.0,65300.0,5263.0,9631.0,12155.0,21278.0,29634.0,10430.0,81791014.0,8457185344.0,8538976358.0
SF_winter_stagnation,0.667,0.8,0.538,0.45,27073.0,65300.0,3536.0,6083.0,17430.0,21085.0,29802.0,10107.0,81803558.0,8738676346.0,8820479904.0
SF_winter_stagnation,0.667,0.8,0.8,0.45,27073.0,65300.0,5263.0,6083.0,15703.0,21082.0,29801.0,10134.0,81820894.0,8652333687.0,8734154580.0
SF_winter_stagnation,0.633,0.8,0.45,0.538,25720.0,65300.0,2960.0,7265.0,18176.0,21028.0,28992.0,12415.0,81826619.0,8776859452.0,8858686071.0
SF_winter_stagnation,0.767,0.757,0.45,0.45,31134.0,61801.0,2960.0,6083.0,17442.0,20704.0,29719.0,10635.0,81842932.0,8736502595.0,8818345527.0
SF_winter_stagnation,0.667,0.757,0.45,0.712,27073.0,61801.0,2960.0,9631.0,17955.0,20875.0,29389.0,11441.0,81845860.0,8764709253.0,8846555114.0
SF_winter_stagnation,0.667,0.757,0.8,0.538,27073.0,61801.0,5263.0,7265.0,18018.0,20771.0,29503.0,11203.0,81852557.0,8779684601.0,8861537159.0
SF_winter_stagnation,0.6,0.779,0.538,0.8,24366.0,63550.0,3536.0,10813.0,17155.0,21256.0,29913.0,9761.0,81858042.0,8723582071.0,8805440113.0
SF_winter_stagnation,0.6,0.757,0.625,0.8,24366.0,61801.0,4112.0,10813.0,18329.0,20743.0,29762.0,10514.0,81861127.0,8791001366.0,8872862493.0
SF_winter_stagnation,0.6,0.779,0.8,0.8,24366.0,63550.0,5263.0,10813.0,15428.0,21253.0,29912.0,9788.0,81875377.0,8637239411.0,8719114789.0
SF_winter_stagnation,0.667,0.8,0.45,0.625,27073.0,65300.0,2960.0,8448.0,15640.0,21193.0,29630.0,10617.0,81883263.0,8637358338.0,8719241601.0
SF_winter_stagnation,0.6,0.779,0.712,0.712,24366.0,63550.0,4687.0,9631.0,17187.0,21248.0,29739.0,10304.0,81902975.0,8731069745.0,8812972720.0
SF_winter_stagnation,0.7,0.757,0.45,0.538,28427.0,61801.0,2960.0,7265.0,18967.0,20807.0,29546.0,11145.0,81918801.0,8820356481.0,8902275283.0
SF_winter_stagnation,0.8,0.757,0.625,0.8,32488.0,61801.0,4112.0,10813.0,10207.0,20974.0,30402.0,8671.0,81919715.0,8344291366.0,8426211081.0
SF_winter_stagnation,0.733,0.736,0.712,0.8,29781.0,60052.0,4687.0,10813.0,14088.0,20654.0,29895.0,10283.0,81919977.0,8560613994.0,8642533971.0
SF_winter_stagnation,0.733,0.8,0.8,0.712,29781.0,65300.0,5263.0,9631.0,9447.0,21348.0,29688.0,10430.0,81939298.0,8308282011.0,8390221309.0
SF_winter_stagnation,0.7,0.8,0.45,0.45,28427.0,65300.0,2960.0,6083.0,16652.0,21118.0,29871.0,10075.0,81942748.0,8693005566.0,8774948315.0
SF_winter_stagnation,0.667,0.8,0.8,0.625,27073.0,65300.0,5263.0,8448.0,13337.0,21196.0,29640.0,10676.0,81951798.0,8522234792.0,8604186590.0
SF_winter_stagnation,0.8,0.779,0.712,0.8,32488.0,63550.0,4687.0,10813.0,7882.0,21487.0,30533.0,8031.0,81962274.0,8219310298.0,8301272573.0
SF_winter_stagnation,0.767,0.8,0.8,0.8,31134.0,65300.0,5263.0,10813.0,6911.0,21312.0,30049.0,9489.0,81966332.0,8168780897.0,8250747229.0
SF_winter_stagnation,0.767,0.8,0.538,0.538,31134.0,65300.0,3536.0,7265.0,12186.0,21200.0,30042.0,9597.0,81978987.0,8450271899.0,8532250886.0
SF_winter_stagnation,0.667,0.779,0.538,0.45,27073.0,63550.0,3536.0,6083.0,19179.0,21193.0,29737.0,10452.0,81984955.0,8834876528.0,8916861482.0
SF_winter_stagnation,0.667,0.757,0.625,0.45,27073.0,61801.0,4112.0,6083.0,20352.0,20680.0,29587.0,11205.0,81988040.0,8902295822.0,8984283863.0
SF_winter_stagnation,0.633,0.779,0.45,0.538,25720.0,63550.0,2960.0,7265.0,19925.0,21136.0,28927.0,12759.0,82008016.0,8873059634.0,8955067649.0
SF_winter_stagnation,0.667,0.8,0.45,0.712,27073.0,65300.0,2960.0,9631.0,14457.0,21276.0,29780.0,10371.0,82056343.0,8572308891.0,8654365234.0
SF_winter_stagnation,0.667,0.779,0.8,0.45,27073.0,63550.0,5263.0,6083.0,17452.0,21190.0,29763.0,10479.0,82057901.0,8748533868.0,8830591768.0
SF_winter_stagnation,0.667,0.8,0.8,0.538,27073.0,65300.0,5263.0,7265.0,14520.0,21172.0,29894.0,10134.0,82063040.0,8587284239.0,8669347279.0
SF_winter_stagnation,0.667,0.8,0.538,0.538,27073.0,65300.0,3536.0,7265.0,16247.0,21175.0,29905.0,10107.0,82067406.0,8673626899.0,8755694305.0
SF_winter_stagnation,0.767,0.8,0.538,0.45,31134.0,65300.0,3536.0,6083.0,13369.0,21110.0,30106.0,9597.0,82070705.0,8515321346.0,8597392052.0
SF_winter_stagnation,0.6,0.8,0.625,0.8,24366.0,65300.0,4112.0,10813.0,14831.0,21144.0,30154.0,9445.0,82071610.0,8598601004.0,8680672613.0
SF_winter_stagnation,0.8,0.757,0.712,0.45,32488.0,61801.0,4687.0,6083.0,14362.0,20774.0,30450.0,8890.0,82091256.0,8575708269.0,8657799525.0
SF_winter_stagnation,0.767,0.757,0.45,0.538,31134.0,61801.0,2960.0,7265.0,16260.0,20794.0,29822.0,10635.0,82106780.0,8671453148.0,8753559928.0
SF_winter_stagnation,0.667,0.779,0.45,0.625,27073.0,63550.0,2960.0,8448.0,17389.0,21301.0,29591.0,10962.0,82120270.0,8733558519.0,8815678789.0
SF_winter_stagnation,0.7,0.779,0.45,0.45,28427.0,63550.0,2960.0,6083.0,18401.0,21226.0,29806.0,10420.0,82124145.0,8789205748.0,8871329892.0
SF_winter_stagnation,0.7,0.8,0.45,0.538,28427.0,65300.0,2960.0,7265.0,15469.0,21208.0,29948.0,10075.0,82150986.0,8627956119.0,8710107105.0
SF_winter_stagnation,0.633,0.757,0.8,0.45,25720.0,61801.0,5263.0,6083.0,20555.0,20539.0,28854.0,13543.0,82157140.0,8919185716.0,9001342856.0
SF_winter_stagnation,0.767,0.8,0.538,0.712,31134.0,65300.0,3536.0,9631.0,9821.0,21307.0,30009.0,9893.0,82189178.0,8320173004.0,8402362182.0
SF_winter_stagnation,0.767,0.8,0.625,0.538,31134.0,65300.0,4112.0,7265.0,11610.0,21196.0,30140.0,9625.0,82206801.0,8421491012.0,8503697814.0
SF_winter_stagnation,0.7,0.8,0.45,0.712,28427.0,65300.0,2960.0,9631.0,13103.0,21315.0,29845.0,10371.0,82212824.0,8497857224.0,8580070049.0
SF_winter_stagnation,0.667,0.8,0.538,0.712,27073.0,65300.0,3536.0,9631.0,13882.0,21282.0,29841.0,10403.0,82212981.0,8543528004.0,8625740985.0
SF_winter_stagnation,0.733,0.8,0.45,0.712,29781.0,65300.0,2960.0,9631.0,11750.0,21346.0,29839.0,10371.0,82216050.0,8423405558.0,8505621607.0
SF_winter_stagnation,0.7,0.8,0.8,0.712,28427.0,65300.0,5263.0,9631.0,10801.0,21317.0,29826.0,10430.0,82217749.0,8382733678.0,8464951426.0
SF_winter_stagnation,0.633,0.757,0.45,0.625,25720.0,61801.0,2960.0,8448.0,20492.0,20651.0,28683.0,14026.0,82219509.0,8904210367.0,8986429876.0
SF_winter_stagnation,0.7,0.8,0.8,0.538,28427.0,65300.0,5263.0,7265.0,13166.0,21210.0,29958.0,10134.0,82219521.0,8512832573.0,8595052094.0
SF_winter_stagnation,0.767,0.779,0.45,0.712,31134.0,63550.0,2960.0,9631.0,12145.0,21409.0,29889.0,10206.0,82226633.0,8445154072.0,8527380705.0
SF_winter_stagnation,0.767,0.779,0.8,0.538,31134.0,63550.0,5263.0,7265.0,12208.0,21305.0,30003.0,9968.0,82233330.0,8460129420.0,8542362750.0
SF_winter_stagnation,0.667,0.779,0.538,0.538,27073.0,63550.0,3536.0,7265.0,17996.0,21283.0,29840.0,10452.0,82248803.0,8769827080.0,8852075883.0
SF_winter_stagnation,0.667,0.757,0.625,0.538,27073.0,61801.0,4112.0,7265.0,19170.0,20770.0,29690.0,11205.0,82251888.0,8837246375.0,8919498263.0
SF_winter_stagnation,0.767,0.757,0.45,0.712,31134.0,61801.0,2960.0,9631.0,13894.0,20901.0,29759.0,10930.0,82252354.0,8541354253.0,8623606607.0
SF_winter_stagnation,0.767,0.779,0.45,0.45,31134.0,63550.0,2960.0,6083.0,15693.0,21213.0,30056.0,9910.0,82256513.0,8640302414.0,8722558927.0
SF_winter_stagnation,0.733,0.757,0.45,0.45,29781.0,61801.0,2960.0,6083.0,18796.0,20749.0,29719.0,11145.0,82258208.0,8810954262.0,8893212470.0
SF_winter_stagnation,0.667,0.8,0.625,0.45,27073.0,65300.0,4112.0,6083.0,16854.0,21081.0,30014.0,10136.0,82275835.0,8709895460.0,8792171295.0
SF_winter_stagnation,0.667,0.8,0.45,0.8,27073.0,65300.0,2960.0,10813.0,13274.0,21284.0,30052.0,9941.0,82308382.0,8507259443.0,8589567825.0
SF_winter_stagnation,0.733,0.8,0.8,0.538,29781.0,65300.0,5263.0,7265.0,11813.0,21241.0,29993.0,10134.0,82308941.0,8438380906.0,8520689847.0
SF_winter_stagnation,0.667,0.779,0.45,0.712,27073.0,63550.0,2960.0,9631.0,16206.0,21384.0,29752.0,10716.0,82315052.0,8668509072.0,8750824124.0
SF_winter_stagnation,0.667,0.779,0.8,0.538,27073.0,63550.0,5263.0,7265.0,16269.0,21279.0,29865.0,10479.0,82321749.0,8683484420.0,8765806169.0
SF_winter_stagnation,0.767,0.779,0.8,0.45,31134.0,63550.0,5263.0,6083.0,13391.0,21215.0,30067.0,9968.0,82325048.0,8525178868.0,8607503916.0
SF_winter_stagnation,0.6,0.779,0.625,0.8,24366.0,63550.0,4112.0,10813.0,16580.0,21252.0,30125.0,9790.0,82330319.0,8694801185.0,8777131504.0
SF_winter_stagnation,0.633,0.757,0.538,0.538,25720.0,61801.0,3536.0,7265.0,21099.0,20632.0,28932.0,13516.0,82348042.0,8940478928.0,9022826970.0
SF_winter_stagnation,0.767,0.757,0.8,0.538,31134.0,61801.0,5263.0,7265.0,13957.0,20796.0,29914.0,10693.0,82348661.0,8556329601.0,8638678262.0
SF_winter_stagnation,0.767,0.8,0.538,0.8,31134.0,65300.0,3536.0,10813.0,8638.0,21315.0,30244.0,9462.0,82363007.0,8255123557.0,8337486564.0
SF_winter_stagnation,0.633,0.8,0.538,0.45,25720.0,65300.0,3536.0,6083.0,18783.0,20943.0,29257.0,12446.0,82371989.0,8813128013.0,8895500002.0
SF_winter_stagnation,0.7,0.8,0.8,0.625,28427.0,65300.0,5263.0,8448.0,11984.0,21234.0,29835.0,10676.0,82386371.0,8447783125.0,8530169496.0
SF_winter_stagnation,0.767,0.779,0.45,0.625,31134.0,63550.0,2960.0,8448.0,13328.0,21326.0,29895.0,10452.0,82387417.0,8510203519.0,8592590937.0
SF_winter_stagnation,0.7,0.779,0.45,0.538,28427.0,63550.0,2960.0,7265.0,17218.0,21316.0,29909.0,10420.0,82387993.0,8724156300.0,8806544293.0
SF_winter_stagnation,0.767,0.757,0.8,0.712,31134.0,61801.0,5263.0,9631.0,11592.0,20903.0,29804.0,10989.0,82395143.0,8426230707.0,8508625849.0
SF_winter_stagnation,0.767,0.8,0.712,0.712,31134.0,65300.0,4687.0,9631.0,8669.0,21308.0,30070.0,10005.0,82407940.0,8262611231.0,8345019171.0
SF_winter_stagnation,0.633,0.757,0.45,0.712,25720.0,61801.0,2960.0,9631.0,19309.0,20734.0,28844.0,13780.0,82414291.0,8839160920.0,8921575211.0
SF_winter_stagnation,0.767,0.8,0.538,0.625,31134.0,65300.0,3536.0,8448.0,11003.0,21224.0,30045.0,10139.0,82415209.0,8385222452.0,8467637661.0
SF_winter_stagnation,0.633,0.757,0.8,0.538,25720.0,61801.0,5263.0,7265.0,19372.0,20629.0,28957.0,13543.0,82420988.0,8854136268.0,8936557256.0
SF_winter_stagnation,0.767,0.779,0.8,0.712,31134.0,63550.0,5263.0,9631.0,9843.0,21411.0,29969.0,10264.0,82443521.0,8330030526.0,8412474046.0
SF_winter_stagnation,0.633,0.8,0.8,0.45,25720.0,65300.0,5263.0,6083.0,17056.0,20940.0,29282.0,12473.0,82444935.0,8726785353.0,8809230288.0
SF_winter_stagnation,0.667,0.779,0.625,0.45,27073.0,63550.0,4112.0,6083.0,18603.0,21189.0,29950.0,10480.0,82457232.0,8806095641.0,8888552873.0
SF_winter_stagnation,0.667,0.757,0.538,0.625,27073.0,61801.0,3536.0,8448.0,18562.0,20798.0,29595.0,11719.0,82460296.0,8800977814.0,8883438110.0
SF_winter_stagnation,0.8,0.757,0.712,0.8,32488.0,61801.0,4687.0,10813.0,9631.0,20979.0,30625.0,8756.0,82461768.0,8315510479.0,8397972247.0
SF_winter_stagnation,0.7,0.757,0.538,0.45,28427.0,61801.0,3536.0,6083.0,19574.0,20723.0,29811.0,11177.0,82464171.0,8856625042.0,8939089213.0
SF_winter_stagnation,0.667,0.779,0.8,0.712,27073.0,63550.0,5263.0,9631.0,13904.0,21386.0,29802.0,10774.0,82467323.0,8553385526.0,8635852849.0
SF_winter_stagnation,0.6,0.757,0.712,0.8,24366.0,61801.0,4687.0,10813.0,17753.0,20748.0,30020.0,10599.0,82477749.0,8762220479.0,8844698228.0
SF_winter_stagnation,0.667,0.8,0.625,0.538,27073.0,65300.0,4112.0,7265.0,15671.0,21171.0,30091.0,10136.0,82484073.0,8644846012.0,8727330085.0
SF_winter_stagnation,0.733,0.8,0.45,0.45,29781.0,65300.0,2960.0,6083.0,15298.0,21149.0,30121.0,10075.0,82490392.0,8618553900.0,8701044292.0
SF_winter_stagnation,0.767,0.779,0.45,0.538,31134.0,63550.0,2960.0,7265.0,14511.0,21303.0,30149.0,9910.0,82498659.0,8575252967.0,8657751626.0
SF_winter_stagnation,0.633,0.8,0.45,0.625,25720.0,65300.0,2960.0,8448.0,16994.0,21052.0,29110.0,12957.0,82507304.0,8711810005.0,8794317309.0
SF_winter_stagnation,0.667,0.8,0.8,0.8,27073.0,65300.0,5263.0,10813.0,10972.0,21287.0,30126.0,9999.0,82510287.0,8392135897.0,8474646184.0
SF_winter_stagnation,0.767,0.8,0.625,0.45,31134.0,65300.0,4112.0,6083.0,12793.0,21106.0,30306.0,9625.0,82516311.0,8486540460.0,8569056771.0
SF_winter_stagnation,0.733,0.757,0.45,0.538,29781.0,61801.0,2960.0,7265.0,17613.0,20838.0,29822.0,11145.0,82522056.0,8745904815.0,8828426871.0
SF_winter_stagnation,0.667,0.757,0.8,0.625,27073.0,61801.0,5263.0,8448.0,16836.0,20795.0,29621.0,11745.0,82533242.0,8714635154.0,8797168396.0
SF_winter_stagnation,0.7,0.757,0.8,0.45,28427.0,61801.0,5263.0,6083.0,17847.0,20719.0,29836.0,11203.0,82537117.0,8770282382.0,8852819500.0
SF_winter_stagnation,0.667,0.8,0.625,0.712,27073.0,65300.0,4112.0,9631.0,13306.0,21278.0,29988.0,10431.0,82545912.0,8514747118.0,8597293029.0
SF_winter_stagnation,0.633,0.779,0.538,0.45,25720.0,63550.0,3536.0,6083.0,20532.0,21051.0,29192.0,12791.0,82553386.0,8909328194.0,8991881580.0
SF_winter_stagnation,0.733,0.8,0.8,0.45,29781.0,65300.0,5263.0,6083.0,12995.0,21152.0,30131.0,10134.0,82558928.0,8503430353.0,8585989281.0
SF_winter_stagnation,0.767,0.8,0.625,0.625,31134.0,65300.0,4112.0,8448.0,10428.0,21220.0,30106.0,10167.0,82563722.0,8356441565.0,8439005287.0
SF_winter_stagnation,0.733,0.8,0.45,0.538,29781.0,65300.0,2960.0,7265.0,14115.0,21239.0,30137.0,10075.0,82568613.0,8553504452.0,8636073065.0
SF_winter_stagnation,0.7,0.757,0.45,0.625,28427.0,61801.0,2960.0,8448.0,17784.0,20831.0,29664.0,11687.0,82599486.0,8755307034.0,8837906520.0
SF_winter_stagnation,0.733,0.8,0.8,0.625,29781.0,65300.0,5263.0,8448.0,10630.0,21265.0,29929.0,10676.0,82602849.0,8373331458.0,8455934308.0
SF_winter_stagnation,0.667,0.757,0.712,0.45,27073.0,61801.0,4687.0,6083.0,19777.0,20685.0,29845.0,11290.0,82604662.0,8873514936.0,8956119597.0
SF_winter_stagnation,0.767,0.779,0.8,0.8,31134.0,63550.0,5263.0,10813.0,8660.0,21420.0,30205.0,9834.0,82617349.0,8264981078.0,8347598428.0
SF_winter_stagnation,0.733,0.8,0.45,0.625,29781.0,65300.0,2960.0,8448.0,12933.0,21263.0,29960.0,10617.0,82621297.0,8488455005.0,8571076302.0
SF_winter_stagnation,0.633,0.779,0.8,0.45,25720.0,63550.0,5263.0,6083.0,18806.0,21048.0,29217.0,12818.0,82626332.0,8822985534.0,8905611866.0
SF_winter_stagnation,0.633,0.8,0.538,0.538,25720.0,65300.0,3536.0,7265.0,17601.0,21033.0,29359.0,12446.0,82635837.0,8748078566.0,8830714403.0
SF_winter_stagnation,0.6,0.8,0.712,0.8,24366.0,65300.0,4687.0,10813.0,14255.0,21149.0,30390.0,9529.0,82643615.0,8569820117.0,8652463732.0
SF_winter_stagnation,0.633,0.8,0.45,0.712,25720.0,65300.0,2960.0,9631.0,15811.0,21135.0,29245.0,12710.0,82646476.0,8646760558.0,8729407034.0
SF_winter_stagnation,0.767,0.757,0.8,0.45,31134.0,61801.0,5263.0,6083.0,15140.0,20706.0,30076.0,10693.0,82647783.0,8621379049.0,8704026832.0
SF_winter_stagnation,0.767,0.757,0.538,0.45,31134.0,61801.0,3536.0,6083.0,16867.0,20710.0,30087.0,10666.0,82652150.0,8707721709.0,8790373858.0
SF_winter_stagnation,0.667,0.757,0.538,0.712,27073.0,61801.0,3536.0,9631.0,17380.0,20881.0,29756.0,11473.0,82655078.0,8735928367.0,8818583445.0
SF_winter_stagnation,0.767,0.779,0.538,0.538,31134.0,63550.0,3536.0,7265.0,13935.0,21308.0,30210.0,9942.0,82655297.0,8546472080.0,8629127377.0
SF_winter_stagnation,0.767,0.779,0.8,0.625,31134.0,63550.0,5263.0,8448.0,11025.0,21329.0,30006.0,10510.0,82669552.0,8395079973.0,8477749525.0
SF_winter_stagnation,0.667,0.8,0.538,0.625,27073.0,65300.0,3536.0,8448.0,15064.0,21199.0,29987.0,10649.0,82670779.0,8608577452.0,8691248230.0
SF_winter_stagnation,0.667,0.757,0.8,0.712,27073.0,61801.0,5263.0,9631.0,15653.0,20878.0,29755.0,11499.0,82672414.0,8649585707.0,8732258121.0
SF_winter_stagnation,0.633,0.8,0.8,0.538,25720.0,65300.0,5263.0,7265.0,15874.0,21030.0,29374.0,12473.0,82686008.0,8661735906.0,8744421914.0
SF_winter_stagnation,0.633,0.779,0.45,0.625,25720.0,63550.0,2960.0,8448.0,18743.0,21159.0,29046.0,13301.0,82688701.0,8808010186.0,8890698887.0
SF_winter_stagnation,0.767,0.757,0.45,0.625,31134.0,61801.0,2960.0,8448.0,15077.0,20818.0,29904.0,11176.0,82710152.0,8606403701.0,8689113853.0
SF_winter_stagnation,0.667,0.779,0.625,0.538,27073.0,63550.0,4112.0,7265.0,17420.0,21279.0,30053.0,10480.0,82721080.0,8741046194.0,8823767274.0
SF_winter_stagnation,0.733,0.779,0.45,0.45,29781.0,63550.0,2960.0,6083.0,17047.0,21257.0,30082.0,10420.0,82727399.0,8714754081.0,8797481480.0
SF_winter_stagnation,0.7,0.757,0.538,0.538,28427.0,61801.0,3536.0,7265.0,18391.0,20812.0,29913.0,11177.0,82728019.0,8791575595.0,8874303614.0
SF_winter_stagnation,0.7,0.8,0.538,0.45,28427.0,65300.0,3536.0,6083.0,16076.0,21123.0,30228.0,10107.0,82729191.0,8664224680.0,8746953871.0
SF_winter_stagnation,0.7,0.8,0.45,0.8,28427.0,65300.0,2960.0,10813.0,11921.0,21323.0,30247.0,9941.0,82742955.0,8432807777.0,8515550732.0
SF_winter_stagnation,0.7,0.8,0.8,0.45,28427.0,65300.0,5263.0,6083.0,14349.0,21120.0,30227.0,10134.0,82747600.0,8577882020.0,8660629620.0
SF_winter_stagnation,0.7,0.8,0.45,0.625,28427.0,65300.0,2960.0,8448.0,14286.0,21232.0,30035.0,10617.0,82765353.0,8562906672.0,8645672024.0
SF_winter_stagnation,0.767,0.757,0.8,0.625,31134.0,61801.0,5263.0,8448.0,12775.0,20820.0,29912.0,11235.0,82773718.0,8491280154.0,8574053872.0
SF_winter_stagnation,0.767,0.779,0.538,0.712,31134.0,63550.0,3536.0,9631.0,11570.0,21415.0,30142.0,10237.0,82791388.0,8416373185.0,8499164574.0
SF_winter_stagnation,0.7,0.757,0.45,0.712,28427.0,61801.0,2960.0,9631.0,16602.0,20914.0,29825.0,11441.0,82794269.0,8690257587.0,8773051855.0
SF_winter_stagnation,0.7,0.757,0.8,0.538,28427.0,61801.0,5263.0,7265.0,16665.0,20809.0,29939.0,11203.0,82800965.0,8705232935.0,8788033900.0
SF_winter_stagnation,0.767,0.8,0.712,0.45,31134.0,65300.0,4687.0,6083.0,12217.0,21111.0,30409.0,9710.0,82804037.0,8457759573.0,8540563611.0
SF_winter_stagnation,0.633,0.779,0.538,0.538,25720.0,63550.0,3536.0,7265.0,19350.0,21141.0,29295.0,12791.0,82817234.0,8844278747.0,8927095981.0
SF_winter_stagnation,0.633,0.757,0.625,0.538,25720.0,61801.0,4112.0,7265.0,20523.0,20628.0,29144.0,13544.0,82820319.0,8911698041.0,8994518361.0
SF_winter_stagnation,0.767,0.8,0.712,0.538,31134.0,65300.0,4687.0,7265.0,11035.0,21201.0,30397.0,9710.0,82823423.0,8392710126.0,8475533548.0
SF_winter_stagnation,0.767,0.8,0.625,0.8,31134.0,65300.0,4112.0,10813.0,8062.0,21311.0,30455.0,9491.0,82832036.0,8226342670.0,8309174706.0
SF_winter_stagnation,0.633,0.8,0.625,0.45,25720.0,65300.0,4112.0,6083.0,18208.0,20939.0,29469.0,12475.0,82844266.0,8784347127.0,8867191393.0
SF_winter_stagnation,0.733,0.8,0.8,0.8,29781.0,65300.0,5263.0,10813.0,8265.0,21356.0,30268.0,9999.0,82847981.0,8243232564.0,8326080545.0
SF_winter_stagnation,0.633,0.8,0.8,0.712,25720.0,65300.0,5263.0,9631.0,13508.0,21137.0,29321.0,12769.0,82854358.0,8531637011.0,8614491369.0
SF_winter_stagnation,0.767,0.757,0.538,0.538,31134.0,61801.0,3536.0,7265.0,15684.0,20799.0,30163.0,10666.0,82860387.0,8642672261.0,8725532649.0
SF_winter_stagnation,0.667,0.757,0.712,0.538,27073.0,61801.0,4687.0,7265.0,18594.0,20775.0,29947.0,11290.0,82868510.0,8808465488.0,8891333998.0
SF_winter_stagnation,0.633,0.779,0.45,0.712,25720.0,63550.0,2960.0,9631.0,17560.0,21242.0,29207.0,13055.0,82883483.0,8742960739.0,8825844222.0
SF_winter_stagnation,0.733,0.8,0.538,0.538,29781.0,65300.0,3536.0,7265.0,13540.0,21245.0,30274.0,10107.0,82889176.0,8524723566.0,8607612742.0
SF_winter_stagnation,0.667,0.757,0.45,0.8,27073.0,61801.0,2960.0,10813.0,16773.0,20884.0,30033.0,11010.0,82889826.0,8699659806.0,8782549632.0
SF_winter_stagnation,0.633,0.779,0.8,0.538,25720.0,63550.0,5263.0,7265.0,17623.0,21138.0,29320.0,12818.0,82890180.0,8757936087.0,8840826267.0
SF_winter_stagnation,0.667,0.8,0.712,0.45,27073.0,65300.0,4687.0,6083.0,16278.0,21086.0,30272.0,10220.0,82892457.0,8681114573.0,8764007030.0
SF_winter_stagnation,0.7,0.8,0.538,0.712,28427.0,65300.0,3536.0,9631.0,12528.0,21320.0,30162.0,10403.0,82915859.0,8469076338.0,8551992197.0
SF_winter_stagnation,0.767,0.757,0.538,0.712,31134.0,61801.0,3536.0,9631.0,13319.0,20906.0,30060.0,10962.0,82922226.0,8512573367.0,8595495592.0
SF_winter_stagnation,0.6,0.779,0.712,0.8,24366.0,63550.0,4687.0,10813.0,16004.0,21257.0,30372.0,9874.0,82924165.0,8666020298.0,8748944463.0
SF_winter_stagnation,0.667,0.779,0.8,0.625,27073.0,63550.0,5263.0,8448.0,15086.0,21303.0,29947.0,11021.0,82925121.0,8618434973.0,8701360094.0
SF_winter_stagnation,0.667,0.779,0.538,0.625,27073.0,63550.0,3536.0,8448.0,16813.0,21306.0,29958.0,10994.0,82929488.0,8704777633.0,8787707121.0
SF_winter_stagnation,0.667,0.757,0.625,0.625,27073.0,61801.0,4112.0,8448.0,17987.0,20794.0,29808.0,11747.0,82932574.0,8772196927.0,8855129501.0
SF_winter_stagnation,0.7,0.779,0.538,0.45,28427.0,63550.0,3536.0,6083.0,17825.0,21231.0,30174.0,10452.0,82933363.0,8760424861.0,8843358224.0
SF_winter_stagnation,0.7,0.757,0.625,0.45,28427.0,61801.0,4112.0,6083.0,18999.0,20719.0,30023.0,11205.0,82936449.0,8827844155.0,8910780604.0
SF_winter_stagnation,0.7,0.8,0.538,0.538,28427.0,65300.0,3536.0,7265.0,14893.0,21213.0,30305.0,10107.0,82938502.0,8599175232.0,8682113734.0
SF_winter_stagnation,0.767,0.779,0.45,0.8,31134.0,63550.0,2960.0,10813.0,10963.0,21417.0,30380.0,9775.0,82945907.0,8380104625.0,8463050531.0
SF_winter_stagnation,0.733,0.8,0.45,0.8,29781.0,65300.0,2960.0,10813.0,10567.0,21354.0,30342.0,9941.0,82959433.0,8358356110.0,8441315543.0
SF_winter_stagnation,0.7,0.8,0.538,0.625,28427.0,65300.0,3536.0,8448.0,13711.0,21237.0,30117.0,10649.0,82966607.0,8534125785.0,8617092392.0
SF_winter_stagnation,0.733,0.779,0.45,0.538,29781.0,63550.0,2960.0,7265.0,15864.0,21347.0,30174.0,10420.0,82968473.0,8649704634.0,8732673106.0
SF_winter_stagnation,0.7,0.8,0.8,0.8,28427.0,65300.0,5263.0,10813.0,9618.0,21325.0,30337.0,9999.0,82980461.0,8317684230.0,8400664691.0
SF_winter_stagnation,0.7,0.8,0.625,0.712,28427.0,65300.0,4112.0,9631.0,11952.0,21316.0,30183.0,10431.0,82980485.0,8440295451.0,8523275936.0
SF_winter_stagnation,0.7,0.779,0.8,0.45,28427.0,63550.0,5263.0,6083.0,16098.0,21228.0,30188.0,10479.0,82983534.0,8674082201.0,8757065735.0
SF_winter_stagnation,0.767,0.779,0.625,0.538,31134.0,63550.0,4112.0,7265.0,13359.0,21304.0,30357.0,9970.0,82988227.0,8517691194.0,8600679421.0
SF_winter_stagnation,0.667,0.8,0.538,0.8,27073.0,65300.0,3536.0,10813.0,12699.0,21290.0,30370.0,9973.0,83011416.0,8478478557.0,8561489973.0
SF_winter_stagnation,0.733,0.8,0.538,0.712,29781.0,65300.0,3536.0,9631.0,11174.0,21351.0,30206.0,10403.0,83025268.0,8394624671.0,8477649939.0
SF_winter_stagnation,0.633,0.779,0.625,0.45,25720.0,63550.0,4112.0,6083.0,19957.0,21047.0,29404.0,12819.0,83025663.0,8880547308.0,8963572971.0
SF_winter_stagnation,0.633,0.757,0.538,0.625,25720.0,61801.0,3536.0,8448.0,19916.0,20656.0,29050.0,14058.0,83028727.0,8875429481.0,8958458208.0
SF_winter_stagnation,0.767,0.779,0.538,0.45,31134.0,63550.0,3536.0,6083.0,15118.0,21218.0,30413.0,9942.0,83044029.0,8611521528.0,8694565556.0
SF_winter_stagnation,0.7,0.779,0.45,0.625,28427.0,63550.0,2960.0,8448.0,16035.0,21339.0,30017.0,10962.0,83045903.0,8659106853.0,8742152756.0
SF_winter_stagnation,0.767,0.757,0.45,0.8,31134.0,61801.0,2960.0,10813.0,12712.0,20909.0,30287.0,10500.0,83050790.0,8476304806.0,8559355596.0
SF_winter_stagnation,0.667,0.8,0.712,0.712,27073.0,65300.0,4687.0,9631.0,12730.0,21282.0,30196.0,10516.0,83056349.0,8485966231.0,8569022580.0
SF_winter_stagnation,0.733,0.757,0.538,0.45,29781.0,61801.0,3536.0,6083.0,18221.0,20754.0,30087.0,11177.0,83067426.0,8782173375.0,8865240801.0
SF_winter_stagnation,0.667,0.779,0.538,0.712,27073.0,63550.0,3536.0,9631.0,15631.0,21389.0,30093.0,10748.0,83068660.0,8639728185.0,8722796845.0
SF_winter_stagnation,0.667,0.779,0.712,0.45,27073.0,63550.0,4687.0,6083.0,18028.0,21194.0,30208.0,10565.0,83073853.0,8777314754.0,8860388608.0
SF_winter_stagnation,0.733,0.8,0.538,0.625,29781.0,65300.0,3536.0,8448.0,12357.0,21268.0,30160.0,10649.0,83074948.0,8459674118.0,8542749067.0
SF_winter_stagnation,0.667,0.8,0.625,0.8,27073.0,65300.0,4112.0,10813.0,12123.0,21286.0,30391.0,10001.0,83076042.0,8449697670.0,8532773712.0
SF_winter_stagnation,0.667,0.8,0.712,0.538,27073.0,65300.0,4687.0,7265.0,15096.0,21176.0,30339.0,10220.0,83078992.0,8616065126.0,8699144118.0
SF_winter_stagnation,0.767,0.8,0.712,0.625,31134.0,65300.0,4687.0,8448.0,9852.0,21225.0,30318.0,10251.0,83083294.0,8327660678.0,8410743973.0
SF_winter_stagnation,0.767,0.779,0.538,0.625,31134.0,63550.0,3536.0,8448.0,12752.0,21332.0,30212.0,10483.0,83090452.0,8481422633.0,8564513085.0
SF_winter_stagnation,0.633,0.757,0.8,0.625,25720.0,61801.0,5263.0,8448.0,18189.0,20653.0,29075.0,14085.0,83101673.0,8789086821.0,8872188494.0
SF_winter_stagnation,0.667,0.8,0.712,0.625,27073.0,65300.0,4687.0,8448.0,13913.0,21200.0,30151.0,10762.0,83107097.0,8551015678.0,8634122775.0
SF_winter_stagnation,0.633,0.8,0.625,0.538,25720.0,65300.0,4112.0,7265.0,17025.0,21029.0,29572.0,12475.0,83108114.0,8719297679.0,8802405793.0
SF_winter_stagnation,0.767,0.757,0.8,0.8,31134.0,61801.0,5263.0,10813.0,10409.0,20911.0,30296.0,10558.0,83115344.0,8361181259.0,8444296603.0
SF_winter_stagnation,0.767,0.757,0.625,0.45,31134.0,61801.0,4112.0,6083.0,16291.0,20706.0,30299.0,10695.0,83124427.0,8678940822.0,8762065249.0
SF_winter_stagnation,0.667,0.757,0.625,0.712,27073.0,61801.0,4112.0,9631.0,16804.0,20877.0,29969.0,11501.0,83127356.0,8707147480.0,8790274836.0
SF_winter_stagnation,0.733,0.779,0.45,0.712,29781.0,63550.0,2960.0,9631.0,13499.0,21454.0,30121.0,10716.0,83136822.0,8519605739.0,8602742561.0
SF_winter_stagnation,0.733,0.757,0.8,0.45,29781.0,61801.0,5263.0,6083.0,16494.0,20751.0,30112.0,11203.0,83140372.0,8695830716.0,8778971087.0
SF_winter_stagnation,0.667,0.8,0.625,0.625,27073.0,65300.0,4112.0,8448.0,14489.0,21195.0,30199.0,10677.0,83143056.0,8579796565.0,8662939621.0
SF_winter_stagnation,0.733,0.779,0.8,0.538,29781.0,63550.0,5263.0,7265.0,13562.0,21349.0,30235.0,10479.0,83143519.0,8534581087.0,8617724606.0
SF_winter_stagnation,0.7,0.8,0.625,0.45,28427.0,65300.0,4112.0,6083.0,15500.0,21119.0,30425.0,10136.0,83168633.0,8635443793.0,8718612426.0
SF_winter_stagnation,0.7,0.779,0.8,0.712,28427.0,63550.0,5263.0,9631.0,12550.0,21424.0,30123.0,10774.0,83170202.0,8478933859.0,8562104061.0
SF_winter_stagnation,0.633,0.757,0.712,0.45,25720.0,61801.0,4687.0,6083.0,21130.0,20543.0,29299.0,13629.0,83173093.0,8947966602.0,9031139695.0
SF_winter_stagnation,0.767,0.779,0.625,0.712,31134.0,63550.0,4112.0,9631.0,10994.0,21411.0,30316.0,10266.0,83183436.0,8387592299.0,8470775735.0
SF_winter_stagnation,0.7,0.779,0.45,0.712,28427.0,63550.0,2960.0,9631.0,14853.0,21422.0,30152.0,10716.0,83186148.0,8594057405.0,8677243553.0
SF_winter_stagnation,0.7,0.779,0.8,0.538,28427.0,63550.0,5263.0,7265.0,14916.0,21318.0,30265.0,10479.0,83192845.0,8609032754.0,8692225598.0
SF_winter_stagnation,0.733,0.8,0.625,0.712,29781.0,65300.0,4112.0,9631.0,10599.0,21347.0,30278.0,10431.0,83196963.0,8365843784.0,8449040747.0
SF_winter_stagnation,0.7,0.779,0.538,0.538,28427.0,63550.0,3536.0,7265.0,16642.0,21321.0,30276.0,10452.0,83197211.0,8695375414.0,8778572624.0
SF_winter_stagnation,0.7,0.757,0.625,0.538,28427.0,61801.0,4112.0,7265.0,17816.0,20808.0,30126.0,11205.0,83200297.0,8762794708.0,8845995005.0
SF_winter_stagnation,0.733,0.757,0.45,0.625,29781.0,61801.0,2960.0,8448.0,16431.0,20862.0,29940.0,11687.0,83202741.0,8680855367.0,8764058108.0
SF_winter_stagnation,0.7,0.779,0.8,0.625,28427.0,63550.0,5263.0,8448.0,13733.0,21342.0,30077.0,11021.0,83220949.0,8543983306.0,8627204256.0
SF_winter_stagnation,0.733,0.8,0.625,0.538,29781.0,65300.0,4112.0,7265.0,12964.0,21241.0,30421.0,10136.0,83222107.0,8495942679.0,8579164786.0
SF_winter_stagnation,0.633,0.757,0.538,0.712,25720.0,61801.0,3536.0,9631.0,18733.0,20739.0,29211.0,13812.0,83223509.0,8810380033.0,8893603543.0
SF_winter_stagnation,0.667,0.779,0.8,0.8,27073.0,63550.0,5263.0,10813.0,12721.0,21394.0,30330.0,10344.0,83265759.0,8488336078.0,8571601837.0
SF_winter_stagnation,0.733,0.8,0.538,0.45,29781.0,65300.0,3536.0,6083.0,14722.0,21155.0,30478.0,10107.0,83277908.0,8589773013.0,8673050922.0
SF_winter_stagnation,0.733,0.779,0.8,0.712,29781.0,63550.0,5263.0,9631.0,11196.0,21456.0,30167.0,10774.0,83279610.0,8404482192.0,8487761803.0
SF_winter_stagnation,0.667,0.779,0.45,0.8,27073.0,63550.0,2960.0,10813.0,15024.0,21392.0,30359.0,10286.0,83281705.0,8603459625.0,8686741330.0
SF_winter_stagnation,0.767,0.757,0.625,0.712,31134.0,61801.0,4112.0,9631.0,12743.0,20902.0,30223.0,10990.0,83288320.0,8483792480.0,8567080800.0
SF_winter_stagnation,0.633,0.779,0.625,0.538,25720.0,63550.0,4112.0,7265.0,18774.0,21137.0,29507.0,12819.0,83289511.0,8815497860.0,8898787371.0
SF_winter_stagnation,0.633,0.757,0.8,0.712,25720.0,61801.0,5263.0,9631.0,17007.0,20736.0,29236.0,13838.0,83296455.0,8724037373.0,8807333829.0
SF_winter_stagnation,0.7,0.8,0.625,0.625,28427.0,65300.0,4112.0,8448.0,13135.0,21233.0,30264.0,10677.0,83299537.0,8505344898.0,8588644436.0
SF_winter_stagnation,0.767,0.757,0.625,0.538,31134.0,61801.0,4112.0,7265.0,15109.0,20795.0,30365.0,10695.0,83310963.0,8613891375.0,8697202337.0
SF_winter_stagnation,0.633,0.8,0.8,0.625,25720.0,65300.0,5263.0,8448.0,14691.0,21054.0,29466.0,13015.0,83312156.0,8596686458.0,8679998614.0
SF_winter_stagnation,0.767,0.779,0.625,0.625,31134.0,63550.0,4112.0,8448.0,12177.0,21328.0,30308.0,10512.0,83313346.0,8452641746.0,8535955092.0
SF_winter_stagnation,0.633,0.8,0.538,0.625,25720.0,65300.0,3536.0,8448.0,16418.0,21057.0,29477.0,12988.0,83316522.0,8683029118.0,8766345640.0
SF_winter_stagnation,0.733,0.779,0.8,0.625,29781.0,63550.0,5263.0,8448.0,12379.0,21373.0,30121.0,11021.0,83329291.0,8469531640.0,8552860931.0
SF_winter_stagnation,0.733,0.757,0.538,0.538,29781.0,61801.0,3536.0,7265.0,17038.0,20844.0,30189.0,11177.0,83331274.0,8717123928.0,8800455202.0
SF_winter_stagnation,0.667,0.779,0.712,0.538,27073.0,63550.0,4687.0,7265.0,16845.0,21283.0,30310.0,10565.0,83337701.0,8712265307.0,8795603008.0
SF_winter_stagnation,0.767,0.757,0.625,0.625,31134.0,61801.0,4112.0,8448.0,13926.0,20819.0,30177.0,11237.0,83339067.0,8548841927.0,8632180995.0
SF_winter_stagnation,0.733,0.757,0.45,0.712,29781.0,61801.0,2960.0,9631.0,15248.0,20945.0,30075.0,11441.0,83341913.0,8615805920.0,8699147833.0
SF_winter_stagnation,0.733,0.757,0.8,0.538,29781.0,61801.0,5263.0,7265.0,15311.0,20841.0,30189.0,11203.0,83348610.0,8630781268.0,8714129878.0
SF_winter_stagnation,0.7,0.8,0.625,0.538,28427.0,65300.0,4112.0,7265.0,14318.0,21209.0,30496.0,10136.0,83366163.0,8570394346.0,8653760509.0
SF_winter_stagnation,0.767,0.8,0.712,0.8,31134.0,65300.0,4687.0,10813.0,7487.0,21316.0,30678.0,9575.0,83373827.0,8197561784.0,8280935611.0
SF_winter_stagnation,0.7,0.8,0.712,0.538,28427.0,65300.0,4687.0,7265.0,13742.0,21214.0,30469.0,10220.0,83374820.0,8541613459.0,8624988279.0
SF_winter_stagnation,0.733,0.8,0.625,0.8,29781.0,65300.0,4112.0,10813.0,9416.0,21355.0,30518.0,10001.0,83382595.0,8300794337.0,8384176931.0
SF_winter_stagnation,0.733,0.8,0.625,0.625,29781.0,65300.0,4112.0,8448.0,11781.0,21264.0,30298.0,10677.0,83388957.0,8430893232.0,8514282189.0
SF_winter_stagnation,0.667,0.779,0.625,0.625,27073.0,63550.0,4112.0,8448.0,16238.0,21302.0,30171.0,11022.0,83401765.0,8675996746.0,8759398511.0
SF_winter_stagnation,0.633,0.8,0.8,0.8,25720.0,65300.0,5263.0,10813.0,12326.0,21145.0,29733.0,12339.0,83403410.0,8466587564.0,8549990974.0
SF_winter_stagnation,0.7,0.779,0.625,0.45,28427.0,63550.0,4112.0,6083.0,17249.0,21227.0,30386.0,10480.0,83405640.0,8731643974.0,8815049615.0
SF_winter_stagnation,0.7,0.757,0.538,0.625,28427.0,61801.0,3536.0,8448.0,17209.0,20836.0,30032.0,11719.0,83408704.0,8726526147.0,8809934852.0
SF_winter_stagnation,0.733,0.757,0.8,0.712,29781.0,61801.0,5263.0,9631.0,12946.0,20947.0,30086.0,11499.0,83410448.0,8500682373.0,8584092821.0
SF_winter_stagnation,0.7,0.757,0.8,0.625,28427.0,61801.0,5263.0,8448.0,15482.0,20833.0,30031.0,11745.0,83426040.0,8640183487.0,8723609527.0
SF_winter_stagnation,0.633,0.757,0.712,0.538,25720.0,61801.0,4687.0,7265.0,19948.0,20633.0,29402.0,13629.0,83436941.0,8882917155.0,8966354095.0
SF_winter_stagnation,0.633,0.8,0.538,0.712,25720.0,65300.0,3536.0,9631.0,15235.0,21140.0,29612.0,12742.0,83455694.0,8617979671.0,8701435365.0
SF_winter_stagnation,0.633,0.757,0.45,0.8,25720.0,61801.0,2960.0,10813.0,18126.0,20742.0,29487.0,13350.0,83458257.0,8774111472.0,8857569730.0
SF_winter_stagnation,0.633,0.8,0.712,0.45,25720.0,65300.0,4687.0,6083.0,17632.0,20944.0,29727.0,12559.0,83460888.0,8755566240.0,8839027127.0
SF_winter_stagnation,0.7,0.8,0.538,0.8,28427.0,65300.0,3536.0,10813.0,11345.0,21328.0,30574.0,9973.0,83465979.0,8404026890.0,8487492869.0
SF_winter_stagnation,0.633,0.779,0.538,0.625,25720.0,63550.0,3536.0,8448.0,18167.0,21165.0,29413.0,13333.0,83497919.0,8779229299.0,8862727218.0
SF_winter_stagnation,0.633,0.757,0.625,0.625,25720.0,61801.0,4112.0,8448.0,19340.0,20652.0,29262.0,14086.0,83501005.0,8846648594.0,8930149599.0
SF_winter_stagnation,0.7,0.8,0.712,0.712,28427.0,65300.0,4687.0,9631.0,11377.0,21321.0,30401.0,10516.0,83510912.0,8411514564.0,8495025476.0
SF_winter_stagnation,0.767,0.779,0.538,0.8,31134.0,63550.0,3536.0,10813.0,10387.0,21423.0,30633.0,9807.0,83511590.0,8351323738.0,8434835328.0
SF_winter_stagnation,0.767,0.779,0.625,0.45,31134.0,63550.0,4112.0,6083.0,14542.0,21214.0,30626.0,9970.0,83516306.0,8582740641.0,8666256947.0
SF_winter_stagnation,0.667,0.779,0.625,0.712,27073.0,63550.0,4112.0,9631.0,15055.0,21385.0,30295.0,10776.0,83519235.0,8610947299.0,8694466534.0
SF_winter_stagnation,0.767,0.757,0.538,0.625,31134.0,61801.0,3536.0,8448.0,14501.0,20823.0,30271.0,11208.0,83519370.0,8577622814.0,8661142184.0
SF_winter_stagnation,0.733,0.779,0.8,0.45,29781.0,63550.0,5263.0,6083.0,14745.0,21259.0,30439.0,10479.0,83532251.0,8599630534.0,8683162786.0
SF_winter_stagnation,0.733,0.779,0.538,0.45,29781.0,63550.0,3536.0,6083.0,16471.0,21262.0,30449.0,10452.0,83536617.0,8685973194.0,8769509812.0
SF_winter_stagnation,0.733,0.757,0.625,0.45,29781.0,61801.0,4112.0,6083.0,17645.0,20750.0,30299.0,11205.0,83539703.0,8753392489.0,8836932192.0
SF_winter_stagnation,0.733,0.8,0.712,0.538,29781.0,65300.0,4687.0,7265.0,12388.0,21246.0,30543.0,10220.0,83548308.0,8467161792.0,8550710101.0
SF_winter_stagnation,0.667,0.757,0.712,0.625,27073.0,61801.0,4687.0,8448.0,17411.0,20799.0,30066.0,11831.0,83549195.0,8743416041.0,8826965235.0
SF_winter_stagnation,0.7,0.757,0.712,0.45,28427.0,61801.0,4687.0,6083.0,18423.0,20723.0,30281.0,11290.0,83553070.0,8799063269.0,8882616339.0
SF_winter_stagnation,0.7,0.757,0.8,0.712,28427.0,61801.0,5263.0,9631.0,14299.0,20916.0,30161.0,11499.0,83554504.0,8575134040.0,8658688544.0
SF_winter_stagnation,0.767,0.779,0.712,0.712,31134.0,63550.0,4687.0,9631.0,10418.0,21415.0,30460.0,10350.0,83556523.0,8358811412.0,8442367935.0
SF_winter_stagnation,0.633,0.779,0.8,0.625,25720.0,63550.0,5263.0,8448.0,16440.0,21162.0,29438.0,13360.0,83570865.0,8692886640.0,8776457504.0
SF_winter_stagnation,0.7,0.779,0.45,0.8,28427.0,63550.0,2960.0,10813.0,13670.0,21430.0,30489.0,10286.0,83577533.0,8529007958.0,8612585491.0
SF_winter_stagnation,0.767,0.779,0.712,0.538,31134.0,63550.0,4687.0,7265.0,12784.0,21309.0,30602.0,10054.0,83578177.0,8488910307.0,8572488484.0
SF_winter_stagnation,0.7,0.757,0.538,0.712,28427.0,61801.0,3536.0,9631.0,16026.0,20919.0,30182.0,11473.0,83580712.0,8661476700.0,8745057412.0
SF_winter_stagnation,0.733,0.8,0.625,0.45,29781.0,65300.0,4112.0,6083.0,14147.0,21151.0,30613.0,10136.0,83586260.0,8560992127.0,8644578387.0
SF_winter_stagnation,0.733,0.779,0.45,0.625,29781.0,63550.0,2960.0,8448.0,14682.0,21371.0,30267.0,10962.0,83594620.0,8584655186.0,8668249806.0
SF_winter_stagnation,0.667,0.8,0.712,0.8,27073.0,65300.0,4687.0,10813.0,11548.0,21291.0,30608.0,10086.0,83606469.0,8420916784.0,8504523253.0
SF_winter_stagnation,0.767,0.757,0.538,0.8,31134.0,61801.0,3536.0,10813.0,12136.0,20914.0,30537.0,10532.0,83610625.0,8447523919.0,8531134544.0
SF_winter_stagnation,0.767,0.779,0.712,0.8,31134.0,63550.0,4687.0,10813.0,9236.0,21424.0,30642.0,9920.0,83617270.0,8293761965.0,8377379234.0
SF_winter_stagnation,0.767,0.779,0.712,0.45,31134.0,63550.0,4687.0,6083.0,13967.0,21219.0,30653.0,10054.0,83642239.0,8553959754.0,8637601993.0
SF_winter_stagnation,0.633,0.779,0.712,0.45,25720.0,63550.0,4687.0,6083.0,19381.0,21052.0,29662.0,12904.0,83642284.0,8851766421.0,8935408705.0
SF_winter_stagnation,0.7,0.779,0.625,0.538,28427.0,63550.0,4112.0,7265.0,16067.0,21317.0,30478.0,10480.0,83646713.0,8666594527.0,8750241240.0
SF_winter_stagnation,0.767,0.757,0.712,0.712,31134.0,61801.0,4687.0,9631.0,12167.0,20907.0,30364.0,11075.0,83655558.0,8455011593.0,8538667151.0
SF_winter_stagnation,0.7,0.8,0.625,0.8,28427.0,65300.0,4112.0,10813.0,10770.0,21324.0,30656.0,10001.0,83661046.0,8375246004.0,8458907049.0
SF_winter_stagnation,0.633,0.8,0.45,0.8,25720.0,65300.0,2960.0,10813.0,14628.0,21143.0,29879.0,12280.0,83668740.0,8581711110.0,8665379850.0
SF_winter_stagnation,0.767,0.757,0.712,0.45,31134.0,61801.0,4687.0,6083.0,15716.0,20710.0,30531.0,10779.0,83685438.0,8650159936.0,8733845373.0
SF_winter_stagnation,0.767,0.779,0.712,0.625,31134.0,63550.0,4687.0,8448.0,11601.0,21333.0,30451.0,10596.0,83685504.0,8423860860.0,8507546364.0
SF_winter_stagnation,0.733,0.779,0.45,0.8,29781.0,63550.0,2960.0,10813.0,12316.0,21462.0,30533.0,10286.0,83685875.0,8454556291.0,8538242166.0
SF_winter_stagnation,0.633,0.779,0.538,0.712,25720.0,63550.0,3536.0,9631.0,16984.0,21248.0,29574.0,13087.0,83692701.0,8714179852.0,8797872553.0
SF_winter_stagnation,0.667,0.757,0.8,0.8,27073.0,61801.0,5263.0,10813.0,14470.0,20886.0,30389.0,11069.0,83694678.0,8584536259.0,8668230937.0
SF_winter_stagnation,0.633,0.757,0.625,0.712,25720.0,61801.0,4112.0,9631.0,18158.0,20735.0,29423.0,13840.0,83695787.0,8781599147.0,8865294933.0
SF_winter_stagnation,0.667,0.757,0.538,0.8,27073.0,61801.0,3536.0,10813.0,16197.0,20889.0,30400.0,11042.0,83699044.0,8670878919.0,8754577963.0
SF_winter_stagnation,0.633,0.779,0.8,0.712,25720.0,63550.0,5263.0,9631.0,15257.0,21244.0,29573.0,13114.0,83710037.0,8627837192.0,8711547229.0
SF_winter_stagnation,0.733,0.8,0.712,0.45,29781.0,65300.0,4687.0,6083.0,13571.0,21156.0,30642.0,10220.0,83714227.0,8532211240.0,8615925467.0
SF_winter_stagnation,0.7,0.779,0.8,0.8,28427.0,63550.0,5263.0,10813.0,11367.0,21433.0,30535.0,10344.0,83720321.0,8413884411.0,8497604733.0
SF_winter_stagnation,0.733,0.8,0.538,0.8,29781.0,65300.0,3536.0,10813.0,9991.0,21359.0,30687.0,9973.0,83722988.0,8329575224.0,8413298212.0
SF_winter_stagnation,0.633,0.8,0.712,0.538,25720.0,65300.0,4687.0,7265.0,16449.0,21034.0,29830.0,12559.0,83724736.0,8690516792.0,8774241528.0
SF_winter_stagnation,0.667,0.757,0.712,0.712,27073.0,61801.0,4687.0,9631.0,16228.0,20882.0,30227.0,11585.0,83743977.0,8678366593.0,8762110570.0
SF_winter_stagnation,0.733,0.779,0.538,0.538,29781.0,63550.0,3536.0,7265.0,15289.0,21352.0,30526.0,10452.0,83744855.0,8620923747.0,8704668602.0
SF_winter_stagnation,0.7,0.8,0.712,0.45,28427.0,65300.0,4687.0,6083.0,14925.0,21124.0,30672.0,10220.0,83763552.0,8606662907.0,8690426459.0
SF_winter_stagnation,0.633,0.8,0.625,0.625,25720.0,65300.0,4112.0,8448.0,15842.0,21053.0,29679.0,13017.0,83766025.0,8654248232.0,8738014256.0
SF_winter_stagnation,0.733,0.8,0.712,0.712,29781.0,65300.0,4687.0,9631.0,10023.0,21352.0,30514.0,10516.0,83767921.0,8337062898.0,8420830819.0
SF_winter_stagnation,0.7,0.757,0.45,0.8,28427.0,61801.0,2960.0,10813.0,15419.0,20922.0,30443.0,11010.0,83782624.0,8625208139.0,8708990763.0
SF_winter_stagnation,0.733,0.757,0.625,0.538,29781.0,61801.0,4112.0,7265.0,16462.0,20840.0,30402.0,11205.0,83803551.0,8688343041.0,8772146593.0
SF_winter_stagnation,0.733,0.779,0.538,0.712,29781.0,63550.0,3536.0,9631.0,12923.0,21459.0,30423.0,10748.0,83806694.0,8490824852.0,8574631546.0
SF_winter_stagnation,0.7,0.8,0.712,0.625,28427.0,65300.0,4687.0,8448.0,12559.0,21238.0,30472.0,10762.0,83809975.0,8476564012.0,8560373987.0
SF_winter_stagnation,0.7,0.779,0.625,0.712,28427.0,63550.0,4112.0,9631.0,13701.0,21424.0,30425.0,10776.0,83815063.0,8536495632.0,8620310695.0
SF_winter_stagnation,0.767,0.757,0.712,0.625,31134.0,61801.0,4687.0,8448.0,13350.0,20824.0,30370.0,11321.0,83816342.0,8520061041.0,8603877383.0
SF_winter_stagnation,0.7,0.757,0.712,0.538,28427.0,61801.0,4687.0,7265.0,17240.0,20813.0,30384.0,11290.0,83816918.0,8734013821.0,8817830739.0
SF_winter_stagnation,0.7,0.779,0.538,0.625,28427.0,63550.0,3536.0,8448.0,15460.0,21345.0,30368.0,10994.0,83822286.0,8630325966.0,8714148252.0
SF_winter_stagnation,0.767,0.757,0.625,0.8,31134.0,61801.0,4112.0,10813.0,11560.0,20910.0,30635.0,10560.0,83838439.0,8418743033.0,8502581472.0
SF_winter_stagnation,0.733,0.757,0.8,0.625,29781.0,61801.0,5263.0,8448.0,14128.0,20864.0,30219.0,11745.0,83843667.0,8565731821.0,8649575488.0
SF_winter_stagnation,0.7,0.757,0.8,0.8,28427.0,61801.0,5263.0,10813.0,13116.0,20924.0,30454.0,11069.0,83851159.0,8510084593.0,8593935752.0
SF_winter_stagnation,0.733,0.757,0.8,0.8,29781.0,61801.0,5263.0,10813.0,11763.0,20955.0,30451.0,11069.0,83862182.0,8435632926.0,8519495108.0
SF_winter_stagnation,0.733,0.8,0.712,0.8,29781.0,65300.0,4687.0,10813.0,8840.0,21360.0,30714.0,10086.0,83867182.0,8272013450.0,8355880632.0
SF_winter_stagnation,0.7,0.757,0.625,0.625,28427.0,61801.0,4112.0,8448.0,16633.0,20832.0,30244.0,11747.0,83880982.0,8697745261.0,8781626242.0
SF_winter_stagnation,0.767,0.779,0.625,0.8,31134.0,63550.0,4112.0,10813.0,9811.0,21419.0,30800.0,9835.0,83886818.0,8322542851.0,8406429669.0
SF_winter_stagnation,0.633,0.779,0.712,0.538,25720.0,63550.0,4687.0,7265.0,18198.0,21142.0,29765.0,12904.0,83906132.0,8786716974.0,8870623106.0
SF_winter_stagnation,0.633,0.8,0.625,0.712,25720.0,65300.0,4112.0,9631.0,14660.0,21136.0,29815.0,12770.0,83906269.0,8589198784.0,8673105054.0
SF_winter_stagnation,0.667,0.779,0.625,0.8,27073.0,63550.0,4112.0,10813.0,13872.0,21393.0,30633.0,10346.0,83910620.0,8545897851.0,8629808472.0
SF_winter_stagnation,0.733,0.8,0.712,0.625,29781.0,65300.0,4687.0,8448.0,11206.0,21269.0,30516.0,10762.0,83919384.0,8402112345.0,8486031729.0
SF_winter_stagnation,0.733,0.779,0.625,0.712,29781.0,63550.0,4112.0,9631.0,12348.0,21455.0,30469.0,10776.0,83923405.0,8462043965.0,8545967370.0
SF_winter_stagnation,0.633,0.779,0.45,0.8,25720.0,63550.0,2960.0,10813.0,16377.0,21250.0,29850.0,12625.0,83927449.0,8677911291.0,8761838740.0
SF_winter_stagnation,0.767,0.757,0.712,0.538,31134.0,61801.0,4687.0,7265.0,14533.0,20800.0,30623.0,10779.0,83927584.0,8585110488.0,8669038072.0
SF_winter_stagnation,0.7,0.779,0.538,0.712,28427.0,63550.0,3536.0,9631.0,14277.0,21428.0,30498.0,10748.0,83950750.0,8565276519.0,8649227268.0
SF_winter_stagnation,0.667,0.779,0.712,0.625,27073.0,63550.0,4687.0,8448.0,15662.0,21307.0,30402.0,11107.0,83962776.0,8647215860.0,8731178636.0
SF_winter_stagnation,0.633,0.779,0.625,0.625,25720.0,63550.0,4112.0,8448.0,17591.0,21161.0,29625.0,13361.0,83970196.0,8750448413.0,8834418609.0
SF_winter_stagnation,0.733,0.779,0.8,0.8,29781.0,63550.0,5263.0,10813.0,10014.0,21464.0,30648.0,10344.0,83977331.0,8339432745.0,8423410076.0
SF_winter_stagnation,0.733,0.779,0.625,0.45,29781.0,63550.0,4112.0,6083.0,15896.0,21258.0,30651.0,10480.0,83986120.0,8657192308.0,8741178428.0
SF_winter_stagnation,0.733,0.757,0.538,0.625,29781.0,61801.0,3536.0,8448.0,15855.0,20868.0,30297.0,11719.0,83989184.0,8652074481.0,8736063665.0
SF_winter_stagnation,0.7,0.757,0.625,0.712,28427.0,61801.0,4112.0,9631.0,15450.0,20915.0,30379.0,11501.0,84020154.0,8632695813.0,8716715967.0
SF_winter_stagnation,0.7,0.779,0.712,0.45,28427.0,63550.0,4687.0,6083.0,16674.0,21232.0,30644.0,10565.0,84022261.0,8702863088.0,8786885349.0
SF_winter_stagnation,0.667,0.779,0.538,0.8,27073.0,63550.0,3536.0,10813.0,14448.0,21397.0,30727.0,10317.0,84090923.0,8574678738.0,8658769661.0
SF_winter_stagnation,0.667,0.757,0.625,0.8,27073.0,61801.0,4112.0,10813.0,15621.0,20885.0,30586.0,11071.0,84115711.0,8642098033.0,8726213744.0
SF_winter_stagnation,0.633,0.757,0.712,0.625,25720.0,61801.0,4687.0,8448.0,18765.0,20657.0,29520.0,14171.0,84117626.0,8817867707.0,8901985333.0
SF_winter_stagnation,0.733,0.757,0.538,0.712,29781.0,61801.0,3536.0,9631.0,14672.0,20950.0,30432.0,11473.0,84129429.0,8587025033.0,8671154462.0
SF_winter_stagnation,0.667,0.779,0.712,0.712,27073.0,63550.0,4687.0,9631.0,14479.0,21390.0,30553.0,10861.0,84135856.0,8582166412.0,8666302268.0
SF_winter_stagnation,0.733,0.757,0.712,0.45,29781.0,61801.0,4687.0,6083.0,17069.0,20755.0,30557.0,11290.0,84156324.0,8724611602.0,8808767927.0
SF_winter_stagnation,0.633,0.779,0.625,0.712,25720.0,63550.0,4112.0,9631.0,16409.0,21244.0,29786.0,13115.0,84164978.0,8685398965.0,8769563944.0
SF_winter_stagnation,0.733,0.779,0.625,0.538,29781.0,63550.0,4112.0,7265.0,14713.0,21348.0,30728.0,10480.0,84195430.0,8592142860.0,8676338291.0
SF_winter_stagnation,0.733,0.757,0.45,0.8,29781.0,61801.0,2960.0,10813.0,14065.0,20953.0,30632.0,11010.0,84200251.0,8550756472.0,8634956723.0
SF_winter_stagnation,0.7,0.8,0.712,0.8,28427.0,65300.0,4687.0,10813.0,10194.0,21329.0,30882.0,10086.0,84208632.0,8346465117.0,8430673749.0
SF_winter_stagnation,0.733,0.779,0.625,0.625,29781.0,63550.0,4112.0,8448.0,13530.0,21372.0,30540.0,11022.0,84223535.0,8527093413.0,8611316948.0
SF_winter_stagnation,0.7,0.779,0.712,0.538,28427.0,63550.0,4687.0,7265.0,15491.0,21322.0,30721.0,10565.0,84230499.0,8637813640.0,8722044139.0
SF_winter_stagnation,0.733,0.779,0.538,0.625,29781.0,63550.0,3536.0,8448.0,14106.0,21376.0,30557.0,10994.0,84239912.0,8555874299.0,8640114212.0
SF_winter_stagnation,0.633,0.8,0.625,0.8,25720.0,65300.0,4112.0,10813.0,13477.0,21144.0,30128.0,12340.0,84246731.0,8524149337.0,8608396068.0
SF_winter_stagnation,0.7,0.779,0.538,0.8,28427.0,63550.0,3536.0,10813.0,13094.0,21436.0,30791.0,10317.0,84247405.0,8500227071.0,8584474476.0
SF_winter_stagnation,0.733,0.779,0.538,0.8,29781.0,63550.0,3536.0,10813.0,11741.0,21467.0,30785.0,10317.0,84250630.0,8425775405.0,8510026035.0
SF_winter_stagnation,0.633,0.757,0.538,0.8,25720.0,61801.0,3536.0,10813.0,17551.0,20747.0,29855.0,13381.0,84267475.0,8745330586.0,8829598061.0
SF_winter_stagnation,0.7,0.779,0.625,0.625,28427.0,63550.0,4112.0,8448.0,14884.0,21341.0,30571.0,11022.0,84272861.0,8601545080.0,8685817940.0
SF_winter_stagnation,0.633,0.757,0.8,0.8,25720.0,61801.0,5263.0,10813.0,15824.0,20744.0,29854.0,13408.0,84284811.0,8658987926.0,8743272737.0
SF_winter_stagnation,0.7,0.779,0.712,0.712,28427.0,63550.0,4687.0,9631.0,13126.0,21428.0,30618.0,10861.0,84292338.0,8507714745.0,8592007083.0
SF_winter_stagnation,0.633,0.757,0.712,0.712,25720.0,61801.0,4687.0,9631.0,17582.0,20740.0,29681.0,13924.0,84312408.0,8752818260.0,8837130668.0
SF_winter_stagnation,0.633,0.8,0.538,0.8,25720.0,65300.0,3536.0,10813.0,14052.0,21148.0,30169.0,12312.0,84314032.0,8552930224.0,8637244255.0
SF_winter_stagnation,0.633,0.8,0.712,0.625,25720.0,65300.0,4687.0,8448.0,15267.0,21058.0,29922.0,13101.0,84349810.0,8625467345.0,8709817155.0
SF_winter_stagnation,0.633,0.8,0.712,0.712,25720.0,65300.0,4687.0,9631.0,14084.0,21141.0,29995.0,12855.0,84358965.0,8560417898.0,8644776862.0
SF_winter_stagnation,0.767,0.757,0.712,0.8,31134.0,61801.0,4687.0,10813.0,10985.0,20915.0,30855.0,10645.0,84374832.0,8389962146.0,8474336977.0
SF_winter_stagnation,0.733,0.779,0.712,0.712,29781.0,63550.0,4687.0,9631.0,11772.0,21460.0,30652.0,10861.0,84381757.0,8433263079.0,8517644836.0
SF_winter_stagnation,0.667,0.779,0.712,0.8,27073.0,63550.0,4687.0,10813.0,13297.0,21398.0,30825.0,10430.0,84387895.0,8517116965.0,8601504860.0
SF_winter_stagnation,0.733,0.757,0.712,0.538,29781.0,61801.0,4687.0,7265.0,15887.0,20845.0,30649.0,11290.0,84397398.0,8659562155.0,8743959552.0
SF_winter_stagnation,0.733,0.757,0.625,0.625,29781.0,61801.0,4112.0,8448.0,15279.0,20864.0,30494.0,11747.0,84428626.0,8623293594.0,8707722220.0
SF_winter_stagnation,0.733,0.757,0.625,0.712,29781.0,61801.0,4112.0,9631.0,14097.0,20947.0,30568.0,11501.0,84437780.0,8558244147.0,8642681927.0
SF_winter_stagnation,0.733,0.757,0.538,0.8,29781.0,61801.0,3536.0,10813.0,13490.0,20959.0,30746.0,11042.0,84469890.0,8521975586.0,8606445476.0
SF_winter_stagnation,0.7,0.757,0.712,0.625,28427.0,61801.0,4687.0,8448.0,16058.0,20837.0,30491.0,11831.0,84474828.0,8668964374.0,8753439202.0
SF_winter_stagnation,0.733,0.757,0.712,0.712,29781.0,61801.0,4687.0,9631.0,13521.0,20951.0,30596.0,11585.0,84565747.0,8529463260.0,8614029007.0
SF_winter_stagnation,0.633,0.779,0.8,0.8,25720.0,63550.0,5263.0,10813.0,14075.0,21253.0,30130.0,12683.0,84568375.0,8562787745.0,8647356119.0
SF_winter_stagnation,0.733,0.779,0.712,0.45,29781.0,63550.0,4687.0,6083.0,15320.0,21263.0,30894.0,10565.0,84569906.0,8628411421.0,8712981327.0
SF_winter_stagnation,0.7,0.757,0.538,0.8,28427.0,61801.0,3536.0,10813.0,14843.0,20927.0,30800.0,11042.0,84570140.0,8596427252.0,8680997392.0
SF_winter_stagnation,0.633,0.779,0.712,0.625,25720.0,63550.0,4687.0,8448.0,17016.0,21166.0,29883.0,13446.0,84586817.0,8721667526.0,8806254344.0
SF_winter_stagnation,0.7,0.779,0.625,0.8,28427.0,63550.0,4112.0,10813.0,12519.0,21432.0,30954.0,10346.0,84613499.0,8471446185.0,8556059683.0
SF_winter_stagnation,0.7,0.757,0.712,0.712,28427.0,61801.0,4687.0,9631.0,14875.0,20920.0,30626.0,11585.0,84615073.0,8603914927.0,8688529999.0
SF_winter_stagnation,0.733,0.779,0.712,0.538,29781.0,63550.0,4687.0,7265.0,14137.0,21353.0,30909.0,10565.0,84648126.0,8563361974.0,8648010100.0
SF_winter_stagnation,0.633,0.779,0.538,0.8,25720.0,63550.0,3536.0,10813.0,15802.0,21256.0,30191.0,12657.0,84681056.0,8649130405.0,8733811461.0
SF_winter_stagnation,0.733,0.779,0.712,0.625,29781.0,63550.0,4687.0,8448.0,12955.0,21377.0,30732.0,11107.0,84700810.0,8498312526.0,8583013336.0
SF_winter_stagnation,0.667,0.757,0.712,0.8,27073.0,61801.0,4687.0,10813.0,15046.0,20890.0,30834.0,11155.0,84710630.0,8613317146.0,8698027776.0
SF_winter_stagnation,0.733,0.779,0.625,0.8,29781.0,63550.0,4112.0,10813.0,11165.0,21463.0,30998.0,10346.0,84722907.0,8396994518.0,8481717425.0
SF_winter_stagnation,0.633,0.779,0.712,0.712,25720.0,63550.0,4687.0,9631.0,15833.0,21248.0,30018.0,13200.0,84725989.0,8656618079.0,8741344068.0
SF_winter_stagnation,0.633,0.757,0.625,0.8,25720.0,61801.0,4112.0,10813.0,16975.0,20743.0,30067.0,13410.0,84739752.0,8716549699.0,8801289452.0
SF_winter_stagnation,0.633,0.8,0.712,0.8,25720.0,65300.0,4687.0,10813.0,12901.0,21149.0,30344.0,12425.0,84774929.0,8495368450.0,8580143380.0
SF_winter_stagnation,0.7,0.779,0.712,0.8,28427.0,63550.0,4687.0,10813.0,11943.0,21437.0,31020.0,10430.0,84822468.0,8442665298.0,8527487766.0
SF_winter_stagnation,0.7,0.779,0.712,0.625,28427.0,63550.0,4687.0,8448.0,14308.0,21346.0,30807.0,11107.0,84844866.0,8572764193.0,8657609059.0
SF_winter_stagnation,0.733,0.757,0.625,0.8,29781.0,61801.0,4112.0,10813.0,12914.0,20955.0,30916.0,11071.0,84853745.0,8493194699.0,8578048444.0
SF_winter_stagnation,0.7,0.757,0.625,0.8,28427.0,61801.0,4112.0,10813.0,14268.0,20923.0,30991.0,11071.0,84997801.0,8567646366.0,8652644167.0
SF_winter_stagnation,0.7,0.757,0.712,0.8,28427.0,61801.0,4687.0,10813.0,13692.0,20928.0,30964.0,11155.0,85006458.0,8538865479.0,8623871937.0
SF_winter_stagnation,0.733,0.757,0.712,0.625,29781.0,61801.0,4687.0,8448.0,14704.0,20869.0,30741.0,11831.0,85023545.0,8594512707.0,8679536253.0
SF_winter_stagnation,0.733,0.779,0.712,0.8,29781.0,63550.0,4687.0,10813.0,10589.0,21468.0,31114.0,10430.0,85038946.0,8368213631.0,8453252578.0
SF_winter_stagnation,0.733,0.757,0.712,0.8,29781.0,61801.0,4687.0,10813.0,12338.0,20960.0,31007.0,11155.0,85114800.0,8464413813.0,8549528612.0
SF_winter_stagnation,0.633,0.779,0.625,0.8,25720.0,63550.0,4112.0,10813.0,15226.0,21252.0,30404.0,12685.0,85153334.0,8620349518.0,8705502852.0
SF_winter_stagnation,0.633,0.757,0.712,0.8,25720.0,61801.0,4687.0,10813.0,16399.0,20748.0,30325.0,13494.0,85356374.0,8687768813.0,8773125186.0
SF_winter_stagnation,0.633,0.779,0.712,0.8,25720.0,63550.0,4687.0,10813.0,14650.0,21257.0,30651.0,12769.0,85748253.0,8591568631.0,8677316884.0
